syndrome_name,feature,group_1,group_2,n_healthy_group_1,n_healthy_group_2,n_disease_group_1,n_disease_group_2,evidence_level,healthy_mean_group_1,healthy_mean_group_2,disease_mean_group_1,disease_mean_group_2,raw_disease_effect_group_1,raw_disease_effect_group_2,hedges_g_group_1,hedges_g_group_2,delta_hedges_g_group2_minus_group1,abs_delta_hedges_g,interaction_beta_group2_minus_group1,interaction_standard_error,interaction_ci_lower,interaction_ci_upper,interaction_ci_excludes_zero,interaction_p_value,same_effect_direction,direction_reversal,within_syndrome_fdr_q_value,within_syndrome_significant_fdr,global_fdr_q_value,global_significant_fdr,high_priority_interaction,high_confidence_interaction
SOTOS SYNDROME; SOTOS,eye_area_l,South Asian,European,143,143,10,64,moderate,0.010439172715838609,0.008027527712797806,0.016709141704234893,0.0103917359699026,0.006269968988396284,0.0023642082571047936,2.099282793642897,0.7575722292832389,-1.341710564359658,1.341710564359658,-0.0039057607312914574,0.0005541649710768543,-0.004991904116095773,-0.002819617346487142,True,1.8149348547396292e-12,True,False,3.9701699947429386e-10,True,7.019527452890036e-10,True,True,True
WILLIAMS-BEUREN SYNDROME; WBS,eb_thickness_mean,South Asian,European,143,143,49,77,primary,0.015098469052907851,0.014982672375763902,0.017976178085339575,0.015003828267447769,0.002877709032431723,2.11558916838675e-05,1.5948357173711085,0.011513161300961772,-1.5833225560701467,1.5833225560701467,-0.0028565531407478903,0.0004157888293543565,-0.0036714842714564997,-0.002041622010039281,True,6.411117149277981e-12,True,False,1.68291825168547e-08,True,2.2541762169252794e-09,True,True,True
Cornelia de Lange syndrome,eb_position_mean,African,European,143,143,22,177,primary,0.3698424913343086,0.3639088267854248,0.5003725981782785,0.36203979214777954,0.13053010684396993,-0.0018690346376452616,1.7443760882024835,-0.023377716881746856,-1.7677538050842303,1.7677538050842303,-0.13239914148161225,0.019430947606633605,-0.17048309897609887,-0.09431518398712563,True,9.503509735672238e-12,False,True,6.236678264034906e-09,True,3.171856675738323e-09,True,True,True
Cornelia de Lange syndrome,eb_position_l,African,European,143,143,22,177,primary,0.37164749987602547,0.3648818860374633,0.49752946465130815,0.3633888587459425,0.12588196477528268,-0.0014930272915207876,1.6456971793927795,-0.018542346824905166,-1.6642395262176846,1.6642395262176846,-0.12737499206680084,0.01902693111664021,-0.1646670917917401,-0.09008289234186155,True,2.1647238047268198e-11,False,True,9.934787233902232e-09,True,6.559013371464904e-09,True,True,True
Cornelia de Lange syndrome,eb_position_r,African,European,143,143,22,177,primary,0.3680374827925917,0.3629357675333865,0.5032157317052488,0.36069072554961673,0.13517824891265712,-0.002245041983769791,1.799080446315906,-0.027626733037380304,-1.8267071793532863,1.8267071793532863,-0.1374232908964242,0.020549407189961743,-0.17769938889239764,-0.09714719290045074,True,2.2708085106062246e-11,False,True,9.934787233902232e-09,True,6.817610026135127e-09,True,True,True
SOTOS SYNDROME; SOTOS,eye_area_mean,South Asian,European,143,143,10,64,moderate,0.010471270014262601,0.007984457193763596,0.016774149914885385,0.010389296543868883,0.006302879900622784,0.0024048393501052874,2.150660871947398,0.7848307592411939,-1.3658301127062042,1.3658301127062042,-0.003898040550517467,0.0006233363441944754,-0.005119757335393501,-0.0026763237656414326,True,4.013268382540692e-10,True,False,6.196958531864303e-08,True,9.258680566738614e-08,True,True,True
Noonan syndrome,iris_offset_x_l,East Asian,European,143,143,10,68,moderate,0.0019915719122578952,0.023473104901017103,-0.049663145852108584,0.05181561811161771,-0.051654717764366476,0.028342513210600606,-0.8530674779322022,0.4946898082861001,1.3477572862183023,1.3477572862183023,0.07999723097496718,0.012904812111299712,0.05470426400956345,0.10529019794037091,True,5.681462108532441e-10,False,True,2.9827676069795313e-07,True,1.2535440726040534e-07,True,True,True
Cornelia de Lange syndrome,inter_canthal_distance,Latino/Hispanic,European,143,143,71,177,primary,0.24847946144718827,0.25195082398911633,0.2681098340171558,0.2529473384140801,0.019630372569967552,0.0009965144249637903,1.1844915199304926,0.06087401784985394,-1.1236175020806387,1.1236175020806387,-0.018633858145003977,0.0030718011881907836,-0.024654477841525257,-0.012613238448482698,True,1.3105223401463975e-09,True,False,4.300151428605367e-07,True,2.619053005003819e-07,True,True,True
WILLIAMS-BEUREN SYNDROME; WBS,eb_thickness_r,South Asian,European,143,143,49,77,primary,0.015018078740745415,0.014849565664404414,0.01852419199815817,0.014959491802998248,0.0035061132574127542,0.0001099261385938341,1.401008135521146,0.04175533404733134,-1.3592528014738146,1.3592528014738146,-0.0033961871188189522,0.0005675879692993566,-0.0045086390967039175,-0.0022837351409339874,True,2.183351299542822e-09,True,False,1.910432387099969e-06,True,4.1015813698554446e-07,True,True,True
WILLIAMS-BEUREN SYNDROME; WBS,jaw_to_forehead_ratio,South Asian,European,143,143,49,77,primary,1.0708989587374425,1.1000060249357009,0.9897731346379781,1.1066427423948908,-0.08112582409946434,0.0066367174591899225,-1.3740232255765643,0.09714945239387177,1.4711726779704362,1.4711726779704362,0.08776254155865079,0.015014281740407193,0.05833509009371533,0.11718999302358625,True,5.057450655110722e-09,False,True,3.3189519924164114e-06,True,8.682177038473367e-07,True,True,True
Cornelia de Lange syndrome,nose_bridge_width,Latino/Hispanic,European,143,143,71,177,primary,0.07862283236504028,0.0785328176283594,0.08274941882013731,0.07859444342678512,0.004126586455097031,6.162579842572402e-05,1.1424071475283264,0.01775479261789031,-1.1246523549104361,1.1246523549104361,-0.004064960656671413,0.0007021580861768492,-0.005441165217031609,-0.002688756096311217,True,7.070622291249839e-09,True,False,2.06226483494787e-06,True,1.1829348998719514e-06,True,True,True
SOTOS SYNDROME; SOTOS,outer_canthal_distance,African,European,143,143,11,64,moderate,0.6688454411923601,0.6418143240654428,0.7299996265704428,0.6571366587540659,0.061154185378082704,0.015322334688623096,2.347792483024493,0.557970356724601,-1.789822126299892,1.789822126299892,-0.045831850689459414,0.007944133190906257,-0.06140206563202494,-0.030261635746893892,True,7.96155747647591e-09,True,False,9.951946845594888e-07,True,1.3152572966791233e-06,True,True,True
SOTOS SYNDROME; SOTOS,eye_fissure_height_l,South Asian,European,143,143,10,64,moderate,0.0740935779685218,0.05997532946535427,0.10929361137209563,0.07495630959227578,0.03520003340357383,0.014980980126921513,1.9259714774170167,0.73039385700143,-1.1955776204155866,1.1955776204155866,-0.020219053276652146,0.0035363149682153777,-0.027150103252344193,-0.0132880033009601,True,1.0807166703193692e-08,True,False,1.2894914816310654e-06,True,1.7163555814854715e-06,True,True,True
CHARGE SYNDROME,outer_canthal_distance,East Asian,European,143,143,20,20,primary,0.6256130645873745,0.6418143240654428,0.6738737750955176,0.6344020510705826,0.04826071050814307,-0.007412272994860247,1.8235995450522373,-0.26689897039682053,-2.090498515449058,2.090498515449058,-0.05567298350300251,0.009928712217815843,-0.07513290186278437,-0.03621306514322065,True,2.0554128871975964e-08,False,True,2.5692661089969955e-06,True,2.9701845567745488e-06,True,True,True
Cornelia de Lange syndrome,iris_offset_y_l,African,European,143,143,22,177,primary,-0.04825534768493581,-0.04636870299518514,-0.026780603652841184,-0.06715635445019667,0.02147474403209463,-0.020787651455011533,0.7464176028698899,-0.707587246139798,-1.4540048490096877,1.4540048490096877,-0.042262395487106336,0.007668920633546566,-0.0572932037291537,-0.027231587245058975,True,3.57072092759093e-08,False,True,9.373142434926192e-06,True,4.8407196080227565e-06,True,True,True
WILLIAMS-BEUREN SYNDROME; WBS,jaw_bigonial_width,South Asian,European,143,143,49,77,primary,0.7904253763880592,0.8008186518480824,0.7614424166981195,0.8023943642360424,-0.02898295968993969,0.0015757123879599488,-1.2212249461345728,0.063743124668171,1.2849680708027438,1.2849680708027438,0.03055867207789814,0.005578823703361833,0.019624378543210582,0.0414929656125857,True,4.3108649385561665e-08,False,True,2.2632040927419873e-05,True,5.688720178476328e-06,True,True,True
Noonan syndrome,outer_canthal_distance,African,European,143,143,22,68,primary,0.6688454411923601,0.6418143240654428,0.7409665173377286,0.6708624616486565,0.07212107614536845,0.029048137583213673,2.697628652769057,1.0406961584098406,-1.6569324943592163,1.6569324943592163,-0.04307293856215544,0.007908187204546308,-0.05857270066606669,-0.027573176458244184,True,5.1334223916609415e-08,True,False,1.925033396872853e-05,True,6.644144138813128e-06,True,True,True
Cornelia de Lange syndrome,iris_offset_y_r,African,European,143,143,22,177,primary,-0.05133944615821677,-0.04807802626059159,-0.026524772464228297,-0.06564848322281408,0.024814673693988473,-0.017570456962222487,0.872162683367139,-0.6089021568890549,-1.481064840256194,1.481064840256194,-0.04238513065621117,0.007844602488192479,-0.05776026900610172,-0.027009992306320618,True,6.550083100300277e-08,False,True,1.5630880125716567e-05,True,8.266179728306011e-06,True,True,True
WILLIAMS-BEUREN SYNDROME; WBS,eb_lateral_thickness_mean,South Asian,European,143,143,49,77,primary,0.0009107450054947875,0.0009308936047880925,0.0009762363247050162,0.0008936178138996052,6.549131921022877e-05,-3.727579088848721e-05,0.7799444301124454,-0.4142446092888956,-1.194189039401341,1.194189039401341,-0.00010276711009871777,1.9312668767756675e-05,-0.0001406192453288724,-6.491497486856314e-05,True,1.0306923694826353e-07,False,True,4.509279116486529e-05,True,1.2366427608299867e-05,True,True,True
WILLIAMS-BEUREN SYNDROME; WBS,forehead_width_mid,South Asian,European,143,143,49,77,primary,0.8764859951658046,0.8681415358193747,0.9094989226961112,0.8665385705431335,0.0330129275303066,-0.0016029652762411528,1.2339439896678892,-0.05625073092273181,-1.290194720590621,1.290194720590621,-0.03461589280654975,0.006586078796000989,-0.047524370046054615,-0.02170741556704489,True,1.4728758000460892e-07,False,True,5.5232842501728344e-05,True,1.7019610518986004e-05,True,True,True
SAETHRE-CHOTZEN SYNDROME; SCS,nose_tip_midline_dent,South Asian,European,143,143,15,15,moderate,0.041315034964562625,0.04047432533258831,0.04398195715610056,0.03763582405140494,0.0026669221915379335,-0.0028385012811833685,0.8381851956367772,-0.9017310184407039,-1.739916214077481,1.739916214077481,-0.005505423472721253,0.0010558859500141838,-0.007574921906530913,-0.0034359250389115934,True,1.8477924939960626e-07,False,True,3.4646109262426174e-05,True,2.0595713088777512e-05,True,True,True
WILLIAMS-BEUREN SYNDROME; WBS,outer_canthal_distance,South Asian,European,143,143,49,77,primary,0.662957596808047,0.6418143240654428,0.6983985318168077,0.6420661255728686,0.035440935008760666,0.000251801507425764,1.248057869519029,0.008771988672968327,-1.2392858808460607,1.2392858808460607,-0.035189133501336345,0.006769229754670315,-0.048456580023567064,-0.021921686979105622,True,2.0101607766049357e-07,True,False,6.595840048234945e-05,True,2.2028011843629088e-05,True,True,True
CHARGE SYNDROME,inter_pupillary_distance,East Asian,European,143,143,20,20,primary,0.43437265562967037,0.4551515740192434,0.47977551843101873,0.450322099120566,0.045402862801348365,-0.0048294748986774105,2.112486447066902,-0.21127223560597233,-2.323758682672874,2.323758682672874,-0.050232337700025206,0.009750694263815151,-0.0693433472813642,-0.031121328118686214,True,2.5818006643042374e-07,False,True,1.6136254151901482e-05,True,2.764713252084749e-05,True,True,True
SOTOS SYNDROME; SOTOS,inter_pupillary_distance,South Asian,European,143,143,10,64,moderate,0.4671219996777339,0.4551515740192434,0.5107259814847831,0.4683292900649931,0.04360398180704922,0.013177716045749688,2.2647696394599843,0.5969929505131812,-1.667776688946803,1.667776688946803,-0.03042626576129842,0.005925546587831954,-0.04204012366216326,-0.018812407860433582,True,2.825027345238351e-07,True,False,2.3921602520163455e-05,True,2.9814694694931232e-05,True,True,True
SOTOS SYNDROME; SOTOS,eye_fissure_height_mean,South Asian,European,143,143,10,64,moderate,0.07456202451240107,0.06023570422371009,0.10902143776474302,0.07539010184604499,0.03445941325234195,0.015154397622334892,1.91854745691398,0.7376192897487457,-1.1809281671652343,1.1809281671652343,-0.019305015630006857,0.003769482278926341,-0.026693065137064452,-0.011916966122949263,True,3.0328021328217074e-07,True,False,2.4878454995803066e-05,True,3.170218445676109e-05,True,True,True
Noonan syndrome,eye_epicanthus_angle_l,East Asian,European,143,143,10,68,moderate,59.779714785857315,55.07959163159675,79.77191182239048,59.30029864137697,19.992197036533163,4.22070700978022,1.3435463334194064,0.2940312384210321,-1.0495150949983743,1.0495150949983743,-15.771490026752971,3.1133319109775246,-21.873508444188182,-9.66947160931776,True,4.067070934901576e-07,True,False,0.00010676061204116637,True,4.0950982231206525e-05,True,True,True
Cornelia de Lange syndrome,eb_inter_distance,Latino/Hispanic,European,143,143,71,177,primary,0.19255338924611845,0.19511334066126107,0.20465106060429597,0.19480883899411194,0.01209767135817752,-0.0003045016671491263,0.9537480000014941,-0.022868301065579088,-0.9766163010670732,0.9766163010670732,-0.012402173025327017,0.002451406267169917,-0.01720684102045583,-0.007597505030198207,True,4.2100249073564934e-07,False,True,9.209429484842328e-05,True,4.219651488699534e-05,True,True,True
WILLIAMS-BEUREN SYNDROME; WBS,forehead_width_upper,South Asian,European,143,143,49,77,primary,0.7392184027043129,0.7291996362530552,0.7711816710843309,0.7273286977464236,0.03196326838001795,-0.0018709385066315587,1.1816551111026314,-0.06549522840000122,-1.2471503395026327,1.2471503395026327,-0.03383420688665109,0.00671294490670654,-0.0469913371339975,-0.02067707663930468,True,4.6518245630920843e-07,False,True,0.00013567821642351913,True,4.611119894861731e-05,True,True,True
SOTOS SYNDROME; SOTOS,outer_canthal_distance,South Asian,European,143,143,10,64,moderate,0.662957596808047,0.6418143240654428,0.7129955155293577,0.6571366587540659,0.05003791872131069,0.015322334688623096,1.916121895112974,0.557970356724601,-1.3581515383883729,1.3581515383883729,-0.034715584032685765,0.006893139846433311,-0.04822588987209302,-0.021205278193278516,True,4.747373938043289e-07,True,False,3.560530453532466e-05,True,4.672752042310573e-05,True,True,True
Cornelia de Lange syndrome,forehead_width_upper,Latino/Hispanic,European,143,143,71,177,primary,0.7289512712538005,0.7291996362530552,0.7567152736742663,0.7308361697563603,0.027764002420465728,0.0016365335033051709,0.9965901859700422,0.0589999283703556,-0.9375902575996866,0.9375902575996866,-0.026127468917162333,0.00535132434053212,-0.03661587189419784,-0.015639065940126824,True,1.0478620252667111e-06,True,False,0.0002115875243327013,True,9.310395697471116e-05,True,True,True
ANGELMAN SYNDROME; AS,inter_canthal_distance,East Asian,European,143,143,10,98,moderate,0.25373246687653717,0.25195082398911633,0.2761715222226466,0.24726519456104465,0.02243905534610946,-0.004685629428071686,1.5981229219407804,-0.2939964499084416,-1.892119371849222,1.892119371849222,-0.027124684774180417,0.005564776952124546,-0.0380314471823431,-0.016217922366017733,True,1.0916588117209502e-06,False,True,0.0013645735146511878,True,9.608643490047185e-05,True,True,True
Cornelia de Lange syndrome,outer_canthal_distance,Latino/Hispanic,European,143,143,71,177,primary,0.6414415173286283,0.6418143240654428,0.6751123632689171,0.6467783664705895,0.033670845940288796,0.004964042405146696,1.0834062753492966,0.16259155732461664,-0.92081471802468,0.92081471802468,-0.028706803535142628,0.005923462790331889,-0.04031657726795626,-0.01709702980232899,True,1.257932036567888e-06,True,False,0.00022407309702386096,True,0.00010868466675997193,True,True,True
Cornelia de Lange syndrome,forehead_width_mid,Latino/Hispanic,European,143,143,71,177,primary,0.8674342870896317,0.8681415358193747,0.8966573546823511,0.8715252199052351,0.02922306759271942,0.003383684085860428,1.0469067053032421,0.12158405342303379,-0.9253226518802083,0.9253226518802083,-0.025839383506860297,0.0053369667553687375,-0.036299646134070614,-0.015379120879649983,True,1.2880690943480519e-06,True,False,0.00022407309702386096,True,0.00011085149601228325,True,True,True
Cornelia de Lange syndrome,face_roundness,African,Latino/Hispanic,143,143,22,71,primary,0.9535466873492051,0.9625748222398383,0.9681296654406338,0.961494956868183,0.014582978091428722,-0.0010798653716552753,1.0118285800065352,-0.08084033525821777,-1.092668915264753,1.092668915264753,-0.015662843463081666,0.003242868628887425,-0.022018749182295808,-0.009306937743867526,True,1.3657788770978192e-06,False,True,0.00022407309702386096,True,0.00011617071302610816,True,True,True
WILLIAMS-BEUREN SYNDROME; WBS,eb_arch_l,East Asian,South Asian,143,143,11,49,moderate,0.13626157232296376,0.12564264276350476,0.13243801521913312,0.14555005362594156,-0.0038235571038306437,0.019907410862436803,-0.18659093144679487,0.9814583860057757,1.1680493174525706,1.1680493174525706,0.02373096796626729,0.00493188332650179,0.014064654270370186,0.033397281662164394,True,1.4961771560374697e-06,False,True,0.0003927465034598358,True,0.00012547659184880563,True,True,True
Noonan syndrome,iris_offset_y_r,South Asian,European,143,143,17,68,moderate,-0.06209631538910026,-0.04807802626059159,-0.05284571031383939,-0.07072470911027127,0.009250605075260869,-0.022646682849679682,0.3928965757200209,-0.7572420997589853,-1.1501386754790062,1.1501386754790062,-0.03189728792494068,0.006638841346479949,-0.04490917786311678,-0.018885397986764585,True,1.5502491295137363e-06,False,True,0.0003130310742287352,True,0.00012942346822934485,True,True,True
Noonan syndrome,eye_epicanthus_angle_l,East Asian,South Asian,143,143,10,17,moderate,59.779714785857315,62.135701903014755,79.77191182239048,63.19328725978374,19.992197036533163,1.057585356768982,1.3435463334194064,0.0864941979772297,-1.2570521354421766,1.2570521354421766,-18.934611679764068,3.974485131036205,-26.724459393684988,-11.144763965843147,True,1.8975355300436596e-06,True,False,0.00033206871775764047,True,0.00015498504484518088,True,True,True
WILLIAMS-BEUREN SYNDROME; WBS,upper_lip_eversion,South Asian,European,143,143,49,77,primary,0.07758972992476443,0.0770298547495753,0.10182476363645869,0.07964173772451331,0.024235033711694262,0.002611882974938015,1.226236107113294,0.10904586831190805,-1.117190238801386,1.117190238801386,-0.02162315073675637,0.004558797092208145,-0.030558228850310256,-0.01268807262320248,True,2.1039930251454475e-06,True,False,0.0003959995689446826,True,0.00017036643029964677,True,True,True
Cornelia de Lange syndrome,iris_offset_y_r,European,Middle Eastern,143,142,177,11,moderate,-0.04807802626059159,-0.06301720775590718,-0.06564848322281408,-0.04910801392005917,-0.017570456962222487,0.013909193835848009,-0.6089021568890549,0.5165903482826232,1.1254925051716782,1.1254925051716782,0.03147965079807052,0.00664334637526463,0.018458931165727128,0.04450037043041391,True,2.152814053930882e-06,False,True,0.000313952049531587,True,0.0001738913071817635,True,True,True
WILLIAMS-BEUREN SYNDROME; WBS,face_triangularity,African,European,143,143,34,77,primary,0.5609005991498239,0.5463955635522286,0.5997948903078932,0.5429273107313873,0.038894291158069305,-0.003468252820841289,1.251156672183964,-0.09395998496113339,-1.3451166571450974,1.3451166571450974,-0.042362543978909595,0.008956647921191286,-0.05991725132665006,-0.02480783663116913,True,2.2481645143558412e-06,False,True,0.0003959995689446826,True,0.00017982581121520262,True,True,True
WILLIAMS-BEUREN SYNDROME; WBS,jaw_to_forehead_ratio,African,European,143,143,34,77,primary,1.0448191369834081,1.1000060249357009,0.9727522502372574,1.1066427423948908,-0.0720668867461507,0.0066367174591899225,-1.2714333051923474,0.09714945239387177,1.3685827575862193,1.3685827575862193,0.07870360420534103,0.016644040509206315,0.046081884250070954,0.11132532416061111,True,2.2603352784073666e-06,False,True,0.0003959995689446826,True,0.0001803604909651509,True,True,True
Noonan syndrome,iris_offset_x_l,East Asian,South Asian,143,143,10,17,moderate,0.0019915719122578952,0.02145033378099297,-0.049663145852108584,0.04560811942254846,-0.051654717764366476,0.024157785641555487,-0.8530674779322022,0.35298521359279994,1.206052691525002,1.206052691525002,0.07581250340592201,0.016038494991858075,0.04437763085565415,0.10724737595618986,True,2.2796356844078447e-06,False,True,0.000374002729473162,True,0.00018124068470352575,True,True,True
WILLIAMS-BEUREN SYNDROME; WBS,vermilion_total,South Asian,European,143,143,49,77,primary,0.2917789032173825,0.2829172820516881,0.3720015216438683,0.2906119439828549,0.08022261842648581,0.007694661931166802,1.1453599020561733,0.09663566710042744,-1.048724234955746,1.048724234955746,-0.07252795649531973,0.015386943607466553,-0.10268581179810299,-0.04237010119253648,True,2.4337360953997236e-06,True,False,0.0003959995689446826,True,0.00019140926826857873,True,True,True
Cornelia de Lange syndrome,eb_thickness_mean,Latino/Hispanic,European,143,143,71,177,primary,0.015187734870628505,0.014982672375763902,0.017092065529528418,0.015331265501826414,0.001904330658899913,0.00034859312606251233,1.1256939822879346,0.19039405416537897,-0.9352999281225556,0.9352999281225556,-0.0015557375328374323,0.00033023872199978635,-0.0022029935342575487,-0.0009084815314173159,True,2.4656683367580745e-06,True,False,0.0003406515465257866,True,0.00019299725374028975,True,True,True
WILLIAMS-BEUREN SYNDROME; WBS,jaw_bigonial_width,European,Middle Eastern,143,142,77,11,moderate,0.8008186518480824,0.8009137223655184,0.8023943642360424,0.7603673244772003,0.0015757123879599488,-0.04054639788831804,0.063743124668171,-1.6491384610402264,-1.7128815857083974,1.7128815857083974,-0.04212211027627907,0.008959335096915308,-0.05968208439165875,-0.024562136160899396,True,2.582860246388428e-06,False,True,0.0003959995689446826,True,0.00020145084365366444,True,True,True
WILLIAMS-BEUREN SYNDROME; WBS,lower_vermilion_height,South Asian,European,143,143,49,77,primary,0.18575692822962772,0.17740698574297137,0.23464191248170466,0.1839887565413939,0.048884984252076935,0.006581770798422537,1.1463995266892468,0.14285500649798485,-1.003544520191262,1.003544520191262,-0.042303213453654745,0.009007186783957052,-0.05995697515223572,-0.024649451755073767,True,2.6451913364815395e-06,True,False,0.0003959995689446826,True,0.00020558076876319294,True,True,True
Cornelia de Lange syndrome,canthal_to_pupillary_ratio,African,European,143,143,22,177,primary,0.5404602553469873,0.5536125813073259,0.5695477177103944,0.5484057622603347,0.02908746236340709,-0.005206819046991273,1.0070185201990314,-0.2021199364688936,-1.209138456667925,1.209138456667925,-0.034294281410395075,0.007304558510492207,-0.048610953013925345,-0.019977609806864808,True,2.6671759051868955e-06,False,True,0.00035006683755578005,True,0.00020607146388488648,True,True,True
WILLIAMS-BEUREN SYNDROME; WBS,eb_inter_distance,South Asian,European,143,143,49,77,primary,0.19557709148002192,0.19511334066126107,0.2093099311817536,0.19471901618308743,0.01373283970173167,-0.000394324478173641,1.1073366501986954,-0.03018047931437722,-1.1375171295130726,1.1375171295130726,-0.014127164179905859,0.0030113867067486726,-0.02002937366865594,-0.008224954691155778,True,2.7154256156206805e-06,False,True,0.0003959995689446826,True,0.00020955309181579782,True,True,True
Noonan syndrome,iris_offset_y_l,South Asian,European,143,143,17,68,moderate,-0.06179132480886565,-0.04636870299518514,-0.05688684062384601,-0.07250159919055225,0.004904484185019639,-0.026132896195367114,0.20465822610856282,-0.8297963379824956,-1.0344545640910585,1.0344545640910585,-0.031037380380386823,0.006625881184555441,-0.044023868867957075,-0.018050891892816567,True,2.8096692175542852e-06,False,True,0.0004338459821223528,True,0.0002160652059113383,True,True,True
Cornelia de Lange syndrome,eb_position_mean,African,Latino/Hispanic,143,143,22,71,primary,0.3698424913343086,0.3489116500851544,0.5003725981782785,0.3831058819907054,0.13053010684396993,0.03419423190555099,1.7443760882024835,0.4512745733192527,-1.2931015148832308,1.2931015148832308,-0.09633587493841804,0.020615128759642866,-0.13674078484397395,-0.05593096503286214,True,2.967351208328845e-06,True,False,0.00037091890104110563,True,0.00022633798369793684,True,True,True
Rubinstein-Taybi syndrome,eye_fissure_slant_r,East Asian,European,143,143,15,55,moderate,5.2114631343422815,3.27965052778378,3.3449784806305427,5.019049210219951,-1.8664846537117388,1.7393986824361707,-0.643911101434056,0.5644474834955587,1.2083585849296148,1.2083585849296148,3.6058833361478966,0.7722295781478175,2.092341175181615,5.119425497114178,True,3.0201493303832736e-06,False,True,0.0028313899972343187,True,0.0002300982832823873,True,True,True
WILLIAMS-BEUREN SYNDROME; WBS,forehead_width_mid,African,European,143,143,34,77,primary,0.8915401790904378,0.8681415358193747,0.9236939501631395,0.8665385705431335,0.032153771072701676,-0.0016029652762411528,1.2200722341039572,-0.05625073092273181,-1.276322965026689,1.276322965026689,-0.03375673634894197,0.00727825998524196,-0.04802186379013523,-0.019491608907748703,True,3.5175785181475097e-06,False,True,0.00046168218050686064,True,0.00026192614673635196,True,True,True
Cornelia de Lange syndrome,eb_position_r,African,Latino/Hispanic,143,143,22,71,primary,0.3680374827925917,0.34664966433253597,0.5032157317052488,0.3811534056018361,0.13517824891265712,0.034503741269300114,1.799080446315906,0.4519331551859011,-1.3471472911300049,1.3471472911300049,-0.10067450764335636,0.021717854597579116,-0.14324072047608905,-0.05810829481062367,True,3.5596534921730017e-06,True,False,0.00042473138258882403,True,0.00026416164459410255,True,True,True
Cornelia de Lange syndrome,malar_bulge_mean,Latino/Hispanic,European,143,143,71,177,primary,0.04148346893910614,0.0431630478595418,0.033554923573458,0.04190318021080512,-0.007928545365648146,-0.0012598676487366803,-0.9923614790004939,-0.1765616803942927,0.8157997986062011,0.8157997986062011,0.006668677716911406,0.0014414658181223644,0.0038434566284460073,0.009493898805376804,True,3.722255791222526e-06,True,False,0.00042482267182431,True,0.0002746782472198441,True,True,True
SOTOS SYNDROME; SOTOS,eye_area_r,South Asian,European,143,143,10,64,moderate,0.010503367312686591,0.007941386674729376,0.01683915812553585,0.010386857117835172,0.0063357908128492575,0.002445470443105795,2.1364311506309606,0.79201160791504,-1.3444195427159205,1.3444195427159205,-0.0038903203697434417,0.0008419342679711015,-0.005540481212316895,-0.002240159527169988,True,3.824590714384471e-06,True,False,0.0002494550218528884,True,0.0002809685357215408,True,True,True
SOTOS SYNDROME; SOTOS,iris_offset_y_l,South Asian,European,143,143,10,64,moderate,-0.06179132480886565,-0.04636870299518514,-0.05722858209332513,-0.07512876627828438,0.004562742715540517,-0.02876006328309924,0.18950413554869308,-0.9352173968777735,-1.1247215324264666,1.1247215324264666,-0.033322805998639855,0.007217663289594551,-0.047469166098782066,-0.019176445898497645,True,3.8962498651308285e-06,False,True,0.0002494550218528884,True,0.00028527664658391087,True,True,True
WILLIAMS-BEUREN SYNDROME; WBS,jaw_to_forehead_ratio,European,Middle Eastern,143,142,77,11,moderate,1.1000060249357009,1.0943950398023572,1.1066427423948908,0.9960846553981667,0.0066367174591899225,-0.09831038440419049,0.09714945239387177,-1.8655243486394408,-1.9626738010333127,1.9626738010333127,-0.10494710186338163,0.022737280499048166,-0.14951135274790095,-0.06038285097886232,True,3.918857131109587e-06,False,True,0.0004898571413886984,True,0.00028597653315255863,True,True,True
SAETHRE-CHOTZEN SYNDROME; SCS,jaw_to_forehead_ratio,South Asian,European,143,143,15,15,moderate,1.0708989587374425,1.1000060249357009,1.0890808799712706,0.9979143307095036,0.018181921233828113,-0.10209169422619724,0.3110220038973493,-1.74649542466026,-2.057517428557609,2.057517428557609,-0.12027361546002366,0.026088675683740504,-0.17140648020450092,-0.0691407507155464,True,4.0231123261162024e-06,False,True,0.0005028890407645253,True,0.00029246191027701614,True,True,True
Cornelia de Lange syndrome,eb_position_l,African,Latino/Hispanic,143,143,22,71,primary,0.37164749987602547,0.3511736358377728,0.49752946465130815,0.3850583583795748,0.12588196477528268,0.033884722541802026,1.6456971793927795,0.44077044883014593,-1.2049267305626334,1.2049267305626334,-0.09199724223347994,0.020218426932383862,-0.13162463084500695,-0.05236985362195292,True,5.360306317994087e-06,True,False,0.0005628321633893792,True,0.00037694132663969115,True,True,True
ANGELMAN SYNDROME; AS,forehead_width_upper,East Asian,European,143,143,10,98,moderate,0.7266776234375778,0.7291996362530552,0.7622489680473434,0.7254229920946784,0.03557134460976563,-0.003776644158376752,1.5159267502240965,-0.13626030296783312,-1.6521870531919296,1.6521870531919296,-0.03934798876814083,0.008651294849656337,-0.05630421509310411,-0.022391762443177546,True,5.410166681092203e-06,False,True,0.0033813541756826265,True,0.00037923076682495985,True,True,True
Rubinstein-Taybi syndrome,eye_fissure_slant_mean,East Asian,European,143,143,15,55,moderate,5.41154385821533,3.4251770419022325,3.7350011094932993,5.015946066604427,-1.6765427487220306,1.5907690247021948,-0.6026879842752954,0.554573770854066,1.1572617551293614,1.1572617551293614,3.267311773424211,0.722830114263344,1.8505907825270849,4.684032764321337,True,6.17912949787439e-06,False,True,0.0035240110365488864,True,0.00042497674109334845,True,True,True
Cornelia de Lange syndrome,iris_offset_y_l,European,Middle Eastern,143,142,177,11,moderate,-0.04636870299518514,-0.06089561386940958,-0.06715635445019667,-0.048613659265405396,-0.020787651455011533,0.012281954604004185,-0.707587246139798,0.4433625047683954,1.1509497509081934,1.1509497509081934,0.033069606059015676,0.007322218986948016,0.018718320557682203,0.04742089156034915,True,6.291860695993244e-06,False,True,0.000635235935653164,True,0.00043141013823300357,True,True,True
WILLIAMS-BEUREN SYNDROME; WBS,forehead_width_upper,African,European,143,143,34,77,primary,0.754050694943354,0.7291996362530552,0.7853596036623168,0.7273286977464236,0.03130890871896286,-0.0018709385066315587,1.1553150979333742,-0.06549522840000122,-1.2208103263333754,1.2208103263333754,-0.03317984722559339,0.007353731012940111,-0.04759289516295126,-0.01876679928823552,True,6.422689421294436e-06,False,True,0.000702481655454079,True,0.0004378432718211159,True,True,True
Noonan syndrome,eb_thickness_r,African,European,143,143,22,68,primary,0.015940585540225302,0.014849565664404414,0.020237762183233737,0.016454929538712425,0.0042971766430084345,0.0016053638743080117,1.638842137399803,0.6384273724952235,-1.0004147649045794,1.0004147649045794,-0.002691812768700435,0.000596602529658506,-0.003861132239916596,-0.0015224932974842737,True,6.4248558102767906e-06,True,False,0.0008876445527356093,True,0.0004378432718211159,True,True,True
SOTOS SYNDROME; SOTOS,eye_fissure_height_r,South Asian,European,143,143,10,64,moderate,0.07503047105628033,0.060496078982065916,0.10874926415739042,0.07582389409981417,0.03371879310111009,0.015327815117748257,1.891512065580266,0.7341645367752551,-1.157347528805011,1.157347528805011,-0.01839097798336163,0.004097004616368393,-0.026420959475938022,-0.01036099649078524,True,7.159730915121857e-06,True,False,0.00040857160113467116,True,0.00048085016105134024,True,True,True
WILLIAMS-BEUREN SYNDROME; WBS,eb_arch_l,South Asian,European,143,143,49,77,primary,0.12564264276350476,0.12848338143010057,0.14555005362594156,0.12803179866983708,0.019907410862436803,-0.000451582760263497,0.9814583860057757,-0.020645925021986297,-1.002104311027762,1.002104311027762,-0.020358993622700446,0.004538197729747297,-0.029253697727726586,-0.011464289517674305,True,7.252485162491191e-06,False,True,0.0007322220596745915,True,0.0004860865437653372,True,True,True
Cornelia de Lange syndrome,eb_lateral_thickness_mean,European,Middle Eastern,143,142,177,11,moderate,0.0009308936047880925,0.0009109060566544232,0.0009081633426309831,0.0010193688089662728,-2.2730262157109383e-05,0.00010846275231184957,-0.2755248129136557,1.4720527462593118,1.7475775591729676,1.7475775591729676,0.0001311930144689589,2.9442947039084883e-05,7.34858986736323e-05,0.0001889001302642855,True,8.356595841076092e-06,False,True,0.0007834308601008836,True,0.0005467126134833364,True,True,True
WILLIAMS-BEUREN SYNDROME; WBS,inter_canthal_distance,Latino/Hispanic,European,143,143,40,77,primary,0.24847946144718827,0.25195082398911633,0.2618387254323625,0.24893357690071602,0.013359263985174202,-0.0030172470884003155,0.8184525311805609,-0.2011760822903285,-1.0196286134708894,1.0196286134708894,-0.01637651107357442,0.0036793718547563493,-0.023587947394627204,-0.009165074752521638,True,8.551171034938204e-06,False,True,0.0007738060715668538,True,0.0005563206475214663,True,True,True
WILLIAMS-BEUREN SYNDROME; WBS,eb_position_mean,South Asian,European,143,143,49,77,primary,0.3231132403834539,0.3639088267854248,0.34086983305011254,0.3186322159131914,0.017756592666658633,-0.04527661087223339,0.2682342083872922,-0.6032847273581348,-0.8715189357454269,0.8715189357454269,-0.06303320353889254,0.014162824402348543,-0.09079182928686069,-0.03527457779092438,True,8.562684339037625e-06,False,True,0.0007738060715668538,True,0.0005563206475214663,True,True,True
ANGELMAN SYNDROME; AS,forehead_width_mid,East Asian,European,143,143,10,98,moderate,0.8659956822081283,0.8681415358193747,0.8989405795738185,0.8636822828707593,0.03294489736569017,-0.004459252948615378,1.383075764270151,-0.16079469824470335,-1.5438704625148543,1.5438704625148543,-0.03740415031430336,0.008409956806572283,-0.05388736276672251,-0.0209209378618842,True,8.683376766973148e-06,False,True,0.0036180736529054787,True,0.0005619409669571697,True,True,True
SAETHRE-CHOTZEN SYNDROME; SCS,face_aspect_ratio,South Asian,European,143,143,15,15,moderate,0.9157080308638558,0.9113445079503402,0.885008915045754,0.9501271329073618,-0.030699115818101808,0.03878262495702167,-0.6340630510579617,0.7450681381193246,1.3791311891772864,1.3791311891772864,0.06948174077512498,0.015640026942633063,0.03882785125032808,0.10013563029992187,True,8.88952907578701e-06,False,True,0.0008333933508550323,True,0.0005724647764280078,True,True,True
WILLIAMS-BEUREN SYNDROME; WBS,eb_position_r,South Asian,European,143,143,49,77,primary,0.3229630638962024,0.3629357675333865,0.33783766594281844,0.31344367583342964,0.014874602046616059,-0.049492091699956886,0.2194887746679934,-0.6455764167941004,-0.8650651914620938,0.8650651914620938,-0.06436669374657322,0.014533337888680428,-0.09285151258353824,-0.035881874909608195,True,9.471511748362693e-06,False,True,0.0008020231722403894,True,0.0006052010665256046,True,True,True
WILLIAMS-BEUREN SYNDROME; WBS,eb_thickness_l,South Asian,European,143,143,49,77,primary,0.01517885936507029,0.015115779087123409,0.017428164172520955,0.015048164731897294,0.002249304807450666,-6.761435522611471e-05,0.8956439249422044,-0.027367769644573253,-0.9230116945867776,0.9230116945867776,-0.002316919162676808,0.0005242409764486096,-0.0033444125957361936,-0.0012894257296174225,True,9.889794652224365e-06,False,True,0.00081127221756528,True,0.0006288723388624295,True,True,True
WILLIAMS-BEUREN SYNDROME; WBS,eb_arch_mean,South Asian,European,143,143,49,77,primary,0.12618748827062484,0.1290087308956436,0.14169835372760614,0.12752861851086433,0.015510865456981299,-0.0014801123847792697,0.912433975356895,-0.07921448481297612,-0.9916484601698711,0.9916484601698711,-0.016990977841760797,0.003854007164995071,-0.024544693081310454,-0.00943726260221114,True,1.0401582579887525e-05,False,True,0.0008273986143092349,True,0.0006557085854531205,True,True,True
Noonan syndrome,eb_thickness_mean,African,European,143,143,22,68,primary,0.016088890274516005,0.014982672375763902,0.01977692538557884,0.016599793415650956,0.0036880351110628352,0.0016171210398870546,2.1229283206614187,0.8683027710868368,-1.2546255495745817,1.2546255495745817,-0.0020709140711758136,0.00047515614228133625,-0.003002202997080222,-0.001139625145271405,True,1.3102489933805202e-05,True,False,0.0017197018038119327,True,0.0007998966695893147,True,True,True
WILLIAMS-BEUREN SYNDROME; WBS,lower_lip_eversion,South Asian,European,143,143,49,77,primary,0.11964772249462151,0.11412118302611408,0.15112871443895165,0.11796142576270291,0.03148099194433014,0.0038402427365888253,1.043120808295315,0.11925984103299801,-0.9238609672623169,0.9238609672623169,-0.0276407492077416,0.006343002349096998,-0.04007280536582468,-0.015208693049658526,True,1.3145077393057354e-05,True,False,0.0009858808044793015,True,0.0008010091182516413,True,True,True
Cornelia de Lange syndrome,jaw_to_forehead_ratio,European,Middle Eastern,143,142,177,11,moderate,1.1000060249357009,1.0943950398023572,1.0860187327471558,0.998616968719796,-0.013987292188545108,-0.0957780710825612,-0.22400634127513472,-1.8382436992414677,-1.614237357966333,1.614237357966333,-0.08179077889401573,0.018847385392738624,-0.11873097546652973,-0.04485058232150173,True,1.4271937629854908e-05,True,False,0.0012918564233920392,True,0.0008616895309118092,True,True,True
SAETHRE-CHOTZEN SYNDROME; SCS,jaw_bigonial_width,South Asian,European,143,143,15,15,moderate,0.7904253763880592,0.8008186518480824,0.7980425469520552,0.7621930000132928,0.007617170563996023,-0.03862565183478961,0.3191266454894704,-1.7278410515057192,-2.0469676969951895,2.0469676969951895,-0.04624282239878469,0.01066075764746232,-0.0671375234357208,-0.025348121361848587,True,1.4400275707790981e-05,False,True,0.0009462287071038011,True,0.0008686404842084927,True,True,True
WILLIAMS-BEUREN SYNDROME; WBS,iris_offset_x_l,East Asian,European,143,143,11,77,moderate,0.0019915719122578952,0.023473104901017103,-0.06906787446855643,0.033876372682695215,-0.07105944638081432,0.010403267781678112,-1.158143014733443,0.16846024260626127,1.3266032573397044,1.3266032573397044,0.08146271416249247,0.0188067891845914,0.044602084695855915,0.11832334362912902,True,1.4805736089457785e-05,False,True,0.0010795849231896302,True,0.0008882090765345341,True,True,True
SAETHRE-CHOTZEN SYNDROME; SCS,forehead_width_mid,South Asian,European,143,143,15,15,moderate,0.8764859951658046,0.8681415358193747,0.8681599632259988,0.9060667476883973,-0.008326031939805856,0.037925211869022646,-0.327332857239464,1.4706825218136843,1.7980153790531483,1.7980153790531483,0.04625124380883003,0.01068985947797863,0.025299504232197772,0.06720298338546228,True,1.5139659313660818e-05,False,True,0.0009462287071038011,True,0.0009049387271574535,True,True,True
WILLIAMS-BEUREN SYNDROME; WBS,eb_position_l,South Asian,European,143,143,49,77,primary,0.3232634168707053,0.3648818860374633,0.3439020001574067,0.3238207559929533,0.020638583286701373,-0.04106113004451001,0.31273508568771796,-0.5403471008063059,-0.8530821864940239,0.8530821864940239,-0.06169971333121205,0.014272458791563256,-0.0896732185335081,-0.033726208128916,True,1.5392789655332782e-05,False,True,0.0010920560228445556,True,0.0009183992013050185,True,True,True
CHARGE SYNDROME,inter_canthal_distance,East Asian,European,143,143,20,20,primary,0.25373246687653717,0.25195082398911633,0.26988291578422996,0.24598313140760525,0.016150448907692794,-0.005967692581511086,1.1900860795240022,-0.3809499819430012,-1.5710360614670034,1.5710360614670034,-0.022118141489203644,0.005120294656338402,-0.0321537346058598,-0.012082548372547483,True,1.56240809256378e-05,False,True,0.0005859030347114175,True,0.0009313538720405127,True,True,True
Cornelia de Lange syndrome,jaw_bigonial_width,European,Middle Eastern,143,142,177,11,moderate,0.8008186518480824,0.8009137223655184,0.7920047045679065,0.7589116433351318,-0.008813947280175927,-0.04200207903038655,-0.38395199682584347,-1.720777834544096,-1.3368258377182527,1.3368258377182527,-0.033188131750210126,0.007697928871407979,-0.04827579509372083,-0.018100468406699422,True,1.6229266784544983e-05,True,False,0.0014200608436476861,True,0.0009654482550028641,True,True,True
CHARGE SYNDROME,eye_fissure_length_mean,East Asian,European,143,143,20,20,primary,0.187003526695247,0.19553608393959354,0.2023464519378731,0.19477289600760014,0.015342925242626093,-0.0007631879319933976,1.5915446748097433,-0.06827242212602448,-1.6598170969357677,1.6598170969357677,-0.016106113174619262,0.003745904770127662,-0.02344795161358627,-0.008764274735652253,True,1.710611088101522e-05,False,True,0.0006109325314648293,True,0.0010096290757870294,True,True,True
Cornelia de Lange syndrome,inter_pupillary_distance,Latino/Hispanic,European,143,143,71,177,primary,0.45251575427103685,0.4551515740192434,0.48011677476851655,0.4616153236601221,0.0276010204974797,0.006463749640878702,1.0827641493624112,0.2565520873763958,-0.8262120619860154,0.8262120619860154,-0.02113727085660145,0.00492742469671524,-0.03079484579869652,-0.01147969591450638,True,1.7889875216141457e-05,True,False,0.0015148684658829459,True,0.0010511700584998219,True,True,True
SOTOS SYNDROME; SOTOS,eye_fissure_fill_mean,African,South Asian,143,143,11,10,moderate,0.22887606790494117,0.24024742375211025,0.26481547569647496,0.3323566197294709,0.03593940779153379,0.09210919597736064,0.5837426144410716,1.6783444010100184,1.0946017865689468,1.0946017865689468,0.05616978818582639,0.013100890936938558,0.03049251378403961,0.08184706258761316,True,1.807127444301307e-05,True,False,0.0008950395360926285,True,0.0010599342503372965,True,True,True
Noonan syndrome,eye_epicanthus_angle_mean,East Asian,European,143,143,10,68,moderate,61.8371163390709,56.54291127026695,79.67786484035724,60.72104653031207,17.840748501286342,4.178135260045124,1.1703550401377198,0.27953361228411644,-0.8908214278536034,0.8908214278536034,-13.662613241241235,3.195041998588176,-19.924780487566935,-7.400445994915536,True,1.9011721959487596e-05,True,False,0.0021698160932023887,True,0.0011052349414998315,True,True,True
WILLIAMS-BEUREN SYNDROME; WBS,eye_fissure_length_mean,South Asian,European,143,143,49,77,primary,0.20785381655513904,0.19553608393959354,0.22158829968775343,0.1972421983353102,0.013734483132614383,0.0017061143957166625,1.1382094588967642,0.14584140610668295,-0.9923680527900812,0.9923680527900812,-0.012028368736898054,0.002813838354183919,-0.017543390569415996,-0.006513346904380112,True,1.9137836969728357e-05,True,False,0.0013220216327772879,True,0.001110602630855816,True,True,True
WILLIAMS-BEUREN SYNDROME; WBS,face_roundness,East Asian,South Asian,143,143,11,49,moderate,0.9632747825893914,0.960995006425415,0.9691329706737215,0.9495568124788829,0.00585818808433014,-0.011438193946532116,0.5817836139464047,-0.916791840451477,-1.4985754543978818,1.4985754543978818,-0.01729638203086359,0.0040535734014139286,-0.02524123990632441,-0.009351524155402765,True,1.98166396733039e-05,False,True,0.001333812285703147,True,0.0011420627611225696,True,True,True
Noonan syndrome,eye_fissure_length_mean,African,European,143,143,22,68,primary,0.20700557540415943,0.19553608393959354,0.22663472441710572,0.2032769550817333,0.019629149012946295,0.007740871142139755,1.836967278921799,0.7218977958261665,-1.1150694830956325,1.1150694830956325,-0.01188827787080661,0.0027928068157007484,-0.01736207864535807,-0.006414477096255151,True,2.07420916868497e-05,True,False,0.0022686662782491858,True,0.001186938667023819,True,True,True
SOTOS SYNDROME; SOTOS,eye_fissure_fill_mean,South Asian,European,143,143,10,64,moderate,0.24024742375211025,0.20599127067608064,0.3323566197294709,0.2500571124956039,0.09210919597736064,0.04406584181952328,1.6783444010100184,0.6648230528567932,-1.0135213481532253,1.0135213481532253,-0.04804335415783689,0.011301350958896611,-0.07019359501392146,-0.02589311330175233,True,2.1270793449879653e-05,True,False,0.0010339969038135942,True,0.0012120726049575485,True,True,True
WILLIAMS-BEUREN SYNDROME; WBS,upper_vermilion_height,South Asian,European,143,143,49,77,primary,0.10602197498775474,0.1055102963087167,0.13735960916216364,0.106623187441461,0.03133763417440889,0.0011128911327443064,1.012016161540465,0.02939534280129044,-0.9826208187391746,0.9826208187391746,-0.030224743041664774,0.007121168180130605,-0.0441819762025734,-0.016267509880756148,True,2.1922618612845795e-05,True,False,0.0014031024227725809,True,0.0012393913790151427,True,True,True
ANGELMAN SYNDROME; AS,eb_thickness_mean,East Asian,European,143,143,10,98,moderate,0.015341243503081518,0.014982672375763902,0.016520824512854797,0.0141257607374565,0.0011795810097732784,-0.0008569116383074019,0.71660786209919,-0.4839702447373859,-1.200578106836576,1.200578106836576,-0.0020364926480806473,0.00048021721439284784,-0.0029777010930467787,-0.0010952842031145158,True,2.2275039334474113e-05,False,True,0.00696094979202316,True,0.0012579349848304406,True,True,True
WILLIAMS-BEUREN SYNDROME; WBS,eb_position_asym,East Asian,European,143,143,11,77,moderate,0.05025248638298276,0.05993419922493741,0.025647827364384725,0.08402022964362472,-0.024604659018598037,0.024086030418687315,-0.6448128258935386,0.42129115465631845,1.066103980549857,1.066103980549857,0.048690689437285425,0.011481935031218356,0.026186510303268667,0.07119486857130218,True,2.2288886043003244e-05,False,True,0.0014031024227725809,True,0.0012579349848304406,True,True,True
WILLIAMS-BEUREN SYNDROME; WBS,jaw_bigonial_width,African,European,143,143,34,77,primary,0.7866825774858778,0.8008186518480824,0.7619868699061118,0.8023943642360424,-0.024695707579766024,0.0015757123879599488,-1.0688886811377185,0.063743124668171,1.1326318058058895,1.1326318058058895,0.026271419967726556,0.006199291756138707,0.014121031396038626,0.03842180853941449,True,2.2571075304317498e-05,False,True,0.0014031024227725809,True,0.0012695023107432638,True,True,True
WILLIAMS-BEUREN SYNDROME; WBS,face_roundness,South Asian,European,143,143,49,77,primary,0.960995006425415,0.9620144433505807,0.9495568124788829,0.963809390303518,-0.011438193946532116,0.0017949469529372486,-0.916791840451477,0.14925290712796946,1.0660447475794466,1.0660447475794466,0.01323314089946756,0.0031256420655146415,0.007106995022495479,0.01935928677643964,True,2.2984153973036563e-05,False,True,0.0014031024227725809,True,0.001286134573384812,True,True,True
WILLIAMS-BEUREN SYNDROME; WBS,chin_height,South Asian,European,143,143,49,77,primary,0.1760833593010626,0.1879912762001871,0.11440512680666533,0.1551299532513922,-0.06167823249439726,-0.0328613229487949,-2.0193558675115577,-0.9462735419934419,1.0730823255181159,1.0730823255181159,0.02881690954560197,0.0068564237538887175,0.015378565925235167,0.04225525316596877,True,2.6350918405902564e-05,True,False,0.0015720718367157778,True,0.0014417504838787833,True,True,True
Cornelia de Lange syndrome,eye_fissure_slant_l,African,European,143,143,22,177,primary,4.8087726076667066,3.5707035560206872,0.8098847384688868,2.994782213276739,-3.99888786919782,-0.575921342743948,-1.4376073539973622,-0.19085060928926362,1.2467567447080985,1.2467567447080985,3.422966526453889,0.8175206662233179,1.8206554640389954,5.025277588868783,True,2.826544095779583e-05,True,False,0.002318649453569189,True,0.0015283328478413452,True,True,True
WILLIAMS-BEUREN SYNDROME; WBS,jaw_to_forehead_ratio,Latino/Hispanic,European,143,143,40,77,primary,1.093909557653339,1.1000060249357009,1.0374845345534818,1.1066427423948908,-0.05642502309985731,0.0066367174591899225,-0.9262541198352924,0.09714945239387177,1.0234035722291641,1.0234035722291641,0.0630617405590467,0.01525706655341325,0.03315843960462608,0.09296504151346732,True,3.5762133022495316e-05,False,True,0.002086124426312227,True,0.0018485536526958073,True,True,True
Noonan syndrome,eye_fissure_length_r,African,European,143,143,22,68,primary,0.2060107187495451,0.19454680151890785,0.22817484221250908,0.20253700223646473,0.02216412346296398,0.007990200717556878,1.4381169221400028,0.5713119632537916,-0.8668049588862111,0.8668049588862111,-0.014173922745407332,0.0034417311412965616,-0.020919591826818528,-0.007428253663996135,True,3.817539365238105e-05,True,False,0.0037114966050926022,True,0.0019548536858598553,True,True,True
CHARGE SYNDROME,eye_fissure_length_l,East Asian,European,143,143,20,20,primary,0.18695644670229458,0.19652536636027926,0.20155380016929064,0.19395798073038695,0.01459735346699606,-0.0025673856298923103,1.0942905549397537,-0.1807932800907983,-1.275083835030552,1.275083835030552,-0.01716473909688829,0.004178790151747856,-0.025355017293264757,-0.008974460900511825,True,3.998162703535672e-05,False,True,0.0012494258448548974,True,0.0020252634650036244,True,True,True
WILLIAMS-BEUREN SYNDROME; WBS,face_triangularity,South Asian,European,143,143,49,77,primary,0.5613582685213022,0.5463955635522286,0.5919143751857923,0.5429273107313873,0.030556106664490046,-0.003468252820841289,0.886059093036306,-0.09395998496113339,-0.9800190779974394,0.9800190779974394,-0.03402435948533253,0.008284611430070593,-0.05026189951417977,-0.017786819456485293,True,4.009442414875008e-05,False,True,0.002287997030227586,True,0.0020294136934413533,True,True,True
Noonan syndrome,inter_canthal_distance,African,European,143,143,22,68,primary,0.2566756033080781,0.25195082398911633,0.2889670263368246,0.26520440784388677,0.03229142302874649,0.013253583854770434,1.7605959529477468,0.834866545663888,-0.9257294072838589,0.9257294072838589,-0.019037839173976195,0.00464139624718623,-0.028134808656440573,-0.00994086969151182,True,4.100401733533744e-05,True,False,0.003711570534664165,True,0.002067495505980396,True,True,True
SOTOS SYNDROME; SOTOS,inter_canthal_distance,African,European,143,143,11,64,moderate,0.2566756033080781,0.25195082398911633,0.28518010947335504,0.2520019884245113,0.028504506165276944,5.116443539499027e-05,1.526123604005336,0.003232301035461657,-1.5228913029698745,1.5228913029698745,-0.02845334172988176,0.006954195572443473,-0.04208331459331887,-0.014823368866444649,True,4.285253543854991e-05,True,False,0.0017305831619414387,True,0.002145890483689761,True,True,True
WILLIAMS-BEUREN SYNDROME; WBS,eye_fissure_length_r,South Asian,European,143,143,49,77,primary,0.20802639338455028,0.19454680151890785,0.2246255254109561,0.19718347868002337,0.01659913202640581,0.0026366771611155138,1.091620642176094,0.17522099943343722,-0.9163996427426566,0.9163996427426566,-0.013962454865290817,0.0034207385099064578,-0.020666979145236686,-0.007257930585344949,True,4.470599192087423e-05,True,False,0.0024463916062447836,True,0.0022201049613274023,True,True,True
WILLIAMS-BEUREN SYNDROME; WBS,face_roundness,South Asian,Latino/Hispanic,143,143,49,40,primary,0.960995006425415,0.9625748222398383,0.9495568124788829,0.9642575664614317,-0.011438193946532116,0.001682744221593424,-0.916791840451477,0.13536370962586672,1.0521555500773436,1.0521555500773436,0.013120938168126983,0.0032153520372389666,0.006818963977521118,0.01942291235873285,True,4.4897205249102274e-05,False,True,0.0024463916062447836,True,0.002226237741424189,True,True,True
SOTOS SYNDROME; SOTOS,cheek_area_mean,African,European,143,143,11,64,moderate,0.007368010271282393,0.007763406855828677,0.004534953643535482,0.007657909308441822,-0.0028330566277469105,-0.000105497547386855,-1.0853712692471729,-0.047602998845935614,1.0377682704012372,1.0377682704012372,0.002727559080360054,0.0006683775998852789,0.001417563056511585,0.004037555104208524,True,4.4868316488592066e-05,True,False,0.001757900459441107,True,0.002226237741424189,True,True,True
WILLIAMS-BEUREN SYNDROME; WBS,canthal_to_pupillary_ratio,East Asian,European,143,143,11,77,moderate,0.584363092675697,0.5536125813073259,0.6133216678987488,0.5451396547391992,0.028958575223051786,-0.008472926568126704,1.287150642357998,-0.32205731647034225,-1.6092079588283401,1.6092079588283401,-0.03743150179117724,0.009181660564928869,-0.05542722581670951,-0.019435777765644972,True,4.566597664990263e-05,False,True,0.0024463916062447836,True,0.0022626510661123574,True,True,True
SOTOS SYNDROME; SOTOS,eye_fissure_aspect_mean,African,South Asian,143,143,11,10,moderate,0.3401308595189277,0.35787619968594025,0.38897923558051184,0.48588208937079624,0.04884837606158415,0.128005889684856,0.548002783459061,1.6281451904492437,1.0801424069901828,1.0801424069901828,0.07915751362327118,0.019510411687333907,0.04091780939254738,0.11739721785399498,True,4.966595220449276e-05,True,False,0.001889465572997007,True,0.002417125357102442,True,True,True
WILLIAMS-BEUREN SYNDROME; WBS,gaze_asym_x,East Asian,European,143,143,11,77,moderate,0.0299731742490501,-0.040532432201276516,0.1195902031049945,-0.05850911677747389,0.0896170288559444,-0.017976684576197374,1.5886189154775305,-0.27405051211222164,-1.8626694275897522,1.8626694275897522,-0.10759371343214186,0.02652773592683105,-0.15958712044012,-0.05560030642416373,True,4.994267749100985e-05,False,True,0.002621990568278017,True,0.0024252075664947547,True,True,True
ANGELMAN SYNDROME; AS,jaw_to_forehead_ratio,East Asian,European,143,143,10,98,moderate,1.0872704554673154,1.1000060249357009,1.0249151818598246,1.1129433995600573,-0.062355273607490824,0.012937374624356401,-0.951927419917447,0.19530187366330623,1.1472292935807533,1.1472292935807533,0.075292648231849,0.018601703180010584,0.03883397994792406,0.11175131651577394,True,5.174079090595024e-05,False,True,0.01118448304614755,True,0.0024996010301735695,True,True,True
WILLIAMS-BEUREN SYNDROME; WBS,eb_thickness_mean,Latino/Hispanic,European,143,143,40,77,primary,0.015187734870628505,0.014982672375763902,0.016822337485543664,0.015003828267447769,0.0016346026149151593,2.11558916838675e-05,0.990739339689076,0.011513161300961772,-0.9792261783881142,0.9792261783881142,-0.0016134467232313005,0.0003997123125489465,-0.0023968684600044533,-0.0008300249864581479,True,5.424991488187651e-05,True,False,0.0027385774339408818,True,0.0025960203082120675,True,True,True
Hyperphosphatasia with mental retardation syndrome,eb_position_mean,African,European,143,143,27,27,primary,0.3698424913343086,0.3639088267854248,0.3992643913152268,0.3217642856486298,0.02942189998091821,-0.042144541136795,0.40582510074672534,-0.5243780949648186,-0.930203195711544,0.930203195711544,-0.07156644111771354,0.017730625787571296,-0.10631782908471041,-0.03681505315071667,True,5.429664771900767e-05,False,True,0.009465188231162517,True,0.002596366972745276,True,True,True
WILLIAMS-BEUREN SYNDROME; WBS,eye_fissure_length_r,East Asian,South Asian,143,143,11,49,moderate,0.18705060668819942,0.20802639338455028,0.18571833643334357,0.2246255254109561,-0.0013322702548558552,0.01659913202640581,-0.10657968776771606,1.091620642176094,1.19820032994381,1.19820032994381,0.017931402281261454,0.004448301079687869,0.009212892372682593,0.026649912189840315,True,5.552407384844015e-05,False,True,0.002750013091550102,True,0.0026454404750253188,True,True,True
SOTOS SYNDROME; SOTOS,cheek_area_mean,African,South Asian,143,143,11,10,moderate,0.007368010271282393,0.007307813240935543,0.004534953643535482,0.00908042411655272,-0.0028330566277469105,0.0017726108756171777,-1.0853712692471729,0.8512194599168055,1.9365907291639783,1.9365907291639783,0.004605667503364072,0.001142805098627922,0.0023658106687046002,0.006845524338023544,True,5.574302719929302e-05,False,True,0.002060921780255552,True,0.0026539493398649644,True,True,True
SAETHRE-CHOTZEN SYNDROME; SCS,nose_ala_height_l,South Asian,European,143,143,15,15,moderate,0.063781996950874,0.06474729765497579,0.07159755786202213,0.06402014341907455,0.007815560911148128,-0.0007271542359012367,1.4945965544598117,-0.12382638463901369,-1.6184229390988254,1.6184229390988254,-0.008542715147049275,0.002121245535189673,-0.012700279998387427,-0.004385150295711124,True,5.644104362521744e-05,False,True,0.002645673919932068,True,0.0026770233726268965,True,True,True
SOTOS SYNDROME; SOTOS,eb_thickness_mean,South Asian,European,143,143,10,64,moderate,0.015098469052907851,0.014982672375763902,0.019225866138370108,0.01647926158086499,0.004127397085462257,0.0014965892051010884,2.422496408869322,0.7927454539653799,-1.6297509549039422,1.6297509549039422,-0.002630807880361137,0.0006569501664258362,-0.003918406546193371,-0.0013432092145289035,True,6.212841076251437e-05,True,False,0.002265098309050003,True,0.002908706342480459,True,True,True
Hyperphosphatasia with mental retardation syndrome,eb_position_l,African,European,143,143,27,27,primary,0.37164749987602547,0.3648818860374633,0.3988812652163843,0.32193821340401924,0.027233765340358818,-0.04294367263344406,0.3668477397470702,-0.5287338812696158,-0.895581621016686,0.895581621016686,-0.07017743797380305,0.017536685440025623,-0.10454870984446121,-0.035806166103144875,True,6.287560740591132e-05,False,True,0.009465188231162517,True,0.002935959915056015,True,True,True
SOTOS SYNDROME; SOTOS,inter_canthal_distance,South Asian,European,143,143,10,64,moderate,0.24920834512173665,0.25195082398911633,0.2655536101974809,0.2520019884245113,0.01634526507574427,5.116443539499027e-05,1.1374724506872813,0.003232301035461657,-1.1342401496518197,1.1342401496518197,-0.016294100640348766,0.004076748061975989,-0.02428438001586517,-0.008303821264832362,True,6.419426134450732e-05,True,False,0.002308355288073037,True,0.0029871002713385397,True,True,True
Noonan syndrome,eye_epicanthus_angle_mean,East Asian,South Asian,143,143,10,17,moderate,61.8371163390709,63.58229904076153,79.67786484035724,64.03391579586986,17.840748501286342,0.45161675510833277,1.1703550401377198,0.036958562908358236,-1.1333964772293617,1.1333964772293617,-17.389131746177927,4.360931752420578,-25.936400919959404,-8.841862572396451,True,6.677859944911185e-05,True,False,0.005477931986059957,True,0.003083187602841906,True,True,True
WILLIAMS-BEUREN SYNDROME; WBS,outer_canthal_distance,Latino/Hispanic,European,143,143,40,77,primary,0.6414415173286283,0.6418143240654428,0.6676393074086473,0.6420661255728686,0.02619779008001899,0.000251801507425764,0.9297586695224193,0.008771988672968327,-0.9209866808494509,0.9209866808494509,-0.02594598857259331,0.006507113535929277,-0.038699696746327776,-0.013192280398858844,True,6.682193663953941e-05,True,False,0.003248288586644277,True,0.003083187602841906,True,True,True
Rubinstein-Taybi syndrome,eye_fissure_slant_l,East Asian,European,143,143,15,55,moderate,5.611624582088377,3.5707035560206872,4.125023738356057,5.012842922988904,-1.4866008437323197,1.4421393669682168,-0.5196499410364269,0.4993448516940815,1.0189947927305085,1.0189947927305085,2.9287402107005214,0.7346006056255513,1.488949480653129,4.368530940747914,True,6.69571768556779e-05,False,True,0.01464219783916859,True,0.0030872611348252608,True,True,True
Cornelia de Lange syndrome,iris_offset_y_l,African,Latino/Hispanic,143,143,22,71,primary,-0.04825534768493581,-0.05538219705105777,-0.026780603652841184,-0.06430523955352238,0.02147474403209463,-0.00892304250246461,0.7464176028698899,-0.33390266384076994,-1.0803202667106597,1.0803202667106597,-0.030397786534559344,0.007659054507364001,-0.04540925752462195,-0.015386315544496737,True,7.221446544559587e-05,False,True,0.005119210428788131,True,0.0032900672325159724,True,True,True
SOTOS SYNDROME; SOTOS,eye_fissure_fill_r,African,South Asian,143,143,11,10,moderate,0.2319091889016953,0.24079198326469542,0.26578891092909007,0.32823766953115086,0.03387972202739478,0.08744568626645544,0.5239335767763963,1.563060712976979,1.0391271362005825,1.0391271362005825,0.053565964239060265,0.013496880468834618,0.027112564616502334,0.0800193638616182,True,7.224569353524763e-05,True,False,0.0025627695341895276,True,0.0032900672325159724,True,True,True
Cornelia de Lange syndrome,nose_tip_elevation,African,European,143,143,22,177,primary,0.04372177264152912,0.04471113468379042,0.058614828040301874,0.04930352121271267,0.014893055398772753,0.00459238652892225,1.4467781125380301,0.3692656318545954,-1.0775124806834349,1.0775124806834349,-0.010300668869850186,0.002599406230995013,-0.015395411463789414,-0.005205926275910956,True,7.41066652548377e-05,True,False,0.005119210428788131,True,0.0033609060583808885,True,True,True
SOTOS SYNDROME; SOTOS,eye_fissure_height_l,African,South Asian,143,143,11,10,moderate,0.06998256989918504,0.0740935779685218,0.08750529934042685,0.10929361137209563,0.017522729441241808,0.03520003340357383,0.8602722144105106,1.9259714774170167,1.065699263006506,1.065699263006506,0.017677303962331962,0.004460535366347413,0.008934815292523856,0.026419792632140067,True,7.39997165811978e-05,True,False,0.002589990080341923,True,0.0033609060583808885,True,True,True
Noonan syndrome,forehead_width_mid,East Asian,European,143,143,10,68,moderate,0.8659956822081283,0.8681415358193747,0.9189261440897981,0.8873374145719355,0.05293046188166983,0.01919587875256079,2.222711265911616,0.7182314960892319,-1.5044797698223844,1.5044797698223844,-0.033734583129108625,0.008536627734232085,-0.05046606603762928,-0.017003100220587975,True,7.758311562651213e-05,True,False,0.006171384197563464,True,0.0034821375013644024,True,True,True
Cornelia de Lange syndrome,eye_fissure_slant_mean,African,European,143,143,22,177,primary,4.664066519871331,3.4251770419022325,0.7529693892164562,2.8533926005305594,-3.9110971306548747,-0.5717844413716731,-1.432493012260059,-0.1926525285157894,1.2398404837442696,1.2398404837442696,3.3393126892832177,0.8452347202469546,1.6826830791163987,4.995942299450037,True,7.790604770031665e-05,True,False,0.005243676287521313,True,0.0034869452935982433,True,True,True
Cornelia de Lange syndrome,columella_hang_below_ala,African,European,143,143,22,177,primary,0.04045630537547077,0.03795175094189049,-0.01210551704891983,0.016093024936654904,-0.0525618224243906,-0.021858726005235585,-1.7768606430279847,-0.576214379441631,1.2006462635863537,1.2006462635863537,0.030703096419155126,0.007831988506911424,0.015352681018277104,0.04605351182003315,True,8.846918081044966e-05,True,False,0.005805789990685759,True,0.003857326683214234,True,True,True
Rubinstein-Taybi syndrome,gaze_asym_x,African,East Asian,143,143,13,15,moderate,-0.054651017213793576,0.0299731742490501,-0.015147026974586315,-0.04073415324436592,0.03950399023920726,-0.07070732749341602,0.7058998129223836,-1.2689811923466288,-1.9748810052690122,1.9748810052690122,-0.11021131773262323,0.02818801716366502,-0.16545881616900354,-0.05496381929624291,True,9.234804298018871e-05,False,True,0.01464219783916859,True,0.003999923469003562,True,True,True
Noonan syndrome,malar_bulge_mean,African,European,143,143,22,68,primary,0.03637469078005228,0.0431630478595418,0.02146870000612069,0.03751533480314235,-0.01490599077393159,-0.005647713056399453,-2.02154202138416,-0.8344863193861546,1.1870557019980055,1.1870557019980055,0.009258277717532092,0.0023686353987014686,0.004615837643570542,0.013900717791493641,True,9.279531942014747e-05,True,False,0.007164344514055503,True,0.0040157507074630346,True,True,True
Hyperphosphatasia with mental retardation syndrome,eb_position_r,African,European,143,143,27,27,primary,0.3680374827925917,0.3629357675333865,0.3996475174140692,0.3215903578932405,0.03161003462147749,-0.04134540964014605,0.43600804691242323,-0.5065126219213613,-0.9425206688337845,0.9425206688337845,-0.07295544426162393,0.0186654029935036,-0.10953896188581709,-0.03637192663743076,True,9.283560570865114e-05,False,True,0.009465188231162517,True,0.0040157507074630346,True,True,True
Rubinstein-Taybi syndrome,nose_tip_to_bridge_ratio,East Asian,European,143,143,15,55,moderate,3.3368058202303215,3.338986239455327,3.2228465570540274,3.405498978513093,-0.11395926317629401,0.066512739057766,-0.7223002904863811,0.3844959834095357,1.1067962738959167,1.1067962738959167,0.18047200223405202,0.04621944915796405,0.08988354649916236,0.2710604579689417,True,9.435146677120183e-05,False,True,0.01464219783916859,True,0.004059953494899555,True,True,True
WILLIAMS-BEUREN SYNDROME; WBS,eb_lateral_thickness_mean,African,European,143,143,34,77,primary,0.000949895207760123,0.0009308936047880925,0.0009997081226735677,0.0008936178138996052,4.981291491344469e-05,-3.727579088848721e-05,0.6064162814565408,-0.4142446092888956,-1.0206608907454364,1.0206608907454364,-8.708870580193066e-05,2.235923691059761e-05,-0.0001309120048685006,-4.326540673536072e-05,True,9.82081877408562e-05,False,True,0.004687208960359047,True,0.004203898661433135,True,True,True
SOTOS SYNDROME; SOTOS,eye_fissure_height_mean,African,South Asian,143,143,11,10,moderate,0.07066346117085681,0.07456202451240107,0.08682310340752247,0.10902143776474302,0.01615964223666566,0.03445941325234195,0.7963323174730196,1.91854745691398,1.1222151394409603,1.1222151394409603,0.01829977101567619,0.004700273702818939,0.009087403840670347,0.02751213819068203,True,9.887278147471834e-05,True,False,0.0032369181405234944,True,0.004221354144131643,True,True,True
SOTOS SYNDROME; SOTOS,eye_fissure_aspect_mean,South Asian,European,143,143,10,64,moderate,0.35787619968594025,0.30685635634854797,0.48588208937079624,0.3705019771357646,0.128005889684856,0.06364562078721664,1.6281451904492437,0.6591043604746554,-0.9690408299745883,0.9690408299745883,-0.0643602688976384,0.016541321738940847,-0.09678066376265193,-0.03193987403262489,True,9.988204547901068e-05,True,False,0.0032369181405234944,True,0.004258913417798283,True,True,True
Hyperphosphatasia with mental retardation syndrome,eb_position_l,European,Middle Eastern,143,142,27,16,moderate,0.3648818860374633,0.33416902649350194,0.32193821340401924,0.3775272397480811,-0.04294367263344406,0.04335821325457917,-0.5287338812696158,0.642280934641669,1.1710148159112848,1.1710148159112848,0.08630188588802377,0.022195455749257034,0.042799591999027504,0.12980417977702005,True,0.00010096200779906685,False,True,0.009465188231162517,True,0.004296603244523395,True,True,True
WILLIAMS-BEUREN SYNDROME; WBS,nose_ala_height_l,South Asian,European,143,143,49,77,primary,0.063781996950874,0.06474729765497579,0.07306428638124773,0.06787084088770251,0.009282289430373736,0.0031235432327267193,1.45954608799022,0.5317061346099059,-0.9278399533803141,0.9278399533803141,-0.006158746197647174,0.001584318555649093,-0.009263953506757914,-0.0030535388885364347,True,0.00010135894383340384,True,False,0.004690033386163954,True,0.004307918912117842,True,True,True
WILLIAMS-BEUREN SYNDROME; WBS,nose_ala_height_mean,South Asian,European,143,143,49,77,primary,0.06376001675690902,0.06473390540854329,0.07280450711325734,0.06777209049736446,0.009044490356348314,0.0030381850888211714,1.4648813532890672,0.5230777825655587,-0.9418035707235085,0.9418035707235085,-0.006006305267527275,0.0015463677313933741,-0.009037130327913196,-0.002975480207141353,True,0.00010269368027155624,True,False,0.004690033386163954,True,0.004353391023761975,True,True,True
WILLIAMS-BEUREN SYNDROME; WBS,chin_width,African,European,143,143,34,77,primary,0.33061863145276854,0.3302611228946857,0.3134207381325633,0.3312003166006376,-0.017197893320205215,0.0009391937059519129,-0.9618928361936527,0.04995980019053047,1.011852636384183,1.011852636384183,0.01813708702615756,0.004672239438081263,0.008979666000370623,0.027294508051944492,True,0.00010365073020847927,False,True,0.004690033386163954,True,0.004389139121210471,True,True,True
CHARGE SYNDROME,upper_lip_eversion,East Asian,European,143,143,20,20,primary,0.0862270777656064,0.0770298547495753,0.1007301492995623,0.06645441401572585,0.0145030715339559,-0.010575440733849445,0.6228655421299916,-0.44279648834094976,-1.0656620304709414,1.0656620304709414,-0.02507851226780527,0.006463766562878329,-0.03774726193552105,-0.012409762600089488,True,0.00010451641011769505,False,True,0.0027030106064921135,True,0.004413586361745954,True,True,True
WILLIAMS-BEUREN SYNDROME; WBS,nose_length,South Asian,Latino/Hispanic,143,143,49,40,primary,0.303484032634234,0.3033285917479297,0.3099452839549062,0.2920420114342369,0.006461251320672212,-0.011286580313692784,0.3264982981872033,-0.6178563180983568,-0.9443546162855601,0.9443546162855601,-0.017747831634364566,0.004580005397181661,-0.026724477261839685,-0.008771186006889446,True,0.00010659499754593552,False,True,0.004690033386163954,True,0.004476691694203733,True,True,True
WILLIAMS-BEUREN SYNDROME; WBS,eb_thickness_mean,African,European,143,143,34,77,primary,0.016088890274516005,0.014982672375763902,0.017937397199248573,0.015003828267447769,0.001848506924732568,2.11558916838675e-05,1.0116942305605803,0.011513161300961772,-1.0001810692596185,1.0001810692596185,-0.001827351033048684,0.0004717342146166206,-0.0027519331039725487,-0.0009027689621248193,True,0.00010720076311231894,True,False,0.004690033386163954,True,0.00448945870995858,True,True,True
Rubinstein-Taybi syndrome,mouth_width,African,European,143,143,13,55,moderate,0.3951857855336863,0.368555993262978,0.36052040469509566,0.39204418444888023,-0.03466538083859061,0.02348819118590223,-0.6178784153726012,0.4100818670099201,1.0279602823825214,1.0279602823825214,0.058153572024491826,0.015015370537612394,0.028723986556247704,0.08758315749273594,True,0.00010753198669019556,False,True,0.01464219783916859,True,0.004500463478599845,True,True,True
Rubinstein-Taybi syndrome,jaw_to_forehead_ratio,African,East Asian,143,143,13,15,moderate,1.0448191369834081,1.0872704554673154,0.9795141573174787,1.110412467028907,-0.06530497966592941,0.02314201156159168,-1.220658844749413,0.3509515517463105,1.5716103964957235,1.5716103964957235,0.08844699122752214,0.02288578132421746,0.04359168407399654,0.13330229838104773,True,0.00011121960625167575,False,True,0.01464219783916859,True,0.004631215396483648,True,True,True
WILLIAMS-BEUREN SYNDROME; WBS,cupid_bow_drop,South Asian,Latino/Hispanic,143,143,49,40,primary,0.02337750592071882,0.022538473210158675,0.03156933970913283,0.02549101146904418,0.00819183378841401,0.0029525382588855044,1.4718862308396097,0.5671112132036884,-0.9047750176359213,0.9047750176359213,-0.005239295529528466,0.001357125250238446,-0.007899212142505729,-0.002579378916551203,True,0.00011311651462804407,True,False,0.0047831723083224965,True,0.004695335124238572,True,True,True
WILLIAMS-BEUREN SYNDROME; WBS,malar_bulge_mean,South Asian,European,143,143,49,77,primary,0.03978861652397712,0.0431630478595418,0.03076339233172156,0.04071133272631008,-0.009025224192255557,-0.0024517151332317244,-1.2374221742686204,-0.3484408227623808,0.8889813515062397,0.8889813515062397,0.006573509059023743,0.0017032697297781306,0.0032351617327013374,0.00991185638534615,True,0.00011369037226380186,True,False,0.0047831723083224965,True,0.004715705809865766,True,True,True
WILLIAMS-BEUREN SYNDROME; WBS,nose_ala_height_r,South Asian,European,143,143,49,77,primary,0.06373803656294405,0.06472051316211079,0.07254472784526694,0.06767334010702636,0.008806691282322893,0.002952826944915568,1.45941791932436,0.509051225850913,-0.9503666934734469,0.9503666934734469,-0.005853864337407488,0.0015177322655239905,-0.00882856491600889,-0.002879163758806084,True,0.00011479613539973991,True,False,0.0047831723083224965,True,0.004744089190781207,True,True,True
SAETHRE-CHOTZEN SYNDROME; SCS,nose_ala_height_mean,South Asian,European,143,143,15,15,moderate,0.06376001675690902,0.06473390540854329,0.07135356929331656,0.06407969906949283,0.007593552536407533,-0.0006542063390504588,1.4918613563550336,-0.11207494411211001,-1.6039363004671436,1.6039363004671436,-0.008247758875457874,0.0021396210000905573,-0.012441338976200937,-0.00405417877471481,True,0.00011583581680884359,False,True,0.00482649236703515,True,0.004775050128640418,True,True,True
ANGELMAN SYNDROME; AS,eb_inter_distance,East Asian,European,143,143,10,98,moderate,0.19214803528256313,0.19511334066126107,0.20467237759774254,0.18817028848312042,0.012524342315179404,-0.006943052178140646,1.0908898627139134,-0.5416033112064097,-1.6324931739203232,1.6324931739203232,-0.019467394493319676,0.00505158566206411,-0.029368320455784254,-0.009566468530855096,True,0.00011633684020703945,False,True,0.016451207576351733,True,0.004789697710465149,True,True,True
FLOATING-HARBOR SYNDROME; FLHS,face_aspect_ratio,East Asian,European,143,143,14,62,moderate,0.9197667518592662,0.9113445079503402,0.8700438055764353,0.9206999088607198,-0.049722946282830804,0.009355400910379674,-0.9972547191917506,0.17316171270332556,1.170416431895076,1.170416431895076,0.059078347193209646,0.015344152237510905,0.029004361434388587,0.0891523329520307,True,0.00011801223362935017,False,True,0.022127293805503156,True,0.004843510837159659,True,True,True
SOTOS SYNDROME; SOTOS,eye_fissure_fill_l,African,South Asian,143,143,11,10,moderate,0.22584294690818696,0.23970286423952503,0.26384204046385995,0.336475569927791,0.03799909355567299,0.09677270568826596,0.6105594468557208,1.6861796673232892,1.0756202204675684,1.0756202204675684,0.05877361213259257,0.015267277778597271,0.02885029754457324,0.0886969267206119,True,0.00011828874420174175,True,False,0.003786682360116733,True,0.004848806066873142,True,True,True
ANGELMAN SYNDROME; AS,eb_thickness_l,East Asian,European,143,143,10,98,moderate,0.015377409516974555,0.015115779087123409,0.016755955906464778,0.014226524128913991,0.0013785463894902227,-0.0008892549582094171,0.5443243893798899,-0.3506179326462563,-0.8949423220261462,0.8949423220261462,-0.002267801347699599,0.0005891441614348068,-0.003422502685813872,-0.0011131000095853261,True,0.00011844869454973247,False,True,0.016451207576351733,True,0.004850246704829808,True,True,True
WILLIAMS-BEUREN SYNDROME; WBS,eb_thickness_r,East Asian,South Asian,143,143,11,49,moderate,0.015305077489188483,0.015018078740745415,0.0159350104913148,0.01852419199815817,0.0006299330021263174,0.0035061132574127542,0.26171222999544913,1.401008135521146,1.1392959055256968,1.1392959055256968,0.002876180255286417,0.0007494431566989688,0.0014072986596964298,0.004345061850876404,True,0.00012416357316477475,True,False,0.005092646555586464,True,0.0050455840145759824,True,True,True
Hyperphosphatasia with mental retardation syndrome,eb_thickness_mean,African,European,143,143,27,27,primary,0.016088890274516005,0.014982672375763902,0.017694691678108138,0.014856197013779647,0.0016058014035921324,-0.00012647536198425423,0.9395029670276589,-0.06875287433160147,-1.0082558413592604,1.0082558413592604,-0.0017322767655764048,0.0004520950578387456,-0.002618366796528899,-0.0008461867346239108,True,0.00012727902068691784,False,True,0.009545926551518837,True,0.005134107736297452,True,True,True
SOTOS SYNDROME; SOTOS,eye_fissure_fill_r,South Asian,European,143,143,10,64,moderate,0.24079198326469542,0.20785382101924557,0.32823766953115086,0.2507959459974259,0.08744568626645544,0.04294212497818031,1.563060712976979,0.6127930657242937,-0.9502676472526852,0.9502676472526852,-0.04450356128827447,0.01162910092101969,-0.06729618026605463,-0.021710942310494308,True,0.0001297601790586821,True,False,0.004103861084687236,True,0.005205333215576549,True,True,True
Rubinstein-Taybi syndrome,nostril_region_area,East Asian,European,143,143,15,55,moderate,0.014411944578746156,0.0152075162465076,0.013419347602794774,0.017159248147478295,-0.0009925969759513823,0.0019517319009706956,-0.45766283827844934,0.7843843880740462,1.2420472263524955,1.2420472263524955,0.0029443288769220445,0.0007697465260864142,0.0014356534085678515,0.004453004345276237,True,0.00013073870413192904,False,True,0.01464219783916859,True,0.005222399633459498,True,True,True
Rubinstein-Taybi syndrome,inter_canthal_distance,African,European,143,143,13,55,moderate,0.2566756033080781,0.25195082398911633,0.2850114100952897,0.25400755285823584,0.028335806787211593,0.0020567288691195063,1.5076693595682769,0.12729491217723965,-1.3803744473910373,1.3803744473910373,-0.026279077918092517,0.006877019082439758,-0.03975778764066913,-0.012800368195515902,True,0.00013275592707512855,True,False,0.01464219783916859,True,0.005286918355656997,True,True,True
Noonan syndrome,eb_position_r,South Asian,European,143,143,17,68,moderate,0.3229630638962024,0.3629357675333865,0.40063143457085676,0.3514923641912938,0.07766837067465437,-0.011443403342092706,1.1088692098679713,-0.13971885561787895,-1.2485880654858503,1.2485880654858503,-0.08911177401674623,0.023371994027353488,-0.13492004055724433,-0.04330350747624815,True,0.0001374242547374849,False,True,0.010020518574608275,True,0.005431890318193932,True,True,True
SOTOS SYNDROME; SOTOS,eye_fissure_aspect_r,African,South Asian,143,143,11,10,moderate,0.3449928868285944,0.36000491750012953,0.39079755408499345,0.4808243649832516,0.045804667256399034,0.12081944748312207,0.49788517538782173,1.5250201925435591,1.0271350171557374,1.0271350171557374,0.07501478022672231,0.019675098960335608,0.036452294872203056,0.11357726558124157,True,0.00013747019755855062,True,False,0.004295943673704707,True,0.005431890318193932,True,True,True
WILLIAMS-BEUREN SYNDROME; WBS,gaze_asym_x,Latino/Hispanic,European,143,143,40,77,primary,-0.0361013737556466,-0.040532432201276516,0.01824410714599373,-0.05850911677747389,0.05434548090164033,-0.017976684576197374,0.8938683650039069,-0.27405051211222164,-1.1679188771161284,1.1679188771161284,-0.07232216547783774,0.018985158661330125,-0.10953239269482345,-0.03511193826085202,True,0.00013930140498092113,False,True,0.005625633662691045,True,0.005484471483530278,True,True,True
WILLIAMS-BEUREN SYNDROME; WBS,outer_canthal_distance,European,Middle Eastern,143,142,77,11,moderate,0.6418143240654428,0.648711905501385,0.6420661255728686,0.6783485556184938,0.000251801507425764,0.02963665011710881,0.008771988672968327,1.07394877161474,1.0651767829417718,1.0651767829417718,0.029384848609681838,0.007723889864328698,0.014246302655043624,0.04452339456432005,True,0.00014214222521278331,True,False,0.005653383957326609,True,0.005579612721039106,True,True,True
ANGELMAN SYNDROME; AS,face_triangularity,East Asian,European,143,143,10,98,moderate,0.5569363815840951,0.5463955635522286,0.5919394237895508,0.542667512217446,0.03500304220545569,-0.0037280513347826005,0.9030756478543011,-0.10462990528625714,-1.007705553140558,1.007705553140558,-0.03873109354023674,0.010192758829547057,-0.058708533749251605,-0.01875365333122187,True,0.0001447757355520339,False,True,0.018096966944004235,True,0.005656211133122715,True,True,True
SOTOS SYNDROME; SOTOS,eye_fissure_fill_l,South Asian,European,143,143,10,64,moderate,0.23970286423952503,0.20412872033291574,0.336475569927791,0.24931827899378195,0.09677270568826596,0.045189558660866214,1.6861796673232892,0.6910391191200346,-0.9951405482032546,0.9951405482032546,-0.05158314702739919,0.01357968149960047,-0.07819883368814098,-0.024967460366657396,True,0.00014554300091069756,True,False,0.004391383648167599,True,0.005679200183904073,True,True,True
Rubinstein-Taybi syndrome,iris_offset_x_r,African,East Asian,143,143,13,15,moderate,-0.02404900418584835,0.031964746161307976,-0.0054069586588663295,-0.02485311488540886,0.01864204552698202,-0.056817861046716836,0.28231180197110806,-0.9637359132013825,-1.2460477151724905,1.2460477151724905,-0.07545990657369885,0.01996441992040721,-0.11458945058993099,-0.0363303625574667,True,0.0001570051543026139,False,True,0.015493929700915846,True,0.006040443284950498,True,True,True
ANGELMAN SYNDROME; AS,forehead_taper_ratio,East Asian,European,143,143,10,98,moderate,0.8390320774363398,0.8398251388331127,0.847850827342332,0.8397453608787178,0.008818749905992185,-7.977795439495505e-05,1.3944552408779076,-0.011325688672612142,-1.4057809295505197,1.4057809295505197,-0.008898527860385141,0.002356873687031093,-0.01351791540307621,-0.004279140317694072,True,0.00015964591358195936,False,True,0.018141581088859018,True,0.006116969008166566,True,True,True
Cornelia de Lange syndrome,iris_offset_y_r,African,Latino/Hispanic,143,143,22,71,primary,-0.05133944615821677,-0.05776938462881419,-0.026524772464228297,-0.06252262182495504,0.024814673693988473,-0.004753237196140847,0.872162683367139,-0.19278412924864105,-1.06494681261578,1.06494681261578,-0.029567910890129463,0.007833088418634372,-0.04492048207837064,-0.014215339701888288,True,0.00016017145971005168,False,True,0.009241452418344922,True,0.006126395273959219,True,True,True
SOTOS SYNDROME; SOTOS,eye_area_mean,African,South Asian,143,143,11,10,moderate,0.00991914199846347,0.010471270014262601,0.013211078194016566,0.016774149914885385,0.003291936195553097,0.006302879900622784,1.024079652234204,2.150660871947398,1.1265812197131941,1.1265812197131941,0.003010943705069666,0.0007979423768768873,0.0014470053846526807,0.004574882025486652,True,0.000161047544628387,True,False,0.004775590852705354,True,0.00614560421318424,True,True,True
SOTOS SYNDROME; SOTOS,nose_tip_to_bridge_ratio,African,European,143,143,11,64,moderate,3.533859926909581,3.338986239455327,3.2923420902625398,3.2845104489867816,-0.2415178366470414,-0.05447579046854534,-1.3354730890603561,-0.30663339041299115,1.028839698647365,1.028839698647365,0.18704204617849873,0.04958638177130658,0.08985452378308438,0.28422956857391307,True,0.0001619152708155339,True,False,0.004775590852705354,True,0.006175132863179439,True,True,True
Cornelia de Lange syndrome,columella_length,African,European,143,143,22,177,primary,0.13156770166971504,0.13846756275927488,0.1956617085446909,0.1625422529203675,0.06409400687497585,0.02407469016109262,1.7380797721315724,0.5163383977746786,-1.2217413743568937,1.2217413743568937,-0.04001931671388221,0.010624701051486775,-0.06084334812130113,-0.019195285306463288,True,0.00016546600520465194,True,False,0.009241452418344922,True,0.006277778327874128,True,True,True
WILLIAMS-BEUREN SYNDROME; WBS,forehead_width_upper,European,Middle Eastern,143,142,77,11,moderate,0.7291996362530552,0.732660213381037,0.7273286977464236,0.764615281180897,-0.0018709385066315587,0.031955067799860015,-0.06549522840000122,1.3897088185751607,1.455204046975162,1.455204046975162,0.03382600630649095,0.008982926895336956,0.016219793115874313,0.051432219497107586,True,0.00016615724824425382,False,True,0.006486359464089047,True,0.006300368553667641,True,True,True
SOTOS SYNDROME; SOTOS,nose_ala_height_l,South Asian,European,143,143,10,64,moderate,0.063781996950874,0.06474729765497579,0.07569315231378074,0.0682208927756803,0.011911155362906739,0.003473595120704512,2.2421943527379553,0.6273686199313359,-1.6148257328066196,1.6148257328066196,-0.008437560242202106,0.0022421564906437612,-0.012832106211566597,-0.0040430142728376155,True,0.0001677897726758959,True,False,0.0048400895964200745,True,0.006343977891569957,True,True,True
SOTOS SYNDROME; SOTOS,eye_fissure_height_r,African,South Asian,143,143,11,10,moderate,0.07134435244252858,0.07503047105628033,0.0861409074746181,0.10874926415739042,0.014796555032089515,0.03371879310111009,0.7246345123724567,1.891512065580266,1.1668775532078093,1.1668775532078093,0.018922238069020457,0.005034079320257257,0.009055623905998357,0.028788852232042556,True,0.00017071117030036405,True,False,0.004870835022157126,True,0.0064359285821381515,True,True,True
WILLIAMS-BEUREN SYNDROME; WBS,forehead_width_mid,European,Middle Eastern,143,142,77,11,moderate,0.8681415358193747,0.8705966135483305,0.8665385705431335,0.9049868074851836,-0.0016029652762411528,0.03439019393685305,-0.05625073092273181,1.459130192319709,1.515380923242441,1.515380923242441,0.03599315921309312,0.009610266081308523,0.01715738381188154,0.05482893461430471,True,0.00018019105995311754,False,True,0.006855094672129471,True,0.006697321759139332,True,True,True
Cornelia de Lange syndrome,nose_bridge_width,South Asian,Latino/Hispanic,143,143,11,71,moderate,0.07978811974641697,0.07862283236504028,0.08054073039049338,0.08274941882013731,0.0007526106440764041,0.004126586455097031,0.2539303586432367,1.1424071475283264,0.8884767888850897,0.8884767888850897,0.0033739758110205645,0.0009017613612283616,0.0016065560203631618,0.005141395601677967,True,0.00018289637640330926,True,False,0.009798020164462995,True,0.006790195792500047,True,True,True
WILLIAMS-BEUREN SYNDROME; WBS,eb_thickness_r,African,European,143,143,34,77,primary,0.015940585540225302,0.014849565664404414,0.018284565863286664,0.014959491802998248,0.0023439803230613614,0.0001099261385938341,0.884776079363174,0.04175533404733134,-0.8430207453158427,0.8430207453158427,-0.002234054184467516,0.0005981861840393113,-0.0034064775612340148,-0.0010616308077010174,True,0.0001879287961904516,True,False,0.006983648224606168,True,0.006932473312996553,True,True,True
WILLIAMS-BEUREN SYNDROME; WBS,forehead_width_mid,Latino/Hispanic,European,143,143,40,77,primary,0.8674342870896317,0.8681415358193747,0.8921388533585368,0.8665385705431335,0.02470456626890516,-0.0016029652762411528,0.9052714647382916,-0.05625073092273181,-0.9615221956610234,0.9615221956610234,-0.026307531545146312,0.007046481175197756,-0.04011838086627339,-0.012496682224019236,True,0.00018889105674172872,False,True,0.006983648224606168,True,0.006961651895049699,True,True,True
SOTOS SYNDROME; SOTOS,eye_fissure_aspect_l,African,South Asian,143,143,11,10,moderate,0.335268832209261,0.355747481871751,0.3871609170760303,0.490939813758341,0.05189208486676927,0.13519233188659002,0.5754723358857735,1.6492523109901682,1.0737799751043946,1.0737799751043946,0.08330024701982003,0.02232696630874745,0.03954019717063583,0.12706029686900422,True,0.00019077766905917966,True,False,0.005321031025842121,True,0.007015453993647127,True,True,True
Cornelia de Lange syndrome,nose_bridge_length,African,European,143,143,22,177,primary,0.8719814663214921,0.8642367882857408,0.8100958947488196,0.8396765263078669,-0.06188557157267249,-0.024560261977873865,-1.720226365034066,-0.5408276274469076,1.1793987375871584,1.1793987375871584,0.037325309594804096,0.010112300884518411,0.01750556406031548,0.057145055129292716,True,0.00022330405429118243,True,False,0.011723462850287077,True,0.007983818145538469,True,True,True
MYHRE SYNDROME; MYHRS,eb_position_l,East Asian,European,143,143,12,18,moderate,0.3894586469695038,0.3648818860374633,0.40619741890203437,0.29495337614672956,0.016738771932530594,-0.06992850989073374,0.2501023404495937,-0.8468565150151811,-1.096958855464775,1.096958855464775,-0.08666728182326355,0.023488065748748864,-0.13270304475732014,-0.04063151888920696,True,0.00022439223694018876,False,True,0.028049029617523594,True,0.008009363445797744,True,True,True
Noonan syndrome,mouth_width,East Asian,European,143,143,10,68,moderate,0.3443126991010569,0.368555993262978,0.3141314934923427,0.38168072519060814,-0.03018120560871418,0.01312473192763014,-0.5732719449364809,0.24271398078941028,0.8159859257258912,0.8159859257258912,0.043305937536344555,0.011736934330004957,0.02030196896062309,0.06630990611206602,True,0.00022450580730958543,False,True,0.015156920972053718,True,0.008009363445797744,True,True,True
WILLIAMS-BEUREN SYNDROME; WBS,eb_inter_distance,East Asian,South Asian,143,143,11,49,moderate,0.19214803528256313,0.19557709148002192,0.18994279462101138,0.2093099311817536,-0.002205240661551755,0.01373283970173167,-0.1953283343536149,1.1073366501986954,1.3026649845523104,1.3026649845523104,0.015938080363283286,0.004322188995241911,0.007466745598233777,0.024409415128332793,True,0.0002264663556244737,False,True,0.008256585882142271,True,0.008053089714607433,True,True,True
WILLIAMS-BEUREN SYNDROME; WBS,canthal_to_pupillary_ratio,Latino/Hispanic,European,143,143,40,77,primary,0.5491916153009552,0.5536125813073259,0.5683077810194184,0.5451396547391992,0.019116165718463196,-0.008472926568126704,0.6797805967664321,-0.32205731647034225,-1.0018379132367743,1.0018379132367743,-0.027589092286590178,0.007509764565854401,-0.04230796036803988,-0.012870224205140477,True,0.00023900479371160492,False,True,0.008594350458807711,True,0.008372171116962186,True,True,True
SOTOS SYNDROME; SOTOS,inter_pupillary_distance,African,European,143,143,11,64,moderate,0.4748534279778442,0.4551515740192434,0.514596983197197,0.4683292900649931,0.039743555219352855,0.013177716045749688,1.8046117005366398,0.5969929505131812,-1.2076187500234585,1.2076187500234585,-0.02656583917360303,0.007234487873592552,-0.040745174852436186,-0.012386503494769868,True,0.00024055558282203414,True,False,0.006378367726341814,True,0.008413141340798557,True,True,True
Noonan syndrome,forehead_width_upper,African,European,143,143,22,68,primary,0.754050694943354,0.7291996362530552,0.8045222264820393,0.7484478593606839,0.05047153153868533,0.019248223107628748,1.8780853871566756,0.7173593517928575,-1.160726035363818,1.160726035363818,-0.031223308431057445,0.008511858054908002,-0.04790624366019429,-0.014540373201920604,True,0.0002442516596086635,True,False,0.015638063572505894,True,0.008519653378922878,True,True,True
SOTOS SYNDROME; SOTOS,eb_inter_distance,African,European,143,143,11,64,moderate,0.202216591542269,0.19511334066126107,0.22173239697117184,0.19374081859499187,0.019515805428902827,-0.0013725220662691995,1.5126322784953132,-0.1053867267144386,-1.6180190052097518,1.6180190052097518,-0.020888327495172,0.005701400898503904,-0.032062867917663954,-0.009713787072680044,True,0.00024858005002155123,False,True,0.0065252263130657195,True,0.008656852907265356,True,True,True
Hyperphosphatasia with mental retardation syndrome,eb_position_mean,European,Middle Eastern,143,142,27,16,moderate,0.3639088267854248,0.33209794274997073,0.3217642856486298,0.37177638386154577,-0.042144541136795,0.039678441111575036,-0.5243780949648186,0.5897036270510168,1.1140817220158352,1.1140817220158352,0.08182298224837063,0.02239246555064633,0.037934556244049955,0.1257114082526913,True,0.0002581452414412179,False,True,0.01613407759007612,True,0.00894282874964796,True,True,True
WILLIAMS-BEUREN SYNDROME; WBS,face_triangularity,European,Middle Eastern,143,142,77,11,moderate,0.5463955635522286,0.545894126462029,0.5429273107313873,0.5924538185604198,-0.003468252820841289,0.04655969209839084,-0.09395998496113339,1.519920174113474,1.6138801590746075,1.6138801590746075,0.05002794491923156,0.013709871480338268,0.023157090585095717,0.0768987992533674,True,0.0002632164792049579,False,True,0.009336211518157016,True,0.009076553052065043,True,True,True
SAETHRE-CHOTZEN SYNDROME; SCS,nose_ala_height_r,South Asian,European,143,143,15,15,moderate,0.06373803656294405,0.06472051316211079,0.07110958072461103,0.06413925471991112,0.007371544161666979,-0.0005812584421996669,1.4718509213935043,-0.09912970656739202,-1.5709806279608962,1.5709806279608962,-0.007952802603866547,0.00217942965758579,-0.012224406239573158,-0.003681198968159936,True,0.0002632331178401045,False,True,0.008973856290003563,True,0.009076553052065043,True,True,True
SOTOS SYNDROME; SOTOS,nose_ala_height_mean,South Asian,European,143,143,10,64,moderate,0.06376001675690902,0.06473390540854329,0.07592293347724877,0.06825713756262189,0.012162916720339742,0.0035232321540785982,2.3432083676526974,0.6376526094606333,-1.7055557581920642,1.7055557581920642,-0.008639684566260998,0.002375096610387226,-0.013294788382423123,-0.003984580750098874,True,0.00027517545970575426,True,False,0.006980086419500906,True,0.009401930691231544,True,True,True
Rubinstein-Taybi syndrome,eye_epicanthus_angle_r,African,East Asian,143,143,13,15,moderate,63.70790679418349,63.89451789228451,71.35857554457976,47.57487852712698,7.650668750396278,-16.319639365157535,0.525462819177184,-0.9606331762095132,-1.4860959953866972,1.4860959953866972,-23.97030811555379,6.612148468050073,-36.92988097336362,-11.010735257743956,True,0.000288746781540827,False,True,0.024175502615260625,True,0.009796233687466138,True,True,True
Noonan syndrome,forehead_width_mid,African,European,143,143,22,68,primary,0.8915401790904378,0.8681415358193747,0.9410102292917428,0.8873374145719355,0.049470050201305016,0.01919587875256079,1.899117018307631,0.7182314960892319,-1.1808855222183992,1.1808855222183992,-0.03027417144874517,0.008355206451357802,-0.04665007517680317,-0.013898267720687165,True,0.0002907668998709206,True,False,0.017346888912753784,True,0.009834322873720693,True,True,True
Rubinstein-Taybi syndrome,eye_fissure_height_r,East Asian,European,143,143,15,55,moderate,0.059340598443846676,0.060496078982065916,0.045072066320448974,0.06723765980302161,-0.014268532123397702,0.006741580820955696,-0.7339629767467413,0.3131557942063936,1.0471187709531349,1.0471187709531349,0.02101011294435322,0.005805843887440792,0.00963086802510725,0.03238935786359919,True,0.0002959870144687934,False,True,0.024175502615260625,True,0.009974959611134374,True,True,True
WILLIAMS-BEUREN SYNDROME; WBS,inter_canthal_distance,South Asian,European,143,143,49,77,primary,0.24920834512173665,0.25195082398911633,0.2583605851355303,0.24893357690071602,0.009152240013793639,-0.0030172470884003155,0.6083218370528899,-0.2011760822903285,-0.8094979193432184,0.8094979193432184,-0.012169487102194468,0.0033648098522639724,-0.018764393227457394,-0.005574580976931542,True,0.00029838987244490086,False,True,0.01030622914694559,True,0.010019986778984797,True,True,True
SOTOS SYNDROME; SOTOS,eye_fissure_aspect_l,South Asian,European,143,143,10,64,moderate,0.355747481871751,0.3032776233488448,0.490939813758341,0.36776073658488095,0.13519233188659002,0.06448311323603617,1.6492523109901682,0.6752216164668408,-0.9740306945233275,0.9740306945233275,-0.07070921865055278,0.019553036616394365,-0.10903246620707865,-0.032385971094026904,True,0.000298869254406895,True,False,0.007471731360172375,True,0.010029122508142576,True,True,True
Noonan syndrome,eb_position_mean,South Asian,European,143,143,17,68,moderate,0.3231132403834539,0.3639088267854248,0.39949629849537666,0.3565309586217543,0.07638305811192275,-0.007377868163670476,1.1165659895053166,-0.09077247703162883,-1.2073384665369455,1.2073384665369455,-0.08376092627559248,0.02317809369074551,-0.12918915513974874,-0.038332697411436224,True,0.00030174530345489936,False,True,0.01760180936820246,True,0.010089796476969988,True,True,True
Rubinstein-Taybi syndrome,nose_tip_to_bridge_ratio,African,European,143,143,13,55,moderate,3.533859926909581,3.338986239455327,3.3937432883736665,3.405498978513093,-0.14011663853591472,0.066512739057766,-0.7656107977585874,0.3844959834095357,1.1501067811681231,1.1501067811681231,0.20662937759367306,0.05727838271592607,0.09436581037775643,0.3188929448095897,True,0.0003092112041849049,False,True,0.024175502615260625,True,0.010288783742488613,True,True,True
Rubinstein-Taybi syndrome,eye_area_r,East Asian,European,143,143,15,55,moderate,0.0075419038065528835,0.007941386674729376,0.005487379915809353,0.00879325804174716,-0.00205452389074353,0.0008518713670177831,-0.7925305942161754,0.2697121089397481,1.0622427031559236,1.0622427031559236,0.0029063952577612906,0.0008057069654423643,0.0013272386234011986,0.004485551892121383,True,0.00030944643347533603,False,True,0.024175502615260625,True,0.01029140263075536,True,True,True
SAETHRE-CHOTZEN SYNDROME; SCS,forehead_width_upper,South Asian,European,143,143,15,15,moderate,0.7392184027043129,0.7291996362530552,0.7343934172358058,0.7652585650385184,-0.004824985468507181,0.03605892878546324,-0.1897966674494715,1.3765067741077472,1.5663034415572188,1.5663034415572188,0.04088391425397138,0.0113783498365561,0.018582758370824213,0.06318507013711855,True,0.0003267268178882859,False,True,0.010210213059008934,True,0.010746517396775786,True,True,True
Noonan syndrome,gaze_asym_x,East Asian,European,143,143,10,68,moderate,0.0299731742490501,-0.040532432201276516,0.05773600408073402,-0.08671278454388268,0.027762829831683915,-0.04618035234260616,0.5074799616775924,-0.7929561810170168,-1.3004361426946092,1.3004361426946092,-0.07394318217429025,0.020587427880724797,-0.11429379935482661,-0.03359256499375387,True,0.00032856971507473685,False,True,0.018749902218938786,True,0.01079436592042403,True,True,True
WILLIAMS-BEUREN SYNDROME; WBS,lower_vermilion_height,South Asian,Latino/Hispanic,143,143,49,40,primary,0.18575692822962772,0.18220347355761246,0.23464191248170466,0.19592177789354462,0.048884984252076935,0.013718304335932158,1.1463995266892468,0.3169878315432636,-0.8294116951459832,0.8294116951459832,-0.0351666799161444,0.009806149279119238,-0.05438637933024153,-0.01594698050204728,True,0.00033554905543748526,True,False,0.011439172344459726,True,0.010952705963070117,True,True,True
SOTOS SYNDROME; SOTOS,cheek_area_r,African,European,143,143,11,64,moderate,0.00722499581426286,0.007335790757248694,0.003373003758701082,0.007818802725793779,-0.003851992055561778,0.0004830119685450846,-0.814771468633777,0.09098354230408912,0.9057550109378661,0.9057550109378661,0.0043350040241068605,0.0012106165543403608,0.0019622391785117763,0.006707768869701945,True,0.0003425131768228707,False,True,0.008099973776216537,True,0.011115617658491485,True,True,True
Cornelia de Lange syndrome,eb_position_r,European,Middle Eastern,143,142,177,11,moderate,0.3629357675333865,0.33002685900643947,0.36069072554961673,0.41199895282569154,-0.002245041983769791,0.08197209381925208,-0.027626733037380304,1.2025860875124628,1.230212820549843,1.230212820549843,0.08421713580302202,0.023527350029562424,0.038104377093412294,0.13032989451263174,True,0.0003441970270991431,False,True,0.016731799928430567,True,0.011148253463925447,True,True,True
WILLIAMS-BEUREN SYNDROME; WBS,forehead_width_upper,Latino/Hispanic,European,143,143,40,77,primary,0.7289512712538005,0.7291996362530552,0.7519867234375994,0.7273286977464236,0.023035452183798877,-0.0018709385066315587,0.8562382605547265,-0.06549522840000122,-0.9217334889547277,0.9217334889547277,-0.024906390690430602,0.006958776267521752,-0.038545341551245296,-0.011267439829615904,True,0.0003447350695024938,False,True,0.011601660992872388,True,0.011154690364069374,True,True,True
Cornelia de Lange syndrome,gaze_asym_x,African,European,143,143,22,177,primary,-0.054651017213793576,-0.040532432201276516,-0.005114807722425418,-0.05800668872422009,0.04953620949136816,-0.01747425652294357,0.8595543649958152,-0.27418207657901417,-1.1337364415748294,1.1337364415748294,-0.06701046601431193,0.018752425053357783,-0.10376454374167979,-0.030256388286944075,True,0.00035233634233632527,False,True,0.016816052702415527,True,0.011339263097706014,True,True,True
CHARGE SYNDROME,upper_vermilion_height,East Asian,European,143,143,20,20,primary,0.12142960468138142,0.1055102963087167,0.14255042921764996,0.09056817536269071,0.02112082453626854,-0.014942120946025983,0.569835727310778,-0.39353720716649504,-0.963372934477273,0.963372934477273,-0.036062945482294405,0.010118211218646778,-0.05589427505881122,-0.01623161590577759,True,0.00036502026178321015,False,True,0.008051917539335518,True,0.011633583234244339,True,True,True
WILLIAMS-BEUREN SYNDROME; WBS,malar_bulge_mean,African,European,143,143,34,77,primary,0.03637469078005228,0.0431630478595418,0.02701403441926592,0.04071133272631008,-0.009360656360786361,-0.0024517151332317244,-1.2670586378549649,-0.3484408227623808,0.9186178150925841,0.9186178150925841,0.006908941227554664,0.0019390671395158427,0.0031084394704985084,0.01070944298461082,True,0.00036660824878537835,True,False,0.011737737707197073,True,0.011669020024589135,True,True,True
SAETHRE-CHOTZEN SYNDROME; SCS,face_triangularity,South Asian,European,143,143,15,15,moderate,0.5613582685213022,0.5463955635522286,0.5604325957842965,0.5895073786310259,-0.0009256727370057227,0.043111815078797244,-0.027126545477697897,1.4212632684325524,1.4483898139102502,1.4483898139102502,0.04403748781580376,0.012380042690328833,0.019773050015690886,0.06830192561591664,True,0.00037492096930406013,False,True,0.010815027960694043,True,0.011873206454456052,True,True,True
SOTOS SYNDROME; SOTOS,eye_area_l,African,South Asian,143,143,11,10,moderate,0.009880358856408507,0.010439172715838609,0.013500944187477527,0.016709141704234893,0.0036205853310690202,0.006269968988396284,1.1067840969389773,2.099282793642897,0.9924986967039195,0.9924986967039195,0.0026493836573272434,0.0007464943529991705,0.0011862816107863397,0.004112485703868147,True,0.0003865491734480961,True,False,0.009059746252689752,True,0.012143147708653759,True,True,True
Cornelia de Lange syndrome,eye_fissure_slant_r,African,European,143,143,22,177,primary,4.519360432075955,3.27965052778378,0.6960540399640256,2.71200298778438,-3.8233063921119297,-0.5676475399993999,-1.2761861422446978,-0.18117078589476143,1.0950153563499363,1.0950153563499363,3.255658852112548,0.9182303126390045,1.4559605098271453,5.055357194397951,True,0.00039175034530734826,True,False,0.01836329743628195,True,0.012277209344117324,True,True,True
Hyperphosphatasia with mental retardation syndrome,forehead_height,European,Middle Eastern,143,142,27,16,moderate,0.18136009170593598,0.1820735429980515,0.20942121670258615,0.1854804380878795,0.028061124996650172,0.0034068950898279993,1.4677952235269782,0.16507573732376998,-1.3027194862032083,1.3027194862032083,-0.02465422990682188,0.006961062720838368,-0.038297662133789476,-0.011010797679854283,True,0.00039750667311275054,True,False,0.018633125302160183,True,0.012398434041286434,True,True,True
Hyperphosphatasia with mental retardation syndrome,hairline_height,European,Middle Eastern,143,142,27,16,moderate,0.18136009170593598,0.1820735429980515,0.20942121670258615,0.1854804380878795,0.028061124996650172,0.0034068950898279993,1.4677952235269782,0.16507573732376998,-1.3027194862032083,1.3027194862032083,-0.02465422990682188,0.006961062720838368,-0.038297662133789476,-0.011010797679854283,True,0.00039750667311275054,True,False,0.018633125302160183,True,0.012398434041286434,True,True,True
Rubinstein-Taybi syndrome,iris_offset_x_r,East Asian,Latino/Hispanic,143,143,15,10,moderate,0.031964746161307976,-0.019865690353330905,-0.02485311488540886,-0.008890011453662881,-0.056817861046716836,0.010975678899668023,-0.9637359132013825,0.1528990821676306,1.1166349953690131,1.1166349953690131,0.06779353994638483,0.019142010723922576,0.030275888335817097,0.10531119155695257,True,0.00039769273601632075,False,True,0.02940480396039141,True,0.012398434041286434,True,True,True
CHARGE SYNDROME,cupid_bow_drop,East Asian,European,143,143,20,20,primary,0.022360200561125483,0.0222348140085614,0.02783257468159849,0.022006292545595343,0.005472374120473005,-0.00022852146296605674,1.1005417320959383,-0.04652908579922181,-1.14707081789516,1.14707081789516,-0.005700895583439048,0.0016118190196184226,-0.008860002811487815,-0.002541788355390281,True,0.0004048026257690823,False,True,0.008674341980766049,True,0.012560534518318622,True,True,True
Rubinstein-Taybi syndrome,eye_fissure_height_mean,East Asian,European,143,143,15,55,moderate,0.0591076422939912,0.06023570422371009,0.04532819102961857,0.06688678564047457,-0.013779451264372633,0.006651081416764473,-0.7124185346352433,0.3140567326993721,1.0264752673346154,1.0264752673346154,0.020430532681136968,0.005779469809888258,0.009102980004019429,0.03175808535825451,True,0.00040774661491742753,False,True,0.02940480396039141,True,0.012627507229737664,True,True,True
WILLIAMS-BEUREN SYNDROME; WBS,nose_tip_midline_dent,East Asian,South Asian,143,143,11,49,moderate,0.04024878160552363,0.041315034964562625,0.03795006068928625,0.04301248197601207,-0.0022987209162373817,0.0016974470114494433,-0.803106153180129,0.44684134783937846,1.2499475010195074,1.2499475010195074,0.0039961679276867825,0.0011310060810040172,0.0017794367426231176,0.006212899112750447,True,0.00041042824665657224,False,True,0.012674989970276497,True,0.01267358066728263,True,True,True
WILLIAMS-BEUREN SYNDROME; WBS,jaw_bigonial_width,Latino/Hispanic,European,143,143,40,77,primary,0.7960617985507562,0.8008186518480824,0.7785324261723852,0.8023943642360424,-0.017529372378371044,0.0015757123879599488,-0.7464524285334854,0.063743124668171,0.8101955532016564,0.8101955532016564,0.019105084766331243,0.005415445651979214,0.008491006328217952,0.029719163204444534,True,0.00041888963642374794,False,True,0.01272886398638243,True,0.012876107337476125,True,True,True
WILLIAMS-BEUREN SYNDROME; WBS,eb_thickness_r,European,Middle Eastern,143,142,77,11,moderate,0.014849565664404414,0.014836464997363578,0.014959491802998248,0.017365931925423028,0.0001099261385938341,0.0025294669280594498,0.04175533404733134,1.085991130456834,1.0442357964095026,1.0442357964095026,0.0024195407894655936,0.0006870853519801691,0.0010728782452794359,0.0037662033336517513,True,0.00042918399372575617,True,False,0.01272886398638243,True,0.013118943555308444,True,True,True
SOTOS SYNDROME; SOTOS,eye_area_asym,African,South Asian,143,143,11,10,moderate,0.10480362163932161,0.07677321628920396,0.054601468674752456,0.10378677141197985,-0.050202152964569154,0.027013555122775895,-0.683999772102128,0.34992181523861254,1.0339215873407406,1.0339215873407406,0.07721570808734488,0.021926832663462563,0.034239905771921784,0.12019151040276796,True,0.00042908558932719837,False,True,0.00988971515126716,True,0.013118943555308444,True,True,True
WILLIAMS-BEUREN SYNDROME; WBS,chin_width,East Asian,European,143,143,11,77,moderate,0.321308139685079,0.3302611228946857,0.2979304175561883,0.3312003166006376,-0.023377722128890666,0.0009391937059519129,-1.0638998590019775,0.04995980019053047,1.1138596591925078,1.1138596591925078,0.024316915834843418,0.0069075525655432155,0.010778361585061465,0.03785547008462537,True,0.00043099811424460584,False,True,0.01272886398638243,True,0.013156047359137805,True,True,True
SOTOS SYNDROME; SOTOS,iris_offset_y_r,South Asian,European,143,143,10,64,moderate,-0.06209631538910026,-0.04807802626059159,-0.05879141106611878,-0.07388868991709077,0.0033049043229814792,-0.02581066365649918,0.13900277056034144,-0.8851005104257852,-1.0241032809861266,1.0241032809861266,-0.029115567979480776,0.00828447435248531,-0.04535283934119777,-0.012878296617763782,True,0.00044062615084829876,False,True,0.009971065913592968,True,0.01335692458196203,True,True,True
Cornelia de Lange syndrome,nose_tip_width,South Asian,Latino/Hispanic,143,143,11,71,moderate,0.27368043240883133,0.26840204395282896,0.2662887358230247,0.2798460449843736,-0.007391696585806629,0.011444001031544637,-0.35166786252072907,0.5297724522681104,0.8814403147888394,0.8814403147888394,0.01883569761735096,0.005368579161914314,0.00831347581184668,0.02935791942285524,True,0.0004506293604464486,False,True,0.020752667915296976,True,0.013603710031842972,True,True,True
Rubinstein-Taybi syndrome,jaw_bigonial_width,African,East Asian,143,143,13,15,moderate,0.7866825774858778,0.7888062390929335,0.7590387646808038,0.7936853197861828,-0.027643812805073997,0.004879080693249382,-1.241544971960565,0.16374409041601576,1.4052890623765806,1.4052890623765806,0.032522893498324046,0.009270638872271622,0.014352775194994644,0.05069301180165345,True,0.00045121593459588683,False,True,0.03133443990249214,True,0.013615166452354088,True,True,True
WILLIAMS-BEUREN SYNDROME; WBS,eb_lateral_thickness_mean,European,Middle Eastern,143,142,77,11,moderate,0.0009308936047880925,0.0009109060566544232,0.0008936178138996052,0.0009839232833319454,-3.727579088848721e-05,7.301722667752222e-05,-0.4142446092888956,0.9886757961494042,1.4029204054382998,1.4029204054382998,0.00011029301756600828,3.148705329019639e-05,4.857952713792994e-05,0.00017200650799408662,True,0.0004603858265546083,False,True,0.013280360381382932,True,0.013841046225864424,True,True,True
Hyperphosphatasia with mental retardation syndrome,canthal_to_pupillary_ratio,African,European,143,143,27,27,primary,0.5404602553469873,0.5536125813073259,0.572088280215116,0.5548744636984224,0.03162802486812877,0.0012618823910964805,1.0740145553497176,0.05275811088018839,-1.0212564444695291,1.0212564444695291,-0.03036614247703269,0.008682453095988819,-0.047383437842629064,-0.013348847111436316,True,0.00046979023566246625,True,False,0.01957459315260276,True,0.014059493852893562,True,True,True
Rubinstein-Taybi syndrome,eye_epicanthus_angle_mean,African,East Asian,143,143,13,15,moderate,61.73750309271228,61.8371163390709,69.2656763677317,46.966833720248225,7.5281732750194195,-14.870282618822678,0.5688651163827275,-0.9304781563055736,-1.4993432726883011,1.4993432726883011,-22.398455893842073,6.404843981098766,-34.9517194233938,-9.845192364290352,True,0.00047032456172353915,False,True,0.03149494832970128,True,0.014069080952376115,True,True,True
SOTOS SYNDROME; SOTOS,eye_fissure_aspect_r,South Asian,European,143,143,10,64,moderate,0.36000491750012953,0.31043508934825115,0.4808243649832516,0.37324321768664837,0.12081944748312207,0.06280812833839722,1.5250201925435591,0.6216966683853026,-0.9033235241582566,0.9033235241582566,-0.058011319144723655,0.016600160935044798,-0.09054703671498021,-0.025475601574467106,True,0.0004747302070492294,True,False,0.010650998235078864,True,0.014155787353055255,True,True,True
WILLIAMS-BEUREN SYNDROME; WBS,nose_bridge_width,Latino/Hispanic,European,143,143,40,77,primary,0.07862283236504028,0.0785328176283594,0.0823670584163371,0.07982915013680669,0.0037442260512968173,0.0012963325084472954,1.224335028657681,0.40338744934237103,-0.82094757931531,0.82094757931531,-0.0024478935428495323,0.000700570517597574,-0.0038209865259713613,-0.001074800559727703,True,0.0004755862718314412,True,False,0.013569716995190577,True,0.01416846278790995,True,True,True
Cornelia de Lange syndrome,eb_position_mean,European,Middle Eastern,143,142,177,11,moderate,0.3639088267854248,0.33209794274997073,0.36203979214777954,0.4108104056149257,-0.0018690346376452616,0.07871246286495498,-0.023377716881746856,1.1760775729475366,1.1994552898292834,1.1994552898292834,0.0805814975026003,0.023074354634281032,0.03535659345290458,0.125806401552296,True,0.00047896331181937425,False,True,0.021258357257802098,True,0.01424866499417207,True,True,True
SOTOS SYNDROME; SOTOS,nose_ala_height_r,South Asian,European,143,143,10,64,moderate,0.06373803656294405,0.06472051316211079,0.0761527146407168,0.0682933823495635,0.012414678077772745,0.0035728691874527124,2.4202554168435864,0.6407235580379995,-1.7795318588055868,1.7795318588055868,-0.008841808890319859,0.002536257672955676,-0.013812782584826351,-0.003870835195813367,True,0.0004900014469165369,True,False,0.010900455916575503,True,0.01452551629159707,True,True,True
Cornelia de Lange syndrome,eb_lateral_thickness_mean,Latino/Hispanic,Middle Eastern,143,142,71,11,moderate,0.000946209243405656,0.0009109060566544232,0.000949403880390096,0.0010193688089662728,3.194636984440004e-06,0.00010846275231184957,0.04250085147068568,1.4720527462593118,1.429551894788626,1.429551894788626,0.00010526811532741069,3.0242648156683838e-05,4.5993614143193716e-05,0.00016454261651162766,True,0.0004999491394138526,True,False,0.02151420476985841,True,0.014747266001103996,True,True,True
ANGELMAN SYNDROME; AS,outer_canthal_distance,East Asian,European,143,143,10,98,moderate,0.6256130645873745,0.6418143240654428,0.6536793271833427,0.6343598107020086,0.028066262595968117,-0.007454513363434168,1.0460320179066525,-0.2668024517169009,-1.3128344696235534,1.3128344696235534,-0.03552077595940069,0.010207004770181083,-0.05552613769898414,-0.015515414219817236,True,0.0005013405615212053,False,True,0.03947510875372358,True,0.014774917075697317,True,True,True
WILLIAMS-BEUREN SYNDROME; WBS,outer_canthal_distance,African,European,143,143,34,77,primary,0.6688454411923601,0.6418143240654428,0.6938554958369035,0.6420661255728686,0.025010054644543422,0.000251801507425764,0.9202050982675608,0.008771988672968327,-0.9114331095945924,0.9114331095945924,-0.024758253137116826,0.007124586846307115,-0.038722186760606576,-0.010794319513627075,True,0.0005107694677857187,True,False,0.014416880139113028,True,0.014965727498623441,True,True,True
WILLIAMS-BEUREN SYNDROME; WBS,inter_pupillary_distance,East Asian,South Asian,143,143,11,49,moderate,0.43437265562967037,0.4671219996777339,0.4251873711441196,0.4852594942373175,-0.009185284485550782,0.018137494559583633,-0.4335743083063772,0.8136538437917012,1.2472281520980784,1.2472281520980784,0.027322779045133895,0.007901386316212415,0.01183634643741995,0.04280921165284784,True,0.0005442563092535979,False,True,0.014807886462395161,True,0.015672181445208513,True,True,True
Rubinstein-Taybi syndrome,eye_fissure_aspect_mean,East Asian,European,143,143,15,55,moderate,0.3163569616105306,0.30685635634854797,0.24651533881393373,0.33864319494833994,-0.06984162279659689,0.03178683859979198,-0.6978804669410587,0.3206016062817693,1.018482073222828,1.018482073222828,0.10162846139638812,0.02938972362252016,0.04402566158066255,0.15923126121211367,True,0.0005442840653569475,False,True,0.033613166263901206,True,0.015672181445208513,True,True,True
ANGELMAN SYNDROME; AS,malar_bulge_mean,East Asian,European,143,143,10,98,moderate,0.04283369124782329,0.0431630478595418,0.034463363763877305,0.04227614767635656,-0.008370327483945984,-0.0008869001831852408,-1.2976007496346875,-0.1240689395240075,1.17353181011068,1.17353181011068,0.007483427300760796,0.002166748687588651,0.0032366779095376105,0.01173017669198398,True,0.0005528316237506901,True,False,0.040649384099315455,True,0.015852018866815473,True,True,True
MYHRE SYNDROME; MYHRS,eb_position_mean,East Asian,European,143,143,12,18,moderate,0.38729761177893035,0.3639088267854248,0.4015188033686345,0.29651271782355154,0.01422119158970414,-0.06739610896187326,0.21478347907077813,-0.8254676628313187,-1.0402511419020968,1.0402511419020968,-0.08161730055157673,0.02366139188185837,-0.12799277646410756,-0.03524182463904591,True,0.0005618605702285715,False,True,0.03511628563928572,True,0.016031338010328473,True,True,True
Rubinstein-Taybi syndrome,eye_area_mean,East Asian,European,143,143,15,55,moderate,0.007539212015248872,0.007984457193763596,0.005554877021309448,0.008805119416284247,-0.0019843349939394237,0.000820662222520651,-0.7594316901800625,0.2605316902675673,1.0199633804476298,1.0199633804476298,0.002804997216460055,0.0008150047391477577,0.0012076172805009883,0.0044023771524191214,True,0.0005780830076911377,False,True,0.033613166263901206,True,0.01639023620340332,True,True,True
Rubinstein-Taybi syndrome,eye_fissure_aspect_r,East Asian,European,143,143,15,55,moderate,0.3184119221491069,0.31043508934825115,0.246340193778648,0.34121762301276104,-0.07207172837045892,0.030782533664509892,-0.698659293353572,0.29628852753273094,0.994947820886303,0.994947820886303,0.10285426203496806,0.02988729512077875,0.044276240002922025,0.1614322840670141,True,0.0005787034185222048,False,True,0.033613166263901206,True,0.01639668036638305,True,True,True
SOTOS SYNDROME; SOTOS,eb_position_l,South Asian,European,143,143,10,64,moderate,0.3232634168707053,0.3648818860374633,0.35052706007890244,0.32370481195451906,0.02726364320819713,-0.04117707408294424,0.41417089293559856,-0.5049655108989674,-0.919136403834566,0.919136403834566,-0.06844071729114069,0.019897892875082836,-0.1074398706945392,-0.029441563887742182,True,0.0005825826341625239,False,True,0.012535077169480536,True,0.016453955410732794,True,True,True
Noonan syndrome,eb_inter_distance,African,European,143,143,22,68,primary,0.202216591542269,0.19511334066126107,0.22393955632207233,0.2034663251217662,0.021722964779803317,0.008352984460505142,1.6859493389981186,0.6457029938350656,-1.040246345163053,1.040246345163053,-0.013369980319298605,0.003893333258483071,-0.021000773285737396,-0.005739187352859813,True,0.0005945898498585198,True,False,0.029086497261422494,True,0.0167499068672655,True,True,True
Noonan syndrome,forehead_width_upper,East Asian,European,143,143,10,68,moderate,0.7266776234375778,0.7291996362530552,0.776776097886562,0.7484478593606839,0.05009847444898419,0.019248223107628748,2.1318017945931387,0.7173593517928575,-1.414442442800281,1.414442442800281,-0.030850251341355106,0.00898805589221869,-0.04846651718113676,-0.013233985501573453,True,0.0005983508008064056,True,False,0.029086497261422494,True,0.016840944088215792,True,True,True
WILLIAMS-BEUREN SYNDROME; WBS,vermilion_total,South Asian,Latino/Hispanic,143,143,49,40,primary,0.2917789032173825,0.28784807578148364,0.3720015216438683,0.3108930339437192,0.08022261842648581,0.023044958162235563,1.1453599020561733,0.3137146016194581,-0.8316453004367153,0.8316453004367153,-0.057177660264249794,0.01666657303402739,-0.08984354315664994,-0.024511777371849654,True,0.000602072844623413,True,False,0.01580441217136459,True,0.01689747193700296,True,True,True
Rubinstein-Taybi syndrome,nose_bridge_width,African,European,143,143,13,55,moderate,0.08212955030080693,0.0785328176283594,0.08615726348152632,0.07841861883454497,0.004027713180719386,-0.00011419879381442677,1.166366691373245,-0.035426368076697475,-1.2017930594499424,1.2017930594499424,-0.004141911974533997,0.001209426910055529,-0.006512345160176397,-0.0017714787888915965,True,0.000615501800964291,False,True,0.033613166263901206,True,0.017177098223005997,True,True,True
SOTOS SYNDROME; SOTOS,eye_area_r,African,South Asian,143,143,11,10,moderate,0.009957925140518433,0.010503367312686591,0.012921212200555589,0.01683915812553585,0.002963287060037156,0.0063357908128492575,0.9077910007983825,2.1364311506309606,1.228640149832578,1.228640149832578,0.0033725037528120833,0.00098632872484917,0.0014393349751903935,0.005305672530433773,True,0.0006279417788999047,True,False,0.01329312233558266,True,0.017479751042620124,True,True,True
Noonan syndrome,nose_ala_height_r,African,European,143,143,22,68,primary,0.0658163150025177,0.06472051316211079,0.07471349404945991,0.06829371012609037,0.008897179046942219,0.0035731969639795774,1.6182074136839462,0.5971258870653372,-1.0210815266186088,1.0210815266186088,-0.00532398208296269,0.001558835386215108,-0.008379243297770888,-0.002268720868154493,True,0.000636980556328777,True,False,0.03040134473387345,True,0.017686432254483568,True,True,True
SOTOS SYNDROME; SOTOS,eye_epicanthus_angle_mean,South Asian,European,143,143,10,64,moderate,63.58229904076153,56.54291127026695,82.20578563903035,66.60587832225082,18.623486598268826,10.062967051983868,1.5851993608209425,0.6565912027021771,-0.9286081581187654,0.9286081581187654,-8.560519546284738,2.511044282036654,-13.482075902661817,-3.638963189907658,True,0.0006516631018180952,True,False,0.013576314621210317,True,0.018002877707789813,True,True,True
Rubinstein-Taybi syndrome,eye_fissure_aspect_l,East Asian,European,143,143,15,55,moderate,0.31430200107195433,0.3032776233488448,0.24669048384921943,0.33606876688391873,-0.0676115172227349,0.03279114353507395,-0.6746531598024877,0.33680144368616743,1.0114546034886551,1.0114546034886551,0.10040266075780799,0.02957702308807908,0.04243276073526334,0.15837256078035264,True,0.0006872470737376448,False,True,0.033613166263901206,True,0.01877295184804742,True,True,True
Rubinstein-Taybi syndrome,eb_inter_distance,African,European,143,143,13,55,moderate,0.202216591542269,0.19511334066126107,0.21489979235422263,0.19332302672938526,0.012683200811953621,-0.0017903139318758143,1.0087271404360068,-0.13742259071837015,-1.146149731154377,1.146149731154377,-0.014473514743829886,0.004272738104496983,-0.022847927544015913,-0.006099101943643862,True,0.0007055592434689927,False,True,0.033613166263901206,True,0.019177561082301064,True,True,True
Noonan syndrome,canthal_to_pupillary_ratio,East Asian,European,143,143,10,68,moderate,0.584363092675697,0.5536125813073259,0.6065739719474494,0.5459306750703705,0.02221087927175247,-0.007681906236955416,0.9939198652506644,-0.31747848258249184,-1.3113983478331563,1.3113983478331563,-0.02989278550870783,0.008826509068933614,-0.04719242539303388,-0.012593145624381782,True,0.0007073731482688587,False,True,0.03315811632510275,True,0.019210980792514442,True,True,True
WILLIAMS-BEUREN SYNDROME; WBS,upper_lip_eversion,South Asian,Latino/Hispanic,143,143,49,40,primary,0.07758972992476443,0.07736565095776922,0.10182476363645869,0.08476801034501116,0.024235033711694262,0.007402359387241944,1.226236107113294,0.33895497504010214,-0.8872811320731917,0.8872811320731917,-0.01683267432445224,0.004977374057408914,-0.02658814821455771,-0.007077200434346771,True,0.0007200250884044675,True,False,0.01817371016405507,True,0.01946613880040861,True,True,True
Rubinstein-Taybi syndrome,eye_fissure_fill_r,East Asian,European,143,143,15,55,moderate,0.21625461077421068,0.20785382101924557,0.16336510833368134,0.22537775682362057,-0.05288950244052934,0.017523935804375,-0.7444871475918133,0.24483200708653685,0.9893191546783502,0.9893191546783502,0.07041343824490381,0.020832103649647254,0.02958326536938978,0.11124361112041785,True,0.0007247408346209215,False,True,0.033613166263901206,True,0.019569490708963282,True,True,True
Noonan syndrome,jaw_to_forehead_ratio,East Asian,European,143,143,10,68,moderate,1.0872704554673154,1.1000060249357009,0.9679560102190724,1.0519300156309486,-0.11931444524824297,-0.04807600930475231,-1.8104327634797526,-0.7985604291888276,1.011872334290925,1.011872334290925,0.07123843594349136,0.021085700225611445,0.029911222912484832,0.11256564897449789,True,0.000728774326668231,True,False,0.03356197557024748,True,0.01965418867040041,True,True,True
Rubinstein-Taybi syndrome,outer_canthal_distance,African,European,143,143,13,55,moderate,0.6688454411923601,0.6418143240654428,0.7025883175612258,0.6444703303250013,0.03374287636886564,0.00265600625955853,1.2786512122538738,0.09385230477892151,-1.1847989074749523,1.1847989074749523,-0.031086870109308995,0.009203082250870576,-0.04912457986777514,-0.013049160350842852,True,0.0007304802803466613,True,False,0.033613166263901206,True,0.019659876558654515,True,True,True
Rubinstein-Taybi syndrome,eye_fissure_height_l,East Asian,European,143,143,15,55,moderate,0.05887468614413572,0.05997532946535427,0.045584315738788184,0.06653591147792756,-0.013290370405347536,0.006560582012573292,-0.6817205291964449,0.3105592799942092,0.9922798091906541,0.9922798091906541,0.019850952417920665,0.005881664783042659,0.008323101274019461,0.03137880356182187,True,0.0007380047103858848,False,True,0.033613166263901206,True,0.0198094928779072,True,True,True
SOTOS SYNDROME; SOTOS,nasolabial_angle,African,South Asian,143,143,11,10,moderate,165.50905871433793,167.75923048975937,175.33199011153138,167.77082385368087,9.822931397193457,0.011593363921491573,0.957450118221607,0.001218234546947801,-0.9562318836746592,0.9562318836746592,-9.811338033272193,2.9082454537855527,-15.511394380894224,-4.111281685650163,True,0.0007418457122992883,True,False,0.014752613596860847,True,0.019860079635048128,True,True,True
Rubinstein-Taybi syndrome,eye_fissure_fill_mean,East Asian,European,143,143,15,55,moderate,0.21499287192345656,0.20599127067608064,0.16365744248537287,0.22453376947475742,-0.051335429438083696,0.018542498798676782,-0.7479658175415586,0.27352398673315237,1.021489804274711,1.021489804274711,0.06987792823675981,0.02074046669527677,0.02922736049146487,0.11052849598205475,True,0.0007539794494161129,False,True,0.033613166263901206,True,0.02010306115130147,True,True,True
Rubinstein-Taybi syndrome,eb_lateral_thickness_mean,African,East Asian,143,143,13,15,moderate,0.000949895207760123,0.0009791834278169295,0.0010088704379938307,0.0009287834464888534,5.8975230233707706e-05,-5.039998132807611e-05,0.7505317224043668,-0.5586650479478472,-1.309196770352214,1.309196770352214,-0.00010937521156178338,3.2475734559046114e-05,-0.00017302648166899652,-4.572394145457022e-05,True,0.0007574149752913026,False,True,0.033613166263901206,True,0.020175499041053698,True,True,True
Cornelia de Lange syndrome,eb_inter_distance,South Asian,Latino/Hispanic,143,143,11,71,moderate,0.19557709148002192,0.19255338924611845,0.19594991909179413,0.20465106060429597,0.00037282761177220847,0.01209767135817752,0.03283062262020175,0.9537480000014941,0.9209173773812923,0.9209173773812923,0.011724843746404985,0.0034951521416197273,0.004874471428342281,0.01857521606446769,True,0.0007947929640792763,True,False,0.031611083798607574,True,0.020894697076454385,True,True,True
Rubinstein-Taybi syndrome,eye_fissure_height_mean,African,East Asian,143,143,13,15,moderate,0.07066346117085681,0.0591076422939912,0.07980087717891846,0.04532819102961857,0.009137416008061644,-0.013779451264372633,0.44780012316517576,-0.7124185346352433,-1.160218657800419,1.160218657800419,-0.022916867272434242,0.006840870995746258,-0.036324728046981565,-0.00950900649788692,True,0.0008081371679935997,False,True,0.033613166263901206,True,0.021186211640980536,True,True,True
Noonan syndrome,nose_tip_midline_dent,African,East Asian,143,143,22,10,moderate,0.04080544183207039,0.04024878160552363,0.04364321728509543,0.03678719213395925,0.002837775453025042,-0.003461589471564379,0.8828549205224357,-1.1265496139416176,-2.0094045344640534,2.0094045344640534,-0.006299364924589355,0.0018805724355471646,-0.00998521916858057,-0.0026135106805981402,True,0.00080897352111915,False,True,0.03661302574030636,True,0.021199684740368322,True,True,True
Rubinstein-Taybi syndrome,eye_area_mean,African,East Asian,143,143,13,15,moderate,0.00991914199846347,0.007539212015248872,0.011381487551691745,0.005554877021309448,0.001462345553228276,-0.0019843349939394237,0.45191903986717896,-0.7594316901800625,-1.2113507300472415,1.2113507300472415,-0.003446680547167706,0.0010293460155345786,-0.005464161665245286,-0.001429199429090125,True,0.0008127437892677876,False,True,0.033613166263901206,True,0.021258646872818178,True,True,True
Rubinstein-Taybi syndrome,eye_fissure_fill_r,African,East Asian,143,143,13,15,moderate,0.2319091889016953,0.21625461077421068,0.2594964401418491,0.16336510833368134,0.027587251240153793,-0.05288950244052934,0.4229062726520608,-0.7444871475918133,-1.167393420243874,1.167393420243874,-0.0804767536806829,0.024040048408098303,-0.12759438274715504,-0.03335912461421076,True,0.0008151105408316892,False,True,0.033613166263901206,True,0.021309549924327462,True,True,True
Rubinstein-Taybi syndrome,eye_fissure_height_r,African,East Asian,143,143,13,15,moderate,0.07134435244252858,0.059340598443846676,0.07963185192810805,0.045072066320448974,0.00828749948557947,-0.014268532123397702,0.4045680061992707,-0.7339629767467413,-1.138530982946012,1.138530982946012,-0.02255603160897711,0.006744442096686976,-0.03577489521429939,-0.009337168003654828,True,0.0008246430123410429,False,True,0.033613166263901206,True,0.021498920722213946,True,True,True
Cornelia de Lange syndrome,eb_position_l,European,Middle Eastern,143,142,177,11,moderate,0.3648818860374633,0.33416902649350194,0.3633888587459425,0.40962185840415993,-0.0014930272915207876,0.07545283191065799,-0.018542346824905166,1.1218672478256413,1.1404095946505464,1.1404095946505464,0.07694585920217895,0.023066386794804352,0.031736571830892124,0.12215514657346577,True,0.0008504098584211948,False,True,0.03235254896167589,True,0.022039593295701047,True,True,True
Noonan syndrome,outer_canthal_distance,Latino/Hispanic,European,143,143,14,68,moderate,0.6414415173286283,0.6418143240654428,0.6993088701564172,0.6708624616486565,0.057867352827788876,0.029048137583213673,2.043093501294817,1.0406961584098406,-1.0023973428849764,1.0023973428849764,-0.02881921524457559,0.008651031436491204,-0.04577492528922216,-0.011863505199929021,True,0.0008644016154143277,True,False,0.036803885154291865,True,0.02232301893695681,True,True,True
Noonan syndrome,eb_position_l,South Asian,European,143,143,17,68,moderate,0.3232634168707053,0.3648818860374633,0.39836116241989655,0.36156955305221483,0.07509774554919124,-0.0033123329852484673,1.1007639555333268,-0.04022899110189782,-1.1409929466352247,1.1409929466352247,-0.07841007853443878,0.023548412330989702,-0.1245641185962775,-0.03225603847260006,True,0.0008692727160251793,False,True,0.036803885154291865,True,0.02241360042300217,True,True,True
Rubinstein-Taybi syndrome,malar_bulge_mean,African,East Asian,143,143,13,15,moderate,0.03637469078005228,0.04283369124782329,0.027111255289268187,0.04334730213223891,-0.009263435490784094,0.0005136108844156217,-1.3201173416769103,0.07815760275084721,1.3982749444277576,1.3982749444277576,0.009777046375199746,0.002938275941599237,0.004018131353024725,0.015535961397374766,True,0.0008763614175336557,False,True,0.03432285669496373,True,0.022525708836136773,True,True,True
SOTOS SYNDROME; SOTOS,eb_thickness_asym,African,South Asian,143,143,11,10,moderate,0.22670926993956783,0.1854495552967851,0.0867647252878405,0.2055076725595583,-0.13994454465172734,0.02005811726277318,-0.9181435674009287,0.14102551231736427,1.059169079718293,1.059169079718293,0.16000266191450008,0.04811301985773626,0.06570287580587658,0.2543024480231236,True,0.0008824158208865774,False,True,0.01690760240749829,True,0.02264591733930229,True,True,True
CHARGE SYNDROME,eye_fissure_length_r,East Asian,European,143,143,20,20,primary,0.18705060668819942,0.19454680151890785,0.20313910370645552,0.1955878112848134,0.016088497018256098,0.0010410097659055428,1.305516398424616,0.06944217784100357,-1.2360742205836126,1.2360742205836126,-0.015047487252350437,0.004525138188561157,-0.023916595126997127,-0.00617837937770375,True,0.0008832027563810695,True,False,0.0154046992392047,True,0.022657269306303286,True,True,True
SOTOS SYNDROME; SOTOS,eye_fissure_length_mean,South Asian,European,143,143,10,64,moderate,0.20785381655513904,0.19553608393959354,0.22483414335497792,0.2030760767640991,0.01698032679983888,0.00753999282450557,1.523011127101176,0.6714170990070298,-0.8515940280941461,0.8515940280941461,-0.009440333975332782,0.0028418005449252592,-0.015010160694632589,-0.003870507256032974,True,0.0008938905864181632,True,False,0.01700335354599767,True,0.022868990683655343,True,True,True
Noonan syndrome,face_aspect_ratio,African,European,143,143,22,68,primary,0.8916399937573195,0.9113445079503402,0.8366024547263176,0.8952854506285037,-0.05503753903100195,-0.016059057321836434,-1.1739528353170314,-0.28692068450349256,0.8870321508135388,0.8870321508135388,0.03897848170916485,0.011735068394758852,0.015978170299323233,0.06197879311900646,True,0.0008952262426849371,True,False,0.03724625661607972,True,0.022885352043753738,True,True,True
Rubinstein-Taybi syndrome,eye_area_l,African,East Asian,143,143,13,15,moderate,0.009880358856408507,0.007536520223944873,0.01156115267935916,0.005622374126809527,0.0016807938229506537,-0.001914146097135346,0.5093482913532881,-0.704893545932291,-1.214241837285579,1.214241837285579,-0.0035949399200859954,0.0010825922216523673,-0.005716781684467839,-0.0014730981557041522,True,0.0008979915123814851,False,True,0.03432285669496373,True,0.022918694069857186,True,True,True
Cornelia de Lange syndrome,inter_canthal_distance,African,European,143,143,22,177,primary,0.2566756033080781,0.25195082398911633,0.2771337622644818,0.2529473384140801,0.020458158956403683,0.0009965144249637903,1.0512655597618585,0.06087401784985394,-0.9903915419120046,0.9903915419120046,-0.019461644531438102,0.005861090433981873,-0.03094917069217481,-0.007974118370701395,True,0.0008986219515147045,True,False,0.03349399635589208,True,0.022918694069857186,True,True,True
Noonan syndrome,face_triangularity,East Asian,European,143,143,10,68,moderate,0.5569363815840951,0.5463955635522286,0.6184253526434305,0.5692818787464614,0.06148897105933537,0.022886315194232787,1.576818173895189,0.7357478094860099,-0.841070364409179,0.841070364409179,-0.03860265586510239,0.011635884732606764,-0.06140857086927112,-0.015796740860933658,True,0.0009080992089253722,True,False,0.03724625661607972,True,0.023079831073383544,True,True,True
Cornelia de Lange syndrome,eb_thickness_mean,European,Middle Eastern,143,142,177,11,moderate,0.014982672375763902,0.014997628982252138,0.015331265501826414,0.017179328329019018,0.00034859312606251233,0.0021816993467668796,0.19039405416537897,1.2447891761569698,1.0543951219915908,1.0543951219915908,0.0018331062207043727,0.0005528047310211856,0.000749628857419497,0.0029165835839892484,True,0.000913124404042702,True,False,0.03349399635589208,True,0.023153848656308394,True,True,True
Rubinstein-Taybi syndrome,eye_fissure_fill_mean,African,East Asian,143,143,13,15,moderate,0.22887606790494117,0.21499287192345656,0.257228154536531,0.16365744248537287,0.028352086631589807,-0.051335429438083696,0.45562207769011837,-0.7479658175415586,-1.203587895231677,1.203587895231677,-0.07968751606967334,0.024035910284588808,-0.1267970345631033,-0.03257799757624339,True,0.0009152761785323662,False,True,0.03432285669496373,True,0.02319052359865244,True,True,True
Cornelia de Lange syndrome,eb_arch_l,European,Middle Eastern,143,142,177,11,moderate,0.12848338143010057,0.12521595445450934,0.1318355120952837,0.14765216917664456,0.0033521306651831395,0.022436214722135223,0.16207417746387465,1.0475455967826024,0.8854714193187277,0.8854714193187277,0.019084084056952163,0.005758084793040748,0.007798445242664527,0.030369722871239797,True,0.000918692471475897,True,False,0.03349399635589208,True,0.02325915671911445,True,True,True
SOTOS SYNDROME; SOTOS,eye_epicanthus_angle_l,South Asian,European,143,143,10,64,moderate,62.135701903014755,55.07959163159675,80.82177431444504,65.39012885466585,18.68607241143028,10.310537223069097,1.5601124570599758,0.6997924710358278,-0.860319986024148,0.860319986024148,-8.375535188361066,2.5306231065190503,-13.335465335583274,-3.4156050411388588,True,0.0009340499486180023,True,False,0.017330490075644724,True,0.023542425618782965,True,True,True
Noonan syndrome,nose_ala_height_mean,African,European,143,143,22,68,primary,0.06584558657601433,0.06473390540854329,0.07467830536248914,0.06840618310570203,0.008832718786474805,0.003672277697158735,1.5833590046034163,0.6167475901466811,-0.9666114144567352,0.9666114144567352,-0.005160441089316157,0.001560092929401865,-0.008218167043479403,-0.002102715135152912,True,0.0009403931973804016,True,False,0.0374020021685387,True,0.02364040330438304,True,True,True
Rubinstein-Taybi syndrome,eb_thickness_mean,African,East Asian,143,143,13,15,moderate,0.016088890274516005,0.015341243503081518,0.018021135831937592,0.014585307420303534,0.0019322455574215872,-0.0007559360827779846,1.0783532841490264,-0.4528871096170643,-1.5312403937660908,1.5312403937660908,-0.002688181640199561,0.0008127324202364658,-0.004281107912931106,-0.0010952553674680157,True,0.0009410411663291486,False,True,0.034364556829100425,True,0.02364289518003115,True,True,True
Rubinstein-Taybi syndrome,eye_fissure_aspect_r,African,East Asian,143,143,13,15,moderate,0.3449928868285944,0.3184119221491069,0.38382342109150824,0.246340193778648,0.03883053426291383,-0.07207172837045892,0.41965089619294926,-0.698659293353572,-1.1183101895465213,1.1183101895465213,-0.11090226263337269,0.03370165605766825,-0.1769562947257586,-0.04484823054098677,True,0.0009993608033460966,False,True,0.034364556829100425,True,0.02466515496246466,True,True,True
Rubinstein-Taybi syndrome,eye_fissure_height_l,African,East Asian,143,143,13,15,moderate,0.06998256989918504,0.05887468614413572,0.07996990242972887,0.045584315738788184,0.009987332530543833,-0.013290370405347536,0.48639068562391113,-0.6817205291964449,-1.168111214820356,1.168111214820356,-0.023277702935891306,0.007074895960741774,-0.03714424421331309,-0.009411161658469525,True,0.0010012221826689808,False,True,0.034364556829100425,True,0.024692557580827265,True,True,True
SOTOS SYNDROME; SOTOS,eb_medial_flare_r,South Asian,European,143,143,10,64,moderate,-0.09168199608034211,-0.07585707094450587,-0.045140128726135695,-0.0708438329602949,0.046541867354206415,0.00501323798421098,0.959496902105208,0.0971287356120854,-0.8623681664931226,0.8623681664931226,-0.04152862936999561,0.012636375435029159,-0.06629547011777942,-0.0167617886222118,True,0.0010146410608772283,True,False,0.01836850196415672,True,0.024915636648058587,True,True,True
Rubinstein-Taybi syndrome,eye_epicanthus_angle_l,African,East Asian,143,143,13,15,moderate,59.767099391241075,59.779714785857315,67.17277719088362,46.358788913369466,7.405677799642547,-13.42092587248785,0.5727382106205021,-0.8587417515830873,-1.4314799622035894,1.4314799622035894,-20.82660367213037,6.3457031673128625,-33.26395333664533,-8.389254007615412,True,0.0010307326656915803,False,True,0.034364556829100425,True,0.02522563550901949,True,True,True
Rubinstein-Taybi syndrome,eye_area_r,African,East Asian,143,143,13,15,moderate,0.009957925140518433,0.0075419038065528835,0.01120182242402434,0.005487379915809353,0.001243897283505907,-0.00205452389074353,0.379526967485,-0.7925305942161754,-1.1720575617011755,1.1720575617011755,-0.0032984211742494328,0.0010050060631564847,-0.005268196862280529,-0.0013286454862183358,True,0.0010307677860340314,False,True,0.034364556829100425,True,0.02522563550901949,True,True,True
Cornelia de Lange syndrome,columella_hang_below_ala,African,Latino/Hispanic,143,143,22,71,primary,0.04045630537547077,0.043200258034539536,-0.01210551704891983,0.018743171172655584,-0.0525618224243906,-0.024457086861883953,-1.7768606430279847,-0.7010750204368481,1.0757856225911366,1.0757856225911366,0.028104735562506748,0.008565099943312466,0.011317448149628255,0.04489202297538524,True,0.0010332664865562173,True,False,0.03568848062118514,True,0.02524610609107071,True,True,True
Rubinstein-Taybi syndrome,gaze_asym_x,East Asian,Latino/Hispanic,143,143,15,10,moderate,0.0299731742490501,-0.0361013737556466,-0.04073415324436592,-0.017536544197133568,-0.07070732749341602,0.018564829558513032,-1.2689811923466288,0.3913436185965018,1.6603248109431306,1.6603248109431306,0.08927215705192895,0.027219004868132547,0.03592388781536876,0.14262042628848914,True,0.0010389064403625349,False,True,0.034364556829100425,True,0.025346233192518244,True,True,True
Rubinstein-Taybi syndrome,eye_fissure_fill_l,East Asian,European,143,143,15,55,moderate,0.21373113307270242,0.20412872033291574,0.16394977663706436,0.22368978212589413,-0.04978135643563805,0.019561061792978396,-0.7220894179509523,0.2943522824801415,1.0164417004310937,1.0164417004310937,0.06934241822861584,0.021152535357561328,0.02788421074608556,0.11080062571114611,True,0.001044682527604653,False,True,0.034364556829100425,True,0.025449379840683933,True,True,True
Rubinstein-Taybi syndrome,eye_fissure_aspect_mean,African,East Asian,143,143,13,15,moderate,0.3401308595189277,0.3163569616105306,0.37990692914739077,0.24651533881393373,0.039776069628463084,-0.06984162279659689,0.4430118708552267,-0.6978804669410587,-1.1408923377962854,1.1408923377962854,-0.10961769242505971,0.03351465290105886,-0.1753052050654959,-0.043930179784623505,True,0.0010726674512551466,False,True,0.034676749501782754,True,0.026044270649935704,True,True,True
Noonan syndrome,mouth_upper_curvature_c2,East Asian,European,143,143,10,68,moderate,2.075357051457662,1.5532309076185897,3.1659021416705464,1.3688662922891375,1.0905450902128844,-0.18436461532945225,0.8838134345966872,-0.16633035880464522,-1.0501437934013325,1.0501437934013325,-1.2749097055423344,0.39049511332712356,-2.0402660638023833,-0.5095533472822854,True,0.0010952034165997708,False,True,0.042431548806555766,True,0.026503358351650692,True,True,True
Rubinstein-Taybi syndrome,nose_base_width,East Asian,European,143,143,15,55,moderate,0.22772168920808464,0.2298351551230391,0.21833262396462946,0.23882360255435717,-0.009389065243455175,0.008988447431318075,-0.4969474352685626,0.42539894559414976,0.9223463808627124,0.9223463808627124,0.01837751267477253,0.005630311193491072,0.007342305513777302,0.02941271983576776,True,0.0010983898147500235,False,True,0.034906455977225324,True,0.026560915895481443,True,True,True
WILLIAMS-BEUREN SYNDROME; WBS,face_aspect_ratio,East Asian,South Asian,143,143,11,49,moderate,0.9197667518592662,0.9157080308638558,0.9262690208144343,0.8572822258927061,0.0065022689551681445,-0.058425804971149686,0.1288915788591184,-1.0465641780431325,-1.175455756902251,1.175455756902251,-0.0649280739263195,0.019918926026009812,-0.10396845154801627,-0.025887696304622718,True,0.00111562675631341,False,True,0.0263830651830874,True,0.02682066015441799,True,True,True
Hyperphosphatasia with mental retardation syndrome,eb_position_r,European,Middle Eastern,143,142,27,16,moderate,0.3629357675333865,0.33002685900643947,0.3215903578932405,0.3660255279750106,-0.04134540964014605,0.035998668968571124,-0.5065126219213613,0.5227975300444331,1.0293101519657943,1.0293101519657943,0.07734407860871771,0.02375297739433231,0.030789098390232326,0.12389905882720309,True,0.0011292031891997558,False,True,0.03768649819964293,True,0.027048003719215338,True,True,True
CHARGE SYNDROME,vermilion_total,East Asian,European,143,143,20,20,primary,0.31726223107822293,0.2829172820516881,0.36204874283494604,0.24966553705378813,0.0447865117567231,-0.03325174499789996,0.5547786012375472,-0.4158151872138531,-0.9705937884514002,0.9705937884514002,-0.07803825675462271,0.02397239529192678,-0.12502328814995675,-0.031053225359288672,True,0.0011325736572188841,False,True,0.018171466972531754,True,0.027078806531687868,True,True,True
Rubinstein-Taybi syndrome,forehead_width_upper,African,East Asian,143,143,13,15,moderate,0.754050694943354,0.7266776234375778,0.7760807342464032,0.7156960641903852,0.022030039303049254,-0.010981559247192574,0.8466662571896936,-0.47106701292453607,-1.3177332701142297,1.3177332701142297,-0.03301159855024158,0.01016479811793818,-0.05293423677152093,-0.013088960328962222,True,0.0011636665835215484,False,True,0.036364580735048384,True,0.027571559591546595,True,True,True
WILLIAMS-BEUREN SYNDROME; WBS,face_triangularity,East Asian,European,143,143,11,77,moderate,0.5569363815840951,0.5463955635522286,0.5998746793115368,0.5429273107313873,0.04293829772744173,-0.003468252820841289,1.0868442776267382,-0.09395998496113339,-1.1808042625878716,1.1808042625878716,-0.04640655054828194,0.014296736955852265,-0.07442764007819519,-0.01838546101836869,True,0.0011705775109859718,False,True,0.02705843245987079,True,0.027665518097529707,True,True,True
SOTOS SYNDROME; SOTOS,ala_flare_angle,African,European,143,143,11,64,moderate,167.31097608124335,166.67329528076294,173.725849018832,165.8016098631208,6.414872937588655,-0.8716854176421407,0.8480653096239508,-0.09182678292566454,-0.9398920925496153,0.9398920925496153,-7.286558355230802,2.249450530894542,-11.695400380788609,-2.877716329672996,True,0.0011983967228742336,False,True,0.020695996036479362,True,0.02814092304606459,True,True,True
SAETHRE-CHOTZEN SYNDROME; SCS,forehead_height,South Asian,European,143,143,15,15,moderate,0.19096156050315563,0.18136009170593598,0.17700567267220813,0.19181591592992187,-0.013955887830947505,0.010455824223985888,-0.7398235345520093,0.5507632957442049,1.2905868302962142,1.2905868302962142,0.024411712054933712,0.007572962885669816,0.009568977542762354,0.03925444656710507,True,0.0012661875750022442,False,True,0.031654689375056104,True,0.029317308850764542,True,True,True
SAETHRE-CHOTZEN SYNDROME; SCS,hairline_height,South Asian,European,143,143,15,15,moderate,0.19096156050315563,0.18136009170593598,0.17700567267220813,0.19181591592992187,-0.013955887830947505,0.010455824223985888,-0.7398235345520093,0.5507632957442049,1.2905868302962142,1.2905868302962142,0.024411712054933712,0.007572962885669816,0.009568977542762354,0.03925444656710507,True,0.0012661875750022442,False,True,0.031654689375056104,True,0.029317308850764542,True,True,True
Rubinstein-Taybi syndrome,lower_lip_eversion,African,European,143,143,13,55,moderate,0.12152917570778621,0.11412118302611408,0.14353290535802918,0.10205792125384838,0.02200372965024297,-0.012063261772265702,0.6861346842632933,-0.38536559702878614,-1.0715002812920793,1.0715002812920793,-0.03406699142250904,0.01059400678640706,-0.054830863175839795,-0.013303119669178284,True,0.0013013347117947387,False,True,0.040000042370739924,True,0.0298597877214925,True,True,True
"BLEPHAROPHIMOSIS, PTOSIS, AND EPICANTHUS INVERSUS; BPES",inter_canthal_distance,Latino/Hispanic,European,143,143,11,10,moderate,0.24847946144718827,0.25195082398911633,0.2931280911590189,0.26788446815820083,0.04464862971183062,0.015933644169084493,2.7451484590382518,1.0220382612344023,-1.7231101978038494,1.7231101978038494,-0.02871498554274657,0.008934904788746062,-0.04622707713398331,-0.011202893951509828,True,0.00130991464671025,True,False,0.04093483270969531,True,0.029967601955879934,True,True,True
Cornelia de Lange syndrome,face_triangularity,European,Middle Eastern,143,142,177,11,moderate,0.5463955635522286,0.545894126462029,0.5528190432731189,0.5937856059252175,0.006423479720890302,0.0478914794631885,0.18686612599876024,1.563463028900137,1.3765969029013767,1.3765969029013767,0.04146799974229831,0.012922899358434851,0.016139582423930234,0.06679641706066639,True,0.001332542974937313,True,False,0.042620241460498365,True,0.030316505398660324,True,True,True
SOTOS SYNDROME; SOTOS,eb_position_mean,South Asian,European,143,143,10,64,moderate,0.3231132403834539,0.3639088267854248,0.34820448539325505,0.32585695732401343,0.025091245009801144,-0.03805186946141137,0.378973801825938,-0.47679457021515925,-0.8557683720410972,0.8557683720410972,-0.06314311447121201,0.019679668742697727,-0.1017145564345782,-0.024571672507845824,True,0.0013340815401440811,False,True,0.02259331640566589,True,0.03034101046851378,True,True,True
Rubinstein-Taybi syndrome,forehead_width_mid,African,East Asian,143,143,13,15,moderate,0.8915401790904378,0.8659956822081283,0.909853508917815,0.8515970068474392,0.01831332982737721,-0.014398675360689062,0.7257311981340049,-0.6059976767097122,-1.331728874843717,1.331728874843717,-0.03271200518806561,0.010223427090548031,-0.05274955408411086,-0.012674456292020356,True,0.0013756577518911973,False,True,0.04031242107576558,True,0.030983500983894352,True,True,True
Rubinstein-Taybi syndrome,eye_fissure_fill_l,African,East Asian,143,143,13,15,moderate,0.22584294690818696,0.21373113307270242,0.2549598689312128,0.16394977663706436,0.02911692202302585,-0.04978135643563805,0.46260376530920166,-0.7220894179509523,-1.184693183260154,1.184693183260154,-0.0788982784586638,0.02470643574954002,-0.1273220027141151,-0.03047455420321251,True,0.001405933141343019,False,True,0.040555763692587087,True,0.03148173028839977,True,True,True
Noonan syndrome,eye_epicanthus_angle_r,East Asian,South Asian,143,143,10,17,moderate,63.89451789228451,65.02889617850833,79.58381785832401,64.87454433195597,15.6892999660395,-0.154351846552359,0.9633477065365803,-0.011709395854716151,-0.9750571023912965,0.9750571023912965,-15.84365181259173,4.96576631326825,-25.576374942239745,-6.110928682943717,True,0.0014198978815843637,False,True,0.048941210754027346,True,0.03173293192188032,True,True,True
Noonan syndrome,inter_pupillary_distance,African,European,143,143,22,68,primary,0.4748534279778442,0.4551515740192434,0.5282268337464641,0.48608831590725665,0.053373405768619875,0.030936741888013264,2.3505429976575507,1.3226865923687654,-1.0278564052887853,1.0278564052887853,-0.02243666388060736,0.007045537817582377,-0.036245664254783753,-0.008627663506430969,True,0.0014499373723149804,True,False,0.048941210754027346,True,0.03221666135382284,True,True,True
Noonan syndrome,nose_ala_height_l,African,European,143,143,22,68,primary,0.06587485814951095,0.06474729765497579,0.07464311667551836,0.06851865608531373,0.008768258526007405,0.0037713584303379344,1.5346324023197475,0.6312089078366996,-0.9034234944830479,0.9034234944830479,-0.004996900095669547,0.0015695453749739515,-0.008073152502719907,-0.0019206476886191879,True,0.001454253119548241,True,False,0.048941210754027346,True,0.032291196970536416,True,True,True
Rubinstein-Taybi syndrome,eye_area_l,East Asian,European,143,143,15,55,moderate,0.007536520223944873,0.008027527712797806,0.005622374126809527,0.008816980790821353,-0.001914146097135346,0.0007894530780235467,-0.704893545932291,0.2453322392954396,0.9502257852277306,0.9502257852277306,0.0027035991751588728,0.0008497902223098093,0.0010380409450173604,0.0043691574053003855,True,0.0014651953299764252,False,True,0.04136798068497576,True,0.03247251836423166,True,True,True
SOTOS SYNDROME; SOTOS,eb_lateral_thickness_asym,African,South Asian,143,143,11,10,moderate,0.48006811069082983,0.3978892754888298,0.19391441867537215,0.5072341062712253,-0.2861536920154577,0.10934483078239554,-0.8962638261292605,0.3530310166973279,1.2492948428265884,1.2492948428265884,0.39549852279785236,0.12432128417018729,0.15183328331251575,0.6391637622831889,True,0.0014663517267512875,False,True,0.024208636998252386,True,0.03248403842112438,True,True,True
Rubinstein-Taybi syndrome,nostril_region_area,East Asian,Latino/Hispanic,143,143,15,10,moderate,0.014411944578746156,0.015671910292138904,0.013419347602794774,0.01787521669402009,-0.0009925969759513823,0.0022033064018811867,-0.45766283827844934,0.8108371406501306,1.2684999789285798,1.2684999789285798,0.0031959033778325664,0.0010080472173561396,0.0012201671370987133,0.005171639618566419,True,0.001522341689207108,False,True,0.04136798068497576,True,0.0334446267248024,True,True,True
SAETHRE-CHOTZEN SYNDROME; SCS,mouth_width,South Asian,European,143,143,15,15,moderate,0.37714272350599587,0.368555993262978,0.3779797598031905,0.3174095252965283,0.0008370362971946155,-0.05114646796644967,0.01362130562800347,-0.8992921227689956,-0.9129134283969991,0.9129134283969991,-0.05198350426364373,0.016401068114471177,-0.0841290070759955,-0.01983800145129197,True,0.0015269124240240475,False,True,0.035787009938063614,True,0.033509509973157915,True,True,True
Rubinstein-Taybi syndrome,eye_fissure_aspect_l,African,East Asian,143,143,13,15,moderate,0.335268832209261,0.31430200107195433,0.3759904372032732,0.24669048384921943,0.04072160499401217,-0.0676115172227349,0.44793878058944586,-0.6746531598024877,-1.1225919403919336,1.1225919403919336,-0.10833312221674714,0.03422518691054765,-0.17541325592557222,-0.04125298850792207,True,0.0015492097853293076,False,True,0.041496690678463594,True,0.033840712088173415,True,True,True
WILLIAMS-BEUREN SYNDROME; WBS,eye_fissure_length_mean,East Asian,South Asian,143,143,11,49,moderate,0.187003526695247,0.20785381655513904,0.18834751949985665,0.22158829968775343,0.001343992804609645,0.013734483132614383,0.13870556095857406,1.1382094588967642,0.9995038979381901,0.9995038979381901,0.01239049032800453,0.003918426112224095,0.0047105162719640005,0.02007046438404506,True,0.0015663094366272538,True,False,0.033157760251181785,True,0.034087379037321106,True,True,True
Hyperphosphatasia with mental retardation syndrome,iris_offset_x_l,African,European,143,143,27,27,primary,0.030602013027945223,0.023473104901017103,-0.024879222023156303,0.026990591349569173,-0.05548123505110153,0.0035174864485520707,-0.9073818629840918,0.05547313214929172,0.9628549951333836,0.9628549951333836,0.058998721499653566,0.018721971233775062,0.022304332161859522,0.09569311083744761,True,0.0016254028183244089,False,True,0.04688661975935795,True,0.03513156979119983,True,True,True
Rubinstein-Taybi syndrome,nose_bridge_width,African,East Asian,143,143,13,15,moderate,0.08212955030080693,0.07811411087085843,0.08615726348152632,0.0778166176536181,0.004027713180719386,-0.00029749321724033273,1.166366691373245,-0.0989892701241091,-1.265355961497354,1.265355961497354,-0.004325206397959684,0.0013785967249678507,-0.007027206328101542,-0.0016232064678178264,True,0.00170454659585769,False,True,0.04501443474976294,True,0.03629658498265798,True,True,True
Rubinstein-Taybi syndrome,nose_to_face_area_ratio,East Asian,European,143,143,15,55,moderate,0.03614260454986178,0.035613722629457306,0.03543693435331019,0.03994888760656866,-0.000705670196551593,0.004335164977111353,-0.14297541012300508,0.7357304356045207,0.8787058457275257,0.8787058457275257,0.005040835173662855,0.0016121172519200071,0.0018811434210439563,0.008200526926281754,True,0.0017669514173833506,False,True,0.04601435982769143,True,0.03720046612006254,True,True,True
SOTOS SYNDROME; SOTOS,eb_inter_distance,African,South Asian,143,143,11,10,moderate,0.202216591542269,0.19557709148002192,0.22173239697117184,0.1972090443131099,0.019515805428902827,0.0016319528330879796,1.5126322784953132,0.1449693091165521,-1.3676629693787612,1.3676629693787612,-0.01788385259581511,0.0057213845645652985,-0.029097560284066477,-0.006670144907563746,True,0.0017732750629033003,True,False,0.028041247229645565,True,0.037273924356103584,True,True,True
CHARGE SYNDROME,eb_thickness_asym,East Asian,European,143,143,20,20,primary,0.19444053039998702,0.1966825957555143,0.07808931707082742,0.20146439728619842,-0.1163512133291596,0.00478180153068411,-0.9520517477819058,0.03242803497185135,0.9844797827537571,0.9844797827537571,0.12113301485984398,0.03909397291570191,0.04451023593248392,0.19775579378720404,True,0.0019449726511746334,False,True,0.029769989558795413,True,0.03998810250617015,True,True,True
SOTOS SYNDROME; SOTOS,face_asymmetry,African,South Asian,143,143,11,10,moderate,0.04175975792563998,0.035741623209854606,0.022036260401873623,0.042940528168455075,-0.01972349752376636,0.007198904958600469,-0.8472153617072787,0.3283208724686503,1.175536234175929,1.175536234175929,0.026922402482366756,0.008704557882436929,0.009861782531446137,0.043983022433287375,True,0.0019820512776013042,False,True,0.03007447747805447,True,0.040497163300896755,True,True,True
CHARGE SYNDROME,eye_fissure_slant_mean,East Asian,European,143,143,20,20,primary,5.41154385821533,3.4251770419022325,2.9527678204442243,3.3849853342861294,-2.4587760377711056,-0.040191707616103134,-0.9003337997608647,-0.014048352119402214,0.8862854476414624,0.8862854476414624,2.4185843301550025,0.7878757510165971,0.8743762338700252,3.9627924264399796,True,0.0021423552190880484,True,False,0.03150522381011835,True,0.042840588702870795,True,True,True
SOTOS SYNDROME; SOTOS,eye_epicanthus_angle_r,South Asian,European,143,143,10,64,moderate,65.02889617850833,58.00623090893714,83.58979696361567,67.82162778983579,18.560900785107336,9.815396880898646,1.4830097306555452,0.5832068301459248,-0.8998029005096204,0.8998029005096204,-8.745503904208519,2.8625649691031554,-14.356028147056715,-3.1349796613603216,True,0.0022496409117540093,True,False,0.03317588423232739,True,0.044365293925562724,True,True,True
SOTOS SYNDROME; SOTOS,eb_thickness_l,South Asian,European,143,143,10,64,moderate,0.01517885936507029,0.015115779087123409,0.01877516352879159,0.016282649916066663,0.003596304163721302,0.0011668708289432547,1.4346875655663993,0.4432310292810458,-0.9914565362853536,0.9914565362853536,-0.002429433334778002,0.0007976590670436542,-0.003992816378125385,-0.0008660502914306196,True,0.002321363165080632,True,False,0.03404233691808189,True,0.045384962267038816,True,True,True
CHARGE SYNDROME,eb_lateral_thickness_asym,East Asian,European,143,143,20,20,primary,0.4015913452222843,0.40938619488493505,0.15217718514430792,0.38343646804296055,-0.24941416007797637,-0.025949726841974496,-0.9220421573968274,-0.08923445102429967,0.8328077063725277,0.8328077063725277,0.22346443323600232,0.0755156388676076,0.07545650078595834,0.3714723656860463,True,0.0030845801050025695,True,False,0.04284139034725792,True,0.05550276479321214,False,True,False
SOTOS SYNDROME; SOTOS,eye_fissure_length_asym,African,South Asian,143,143,11,10,moderate,0.08835453004568043,0.0677141356838367,0.03924502920308146,0.08274427659553259,-0.04910950084259897,0.015030140911695883,-0.8041086088739033,0.27434464175497925,1.0784532506288826,1.0784532506288826,0.06413964175429474,0.021870254901221707,0.02127472981518959,0.10700455369339988,True,0.0033599154147726526,False,True,0.0466654918718424,True,0.0590049248187238,False,True,False
SOTOS SYNDROME; SOTOS,eye_epicanthus_angle_r,African,South Asian,143,143,11,10,moderate,63.70790679418349,65.02889617850833,73.39647815785523,83.58979696361567,9.688571363671741,18.560900785107336,0.6756895850261053,1.4830097306555452,0.8073201456294399,0.8073201456294399,8.872329421435486,3.03840521942693,2.9171646209201834,14.82749422195079,True,0.0034996256711524415,True,False,0.04835009150934294,True,0.060792704855554304,False,True,False
