group_1,group_2,feature,n_group_1,n_group_2,mean_group_1,mean_group_2,median_group_1,median_group_2,mann_whitney_u,p_value,hedges_g,abs_hedges_g,effect_category,direction,within_pair_fdr_q_value,within_pair_significant_fdr
Asian,African,eb_thickness_r,571,143,0.015009269436622856,0.015940585540225302,0.0145807880538866,0.0159172043261539,32711.0,0.00023406911293975143,-0.3777948194488882,0.3777948194488882,small,higher_in_African,0.0008866254278020887,True
Asian,African,eb_thickness_l,571,143,0.015256490881157166,0.016237195008806715,0.0150571906238103,0.0160776889059464,32394.0,0.00013194139771477358,-0.37283224905570067,0.37283224905570067,small,higher_in_African,0.0005320217649789257,True
Asian,African,eb_thickness_mean,571,143,0.015132880158890012,0.016088890274516005,0.0151619467144803,0.0161602160658627,28176.0,9.744547713614262e-09,-0.5640752998347109,0.5640752998347109,medium,higher_in_African,4.87227385680713e-08,True
Asian,African,eb_thickness_asym,571,143,0.18753771253456064,0.22670926993956783,0.1537765482085053,0.2228573350233231,35203.0,0.010794151331618554,-0.27912775573929827,0.27912775573929827,small,higher_in_African,0.023671384499163495,True
Asian,African,eb_inter_distance,571,143,0.19393098064644232,0.202216591542269,0.1940452409944149,0.2019535043943998,25462.0,3.2710138936028534e-12,-0.7029115540906705,0.7029115540906705,medium,higher_in_African,2.7258449113357113e-11,True
Asian,African,eb_arch_r,571,143,0.13153365241771256,0.1392981529363101,0.1308134262877024,0.1335111111681216,33783.0,0.0014076541281333032,-0.3450334243178312,0.3450334243178312,small,higher_in_African,0.004291628439430802,True
Asian,African,eb_arch_l,571,143,0.1300323948634269,0.1352582773263664,0.1283632829654562,0.1358745990560405,34641.0,0.0050459367127203315,-0.24219775614692304,0.24219775614692304,small,higher_in_African,0.013140460189375864,True
Asian,African,eb_arch_mean,571,143,0.13078302364056973,0.13727821513133825,0.1309961167650302,0.1377326553671315,32754.0,0.00025261560325349233,-0.3464355722038119,0.3464355722038119,small,higher_in_African,0.0009287338354907806,True
Asian,African,eb_arch_asym,571,143,0.1288775982849466,0.14989922759090854,0.0996920160574269,0.1224112363400429,36166.0,0.0346265426890013,-0.2001678485148882,0.2001678485148882,small,higher_in_African,0.06272924400181394,False
Asian,African,eb_position_r,571,143,0.35098420387110935,0.3680374827925917,0.3478511345320235,0.3659139973699252,35471.0,0.01519112289767752,-0.2324319073675598,0.2324319073675598,small,higher_in_African,0.03218458241033373,True
Asian,African,eb_position_l,571,143,0.354599415539764,0.37164749987602547,0.3546534154062461,0.3688441568750882,35649.0,0.018920650142761022,-0.22989873742129427,0.22989873742129427,small,higher_in_African,0.038771824063034886,True
Asian,African,eb_position_mean,571,143,0.35279180970543667,0.3698424913343086,0.3500951851453064,0.3672744948593647,35518.0,0.016106998315438232,-0.23376581910377417,0.23376581910377417,small,higher_in_African,0.033556246490496315,True
Asian,African,eb_position_asym,571,143,0.048107502769819996,0.04844089658311619,0.0377029108085749,0.0397116492351917,40397.0,0.8457881168072289,-0.007874041223767508,0.007874041223767508,negligible,higher_in_African,0.9273992508851193,False
Asian,African,eb_medial_flare_r,571,143,-0.08411528109522569,-0.09997296045384078,-0.0840595569819175,-0.0952766035651795,46451.0,0.010780125664661319,0.2895682038383477,0.2895682038383477,small,higher_in_Asian,0.023671384499163495,True
Asian,African,eb_medial_flare_l,571,143,-0.08720698428600528,-0.09842459774723625,-0.0863165053854253,-0.1021231795890565,45914.0,0.021094575041297883,0.2207434464907341,0.2207434464907341,small,higher_in_Asian,0.04120034187753493,True
Asian,African,eb_lateral_thickness_r,571,143,0.0009229057960223302,0.0009282791596884389,0.0009033414538489,0.0009193486905308,40020.0,0.7148014122630652,-0.020567961397908896,0.020567961397908896,negligible,higher_in_African,0.8429261937064447,False
Asian,African,eb_lateral_thickness_l,571,143,0.0009487761937367494,0.0009715112558318067,0.0009210126161226,0.0009329068161252,39524.0,0.5549987394533964,-0.08628860789057281,0.08628860789057281,negligible,higher_in_African,0.7226546086632766,False
Asian,African,eb_medial_flare_mean,571,143,-0.08566113269061548,-0.09919877910053851,-0.0858060091438707,-0.0990539770990209,46524.0,0.00979900513925852,0.27003090516767725,0.27003090516767725,small,higher_in_Asian,0.022270466225587544,True
Asian,African,eb_lateral_thickness_mean,571,143,0.0009358409948795388,0.000949895207760123,0.0009354060019627,0.0009360733582243,37194.0,0.09963293701108451,-0.16473586626016828,0.16473586626016828,negligible,higher_in_African,0.1660548950184742,False
Asian,African,eb_lateral_thickness_asym,571,143,0.3969148568795186,0.48006811069082983,0.3250797081080608,0.4237160248523413,34844.0,0.006686797926454033,-0.2760541966284551,0.2760541966284551,small,higher_in_African,0.016389210604054003,True
Asian,African,eye_fissure_length_r,571,143,0.19659443077274896,0.2060107187495451,0.1954520368336376,0.2048474567903742,27645.0,2.2888632597725724e-09,-0.5939596862481075,0.5939596862481075,medium,higher_in_African,1.4305395373578577e-08,True
Asian,African,eye_fissure_height_r,571,143,0.06678802781386818,0.07134435244252858,0.0696309347592603,0.0748302140154858,35983.0,0.028115897095178498,-0.21738716161644756,0.21738716161644756,small,higher_in_African,0.054069032875343266,False
Asian,African,eye_fissure_length_l,571,143,0.19755431524952602,0.2080004320587738,0.1967472021855503,0.2061453158517504,26096.0,2.4202101304138626e-11,-0.6410091977966688,0.6410091977966688,medium,higher_in_African,1.7795662723631343e-10,True
Asian,African,eye_fissure_height_l,571,143,0.06592083620419778,0.06998256989918504,0.0683263593682104,0.0732014382305752,36052.0,0.030434966816840346,-0.19566058566184802,0.19566058566184802,negligible,higher_in_African,0.055946630178015336,False
Asian,African,eye_fissure_length_mean,571,143,0.1970743730111375,0.20700557540415943,0.1966931453065879,0.207146283294597,22897.0,4.3481241341556066e-16,-0.7656645079832831,0.7656645079832831,medium,higher_in_African,6.039061297438343e-15,True
Asian,African,eye_fissure_height_mean,571,143,0.06635443200903299,0.07066346117085681,0.0690404032343087,0.0741153315314137,36040.0,0.030020224353645646,-0.2077555070017052,0.2077555070017052,small,higher_in_African,0.055946630178015336,False
Asian,African,eye_fissure_length_asym,571,143,0.07252318569714847,0.08835453004568043,0.0596419719758627,0.0814830236421404,34878.0,0.0070043354227606386,-0.2821596540943364,0.2821596540943364,small,higher_in_African,0.016837344766251535,True
Asian,African,eye_fissure_height_asym,571,143,0.06370888565656398,0.05829438664853196,0.0349192164776077,0.0411687866454513,38638.0,0.32121162441337303,0.05551962781048398,0.05551962781048398,negligible,higher_in_Asian,0.44579711065389194,False
Asian,African,eye_fissure_slant_r,571,143,4.741706353683784,4.519360432075955,4.924054750718068,4.485665138604218,43389.0,0.2454260007302318,0.0770835621322979,0.0770835621322979,negligible,higher_in_Asian,0.3609205893091644,False
Asian,African,eye_fissure_slant_l,571,143,4.980289485680303,4.8087726076667066,5.219529334985072,4.7276446762894935,43000.0,0.32454029655603334,0.05965317410250674,0.05965317410250674,negligible,higher_in_Asian,0.44579711065389194,False
Asian,African,eye_fissure_slant_mean,571,143,4.860997919682044,4.664066519871331,5.126461017341667,4.662688008339036,42935.0,0.33922302001470206,0.07193234027469297,0.07193234027469297,negligible,higher_in_Asian,0.46090084241128,False
Asian,African,eye_fissure_slant_asym,571,143,1.3451133786598126,1.49926969944322,1.0695112592662248,1.2271274713041027,38375.0,0.2664792106720322,-0.1326857766890029,0.1326857766890029,negligible,higher_in_African,0.3873244341163259,False
Asian,African,eye_fissure_aspect_r,571,143,0.3389523809852399,0.3449928868285944,0.3541707604313897,0.3518803281323435,40323.0,0.8196116116086707,-0.06117455416158349,0.06117455416158349,negligible,higher_in_African,0.9186807316366614,False
Asian,African,eye_fissure_aspect_l,571,143,0.3318510960274454,0.335268832209261,0.3472081183441097,0.3530391554164458,40285.0,0.8062453959232284,-0.03605691066955709,0.03605691066955709,negligible,higher_in_African,0.9161879499127595,False
Asian,African,eye_fissure_aspect_mean,571,143,0.33540173850634264,0.3401308595189277,0.3539172485720145,0.3545455439337188,40224.0,0.7849085143236465,-0.04976983089284462,0.04976983089284462,negligible,higher_in_African,0.9001244430317047,False
Asian,African,inter_canthal_distance,571,143,0.25163929559387865,0.2566756033080781,0.2504446717786783,0.2571841358989558,33018.0,0.0004002723417222388,-0.32323512117277325,0.32323512117277325,small,higher_in_African,0.0013898345198688849,True
Asian,African,inter_pupillary_distance,571,143,0.45115779551624374,0.4748534279778442,0.4514462939257583,0.4769160217448054,19455.0,3.3597716116561813e-22,-1.0222926194671553,1.0222926194671553,large,higher_in_African,2.0998572572851133e-20,True
Asian,African,outer_canthal_distance,571,143,0.6438965685059362,0.6688454411923601,0.642568563273616,0.6670191278333124,21597.0,2.8358408422119423e-18,-0.8528911513728026,0.8528911513728026,large,higher_in_African,5.778528729413068e-17,True
Asian,African,canthal_to_pupillary_ratio,571,143,0.5584819048083773,0.5404602553469873,0.5589087353803793,0.5380942161134635,53856.0,3.4851412224098318e-09,0.5745717128404564,0.5745717128404564,medium,higher_in_Asian,1.980193876369223e-08,True
Asian,African,eye_epicanthus_angle_r,571,143,63.977298596606914,63.70790679418349,65.78660080495564,65.27871327799876,42481.0,0.4533317280611123,0.017260143482939166,0.017260143482939166,negligible,higher_in_Asian,0.6028347447621174,False
Asian,African,eye_epicanthus_angle_l,571,143,60.30783900500874,59.767099391241075,61.86353732132629,62.01125488185475,42025.0,0.5870362282555626,0.038291451788741666,0.038291451788741666,negligible,higher_in_Asian,0.7435791901300551,False
Asian,African,eye_epicanthus_angle_mean,571,143,62.142568800807815,61.73750309271228,64.10303313501618,63.549671913155734,42322.0,0.49790709234438213,0.028110215334198815,0.028110215334198815,negligible,higher_in_Asian,0.6551409109794502,False
Asian,African,eye_epicanthus_angle_asym,571,143,0.1151896046065386,0.11202732446467151,0.0874459821060896,0.0854179636978961,40804.0,0.9920419393876172,0.02611008259266702,0.02611008259266702,negligible,higher_in_Asian,0.9920419393876172,False
Asian,African,eye_upper_lid_to_iris_r,571,143,0.44913616509697657,0.46031771823896006,0.4710256581680716,0.4637937677059919,41536.0,0.7478780866551489,-0.09558305218854947,0.09558305218854947,negligible,higher_in_African,0.8736893535690992,False
Asian,African,eye_lower_lid_to_iris_r,571,143,0.535347860084673,0.5267688224730921,0.5194245053019937,0.5256527263091307,39653.0,0.5948633521040442,0.0778044443421565,0.0778044443421565,negligible,higher_in_Asian,0.7435791901300551,False
Asian,African,eye_upper_lid_to_iris_l,571,143,0.45574946775485353,0.47063432683637607,0.4795984371726358,0.4719968992169286,40886.0,0.978660119293134,-0.10030024264487812,0.10030024264487812,negligible,higher_in_African,0.9865525396100141,False
Asian,African,eye_lower_lid_to_iris_l,571,143,0.5242613963960616,0.5155967723035693,0.51070757223546,0.5169359412926297,39904.0,0.6759426554510163,0.07648245772469585,0.07648245772469585,negligible,higher_in_Asian,0.8046936374416861,False
Asian,African,eye_upper_lid_to_iris_mean,571,143,0.452442816425915,0.46547602253766807,0.4752274078662436,0.46874939245005,41222.0,0.8578743318586166,-0.10266310113435753,0.10266310113435753,negligible,higher_in_African,0.9324720998463224,False
Asian,African,eye_upper_lid_to_iris_asym,571,143,0.014495898739898913,0.05250574010477966,0.0301470852969829,0.0294924450975631,39714.0,0.6141586512984233,-0.11334420731774848,0.11334420731774848,negligible,higher_in_African,0.7526454060029698,False
Asian,African,eye_lower_lid_to_iris_mean,571,143,0.5298046282403673,0.5211827973883306,0.5155254218761933,0.5206132964070271,39791.0,0.6389003945168069,0.08205441858000614,0.08205441858000614,negligible,higher_in_Asian,0.7679091280250083,False
Asian,African,eye_lower_lid_to_iris_asym,571,143,0.041266537741517346,0.03397051959511941,0.0257290969014909,0.0257545755132593,40762.0,0.976852142464461,0.10860761228513514,0.10860761228513514,negligible,higher_in_Asian,0.9865525396100141,False
Asian,African,eye_area_r,571,143,0.008917269440804235,0.009957925140518433,0.0090085433948127,0.010397462991973,33581.0,0.0010210641211165809,-0.32376624854139485,0.32376624854139485,small,higher_in_African,0.003272641413835195,True
Asian,African,eye_area_l,571,143,0.00890669392361415,0.009880358856408507,0.0090184981022471,0.0103250015269337,33724.0,0.0012826853829367591,-0.2982890003670484,0.2982890003670484,small,higher_in_African,0.004008391821677372,True
Asian,African,eye_area_mean,571,143,0.008911981682209191,0.00991914199846347,0.0089516145102561,0.0102475282480606,33475.0,0.0008600311599563724,-0.31493853923296955,0.31493853923296955,small,higher_in_African,0.0028290498682775407,True
Asian,African,eye_area_asym,571,143,0.09409080909676507,0.10480362163932161,0.0672563621497296,0.0904253763302922,34233.0,0.0027983626566105224,-0.11242743194457543,0.11242743194457543,negligible,higher_in_African,0.007604246349485116,True
Asian,African,eye_fissure_fill_r,571,143,0.2284342679795512,0.2319091889016953,0.2377835900325926,0.2359926011116485,40534.0,0.8946807976783395,-0.050592717943934405,0.050592717943934405,negligible,higher_in_African,0.9477550822863766,False
Asian,African,eye_fissure_fill_l,571,143,0.2243436553112153,0.22584294690818696,0.2339569131842853,0.2358226365986763,40606.0,0.9205498284966895,-0.022867595827490116,0.022867595827490116,negligible,higher_in_African,0.9669641055637496,False
Asian,African,eye_fissure_fill_mean,571,143,0.22638896164538327,0.22887606790494117,0.2377569746576531,0.2386775717871556,40482.0,0.8760654233589801,-0.03792779406993374,0.03792779406993374,negligible,higher_in_African,0.9440360165506251,False
Asian,African,iris_offset_x_r,571,143,-0.0007827015555519909,-0.02404900418584835,-0.0041507158603479,-0.0338163328368048,51059.0,3.503187605532389e-06,0.3337830315074796,0.3337830315074796,small,higher_in_Asian,1.5639230381841023e-05,True
Asian,African,iris_offset_y_r,571,143,-0.057182589841717674,-0.05133944615821677,-0.0590147612098291,-0.0529205540815317,34799.0,0.006286440950962958,-0.21868391898875225,0.21868391898875225,small,higher_in_African,0.015716102377407393,True
Asian,African,iris_offset_x_l,571,143,0.013437015322196206,0.030602013027945223,0.0107798341472779,0.0316461740178528,33850.0,0.0015631264110397434,-0.2522083661550902,0.2522083661550902,small,higher_in_African,0.004543972125115534,True
Asian,African,iris_offset_y_l,571,143,-0.054965128888237846,-0.04825534768493581,-0.0579726279541556,-0.0507099106765795,33814.0,0.0014777259464488508,-0.23829571158756924,0.23829571158756924,small,higher_in_African,0.004397993888240627,True
Asian,African,gaze_asym_x,571,143,-0.014219716877748192,-0.054651017213793576,-0.0216797783160591,-0.0610603960864527,56553.0,1.006033244209556e-12,0.6700611826889282,0.6700611826889282,medium,higher_in_Asian,8.982439680442464e-12,True
Asian,African,gaze_asym_y,571,143,-0.0022174609534798334,-0.003084098473280938,-0.0011681334691571,-0.0021328542407525,43818.0,0.1750907988555368,0.09195812324074407,0.09195812324074407,negligible,higher_in_Asian,0.2669067055724646,False
Asian,African,gaze_asym_norm,571,143,0.053564737334142576,0.06678268819316735,0.0475752001358117,0.0656004182166978,32361.0,0.00012415793918658322,-0.3672055596690276,0.3672055596690276,small,higher_in_African,0.0005173247466107634,True
Asian,African,nose_length,571,143,0.3020336301205739,0.29909583464492967,0.303184737042005,0.3012951223829224,44371.0,0.10811157041537826,0.15512085039015513,0.15512085039015513,negligible,higher_in_Asian,0.17550579612886083,False
Asian,African,nose_bridge_length,571,143,0.8714005227890155,0.8719814663214921,0.876986623879289,0.8768556362942295,40996.0,0.9389263732175133,-0.015950125684749156,0.015950125684749156,negligible,higher_in_African,0.9699652615883402,False
Asian,African,nose_bridge_width,571,143,0.07889098859439284,0.08212955030080693,0.0788182505880368,0.0822589732137699,19705.0,1.0126365835291928e-21,-1.029239867096903,1.029239867096903,large,higher_in_African,3.609356644408581e-20,True
Asian,African,nose_tip_width,571,143,0.2662407729131519,0.290349699248848,0.2654009478985833,0.2875249890876222,16452.0,2.182088099305817e-28,-1.1718559159892057,1.1718559159892057,large,higher_in_African,2.727610124132271e-26,True
Asian,African,nose_base_width,571,143,0.23372432074890218,0.25595115681484953,0.2307356157272671,0.2534748256719546,19735.0,1.154994126210746e-21,-0.9777307214027545,0.9777307214027545,large,higher_in_African,3.609356644408581e-20,True
Asian,African,nose_tip_to_bridge_ratio,571,143,3.372666649163573,3.533859926909581,3.3491345608029466,3.5101041428990887,21599.0,2.8586351856016632e-18,-0.8605562823232178,0.8605562823232178,large,higher_in_African,5.778528729413068e-17,True
Asian,African,nose_tip_midline_dent,571,143,0.040765199047477524,0.04080544183207039,0.0407164408464736,0.0405437649458466,40957.0,0.9530015278852018,-0.01263420913995772,0.01263420913995772,negligible,higher_in_African,0.9764359916856575,False
Asian,African,nose_ala_height_r,571,143,0.06450447244428027,0.0658163150025177,0.0643717696174992,0.0654049109624751,34986.0,0.008104758454624845,-0.2517567919191591,0.2517567919191591,small,higher_in_African,0.018761014941261214,True
Asian,African,nose_ala_height_l,571,143,0.06453398184065272,0.06587485814951095,0.0644228084335553,0.0654367358786045,35736.0,0.021018746270005582,-0.24563709418629706,0.24563709418629706,small,higher_in_African,0.04120034187753493,True
Asian,African,nose_ala_height_mean,571,143,0.0645192271424665,0.06584558657601433,0.0643993550071771,0.0653665950345765,35306.0,0.012328611927896154,-0.25037597938469297,0.25037597938469297,small,higher_in_African,0.0265702843273624,True
Asian,African,nose_ala_height_asym,571,143,0.014966303135620949,0.01297170423825514,0.0118212061499445,0.0096563948289651,44416.0,0.10370717802326411,0.15108856646042076,0.15108856646042076,negligible,higher_in_Asian,0.17057101648563178,False
Asian,African,nostril_region_area,571,143,0.0150379122629207,0.016942657299799446,0.0147659571469213,0.0165643858283105,23686.0,7.802736867320899e-15,-0.7602006583761611,0.7602006583761611,medium,higher_in_African,8.866746440137386e-14,True
Asian,African,nasolabial_angle,571,143,168.2088095134845,165.50905871433793,170.41485865576175,168.18188251329602,46717.0,0.007577387218374955,0.28915352759456675,0.28915352759456675,small,higher_in_Asian,0.017871196269752254,True
Asian,African,nose_tip_elevation,571,143,0.042782269316510635,0.04372177264152912,0.0416086499295883,0.042077527560709,37949.0,0.1921169150276688,-0.08556014066884227,0.08556014066884227,negligible,higher_in_African,0.2893327033549229,False
Asian,African,ala_flare_angle,571,143,167.61466928587976,167.31097608124335,168.2984732134107,167.96549446116214,41882.0,0.6324337339040105,0.03918680356498825,0.03918680356498825,negligible,higher_in_Asian,0.7675166673592361,False
Asian,African,columella_length,571,143,0.13110495554339865,0.13156770166971504,0.1258908791797691,0.127029404112911,39705.0,0.6112945024867587,-0.012154681326069741,0.012154681326069741,negligible,higher_in_African,0.7526454060029698,False
Asian,African,columella_hang_below_ala,571,143,0.03535579597474666,0.04045630537547077,0.0348977467518696,0.0383148522505834,37340.0,0.11400524536092899,-0.16836977987031146,0.16836977987031146,negligible,higher_in_African,0.18270071371943747,False
Asian,African,nose_to_face_area_ratio,571,143,0.037046628377128,0.04020159935314416,0.0366283266797438,0.0404840932826711,28010.0,6.233287378338776e-09,-0.5786843133818899,0.5786843133818899,medium,higher_in_African,3.246503842884779e-08,True
Asian,African,philtrum_length,571,143,0.2817296740851224,0.29118245228222006,0.2796996723800848,0.2907224250879635,36354.0,0.042614818230663924,-0.19376685835444327,0.19376685835444327,negligible,higher_in_African,0.07609788969761415,False
Asian,African,philtrum_width,571,143,0.30145370808513594,0.305792406933083,0.2990375407981622,0.3045568246885312,32672.0,0.00021836017338659842,-0.27417641406459026,0.27417641406459026,small,higher_in_African,0.0008529694272914,True
Asian,African,mouth_width,571,143,0.3625543824697565,0.3951857855336863,0.3551434140529143,0.3850515756851527,27671.0,2.4603495210826434e-09,-0.5507007423467263,0.5507007423467263,medium,higher_in_African,1.4644937625491924e-08,True
Asian,African,mouth_opening,571,143,0.13257914310987598,0.16960867166173393,0.1189906155309714,0.1641542207290649,33909.0,0.001712969414657012,-0.28069835724703535,0.28069835724703535,small,higher_in_African,0.00486639038254833,True
Asian,African,upper_vermilion_height,571,143,0.11242840134006278,0.11583975011954575,0.1087512381975985,0.111269299537395,38261.0,0.24487366298435564,-0.09490576034995682,0.09490576034995682,negligible,higher_in_African,0.3609205893091644,False
Asian,African,lower_vermilion_height,571,143,0.18762466030469996,0.191263657554288,0.1812949356796765,0.188178125423892,38826.0,0.36454549583215246,-0.0772767087515027,0.0772767087515027,negligible,higher_in_African,0.48998050515074254,False
Asian,African,vermilion_total,571,143,0.3000530616447628,0.3071034076738338,0.2904167879126076,0.2997654610370223,38495.0,0.290601574705285,-0.08907284916298656,0.08907284916298656,negligible,higher_in_African,0.40814827908045653,False
Asian,African,cupid_bow_drop,571,143,0.022532264810993907,0.0227861036257002,0.0223942009606366,0.0223521253516681,39643.0,0.5917267837022542,-0.047089252651632024,0.047089252651632024,negligible,higher_in_African,0.7435791901300551,False
Asian,African,mouth_corner_drop,571,143,0.15593769436070395,0.15325450823612635,0.1440662645152519,0.1463402726909836,40393.0,0.8443685344453701,0.027273099891296938,0.027273099891296938,negligible,higher_in_Asian,0.9273992508851193,False
Asian,African,mouth_triangularity,571,143,0.1784699591716979,0.1760406118618266,0.1673223628863493,0.1746564128928951,40333.0,0.8231379355464487,0.025010575111168207,0.025010575111168207,negligible,higher_in_Asian,0.9186807316366614,False
Asian,African,mouth_tenting,571,143,0.5828318693269822,0.5701174633078074,0.5609090070725139,0.5711321857735522,41011.0,0.9335176872526729,0.042391352179642516,0.042391352179642516,negligible,higher_in_Asian,0.9699652615883402,False
Asian,African,mouth_upper_curvature_c2,571,143,1.7826352975631405,1.5196129441187485,1.6168498471334003,1.5391725974334125,45141.0,0.050484791692738694,0.23700603520280478,0.23700603520280478,small,higher_in_Asian,0.08644656111770326,False
Asian,African,mouth_upper_fit_residual,571,143,0.013306597548338994,0.013837709262674936,0.0124305837220438,0.0130800789829727,36433.0,0.0464095318314577,-0.10205950259327635,0.10205950259327635,negligible,higher_in_African,0.08170692223848187,False
Asian,African,upper_lip_eversion,571,143,0.08096156073397721,0.08544383163453248,0.0788861841055664,0.0815525606307767,36010.0,0.02900456328656931,-0.19789487228433647,0.19789487228433647,negligible,higher_in_African,0.054932885012441875,False
Asian,African,lower_lip_eversion,571,143,0.12085171548818789,0.12152917570778621,0.117596318214018,0.1210144823713,40221.0,0.7838631755979142,-0.020804327801602077,0.020804327801602077,negligible,higher_in_African,0.9001244430317047,False
Asian,African,lip_outer_to_inner_area,571,143,8.531638670169158,7.514409079434168,4.2839465303661415,3.3247265850692003,45987.0,0.019315600194727753,0.10736819853173067,0.10736819853173067,negligible,higher_in_Asian,0.03894274232808015,True
Asian,African,lip_midline_x_std,571,143,0.0027832413119679407,0.004123836461133385,0.0021332421430593,0.0027905433951096,32153.0,8.42181459867261e-05,-0.4260035299860453,0.4260035299860453,small,higher_in_African,0.00036300924994278486,True
Asian,African,cupid_bow_peak_asym,571,143,0.006808023532333788,0.006805176344928711,0.0046899797930411,0.0053726467259261,39643.0,0.5917267837022542,0.00042331331820510656,0.00042331331820510656,negligible,higher_in_Asian,0.7435791901300551,False
Asian,African,chin_height,571,143,0.1779864639577506,0.1549721520789479,0.1771422126844082,0.1553245860711904,54891.0,1.8155969687484803e-10,0.6532548319478421,0.6532548319478421,medium,higher_in_Asian,1.2608312282975558e-09,True
Asian,African,chin_width,571,143,0.3250316686316231,0.33061863145276854,0.3219077537755619,0.3283756229408838,33067.0,0.0004353220629162146,-0.2805164690419375,0.2805164690419375,small,higher_in_African,0.0014706826449872115,True
Asian,African,chin_pointedness_angle,571,143,152.16271721096103,149.1143404864694,152.31174391115584,149.5341632923766,54321.0,9.49000870070556e-10,0.6347209645562024,0.6347209645562024,medium,higher_in_Asian,6.243426776779974e-09,True
Asian,African,jaw_bigonial_width,571,143,0.7935979777142503,0.7866825774858778,0.793579218475487,0.7843303131577489,47675.0,0.0019049138965258662,0.26945008486311006,0.26945008486311006,small,higher_in_Asian,0.0052914274903496285,True
Asian,African,forehead_height,571,143,0.18492166292887166,0.1826216430211389,0.1864992816039339,0.183445311579022,43932.0,0.1592168540204516,0.11414610255146863,0.11414610255146863,negligible,higher_in_Asian,0.24877633440695562,False
Asian,African,forehead_width_upper,571,143,0.7310278839525115,0.754050694943354,0.7323700238919978,0.7562203642706645,21630.0,3.2359760884713184e-18,-0.9117073233316119,0.9117073233316119,large,higher_in_African,5.778528729413068e-17,True
Asian,African,forehead_width_mid,571,143,0.8691903359902237,0.8915401790904378,0.869976057561198,0.8921050152139562,21770.0,5.651034826510432e-18,-0.8879678121920483,0.8879678121920483,large,higher_in_African,8.82974191642255e-17,True
Asian,African,hairline_height,571,143,0.18492166292887166,0.1826216430211389,0.1864992816039339,0.183445311579022,43932.0,0.1592168540204516,0.11414610255146863,0.11414610255146863,negligible,higher_in_Asian,0.24877633440695562,False
Asian,African,forehead_taper_ratio,571,143,0.8409282943605457,0.8456487862228818,0.8411621601088753,0.8459182388974668,24964.0,6.415985679668183e-13,-0.7149073332647752,0.7149073332647752,medium,higher_in_African,6.169216999680945e-12,True
Asian,African,face_aspect_ratio,571,143,0.9170288151251426,0.8916399937573195,0.9160779378379826,0.8937302860979434,52091.0,3.2775209525623714e-07,0.5012390415034678,0.5012390415034678,medium,higher_in_Asian,1.5173708113714682e-06,True
Asian,African,face_roundness,571,143,0.9628456833479647,0.9535466873492051,0.9644162038023996,0.955084585796676,56033.0,5.42728409487368e-12,0.7995996803337505,0.7995996803337505,medium,higher_in_Asian,4.240065699120062e-11,True
Asian,African,face_width_uniformity,571,143,0.7623129308333768,0.7703666362146115,0.7610520846967717,0.7704785717593325,28000.0,6.0666811755974034e-09,-0.5515845966345808,0.5515845966345808,medium,higher_in_African,3.246503842884779e-08,True
Asian,African,jaw_to_forehead_ratio,571,143,1.0873042810662439,1.0448191369834081,1.0854238977095605,1.0402022551684715,56941.0,2.7606084618656e-13,0.7185463742396293,0.7185463742396293,medium,higher_in_Asian,2.8756338144433333e-12,True
Asian,African,face_triangularity,571,143,0.5546151636506707,0.5609005991498239,0.5578399049215125,0.56464094099902,37084.0,0.08979003255005555,-0.1834239772887984,0.1834239772887984,negligible,higher_in_African,0.15167235228049925,False
Asian,African,face_asymmetry,571,143,0.035601335644941584,0.04175975792563998,0.0311346138835113,0.0367323462247757,34515.0,0.004220261164109767,-0.2769404416186172,0.2769404416186172,small,higher_in_African,0.011224098840717464,True
Asian,African,midface_width,571,143,0.5813040029703546,0.594509181286152,0.5784700469557383,0.5915088172532625,29133.0,1.1501734589515277e-07,-0.49506691964887645,0.49506691964887645,small,higher_in_African,5.529680091113114e-07,True
Asian,African,malar_bulge_r,571,143,0.03908554737847928,0.03310818491502546,0.0406027729493948,0.0391023433990044,43244.0,0.27316956064619013,0.14665686105994208,0.14665686105994208,negligible,higher_in_Asian,0.39248500092843414,False
Asian,African,malar_bulge_l,571,143,0.044371963463724816,0.03964119664507916,0.0436774661133722,0.0328293679113316,43858.0,0.16939168692313777,0.11716882938567855,0.11716882938567855,negligible,higher_in_Asian,0.2614069242641015,False
Asian,African,malar_bulge_mean,571,143,0.041728755421102035,0.03637469078005228,0.0420531268562097,0.0364512282503395,58152.0,4.0099958003340984e-15,0.7846121125428157,0.7846121125428157,medium,higher_in_Asian,5.012494750417623e-14,True
Asian,African,malar_bulge_asym,571,143,1.564145750245783,2.12287385806955,1.18027823428925,1.7085477858624287,33005.0,0.0003914261774151263,-0.4034969116214167,0.4034969116214167,small,higher_in_African,0.0013898345198688849,True
Asian,African,cheek_area_r,571,143,0.007277559596356887,0.00722499581426286,0.0063943357993566,0.0067218680498737,41144.0,0.8857232094934347,0.011115252029232988,0.011115252029232988,negligible,higher_in_Asian,0.9462854802280285,False
Asian,African,cheek_area_l,571,143,0.007830865486923232,0.007511024728301935,0.0069224956045719,0.0061551849018882,43207.0,0.2805797383646008,0.06055241541511922,0.06055241541511922,negligible,higher_in_Asian,0.3985507647224444,False
Asian,African,cheek_area_mean,571,143,0.007554212541640061,0.007368010271282393,0.0070713949177913,0.0065972431695197,46988.0,0.0052188503690917135,0.08336255053431738,0.08336255053431738,negligible,higher_in_Asian,0.01331339379870335,True
Asian,African,cheek_area_asym,571,143,0.9861111467453666,1.0866674957677065,1.0105969589865835,1.1508048736692462,36455.0,0.047515587637995606,-0.18783829188387363,0.18783829188387363,negligible,higher_in_African,0.08249233964929793,False
Asian,Others,eb_thickness_r,571,143,0.015009269436622856,0.014964429322011516,0.0145807880538866,0.0147199779676879,41433.0,0.7835148193923298,0.018428339912335126,0.018428339912335126,negligible,higher_in_Asian,0.9543874972664844,False
Asian,Others,eb_thickness_l,571,143,0.015256490881157166,0.015411040419245504,0.0150571906238103,0.0151700936452471,39551.0,0.5632335318366677,-0.060722251542580964,0.060722251542580964,negligible,higher_in_Others,0.8542459858440727,False
Asian,Others,eb_thickness_mean,571,143,0.015132880158890012,0.015187734870628505,0.0151619467144803,0.0149877431650867,40792.0,0.9877014623760373,-0.032847184582431355,0.032847184582431355,negligible,higher_in_Others,0.9956667967500376,False
Asian,Others,eb_thickness_asym,571,143,0.18753771253456064,0.19750067686744066,0.1537765482085053,0.14858885720341,40064.0,0.7297432572879612,-0.07138566835727042,0.07138566835727042,negligible,higher_in_Others,0.9543874972664844,False
Asian,Others,eb_inter_distance,571,143,0.19393098064644232,0.19255338924611845,0.1940452409944149,0.1911942427722184,44031.0,0.14633655440887436,0.11824202052048492,0.11824202052048492,negligible,higher_in_Asian,0.7316827720443717,False
Asian,Others,eb_arch_r,571,143,0.13153365241771256,0.13366449871868782,0.1308134262877024,0.1319253489312406,38667.0,0.327667253277784,-0.09809974153559477,0.09809974153559477,negligible,higher_in_Others,0.8138514684456356,False
Asian,Others,eb_arch_l,571,143,0.1300323948634269,0.13121289155006022,0.1283632829654562,0.1303485974569049,39659.0,0.5967489364578569,-0.05517244491836123,0.05517244491836123,negligible,higher_in_Others,0.8775719653792012,False
Asian,Others,eb_arch_mean,571,143,0.13078302364056973,0.13243869513437406,0.1309961167650302,0.1311936452011304,39145.0,0.4459925253057706,-0.08957729929610798,0.08957729929610798,negligible,higher_in_Others,0.8138514684456356,False
Asian,Others,eb_arch_asym,571,143,0.1288775982849466,0.12416041627931901,0.0996920160574269,0.0955182258187285,42545.0,0.43604586186630734,0.0454706740872746,0.0454706740872746,negligible,higher_in_Asian,0.8138514684456356,False
Asian,Others,eb_position_r,571,143,0.35098420387110935,0.34664966433253597,0.3478511345320235,0.3430397222389282,42286.0,0.5083140393922492,0.059320839950023095,0.059320839950023095,negligible,higher_in_Asian,0.8464163782378736,False
Asian,Others,eb_position_l,571,143,0.354599415539764,0.3511736358377728,0.3546534154062461,0.3440076847046637,42651.0,0.408268341451262,0.04646152624639243,0.04646152624639243,negligible,higher_in_Asian,0.8138514684456356,False
Asian,Others,eb_position_mean,571,143,0.35279180970543667,0.3489116500851544,0.3500951851453064,0.343207567658471,42401.0,0.4754729511788821,0.05346353259900629,0.05346353259900629,negligible,higher_in_Asian,0.8371002661600038,False
Asian,Others,eb_position_asym,571,143,0.048107502769819996,0.050147731198350386,0.0377029108085749,0.0399157329618958,38944.0,0.39352611006246907,-0.04841465903420001,0.04841465903420001,negligible,higher_in_Others,0.8138514684456356,False
Asian,Others,eb_medial_flare_r,571,143,-0.08411528109522569,-0.08887015609148043,-0.0840595569819175,-0.0931402568389217,42655.0,0.4072411948567486,0.08594031237355136,0.08594031237355136,negligible,higher_in_Asian,0.8138514684456356,False
Asian,Others,eb_medial_flare_l,571,143,-0.08720698428600528,-0.0916321520362225,-0.0863165053854253,-0.0895066058189352,42589.0,0.4243855454454334,0.08550743984416831,0.08550743984416831,negligible,higher_in_Asian,0.8138514684456356,False
Asian,Others,eb_lateral_thickness_r,571,143,0.0009229057960223302,0.000918064264682528,0.0009033414538489,0.0009038391169883,41147.0,0.8846492583321766,0.018919364329253095,0.018919364329253095,negligible,higher_in_Asian,0.9873317615314471,False
Asian,Others,eb_lateral_thickness_l,571,143,0.0009487761937367494,0.0009743542221287798,0.0009210126161226,0.0009367353368315,38955.0,0.39629700255926414,-0.09881563197115067,0.09881563197115067,negligible,higher_in_Others,0.8138514684456356,False
Asian,Others,eb_medial_flare_mean,571,143,-0.08566113269061548,-0.09025115406385147,-0.0858060091438707,-0.0913594854206178,42743.0,0.38503599866736926,0.08967462416200928,0.08967462416200928,negligible,higher_in_Asian,0.8138514684456356,False
Asian,Others,eb_lateral_thickness_mean,571,143,0.0009358409948795388,0.000946209243405656,0.0009354060019627,0.0009345791354881,38197.0,0.23329781036771347,-0.12355219811123137,0.12355219811123137,negligible,higher_in_Others,0.8138514684456356,False
Asian,Others,eb_lateral_thickness_asym,571,143,0.3969148568795186,0.4052671255217618,0.3250797081080608,0.2797947655284693,41165.0,0.8782100578989801,-0.02772584912108076,0.02772584912108076,negligible,higher_in_Others,0.9873317615314471,False
Asian,Others,eye_fissure_length_r,571,143,0.19659443077274896,0.19672403296663998,0.1954520368336376,0.1977377713275734,39765.0,0.6304991797884585,-0.008254083286912444,0.008254083286912444,negligible,higher_in_Others,0.8955954258358786,False
Asian,Others,eye_fissure_height_r,571,143,0.06678802781386818,0.0670475707794244,0.0696309347592603,0.0704222137789861,40699.0,0.9540848966073641,-0.012559119768553688,0.012559119768553688,negligible,higher_in_Others,0.9908488669795957,False
Asian,Others,eye_fissure_length_l,571,143,0.19755431524952602,0.19818415778241893,0.1967472021855503,0.1963458921882643,39793.0,0.6395485894398141,-0.03935337609707803,0.03935337609707803,negligible,higher_in_Others,0.8982424008986153,False
Asian,Others,eye_fissure_height_l,571,143,0.06592083620419778,0.06652583385074416,0.0683263593682104,0.0684032366702598,40164.0,0.764077851699404,-0.029644257747701245,0.029644257747701245,negligible,higher_in_Others,0.9543874972664844,False
Asian,Others,eye_fissure_length_mean,571,143,0.1970743730111375,0.19745409537452946,0.1966931453065879,0.197986096881451,39338.0,0.49992175120916715,-0.02922440703172005,0.02922440703172005,negligible,higher_in_Others,0.8444624175830526,False
Asian,Others,eye_fissure_height_mean,571,143,0.06635443200903299,0.06678670231508427,0.0690404032343087,0.0691489675165182,40416.0,0.8525378975846569,-0.021172606552021994,0.021172606552021994,negligible,higher_in_Others,0.9776810752117625,False
Asian,Others,eye_fissure_length_asym,571,143,0.07252318569714847,0.07259970191891808,0.0596419719758627,0.0518258896584249,41952.0,0.61002345576682,-0.00136806535840445,0.00136806535840445,negligible,higher_in_Others,0.8866619996610757,False
Asian,Others,eye_fissure_height_asym,571,143,0.06370888565656398,0.055670638703534135,0.0349192164776077,0.0334370162733418,41381.0,0.8016854977038469,0.08101408473646657,0.08101408473646657,negligible,higher_in_Asian,0.9543874972664844,False
Asian,Others,eye_fissure_slant_r,571,143,4.741706353683784,4.744290798605449,4.924054750718068,4.788172751803254,40779.0,0.9829996935757072,-0.0008980277401921226,0.0008980277401921226,negligible,higher_in_Others,0.9956667967500376,False
Asian,Others,eye_fissure_slant_l,571,143,4.980289485680303,5.1214682650692245,5.219529334985072,5.331991162161524,39480.0,0.5417064820722391,-0.04828974298316674,0.04828974298316674,negligible,higher_in_Others,0.8464163782378736,False
Asian,Others,eye_fissure_slant_mean,571,143,4.860997919682044,4.932879531837337,5.126461017341667,5.163233531326631,40117.0,0.7478780906699086,-0.025948003169670077,0.025948003169670077,negligible,higher_in_Others,0.9543874972664844,False
Asian,Others,eye_fissure_slant_asym,571,143,1.3451133786598126,1.358569755823158,1.0695112592662248,1.1449313332986677,38565.0,0.30533157090746366,-0.012224208968696732,0.012224208968696732,negligible,higher_in_Others,0.8138514684456356,False
Asian,Others,eye_fissure_aspect_r,571,143,0.3389523809852399,0.33966458585239323,0.3541707604313897,0.3524499382548197,40995.0,0.9392870562608719,-0.007253724638762541,0.007253724638762541,negligible,higher_in_Others,0.9908488669795957,False
Asian,Others,eye_fissure_aspect_l,571,143,0.3318510960274454,0.33540018247435543,0.3472081183441097,0.3452660718313243,40155.0,0.7609675182907463,-0.03755968249318451,0.03755968249318451,negligible,higher_in_Others,0.9543874972664844,False
Asian,Others,eye_fissure_aspect_mean,571,143,0.33540173850634264,0.33753238416337433,0.3539172485720145,0.3476027819016463,40688.0,0.9501129774443419,-0.022501534855390522,0.022501534855390522,negligible,higher_in_Others,0.9908488669795957,False
Asian,Others,inter_canthal_distance,571,143,0.25163929559387865,0.24847946144718827,0.2504446717786783,0.247839616556446,45817.0,0.023678217030241668,0.21014738575666708,0.21014738575666708,small,higher_in_Asian,0.18498607054876304,False
Asian,Others,inter_pupillary_distance,571,143,0.45115779551624374,0.45251575427103685,0.4514462939257583,0.4504507802226459,40221.0,0.7838631790722204,-0.0583553459746464,0.0583553459746464,negligible,higher_in_Others,0.9543874972664844,False
Asian,Others,outer_canthal_distance,571,143,0.6438965685059362,0.6414415173286283,0.642568563273616,0.6408520689108572,42815.0,0.3674302646507722,0.08281343345619421,0.08281343345619421,negligible,higher_in_Asian,0.8138514684456356,False
Asian,Others,canthal_to_pupillary_ratio,571,143,0.5584819048083773,0.5491916153009552,0.5589087353803793,0.5485486564462116,48206.0,0.000821613532196608,0.3027096803843798,0.3027096803843798,small,higher_in_Asian,0.03423389717485866,True
Asian,Others,eye_epicanthus_angle_r,571,143,63.977298596606914,62.542276503751566,65.78660080495564,64.33352398059179,44172.0,0.12938820480563773,0.09251224736436033,0.09251224736436033,negligible,higher_in_Asian,0.6738969000293632,False
Asian,Others,eye_epicanthus_angle_l,571,143,60.30783900500874,59.86669433453683,61.86353732132629,61.613678660288045,41585.0,0.7311068088871318,0.03085393115901811,0.03085393115901811,negligible,higher_in_Asian,0.9543874972664844,False
Asian,Others,eye_epicanthus_angle_mean,571,143,62.142568800807815,61.2044854191442,64.10303313501618,62.92491454663025,42981.0,0.32878874367318356,0.06490754142027653,0.06490754142027653,negligible,higher_in_Asian,0.8138514684456356,False
Asian,Others,eye_epicanthus_angle_asym,571,143,0.1151896046065386,0.10711699086271761,0.0874459821060896,0.0807018921639828,42663.0,0.40519153043620004,0.0664228213124841,0.0664228213124841,negligible,higher_in_Asian,0.8138514684456356,False
Asian,Others,eye_upper_lid_to_iris_r,571,143,0.44913616509697657,0.4501423405825049,0.4710256581680716,0.4747957799350997,39445.0,0.5312477743977793,-0.00787720704159027,0.00787720704159027,negligible,higher_in_Others,0.8464163782378736,False
Asian,Others,eye_lower_lid_to_iris_r,571,143,0.535347860084673,0.5344573363200263,0.5194245053019937,0.5133843882480864,42723.0,0.39001653827860017,0.007402350908858265,0.007402350908858265,negligible,higher_in_Asian,0.8138514684456356,False
Asian,Others,eye_upper_lid_to_iris_l,571,143,0.45574946775485353,0.4587034399210132,0.4795984371726358,0.4857768915697131,38750.0,0.34660556957352984,-0.018215919325958417,0.018215919325958417,negligible,higher_in_Others,0.8138514684456356,False
Asian,Others,eye_lower_lid_to_iris_l,571,143,0.5242613963960616,0.5253983403016295,0.51070757223546,0.5045703916513332,42496.0,0.4492460105819909,-0.009101430875413782,0.009101430875413782,negligible,higher_in_Others,0.8138514684456356,False
Asian,Others,eye_upper_lid_to_iris_mean,571,143,0.452442816425915,0.454422890251759,0.4752274078662436,0.477985115861618,39205.0,0.46239373898083147,-0.014176505383793763,0.014176505383793763,negligible,higher_in_Others,0.8257031053229132,False
Asian,Others,eye_upper_lid_to_iris_asym,571,143,0.014495898739898913,0.031158530663524923,0.0301470852969829,0.0245563579818016,42782.0,0.3754364223570794,-0.04952265131192836,0.04952265131192836,negligible,higher_in_Others,0.8138514684456356,False
Asian,Others,eye_lower_lid_to_iris_mean,571,143,0.5298046282403673,0.5299278383108278,0.5155254218761933,0.5090821624564357,42639.0,0.411359025981481,-0.0010579124566643056,0.0010579124566643056,negligible,higher_in_Others,0.8138514684456356,False
Asian,Others,eye_lower_lid_to_iris_asym,571,143,0.041266537741517346,0.030856398022994218,0.0257290969014909,0.0216701828229506,44425.0,0.10284365682865344,0.1545318731900091,0.1545318731900091,negligible,higher_in_Asian,0.5843389592537128,False
Asian,Others,eye_area_r,571,143,0.008917269440804235,0.008909327106129964,0.0090085433948127,0.009233244765973,40662.0,0.9407299082283991,0.002537031976894413,0.002537031976894413,negligible,higher_in_Asian,0.9908488669795957,False
Asian,Others,eye_area_l,571,143,0.00890669392361415,0.008939898496622231,0.0090184981022471,0.0092876838643299,40231.0,0.7873491476723069,-0.010498990035678162,0.010498990035678162,negligible,higher_in_Others,0.9543874972664844,False
Asian,Others,eye_area_mean,571,143,0.008911981682209191,0.008924612801376096,0.0089516145102561,0.0092377512742462,40462.0,0.8689233068843523,-0.004065005909825834,0.004065005909825834,negligible,higher_in_Others,0.9873317615314471,False
Asian,Others,eye_area_asym,571,143,0.09409080909676507,0.0894187633978777,0.0672563621497296,0.063051773123735,42215.0,0.529168388788457,0.04796142294832927,0.04796142294832927,negligible,higher_in_Asian,0.8464163782378736,False
Asian,Others,eye_fissure_fill_r,571,143,0.2284342679795512,0.2276128090681758,0.2377835900325926,0.236479081790552,41401.0,0.7946834876712353,0.012084850810429985,0.012084850810429985,negligible,higher_in_Asian,0.9543874972664844,False
Asian,Others,eye_fissure_fill_l,571,143,0.2243436553112153,0.22633479034627743,0.2339569131842853,0.2316037704759786,40344.0,0.8270210213046982,-0.03052316162375618,0.03052316162375618,negligible,higher_in_Others,0.9735837164202653,False
Asian,Others,eye_fissure_fill_mean,571,143,0.22638896164538327,0.22697379970722667,0.2377569746576531,0.2343417812338123,40979.0,0.9450596126209626,-0.00897604915331968,0.00897604915331968,negligible,higher_in_Others,0.9908488669795957,False
Asian,Others,iris_offset_x_r,571,143,-0.0007827015555519909,-0.019865690353330905,-0.0041507158603479,-0.0168225172927908,47095.0,0.004487143556069151,0.2690167065480166,0.2690167065480166,small,higher_in_Asian,0.056089294450864385,False
Asian,Others,iris_offset_y_r,571,143,-0.057182589841717674,-0.05776938462881419,-0.0590147612098291,-0.0589710035956368,41557.0,0.7406752488841271,0.022246539320525012,0.022246539320525012,negligible,higher_in_Asian,0.9543874972664844,False
Asian,Others,iris_offset_x_l,571,143,0.013437015322196206,0.0162356834023157,0.0107798341472779,0.019349680936446,38917.0,0.38677474796705635,-0.03928002656197451,0.03928002656197451,negligible,higher_in_Others,0.8138514684456356,False
Asian,Others,iris_offset_y_l,571,143,-0.054965128888237846,-0.05538219705105777,-0.0579726279541556,-0.0574156622185643,41540.0,0.7465044008170919,0.014706960460483608,0.014706960460483608,negligible,higher_in_Asian,0.9543874972664844,False
Asian,Others,gaze_asym_x,571,143,-0.014219716877748192,-0.0361013737556466,-0.0216797783160591,-0.0334320475864834,49078.0,0.00018347448597931502,0.37049333016086694,0.37049333016086694,small,higher_in_Asian,0.022934310747414376,True
Asian,Others,gaze_asym_y,571,143,-0.0022174609534798334,-0.0023871875777564007,-0.0011681334691571,-0.0020797888359485,40750.0,0.9725135013676637,0.017360668450022612,0.017360668450022612,negligible,higher_in_Asian,0.9956667967500376,False
Asian,Others,gaze_asym_norm,571,143,0.053564737334142576,0.05019571268912448,0.0475752001358117,0.0432069098660924,42805.0,0.3698450646808835,0.09722617998067312,0.09722617998067312,negligible,higher_in_Asian,0.8138514684456356,False
Asian,Others,nose_length,571,143,0.3020336301205739,0.3033285917479297,0.303184737042005,0.3045474970053097,39143.0,0.4454515854498836,-0.06837616128900517,0.06837616128900517,negligible,higher_in_Others,0.8138514684456356,False
Asian,Others,nose_bridge_length,571,143,0.8714005227890155,0.8733841075944225,0.876986623879289,0.8810868318113149,39289.0,0.485910472860304,-0.05385656748494491,0.05385656748494491,negligible,higher_in_Others,0.8435945709380278,False
Asian,Others,nose_bridge_width,571,143,0.07889098859439284,0.07862283236504028,0.0788182505880368,0.0785104686410733,42772.0,0.37788364823715015,0.08699971691997961,0.08699971691997961,negligible,higher_in_Asian,0.8138514684456356,False
Asian,Others,nose_tip_width,571,143,0.2662407729131519,0.26840204395282896,0.2654009478985833,0.267569180473697,37436.0,0.12431278852112866,-0.10657626715927748,0.10657626715927748,negligible,higher_in_Others,0.6738969000293632,False
Asian,Others,nose_base_width,571,143,0.23372432074890218,0.23755053939001006,0.2307356157272671,0.2351632960332314,35904.0,0.025649247332716254,-0.1706202368996921,0.1706202368996921,negligible,higher_in_Others,0.18859740685820772,False
Asian,Others,nose_tip_to_bridge_ratio,571,143,3.372666649163573,3.4123554614525,3.3491345608029466,3.393086622117725,34531.0,0.004317837256805087,-0.21243325448078715,0.21243325448078715,small,higher_in_Others,0.056089294450864385,False
Asian,Others,nose_tip_midline_dent,571,143,0.040765199047477524,0.04158117274379158,0.0407164408464736,0.0413775990940754,36080.0,0.03142188513727904,-0.2545488082092383,0.2545488082092383,small,higher_in_Others,0.2182075356755489,False
Asian,Others,nose_ala_height_r,571,143,0.06450447244428027,0.06431031046489387,0.0643717696174992,0.0634502446292542,42951.0,0.3355698685881454,0.03766731139815209,0.03766731139815209,negligible,higher_in_Asian,0.8138514684456356,False
Asian,Others,nose_ala_height_l,571,143,0.06453398184065272,0.06462412760796006,0.0644228084335553,0.0637166819210818,41472.0,0.769963286535326,-0.016700983784788705,0.016700983784788705,negligible,higher_in_Others,0.9543874972664844,False
Asian,Others,nose_ala_height_mean,571,143,0.0645192271424665,0.06446721903642696,0.0643993550071771,0.0636415784217352,42141.0,0.5513578239709962,0.009927926410718761,0.009927926410718761,negligible,higher_in_Asian,0.8508608394614139,False
Asian,Others,nose_ala_height_asym,571,143,0.014966303135620949,0.013872623480371413,0.0118212061499445,0.0106288784363232,42190.0,0.5366137261364868,0.08253260574160798,0.08253260574160798,negligible,higher_in_Asian,0.8464163782378736,False
Asian,Others,nostril_region_area,571,143,0.0150379122629207,0.015671910292138904,0.0147659571469213,0.0155424762878388,35215.0,0.010963730343570635,-0.24725702355653295,0.24725702355653295,small,higher_in_Others,0.10542048407279457,False
Asian,Others,nasolabial_angle,571,143,168.2088095134845,168.0785026971133,170.41485865576175,171.35044774030757,40377.0,0.8386953052767667,0.01424833416460964,0.01424833416460964,negligible,higher_in_Asian,0.9735837164202653,False
Asian,Others,nose_tip_elevation,571,143,0.042782269316510635,0.04263676909504317,0.0416086499295883,0.0399691728827102,41751.0,0.675279837672783,0.01302879855183814,0.01302879855183814,negligible,higher_in_Asian,0.9357888062152211,False
Asian,Others,ala_flare_angle,571,143,167.61466928587976,165.47874143774715,168.2984732134107,165.8415513315462,45964.0,0.019861403600837,0.26482867061682414,0.26482867061682414,small,higher_in_Asian,0.16551169667364168,False
Asian,Others,columella_length,571,143,0.13110495554339865,0.12923533266359416,0.1258908791797691,0.1212423892624544,42089.0,0.5672193346004644,0.048444615728411126,0.048444615728411126,negligible,higher_in_Asian,0.8542459858440727,False
Asian,Others,columella_hang_below_ala,571,143,0.03535579597474666,0.043200258034539536,0.0348977467518696,0.0436933798258758,35365.0,0.013292038287181188,-0.25522707143417817,0.25522707143417817,small,higher_in_Others,0.11867891327840346,False
Asian,Others,nose_to_face_area_ratio,571,143,0.037046628377128,0.03780549516702628,0.0366283266797438,0.0374144990962631,37736.0,0.1612410478813765,-0.13994959503204438,0.13994959503204438,negligible,higher_in_Others,0.7751973455835409,False
Asian,Others,philtrum_length,571,143,0.2817296740851224,0.27828368363949973,0.2796996723800848,0.2812107722641953,41893.0,0.6288889786212619,0.07200439834615018,0.07200439834615018,negligible,higher_in_Asian,0.8955954258358786,False
Asian,Others,philtrum_width,571,143,0.30145370808513594,0.297532598763231,0.2990375407981622,0.2949688632329705,46952.0,0.00548827096515371,0.24863106759699627,0.24863106759699627,small,higher_in_Asian,0.05716948922035115,False
Asian,Others,mouth_width,571,143,0.3625543824697565,0.3793619260166662,0.3551434140529143,0.3792807312728786,33139.0,0.0004920515556276694,-0.2833968030816288,0.2833968030816288,small,higher_in_Others,0.030753222226729337,True
Asian,Others,mouth_opening,571,143,0.13257914310987598,0.11765443333249923,0.1189906155309714,0.1165388741273538,42622.0,0.41576118711267496,0.11835984230754482,0.11835984230754482,negligible,higher_in_Asian,0.8138514684456356,False
Asian,Others,upper_vermilion_height,571,143,0.11242840134006278,0.10564460222387119,0.1087512381975985,0.1009934308243278,45468.0,0.035371040652657094,0.18840993634508924,0.18840993634508924,negligible,higher_in_Asian,0.23270421482011247,False
Asian,Others,lower_vermilion_height,571,143,0.18762466030469996,0.18220347355761246,0.1812949356796765,0.176832640387886,43758.0,0.1839059927032063,0.11543816445953677,0.11543816445953677,negligible,higher_in_Asian,0.8138514684456356,False
Asian,Others,vermilion_total,571,143,0.3000530616447628,0.28784807578148364,0.2904167879126076,0.2753419443689512,44695.0,0.07949379357272854,0.15476064046237667,0.15476064046237667,negligible,higher_in_Asian,0.4731773426948127,False
Asian,Others,cupid_bow_drop,571,143,0.022532264810993907,0.022538473210158675,0.0223942009606366,0.0227062091480066,40615.0,0.923789950519153,-0.0011727042383811847,0.0011727042383811847,negligible,higher_in_Others,0.9908488669795957,False
Asian,Others,mouth_corner_drop,571,143,0.15593769436070395,0.12633543301155997,0.1440662645152519,0.1235946617869784,47348.0,0.003112345903107628,0.2954464296560178,0.2954464296560178,small,higher_in_Asian,0.056089294450864385,False
Asian,Others,mouth_triangularity,571,143,0.1784699591716979,0.1488739062217187,0.1673223628863493,0.1436452056097956,47403.0,0.002869771565178426,0.2990855529822864,0.2990855529822864,small,higher_in_Asian,0.056089294450864385,False
Asian,Others,mouth_tenting,571,143,0.5828318693269822,0.49226087265180424,0.5609090070725139,0.4940232711547337,47191.0,0.00391116030791859,0.2955394944395207,0.2955394944395207,small,higher_in_Asian,0.056089294450864385,False
Asian,Others,mouth_upper_curvature_c2,571,143,1.7826352975631405,1.4284636668594148,1.6168498471334003,1.3402173457721285,47930.0,0.0012806586421612186,0.3091770801102935,0.3091770801102935,small,higher_in_Asian,0.04002058256753808,True
Asian,Others,mouth_upper_fit_residual,571,143,0.013306597548338994,0.011961627390344553,0.0124305837220438,0.0114963839579435,47016.0,0.005017627392355552,0.2575503284359032,0.2575503284359032,small,higher_in_Asian,0.057018493094949455,False
Asian,Others,upper_lip_eversion,571,143,0.08096156073397721,0.07736565095776922,0.0788861841055664,0.0742718723720797,44707.0,0.07856541505449287,0.15985925780811372,0.15985925780811372,negligible,higher_in_Asian,0.4731773426948127,False
Asian,Others,lower_lip_eversion,571,143,0.12085171548818789,0.1168851144910928,0.117596318214018,0.1128062218446011,43738.0,0.18691623833825377,0.12328970998044554,0.12328970998044554,negligible,higher_in_Asian,0.8138514684456356,False
Asian,Others,lip_outer_to_inner_area,571,143,8.531638670169158,7.866205696971411,4.2839465303661415,3.601168821971976,43045.0,0.3146214275421738,0.06970630355292208,0.06970630355292208,negligible,higher_in_Asian,0.8138514684456356,False
Asian,Others,lip_midline_x_std,571,143,0.0027832413119679407,0.003216370982532362,0.0021332421430593,0.0022598992207877,38593.0,0.31135989559102517,-0.17192458671728142,0.17192458671728142,negligible,higher_in_Others,0.8138514684456356,False
Asian,Others,cupid_bow_peak_asym,571,143,0.006808023532333788,0.005891057400778939,0.0046899797930411,0.0049093565642778,42332.0,0.49503653744009635,0.13835269797280303,0.13835269797280303,negligible,higher_in_Asian,0.8444624175830526,False
Asian,Others,chin_height,571,143,0.1779864639577506,0.1806396524176285,0.1771422126844082,0.1807901050033238,38670.0,0.32833984925291526,-0.07930056755702448,0.07930056755702448,negligible,higher_in_Others,0.8138514684456356,False
Asian,Others,chin_width,571,143,0.3250316686316231,0.32329009600294223,0.3219077537755619,0.3200657976167233,42836.0,0.3623912480728422,0.08729897243875528,0.08729897243875528,negligible,higher_in_Asian,0.8138514684456356,False
Asian,Others,chin_pointedness_angle,571,143,152.16271721096103,152.26051344709592,152.31174391115584,151.7044551236052,41269.0,0.8411763309871092,-0.021214706025165488,0.021214706025165488,negligible,higher_in_Others,0.9735837164202653,False
Asian,Others,jaw_bigonial_width,571,143,0.7935979777142503,0.7960617985507562,0.793579218475487,0.7958649662003162,38422.0,0.2757577442547847,-0.09475771853988875,0.09475771853988875,negligible,higher_in_Others,0.8138514684456356,False
Asian,Others,forehead_height,571,143,0.18492166292887166,0.1860490023275031,0.1864992816039339,0.1886269079354157,39092.0,0.4317845259310824,-0.05604329120571304,0.05604329120571304,negligible,higher_in_Others,0.8138514684456356,False
Asian,Others,forehead_width_upper,571,143,0.7310278839525115,0.7289512712538005,0.7323700238919978,0.7295841021704058,43000.0,0.3245403045314732,0.08243942760500876,0.08243942760500876,negligible,higher_in_Asian,0.8138514684456356,False
Asian,Others,forehead_width_mid,571,143,0.8691903359902237,0.8674342870896317,0.869976057561198,0.8683394909466176,42812.0,0.36815367112723574,0.06932059913722882,0.06932059913722882,negligible,higher_in_Asian,0.8138514684456356,False
Asian,Others,hairline_height,571,143,0.18492166292887166,0.1860490023275031,0.1864992816039339,0.1886269079354157,39092.0,0.4317845259310824,-0.05604329120571304,0.05604329120571304,negligible,higher_in_Others,0.8138514684456356,False
Asian,Others,forehead_taper_ratio,571,143,0.8409282943605457,0.840233035121407,0.8411621601088753,0.8406013142554049,43015.0,0.3212116323900601,0.10731880096737587,0.10731880096737587,negligible,higher_in_Asian,0.8138514684456356,False
Asian,Others,face_aspect_ratio,571,143,0.9170288151251426,0.9098338922594323,0.9160779378379826,0.907044052674792,43502.0,0.2252209348616674,0.14044368086835854,0.14044368086835854,negligible,higher_in_Asian,0.8138514684456356,False
Asian,Others,face_roundness,571,143,0.9628456833479647,0.9625748222398383,0.9644162038023996,0.966476960952067,38982.0,0.4031480446562209,0.02412165906605501,0.02412165906605501,negligible,higher_in_Asian,0.8138514684456356,False
Asian,Others,face_width_uniformity,571,143,0.7623129308333768,0.7625065349022743,0.7610520846967717,0.7618588548713419,39920.0,0.681254250924681,-0.013425334453287047,0.013425334453287047,negligible,higher_in_Others,0.9357888062152211,False
Asian,Others,jaw_to_forehead_ratio,571,143,1.0873042810662439,1.093909557653339,1.0854238977095605,1.0886827926885614,38426.0,0.27655746075945353,-0.10901121746259139,0.10901121746259139,negligible,higher_in_Others,0.8138514684456356,False
Asian,Others,face_triangularity,571,143,0.5546151636506707,0.5557420580756074,0.5578399049215125,0.5606983430409345,40199.0,0.7762093906357326,-0.0324541852386779,0.0324541852386779,negligible,higher_in_Others,0.9543874972664844,False
Asian,Others,face_asymmetry,571,143,0.035601335644941584,0.03656273101878829,0.0311346138835113,0.0298369208139026,41113.0,0.8968326646303282,-0.04270202901112256,0.04270202901112256,negligible,higher_in_Others,0.9908488669795957,False
Asian,Others,midface_width,571,143,0.5813040029703546,0.5883113253393619,0.5784700469557383,0.5858497804407141,34503.0,0.0041483975020620845,-0.25956547187147677,0.25956547187147677,small,higher_in_Others,0.056089294450864385,False
Asian,Others,malar_bulge_r,571,143,0.03908554737847928,0.036389487317534996,0.0406027729493948,0.0409931547718648,42003.0,0.5939215905594994,0.06772596244264957,0.06772596244264957,negligible,higher_in_Asian,0.8775719653792012,False
Asian,Others,malar_bulge_l,571,143,0.044371963463724816,0.0465774505606773,0.0436774661133722,0.0449184655967219,39419.0,0.5235452901916013,-0.05514942693014213,0.05514942693014213,negligible,higher_in_Others,0.8464163782378736,False
Asian,Others,malar_bulge_mean,571,143,0.041728755421102035,0.04148346893910614,0.0420531268562097,0.0417699141317555,40713.0,0.9591417032362486,0.035158169469525484,0.035158169469525484,negligible,higher_in_Asian,0.9908488669795957,False
Asian,Others,malar_bulge_asym,571,143,1.564145750245783,1.7157017405254735,1.18027823428925,1.0622485695331447,40831.0,0.9985530567149083,-0.10848574574426056,0.10848574574426056,negligible,higher_in_Others,0.9985530567149083,False
Asian,Others,cheek_area_r,571,143,0.007277559596356887,0.007286720382998989,0.0063943357993566,0.0065077277733356,41000.0,0.9374837720920867,-0.0019406377769174744,0.0019406377769174744,negligible,higher_in_Others,0.9908488669795957,False
Asian,Others,cheek_area_l,571,143,0.007830865486923232,0.008441891621771096,0.0069224956045719,0.0070570209803744,38520.0,0.2958064419868408,-0.11534805103611581,0.11534805103611581,negligible,higher_in_Others,0.8138514684456356,False
Asian,Others,cheek_area_mean,571,143,0.007554212541640061,0.007864306002385047,0.0070713949177913,0.0071973625165054,38970.0,0.4000944187690493,-0.13691073859490932,0.13691073859490932,negligible,higher_in_Others,0.8138514684456356,False
Asian,Others,cheek_area_asym,571,143,0.9861111467453666,0.924793260560692,1.0105969589865835,0.9487775925990783,43510.0,0.22383689758820757,0.11376360634474952,0.11376360634474952,negligible,higher_in_Asian,0.8138514684456356,False
Asian,European,eb_thickness_r,571,143,0.015009269436622856,0.014849565664404414,0.0145807880538866,0.0144063628058807,43654.0,0.19995710376238396,0.06452919028898695,0.06452919028898695,negligible,higher_in_Asian,0.34239230096298623,False
Asian,European,eb_thickness_l,571,143,0.015256490881157166,0.015115779087123409,0.0150571906238103,0.0150668107672844,41520.0,0.7533808193418106,0.055041615782874795,0.055041615782874795,negligible,higher_in_Asian,0.8333858621037727,False
Asian,European,eb_thickness_mean,571,143,0.015132880158890012,0.014982672375763902,0.0151619467144803,0.0150660236141849,42488.0,0.45142245940042425,0.08681537925240687,0.08681537925240687,negligible,higher_in_Asian,0.5939769202637161,False
Asian,European,eb_thickness_asym,571,143,0.18753771253456064,0.1966825957555143,0.1537765482085053,0.1734770757290062,39863.0,0.6624056557730613,-0.06610502286452609,0.06610502286452609,negligible,higher_in_European,0.7527336997421151,False
Asian,European,eb_inter_distance,571,143,0.19393098064644232,0.19511334066126107,0.1940452409944149,0.1946355983103844,39521.0,0.5540874147993263,-0.10038615749501452,0.10038615749501452,negligible,higher_in_European,0.6857517509892652,False
Asian,European,eb_arch_r,571,143,0.13153365241771256,0.1295340803611866,0.1308134262877024,0.1308881596992115,41927.0,0.6179866904100169,0.09133089071165977,0.09133089071165977,negligible,higher_in_Asian,0.721947068236001,False
Asian,European,eb_arch_l,571,143,0.1300323948634269,0.12848338143010057,0.1283632829654562,0.1287134868267643,42575.0,0.4280757314168864,0.07050893056476715,0.07050893056476715,negligible,higher_in_Asian,0.5827023212707151,False
Asian,European,eb_arch_mean,571,143,0.13078302364056973,0.1290087308956436,0.1309961167650302,0.1292828816095211,42572.0,0.4288689084552463,0.09377367517257267,0.09377367517257267,negligible,higher_in_Asian,0.5827023212707151,False
Asian,European,eb_arch_asym,571,143,0.1288775982849466,0.13725534419210864,0.0996920160574269,0.1226010340635731,38072.0,0.2118195141562298,-0.08167325535212966,0.08167325535212966,negligible,higher_in_European,0.3578032333720098,False
Asian,European,eb_position_r,571,143,0.35098420387110935,0.3629357675333865,0.3478511345320235,0.346090732074377,38360.0,0.26356373607144634,-0.1578350949408797,0.1578350949408797,negligible,higher_in_European,0.4229987026680933,False
Asian,European,eb_position_l,571,143,0.354599415539764,0.3648818860374633,0.3546534154062461,0.3507491671264952,38913.0,0.38578059106464446,-0.13542057574160654,0.13542057574160654,negligible,higher_in_European,0.5479837941259155,False
Asian,European,eb_position_mean,571,143,0.35279180970543667,0.3639088267854248,0.3500951851453064,0.351279405269889,38710.0,0.3373932705538458,-0.14825293962686298,0.14825293962686298,negligible,higher_in_European,0.5143190099906186,False
Asian,European,eb_position_asym,571,143,0.048107502769819996,0.05993419922493741,0.0377029108085749,0.0515963564558745,33414.0,0.0007783814034800661,-0.2779577609591947,0.2779577609591947,small,higher_in_European,0.007484436571923712,True
Asian,European,eb_medial_flare_r,571,143,-0.08411528109522569,-0.07585707094450587,-0.0840595569819175,-0.0796896583695818,37085.0,0.08987585615817759,-0.1530353468883358,0.1530353468883358,negligible,higher_in_European,0.17756022371772576,False
Asian,European,eb_medial_flare_l,571,143,-0.08720698428600528,-0.07580625943452861,-0.0863165053854253,-0.074139228689126,35648.0,0.018897641265870162,-0.2267015908435806,0.2267015908435806,small,higher_in_European,0.057614759956921224,False
Asian,European,eb_lateral_thickness_r,571,143,0.0009229057960223302,0.000914973904387656,0.0009033414538489,0.0008508475382806,42066.0,0.5743040617682292,0.031066184341794978,0.031066184341794978,negligible,higher_in_Asian,0.7038039972649869,False
Asian,European,eb_lateral_thickness_l,571,143,0.0009487761937367494,0.0009468133051885257,0.0009210126161226,0.0009372414366259,40793.0,0.9880631566738871,0.007701898101724636,0.007701898101724636,negligible,higher_in_Asian,0.9880631566738871,False
Asian,European,eb_medial_flare_mean,571,143,-0.08566113269061548,-0.07583166518951726,-0.0858060091438707,-0.0774875753279518,36098.0,0.03207072487045504,-0.19845812383119155,0.19845812383119155,negligible,higher_in_European,0.08181307364912001,False
Asian,European,eb_lateral_thickness_mean,571,143,0.0009358409948795388,0.0009308936047880925,0.0009354060019627,0.000931238906102,41967.0,0.6052674995161095,0.056985236593160474,0.056985236593160474,negligible,higher_in_Asian,0.7201165511421801,False
Asian,European,eb_lateral_thickness_asym,571,143,0.3969148568795186,0.40938619488493505,0.3250797081080608,0.3722944257274185,39657.0,0.5961201081228334,-0.04237948736580578,0.04237948736580578,negligible,higher_in_European,0.7164905145707133,False
Asian,European,eye_fissure_length_r,571,143,0.19659443077274896,0.19454680151890785,0.1954520368336376,0.1927580461019685,44169.0,0.12973220542616418,0.13071867760636316,0.13071867760636316,negligible,higher_in_Asian,0.2384783187980959,False
Asian,European,eye_fissure_height_r,571,143,0.06678802781386818,0.060496078982065916,0.0696309347592603,0.0647199909572549,47189.0,0.003922440708082405,0.2932947683728055,0.2932947683728055,small,higher_in_Asian,0.023533570343262512,True
Asian,European,eye_fissure_length_l,571,143,0.19755431524952602,0.19652536636027926,0.1967472021855503,0.1949026435943465,42281.0,0.5097684172460462,0.06395556944156508,0.06395556944156508,negligible,higher_in_Asian,0.6502148179158752,False
Asian,European,eye_fissure_height_l,571,143,0.06592083620419778,0.05997532946535427,0.0683263593682104,0.0639040079478418,47015.0,0.005024691407631134,0.28072440336864746,0.28072440336864746,small,higher_in_Asian,0.02415717022899584,True
Asian,European,eye_fissure_length_mean,571,143,0.1970743730111375,0.19553608393959354,0.1966931453065879,0.1946032777989468,43107.0,0.30128531019788474,0.11826062031445321,0.11826062031445321,negligible,higher_in_Asian,0.4767172629713366,False
Asian,European,eye_fissure_height_mean,571,143,0.06635443200903299,0.06023570422371009,0.0690404032343087,0.0636759948594591,47120.0,0.004330176943160302,0.2888243483040791,0.2888243483040791,small,higher_in_Asian,0.023533570343262512,True
Asian,European,eye_fissure_length_asym,571,143,0.07252318569714847,0.07767538046723124,0.0596419719758627,0.0669234834626222,38822.0,0.36358707059245543,-0.09356190704258839,0.09356190704258839,negligible,higher_in_European,0.5284695793494992,False
Asian,European,eye_fissure_height_asym,571,143,0.06370888565656398,0.11047647467221706,0.0349192164776077,0.0550800473515812,32432.0,0.00014147326446020062,-0.3780884281058434,0.3780884281058434,small,higher_in_European,0.002526308293932154,True
Asian,European,eye_fissure_slant_r,571,143,4.741706353683784,3.27965052778378,4.924054750718068,3.5138939533111677,51641.0,9.451340374794033e-07,0.49705878940455567,0.49705878940455567,small,higher_in_Asian,3.938058489497514e-05,True
Asian,European,eye_fissure_slant_l,571,143,4.980289485680303,3.5707035560206872,5.219529334985072,3.6292044251787527,51979.0,4.2820952922882307e-07,0.48455309641966554,0.48455309641966554,small,higher_in_Asian,2.6763095576801442e-05,True
Asian,European,eye_fissure_slant_mean,571,143,4.860997919682044,3.4251770419022325,5.126461017341667,3.592412866472596,52084.0,3.3329926031845666e-07,0.5144446217814281,0.5144446217814281,medium,higher_in_Asian,2.6763095576801442e-05,True
Asian,European,eye_fissure_slant_asym,571,143,1.3451133786598126,1.433557154376344,1.0695112592662248,1.2579730579910875,38362.0,0.26395119046489024,-0.07863577791718508,0.07863577791718508,negligible,higher_in_European,0.4229987026680933,False
Asian,European,eye_fissure_aspect_r,571,143,0.3389523809852399,0.31043508934825115,0.3541707604313897,0.3296302371805479,46751.0,0.007236566086425448,0.2773181912496694,0.2773181912496694,small,higher_in_Asian,0.028267836275099406,True
Asian,European,eye_fissure_aspect_l,571,143,0.3318510960274454,0.3032776233488448,0.3472081183441097,0.3236818162309637,46910.0,0.005818416763291321,0.29159457273664124,0.29159457273664124,small,higher_in_Asian,0.024924313293823806,True
Asian,European,eye_fissure_aspect_mean,571,143,0.33540173850634264,0.30685635634854797,0.3539172485720145,0.3248280978173319,46890.0,0.005981835190517713,0.2891083114909949,0.2891083114909949,small,higher_in_Asian,0.024924313293823806,True
Asian,European,inter_canthal_distance,571,143,0.25163929559387865,0.25195082398911633,0.2504446717786783,0.2522224867932135,39834.0,0.652896543619966,-0.020981264419024672,0.020981264419024672,negligible,higher_in_European,0.7487345683715206,False
Asian,European,inter_pupillary_distance,571,143,0.45115779551624374,0.4551515740192434,0.4514462939257583,0.4540688462805384,37323.0,0.1122521660904726,-0.17414631593993288,0.17414631593993288,negligible,higher_in_European,0.20942568300461306,False
Asian,European,outer_canthal_distance,571,143,0.6438965685059362,0.6418143240654428,0.642568563273616,0.6381046101962402,42710.0,0.3932747938775387,0.07095179293861176,0.07095179293861176,negligible,higher_in_Asian,0.5523522385920487,False
Asian,European,canthal_to_pupillary_ratio,571,143,0.5584819048083773,0.5536125813073259,0.5589087353803793,0.5509735935716699,44556.0,0.0909108345434756,0.1598273725962693,0.1598273725962693,negligible,higher_in_Asian,0.17756022371772576,False
Asian,European,eye_epicanthus_angle_r,571,143,63.977298596606914,58.00623090893714,65.78660080495564,60.32751652180909,48809.0,0.0002959833527347904,0.36416916302123087,0.36416916302123087,small,higher_in_Asian,0.0039278474475068345,True
Asian,European,eye_epicanthus_angle_l,571,143,60.30783900500874,55.07959163159675,61.86353732132629,58.76236214195692,48472.0,0.0005282534748435412,0.35407836255834174,0.35407836255834174,small,higher_in_Asian,0.005502640362953555,True
Asian,European,eye_epicanthus_angle_mean,571,143,62.142568800807815,56.54291127026695,64.10303313501618,60.29792263304331,48840.0,0.0002803137052566179,0.3697995392953516,0.3697995392953516,small,higher_in_Asian,0.0039278474475068345,True
Asian,European,eye_epicanthus_angle_asym,571,143,0.1151896046065386,0.14282199760406802,0.0874459821060896,0.1069598158353973,36841.0,0.07081297787042386,-0.207779589369815,0.207779589369815,small,higher_in_European,0.15002749548818614,False
Asian,European,eye_upper_lid_to_iris_r,571,143,0.44913616509697657,0.4396746038607313,0.4710256581680716,0.4703324842508958,39509.0,0.5504494315614357,0.07173043604088519,0.07173043604088519,negligible,higher_in_Asian,0.6857517509892652,False
Asian,European,eye_lower_lid_to_iris_r,571,143,0.535347860084673,0.5331631300107108,0.5194245053019937,0.5091329782464836,45875.0,0.022102252533584648,0.01818258266003724,0.01818258266003724,negligible,higher_in_Asian,0.0642507341092577,False
Asian,European,eye_upper_lid_to_iris_l,571,143,0.45574946775485353,0.4519462865317241,0.4795984371726358,0.480722979053198,39645.0,0.5923534955502218,0.02421356352475961,0.02421356352475961,negligible,higher_in_Asian,0.7164905145707133,False
Asian,European,eye_lower_lid_to_iris_l,571,143,0.5242613963960616,0.5215865845442326,0.51070757223546,0.5003030152082479,44996.0,0.05874528143329418,0.022341021964977253,0.022341021964977253,negligible,higher_in_Asian,0.1385501920596561,False
Asian,European,eye_upper_lid_to_iris_mean,571,143,0.452442816425915,0.4458104451962278,0.4752274078662436,0.4749065072188889,39703.0,0.6106588353685687,0.04793686064417663,0.04793686064417663,negligible,higher_in_Asian,0.7201165511421801,False
Asian,European,eye_upper_lid_to_iris_asym,571,143,0.014495898739898913,-0.002028040933820639,0.0301470852969829,0.0265960576979395,43027.0,0.31856480770415885,0.0383429313398373,0.0383429313398373,negligible,higher_in_Asian,0.49161235756814636,False
Asian,European,eye_lower_lid_to_iris_mean,571,143,0.5298046282403673,0.5273748572774716,0.5155254218761933,0.5049007349834096,45417.0,0.03743728362865623,0.02155723060108155,0.02155723060108155,negligible,higher_in_Asian,0.08999347026119286,False
Asian,European,eye_lower_lid_to_iris_asym,571,143,0.041266537741517346,0.041497337272043466,0.0257290969014909,0.0250361465424003,40902.0,0.9728750255324689,-0.0032206899869907826,0.0032206899869907826,negligible,higher_in_European,0.9807207918674081,False
Asian,European,eye_area_r,571,143,0.008917269440804235,0.007941386674729376,0.0090085433948127,0.0079709542958593,47477.0,0.002570614807275337,0.30353273844320533,0.30353273844320533,small,higher_in_Asian,0.02008292818183857,True
Asian,European,eye_area_l,571,143,0.00890669392361415,0.008027527712797806,0.0090184981022471,0.0082446849628773,47088.0,0.004532008678071778,0.26847502812662677,0.26847502812662677,small,higher_in_Asian,0.02360421186495718,True
Asian,European,eye_area_mean,571,143,0.008911981682209191,0.007984457193763596,0.0089516145102561,0.0080808502123328,47305.0,0.0033148584080550016,0.28928516847304336,0.28928516847304336,small,higher_in_Asian,0.023533570343262512,True
Asian,European,eye_area_asym,571,143,0.09409080909676507,0.13454350652966457,0.0672563621497296,0.0826613198349724,35275.0,0.011847626091383939,-0.34341659121987894,0.34341659121987894,small,higher_in_European,0.039986828416574596,True
Asian,European,eye_fissure_fill_r,571,143,0.2284342679795512,0.20785382101924557,0.2377835900325926,0.2200358773678966,47123.0,0.004311679377365955,0.28915796550953754,0.28915796550953754,small,higher_in_Asian,0.023533570343262512,True
Asian,European,eye_fissure_fill_l,571,143,0.2243436553112153,0.20412872033291574,0.2339569131842853,0.2166262029478863,47176.0,0.0039964864085796185,0.2995406044806998,0.2995406044806998,small,higher_in_Asian,0.023533570343262512,True
Asian,European,eye_fissure_fill_mean,571,143,0.22638896164538327,0.20599127067608064,0.2377569746576531,0.220077965474289,47240.0,0.0036438329555777684,0.3004456512051709,0.3004456512051709,small,higher_in_Asian,0.023533570343262512,True
Asian,European,iris_offset_x_r,571,143,-0.0007827015555519909,-0.01705932730025941,-0.0041507158603479,-0.0121612693413119,46656.0,0.00822510007653291,0.233201841792995,0.233201841792995,small,higher_in_Asian,0.030401673386212153,True
Asian,European,iris_offset_y_r,571,143,-0.057182589841717674,-0.04807802626059159,-0.0590147612098291,-0.0530710566304162,34475.0,0.003985012774779108,-0.327490672189549,0.327490672189549,small,higher_in_European,0.023533570343262512,True
Asian,European,iris_offset_x_l,571,143,0.013437015322196206,0.023473104901017103,0.0107798341472779,0.0239680745693285,36793.0,0.06748404638061949,-0.1468419134551343,0.1468419134551343,negligible,higher_in_European,0.15002749548818614,False
Asian,European,iris_offset_y_l,571,143,-0.054965128888237846,-0.04636870299518514,-0.0579726279541556,-0.0516530628046574,35233.0,0.01122253658834645,-0.2917090692177197,0.2917090692177197,small,higher_in_European,0.03896714093175851,True
Asian,European,gaze_asym_x,571,143,-0.014219716877748192,-0.040532432201276516,-0.0216797783160591,-0.0445474310687099,51020.0,3.815472266306061e-06,0.434863667207043,0.434863667207043,small,higher_in_Asian,0.0001192335083220644,True
Asian,European,gaze_asym_y,571,143,-0.0022174609534798334,-0.001709323265406445,-0.0011681334691571,-0.0010564469244092,39105.0,0.4352450195856904,-0.0508386359522182,0.0508386359522182,negligible,higher_in_European,0.5850067467549602,False
Asian,European,gaze_asym_norm,571,143,0.053564737334142576,0.0591256777455021,0.0475752001358117,0.0547018996913227,36828.0,0.06989836418232885,-0.1573266847322575,0.1573266847322575,negligible,higher_in_European,0.15002749548818614,False
Asian,European,nose_length,571,143,0.3020336301205739,0.29774679247773533,0.303184737042005,0.3002851137905851,45740.0,0.025920469302122984,0.22498966761673456,0.22498966761673456,small,higher_in_Asian,0.0720013036170083,False
Asian,European,nose_bridge_length,571,143,0.8714005227890155,0.8642367882857408,0.876986623879289,0.8686984867071423,44788.0,0.07252727208944058,0.18883651842788438,0.18883651842788438,negligible,higher_in_Asian,0.1510984835196679,False
Asian,European,nose_bridge_width,571,143,0.07889098859439284,0.0785328176283594,0.0788182505880368,0.0784539629566377,43972.0,0.15391306296139307,0.11685566971238329,0.11685566971238329,negligible,higher_in_Asian,0.2748447552882019,False
Asian,European,nose_tip_width,571,143,0.2662407729131519,0.2622765938833323,0.2654009478985833,0.2619733677820036,44924.0,0.06324683877796969,0.19831340706628317,0.19831340706628317,negligible,higher_in_Asian,0.14374281540447656,False
Asian,European,nose_base_width,571,143,0.23372432074890218,0.2298351551230391,0.2307356157272671,0.2268044296147955,44507.0,0.09523685780733057,0.17359757744420773,0.17359757744420773,negligible,higher_in_Asian,0.1831478034756357,False
Asian,European,nose_tip_to_bridge_ratio,571,143,3.372666649163573,3.338986239455327,3.3491345608029466,3.325727594608053,44337.0,0.1115365154181752,0.18148289301492077,0.18148289301492077,negligible,higher_in_Asian,0.20942568300461306,False
Asian,European,nose_tip_midline_dent,571,143,0.040765199047477524,0.04047432533258831,0.0407164408464736,0.0406321622081097,43054.0,0.31266182288795763,0.09177726209124734,0.09177726209124734,negligible,higher_in_Asian,0.48853409826243377,False
Asian,European,nose_ala_height_r,571,143,0.06450447244428027,0.06472051316211079,0.0643717696174992,0.0641487318941593,40553.0,0.9014976225985627,-0.04083137068321963,0.04083137068321963,negligible,higher_in_European,0.9312991968993417,False
Asian,European,nose_ala_height_l,571,143,0.06453398184065272,0.06474729765497579,0.0644228084335553,0.0649014866455589,40417.0,0.8528934529240826,-0.038858951269349164,0.038858951269349164,negligible,higher_in_European,0.9190662208233648,False
Asian,European,nose_ala_height_mean,571,143,0.0645192271424665,0.06473390540854329,0.0643993550071771,0.064273451603059,40496.0,0.8810709561500921,-0.040109441122357266,0.040109441122357266,negligible,higher_in_European,0.9254947018383322,False
Asian,European,nose_ala_height_asym,571,143,0.014966303135620949,0.014525802660703111,0.0118212061499445,0.0115504504730374,40400.0,0.8468531349626145,0.033483482218468946,0.033483482218468946,negligible,higher_in_Asian,0.9190662208233648,False
Asian,European,nostril_region_area,571,143,0.0150379122629207,0.0152075162465076,0.0147659571469213,0.0148879720381234,38967.0,0.3993331905043176,-0.06869698806864225,0.06869698806864225,negligible,higher_in_European,0.5546294312559967,False
Asian,European,nasolabial_angle,571,143,168.2088095134845,167.5135103780335,170.41485865576175,169.44784596949142,42465.0,0.4577128637176462,0.07653619524907403,0.07653619524907403,negligible,higher_in_Asian,0.5948012454864666,False
Asian,European,nose_tip_elevation,571,143,0.042782269316510635,0.04471113468379042,0.0416086499295883,0.0440743258747782,37092.0,0.090478434629725,-0.16800836965864846,0.16800836965864846,negligible,higher_in_European,0.17756022371772576,False
Asian,European,ala_flare_angle,571,143,167.61466928587976,166.67329528076294,168.2984732134107,167.31861489757432,41843.0,0.6450692729493759,0.11480305130490794,0.11480305130490794,negligible,higher_in_Asian,0.7466079548025184,False
Asian,European,columella_length,571,143,0.13110495554339865,0.13846756275927488,0.1258908791797691,0.1331068316913072,36986.0,0.08169471855623418,-0.18482132948067845,0.18482132948067845,negligible,higher_in_European,0.1674072101562176,False
Asian,European,columella_hang_below_ala,571,143,0.03535579597474666,0.03795175094189049,0.0348977467518696,0.0363111987183237,40008.0,0.710744987303688,-0.08169493993457103,0.08169493993457103,negligible,higher_in_European,0.7932421733300089,False
Asian,European,nose_to_face_area_ratio,571,143,0.037046628377128,0.035613722629457306,0.0366283266797438,0.0350033732454729,47051.0,0.00477597390846518,0.259749292656052,0.259749292656052,small,higher_in_Asian,0.023879869542325897,True
Asian,European,philtrum_length,571,143,0.2817296740851224,0.30096771568807695,0.2796996723800848,0.2998364853233295,31770.0,4.030775899156936e-05,-0.3920105443189889,0.3920105443189889,small,higher_in_European,0.001007693974789234,True
Asian,European,philtrum_width,571,143,0.30145370808513594,0.2967169741426873,0.2990375407981622,0.2949758450480432,48761.0,0.0003218731133895362,0.30030827099474305,0.30030827099474305,small,higher_in_Asian,0.0039278474475068345,True
Asian,European,mouth_width,571,143,0.3625543824697565,0.368555993262978,0.3551434140529143,0.3592993338715939,38336.0,0.25894488125798065,-0.10118570465799265,0.10118570465799265,negligible,higher_in_European,0.4229987026680933,False
Asian,European,mouth_opening,571,143,0.13257914310987598,0.12864570032754072,0.1189906155309714,0.1156135313610718,41133.0,0.8896628205633703,0.03038685658965036,0.03038685658965036,negligible,higher_in_Asian,0.9267321047535108,False
Asian,European,upper_vermilion_height,571,143,0.11242840134006278,0.1055102963087167,0.1087512381975985,0.0956398968055187,46927.0,0.00568268768744467,0.18766538813261724,0.18766538813261724,negligible,higher_in_Asian,0.024924313293823806,True
Asian,European,lower_vermilion_height,571,143,0.18762466030469996,0.17740698574297137,0.1812949356796765,0.1683539409326955,46358.0,0.012155995838638677,0.2148355625339582,0.2148355625339582,small,higher_in_Asian,0.039986828416574596,True
Asian,European,vermilion_total,571,143,0.3000530616447628,0.2829172820516881,0.2904167879126076,0.2623814871300511,46961.0,0.00541976414200195,0.21346310230093643,0.21346310230093643,small,higher_in_Asian,0.024924313293823806,True
Asian,European,cupid_bow_drop,571,143,0.022532264810993907,0.0222348140085614,0.0223942009606366,0.0222191160416692,41766.0,0.6703167211248083,0.05675963764735178,0.05675963764735178,negligible,higher_in_Asian,0.7548611724378472,False
Asian,European,mouth_corner_drop,571,143,0.15593769436070395,0.13530890286670139,0.1440662645152519,0.1334532572620504,45752.0,0.02555938718304959,0.20254326501142705,0.20254326501142705,small,higher_in_Asian,0.0720013036170083,False
Asian,European,mouth_triangularity,571,143,0.1784699591716979,0.15754371687526283,0.1673223628863493,0.1560124092552257,45892.0,0.021657973460368306,0.20790240534001153,0.20790240534001153,small,higher_in_Asian,0.0642507341092577,False
Asian,European,mouth_tenting,571,143,0.5828318693269822,0.5232961308319196,0.5609090070725139,0.5201742405658084,45453.0,0.035968408751030884,0.1903771915388653,0.1903771915388653,negligible,higher_in_Asian,0.08815786458586002,False
Asian,European,mouth_upper_curvature_c2,571,143,1.7826352975631405,1.5532309076185897,1.6168498471334003,1.3591814530463728,45498.0,0.03420167108288247,0.1975091107731653,0.1975091107731653,negligible,higher_in_Asian,0.08550417770720617,False
Asian,European,mouth_upper_fit_residual,571,143,0.013306597548338994,0.012389038844869237,0.0124305837220438,0.0105824427969992,46810.0,0.006677658599549189,0.16989888039342138,0.16989888039342138,negligible,higher_in_Asian,0.0269260427401177,True
Asian,European,upper_lip_eversion,571,143,0.08096156073397721,0.0770298547495753,0.0788861841055664,0.0713527214428443,46422.0,0.011193514847620444,0.17056523434914017,0.17056523434914017,negligible,higher_in_Asian,0.03896714093175851,True
Asian,European,lower_lip_eversion,571,143,0.12085171548818789,0.11412118302611408,0.117596318214018,0.1082229057980723,46104.0,0.016737333899565485,0.20542003106694814,0.20542003106694814,small,higher_in_Asian,0.05230416843614214,False
Asian,European,lip_outer_to_inner_area,571,143,8.531638670169158,7.35844697239874,4.2839465303661415,3.99302041672877,43716.0,0.19026937160004243,0.12636890483241905,0.12636890483241905,negligible,higher_in_Asian,0.33032877013896256,False
Asian,European,lip_midline_x_std,571,143,0.0027832413119679407,0.0034026462491571095,0.0021332421430593,0.0023901490036935,36829.0,0.06996837311826111,-0.2403604386865043,0.2403604386865043,small,higher_in_European,0.15002749548818614,False
Asian,European,cupid_bow_peak_asym,571,143,0.006808023532333788,0.005602237481180187,0.0046899797930411,0.0047308485813226,42753.0,0.3825603755875764,0.18582589696707172,0.18582589696707172,negligible,higher_in_Asian,0.5479837941259155,False
Asian,European,chin_height,571,143,0.1779864639577506,0.1879912762001871,0.1771422126844082,0.1865498033825264,34093.0,0.0022691909398934464,-0.29038060569624047,0.29038060569624047,small,higher_in_European,0.018909924499112055,True
Asian,European,chin_width,571,143,0.3250316686316231,0.3302611228946857,0.3219077537755619,0.3292658583529574,32933.0,0.0003456505753806014,-0.2642870115211072,0.2642870115211072,small,higher_in_European,0.0039278474475068345,True
Asian,European,chin_pointedness_angle,571,143,152.16271721096103,152.04440518418755,152.31174391115584,152.2463876335431,40972.0,0.9475860314664459,0.024885274462736983,0.024885274462736983,negligible,higher_in_Asian,0.9708873273221782,False
Asian,European,jaw_bigonial_width,571,143,0.7935979777142503,0.8008186518480824,0.793579218475487,0.8010918006628817,32404.0,0.00013438938069215781,-0.28219741732758713,0.28219741732758713,small,higher_in_European,0.002526308293932154,True
Asian,European,forehead_height,571,143,0.18492166292887166,0.18136009170593598,0.1864992816039339,0.1812405642290326,45586.0,0.030960311229198963,0.17777966892554795,0.17777966892554795,negligible,higher_in_Asian,0.08062581049270563,False
Asian,European,forehead_width_upper,571,143,0.7310278839525115,0.7291996362530552,0.7323700238919978,0.7278928675117327,43369.0,0.2491305942448453,0.07236537465344253,0.07236537465344253,negligible,higher_in_Asian,0.4152176570747422,False
Asian,European,forehead_width_mid,571,143,0.8691903359902237,0.8681415358193747,0.869976057561198,0.8649760230949289,42893.0,0.34893343691935363,0.041427678417203656,0.041427678417203656,negligible,higher_in_Asian,0.5158865641970053,False
Asian,European,hairline_height,571,143,0.18492166292887166,0.18136009170593598,0.1864992816039339,0.1812405642290326,45586.0,0.030960311229198963,0.17777966892554795,0.17777966892554795,negligible,higher_in_Asian,0.08062581049270563,False
Asian,European,forehead_taper_ratio,571,143,0.8409282943605457,0.8398251388331127,0.8411621601088753,0.8401406212813131,44974.0,0.060091630942578814,0.16657878816148183,0.16657878816148183,negligible,higher_in_Asian,0.13910099755226576,False
Asian,European,face_aspect_ratio,571,143,0.9170288151251426,0.9113445079503402,0.9160779378379826,0.908193630672756,43738.0,0.18691623833825377,0.1106195089008243,0.1106195089008243,negligible,higher_in_Asian,0.32907788439833413,False
Asian,European,face_roundness,571,143,0.9628456833479647,0.9620144433505807,0.9644162038023996,0.9650598140848986,40904.0,0.972151982850289,0.07486351140503011,0.07486351140503011,negligible,higher_in_Asian,0.9807207918674081,False
Asian,European,face_width_uniformity,571,143,0.7623129308333768,0.7650091440505646,0.7610520846967717,0.7658947175168787,36036.0,0.029883063388648153,-0.18712947983592834,0.18712947983592834,negligible,higher_in_European,0.08062581049270563,False
Asian,European,jaw_to_forehead_ratio,571,143,1.0873042810662439,1.1000060249357009,1.0854238977095605,1.1004256305757554,35001.0,0.008269255161049706,-0.211915178020466,0.211915178020466,small,higher_in_European,0.030401673386212153,True
Asian,European,face_triangularity,571,143,0.5546151636506707,0.5463955635522286,0.5578399049215125,0.5475766286278632,47888.0,0.001368386585775172,0.23935533136573497,0.23935533136573497,small,higher_in_Asian,0.012217737372992607,True
Asian,European,face_asymmetry,571,143,0.035601335644941584,0.03776587519285049,0.0311346138835113,0.0325200921540915,38768.0,0.3508028636539636,-0.09818386225605724,0.09818386225605724,negligible,higher_in_European,0.5158865641970053,False
Asian,European,midface_width,571,143,0.5813040029703546,0.5837279524026973,0.5784700469557383,0.5810207551599534,38735.0,0.3431323552365124,-0.09083569437787394,0.09083569437787394,negligible,higher_in_European,0.5158865641970053,False
Asian,European,malar_bulge_r,571,143,0.03908554737847928,0.04000066920454768,0.0406027729493948,0.0427677598825372,40305.0,0.8132734602936265,-0.023095659237461694,0.023095659237461694,negligible,higher_in_European,0.8917472152342395,False
Asian,European,malar_bulge_l,571,143,0.044371963463724816,0.046325426514535965,0.0436774661133722,0.0458795817583704,39406.0,0.5197156456831207,-0.04931265460472164,0.04931265460472164,negligible,higher_in_European,0.6562066233372735,False
Asian,European,malar_bulge_mean,571,143,0.041728755421102035,0.0431630478595418,0.0420531268562097,0.0433590536393677,35399.0,0.013876954049842911,-0.21151739046390441,0.21151739046390441,small,higher_in_European,0.04447741682641959,True
Asian,European,malar_bulge_asym,571,143,1.564145750245783,1.5775546110981882,1.18027823428925,1.3070386430501435,40491.0,0.8792827104340878,-0.010359345932390983,0.010359345932390983,negligible,higher_in_European,0.9254947018383322,False
Asian,European,cheek_area_r,571,143,0.007277559596356887,0.007335790757248694,0.0063943357993566,0.006741654225119,41203.0,0.8646431252382998,-0.01215420429636566,0.01215420429636566,negligible,higher_in_European,0.9237640226904912,False
Asian,European,cheek_area_l,571,143,0.007830865486923232,0.008191022954408655,0.0069224956045719,0.0070798232438318,39147.0,0.4465338391000989,-0.06916901162446853,0.06916901162446853,negligible,higher_in_European,0.593794998803323,False
Asian,European,cheek_area_mean,571,143,0.007554212541640061,0.007763406855828677,0.0070713949177913,0.0073679677756843,37592.0,0.1425951930476402,-0.10071182569584353,0.10071182569584353,negligible,higher_in_European,0.2583246250863047,False
Asian,European,cheek_area_asym,571,143,0.9861111467453666,1.0203942953500889,1.0105969589865835,1.079349278877605,39202.0,0.46156576649749814,-0.06265046501519421,0.06265046501519421,negligible,higher_in_European,0.5948012454864666,False
African,Others,eb_thickness_r,143,143,0.015940585540225302,0.014964429322011516,0.0159172043261539,0.0147199779676879,12420.0,0.0016970270947169843,0.3728229163208207,0.3728229163208207,small,higher_in_African,0.006842851188374937,True
African,Others,eb_thickness_l,143,143,0.016237195008806715,0.015411040419245504,0.0160776889059464,0.0151700936452471,12207.0,0.004595223037901503,0.2951232816346121,0.2951232816346121,small,higher_in_African,0.016894202345226112,True
African,Others,eb_thickness_mean,143,143,0.016088890274516005,0.015187734870628505,0.0161602160658627,0.0149877431650867,13518.0,2.4923371985393286e-06,0.536219095906505,0.536219095906505,medium,higher_in_African,1.5577107490870805e-05,True
African,Others,eb_thickness_asym,143,143,0.22670926993956783,0.19750067686744066,0.2228573350233231,0.14858885720341,11340.0,0.11085304768381223,0.18851780887775488,0.18851780887775488,negligible,higher_in_African,0.17764911487790422,False
African,Others,eb_inter_distance,143,143,0.202216591542269,0.19255338924611845,0.2019535043943998,0.1911942427722184,14670.0,2.0702980283280822e-10,0.7888955378401967,0.7888955378401967,medium,higher_in_African,2.1565604461750854e-09,True
African,Others,eb_arch_r,143,143,0.1392981529363101,0.13366449871868782,0.1335111111681216,0.1319253489312406,11505.0,0.06720376440650853,0.24094195745409785,0.24094195745409785,small,higher_in_African,0.12538015747482933,False
African,Others,eb_arch_l,143,143,0.1352582773263664,0.13121289155006022,0.1358745990560405,0.1303485974569049,11604.0,0.048624239651546795,0.1936428504753647,0.1936428504753647,negligible,higher_in_African,0.09496921806942733,False
African,Others,eb_arch_mean,143,143,0.13727821513133825,0.13243869513437406,0.1377326553671315,0.1311936452011304,11843.0,0.02068831114209495,0.2626275575397841,0.2626275575397841,small,higher_in_African,0.047018888959306705,True
African,Others,eb_arch_asym,143,143,0.14989922759090854,0.12416041627931901,0.1224112363400429,0.0955182258187285,11802.0,0.02413347087066185,0.2343049485103691,0.2343049485103691,small,higher_in_African,0.052011790669529843,False
African,Others,eb_position_r,143,143,0.3680374827925917,0.34664966433253597,0.3659139973699252,0.3430397222389282,11963.0,0.01294727487853198,0.29068991425137125,0.29068991425137125,small,higher_in_African,0.032760348727898625,True
African,Others,eb_position_l,143,143,0.37164749987602547,0.3511736358377728,0.3688441568750882,0.3440076847046637,11931.0,0.014709289910106362,0.2689374821169837,0.2689374821169837,small,higher_in_African,0.03535886997621722,True
African,Others,eb_position_mean,143,143,0.3698424913343086,0.3489116500851544,0.3672744948593647,0.343207567658471,11932.0,0.014651178291962,0.28297081362868953,0.28297081362868953,small,higher_in_African,0.03535886997621722,True
African,Others,eb_position_asym,143,143,0.04844089658311619,0.050147731198350386,0.0397116492351917,0.0399157329618958,9821.0,0.5644385692209362,-0.03948257465653997,0.03948257465653997,negligible,higher_in_Others,0.6414074650237911,False
African,Others,eb_medial_flare_r,143,143,-0.09997296045384078,-0.08887015609148043,-0.0952766035651795,-0.0931402568389217,9258.0,0.16718328607419908,-0.1925545795968483,0.1925545795968483,negligible,higher_in_Others,0.2548525702350596,False
African,Others,eb_medial_flare_l,143,143,-0.09842459774723625,-0.0916321520362225,-0.1021231795890565,-0.0895066058189352,9468.0,0.27968546746351164,-0.12630179064624225,0.12630179064624225,negligible,higher_in_Others,0.3620612596344249,False
African,Others,eb_lateral_thickness_r,143,143,0.0009282791596884389,0.000918064264682528,0.0009193486905308,0.0009038391169883,10572.0,0.6197636829880802,0.037166802144974864,0.037166802144974864,negligible,higher_in_African,0.6979320754370272,False
African,Others,eb_lateral_thickness_l,143,143,0.0009715112558318067,0.0009743542221287798,0.0009329068161252,0.0009367353368315,10105.0,0.8648831061513561,-0.00996851303044611,0.00996851303044611,negligible,higher_in_Others,0.9126475095993037,False
African,Others,eb_medial_flare_mean,143,143,-0.09919877910053851,-0.09025115406385147,-0.0990539770990209,-0.0913594854206178,9303.0,0.1878505458915436,-0.16930322816937016,0.16930322816937016,negligible,higher_in_Others,0.27625080278168174,False
African,Others,eb_lateral_thickness_mean,143,143,0.000949895207760123,0.000946209243405656,0.0009360733582243,0.0009345791354881,10459.0,0.7379243235672021,0.04964459951925115,0.04964459951925115,negligible,higher_in_African,0.8162879685477898,False
African,Others,eb_lateral_thickness_asym,143,143,0.48006811069082983,0.4052671255217618,0.4237160248523413,0.2797947655284693,11707.0,0.03407741218454976,0.22852331653997912,0.22852331653997912,small,higher_in_African,0.07007869001502029,False
African,Others,eye_fissure_length_r,143,143,0.2060107187495451,0.19672403296663998,0.2048474567903742,0.1977377713275734,13473.0,3.410516929835152e-06,0.6002493363159048,0.6002493363159048,medium,higher_in_African,2.0300696010923523e-05,True
African,Others,eye_fissure_height_r,143,143,0.07134435244252858,0.0670475707794244,0.0748302140154858,0.0704222137789861,11496.0,0.06914984109777478,0.21358255894487627,0.21358255894487627,small,higher_in_African,0.12711367848855656,False
African,Others,eye_fissure_length_l,143,143,0.2080004320587738,0.19818415778241893,0.2061453158517504,0.1963458921882643,13963.0,9.038017229352449e-08,0.6713018603574437,0.6713018603574437,medium,higher_in_African,7.531681024460374e-07,True
African,Others,eye_fissure_height_l,143,143,0.06998256989918504,0.06652583385074416,0.0732014382305752,0.0684032366702598,11398.0,0.09348256289245652,0.17326951301187546,0.17326951301187546,negligible,higher_in_African,0.15375421528364558,False
African,Others,eye_fissure_length_mean,143,143,0.20700557540415943,0.19745409537452946,0.207146283294597,0.197986096881451,14949.0,1.4285130806323037e-11,0.8808648235912806,0.8808648235912806,large,higher_in_African,2.550916215414828e-10,True
African,Others,eye_fissure_height_mean,143,143,0.07066346117085681,0.06678670231508427,0.0741153315314137,0.0691489675165182,11464.0,0.07644739282765868,0.19456342088617465,0.19456342088617465,negligible,higher_in_African,0.13034222952377336,False
African,Others,eye_fissure_length_asym,143,143,0.08835453004568043,0.07259970191891808,0.0814830236421404,0.0518258896584249,11911.0,0.01591495720874869,0.25415339301384987,0.25415339301384987,small,higher_in_African,0.03753527643572804,True
African,Others,eye_fissure_height_asym,143,143,0.05829438664853196,0.055670638703534135,0.0411687866454513,0.0334370162733418,10983.0,0.2784153302562059,0.03688977524607867,0.03688977524607867,negligible,higher_in_African,0.3620612596344249,False
African,Others,eye_fissure_slant_r,143,143,4.519360432075955,4.744290798605449,4.485665138604218,4.788172751803254,9467.0,0.27904990736927726,-0.07902128089518548,0.07902128089518548,negligible,higher_in_Others,0.3620612596344249,False
African,Others,eye_fissure_slant_l,143,143,4.8087726076667066,5.1214682650692245,4.7276446762894935,5.331991162161524,9324.0,0.19811662037134137,-0.11070877085329942,0.11070877085329942,negligible,higher_in_Others,0.28796020402811245,False
African,Others,eye_fissure_slant_mean,143,143,4.664066519871331,4.932879531837337,4.662688008339036,5.163233531326631,9371.0,0.2225675194107224,-0.09993711920248145,0.09993711920248145,negligible,higher_in_Others,0.3161470446175034,False
African,Others,eye_fissure_slant_asym,143,143,1.49926969944322,1.358569755823158,1.2271274713041027,1.1449313332986677,10334.0,0.8761416092153316,0.12525605815963997,0.12525605815963997,negligible,higher_in_African,0.9126475095993037,False
African,Others,eye_fissure_aspect_r,143,143,0.3449928868285944,0.33966458585239323,0.3518803281323435,0.3524499382548197,10386.0,0.8179219569132199,0.05745635087229036,0.05745635087229036,negligible,higher_in_African,0.8738482445654058,False
African,Others,eye_fissure_aspect_l,143,143,0.335268832209261,0.33540018247435543,0.3530391554164458,0.3452660718313243,10278.0,0.939589173848546,-0.0014342134163293431,0.0014342134163293431,negligible,higher_in_Others,0.9548670465940509,False
African,Others,eye_fissure_aspect_mean,143,143,0.3401308595189277,0.33753238416337433,0.3545455439337188,0.3476027819016463,10284.0,0.9327655980413138,0.028735186851214522,0.028735186851214522,negligible,higher_in_African,0.9548670465940509,False
African,Others,inter_canthal_distance,143,143,0.2566756033080781,0.24847946144718827,0.2571841358989558,0.247839616556446,13178.0,2.4152186458808925e-05,0.47191423045729236,0.47191423045729236,small,higher_in_African,0.00013722833215232345,True
African,Others,inter_pupillary_distance,143,143,0.4748534279778442,0.45251575427103685,0.4769160217448054,0.4504507802226459,15888.0,5.601402575414791e-16,0.9972009895387616,0.9972009895387616,large,higher_in_African,1.922847540979306e-14,True
African,Others,outer_canthal_distance,143,143,0.6688454411923601,0.6414415173286283,0.6670191278333124,0.6408520689108572,15880.0,6.153112131133779e-16,0.9988480465892297,0.9988480465892297,large,higher_in_African,1.922847540979306e-14,True
African,Others,canthal_to_pupillary_ratio,143,143,0.5404602553469873,0.5491916153009552,0.5380942161134635,0.5485486564462116,8419.0,0.009850844505820883,-0.32414702980906285,0.32414702980906285,small,higher_in_Others,0.027363456960613566,True
African,Others,eye_epicanthus_angle_r,143,143,63.70790679418349,62.542276503751566,65.27871327799876,64.33352398059179,10655.0,0.5386409798197772,0.08071599411903063,0.08071599411903063,negligible,higher_in_African,0.6231345930050477,False
African,Others,eye_epicanthus_angle_l,143,143,59.767099391241075,59.86669433453683,62.01125488185475,61.613678660288045,10109.0,0.8693833492627049,-0.007400732337329151,0.007400732337329151,negligible,higher_in_Others,0.9126475095993037,False
African,Others,eye_epicanthus_angle_mean,143,143,61.73750309271228,61.2044854191442,63.549671913155734,62.92491454663025,10392.0,0.8112621346163121,0.03971941123647089,0.03971941123647089,negligible,higher_in_African,0.8738482445654058,False
African,Others,eye_epicanthus_angle_asym,143,143,0.11202732446467151,0.10711699086271761,0.0854179636978961,0.0807018921639828,10722.0,0.4772858909584575,0.05258585521211531,0.05258585521211531,negligible,higher_in_African,0.561726986579909,False
African,Others,eye_upper_lid_to_iris_r,143,143,0.46031771823896006,0.4501423405825049,0.4637937677059919,0.4747957799350997,9685.0,0.44086601994651153,0.095245247053913,0.095245247053913,negligible,higher_in_African,0.5350315776049898,False
African,Others,eye_lower_lid_to_iris_r,143,143,0.5267688224730921,0.5344573363200263,0.5256527263091307,0.5133843882480864,10979.0,0.28095953747631375,-0.0775242156542607,0.0775242156542607,negligible,higher_in_Others,0.3620612596344249,False
African,Others,eye_upper_lid_to_iris_l,143,143,0.47063432683637607,0.4587034399210132,0.4719968992169286,0.4857768915697131,9704.0,0.45714090526894935,0.09266346726803322,0.09266346726803322,negligible,higher_in_African,0.5442153634154159,False
African,Others,eye_lower_lid_to_iris_l,143,143,0.5155967723035693,0.5253983403016295,0.5169359412926297,0.5045703916513332,10893.0,0.3394803850359307,-0.09199542313302414,0.09199542313302414,negligible,higher_in_Others,0.4243504812949134,False
African,Others,eye_upper_lid_to_iris_mean,143,143,0.46547602253766807,0.454422890251759,0.46874939245005,0.477985115861618,9731.0,0.4808383005124022,0.0944410642192033,0.0944410642192033,negligible,higher_in_African,0.561726986579909,False
African,Others,eye_upper_lid_to_iris_asym,143,143,0.05250574010477966,0.031158530663524923,0.0294924450975631,0.0245563579818016,11018.0,0.2568224235888771,0.17347388527766724,0.17347388527766724,negligible,higher_in_African,0.3489435103109743,False
African,Others,eye_lower_lid_to_iris_mean,143,143,0.5211827973883306,0.5299278383108278,0.5206132964070271,0.5090821624564357,10928.0,0.3147813203628088,-0.08557877796899654,0.08557877796899654,negligible,higher_in_Others,0.3974511620742535,False
African,Others,eye_lower_lid_to_iris_asym,143,143,0.03397051959511941,0.030856398022994218,0.0257545755132593,0.0216701828229506,11157.0,0.18263235709544545,0.09872147657186035,0.09872147657186035,negligible,higher_in_African,0.2717743409158414,False
African,Others,eye_area_r,143,143,0.009957925140518433,0.008909327106129964,0.010397462991973,0.009233244765973,12181.0,0.005158899199164473,0.3355493665222659,0.3355493665222659,small,higher_in_African,0.01791284444154331,True
African,Others,eye_area_l,143,143,0.009880358856408507,0.008939898496622231,0.0103250015269337,0.0092876838643299,12050.0,0.009064282705005722,0.30482738080878224,0.30482738080878224,small,higher_in_African,0.025750803139220804,True
African,Others,eye_area_mean,143,143,0.00991914199846347,0.008924612801376096,0.0102475282480606,0.0092377512742462,12150.0,0.005912174573056856,0.3255542147092785,0.3255542147092785,small,higher_in_African,0.018949277477746336,True
African,Others,eye_area_asym,143,143,0.10480362163932161,0.0894187633978777,0.0904253763302922,0.063051773123735,12181.0,0.005158899199164473,0.18860682933225767,0.18860682933225767,negligible,higher_in_African,0.01791284444154331,True
African,Others,eye_fissure_fill_r,143,143,0.2319091889016953,0.2276128090681758,0.2359926011116485,0.236479081790552,10449.0,0.7487378503822489,0.06672597047143786,0.06672597047143786,negligible,higher_in_African,0.8209844850682554,False
African,Others,eye_fissure_fill_l,143,143,0.22584294690818696,0.22633479034627743,0.2358226365986763,0.2316037704759786,10220.0,0.9954363523952732,-0.00781872576497188,0.00781872576497188,negligible,higher_in_Others,0.9954363523952732,False
African,Others,eye_fissure_fill_mean,143,143,0.22887606790494117,0.22697379970722667,0.2386775717871556,0.2343417812338123,10325.0,0.886295803408085,0.030689421292523618,0.030689421292523618,negligible,higher_in_African,0.9155948382314928,False
African,Others,iris_offset_x_r,143,143,-0.02404900418584835,-0.019865690353330905,-0.0338163328368048,-0.0168225172927908,9153.0,0.12565728677840818,-0.059712422705236044,0.059712422705236044,negligible,higher_in_Others,0.193915566016062,False
African,Others,iris_offset_y_r,143,143,-0.05133944615821677,-0.05776938462881419,-0.0529205540815317,-0.0589710035956368,12009.0,0.010741648311892922,0.23642062060790722,0.23642062060790722,small,higher_in_African,0.0285682135954599,True
African,Others,iris_offset_x_l,143,143,0.030602013027945223,0.0162356834023157,0.0316461740178528,0.019349680936446,11404.0,0.09181774564782158,0.20558645731544675,0.20558645731544675,small,higher_in_African,0.15302957607970263,False
African,Others,iris_offset_y_l,143,143,-0.04825534768493581,-0.05538219705105777,-0.0507099106765795,-0.0574156622185643,12132.0,0.0063937401519584625,0.24503542339123904,0.24503542339123904,small,higher_in_African,0.019980437974870195,True
African,Others,gaze_asym_x,143,143,-0.054651017213793576,-0.0361013737556466,-0.0610603960864527,-0.0334320475864834,7863.0,0.0007353136723831722,-0.3686529590756973,0.3686529590756973,small,higher_in_Others,0.003169455484410225,True
African,Others,gaze_asym_y,143,143,-0.003084098473280938,-0.0023871875777564007,-0.0021328542407525,-0.0020797888359485,9453.0,0.27025517180023584,-0.07486026414613005,0.07486026414613005,negligible,higher_in_Others,0.3620612596344249,False
African,Others,gaze_asym_norm,143,143,0.06678268819316735,0.05019571268912448,0.0656004182166978,0.0432069098660924,12731.0,0.00033914855803280844,0.46639790157426725,0.46639790157426725,small,higher_in_African,0.0015701322131148538,True
African,Others,nose_length,143,143,0.29909583464492967,0.3033285917479297,0.3012951223829224,0.3045474970053097,8840.0,0.047813588398238245,-0.23080467934518042,0.23080467934518042,small,higher_in_Others,0.09486823094888541,False
African,Others,nose_bridge_length,143,143,0.8719814663214921,0.8733841075944225,0.8768556362942295,0.8810868318113149,9799.0,0.5433733651004016,-0.03827064767067105,0.03827064767067105,negligible,higher_in_Others,0.6231345930050477,False
African,Others,nose_bridge_width,143,143,0.08212955030080693,0.07862283236504028,0.0822589732137699,0.0785104686410733,16040.0,9.172439060984725e-17,1.0682135214845858,1.0682135214845858,large,higher_in_African,1.1465548826230907e-14,True
African,Others,nose_tip_width,143,143,0.290349699248848,0.26840204395282896,0.2875249890876222,0.267569180473697,15980.0,1.8840446878240544e-16,1.083786786935894,1.083786786935894,large,higher_in_African,1.177527929890034e-14,True
African,Others,nose_base_width,143,143,0.25595115681484953,0.23755053939001006,0.2534748256719546,0.2351632960332314,14724.0,1.2490418416989456e-10,0.8295434258868366,0.8295434258868366,large,higher_in_African,1.561302302123682e-09,True
African,Others,nose_tip_to_bridge_ratio,143,143,3.533859926909581,3.4123554614525,3.5101041428990887,3.393086622117725,13825.0,2.636383423142405e-07,0.6653666528151365,0.6653666528151365,medium,higher_in_African,1.938517222898827e-06,True
African,Others,nose_tip_midline_dent,143,143,0.04080544183207039,0.04158117274379158,0.0405437649458466,0.0413775990940754,8970.0,0.07295202297470879,-0.2363702623239182,0.2363702623239182,small,higher_in_Others,0.12843666016674085,False
African,Others,nose_ala_height_r,143,143,0.0658163150025177,0.06431031046489387,0.0654049109624751,0.0634502446292542,12165.0,0.0055361144187551364,0.2810472235867768,0.2810472235867768,small,higher_in_African,0.01870308925255114,True
African,Others,nose_ala_height_l,143,143,0.06587485814951095,0.06462412760796006,0.0654367358786045,0.0637166819210818,11706.0,0.0341984007273299,0.22392966601842604,0.22392966601842604,small,higher_in_African,0.07007869001502029,False
African,Others,nose_ala_height_mean,143,143,0.06584558657601433,0.06446721903642696,0.0653665950345765,0.0636415784217352,11960.0,0.01310413949115945,0.25328805388608594,0.25328805388608594,small,higher_in_African,0.032760348727898625,True
African,Others,nose_ala_height_asym,143,143,0.01297170423825514,0.013872623480371413,0.0096563948289651,0.0106288784363232,9622.0,0.3893387607854102,-0.07615772461140984,0.07615772461140984,negligible,higher_in_Others,0.4818549019621413,False
African,Others,nostril_region_area,143,143,0.016942657299799446,0.015671910292138904,0.0165643858283105,0.0155424762878388,13050.0,5.355410360348246e-05,0.4894884072596312,0.4894884072596312,small,higher_in_African,0.00029105491088849165,True
African,Others,nasolabial_angle,143,143,165.50905871433793,168.0785026971133,168.18188251329602,171.35044774030757,8654.0,0.024768887871859463,-0.2534691803382788,0.2534691803382788,small,higher_in_Others,0.05247645735563446,False
African,Others,nose_tip_elevation,143,143,0.04372177264152912,0.04263676909504317,0.042077527560709,0.0399691728827102,11175.0,0.17432652833070383,0.09944260000201466,0.09944260000201466,negligible,higher_in_African,0.2625399523052768,False
African,Others,ala_flare_angle,143,143,167.31097608124335,165.47874143774715,167.96549446116214,165.8415513315462,11310.0,0.12078843017226898,0.2165840982321991,0.2165840982321991,small,higher_in_African,0.1911209338168813,False
African,Others,columella_length,143,143,0.13156770166971504,0.12923533266359416,0.127029404112911,0.1212423892624544,10795.0,0.4150382968617674,0.0619731201191447,0.0619731201191447,negligible,higher_in_African,0.5086253638011856,False
African,Others,columella_hang_below_ala,143,143,0.04045630537547077,0.043200258034539536,0.0383148522505834,0.0436933798258758,9700.0,0.4536868342597776,-0.08891631234084052,0.08891631234084052,negligible,higher_in_Others,0.5442153634154159,False
African,Others,nose_to_face_area_ratio,143,143,0.04020159935314416,0.03780549516702628,0.0404840932826711,0.0374144990962631,12780.0,0.0002587219300338243,0.44859481306673143,0.44859481306673143,small,higher_in_African,0.0012438554328549247,True
African,Others,philtrum_length,143,143,0.29118245228222006,0.27828368363949973,0.2907224250879635,0.2812107722641953,11597.0,0.049778514576111973,0.2734276862840712,0.2734276862840712,small,higher_in_African,0.09572791264636918,False
African,Others,philtrum_width,143,143,0.305792406933083,0.297532598763231,0.3045568246885312,0.2949688632329705,13844.0,2.280179730863344e-07,0.5714405182333782,0.5714405182333782,medium,higher_in_African,1.7813904147369874e-06,True
African,Others,mouth_width,143,143,0.3951857855336863,0.3793619260166662,0.3850515756851527,0.3792807312728786,11546.0,0.05890041020922298,0.27583420880534437,0.27583420880534437,small,higher_in_African,0.11155380721443746,False
African,Others,mouth_opening,143,143,0.16960867166173393,0.11765443333249923,0.1641542207290649,0.1165388741273538,12463.0,0.0013734146061827814,0.4232492857387527,0.4232492857387527,small,higher_in_African,0.005722560859094923,True
African,Others,upper_vermilion_height,143,143,0.11583975011954575,0.10564460222387119,0.111269299537395,0.1009934308243278,12000.0,0.011144860288832336,0.2916133079518902,0.2916133079518902,small,higher_in_African,0.029023073668834207,True
African,Others,lower_vermilion_height,143,143,0.191263657554288,0.18220347355761246,0.188178125423892,0.176832640387886,11486.0,0.07136619416870818,0.20511205782319014,0.20511205782319014,small,higher_in_African,0.12843666016674085,False
African,Others,vermilion_total,143,143,0.3071034076738338,0.28784807578148364,0.2997654610370223,0.2753419443689512,11818.0,0.022733930979356148,0.25643361394601044,0.25643361394601044,small,higher_in_African,0.05023010014182754,False
African,Others,cupid_bow_drop,143,143,0.0227861036257002,0.022538473210158675,0.0223521253516681,0.0227062091480066,10426.0,0.7737940479968775,0.04450949234788948,0.04450949234788948,negligible,higher_in_African,0.8410804869531276,False
African,Others,mouth_corner_drop,143,143,0.15325450823612635,0.12633543301155997,0.1463402726909836,0.1235946617869784,12071.0,0.008299203352820656,0.29606684668879946,0.29606684668879946,small,higher_in_African,0.024700009978632902,True
African,Others,mouth_triangularity,143,143,0.1760406118618266,0.1488739062217187,0.1746564128928951,0.1436452056097956,12093.0,0.0075601538628726995,0.30282116445896246,0.30282116445896246,small,higher_in_African,0.02304924958192896,True
African,Others,mouth_tenting,143,143,0.5701174633078074,0.49226087265180424,0.5711321857735522,0.4940232711547337,11856.0,0.019689441709968683,0.2770372009899111,0.2770372009899111,small,higher_in_African,0.04557741136566825,True
African,Others,mouth_upper_curvature_c2,143,143,1.5196129441187485,1.4284636668594148,1.5391725974334125,1.3402173457721285,11113.0,0.20416415233964935,0.09253049294617478,0.09253049294617478,negligible,higher_in_African,0.29333929933857666,False
African,Others,mouth_upper_fit_residual,143,143,0.013837709262674936,0.011961627390344553,0.0130800789829727,0.0114963839579435,12962.0,9.08868416980881e-05,0.4044524792976308,0.4044524792976308,small,higher_in_African,0.00045443420849044044,True
African,Others,upper_lip_eversion,143,143,0.08544383163453248,0.07736565095776922,0.0815525606307767,0.0742718723720797,12359.0,0.0022772525669657144,0.3611749361096439,0.3611749361096439,small,higher_in_African,0.008895517839709821,True
African,Others,lower_lip_eversion,143,143,0.12152917570778621,0.1168851144910928,0.1210144823713,0.1128062218446011,11026.0,0.2520546869200009,0.14986586033504462,0.14986586033504462,negligible,higher_in_African,0.34622896554945176,False
African,Others,lip_outer_to_inner_area,143,143,7.514409079434168,7.866205696971411,3.3247265850692003,3.601168821971976,9415.0,0.24734901097626238,-0.03741256150276979,0.03741256150276979,negligible,higher_in_Others,0.34354029302258665,False
African,Others,lip_midline_x_std,143,143,0.004123836461133385,0.003216370982532362,0.0027905433951096,0.0022598992207877,11700.0,0.03493206783641265,0.21373273247658928,0.21373273247658928,small,higher_in_African,0.0704275561217997,False
African,Others,cupid_bow_peak_asym,143,143,0.006805176344928711,0.005891057400778939,0.0053726467259261,0.0049093565642778,10950.0,0.29987644323478313,0.16259084989010483,0.16259084989010483,negligible,higher_in_African,0.3824954633096723,False
African,Others,chin_height,143,143,0.1549721520789479,0.1806396524176285,0.1553245860711904,0.1807901050033238,6089.0,3.3643111710963857e-09,-0.7569963396648708,0.7569963396648708,medium,higher_in_Others,3.234914587592679e-08,True
African,Others,chin_width,143,143,0.33061863145276854,0.32329009600294223,0.3283756229408838,0.3200657976167233,12975.0,8.413549101526212e-05,0.41713298560053275,0.41713298560053275,small,higher_in_African,0.00043820568237115686,True
African,Others,chin_pointedness_angle,143,143,149.1143404864694,152.26051344709592,149.5341632923766,151.7044551236052,6851.0,1.4130870337327684e-06,-0.6408257692396471,0.6408257692396471,medium,higher_in_Others,9.813104400922004e-06,True
African,Others,jaw_bigonial_width,143,143,0.7866825774858778,0.7960617985507562,0.7843303131577489,0.7958649662003162,7821.0,0.0005901118532489908,-0.402786313666791,0.402786313666791,small,higher_in_Others,0.0026344279162901375,True
African,Others,forehead_height,143,143,0.1826216430211389,0.1860490023275031,0.183445311579022,0.1886269079354157,8988.0,0.07716259987807382,-0.1763317179870647,0.1763317179870647,negligible,higher_in_Others,0.13034222952377336,False
African,Others,forehead_width_upper,143,143,0.754050694943354,0.7289512712538005,0.7562203642706645,0.7295841021704058,15404.0,1.3055751723694874e-13,0.9778057319108019,0.9778057319108019,large,higher_in_African,3.263937930923718e-12,True
African,Others,forehead_width_mid,143,143,0.8915401790904378,0.8674342870896317,0.8921050152139562,0.8683394909466176,15328.0,2.9441502082497557e-13,0.9493434005950763,0.9493434005950763,large,higher_in_African,6.133646267186991e-12,True
African,Others,hairline_height,143,143,0.1826216430211389,0.1860490023275031,0.183445311579022,0.1886269079354157,8988.0,0.07716259987807382,-0.1763317179870647,0.1763317179870647,negligible,higher_in_Others,0.13034222952377336,False
African,Others,forehead_taper_ratio,143,143,0.8456487862228818,0.840233035121407,0.8459182388974668,0.8406013142554049,14850.0,3.755390740655806e-11,0.8436940335630705,0.8436940335630705,large,higher_in_African,5.867798032274697e-10,True
African,Others,face_aspect_ratio,143,143,0.8916399937573195,0.9098338922594323,0.8937302860979434,0.907044052674792,8100.0,0.002388116845131616,-0.3620748819835666,0.3620748819835666,small,higher_in_Others,0.009045897140650062,True
African,Others,face_roundness,143,143,0.9535466873492051,0.9625748222398383,0.955084585796676,0.966476960952067,6383.0,3.9660562920796394e-08,-0.6408547817131031,0.6408547817131031,medium,higher_in_Others,3.541121689356821e-07,True
African,Others,face_width_uniformity,143,143,0.7703666362146115,0.7625065349022743,0.7704785717593325,0.7618588548713419,13521.0,2.4404184077460996e-06,0.5803995403688808,0.5803995403688808,medium,higher_in_African,1.5577107490870805e-05,True
African,Others,jaw_to_forehead_ratio,143,143,1.0448191369834081,1.093909557653339,1.0402022551684715,1.0886827926885614,5665.0,7.075621256849899e-11,-0.8539419095219518,0.8539419095219518,large,higher_in_Others,9.82725174562486e-10,True
African,Others,face_triangularity,143,143,0.5609005991498239,0.5557420580756074,0.56464094099902,0.5606983430409345,11071.0,0.22638643920443724,0.16593645555605901,0.16593645555605901,negligible,higher_in_African,0.317958482028704,False
African,Others,face_asymmetry,143,143,0.04175975792563998,0.03656273101878829,0.0367323462247757,0.0298369208139026,11816.0,0.02290492566467336,0.2116057723590795,0.2116057723590795,small,higher_in_African,0.05023010014182754,False
African,Others,midface_width,143,143,0.594509181286152,0.5883113253393619,0.5915088172532625,0.5858497804407141,11482.0,0.072268886060965,0.23356735582775157,0.23356735582775157,small,higher_in_African,0.12843666016674085,False
African,Others,malar_bulge_r,143,143,0.03310818491502546,0.036389487317534996,0.0391023433990044,0.0409931547718648,9895.0,0.6380359923262837,-0.0753354295162267,0.0753354295162267,negligible,higher_in_Others,0.7120937414355845,False
African,Others,malar_bulge_l,143,143,0.03964119664507916,0.0465774505606773,0.0328293679113316,0.0449184655967219,9146.0,0.1232040782678526,-0.16176666395887984,0.16176666395887984,negligible,higher_in_Others,0.1925063722935197,False
African,Others,malar_bulge_mean,143,143,0.03637469078005228,0.04148346893910614,0.0364512282503395,0.0417699141317555,5740.0,1.4381067687717571e-10,-0.6944072357951216,0.6944072357951216,medium,higher_in_Others,1.6342122372406332e-09,True
African,Others,malar_bulge_asym,143,143,2.12287385806955,1.7157017405254735,1.7085477858624287,1.0622485695331447,12057.0,0.008802532248734011,0.23566384283911435,0.23566384283911435,small,higher_in_African,0.025588756537017476,True
African,Others,cheek_area_r,143,143,0.00722499581426286,0.007286720382998989,0.0067218680498737,0.0065077277733356,10185.0,0.9555272460210703,-0.012819940626989653,0.012819940626989653,negligible,higher_in_Others,0.963233110908337,False
African,Others,cheek_area_l,143,143,0.007511024728301935,0.008441891621771096,0.0061551849018882,0.0070570209803744,9059.0,0.09573989458709738,-0.16549905764592715,0.16549905764592715,negligible,higher_in_Others,0.155421906797236,False
African,Others,cheek_area_mean,143,143,0.007368010271282393,0.007864306002385047,0.0065972431695197,0.0071973625165054,8295.0,0.005809703893658587,-0.1820004415825644,0.1820004415825644,negligible,higher_in_Others,0.018949277477746336,True
African,Others,cheek_area_asym,143,143,1.0866674957677065,0.924793260560692,1.1508048736692462,0.9487775925990783,12023.0,0.010140181217939793,0.31126137632212386,0.31126137632212386,small,higher_in_African,0.027554840266140742,True
African,European,eb_thickness_r,143,143,0.015940585540225302,0.014849565664404414,0.0159172043261539,0.0144063628058807,12703.0,0.0003950576193277262,0.40188054755272895,0.40188054755272895,small,higher_in_African,0.0014109200690275933,True
African,European,eb_thickness_l,143,143,0.016237195008806715,0.015115779087123409,0.0160776889059464,0.0150668107672844,12425.0,0.0016560866052558764,0.39695108626559417,0.39695108626559417,small,higher_in_African,0.004600240570155212,True
African,European,eb_thickness_mean,143,143,0.016088890274516005,0.014982672375763902,0.0161602160658627,0.0150660236141849,13599.0,1.4029872932020232e-06,0.6053736237794439,0.6053736237794439,medium,higher_in_African,7.971518711375133e-06,True
African,European,eb_thickness_asym,143,143,0.22670926993956783,0.1966825957555143,0.2228573350233231,0.1734770757290062,11309.0,0.12113123587951426,0.19735402161824298,0.19735402161824298,negligible,higher_in_African,0.17813417041105037,False
African,European,eb_inter_distance,143,143,0.202216591542269,0.19511334066126107,0.2019535043943998,0.1946355983103844,13671.0,8.327364398753569e-07,0.5659070090864541,0.5659070090864541,medium,higher_in_African,4.956764523067601e-06,True
African,European,eb_arch_r,143,143,0.1392981529363101,0.1295340803611866,0.1335111111681216,0.1308881596992115,12228.0,0.0041813337411398515,0.41054921024851193,0.41054921024851193,small,higher_in_African,0.010666667706989416,True
African,European,eb_arch_l,143,143,0.1352582773263664,0.12848338143010057,0.1358745990560405,0.1287134868267643,12137.0,0.006256550512634464,0.3033230922733334,0.3033230922733334,small,higher_in_African,0.01503978488614054,True
African,European,eb_arch_mean,143,143,0.13727821513133825,0.1290087308956436,0.1377326553671315,0.1292828816095211,12618.0,0.0006220355995513814,0.4237943230522359,0.4237943230522359,small,higher_in_African,0.0018964499986322601,True
African,European,eb_arch_asym,143,143,0.14989922759090854,0.13725534419210864,0.1224112363400429,0.1226010340635731,10772.0,0.4341140497762507,0.11809502828959788,0.11809502828959788,negligible,higher_in_African,0.521771694442609,False
African,European,eb_position_r,143,143,0.3680374827925917,0.3629357675333865,0.3659139973699252,0.346090732074377,10924.0,0.31754273955196044,0.06374150522755977,0.06374150522755977,negligible,higher_in_African,0.392998440039555,False
African,European,eb_position_l,143,143,0.37164749987602547,0.3648818860374633,0.3688441568750882,0.3507491671264952,10938.0,0.3079470325751863,0.08313889327778812,0.08313889327778812,negligible,higher_in_African,0.38493379071898287,False
African,European,eb_position_mean,143,143,0.3698424913343086,0.3639088267854248,0.3672744948593647,0.351279405269889,10948.0,0.3012116552893077,0.07436813901690276,0.07436813901690276,negligible,higher_in_African,0.3803177465774087,False
African,European,eb_position_asym,143,143,0.04844089658311619,0.05993419922493741,0.0397116492351917,0.0515963564558745,8441.0,0.01078579994984257,-0.259892221253933,0.259892221253933,small,higher_in_European,0.024513181704187658,True
African,European,eb_medial_flare_r,143,143,-0.09997296045384078,-0.07585707094450587,-0.0952766035651795,-0.0796896583695818,7954.0,0.0011706416556203497,-0.4440414642570959,0.4440414642570959,small,higher_in_European,0.003325686521648721,True
African,European,eb_medial_flare_l,143,143,-0.09842459774723625,-0.07580625943452861,-0.1021231795890565,-0.074139228689126,7771.0,0.00045214224389902613,-0.45084035756155666,0.45084035756155666,small,higher_in_European,0.0014873100128257439,True
African,European,eb_lateral_thickness_r,143,143,0.0009282791596884389,0.000914973904387656,0.0009193486905308,0.0008508475382806,10656.0,0.5376969889574086,0.04865227387891706,0.04865227387891706,negligible,higher_in_African,0.605514627204289,False
African,European,eb_lateral_thickness_l,143,143,0.0009715112558318067,0.0009468133051885257,0.0009329068161252,0.0009372414366259,10513.0,0.6804717291340163,0.08948105931672154,0.08948105931672154,negligible,higher_in_African,0.7396431838413221,False
African,European,eb_medial_flare_mean,143,143,-0.09919877910053851,-0.07583166518951726,-0.0990539770990209,-0.0774875753279518,7650.0,0.00023265223434863853,-0.47962476405601145,0.47962476405601145,small,higher_in_European,0.0008553390968699945,True
African,European,eb_lateral_thickness_mean,143,143,0.000949895207760123,0.0009308936047880925,0.0009360733582243,0.000931238906102,11460.0,0.07740221042253297,0.2311385538663342,0.2311385538663342,small,higher_in_African,0.12900368403755494,False
African,European,eb_lateral_thickness_asym,143,143,0.48006811069082983,0.40938619488493505,0.4237160248523413,0.3722944257274185,11434.0,0.0838477726919686,0.22729139807396426,0.22729139807396426,small,higher_in_African,0.13685144336906677,False
African,European,eye_fissure_length_r,143,143,0.2060107187495451,0.19454680151890785,0.2048474567903742,0.1927580461019685,14366.0,3.193381933645757e-09,0.7455586476303182,0.7455586476303182,medium,higher_in_African,2.348074951210115e-08,True
African,European,eye_fissure_height_r,143,143,0.07134435244252858,0.060496078982065916,0.0748302140154858,0.0647199909572549,12931.0,0.00010910917273862114,0.49103739420959025,0.49103739420959025,small,higher_in_African,0.0004546215530775881,True
African,European,eye_fissure_length_l,143,143,0.2080004320587738,0.19652536636027926,0.2061453158517504,0.1949026435943465,14548.0,6.346227895435539e-10,0.7726293383002091,0.7726293383002091,medium,higher_in_African,5.288523246196283e-09,True
African,European,eye_fissure_height_l,143,143,0.06998256989918504,0.05997532946535427,0.0732014382305752,0.0639040079478418,12876.0,0.00015019834522701355,0.4574327338819489,0.4574327338819489,small,higher_in_African,0.0005867122860430217,True
African,European,eye_fissure_length_mean,143,143,0.20700557540415943,0.19553608393959354,0.207146283294597,0.1946032777989468,15784.0,1.8806211103334992e-15,1.0535711902137095,1.0535711902137095,large,higher_in_African,3.917960646528123e-14,True
African,European,eye_fissure_height_mean,143,143,0.07066346117085681,0.06023570422371009,0.0741153315314137,0.0636759948594591,12925.0,0.00011301278038106043,0.4772414355160201,0.4772414355160201,small,higher_in_African,0.00045569669508492105,True
African,European,eye_fissure_length_asym,143,143,0.08835453004568043,0.07767538046723124,0.0814830236421404,0.0669234834626222,11150.0,0.1859404363380036,0.17794207311924404,0.17794207311924404,negligible,higher_in_African,0.25263646241576576,False
African,European,eye_fissure_height_asym,143,143,0.05829438664853196,0.11047647467221706,0.0411687866454513,0.0550800473515812,8449.0,0.011144860288832336,-0.38077952167208057,0.38077952167208057,small,higher_in_European,0.024514284654626746,True
African,European,eye_fissure_slant_r,143,143,4.519360432075955,3.27965052778378,4.485665138604218,3.5138939533111677,12368.0,0.002181526931722926,0.41251074616337485,0.41251074616337485,small,higher_in_African,0.005928062314464472,True
African,European,eye_fissure_slant_l,143,143,4.8087726076667066,3.5707035560206872,4.7276446762894935,3.6292044251787527,12628.0,0.0005901118532489908,0.4443110092519258,0.4443110092519258,small,higher_in_African,0.0018440995414030963,True
African,European,eye_fissure_slant_mean,143,143,4.664066519871331,3.4251770419022325,4.662688008339036,3.592412866472596,12659.0,0.0005005783607389838,0.4515969821962694,0.4515969821962694,small,higher_in_African,0.0016044178228813584,True
African,European,eye_fissure_slant_asym,143,143,1.49926969944322,1.433557154376344,1.2271274713041027,1.2579730579910875,10271.0,0.9475555865810339,0.05562192865701333,0.05562192865701333,negligible,higher_in_African,0.9708561337920429,False
African,European,eye_fissure_aspect_r,143,143,0.3449928868285944,0.31043508934825115,0.3518803281323435,0.3296302371805479,11896.0,0.016875409976855018,0.33025063552765044,0.33025063552765044,small,higher_in_African,0.03196100374404359,True
African,European,eye_fissure_aspect_l,143,143,0.335268832209261,0.3032776233488448,0.3530391554164458,0.3236818162309637,11922.0,0.015241503306243936,0.3186217562344431,0.3186217562344431,small,higher_in_African,0.02931058328123834,True
African,European,eye_fissure_aspect_mean,143,143,0.3401308595189277,0.30685635634854797,0.3545455439337188,0.3248280978173319,11995.0,0.011374628079746811,0.3303413946238377,0.3303413946238377,small,higher_in_African,0.024514284654626746,True
African,European,inter_canthal_distance,143,143,0.2566756033080781,0.25195082398911633,0.2571841358989558,0.2522224867932135,11929.0,0.0148261229220026,0.27865869926330306,0.27865869926330306,small,higher_in_African,0.02931058328123834,True
African,European,inter_pupillary_distance,143,143,0.4748534279778442,0.4551515740192434,0.4769160217448054,0.4540688462805384,15171.0,1.5224608965425386e-12,0.9160083835621101,0.9160083835621101,large,higher_in_African,1.585896767231811e-11,True
African,European,outer_canthal_distance,143,143,0.6688454411923601,0.6418143240654428,0.6670191278333124,0.6381046101962402,15825.0,1.169673448850335e-15,1.0155643149159665,1.0155643149159665,large,higher_in_African,2.924183622125837e-14,True
African,European,canthal_to_pupillary_ratio,143,143,0.5404602553469873,0.5536125813073259,0.5380942161134635,0.5509735935716699,7410.0,5.72617675698009e-05,-0.5003116059516303,0.5003116059516303,medium,higher_in_European,0.00025563289093661116,True
African,European,eye_epicanthus_angle_r,143,143,63.70790679418349,58.00623090893714,65.27871327799876,60.32751652180909,11923.0,0.01518154279101026,0.3410176905187482,0.3410176905187482,small,higher_in_African,0.02931058328123834,True
African,European,eye_epicanthus_angle_l,143,143,59.767099391241075,55.07959163159675,62.01125488185475,58.76236214195692,11922.0,0.015241503306243936,0.31945659249523434,0.31945659249523434,small,higher_in_African,0.02931058328123834,True
African,European,eye_epicanthus_angle_mean,143,143,61.73750309271228,56.54291127026695,63.549671913155734,60.29792263304331,11984.0,0.011894976529497647,0.3414621759044796,0.3414621759044796,small,higher_in_African,0.025201221460800102,True
African,European,eye_epicanthus_angle_asym,143,143,0.11202732446467151,0.14282199760406802,0.0854179636978961,0.1069598158353973,9315.0,0.19366771197964472,-0.24305680923830225,0.24305680923830225,small,higher_in_European,0.2603060644887698,False
African,European,eye_upper_lid_to_iris_r,143,143,0.46031771823896006,0.4396746038607313,0.4637937677059919,0.4703324842508958,9743.0,0.4915814074985235,0.17361491797949183,0.17361491797949183,negligible,higher_in_African,0.5637401462139031,False
African,European,eye_lower_lid_to_iris_r,143,143,0.5267688224730921,0.5331631300107108,0.5256527263091307,0.5091329782464836,11675.0,0.038135368631882126,-0.06476940350432481,0.06476940350432481,negligible,higher_in_European,0.06908581273891688,False
African,European,eye_upper_lid_to_iris_l,143,143,0.47063432683637607,0.4519462865317241,0.4719968992169286,0.480722979053198,9964.0,0.7100555454587214,0.1672426940424063,0.1672426940424063,negligible,higher_in_African,0.7651460619167256,False
African,European,eye_lower_lid_to_iris_l,143,143,0.5155967723035693,0.5215865845442326,0.5169359412926297,0.5003030152082479,11544.0,0.059284700076896145,-0.06632230719797684,0.06632230719797684,negligible,higher_in_European,0.10151489739194546,False
African,European,eye_upper_lid_to_iris_mean,143,143,0.46547602253766807,0.4458104451962278,0.46874939245005,0.4749065072188889,9832.0,0.5751165547754866,0.17397607796961864,0.17397607796961864,negligible,higher_in_African,0.6418711548833556,False
African,European,eye_upper_lid_to_iris_asym,143,143,0.05250574010477966,-0.002028040933820639,0.0294924450975631,0.0265960576979395,11020.0,0.25562466079835366,0.12270754012415976,0.12270754012415976,negligible,higher_in_African,0.3363482378925706,False
African,European,eye_lower_lid_to_iris_mean,143,143,0.5211827973883306,0.5273748572774716,0.5206132964070271,0.5049007349834096,11618.0,0.04638303678155309,-0.06805216758940852,0.06805216758940852,negligible,higher_in_European,0.08134692754804793,False
African,European,eye_lower_lid_to_iris_asym,143,143,0.03397051959511941,0.041497337272043466,0.0257545755132593,0.0250361465424003,10261.0,0.958945080493843,-0.15062237742893955,0.15062237742893955,negligible,higher_in_European,0.9745376834287022,False
African,European,eye_area_r,143,143,0.009957925140518433,0.007941386674729376,0.010397462991973,0.0079709542958593,13543.0,2.090180580790792e-06,0.6048650471185597,0.6048650471185597,medium,higher_in_African,1.1359677069515173e-05,True
African,European,eye_area_l,143,143,0.009880358856408507,0.008027527712797806,0.0103250015269337,0.0082446849628773,13430.0,4.585234575148586e-06,0.5503992297116689,0.5503992297116689,medium,higher_in_African,2.292617287574293e-05,True
African,European,eye_area_mean,143,143,0.00991914199846347,0.007984457193763596,0.0102475282480606,0.0080808502123328,13534.0,2.227192369695511e-06,0.5858914763342837,0.5858914763342837,medium,higher_in_African,1.1599960258830785e-05,True
African,European,eye_area_asym,143,143,0.10480362163932161,0.13454350652966457,0.0904253763302922,0.0826613198349724,10300.0,0.9145948854453584,-0.22362817291993725,0.22362817291993725,small,higher_in_European,0.9448294271129736,False
African,European,eye_fissure_fill_r,143,143,0.2319091889016953,0.20785382101924557,0.2359926011116485,0.2200358773678966,11968.0,0.012689523105878406,0.3315048694186261,0.3315048694186261,small,higher_in_African,0.026436506470580014,True
African,European,eye_fissure_fill_l,143,143,0.22584294690818696,0.20412872033291574,0.2358226365986763,0.2166262029478863,11930.0,0.01476760459014806,0.31642679315160716,0.31642679315160716,small,higher_in_African,0.02931058328123834,True
African,European,eye_fissure_fill_mean,143,143,0.22887606790494117,0.20599127067608064,0.2386775717871556,0.220077965474289,11996.0,0.01132834092211456,0.3317818869203015,0.3317818869203015,small,higher_in_African,0.024514284654626746,True
African,European,iris_offset_x_r,143,143,-0.02404900418584835,-0.01705932730025941,-0.0338163328368048,-0.0121612693413119,9256.0,0.1663060733520798,-0.10414205616960111,0.10414205616960111,negligible,higher_in_European,0.23098065743344418,False
African,European,iris_offset_y_r,143,143,-0.05133944615821677,-0.04807802626059159,-0.0529205540815317,-0.0530710566304162,10134.0,0.8976001052427631,-0.10673272551268324,0.10673272551268324,negligible,higher_in_European,0.9350001096278783,False
African,European,iris_offset_x_l,143,143,0.030602013027945223,0.023473104901017103,0.0316461740178528,0.0239680745693285,10954.0,0.2972178766333057,0.11468444212089819,0.11468444212089819,negligible,higher_in_African,0.3803177465774087,False
African,European,iris_offset_y_l,143,143,-0.04825534768493581,-0.04636870299518514,-0.0507099106765795,-0.0516530628046574,10472.0,0.723944192738331,-0.059439548676512965,0.059439548676512965,negligible,higher_in_European,0.7734446503614647,False
African,European,gaze_asym_x,143,143,-0.054651017213793576,-0.040532432201276516,-0.0610603960864527,-0.0445474310687099,8603.0,0.020453962590325815,-0.2591980744903862,0.2591980744903862,small,higher_in_European,0.038160377967025774,True
African,European,gaze_asym_y,143,143,-0.003084098473280938,-0.001709323265406445,-0.0021328542407525,-0.0010564469244092,9123.0,0.11540618160723425,-0.13920242874983144,0.13920242874983144,negligible,higher_in_European,0.17380449037234072,False
African,European,gaze_asym_norm,143,143,0.06678268819316735,0.0591256777455021,0.0656004182166978,0.0547018996913227,11428.0,0.08539530066229765,0.20558728972938853,0.20558728972938853,small,higher_in_African,0.13685144336906677,False
African,European,nose_length,143,143,0.29909583464492967,0.29774679247773533,0.3012951223829224,0.3002851137905851,10543.0,0.6493125884529678,0.07239082321590143,0.07239082321590143,negligible,higher_in_African,0.7119655575142191,False
African,European,nose_bridge_length,143,143,0.8719814663214921,0.8642367882857408,0.8768556362942295,0.8686984867071423,11209.0,0.15941257749555993,0.19664488264114108,0.19664488264114108,negligible,higher_in_African,0.22389406951623586,False
African,European,nose_bridge_width,143,143,0.08212955030080693,0.0785328176283594,0.0822589732137699,0.0784539629566377,16102.0,4.3265789776422273e-17,1.1094023513815727,1.1094023513815727,large,higher_in_African,1.8027412406842615e-15,True
African,European,nose_tip_width,143,143,0.290349699248848,0.2622765938833323,0.2875249890876222,0.2619733677820036,17197.0,2.073454363660693e-23,1.4386719487867572,1.4386719487867572,large,higher_in_African,2.591817954575866e-21,True
African,European,nose_base_width,143,143,0.25595115681484953,0.2298351551230391,0.2534748256719546,0.2268044296147955,16135.0,2.8911708494559627e-17,1.1803515868752026,1.1803515868752026,large,higher_in_African,1.8027412406842615e-15,True
African,European,nose_tip_to_bridge_ratio,143,143,3.533859926909581,3.338986239455327,3.5101041428990887,3.325727594608053,15922.0,3.752147733805513e-16,1.0863049186579563,1.0863049186579563,large,higher_in_African,1.1725461668142229e-14,True
African,European,nose_tip_midline_dent,143,143,0.04080544183207039,0.04047432533258831,0.0405437649458466,0.0406321622081097,10668.0,0.5264342970035245,0.10372888329037919,0.10372888329037919,negligible,higher_in_African,0.5982207920494597,False
African,European,nose_ala_height_r,143,143,0.0658163150025177,0.06472051316211079,0.0654049109624751,0.0641487318941593,11477.0,0.07341037643809431,0.19281877176918705,0.19281877176918705,negligible,higher_in_African,0.12400401425353769,False
African,European,nose_ala_height_l,143,143,0.06587485814951095,0.06474729765497579,0.0654367358786045,0.0649014866455589,11379.0,0.09891474506039205,0.19420046537398833,0.19420046537398833,negligible,higher_in_African,0.15264621151295069,False
African,European,nose_ala_height_mean,143,143,0.06584558657601433,0.06473390540854329,0.0653665950345765,0.064273451603059,11432.0,0.08436107271539844,0.19457111208373523,0.19457111208373523,negligible,higher_in_African,0.13685144336906677,False
African,European,nose_ala_height_asym,143,143,0.01297170423825514,0.014525802660703111,0.0096563948289651,0.0115504504730374,9118.0,0.11376346972490682,-0.1344632354492445,0.1344632354492445,negligible,higher_in_European,0.17341992336113843,False
African,European,nostril_region_area,143,143,0.016942657299799446,0.0152075162465076,0.0165643858283105,0.0148879720381234,14429.0,1.8390443780920628e-09,0.737601207550228,0.737601207550228,medium,higher_in_African,1.436753420384424e-08,True
African,European,nasolabial_angle,143,143,165.50905871433793,167.5135103780335,168.18188251329602,169.44784596949142,9232.0,0.15604793668169792,-0.20047321516165023,0.20047321516165023,small,higher_in_European,0.22225219612627062,False
African,European,nose_tip_elevation,143,143,0.04372177264152912,0.04471113468379042,0.042077527560709,0.0440743258747782,9854.0,0.5967543524701608,-0.08456205163263955,0.08456205163263955,negligible,higher_in_European,0.6601264960953106,False
African,European,ala_flare_angle,143,143,167.31097608124335,166.67329528076294,167.96549446116214,167.31861489757432,10243.0,0.9794657410899835,0.07263655758302574,0.07263655758302574,negligible,higher_in_African,0.9794657410899835,False
African,European,columella_length,143,143,0.13156770166971504,0.13846756275927488,0.127029404112911,0.1331068316913072,9459.0,0.27400079459229654,-0.16926575308016195,0.16926575308016195,negligible,higher_in_European,0.35677186795871946,False
African,European,columella_hang_below_ala,143,143,0.04045630537547077,0.03795175094189049,0.0383148522505834,0.0363111987183237,10807.0,0.40528558471734777,0.07497197332026492,0.07497197332026492,negligible,higher_in_African,0.4918514377637716,False
African,European,nose_to_face_area_ratio,143,143,0.04020159935314416,0.035613722629457306,0.0404840932826711,0.0350033732454729,14704.0,1.5071358194547313e-10,0.8224431764637091,0.8224431764637091,large,higher_in_African,1.34565698165601e-09,True
African,European,philtrum_length,143,143,0.29118245228222006,0.30096771568807695,0.2907224250879635,0.2998364853233295,9049.0,0.09292495367210829,-0.1948430302673044,0.1948430302673044,negligible,higher_in_European,0.1451952401126692,False
African,European,philtrum_width,143,143,0.305792406933083,0.2967169741426873,0.3045568246885312,0.2949758450480432,14329.0,4.399467848833948e-09,0.6276165440153066,0.6276165440153066,medium,higher_in_African,3.055186006134686e-08,True
African,European,mouth_width,143,143,0.3951857855336863,0.368555993262978,0.3850515756851527,0.3592993338715939,12826.0,0.00019981928965101406,0.4640851555763605,0.4640851555763605,small,higher_in_African,0.0007568912486780835,True
African,European,mouth_opening,143,143,0.16960867166173393,0.12864570032754072,0.1641542207290649,0.1156135313610718,12093.0,0.0075601538628726995,0.3121539141811525,0.3121539141811525,small,higher_in_African,0.017500356164057176,True
African,European,upper_vermilion_height,143,143,0.11583975011954575,0.1055102963087167,0.111269299537395,0.0956398968055187,12317.0,0.002776914027603523,0.2780973542851371,0.2780973542851371,small,higher_in_African,0.007231546946884174,True
African,European,lower_vermilion_height,143,143,0.191263657554288,0.17740698574297137,0.188178125423892,0.1683539409326955,12179.0,0.005204745645891444,0.3028491310190911,0.3028491310190911,small,higher_in_African,0.012756729524243735,True
African,European,vermilion_total,143,143,0.3071034076738338,0.2829172820516881,0.2997654610370223,0.2623814871300511,12348.0,0.00239947076844811,0.30708257146824164,0.30708257146824164,small,higher_in_African,0.006381571192681144,True
African,European,cupid_bow_drop,143,143,0.0227861036257002,0.0222348140085614,0.0223521253516681,0.0222191160416692,10762.0,0.4425633692424831,0.10144205738270273,0.10144205738270273,negligible,higher_in_African,0.5268611538600989,False
African,European,mouth_corner_drop,143,143,0.15325450823612635,0.13530890286670139,0.1463402726909836,0.1334532572620504,11615.0,0.0468558302676756,0.18804632483282174,0.18804632483282174,negligible,higher_in_African,0.08134692754804793,False
African,European,mouth_triangularity,143,143,0.1760406118618266,0.15754371687526283,0.1746564128928951,0.1560124092552257,11709.0,0.033836532445328825,0.19605345341861727,0.19605345341861727,negligible,higher_in_African,0.062199508171560336,False
African,European,mouth_tenting,143,143,0.5701174633078074,0.5232961308319196,0.5711321857735522,0.5201742405658084,11400.0,0.09292495367210829,0.15717847847149558,0.15717847847149558,negligible,higher_in_African,0.1451952401126692,False
African,European,mouth_upper_curvature_c2,143,143,1.5196129441187485,1.5532309076185897,1.5391725974334125,1.3591814530463728,10400.0,0.8024036541956504,-0.032607182331572296,0.032607182331572296,negligible,higher_in_European,0.8500038709699687,False
African,European,mouth_upper_fit_residual,143,143,0.013837709262674936,0.012389038844869237,0.0130800789829727,0.0105824427969992,12981.0,8.11819456044485e-05,0.28256856148764015,0.28256856148764015,small,higher_in_African,0.00034992217932951935,True
African,European,upper_lip_eversion,143,143,0.08544383163453248,0.0770298547495753,0.0815525606307767,0.0713527214428443,12690.0,0.000423843393419518,0.3542804463968556,0.3542804463968556,small,higher_in_African,0.0014716784493733267,True
African,European,lower_lip_eversion,143,143,0.12152917570778621,0.11412118302611408,0.1210144823713,0.1082229057980723,11665.0,0.03948490033683765,0.22786765630514086,0.22786765630514086,small,higher_in_African,0.07050875060149579,False
African,European,lip_outer_to_inner_area,143,143,7.514409079434168,7.35844697239874,3.3247265850692003,3.99302041672877,9692.0,0.44682305512620735,0.017890794534863228,0.017890794534863228,negligible,higher_in_African,0.5269139801016596,False
African,European,lip_midline_x_std,143,143,0.004123836461133385,0.0034026462491571095,0.0027905433951096,0.0023901490036935,11319.0,0.11773724548550604,0.16648016131869836,0.16648016131869836,negligible,higher_in_African,0.1752042343534316,False
African,European,cupid_bow_peak_asym,143,143,0.006805176344928711,0.005602237481180187,0.0053726467259261,0.0047308485813226,11113.0,0.20416415233964935,0.23139662359262697,0.23139662359262697,small,higher_in_African,0.27149488343038475,False
African,European,chin_height,143,143,0.1549721520789479,0.1879912762001871,0.1553245860711904,0.1865498033825264,5266.0,1.3451277018396667e-12,-0.9088441251586276,0.9088441251586276,large,higher_in_European,1.528554206635985e-11,True
African,European,chin_width,143,143,0.33061863145276854,0.3302611228946857,0.3283756229408838,0.3292658583529574,10125.0,0.8874252318737803,0.020906428453621295,0.020906428453621295,negligible,higher_in_African,0.9321693612119542,False
African,European,chin_pointedness_angle,143,143,149.1143404864694,152.04440518418755,149.5341632923766,152.2463876335431,7137.0,1.0138877183669787e-05,-0.5586790877754796,0.5586790877754796,medium,higher_in_European,4.874460184456628e-05,True
African,European,jaw_bigonial_width,143,143,0.7866825774858778,0.8008186518480824,0.7843303131577489,0.8010918006628817,6321.0,2.3912293355302958e-08,-0.6395684310436955,0.6395684310436955,medium,higher_in_European,1.5731771944278263e-07,True
African,European,forehead_height,143,143,0.1826216430211389,0.18136009170593598,0.183445311579022,0.1812405642290326,10709.0,0.4888836087992141,0.06562676635913404,0.06562676635913404,negligible,higher_in_African,0.5637401462139031,False
African,European,forehead_width_upper,143,143,0.754050694943354,0.7291996362530552,0.7562203642706645,0.7278928675117327,15363.0,2.0274392918628557e-13,0.9612529571822744,0.9612529571822744,large,higher_in_African,2.8158879053650777e-12,True
African,European,forehead_width_mid,143,143,0.8915401790904378,0.8681415358193747,0.8921050152139562,0.8649760230949289,15266.0,5.666671099736336e-13,0.9229383201633624,0.9229383201633624,large,higher_in_African,7.08333887467042e-12,True
African,European,hairline_height,143,143,0.1826216430211389,0.18136009170593598,0.183445311579022,0.1812405642290326,10709.0,0.4888836087992141,0.06562676635913404,0.06562676635913404,negligible,higher_in_African,0.5637401462139031,False
African,European,forehead_taper_ratio,143,143,0.8456487862228818,0.8398251388331127,0.8459182388974668,0.8401406212813131,14972.0,1.1379948823881795e-11,0.8591291346072759,0.8591291346072759,large,higher_in_African,1.0942258484501726e-10,True
African,European,face_aspect_ratio,143,143,0.8916399937573195,0.9113445079503402,0.8937302860979434,0.908193630672756,8228.0,0.004315379377844983,-0.38904475182651366,0.38904475182651366,small,higher_in_European,0.010788448444612457,True
African,European,face_roundness,143,143,0.9535466873492051,0.9620144433505807,0.955084585796676,0.9650598140848986,6719.0,5.389507583173872e-07,-0.6120489207975703,0.6120489207975703,medium,higher_in_European,3.36844223948367e-06,True
African,European,face_width_uniformity,143,143,0.7703666362146115,0.7650091440505646,0.7704785717593325,0.7658947175168787,12541.0,0.0009272591539076313,0.39658685142104994,0.39658685142104994,small,higher_in_African,0.002759699862820331,True
African,European,jaw_to_forehead_ratio,143,143,1.0448191369834081,1.1000060249357009,1.0402022551684715,1.1004256305757554,4884.0,2.2438788960111927e-14,-0.9901877799498098,0.9901877799498098,large,higher_in_European,3.5060607750174886e-13,True
African,European,face_triangularity,143,143,0.5609005991498239,0.5463955635522286,0.56464094099902,0.5475766286278632,13161.0,2.6896065914528547e-05,0.48348255351368374,0.48348255351368374,small,higher_in_African,0.0001245188236783729,True
African,European,face_asymmetry,143,143,0.04175975792563998,0.03776587519285049,0.0367323462247757,0.0325200921540915,11172.0,0.17569089232155932,0.17018952854662536,0.17018952854662536,negligible,higher_in_African,0.24133364329884524,False
African,European,midface_width,143,143,0.594509181286152,0.5837279524026973,0.5915088172532625,0.5810207551599534,12682.0,0.0004425190116330868,0.41899233562872007,0.41899233562872007,small,higher_in_African,0.0014873100128257439,True
African,European,malar_bulge_r,143,143,0.03310818491502546,0.04000066920454768,0.0391023433990044,0.0427677598825372,9499.0,0.29987644323478313,-0.1598110758523029,0.1598110758523029,negligible,higher_in_European,0.3803177465774087,False
African,European,malar_bulge_l,143,143,0.03964119664507916,0.046325426514535965,0.0328293679113316,0.0458795817583704,9150.0,0.12460129096258006,-0.15919352219235883,0.15919352219235883,negligible,higher_in_European,0.18110652756188964,False
African,European,malar_bulge_mean,143,143,0.03637469078005228,0.0431630478595418,0.0364512282503395,0.0433590536393677,4810.0,9.81467269440277e-15,-0.9864661807497838,0.9864661807497838,large,higher_in_European,1.7526201240004946e-13,True
African,European,malar_bulge_asym,143,143,2.12287385806955,1.5775546110981882,1.7085477858624287,1.3070386430501435,12100.0,0.007337696078210309,0.36032439662485743,0.36032439662485743,small,higher_in_African,0.017305886976911107,True
African,European,cheek_area_r,143,143,0.00722499581426286,0.007335790757248694,0.0067218680498737,0.006741654225119,10251.0,0.9703429610506572,-0.022217372631814468,0.022217372631814468,negligible,higher_in_European,0.9781683075107431,False
African,European,cheek_area_l,143,143,0.007511024728301935,0.008191022954408655,0.0061551849018882,0.0070798232438318,9233.0,0.1564655460728945,-0.12573149594689553,0.12573149594689553,negligible,higher_in_European,0.22225219612627062,False
African,European,cheek_area_mean,143,143,0.007368010271282393,0.007763406855828677,0.0065972431695197,0.0073679677756843,7951.0,0.0011531244136848639,-0.17038283662063564,0.17038283662063564,negligible,higher_in_European,0.003325686521648721,True
African,European,cheek_area_asym,143,143,1.0866674957677065,1.0203942953500889,1.1508048736692462,1.079349278877605,10815.0,0.3988605441652465,0.12245242471653439,0.12245242471653439,negligible,higher_in_African,0.4887996864770178,False
Others,European,eb_thickness_r,143,143,0.014964429322011516,0.014849565664404414,0.0147199779676879,0.0144063628058807,10763.0,0.44171434491092554,0.043486510530429484,0.043486510530429484,negligible,higher_in_Others,0.6733450379739718,False
Others,European,eb_thickness_l,143,143,0.015411040419245504,0.015115779087123409,0.0151700936452471,0.0150668107672844,10687.0,0.5088515868353136,0.11263586223442085,0.11263586223442085,negligible,higher_in_Others,0.7182524336857279,False
Others,European,eb_thickness_mean,143,143,0.015187734870628505,0.014982672375763902,0.0149877431650867,0.0150660236141849,10664.0,0.5301752027000972,0.11592647043241949,0.11592647043241949,negligible,higher_in_Others,0.7203467427990451,False
Others,European,eb_thickness_asym,143,143,0.19750067686744066,0.1966825957555143,0.14858885720341,0.1734770757290062,10147.0,0.9123265070885943,0.0054410423628617815,0.0054410423628617815,negligible,higher_in_Others,0.964284460597571,False
Others,European,eb_inter_distance,143,143,0.19255338924611845,0.19511334066126107,0.1911942427722184,0.1946355983103844,9103.0,0.10894574049114474,-0.20938300382168767,0.20938300382168767,small,higher_in_European,0.27394658648833214,False
Others,European,eb_arch_r,143,143,0.13366449871868782,0.1295340803611866,0.1319253489312406,0.1308881596992115,11035.0,0.2467652765060988,0.18880146938231557,0.18880146938231557,negligible,higher_in_Others,0.453612640636211,False
Others,European,eb_arch_l,143,143,0.13121289155006022,0.12848338143010057,0.1303485974569049,0.1287134868267643,10972.0,0.28544990129276815,0.12466548219734909,0.12466548219734909,negligible,higher_in_Others,0.4932147588913731,False
Others,European,eb_arch_mean,143,143,0.13243869513437406,0.1290087308956436,0.1311936452011304,0.1292828816095211,11100.0,0.2108661179687259,0.18181390119758126,0.18181390119758126,negligible,higher_in_Others,0.4065156919377637,False
Others,European,eb_arch_asym,143,143,0.12416041627931901,0.13725534419210864,0.0955182258187285,0.1226010340635731,9129.0,0.11740208606626143,-0.12605531047788665,0.12605531047788665,negligible,higher_in_European,0.2877502109467192,False
Others,European,eb_position_r,143,143,0.34664966433253597,0.3629357675333865,0.3430397222389282,0.346090732074377,9350.0,0.21138815980763714,-0.20525555751200364,0.20525555751200364,small,higher_in_European,0.4065156919377637,False
Others,European,eb_position_l,143,143,0.3511736358377728,0.3648818860374633,0.3440076847046637,0.3507491671264952,9346.0,0.20930558895735396,-0.17048108070107904,0.17048108070107904,negligible,higher_in_European,0.4065156919377637,False
Others,European,eb_position_mean,143,143,0.3489116500851544,0.3639088267854248,0.343207567658471,0.351279405269889,9318.0,0.19514257119739586,-0.1899578241925639,0.1899578241925639,negligible,higher_in_European,0.4019063509709831,False
Others,European,eb_position_asym,143,143,0.050147731198350386,0.05993419922493741,0.0399157329618958,0.0515963564558745,8716.0,0.031057742834819234,-0.22374257783189622,0.22374257783189622,small,higher_in_European,0.11031723670508363,False
Others,European,eb_medial_flare_r,143,143,-0.08887015609148043,-0.07585707094450587,-0.0931402568389217,-0.0796896583695818,8907.0,0.05967113379964916,-0.233501230010389,0.233501230010389,small,higher_in_European,0.17759266011800345,False
Others,European,eb_medial_flare_l,143,143,-0.0916321520362225,-0.07580625943452861,-0.0895066058189352,-0.074139228689126,8593.0,0.01968947316257388,-0.3013496210174616,0.3013496210174616,small,higher_in_European,0.08789943376149054,False
Others,European,eb_lateral_thickness_r,143,143,0.000918064264682528,0.000914973904387656,0.0009038391169883,0.0008508475382806,10491.0,0.7036774853743857,0.011865267902820687,0.011865267902820687,negligible,higher_in_Others,0.8457662083826751,False
Others,European,eb_lateral_thickness_l,143,143,0.0009743542221287798,0.0009468133051885257,0.0009367353368315,0.0009372414366259,10713.0,0.48529910096732964,0.10402084286863385,0.10402084286863385,negligible,higher_in_Others,0.6972688232289219,False
Others,European,eb_medial_flare_mean,143,143,-0.09025115406385147,-0.07583166518951726,-0.0913594854206178,-0.0774875753279518,8660.0,0.025325051818755703,-0.28055575675369404,0.28055575675369404,small,higher_in_European,0.09892598366701447,False
Others,European,eb_lateral_thickness_mean,143,143,0.000946209243405656,0.0009308936047880925,0.0009345791354881,0.000931238906102,11278.0,0.13214044083113818,0.19507207265738938,0.19507207265738938,negligible,higher_in_Others,0.29495634114093344,False
Others,European,eb_lateral_thickness_asym,143,143,0.4052671255217618,0.40938619488493505,0.2797947655284693,0.3722944257274185,9843.0,0.5858891956590193,-0.013243168586416484,0.013243168586416484,negligible,higher_in_European,0.7473076475242593,False
Others,European,eye_fissure_length_r,143,143,0.19672403296663998,0.19454680151890785,0.1977377713275734,0.1927580461019685,11397.0,0.09376245664431504,0.14534896059335678,0.14534896059335678,negligible,higher_in_Others,0.24936823575615702,False
Others,European,eye_fissure_height_r,143,143,0.0670475707794244,0.060496078982065916,0.0704222137789861,0.0647199909572549,11918.0,0.015483461982059995,0.3063572530193524,0.3063572530193524,small,higher_in_Others,0.07741730991029996,False
Others,European,eye_fissure_length_l,143,143,0.19818415778241893,0.19652536636027926,0.1963458921882643,0.1949026435943465,10925.0,0.31685102461524206,0.1182157489442375,0.1182157489442375,negligible,higher_in_Others,0.5352213253635846,False
Others,European,eye_fissure_height_l,143,143,0.06652583385074416,0.05997532946535427,0.0684032366702598,0.0639040079478418,11981.0,0.012040526629754121,0.31146544537098647,0.31146544537098647,small,higher_in_Others,0.07741730991029996,False
Others,European,eye_fissure_length_mean,143,143,0.19745409537452946,0.19553608393959354,0.197986096881451,0.1946032777989468,11344.0,0.10957863459533286,0.17509738130181393,0.17509738130181393,negligible,higher_in_Others,0.27394658648833214,False
Others,European,eye_fissure_height_mean,143,143,0.06678670231508427,0.06023570422371009,0.0691489675165182,0.0636759948594591,11954.0,0.013422942638595331,0.3109496904706959,0.3109496904706959,small,higher_in_Others,0.07741730991029996,False
Others,European,eye_fissure_length_asym,143,143,0.07259970191891808,0.07767538046723124,0.0518258896584249,0.0669234834626222,9468.0,0.2796855907950371,-0.08516730237683186,0.08516730237683186,negligible,higher_in_European,0.4932147588913731,False
Others,European,eye_fissure_height_asym,143,143,0.055670638703534135,0.11047647467221706,0.0334370162733418,0.0550800473515812,7829.0,0.0006155270612024549,-0.39127690323092534,0.39127690323092534,small,higher_in_European,0.010991554664329552,True
Others,European,eye_fissure_slant_r,143,143,4.744290798605449,3.27965052778378,4.788172751803254,3.5138939533111677,13015.0,6.621261825375168e-05,0.48994408284856256,0.48994408284856256,small,higher_in_Others,0.0020691443204297402,True
Others,European,eye_fissure_slant_l,143,143,5.1214682650692245,3.5707035560206872,5.331991162161524,3.6292044251787527,13335.0,8.704645412375057e-06,0.5328625282051712,0.5328625282051712,medium,higher_in_Others,0.0007182123672460257,True
Others,European,eye_fissure_slant_mean,143,143,4.932879531837337,3.4251770419022325,5.163233531326631,3.592412866472596,13293.0,1.1491397875936412e-05,0.5338545254919399,0.5338545254919399,medium,higher_in_Others,0.0007182123672460257,True
Others,European,eye_fissure_slant_asym,143,143,1.358569755823158,1.433557154376344,1.1449313332986677,1.2579730579910875,10069.0,0.8245949907116065,-0.07323198674956498,0.07323198674956498,negligible,higher_in_European,0.9203069092763465,False
Others,European,eye_fissure_aspect_r,143,143,0.33966458585239323,0.31043508934825115,0.3524499382548197,0.3296302371805479,11726.0,0.03184725003379718,0.28292029455476353,0.28292029455476353,small,higher_in_Others,0.11031723670508363,False
Others,European,eye_fissure_aspect_l,143,143,0.33540018247435543,0.3032776233488448,0.3452660718313243,0.3236818162309637,11993.0,0.011467727554096028,0.3221845949067354,0.3221845949067354,small,higher_in_Others,0.07741730991029996,False
Others,European,eye_fissure_aspect_mean,143,143,0.33753238416337433,0.30685635634854797,0.3476027819016463,0.3248280978173319,11831.0,0.0216493034158703,0.3069420554794435,0.3069420554794435,small,higher_in_Others,0.09192096337110542,False
Others,European,inter_canthal_distance,143,143,0.24847946144718827,0.25195082398911633,0.247839616556446,0.2522224867932135,8798.0,0.04144224721612478,-0.2215306976220022,0.2215306976220022,small,higher_in_European,0.13632318163198942,False
Others,European,inter_pupillary_distance,143,143,0.45251575427103685,0.4551515740192434,0.4504507802226459,0.4540688462805384,9263.0,0.16939163217301034,-0.12115530403275158,0.12115530403275158,negligible,higher_in_European,0.3588805766377338,False
Others,European,outer_canthal_distance,143,143,0.6414415173286283,0.6418143240654428,0.6408520689108572,0.6381046101962402,10249.0,0.972623345983742,-0.013463571187537281,0.013463571187537281,negligible,higher_in_European,0.9873646636648431,False
Others,European,canthal_to_pupillary_ratio,143,143,0.5491916153009552,0.5536125813073259,0.5485486564462116,0.5509735935716699,9085.0,0.10337897868424459,-0.18266984259078195,0.18266984259078195,negligible,higher_in_European,0.2692160903235536,False
Others,European,eye_epicanthus_angle_r,143,143,62.542276503751566,58.00623090893714,64.33352398059179,60.32751652180909,11551.0,0.057948790104898104,0.2750240200655089,0.2750240200655089,small,higher_in_Others,0.17667314056371372,False
Others,European,eye_epicanthus_angle_l,143,143,59.86669433453683,55.07959163159675,61.613678660288045,58.76236214195692,11963.0,0.012947298063043905,0.31710346857896127,0.31710346857896127,small,higher_in_Others,0.07741730991029996,False
Others,European,eye_epicanthus_angle_mean,143,143,61.2044854191442,56.54291127026695,62.92491454663025,60.29792263304331,11826.0,0.022061031209065298,0.30439311966214283,0.30439311966214283,small,higher_in_Others,0.09192096337110542,False
Others,European,eye_epicanthus_angle_asym,143,143,0.10711699086271761,0.14282199760406802,0.0807018921639828,0.1069598158353973,8884.0,0.05535184445329404,-0.2795879557273128,0.2795879557273128,small,higher_in_European,0.17297451391654386,False
Others,European,eye_upper_lid_to_iris_r,143,143,0.4501423405825049,0.4396746038607313,0.4747957799350997,0.4703324842508958,10213.0,0.987450421356634,0.07266133388378095,0.07266133388378095,negligible,higher_in_Others,0.987450421356634,False
Others,European,eye_lower_lid_to_iris_r,143,143,0.5344573363200263,0.5331631300107108,0.5133843882480864,0.5091329782464836,11042.0,0.24270531647942606,0.010372663501058837,0.010372663501058837,negligible,higher_in_Others,0.4528084262675859,False
Others,European,eye_upper_lid_to_iris_l,143,143,0.4587034399210132,0.4519462865317241,0.4857768915697131,0.480722979053198,10448.0,0.7498220281112636,0.04432938006440204,0.04432938006440204,negligible,higher_in_Others,0.8678495695732218,False
Others,European,eye_lower_lid_to_iris_l,143,143,0.5253983403016295,0.5215865845442326,0.5045703916513332,0.5003030152082479,10866.0,0.3593606018606227,0.0309947414926338,0.0309947414926338,negligible,higher_in_Others,0.5910536214812874,False
Others,European,eye_upper_lid_to_iris_mean,143,143,0.454422890251759,0.4458104451962278,0.477985115861618,0.4749065072188889,10369.0,0.8368614513556439,0.05900049463806906,0.05900049463806906,negligible,higher_in_Others,0.9257316939774822,False
Others,European,eye_upper_lid_to_iris_asym,143,143,0.031158530663524923,-0.002028040933820639,0.0245563579818016,0.0265960576979395,10394.0,0.8090452480884772,0.07431981100517192,0.07431981100517192,negligible,higher_in_Others,0.9193696001005423,False
Others,European,eye_lower_lid_to_iris_mean,143,143,0.5299278383108278,0.5273748572774716,0.5090821624564357,0.5049007349834096,10968.0,0.28803741919256187,0.02110992996632608,0.02110992996632608,negligible,higher_in_Others,0.4932147588913731,False
Others,European,eye_lower_lid_to_iris_asym,143,143,0.030856398022994218,0.041497337272043466,0.0216701828229506,0.0250361465424003,9372.0,0.22311035656398637,-0.21028059649595282,0.21028059649595282,small,higher_in_European,0.4225574934923984,False
Others,European,eye_area_r,143,143,0.008909327106129964,0.007941386674729376,0.009233244765973,0.0079709542958593,11989.0,0.011655914726098006,0.30951797915748935,0.30951797915748935,small,higher_in_Others,0.07741730991029996,False
Others,European,eye_area_l,143,143,0.008939898496622231,0.008027527712797806,0.0092876838643299,0.0082446849628773,12001.0,0.011099425252781512,0.2930763726795033,0.2930763726795033,small,higher_in_Others,0.07741730991029996,False
Others,European,eye_area_mean,143,143,0.008924612801376096,0.007984457193763596,0.0092377512742462,0.0080808502123328,11994.0,0.011421104174996513,0.3055730025993662,0.3055730025993662,small,higher_in_Others,0.07741730991029996,False
Others,European,eye_area_asym,143,143,0.0894187633978777,0.13454350652966457,0.063051773123735,0.0826613198349724,8494.0,0.013369341366332171,-0.3298415773307145,0.3298415773307145,small,higher_in_European,0.07741730991029996,False
Others,European,eye_fissure_fill_r,143,143,0.2276128090681758,0.20785382101924557,0.236479081790552,0.2200358773678966,11719.0,0.032653902064704754,0.2788341161187689,0.2788341161187689,small,higher_in_Others,0.11031723670508363,False
Others,European,eye_fissure_fill_l,143,143,0.22633479034627743,0.20412872033291574,0.2316037704759786,0.2166262029478863,12015.0,0.010480116933279614,0.32739487934250777,0.32739487934250777,small,higher_in_Others,0.07741730991029996,False
Others,European,eye_fissure_fill_mean,143,143,0.22697379970722667,0.20599127067608064,0.2343417812338123,0.220077965474289,11858.0,0.019539599651051766,0.3087093486653654,0.3087093486653654,small,higher_in_Others,0.08789943376149054,False
Others,European,iris_offset_x_r,143,143,-0.019865690353330905,-0.01705932730025941,-0.0168225172927908,-0.0121612693413119,10179.0,0.9486941055292328,-0.039927624441748626,0.039927624441748626,negligible,higher_in_European,0.9873646636648431,False
Others,European,iris_offset_y_r,143,143,-0.05776938462881419,-0.04807802626059159,-0.0589710035956368,-0.0530710566304162,8508.0,0.014137239524199664,-0.3252277428295052,0.3252277428295052,small,higher_in_European,0.07741730991029996,False
Others,European,iris_offset_x_l,143,143,0.0162356834023157,0.023473104901017103,0.019349680936446,0.0239680745693285,9719.0,0.4702244745888329,-0.10253955726420472,0.10253955726420472,negligible,higher_in_European,0.6924420800753234,False
Others,European,iris_offset_y_l,143,143,-0.05538219705105777,-0.04636870299518514,-0.0574156622185643,-0.0516530628046574,8644.0,0.023865541567024813,-0.280027603796411,0.280027603796411,small,higher_in_European,0.0962320224476807,False
Others,European,gaze_asym_x,143,143,-0.0361013737556466,-0.040532432201276516,-0.0334320475864834,-0.0445474310687099,10971.0,0.2860953027741657,0.08718614123031669,0.08718614123031669,negligible,higher_in_Others,0.4932147588913731,False
Others,European,gaze_asym_y,143,143,-0.0023871875777564007,-0.001709323265406445,-0.0020797888359485,-0.0010564469244092,9834.0,0.5770683170444292,-0.06333604267458419,0.06333604267458419,negligible,higher_in_European,0.7473076475242593,False
Others,European,gaze_asym_norm,143,143,0.05019571268912448,0.0591256777455021,0.0432069098660924,0.0547018996913227,8713.0,0.03072455980716125,-0.26353191435706164,0.26353191435706164,small,higher_in_European,0.11031723670508363,False
Others,European,nose_length,143,143,0.3033285917479297,0.29774679247773533,0.3045474970053097,0.3002851137905851,11908.0,0.01610313646562433,0.29952295968389514,0.29952295968389514,small,higher_in_Others,0.0774189253155016,False
Others,European,nose_bridge_length,143,143,0.8733841075944225,0.8642367882857408,0.8810868318113149,0.8686984867071423,11534.0,0.06123755363409876,0.22682335425247152,0.22682335425247152,small,higher_in_Others,0.17801614428517082,False
Others,European,nose_bridge_width,143,143,0.07862283236504028,0.0785328176283594,0.0785104686410733,0.0784539629566377,10549.0,0.6431516275708826,0.029198970032449412,0.029198970032449412,negligible,higher_in_Others,0.7881760141800033,False
Others,European,nose_tip_width,143,143,0.26840204395282896,0.2622765938833323,0.267569180473697,0.2619733677820036,12136.0,0.006283787919497396,0.32716709260048055,0.32716709260048055,small,higher_in_Others,0.0714066809033795,False
Others,European,nose_base_width,143,143,0.23755053939001006,0.2298351551230391,0.2351632960332314,0.2268044296147955,12289.0,0.003163653228385418,0.3618652052983778,0.3618652052983778,small,higher_in_Others,0.039545665354817724,True
Others,European,nose_tip_to_bridge_ratio,143,143,3.4123554614525,3.338986239455327,3.393086622117725,3.325727594608053,12736.0,0.0003299805075225709,0.41191075723718734,0.41191075723718734,small,higher_in_Others,0.006874593906720227,True
Others,European,nose_tip_midline_dent,143,143,0.04158117274379158,0.04047432533258831,0.0413775990940754,0.0406321622081097,11984.0,0.011894998296969514,0.3413088184017676,0.3413088184017676,small,higher_in_Others,0.07741730991029996,False
Others,European,nose_ala_height_r,143,143,0.06431031046489387,0.06472051316211079,0.0634502446292542,0.0641487318941593,9726.0,0.47640015109182243,-0.07387170040833899,0.07387170040833899,negligible,higher_in_European,0.6924420800753234,False
Others,European,nose_ala_height_l,143,143,0.06462412760796006,0.06474729765497579,0.0637166819210818,0.0649014866455589,10055.0,0.8090452480884772,-0.02175922706736571,0.02175922706736571,negligible,higher_in_European,0.9193696001005423,False
Others,European,nose_ala_height_mean,143,143,0.06446721903642696,0.06473390540854329,0.0636415784217352,0.064273451603059,9932.0,0.6762841267125459,-0.047834168650983014,0.047834168650983014,negligible,higher_in_European,0.8207331634860995,False
Others,European,nose_ala_height_asym,143,143,0.013872623480371413,0.014525802660703111,0.0106288784363232,0.0115504504730374,9650.0,0.4117722036838899,-0.05582385875618475,0.05582385875618475,negligible,higher_in_European,0.6515382969681802,False
Others,European,nostril_region_area,143,143,0.015671910292138904,0.0152075162465076,0.0155424762878388,0.0148879720381234,11284.0,0.12995123302525843,0.18530902259479903,0.18530902259479903,negligible,higher_in_Others,0.29495634114093344,False
Others,European,nasolabial_angle,143,143,168.0785026971133,167.5135103780335,171.35044774030757,169.44784596949142,10768.0,0.4374826559274073,0.059201819831336544,0.059201819831336544,negligible,higher_in_Others,0.6733450379739718,False
Others,European,nose_tip_elevation,143,143,0.04263676909504317,0.04471113468379042,0.0399691728827102,0.0440743258747782,9239.0,0.15898912758651151,-0.17091599238514657,0.17091599238514657,negligible,higher_in_European,0.3426489818674817,False
Others,European,ala_flare_angle,143,143,165.47874143774715,166.67329528076294,165.8415513315462,167.31861489757432,9320.0,0.19613029927383974,-0.12618467525900365,0.12618467525900365,negligible,higher_in_European,0.4019063509709831,False
Others,European,columella_length,143,143,0.12923533266359416,0.13846756275927488,0.1212423892624544,0.1331068316913072,9006.0,0.08156920823501625,-0.21992560531692035,0.21992560531692035,small,higher_in_European,0.2293768294195954,False
Others,European,columella_hang_below_ala,143,143,0.043200258034539536,0.03795175094189049,0.0436933798258758,0.0363111987183237,11267.0,0.13622806438659552,0.1525446428849191,0.1525446428849191,negligible,higher_in_Others,0.29874575523376207,False
Others,European,nose_to_face_area_ratio,143,143,0.03780549516702628,0.035613722629457306,0.0374144990962631,0.0350033732454729,12486.0,0.0012246831561664553,0.3981094265552414,0.3981094265552414,small,higher_in_Others,0.019135674315100864,True
Others,European,philtrum_length,143,143,0.27828368363949973,0.30096771568807695,0.2812107722641953,0.2998364853233295,7621.0,0.000197569812791746,-0.47329881376689314,0.47329881376689314,small,higher_in_European,0.00493924531979365,True
Others,European,philtrum_width,143,143,0.297532598763231,0.2967169741426873,0.2949688632329705,0.2949758450480432,10725.0,0.47463115099336284,0.05698931326468506,0.05698931326468506,negligible,higher_in_Others,0.6924420800753234,False
Others,European,mouth_width,143,143,0.3793619260166662,0.368555993262978,0.3792807312728786,0.3592993338715939,11424.0,0.08643983535035885,0.1878667376921457,0.1878667376921457,negligible,higher_in_Others,0.23489085693032297,False
Others,European,mouth_opening,143,143,0.11765443333249923,0.12864570032754072,0.1165388741273538,0.1156135313610718,9837.0,0.5800016507949679,-0.09480276438529817,0.09480276438529817,negligible,higher_in_European,0.7473076475242593,False
Others,European,upper_vermilion_height,143,143,0.10564460222387119,0.1055102963087167,0.1009934308243278,0.0956398968055187,10667.0,0.5273683374847893,0.0036015211142496977,0.0036015211142496977,negligible,higher_in_Others,0.7203467427990451,False
Others,European,lower_vermilion_height,143,143,0.18220347355761246,0.17740698574297137,0.176832640387886,0.1683539409326955,10976.0,0.28287814372600184,0.10560162489357408,0.10560162489357408,negligible,higher_in_Others,0.4932147588913731,False
Others,European,vermilion_total,143,143,0.28784807578148364,0.2829172820516881,0.2753419443689512,0.2623814871300511,10848.0,0.37301210383783967,0.0631921565618524,0.0631921565618524,negligible,higher_in_Others,0.6055391296068826,False
Others,European,cupid_bow_drop,143,143,0.022538473210158675,0.0222348140085614,0.0227062091480066,0.0222191160416692,10472.0,0.7239442606466977,0.05850334401115636,0.05850334401115636,negligible,higher_in_Others,0.8587692105840249,False
Others,European,mouth_corner_drop,143,143,0.12633543301155997,0.13530890286670139,0.1235946617869784,0.1334532572620504,9862.0,0.6047135871986893,-0.08967805173562733,0.08967805173562733,negligible,higher_in_European,0.7635272565640016,False
Others,European,mouth_triangularity,143,143,0.1488739062217187,0.15754371687526283,0.1436452056097956,0.1560124092552257,9872.0,0.614728894534887,-0.0875786633873549,0.0875786633873549,negligible,higher_in_European,0.7684111181686087,False
Others,European,mouth_tenting,143,143,0.49226087265180424,0.5232961308319196,0.4940232711547337,0.5201742405658084,9816.0,0.5596167853824492,-0.0987882488621454,0.0987882488621454,negligible,higher_in_European,0.7441712571575122,False
Others,European,mouth_upper_curvature_c2,143,143,1.4284636668594148,1.5532309076185897,1.3402173457721285,1.3591814530463728,9711.0,0.4632210365944802,-0.1108969244125604,0.1108969244125604,negligible,higher_in_European,0.6924420800753234,False
Others,European,mouth_upper_fit_residual,143,143,0.011961627390344553,0.012389038844869237,0.0114963839579435,0.0105824427969992,10310.0,0.9032602311274307,-0.08262057281527586,0.08262057281527586,negligible,higher_in_European,0.964284460597571,False
Others,European,upper_lip_eversion,143,143,0.07736565095776922,0.0770298547495753,0.0742718723720797,0.0713527214428443,10681.0,0.5143706136552985,0.014365770957105355,0.014365770957105355,negligible,higher_in_Others,0.7182524336857279,False
Others,European,lower_lip_eversion,143,143,0.1168851144910928,0.11412118302611408,0.1128062218446011,0.1082229057980723,10888.0,0.34310778850012436,0.08769576211169425,0.08769576211169425,negligible,higher_in_Others,0.5718463141668739,False
Others,European,lip_outer_to_inner_area,143,143,7.866205696971411,7.35844697239874,3.601168821971976,3.99302041672877,10468.0,0.7282362905752531,0.05696916756138372,0.05696916756138372,negligible,higher_in_Others,0.8587692105840249,False
Others,European,lip_midline_x_std,143,143,0.003216370982532362,0.0034026462491571095,0.0022598992207877,0.0023901490036935,9826.0,0.5692804601863769,-0.05943613634029597,0.05943613634029597,negligible,higher_in_European,0.7473076475242593,False
Others,European,cupid_bow_peak_asym,143,143,0.005891057400778939,0.005602237481180187,0.0049093565642778,0.0047308485813226,10451.0,0.746571172995409,0.05929341821169461,0.05929341821169461,negligible,higher_in_Others,0.8678495695732218,False
Others,European,chin_height,143,143,0.1806396524176285,0.1879912762001871,0.1807901050033238,0.1865498033825264,9010.0,0.08257565859105434,-0.23090577995302253,0.23090577995302253,small,higher_in_European,0.2293768294195954,False
Others,European,chin_width,143,143,0.32329009600294223,0.3302611228946857,0.3200657976167233,0.3292658583529574,7432.0,6.541889600570419e-05,-0.4053781220522906,0.4053781220522906,small,higher_in_European,0.0020691443204297402,True
Others,European,chin_pointedness_angle,143,143,152.26051344709592,152.04440518418755,151.7044551236052,152.2463876335431,10247.0,0.9749039471331061,0.04512027405086013,0.04512027405086013,negligible,higher_in_Others,0.9873646636648431,False
Others,European,jaw_bigonial_width,143,143,0.7960617985507562,0.8008186518480824,0.7958649662003162,0.8010918006628817,8691.0,0.02837370849148688,-0.20619034087036284,0.20619034087036284,small,higher_in_European,0.1074761685283594,False
Others,European,forehead_height,143,143,0.1860490023275031,0.18136009170593598,0.1886269079354157,0.1812405642290326,11928.0,0.014884871191063524,0.2450741963152208,0.2450741963152208,small,higher_in_Others,0.07741730991029996,False
Others,European,forehead_width_upper,143,143,0.7289512712538005,0.7291996362530552,0.7295841021704058,0.7278928675117327,10386.0,0.8179220027940516,-0.009664725772973542,0.009664725772973542,negligible,higher_in_European,0.9203069092763465,False
Others,European,forehead_width_mid,143,143,0.8674342870896317,0.8681415358193747,0.8683394909466176,0.8649760230949289,10301.0,0.9134606190520191,-0.027459047065727316,0.027459047065727316,negligible,higher_in_European,0.964284460597571,False
Others,European,hairline_height,143,143,0.1860490023275031,0.18136009170593598,0.1886269079354157,0.1812405642290326,11928.0,0.014884871191063524,0.2450741963152208,0.2450741963152208,small,higher_in_Others,0.07741730991029996,False
Others,European,forehead_taper_ratio,143,143,0.840233035121407,0.8398251388331127,0.8406013142554049,0.8401406212813131,10772.0,0.43411416765970157,0.0630503458676044,0.0630503458676044,negligible,higher_in_Others,0.6733450379739718,False
Others,European,face_aspect_ratio,143,143,0.9098338922594323,0.9113445079503402,0.907044052674792,0.908193630672756,10325.0,0.8862958323731381,-0.029000329706299594,0.029000329706299594,negligible,higher_in_European,0.9633650351881936,False
Others,European,face_roundness,143,143,0.9625748222398383,0.9620144433505807,0.966476960952067,0.9650598140848986,10678.0,0.517141752253724,0.04318548115037648,0.04318548115037648,negligible,higher_in_Others,0.7182524336857279,False
Others,European,face_width_uniformity,143,143,0.7625065349022743,0.7650091440505646,0.7618588548713419,0.7658947175168787,9149.0,0.12425093107577435,-0.19231635843954364,0.19231635843954364,negligible,higher_in_European,0.29087357358480254,False
Others,European,jaw_to_forehead_ratio,143,143,1.093909557653339,1.1000060249357009,1.0886827926885614,1.1004256305757554,9339.0,0.2056969224402756,-0.10235404003623351,0.10235404003623351,negligible,higher_in_European,0.4065156919377637,False
Others,European,face_triangularity,143,143,0.5557420580756074,0.5463955635522286,0.5606983430409345,0.5475766286278632,12344.0,0.002445388604380405,0.29870276851396216,0.29870276851396216,small,higher_in_Others,0.033963730616394516,True
Others,European,face_asymmetry,143,143,0.03656273101878829,0.03776587519285049,0.0298369208139026,0.0325200921540915,9646.0,0.40852128850199276,-0.049878162320123896,0.049878162320123896,negligible,higher_in_European,0.6515382969681802,False
Others,European,midface_width,143,143,0.5883113253393619,0.5837279524026973,0.5858497804407141,0.5810207551599534,11296.0,0.1256573837886347,0.17253684228371877,0.17253684228371877,negligible,higher_in_Others,0.29087357358480254,False
Others,European,malar_bulge_r,143,143,0.036389487317534996,0.04000066920454768,0.0409931547718648,0.0427677598825372,9797.0,0.5414780333316528,-0.08842563347801016,0.08842563347801016,negligible,higher_in_European,0.7277930555532968,False
Others,European,malar_bulge_l,143,143,0.0465774505606773,0.046325426514535965,0.0449184655967219,0.0458795817583704,10205.0,0.9783252277588129,0.006139125211873857,0.006139125211873857,negligible,higher_in_Others,0.9873646636648431,False
Others,European,malar_bulge_mean,143,143,0.04148346893910614,0.0431630478595418,0.0417699141317555,0.0433590536393677,8852.0,0.04977857317505954,-0.23145343704304677,0.23145343704304677,small,higher_in_European,0.1595467088944216,False
Others,European,malar_bulge_asym,143,143,1.7157017405254735,1.5775546110981882,1.0622485695331447,1.3070386430501435,10206.0,0.9794657463555243,0.08961422903209765,0.08961422903209765,negligible,higher_in_Others,0.9873646636648431,False
Others,European,cheek_area_r,143,143,0.007286720382998989,0.007335790757248694,0.0065077277733356,0.006741654225119,10297.0,0.9179988064888875,-0.009880023299580386,0.009880023299580386,negligible,higher_in_European,0.964284460597571,False
Others,European,cheek_area_l,143,143,0.008441891621771096,0.008191022954408655,0.0070570209803744,0.0070798232438318,10354.0,0.8536520004960992,0.04606835516246374,0.04606835516246374,negligible,higher_in_Others,0.9360219303685299,False
Others,European,cheek_area_mean,143,143,0.007864306002385047,0.007763406855828677,0.0071973625165054,0.0073679677756843,9882.0,0.6248165441100634,0.04211690298901641,0.04211690298901641,negligible,higher_in_Others,0.773287802116415,False
Others,European,cheek_area_asym,143,143,0.924793260560692,1.0203942953500889,0.9487775925990783,1.079349278877605,9150.0,0.12460138760664503,-0.1737334340539571,0.1737334340539571,negligible,higher_in_European,0.29087357358480254,False
