syndrome_name,feature,group_1,group_2,n_healthy_group_1,n_healthy_group_2,n_disease_group_1,n_disease_group_2,evidence_level,healthy_mean_group_1,healthy_mean_group_2,disease_mean_group_1,disease_mean_group_2,raw_disease_effect_group_1,raw_disease_effect_group_2,hedges_g_group_1,hedges_g_group_2,delta_hedges_g_group2_minus_group1,abs_delta_hedges_g,interaction_beta_group2_minus_group1,interaction_standard_error,interaction_ci_lower,interaction_ci_upper,interaction_ci_excludes_zero,interaction_p_value,same_effect_direction,direction_reversal,within_syndrome_fdr_q_value,within_syndrome_significant_fdr,global_fdr_q_value,global_significant_fdr,high_priority_interaction,high_confidence_interaction
WILLIAMS-BEUREN SYNDROME; WBS,jaw_to_forehead_ratio,Asian,European,571,143,82,77,primary,1.0873042810662439,1.1000060249357009,0.9976572734851665,1.1066427423948908,-0.08964700758107735,0.0066367174591899225,-1.4685785717389157,0.09714945239387177,1.5657280241327876,1.5657280241327876,0.09628372504026494,0.01322228230750054,0.07036852792414272,0.12219892215638717,True,3.290795202149853e-13,False,True,2.46809640161239e-10,True,1.377240700119243e-10,True,True,True
WILLIAMS-BEUREN SYNDROME; WBS,eb_thickness_mean,Asian,European,571,143,82,77,primary,0.015132880158890012,0.014982672375763902,0.017527324527405814,0.015003828267447769,0.002394444368515802,2.11558916838675e-05,1.3901520102387803,0.011513161300961772,-1.3786388489378185,1.3786388489378185,-0.0023732884768319813,0.00034044467807136216,-0.003040547784580184,-0.0017060291690837784,True,3.1437659024442926e-12,True,False,1.1789122134166097e-09,True,1.0806695289652257e-09,True,True,True
WILLIAMS-BEUREN SYNDROME; WBS,jaw_bigonial_width,Asian,European,571,143,82,77,primary,0.7935979777142503,0.8008186518480824,0.7618785555150857,0.8023943642360424,-0.03171942219916468,0.0015757123879599488,-1.2099651212270166,0.063743124668171,1.2737082458951876,1.2737082458951876,0.033295134587122965,0.0048179545191841845,0.02385211725036997,0.042738151923875964,True,4.824823495746198e-12,False,True,1.2062058739365494e-09,True,1.5712418621015579e-09,True,True,True
Cornelia de Lange syndrome,eb_position_mean,African,European,143,143,22,177,primary,0.3698424913343086,0.3639088267854248,0.5003725981782785,0.36203979214777954,0.13053010684396993,-0.0018690346376452616,1.7443760882024835,-0.023377716881746856,-1.7677538050842303,1.7677538050842303,-0.13239914148161225,0.019430947606633605,-0.17048309897609887,-0.09431518398712563,True,9.503509735672238e-12,False,True,5.677021276515562e-09,True,2.9038501970109615e-09,True,True,True
Cornelia de Lange syndrome,eb_position_l,African,European,143,143,22,177,primary,0.37164749987602547,0.3648818860374633,0.49752946465130815,0.3633888587459425,0.12588196477528268,-0.0014930272915207876,1.6456971793927795,-0.018542346824905166,-1.6642395262176846,1.6642395262176846,-0.12737499206680084,0.01902693111664021,-0.1646670917917401,-0.09008289234186155,True,2.1647238047268198e-11,False,True,5.677021276515562e-09,True,5.986247392959642e-09,True,True,True
Cornelia de Lange syndrome,eb_position_r,African,European,143,143,22,177,primary,0.3680374827925917,0.3629357675333865,0.5032157317052488,0.36069072554961673,0.13517824891265712,-0.002245041983769791,1.799080446315906,-0.027626733037380304,-1.8267071793532863,1.8267071793532863,-0.1374232908964242,0.020549407189961743,-0.17769938889239764,-0.09714719290045074,True,2.2708085106062246e-11,False,True,5.677021276515562e-09,True,6.203076372721542e-09,True,True,True
WILLIAMS-BEUREN SYNDROME; WBS,forehead_width_mid,Asian,European,571,143,82,77,primary,0.8691903359902237,0.8681415358193747,0.9049665151654499,0.8665385705431335,0.03577617917522624,-0.0016029652762411528,1.37741574057083,-0.05625073092273181,-1.4336664714935619,1.4336664714935619,-0.03737914445146984,0.005623826967072938,-0.04840164276221792,-0.02635664614072175,True,3.0000729739585385e-11,False,True,5.62513682617226e-09,True,7.941369636949073e-09,True,True,True
WILLIAMS-BEUREN SYNDROME; WBS,outer_canthal_distance,Asian,European,571,143,82,77,primary,0.6438965685059362,0.6418143240654428,0.6836182553974962,0.6420661255728686,0.03972168689155997,0.000251801507425764,1.2860316698632435,0.008771988672968327,-1.2772596811902752,1.2772596811902752,-0.03946988538413582,0.00604776036994651,-0.05132327789635961,-0.02761649287191202,True,6.738545796370232e-11,True,False,1.0107818694555347e-08,True,1.6761709392981232e-08,True,True,True
WILLIAMS-BEUREN SYNDROME; WBS,forehead_width_upper,Asian,European,571,143,82,77,primary,0.7310278839525115,0.7291996362530552,0.7654973640840753,0.7273286977464236,0.03446948013156381,-0.0018709385066315587,1.3258418525742421,-0.06549522840000122,-1.3913370809742434,1.3913370809742434,-0.036340418638196925,0.005675783750634636,-0.04746475037347848,-0.025216086902915373,True,1.5263921446865306e-10,False,True,1.9079901808581633e-08,True,3.4979819982399656e-08,True,True,True
SAETHRE-CHOTZEN SYNDROME; SCS,nose_tip_midline_dent,Asian,European,571,143,15,15,moderate,0.040765199047477524,0.04047432533258831,0.04398195715610056,0.03763582405140494,0.0032167581086230343,-0.0028385012811833685,1.019757581025049,-0.9017310184407039,-1.921488599465753,1.921488599465753,-0.006055259389806306,0.0010286330373986325,-0.008071343096415669,-0.004039175683196943,True,3.939706688942478e-09,False,True,7.386950041767146e-07,True,6.771370871619884e-07,True,True,True
SAETHRE-CHOTZEN SYNDROME; SCS,canthal_to_pupillary_ratio,Asian,European,571,143,15,15,moderate,0.5584819048083773,0.5536125813073259,0.5235628861530105,0.5673613190660866,-0.03491901865536684,0.01374873775876062,-1.1003557582666306,0.5839613822401397,1.6843171405067703,1.6843171405067703,0.04866775641412879,0.00841828477930079,0.032168221435097524,0.06516729139316006,True,7.417130312278371e-09,False,True,9.271412890347964e-07,True,1.2238265015259312e-06,True,True,True
SOTOS SYNDROME; SOTOS,outer_canthal_distance,African,European,143,143,11,64,moderate,0.6688454411923601,0.6418143240654428,0.7299996265704428,0.6571366587540659,0.061154185378082704,0.015322334688623096,2.347792483024493,0.557970356724601,-1.789822126299892,1.789822126299892,-0.045831850689459414,0.007944133190906257,-0.06140206563202494,-0.030261635746893892,True,7.96155747647591e-09,True,False,5.971168107356932e-06,True,1.2915303116198136e-06,True,True,True
WILLIAMS-BEUREN SYNDROME; WBS,eb_thickness_r,Asian,European,571,143,82,77,primary,0.015009269436622856,0.014849565664404414,0.017822859415082,0.014959491802998248,0.0028135899784591436,0.0001099261385938341,1.1578543847053544,0.04175533404733134,-1.116099050658023,1.116099050658023,-0.002703663839865353,0.00047088007692547046,-0.003626571831676725,-0.0017807558480539805,True,9.371701114402684e-09,True,False,1.0041108336860017e-06,True,1.485416088547791e-06,True,True,True
Cornelia de Lange syndrome,inter_canthal_distance,Others,European,143,143,76,177,primary,0.24847946144718827,0.25195082398911633,0.26674987530027494,0.2529473384140801,0.01827041385308667,0.0009965144249637903,1.0877375729655632,0.06087401784985394,-1.0268635551157093,1.0268635551157093,-0.01727389942812327,0.0030676448538713434,-0.023286372859070738,-0.011261425997175799,True,1.7917068885179383e-08,True,False,3.3594504159711343e-06,True,2.6239494373265664e-06,True,True,True
COFFIN-LOWRY SYNDROME; CLS,upper_vermilion_height,Asian,European,571,143,10,12,moderate,0.11242840134006278,0.1055102963087167,0.175526208250354,0.09185315781152455,0.06309780691029122,-0.013657138497192148,1.7451564000541195,-0.35237444755391073,-2.0975308476080303,2.0975308476080303,-0.07675494540748345,0.013649440124472187,-0.10350735646058486,-0.05000253435438205,True,1.8733976022134082e-08,False,True,4.6834940055335204e-07,True,2.735492074028428e-06,True,True,True
WILLIAMS-BEUREN SYNDROME; WBS,face_triangularity,Asian,European,571,143,82,77,primary,0.5546151636506707,0.5463955635522286,0.5911928501035035,0.5429273107313873,0.03657768645283288,-0.003468252820841289,1.038245420623461,-0.09395998496113339,-1.1322054055845945,1.1322054055845945,-0.04004593927367528,0.0072207244229336815,-0.05419829908491406,-0.0258935794624365,True,2.9232472664551466e-08,False,True,2.7405443123017e-06,True,4.041001915060633e-06,True,True,True
FLOATING-HARBOR SYNDROME; FLHS,canthal_to_pupillary_ratio,Asian,European,571,143,15,62,moderate,0.5584819048083773,0.5536125813073259,0.580101641776227,0.5315357293465636,0.02161973696784969,-0.022076851960762367,0.6791948464072716,-0.8821615735154552,-1.5613564199227268,1.5613564199227268,-0.04369658892861039,0.007906378023423364,-0.059192805102679165,-0.028200372754541618,True,3.262139544085733e-08,False,True,1.2233023290321499e-05,True,4.3998884858922015e-06,True,True,True
Cornelia de Lange syndrome,iris_offset_y_l,African,European,143,143,22,177,primary,-0.04825534768493581,-0.04636870299518514,-0.026780603652841184,-0.06715635445019667,0.02147474403209463,-0.020787651455011533,0.7464176028698899,-0.707587246139798,-1.4540048490096877,1.4540048490096877,-0.042262395487106336,0.007668920633546566,-0.0572932037291537,-0.027231587245058975,True,3.57072092759093e-08,False,True,5.3560813913863955e-06,True,4.764169431691403e-06,True,True,True
WILLIAMS-BEUREN SYNDROME; WBS,eye_fissure_length_mean,Asian,European,571,143,82,77,primary,0.1970743730111375,0.19553608393959354,0.21327416618453138,0.1972421983353102,0.016199793173393873,0.0017061143957166625,1.1586398266682174,0.14584140610668295,-1.0127984205615346,1.0127984205615346,-0.014493678777677751,0.0026400521607782075,-0.019668085930110185,-0.009319271625245316,True,4.021127115150384e-08,True,False,3.35093926262532e-06,True,5.279729236072785e-06,True,True,True
Noonan syndrome,outer_canthal_distance,African,European,143,143,22,68,primary,0.6688454411923601,0.6418143240654428,0.7409665173377286,0.6708624616486565,0.07212107614536845,0.029048137583213673,2.697628652769057,1.0406961584098406,-1.6569324943592163,1.6569324943592163,-0.04307293856215544,0.007908187204546308,-0.05857270066606669,-0.027573176458244184,True,5.1334223916609415e-08,True,False,3.850066793745706e-05,True,6.515497650954272e-06,True,True,True
CROUZON SYNDROME,face_width_uniformity,Asian,European,571,143,24,20,primary,0.7623129308333768,0.7650091440505646,0.7818605489777716,0.7608839237281135,0.019547618144394763,-0.004125220322451106,1.334140961801572,-0.3123394764050154,-1.6464804382065874,1.6464804382065874,-0.023672838466845647,0.004349463603018883,-0.03219763048083048,-0.015148046452860818,True,5.2478111950782996e-08,False,True,9.839645990771812e-06,True,6.643648443897081e-06,True,True,True
SMITH-MAGENIS SYNDROME; SMS,eb_inter_distance,Asian,European,571,143,10,76,moderate,0.19393098064644232,0.19511334066126107,0.203041365932163,0.18092455601923635,0.009110385285720668,-0.014188784642024721,0.7859870567418754,-1.1150817476753583,-1.9010688044172337,1.9010688044172337,-0.023299169927744945,0.004290501810835895,-0.03170839895258718,-0.014889940902902707,True,5.6225757809150115e-08,False,True,2.1084659178431295e-05,True,7.063895968408454e-06,True,True,True
Cornelia de Lange syndrome,nose_bridge_width,Others,European,143,143,76,177,primary,0.07862283236504028,0.0785328176283594,0.08244706202034363,0.07859444342678512,0.0038242296553033517,6.162579842572402e-05,1.0451670621111002,0.01775479261789031,-1.02741226949321,1.02741226949321,-0.003762603856877749,0.0006940513744005807,-0.005122919554123412,-0.002402288159632086,True,5.9194294164020084e-08,True,False,7.017946178893153e-06,True,7.3992867705025105e-06,True,True,True
Cornelia de Lange syndrome,iris_offset_y_r,African,European,143,143,22,177,primary,-0.05133944615821677,-0.04807802626059159,-0.026524772464228297,-0.06564848322281408,0.024814673693988473,-0.017570456962222487,0.872162683367139,-0.6089021568890549,-1.481064840256194,1.481064840256194,-0.04238513065621117,0.007844602488192479,-0.05776026900610172,-0.027009992306320618,True,6.550083100300277e-08,False,True,7.017946178893153e-06,True,8.146460137308133e-06,True,True,True
COFFIN-LOWRY SYNDROME; CLS,vermilion_total,Asian,European,571,143,10,12,moderate,0.3000530616447628,0.2829172820516881,0.44589035065644306,0.274791682501419,0.14583728901168025,-0.008125599550269091,1.829036876349605,-0.10082651276980614,-1.929863389119411,1.929863389119411,-0.15396288856194945,0.028764141861727776,-0.2103395706571368,-0.09758620646676211,True,8.670031368946093e-08,False,True,1.8062565351971026e-06,True,1.0570604747852995e-05,True,True,True
MYHRE SYNDROME; MYHRS,eb_lateral_thickness_mean,Asian,European,571,143,12,18,moderate,0.0009358409948795388,0.0009308936047880925,0.0009968748288920833,0.0008920539998991833,6.103383401254441e-05,-3.883960488890918e-05,0.706033543542597,-0.4695488952250849,-1.1755824387676819,1.1755824387676819,-9.987343890145565e-05,1.877931144237563e-05,-0.0001366802129829728,-6.306666481993849e-05,True,1.0475883495816174e-07,False,True,7.99091437855278e-06,True,1.2430072227292997e-05,True,True,True
COFFIN-LOWRY SYNDROME; CLS,mouth_width,Asian,European,571,143,10,12,moderate,0.3625543824697565,0.368555993262978,0.34570961782329873,0.45070000866060117,-0.016844764646457788,0.08214401539762317,-0.28315993177412974,1.446680346957376,1.7298402787315057,1.7298402787315057,0.09898878004408079,0.0186204777013468,0.06249331437450989,0.1354842457136517,True,1.0600056303375941e-07,False,True,2.092116375666304e-06,True,1.252273954694771e-05,True,True,True
MYHRE SYNDROME; MYHRS,eb_position_l,Asian,European,571,143,12,18,moderate,0.354599415539764,0.3648818860374633,0.40619741890203437,0.29495337614672956,0.051598003362270384,-0.06992850989073374,0.7049477743903736,-0.8468565150151811,-1.5518042894055548,1.5518042894055548,-0.12152651325300545,0.023008128421867037,-0.16662161631153724,-0.07643141019447366,True,1.2785463005684447e-07,False,True,7.99091437855278e-06,True,1.4752457314251286e-05,True,True,True
Rubinstein-Taybi syndrome,eye_fissure_slant_r,Asian,European,571,143,23,55,primary,4.741706353683784,3.27965052778378,2.7241108154280482,5.019049210219951,-2.017595538255736,1.7393986824361707,-0.7012520738776995,0.5644474834955587,1.2656995573732583,1.2656995573732583,3.756994220691902,0.7190920850916583,2.3475996323444397,5.166388809039364,True,1.7449826324932095e-07,False,True,0.00013087369743699072,True,1.9323633178616077e-05,True,True,True
CROUZON SYNDROME,eb_inter_distance,Asian,European,571,143,24,20,primary,0.19393098064644232,0.19511334066126107,0.2214627322407564,0.1972072731583005,0.02753175159431409,0.00209393249703943,2.3105192979898868,0.16694789493615647,-2.1435714030537305,2.1435714030537305,-0.025437819097274605,0.0048759074914149474,-0.03499442217239694,-0.015881216022152266,True,1.8180205626559316e-07,True,False,1.704394277489936e-05,True,2.0087503984702817e-05,True,True,True
COFFIN-LOWRY SYNDROME; CLS,upper_lip_eversion,Asian,European,571,143,10,12,moderate,0.08096156073397721,0.0770298547495753,0.12346115209395232,0.0723188379957291,0.04249959135997511,-0.004711016753846206,1.8803052282465518,-0.193185447184911,-2.073490675431463,2.073490675431463,-0.047210608113821356,0.009112105143563939,-0.06507000601854886,-0.029351210209093856,True,2.2059674540636787e-07,False,True,4.136188976369397e-06,True,2.383039051778456e-05,True,True,True
CROUZON SYNDROME,nose_bridge_width,Asian,European,571,143,24,20,primary,0.07889098859439284,0.0785328176283594,0.08431571243453378,0.0770274842138565,0.005424723840140949,-0.0015053334145029018,1.7388326003198193,-0.465567559593318,-2.2044001599131375,2.2044001599131375,-0.006930057254643893,0.001348038234692632,-0.009572163644424404,-0.004287950864863381,True,2.7350385064449535e-07,False,True,2.051278879833715e-05,True,2.8592153512871076e-05,True,True,True
COFFIN-LOWRY SYNDROME; CLS,mouth_upper_curvature_c2,Asian,European,571,143,10,12,moderate,1.7826352975631405,1.5532309076185897,2.781285634582635,0.5578002524487116,0.9986503370194943,-0.9954306551698782,0.8624198138011266,-0.8723819152689999,-1.7348017290701265,1.7348017290701265,-1.994080992189374,0.3895437971104299,-2.7575728049267947,-1.2305891794519535,True,3.071336478522389e-07,False,True,5.4845294259328375e-06,True,3.1411395803069886e-05,True,True,True
COFFIN-LOWRY SYNDROME; CLS,columella_hang_below_ala,Asian,European,571,143,10,12,moderate,0.03535579597474666,0.03795175094189049,-0.013177721577631852,0.06368886287521174,-0.048533517552378516,0.025737111933321247,-1.5992791680989489,0.6946043480806939,2.2938835161796427,2.2938835161796427,0.07427062948569971,0.014694324481086806,0.04547028272562435,0.10307097624577506,True,4.3180196181516117e-07,False,True,7.360260712758429e-06,True,4.326760548552729e-05,True,True,True
WILLIAMS-BEUREN SYNDROME; WBS,eb_lateral_thickness_mean,Asian,European,571,143,82,77,primary,0.0009358409948795388,0.0009308936047880925,0.0009838204625401976,0.0008936178138996052,4.7979467660658756e-05,-3.727579088848721e-05,0.5491875235764198,-0.4142446092888956,-0.9634321328653154,0.9634321328653154,-8.52552585491476e-05,1.692120934237894e-05,-0.00011842021943507301,-5.209029766322218e-05,True,4.695211159684612e-07,False,True,3.521408369763459e-05,True,4.6575741964807275e-05,True,True,True
CROUZON SYNDROME,inter_canthal_distance,Asian,European,571,143,24,20,primary,0.25163929559387865,0.25195082398911633,0.28908319678255484,0.25581497268261255,0.03744390118867619,0.0038641486934962166,2.485852402836544,0.2406297549173888,-2.2452226479191553,2.2452226479191553,-0.03357975249517986,0.0066917697958917026,-0.046695380287960546,-0.020464124702399174,True,5.219384134821527e-07,True,False,3.2621150842634544e-05,True,5.0559591912654716e-05,True,True,True
MYHRE SYNDROME; MYHRS,eb_position_mean,Asian,European,571,143,12,18,moderate,0.35279180970543667,0.3639088267854248,0.4015188033686345,0.29651271782355154,0.048726993663197826,-0.06739610896187326,0.6740626826454756,-0.8254676628313187,-1.4995303454767943,1.4995303454767943,-0.1161231026250723,0.02319697424500967,-0.16158833669559447,-0.07065786855455014,True,5.558458071664863e-07,False,True,2.3160241965270264e-05,True,5.3219279409557204e-05,True,True,True
Rubinstein-Taybi syndrome,eye_fissure_height_r,Asian,European,571,143,23,55,primary,0.06678802781386818,0.060496078982065916,0.04749959365151243,0.06723765980302161,-0.019288434162355754,0.006741580820955696,-0.9202709080675044,0.3131557942063936,1.233426702273898,1.233426702273898,0.02603001498331134,0.0052396894785293234,0.015760412315220407,0.03629961765140227,True,6.769772344146832e-07,False,True,0.0001884426424400718,True,6.275350768450716e-05,True,True,True
Rubinstein-Taybi syndrome,eye_fissure_slant_mean,Asian,European,571,143,23,55,primary,4.860997919682044,3.4251770419022325,3.059996026971068,5.015946066604427,-1.8010018927109757,1.5907690247021948,-0.6531293369196581,0.554573770854066,1.2077031077737241,1.2077031077737241,3.3917709174131625,0.6885500473339304,2.0422376230853097,4.741304211741015,True,8.394659318213105e-07,False,True,0.0001884426424400718,True,7.610542788489903e-05,True,True,True
Cornelia de Lange syndrome,eb_position_mean,African,Others,143,143,22,76,primary,0.3698424913343086,0.3489116500851544,0.5003725981782785,0.3795120432070193,0.13053010684396993,0.03060039312186491,1.7443760882024835,0.4054475486632679,-1.3389285395392156,1.3389285395392156,-0.09992971372210514,0.020405774200876966,-0.1399242962324806,-0.059935131211729685,True,9.724687767716835e-07,True,False,9.116894782234533e-05,True,8.673370171206908e-05,True,True,True
WILLIAMS-BEUREN SYNDROME; WBS,eye_fissure_length_r,Asian,European,571,143,82,77,primary,0.19659443077274896,0.19454680151890785,0.21472241193984604,0.19718347868002337,0.018127981167097074,0.0026366771611155138,1.0989876108975307,0.17522099943343722,-0.9237666114640934,0.9237666114640934,-0.015491304005982087,0.0031928878335836137,-0.021749249166482087,-0.009233358845482088,True,1.2233614847351694e-06,True,False,8.341101032285245e-05,True,0.00010661336882815297,True,True,True
Cornelia de Lange syndrome,eb_position_r,African,Others,143,143,22,76,primary,0.3680374827925917,0.34664966433253597,0.5032157317052488,0.37768714074532334,0.13517824891265712,0.031037476412787368,1.799080446315906,0.4085099446823307,-1.3905705016335754,1.3905705016335754,-0.1041407724998698,0.02149692764116749,-0.14627397645482165,-0.06200756854491794,True,1.269634382158899e-06,True,False,9.129207378520465e-05,True,0.00011025772266116755,True,True,True
Cornelia de Lange syndrome,forehead_width_mid,Others,European,143,143,76,177,primary,0.8674342870896317,0.8681415358193747,0.8961718791951028,0.8715252199052351,0.02873759210547111,0.003383684085860428,1.0260250257715653,0.12158405342303379,-0.9044409723485315,0.9044409723485315,-0.025353908019612403,0.005247594043136581,-0.03563900334964703,-0.015068812689577778,True,1.3548780128094082e-06,True,False,9.129207378520465e-05,True,0.00011663732458098384,True,True,True
Cornelia de Lange syndrome,forehead_width_upper,Others,European,143,143,76,177,primary,0.7289512712538005,0.7291996362530552,0.7559834929003543,0.7308361697563603,0.027032221646553722,0.0016365335033051709,0.9670109744518003,0.0589999283703556,-0.9080110460814447,0.9080110460814447,-0.025395688143249356,0.005258486284505222,-0.035702131874077433,-0.015089244412421278,True,1.3689871645468144e-06,True,False,9.129207378520465e-05,True,0.00011764733445324187,True,True,True
Cornelia de Lange syndrome,face_roundness,African,Others,143,143,22,76,primary,0.9535466873492051,0.9625748222398383,0.9681296654406338,0.9615873378537593,0.014582978091428722,-0.000987484386078985,1.0118285800065352,-0.07332750238836852,-1.0851560823949038,1.0851560823949038,-0.015570462477507263,0.003232705533968407,-0.021906448896708664,-0.009234476058305862,True,1.4606731805632745e-06,False,True,9.129207378520465e-05,True,0.00012423251277986612,True,True,True
Rubinstein-Taybi syndrome,eye_fissure_aspect_r,Asian,European,571,143,23,55,primary,0.3389523809852399,0.31043508934825115,0.24917849556473126,0.34121762301276104,-0.08977388542050863,0.030782533664509892,-0.899549873033832,0.29628852753273094,1.195838400566563,1.195838400566563,0.12055641908501818,0.025035702517000675,0.07148734382403808,0.16962549434599827,True,1.4692009510393405e-06,False,True,0.0001884426424400718,True,0.00012474347697503835,True,True,True
Rubinstein-Taybi syndrome,eye_area_r,Asian,European,571,143,23,55,primary,0.008917269440804235,0.007941386674729376,0.006032796994226881,0.00879325804174716,-0.002884472446577354,0.0008518713670177831,-0.9080035299341,0.2697121089397481,1.1777156388738481,1.1777156388738481,0.0037363438135951197,0.000779633143044227,0.002208290932074671,0.005264396695115569,True,1.6476636913597527e-06,False,True,0.0001884426424400718,True,0.0001380022888702331,True,True,True
COFFIN-LOWRY SYNDROME; CLS,nose_ala_height_mean,Asian,European,571,143,10,12,moderate,0.0645192271424665,0.06473390540854329,0.0758254831072285,0.06661995259283233,0.011306255964762008,0.0018860471842890442,2.1688730128087514,0.3277740928881714,-1.84109891992058,1.84109891992058,-0.009420208780472991,0.0019680373059777806,-0.013277491020420676,-0.005562926540525306,True,1.6962983143003085e-06,True,False,2.7657037733157205e-05,True,0.00014135819285835904,True,True,True
WILLIAMS-BEUREN SYNDROME; WBS,eye_fissure_length_l,Asian,European,571,143,82,77,primary,0.19755431524952602,0.19652536636027926,0.21182592042921686,0.19730091799059699,0.014271605179690838,0.0007755516303177279,0.8644821183484808,0.054116428862340554,-0.8103656894861402,0.8103656894861402,-0.013496053549373416,0.0028207217189860924,-0.01902456652899607,-0.007967540569750763,True,1.7131959169034648e-06,True,False,0.00010707474480646654,True,0.00014204890768295062,True,True,True
Rubinstein-Taybi syndrome,eye_fissure_height_mean,Asian,European,571,143,23,55,primary,0.06635443200903299,0.06023570422371009,0.04800719037841918,0.06688678564047457,-0.018347241630613804,0.006651081416764473,-0.8851303590090187,0.3140567326993721,1.1991870917083909,1.1991870917083909,0.02499832304737818,0.00522686358007937,0.014753858678318526,0.03524278741643783,True,1.7298866832339857e-06,False,True,0.0001884426424400718,True,0.0001431929612375958,True,True,True
Cornelia de Lange syndrome,eb_position_l,African,Others,143,143,22,76,primary,0.37164749987602547,0.3511736358377728,0.49752946465130815,0.38133694566871534,0.12588196477528268,0.030163309830942564,1.6456971793927795,0.3934239690450401,-1.2522732103477394,1.2522732103477394,-0.09571865494434038,0.02002613075606905,-0.1349691499759256,-0.05646815991275516,True,1.7556751790365391e-06,True,False,0.00010128895263672342,True,0.00014485940234161925,True,True,True
Rubinstein-Taybi syndrome,eye_fissure_aspect_mean,Asian,European,571,143,23,55,primary,0.33540173850634264,0.30685635634854797,0.25059291258219873,0.33864319494833994,-0.0848088259241439,0.03178683859979198,-0.8835687040111035,0.3206016062817693,1.204170310292873,1.204170310292873,0.11659566452393538,0.024395814940149602,0.068780745867738,0.16441058318013277,True,1.758797996107337e-06,False,True,0.0001884426424400718,True,0.00014485940234161925,True,True,True
COFFIN-LOWRY SYNDROME; CLS,nose_ala_height_r,Asian,European,571,143,10,12,moderate,0.06450447244428027,0.06472051316211079,0.07580165615841296,0.06650327394097207,0.011297183714132686,0.0017827607788612754,2.2025269342567837,0.30837264488936383,-1.89415428936742,1.89415428936742,-0.009514422935271424,0.001995867739004042,-0.013426251821624735,-0.005602594048918113,True,1.8693287715141703e-06,True,False,2.920826205490891e-05,True,0.00015170029447286878,True,True,True
COFFIN-LOWRY SYNDROME; CLS,nose_ala_height_l,Asian,European,571,143,10,12,moderate,0.06453398184065272,0.06474729765497579,0.07584931005604399,0.06673663124469256,0.011315328215391274,0.0019893335897167713,2.1051419644060676,0.34358300613419884,-1.7615589582718687,1.7615589582718687,-0.009325994625674572,0.0019614078173251356,-0.013170283306627156,-0.005481705944721988,True,1.986967431091203e-06,True,False,2.9804511466368042e-05,True,0.00016018711374432337,True,True,True
Cornelia de Lange syndrome,eb_inter_distance,Others,European,143,143,76,177,primary,0.19255338924611845,0.19511334066126107,0.20389467482977128,0.19480883899411194,0.011341285583652827,-0.0003045016671491263,0.8782554398417929,-0.022868301065579088,-0.901123740907372,0.901123740907372,-0.011645787250802266,0.0024522770626628078,-0.016452161973735044,-0.006839412527869489,True,2.044564820837336e-06,False,True,0.00010953025825914298,True,0.0001642953873887145,True,True,True
WILLIAMS-BEUREN SYNDROME; WBS,face_triangularity,African,European,143,143,34,77,primary,0.5609005991498239,0.5463955635522286,0.5997948903078932,0.5429273107313873,0.038894291158069305,-0.003468252820841289,1.251156672183964,-0.09395998496113339,-1.3451166571450974,1.3451166571450974,-0.042362543978909595,0.008956647921191286,-0.05991725132665006,-0.02480783663116913,True,2.2481645143558412e-06,False,True,0.00011838215166379065,True,0.00017920151926024822,True,True,True
WILLIAMS-BEUREN SYNDROME; WBS,jaw_to_forehead_ratio,African,European,143,143,34,77,primary,1.0448191369834081,1.1000060249357009,0.9727522502372574,1.1066427423948908,-0.0720668867461507,0.0066367174591899225,-1.2714333051923474,0.09714945239387177,1.3685827575862193,1.3685827575862193,0.07870360420534103,0.016644040509206315,0.046081884250070954,0.11132532416061111,True,2.2603352784073666e-06,False,True,0.00011838215166379065,True,0.00017988198759029685,True,True,True
"MANNOSIDOSIS, ALPHA B, LYSOSOMAL; MANSA",eye_fissure_length_mean,Asian,European,571,143,10,14,moderate,0.1970743730111375,0.19553608393959354,0.2167462158045302,0.1957411016707831,0.019671842793392708,0.00020501773118955513,1.4700226297911683,0.018349902801230982,-1.4516727269899372,1.4516727269899372,-0.019466825062202903,0.004119250600980155,-0.02754040788341898,-0.011393242240986826,True,2.291918361578526e-06,True,False,0.00042973469279597367,True,0.0001813984858950461,True,True,True
COFFIN-LOWRY SYNDROME; CLS,mouth_upper_fit_residual,Asian,European,571,143,10,12,moderate,0.013306597548338994,0.012389038844869237,0.01758858159319201,0.010133681319342726,0.0042819840448530145,-0.0022553575255265107,0.8043026332989917,-0.413616166193425,-1.2179187994924168,1.2179187994924168,-0.006537341570379541,0.0013833804048896793,-0.00924871734088175,-0.0038259657998773317,True,2.2940495387939167e-06,False,True,3.30872529633738e-05,True,0.0001813984858950461,True,True,True
CHARGE SYNDROME,inter_canthal_distance,Asian,European,571,143,24,20,primary,0.25163929559387865,0.25195082398911633,0.26945728116498685,0.24598313140760525,0.017817985571108197,-0.005967692581511086,1.2166651356171294,-0.3809499819430012,-1.5976151175601307,1.5976151175601307,-0.023785678152619283,0.0050386665113274975,-0.033661283044929255,-0.013910073260309307,True,2.351157744463815e-06,False,True,0.00012595487916770436,True,0.00018473382277929974,True,True,True
WILLIAMS-BEUREN SYNDROME; WBS,eb_thickness_l,Asian,European,571,143,82,77,primary,0.015256490881157166,0.015115779087123409,0.017231789639729614,0.015048164731897294,0.0019752987585724482,-6.761435522611471e-05,0.7852027875773601,-0.027367769644573253,-0.8125705572219333,0.8125705572219333,-0.0020429131137985872,0.0004328931867951548,-0.0028913681690698606,-0.0011944580585273137,True,2.367643033275813e-06,False,True,0.00011838215166379065,True,0.0001857342791555511,True,True,True
OGDEN SYNDROME; OGDNS,inter_canthal_distance,Asian,European,571,143,13,183,moderate,0.25163929559387865,0.25195082398911633,0.2612434426581307,0.2461570266360078,0.009604147064252055,-0.005793797353108532,0.654380567936832,-0.39597416557802806,-1.05035473351486,1.05035473351486,-0.015397944417360365,0.0032655436522306684,-0.02179829236567587,-0.008997596469044864,True,2.4138157488752472e-06,False,True,0.0005161740892963011,True,0.00018905677147045054,True,True,True
SMITH-MAGENIS SYNDROME; SMS,vermilion_total,Asian,European,571,143,10,76,moderate,0.3000530616447628,0.2829172820516881,0.3994742035477577,0.2757693458150853,0.09942114190299489,-0.007147936236602814,1.2472415830302457,-0.08956108471403675,-1.3368026677442824,1.3368026677442824,-0.10656907813959698,0.022687379886888816,-0.15103552562147748,-0.0621026306577165,True,2.636430947057886e-06,False,True,0.0004943308025733536,True,0.00020455067692690492,True,True,True
Cornelia de Lange syndrome,canthal_to_pupillary_ratio,African,European,143,143,22,177,primary,0.5404602553469873,0.5536125813073259,0.5695477177103944,0.5484057622603347,0.02908746236340709,-0.005206819046991273,1.0070185201990314,-0.2021199364688936,-1.209138456667925,1.209138456667925,-0.034294281410395075,0.007304558510492207,-0.048610953013925345,-0.019977609806864808,True,2.6671759051868955e-06,False,True,0.00013335879525934477,True,0.00020628938641679894,True,True,True
Rubinstein-Taybi syndrome,eye_fissure_fill_r,Asian,European,571,143,23,55,primary,0.2284342679795512,0.20785382101924557,0.16492846627892996,0.22537775682362057,-0.06350580170062123,0.017523935804375,-0.9173860241073771,0.24483200708653685,1.1622180311939139,1.1622180311939139,0.08102973750499573,0.01726593341393321,0.047189129854219934,0.11487034515577152,True,2.6917320565637168e-06,False,True,0.00025234988030284843,True,0.0002078638639624087,True,True,True
OGDEN SYNDROME; OGDNS,forehead_width_mid,Others,European,143,143,38,183,primary,0.8674342870896317,0.8681415358193747,0.8887627501147741,0.866872952455701,0.021328463025142463,-0.0012685833636737476,0.8673291295204748,-0.04682551492626875,-0.9141546444467435,0.9141546444467435,-0.022597046388818154,0.004834199952601493,-0.03207190418998232,-0.013122188587653991,True,2.9479578019152675e-06,False,True,0.0005161740892963011,True,0.0002251912209796385,True,True,True
SAETHRE-CHOTZEN SYNDROME; SCS,face_aspect_ratio,Asian,European,571,143,15,15,moderate,0.9170288151251426,0.9113445079503402,0.885008915045754,0.9501271329073618,-0.0320199000793886,0.03878262495702167,-0.6313614432820212,0.7450681381193246,1.3764295814013456,1.3764295814013456,0.07080252503641304,0.015224193157074522,0.04096365475486584,0.10064139531796025,True,3.30876654171406e-06,False,True,0.00031019686328569314,True,0.0002481574906285545,True,True,True
CHARGE SYNDROME,upper_lip_eversion,Asian,European,571,143,24,20,primary,0.08096156073397721,0.0770298547495753,0.09791314992099837,0.06645441401572585,0.01695158918702115,-0.010575440733849445,0.752465437085601,-0.44279648834094976,-1.1952619254265509,1.1952619254265509,-0.02752702992087061,0.005932602359613637,-0.03915471688031068,-0.01589934296143054,True,3.4847881801815403e-06,False,True,0.000174239409009077,True,0.0002598284143577114,True,True,True
WILLIAMS-BEUREN SYNDROME; WBS,forehead_width_mid,African,European,143,143,34,77,primary,0.8915401790904378,0.8681415358193747,0.9236939501631395,0.8665385705431335,0.032153771072701676,-0.0016029652762411528,1.2200722341039572,-0.05625073092273181,-1.276322965026689,1.276322965026689,-0.03375673634894197,0.00727825998524196,-0.04802186379013523,-0.019491608907748703,True,3.5175785181475097e-06,False,True,0.0001577169237591709,True,0.0002612593198863264,True,True,True
Rubinstein-Taybi syndrome,eye_fissure_aspect_l,Asian,European,571,143,23,55,primary,0.3318510960274454,0.3032776233488448,0.2520073295996663,0.33606876688391873,-0.07984376642777907,0.03279114353507395,-0.8361602042500275,0.33680144368616743,1.1729616479361948,1.1729616479361948,0.11263490996285225,0.024294264762350654,0.06501902599776443,0.16025079392794006,True,3.5474270261780354e-06,False,True,0.00027361196662071044,True,0.0002624777844481506,True,True,True
CROUZON SYNDROME,forehead_taper_ratio,Asian,European,571,143,24,20,primary,0.8409282943605457,0.8398251388331127,0.8527890417810444,0.8394004086224592,0.011860747420498696,-0.00042473021065347893,1.7711050513758835,-0.06135701182660573,-1.8324620632024893,1.8324620632024893,-0.012285477631152508,0.002650593812041983,-0.017480546040399524,-0.007090409221905493,True,3.5695355165688114e-06,False,True,0.00019122511695904344,True,0.0002637194150300838,True,True,True
WILLIAMS-BEUREN SYNDROME; WBS,malar_bulge_mean,Asian,European,571,143,82,77,primary,0.041728755421102035,0.0431630478595418,0.03279949575425834,0.04071133272631008,-0.008929259666843693,-0.0024517151332317244,-1.2810959854124773,-0.3484408227623808,0.9326551626500965,0.9326551626500965,0.006477544533611886,0.0013976252646006342,0.0037382493511113795,0.009216839716112393,True,3.5749169385412076e-06,True,False,0.0001577169237591709,True,0.00026372338071205633,True,True,True
Rubinstein-Taybi syndrome,eye_fissure_fill_mean,Asian,European,571,143,23,55,primary,0.22638896164538327,0.20599127067608064,0.16647986396331785,0.22453376947475742,-0.059909097682065426,0.018542498798676782,-0.904439626565775,0.27352398673315237,1.1779636132989273,1.1779636132989273,0.07845159648074176,0.01694242648622927,0.0452450507570149,0.11165814220446862,True,3.648159554942806e-06,False,True,0.00027361196662071044,True,0.0002687260386453406,True,True,True
OGDEN SYNDROME; OGDNS,eye_fissure_slant_mean,Others,European,143,143,38,183,primary,4.932879531837337,3.4251770419022325,3.639559116316255,4.7310099370623,-1.2933204155210816,1.3058328951600675,-0.4778861443494627,0.44090264649601907,0.9187887908454817,0.9187887908454817,2.599153310681128,0.5644490892598572,1.492853424625374,3.7054531967368822,True,4.1293927143704095e-06,False,True,0.0005161740892963011,True,0.0003019275322914849,True,True,True
MYHRE SYNDROME; MYHRS,eb_position_r,Asian,European,571,143,12,18,moderate,0.35098420387110935,0.3629357675333865,0.3968401878352344,0.29807205950037347,0.04585598396412505,-0.06486370803301306,0.6282120576523078,-0.784745097370267,-1.4129571550225748,1.4129571550225748,-0.11071969199713938,0.024070314395555122,-0.15789664130898343,-0.06354274268529533,True,4.22807385676759e-06,False,True,0.00013212730802398718,True,0.00030868680812683733,True,True,True
Cornelia de Lange syndrome,iris_offset_y_r,Asian,European,571,143,40,177,primary,-0.057182589841717674,-0.04807802626059159,-0.04416719618096262,-0.06564848322281408,0.013015393660755055,-0.017570456962222487,0.4810177971762754,-0.6089021568890549,-1.0899199540653304,1.0899199540653304,-0.0305858506229778,0.006651112131371844,-0.04362179085760405,-0.017549910388351547,True,4.253253080200954e-06,False,True,0.00019937123813441973,True,0.0003100677871427794,True,True,True
Cornelia de Lange syndrome,outer_canthal_distance,Others,European,143,143,76,177,primary,0.6414415173286283,0.6418143240654428,0.6732546273204659,0.6467783664705895,0.03181310999183762,0.004964042405146696,1.0129785259737145,0.16259155732461664,-0.8503869686490979,0.8503869686490979,-0.02684906758669217,0.005864590771267562,-0.03834345428244257,-0.01535468089094177,True,4.690713440468204e-06,True,False,0.0001998415697802786,True,0.00033650770333793634,True,True,True
Cornelia de Lange syndrome,eb_thickness_mean,Others,European,143,143,76,177,primary,0.015187734870628505,0.014982672375763902,0.01702962169589746,0.015331265501826414,0.0018418868252689548,0.00034859312606251233,1.0831657898117613,0.19039405416537897,-0.8927717356463822,0.8927717356463822,-0.001493293699206452,0.000326509301473783,-0.0021332401707123976,-0.0008533472277005065,True,4.796197674726686e-06,True,False,0.0001998415697802786,True,0.000343080614015854,True,True,True
COFFIN-LOWRY SYNDROME; CLS,lower_lip_eversion,Asian,European,571,143,10,12,moderate,0.12085171548818789,0.11412118302611408,0.17243182272891563,0.11246560166621287,0.05158010724072774,-0.0016555813599012092,1.5815311883823129,-0.05077938220402056,-1.6323105705863334,1.6323105705863334,-0.05323568860062908,0.011654921982376429,-0.07607891592871105,-0.030392461272547105,True,4.932057066039127e-06,False,True,6.850079258387677e-05,True,0.00035178216825495215,True,True,True
"MANNOSIDOSIS, ALPHA B, LYSOSOMAL; MANSA",outer_canthal_distance,Asian,European,571,143,10,14,moderate,0.6438965685059362,0.6418143240654428,0.7077623679170506,0.6535639973555745,0.06386579941111437,0.011749673290131657,2.135850829070274,0.44004513618111524,-1.6958056928891585,1.6958056928891585,-0.052116126120982154,0.011414484255743191,-0.07448810416433829,-0.029744148077626015,True,4.976192197751361e-06,True,False,0.00062202402471892,True,0.00035441944430027677,True,True,True
Rubinstein-Taybi syndrome,eb_position_l,Asian,European,571,143,23,55,primary,0.354599415539764,0.3648818860374633,0.36677609022118557,0.31298391479964166,0.012176674681421584,-0.05189797123782164,0.1678108757851488,-0.6687673236662104,-0.8365781994513593,0.8365781994513593,-0.06407464591924378,0.01405559083407359,-0.09162309773545932,-0.036526194103028244,True,5.148127690613529e-06,False,True,0.00035100870617819517,True,0.0003650892846495268,True,True,True
WILLIAMS-BEUREN SYNDROME; WBS,eb_inter_distance,Asian,European,571,143,82,77,primary,0.19393098064644232,0.19511334066126107,0.20534718385169431,0.19471901618308743,0.011416203205251996,-0.000394324478173641,0.9442608056062033,-0.03018047931437722,-0.9744412849205805,0.9744412849205805,-0.011810527683426053,0.002592590744144738,-0.016891912168601638,-0.006729143198250468,True,5.226298116147461e-06,False,True,0.00021776242150614418,True,0.00036957393821328467,True,True,True
SOTOS SYNDROME; SOTOS,inter_pupillary_distance,Asian,European,571,143,20,64,primary,0.45115779551624374,0.4551515740192434,0.5024663991720995,0.4683292900649931,0.05130860365585571,0.013177716045749688,2.1557027169545147,0.5969929505131812,-1.5587097664413334,1.5587097664413334,-0.0381308876101053,0.008379283431016453,-0.05455398135115076,-0.02170779386905984,True,5.348950218459381e-06,True,False,0.0013372375546148452,True,0.00037503262863135885,True,True,True
WIEDEMANN-STEINER SYNDROME; WDSTS,upper_lip_eversion,Asian,European,571,143,35,71,primary,0.08096156073397721,0.0770298547495753,0.095608960819011,0.07096381294245456,0.01464740008503379,-0.0060660418071207395,0.6529978956940895,-0.2620214829735294,-0.9150193786676188,0.9150193786676188,-0.020713441892154252,0.004563124225116308,-0.029657001030364456,-0.011769882753944047,True,5.6438230547324066e-06,False,True,0.0021164336455246524,True,0.0003918222176847884,True,True,True
Rubinstein-Taybi syndrome,eye_fissure_height_l,Asian,European,571,143,23,55,primary,0.06592083620419778,0.05997532946535427,0.04851478710532597,0.06653591147792756,-0.017406049098871813,0.006560582012573292,-0.8389917019845088,0.3105592799942092,1.149550981978718,1.149550981978718,0.02396663111144503,0.005301937389917025,0.013575024778921361,0.034358237443968695,True,6.1736462568403555e-06,False,True,0.0003858528910525222,True,0.00042267702588326086,True,True,True
WILLIAMS-BEUREN SYNDROME; WBS,forehead_width_upper,African,European,143,143,34,77,primary,0.754050694943354,0.7291996362530552,0.7853596036623168,0.7273286977464236,0.03130890871896286,-0.0018709385066315587,1.1553150979333742,-0.06549522840000122,-1.2208103263333754,1.2208103263333754,-0.03317984722559339,0.007353731012940111,-0.04759289516295126,-0.01876679928823552,True,6.422689421294436e-06,False,True,0.0002535272139984646,True,0.00043500491862848384,True,True,True
Noonan syndrome,eb_thickness_r,African,European,143,143,22,68,primary,0.015940585540225302,0.014849565664404414,0.020237762183233737,0.016454929538712425,0.0042971766430084345,0.0016053638743080117,1.638842137399803,0.6384273724952235,-1.0004147649045794,1.0004147649045794,-0.002691812768700435,0.000596602529658506,-0.003861132239916596,-0.0015224932974842737,True,6.4248558102767906e-06,True,False,0.0024093209288537963,True,0.00043500491862848384,True,True,True
Ehlers-Danlos syndrome,eye_fissure_length_l,Asian,Others,571,143,16,13,moderate,0.19755431524952602,0.19818415778241893,0.20947235386269886,0.19103459975877185,0.011918038613172838,-0.007149558023647085,0.7281215874679814,-0.5237230244760814,-1.2518446119440627,1.2518446119440627,-0.019067596636820117,0.004237361221527535,-0.027372672020500734,-0.010762521253139498,True,6.799337193813324e-06,False,True,0.0025497514476799966,True,0.0004572923792034777,True,True,True
CROUZON SYNDROME,cupid_bow_drop,Asian,European,571,143,24,20,primary,0.022532264810993907,0.0222348140085614,0.02633270573983354,0.019637480988394997,0.0038004409288396324,-0.0025973330201664035,0.7234445571596563,-0.5205964105520857,-1.2440409677117419,1.2440409677117419,-0.006397773949006039,0.0014232470651740319,-0.009187286937849473,-0.003608260960162606,True,6.95060239391527e-06,False,True,0.00032580948721477827,True,0.0004659155254178278,True,True,True
COFFIN-LOWRY SYNDROME; CLS,lower_vermilion_height,Asian,European,571,143,10,12,moderate,0.18762466030469996,0.17740698574297137,0.27036414240608897,0.18293852468989438,0.08273948210138901,0.005531538946923015,1.7391152428576342,0.11893344588898275,-1.6201817969686514,1.6201817969686514,-0.07720794315446602,0.017184869797228535,-0.1108896690360441,-0.043526217272887954,True,7.029740275303664e-06,True,False,9.41483072585312e-05,True,0.00046959803458506257,True,True,True
WILLIAMS-BEUREN SYNDROME; WBS,inter_canthal_distance,Others,European,143,143,61,77,primary,0.24847946144718827,0.25195082398911633,0.2610622595965339,0.24893357690071602,0.012582798149345625,-0.0030172470884003155,0.7405137203344423,-0.2011760822903285,-0.9416898026247708,0.9416898026247708,-0.015600045237746135,0.003479065506569189,-0.022418888330477345,-0.008781202145014926,True,7.326500459868236e-06,False,True,0.0002747437672450588,True,0.000486794325857017,True,True,True
Rubinstein-Taybi syndrome,eye_area_mean,Asian,European,571,143,23,55,primary,0.008911981682209191,0.007984457193763596,0.006163861471613834,0.008805119416284247,-0.0027481202105953577,0.000820662222520651,-0.866026252400508,0.2605316902675673,1.1265579426680752,1.1265579426680752,0.0035687824331159957,0.000798558706072508,0.0020036361296729734,0.005133928736559018,True,7.857528614615135e-06,False,True,0.00042831828755462786,True,0.0005146412354105675,True,True,True
COFFIN-LOWRY SYNDROME; CLS,nose_tip_elevation,Asian,European,571,143,10,12,moderate,0.042782269316510635,0.04471113468379042,0.05931899172737494,0.04002382974712968,0.016536722410864305,-0.004687304936660738,1.4896572960842531,-0.3676111982830961,-1.8572684943673492,1.8572684943673492,-0.02122402734752505,0.004750919570801993,-0.030535658599743446,-0.011912396095306654,True,7.919397359431674e-06,False,True,0.00010216246958504799,True,0.0005174699850843797,True,True,True
COFFIN-LOWRY SYNDROME; CLS,mouth_tenting,Asian,European,571,143,10,12,moderate,0.5828318693269822,0.5232961308319196,0.8520172565256867,0.2797171837234464,0.26918538719870455,-0.24357894710847322,0.8749109089883385,-0.7482027445477115,-1.62311365353605,1.62311365353605,-0.5127643343071779,0.11495408082014201,-0.7380701925905628,-0.28745847602379304,True,8.17299756680384e-06,False,True,0.00010216246958504799,True,0.0005323202362589343,True,True,True
Rubinstein-Taybi syndrome,eye_epicanthus_angle_r,Asian,African,571,143,23,13,moderate,63.977298596606914,63.70790679418349,47.13053965852546,71.35857554457976,-16.846758938081457,7.650668750396278,-1.056474963347778,0.525462819177184,1.5819377825249619,1.5819377825249619,24.497427688477842,5.496204041103159,13.725065716232148,35.26978966072353,True,8.30549486030262e-06,False,True,0.00042831828755462786,True,0.0005402391531997105,True,True,True
Rubinstein-Taybi syndrome,eye_fissure_fill_l,Asian,European,571,143,23,55,primary,0.2243436553112153,0.20412872033291574,0.16803126164770574,0.22368978212589413,-0.05631239366350957,0.019561061792978396,-0.8516616561310388,0.2943522824801415,1.1460139386111803,1.1460139386111803,0.07587345545648755,0.017048232567387876,0.04245953362434449,0.10928737728863061,True,8.566365751092557e-06,False,True,0.00042831828755462786,True,0.0005521290425508875,True,True,True
SMITH-MAGENIS SYNDROME; SMS,lower_vermilion_height,Asian,European,571,143,10,76,moderate,0.18762466030469996,0.17740698574297137,0.24521570810628085,0.17462709931151443,0.05759104780158089,-0.002779886431456935,1.2107276804306533,-0.05912701555641869,-1.269854695987072,1.269854695987072,-0.06037093423303745,0.013601169346250956,-0.08702873629931952,-0.03371313216675538,True,9.052167235467666e-06,False,True,0.00106036855844743,True,0.0005796665952854456,True,True,True
OGDEN SYNDROME; OGDNS,eye_fissure_slant_l,Others,European,143,143,38,183,primary,5.1214682650692245,3.5707035560206872,3.7293615493200853,4.823969709283624,-1.3921067157491391,1.2532661532629366,-0.48342624178778526,0.4039316753700738,0.887357917157859,0.887357917157859,2.6453728690120553,0.5970692785913498,1.4751385866976976,3.8156071513264127,True,9.397291887331154e-06,False,True,0.0007556948676401439,True,0.0005994406551841393,True,True,True
COFFIN-LOWRY SYNDROME; CLS,nose_to_face_area_ratio,Asian,European,571,143,10,12,moderate,0.037046628377128,0.035613722629457306,0.03573020864483129,0.04394043172387418,-0.0013164197322967086,0.008326709094416872,-0.24177354526692155,1.4537850194854018,1.6955585647523235,1.6955585647523235,0.00964312882671356,0.002180576980953684,0.005369276478527255,0.013916981174899864,True,9.766335347821426e-06,False,True,0.00011814115340106563,True,0.0006189930854253016,True,True,True
CROUZON SYNDROME,malar_bulge_mean,Asian,European,571,143,24,20,primary,0.041728755421102035,0.0431630478595418,0.027345888893028747,0.042817234779063254,-0.014382866528073288,-0.0003458130804785478,-2.056497345341591,-0.048520681372544644,2.0079766639690466,2.0079766639690466,0.014037053447594722,0.0031746908917896456,0.00781477363763967,0.020259333257549774,True,9.799553330640768e-06,True,False,0.000408314722110032,True,0.0006203042069906881,True,True,True
CHARGE SYNDROME,upper_vermilion_height,Asian,European,571,143,24,20,primary,0.11242840134006278,0.1055102963087167,0.1381593377241033,0.09056817536269071,0.025730936384040518,-0.014942120946025983,0.7139410775586221,-0.39353720716649504,-1.1074782847251172,1.1074782847251172,-0.040673057330066514,0.009215459571555555,-0.05873502619130032,-0.02261108846883271,True,1.0168076745914851e-05,False,True,0.0004013714504966389,True,0.0006379211646676617,True,True,True
WIEDEMANN-STEINER SYNDROME; WDSTS,upper_vermilion_height,Asian,European,571,143,35,71,primary,0.11242840134006278,0.1055102963087167,0.13574375834737204,0.09591037620339204,0.02331535700730926,-0.00959992010532465,0.6479785102325153,-0.26012743512206254,-0.9081059453545779,0.9081059453545779,-0.032915277112633576,0.007464154523754167,-0.04754475115423346,-0.01828580307103369,True,1.0347582987100633e-05,False,True,0.0025868957467751583,True,0.0006467239366937896,True,True,True
Rubinstein-Taybi syndrome,eye_fissure_height_r,Asian,African,571,143,23,13,moderate,0.06678802781386818,0.07134435244252858,0.04749959365151243,0.07963185192810805,-0.019288434162355754,0.00828749948557947,-0.9202709080675044,0.4045680061992707,1.3248389142667751,1.3248389142667751,0.027575933647935355,0.006263706712613596,0.015299294081490928,0.03985257321437978,True,1.0701335910952879e-05,False,True,0.0005016251208259162,True,0.0006663095944555566,True,True,True
OGDEN SYNDROME; OGDNS,eye_fissure_slant_r,Others,European,143,143,38,183,primary,4.744290798605449,3.27965052778378,3.549756683312425,4.638050164840977,-1.1945341152930236,1.3583996370571971,-0.4326031458487098,0.44260413361973044,0.8752072794684402,0.8752072794684402,2.5529337523502047,0.5807502650947411,1.414684148752423,3.6911833559479863,True,1.1030276665050261e-05,False,True,0.0007556948676401439,True,0.0006833525593491714,True,True,True
SOTOS SYNDROME; SOTOS,outer_canthal_distance,Asian,European,571,143,20,64,primary,0.6438965685059362,0.6418143240654428,0.6988707760986617,0.6571366587540659,0.05497420759272542,0.015322334688623096,1.8265096277317074,0.557970356724601,-1.2685392710071064,1.2685392710071064,-0.039651872904101326,0.009024569853507277,-0.057339704792941495,-0.021964041015261154,True,1.1140232398102581e-05,True,False,0.002088793574644234,True,0.0006867266546775564,True,True,True
Cornelia de Lange syndrome,iris_offset_y_l,Asian,European,571,143,40,177,primary,-0.054965128888237846,-0.04636870299518514,-0.04834407172125649,-0.06715635445019667,0.006621057166981359,-0.020787651455011533,0.23372933153570719,-0.707587246139798,-0.9413165776755051,0.9413165776755051,-0.027408708621993162,0.006259867413841846,-0.03967782330111907,-0.015139593942867255,True,1.1950952525630553e-05,False,True,0.0004717481260117323,True,0.0007312387515682477,True,True,True
OGDEN SYNDROME; OGDNS,forehead_width_upper,Others,European,143,143,38,183,primary,0.7289512712538005,0.7291996362530552,0.7479172043708571,0.7265606639373399,0.01896593311705652,-0.0026389723157153044,0.7734509467080664,-0.09717618395006626,-0.8706271306581326,0.8706271306581326,-0.021604905432774046,0.0049372051490134865,-0.03128164970912619,-0.011928161156421903,True,1.2091117882242303e-05,False,True,0.0007556948676401439,True,0.0007379905489161455,True,True,True
Trichorhinophalangeal syndrome,eb_inter_distance,Asian,European,571,143,22,17,moderate,0.19393098064644232,0.19511334066126107,0.2004334012704138,0.18370622560506633,0.006502420623971494,-0.011407115056194739,0.5567045938147156,-0.9248846245700144,-1.48158921838473,1.48158921838473,-0.01790953568016615,0.004105795180473057,-0.025956746361791475,-0.009862324998540827,True,1.2887067557045983e-05,False,True,0.0008136551947711326,True,0.0007817060847078632,True,True,True
Rubinstein-Taybi syndrome,eye_fissure_aspect_r,Asian,African,571,143,23,13,moderate,0.3389523809852399,0.3449928868285944,0.24917849556473126,0.38382342109150824,-0.08977388542050863,0.03883053426291383,-0.899549873033832,0.41965089619294926,1.3192007692267813,1.3192007692267813,0.12860441968342334,0.02948453173975455,0.07081579937247631,0.18639303999437037,True,1.290209840820857e-05,False,True,0.0005692102238915545,True,0.0007817060847078632,True,True,True
Noonan syndrome,eb_thickness_mean,African,European,143,143,22,68,primary,0.016088890274516005,0.014982672375763902,0.01977692538557884,0.016599793415650956,0.0036880351110628352,0.0016171210398870546,2.1229283206614187,0.8683027710868368,-1.2546255495745817,1.2546255495745817,-0.0020709140711758136,0.00047515614228133625,-0.003002202997080222,-0.001139625145271405,True,1.3102489933805202e-05,True,False,0.0032097454843763844,True,0.0007919087322629518,True,True,True
SMITH-MAGENIS SYNDROME; SMS,lower_lip_eversion,Asian,European,571,143,10,76,moderate,0.12085171548818789,0.11412118302611408,0.16094141951879906,0.11345829420633928,0.04008970403061117,-0.000662888819774804,1.229484432946454,-0.0203044680098526,-1.2497889009563066,1.2497889009563066,-0.04075259285038569,0.009351809156839416,-0.059081801988082834,-0.022423383712688545,True,1.3142263115350748e-05,False,True,0.00106036855844743,True,0.0007933439319632464,True,True,True
COFFIN-LOWRY SYNDROME; CLS,mouth_triangularity,Asian,European,571,143,10,12,moderate,0.1784699591716979,0.15754371687526283,0.2670818928525627,0.08419689388699925,0.08861193368086479,-0.07334682298826359,0.8877832840791224,-0.7200166163456784,-1.607799900424801,1.607799900424801,-0.1619587566691285,0.037257153499990744,-0.2349814356955908,-0.08893607764266623,True,1.3797997122586719e-05,False,True,0.00016169527878031313,True,0.0008238852322895568,True,True,True
Rubinstein-Taybi syndrome,eb_position_mean,Asian,European,571,143,23,55,primary,0.35279180970543667,0.3639088267854248,0.3650417700590783,0.3149414408953723,0.01224996035364162,-0.048967385890052506,0.17093564336176534,-0.6377775370966193,-0.8087131804583847,0.8087131804583847,-0.06121734624369485,0.01409343437280591,-0.08883997003287328,-0.03359472245451642,True,1.4011660222009708e-05,False,True,0.0005742400297092994,True,0.0008298522207017184,True,True,True
ANGELMAN SYNDROME; AS,inter_canthal_distance,Asian,European,571,143,17,98,moderate,0.25163929559387865,0.25195082398911633,0.26873517910908123,0.24726519456104465,0.01709588351520258,-0.004685629428071686,1.1500888045622364,-0.2939964499084416,-1.444085254470678,1.444085254470678,-0.021781512943274545,0.005024988443251999,-0.031630309314778456,-0.011932716571770634,True,1.4599924069131266e-05,False,True,0.005747542079388803,True,0.0008613781185005931,True,True,True
Coffin-Siris syndrome,eb_position_r,Asian,European,571,143,19,119,moderate,0.35098420387110935,0.3629357675333865,0.42385651596429774,0.3342298105694076,0.0728723120931884,-0.02870595696397893,0.9881404247030603,-0.36555670608183277,-1.353697130784893,1.353697130784893,-0.10157826905716844,0.023443400830182252,-0.14752649035946205,-0.05563004775487482,True,1.4714776315840344e-05,False,True,0.000848929402836943,True,0.000866089688031031,True,True,True
Rubinstein-Taybi syndrome,eye_fissure_fill_r,Asian,African,571,143,23,13,moderate,0.2284342679795512,0.2319091889016953,0.16492846627892996,0.2594964401418491,-0.06350580170062123,0.027587251240153793,-0.9173860241073771,0.4229062726520608,1.340292296759438,1.340292296759438,0.09109305294077537,0.021025219181935725,0.04988438057712065,0.13230172530443007,True,1.4738454456765443e-05,False,True,0.0005742400297092994,True,0.0008661210336967003,True,True,True
Rubinstein-Taybi syndrome,eye_fissure_slant_l,Asian,European,571,143,23,55,primary,4.980289485680303,3.5707035560206872,3.3958812385140886,5.012842922988904,-1.5844082471662144,1.4421393669682168,-0.5459905862189756,0.4993448516940815,1.045335437913057,1.045335437913057,3.0265476141344263,0.6999195851602654,1.6547304351460908,4.398364793122762,True,1.5313067458914652e-05,False,True,0.0005742400297092994,True,0.0008946645689614645,True,True,True
ANGELMAN SYNDROME; AS,eb_position_r,Asian,European,571,143,17,98,moderate,0.35098420387110935,0.3629357675333865,0.35701603023298906,0.302925273101576,0.006031826361879711,-0.0600104944318105,0.08310628119345548,-0.7865212394636278,-0.8696275206570834,0.8696275206570834,-0.06604232079369074,0.015273648152409489,-0.09597812108495007,-0.036106520502431405,True,1.532677887837014e-05,False,True,0.005747542079388803,True,0.0008946645689614645,True,True,True
Trichorhinophalangeal syndrome,malar_bulge_mean,Asian,European,571,143,22,17,moderate,0.041728755421102035,0.0431630478595418,0.03364801425964756,0.04380485557120524,-0.008080741161454477,0.0006418077116634377,-1.1886913194203395,0.09726793857180288,1.2859592579921424,1.2859592579921424,0.00872254887311795,0.0020224175422851928,0.00475868332853696,0.012686414417698938,True,1.6110384667229208e-05,False,True,0.0008136551947711326,True,0.0009327064807343226,True,True,True
SMITH-MAGENIS SYNDROME; SMS,eb_thickness_mean,Asian,European,571,143,10,76,moderate,0.015132880158890012,0.014982672375763902,0.01696857253124816,0.014118001245579975,0.0018356923723581494,-0.000864671130183927,1.0897590744435632,-0.4749689415814507,-1.5647280160250139,1.5647280160250139,-0.002700363502542033,0.0006261722641329947,-0.003927638588360605,-0.0014730884167234615,True,1.6142399861956357e-05,False,True,0.00106036855844743,True,0.0009334682163164014,True,True,True
Rubinstein-Taybi syndrome,eye_fissure_height_mean,Asian,African,571,143,23,13,moderate,0.06635443200903299,0.07066346117085681,0.04800719037841918,0.07980087717891846,-0.018347241630613804,0.009137416008061644,-0.8851303590090187,0.44780012316517576,1.3329304821741945,1.3329304821741945,0.02748465763867556,0.006380857903275438,0.014978405957787938,0.03999090931956318,True,1.6521395043863517e-05,False,True,0.0005900498229951255,True,0.0009509407612456327,True,True,True
SMITH-MAGENIS SYNDROME; SMS,inter_canthal_distance,Asian,European,571,143,10,76,moderate,0.25163929559387865,0.25195082398911633,0.2622997748237911,0.24145653216406612,0.010660479229912423,-0.010494291825050212,0.7229221794473383,-0.7303045007428935,-1.4532266801902318,1.4532266801902318,-0.02115477105496194,0.004918018318619175,-0.030793909834763756,-0.011515632275160125,True,1.696589693515888e-05,False,True,0.00106036855844743,True,0.0009753912872129669,True,True,True
WILLIAMS-BEUREN SYNDROME; WBS,jaw_to_forehead_ratio,Others,European,143,143,61,77,primary,1.093909557653339,1.1000060249357009,1.0404978156459974,1.1066427423948908,-0.05341174200734167,0.0066367174591899225,-0.892696343848075,0.09714945239387177,0.9898457962419467,0.9898457962419467,0.06004845946653037,0.0139685605220355,0.03267058392747277,0.08742633500558797,True,1.717025242660856e-05,False,True,0.0005793665838653983,True,0.0009859947739177769,True,True,True
COFFIN-LOWRY SYNDROME; CLS,columella_length,Asian,European,571,143,10,12,moderate,0.13110495554339865,0.13846756275927488,0.1753680725101096,0.11496535989513669,0.04426311696671095,-0.02350220286413819,1.152276963346426,-0.5284821015943122,-1.6807590649407382,1.6807590649407382,-0.06776531983084914,0.01583300441683456,-0.09879743825490848,-0.0367332014067898,True,1.868900819982593e-05,False,True,0.00021237509317984012,True,0.0010609012682240636,True,True,True
Trichorhinophalangeal syndrome,nose_bridge_width,Asian,European,571,143,22,17,moderate,0.07889098859439284,0.0785328176283594,0.08206061374875512,0.07732470633698971,0.003169625154362282,-0.00120811129136969,1.017814075491941,-0.41107210731910443,-1.4288861828110453,1.4288861828110453,-0.0043777364457319445,0.001025177376478907,-0.006387047181395862,-0.002368425710068027,True,1.9527724674507184e-05,False,True,0.0008136551947711326,True,0.0010989473092575814,True,True,True
Rubinstein-Taybi syndrome,eye_fissure_aspect_mean,Asian,African,571,143,23,13,moderate,0.33540173850634264,0.3401308595189277,0.25059291258219873,0.37990692914739077,-0.0848088259241439,0.039776069628463084,-0.8835687040111035,0.4430118708552267,1.3265805748663302,1.3265805748663302,0.1245848955526078,0.029234087826788054,0.06728713629122239,0.18188265481399318,True,2.029403169619485e-05,False,True,0.0006661312667254163,True,0.0011338087685797346,True,True,True
Rubinstein-Taybi syndrome,eye_epicanthus_angle_mean,Asian,African,571,143,23,13,moderate,62.142568800807815,61.73750309271228,46.8663000113204,69.2656763677317,-15.276268789487418,7.5281732750194195,-1.0300560645332684,0.5688651163827275,1.5989211809159958,1.5989211809159958,22.804442064506972,5.3529538695647485,12.312845269255748,33.2960388597582,True,2.0428025512912765e-05,False,True,0.0006661312667254163,True,0.001136165463920429,True,True,True
Noonan syndrome,eye_fissure_length_mean,African,European,143,143,22,68,primary,0.20700557540415943,0.19553608393959354,0.22663472441710572,0.2032769550817333,0.019629149012946295,0.007740871142139755,1.836967278921799,0.7218977958261665,-1.1150694830956325,1.1150694830956325,-0.01188827787080661,0.0027928068157007484,-0.01736207864535807,-0.006414477096255151,True,2.07420916868497e-05,True,False,0.0032097454843763844,True,0.0011471883111721344,True,True,True
COFFIN-LOWRY SYNDROME; CLS,nose_bridge_length,Asian,European,571,143,10,12,moderate,0.8714005227890155,0.8642367882857408,0.8264526113200642,0.885767746242184,-0.044947911468951274,0.02153095795644322,-1.2300461690096063,0.5050830853658624,1.7351292543754688,1.7351292543754688,0.06647886942539416,0.015629313318685792,0.03584597821767782,0.0971117606331105,True,2.1047989321635407e-05,False,True,0.00023214694104744933,True,0.0011589271094782567,True,True,True
SOTOS SYNDROME; SOTOS,nasolabial_angle,Asian,African,571,143,20,11,moderate,168.2088095134845,165.50905871433793,168.01537608937986,175.33199011153138,-0.19343342410465425,9.822931397193457,-0.02149299517092817,0.957450118221607,0.9789431133925351,0.9789431133925351,10.016364821297998,2.357177341957255,5.396382125887923,14.636347516708073,True,2.1443504647274975e-05,False,True,0.003216525697091246,True,0.001174174203584194,True,True,True
WILLIAMS-BEUREN SYNDROME; WBS,jaw_bigonial_width,African,European,143,143,34,77,primary,0.7866825774858778,0.8008186518480824,0.7619868699061118,0.8023943642360424,-0.024695707579766024,0.0015757123879599488,-1.0688886811377185,0.063743124668171,1.1326318058058895,1.1326318058058895,0.026271419967726556,0.006199291756138707,0.014121031396038626,0.03842180853941449,True,2.2571075304317498e-05,False,True,0.000628920056028583,True,0.0012250748109251274,True,True,True
SAETHRE-CHOTZEN SYNDROME; SCS,mouth_width,Asian,European,571,143,15,15,moderate,0.3625543824697565,0.368555993262978,0.3779797598031905,0.3174095252965283,0.015425377333433965,-0.05114646796644967,0.2605036562415489,-0.8992921227689956,-1.1597957790105444,1.1597957790105444,-0.06657184529988225,0.015710853646131347,-0.09736455261267948,-0.035779137987085013,True,2.2620806251630183e-05,False,True,0.0014138003907268864,True,0.0012253195524492741,True,True,True
WILLIAMS-BEUREN SYNDROME; WBS,cupid_bow_drop,Asian,Others,571,143,82,61,primary,0.022532264810993907,0.022538473210158675,0.030013072420774597,0.02533981540481173,0.00748080760978069,0.002801342194653056,1.3543697969541915,0.5417463915894523,-0.8126234053647392,0.8126234053647392,-0.004679465415127712,0.0011043992309125957,-0.006844048132270134,-0.00251488269798529,True,2.2641122017028983e-05,True,False,0.000628920056028583,True,0.0012253195524492741,True,True,True
Rubinstein-Taybi syndrome,eye_fissure_fill_mean,Asian,African,571,143,23,13,moderate,0.22638896164538327,0.22887606790494117,0.16647986396331785,0.257228154536531,-0.059909097682065426,0.028352086631589807,-0.904439626565775,0.45562207769011837,1.3600617042558933,1.3600617042558933,0.0882611843136557,0.020847154235343463,0.04740151283223087,0.12912085579508054,True,2.298487412776735e-05,False,True,0.0007182773164927297,True,0.0012380318491017233,True,True,True
Noonan syndrome,forehead_width_mid,Asian,European,571,143,36,68,primary,0.8691903359902237,0.8681415358193747,0.9172468525056225,0.8873374145719355,0.048056516515398884,0.01919587875256079,1.8739632109763702,0.7182314960892319,-1.1557317148871382,1.1557317148871382,-0.028860637762839314,0.006816573353617988,-0.04222087603390598,-0.015500399491772645,True,2.296809234330916e-05,True,False,0.0032097454843763844,True,0.0012380318491017233,True,True,True
WILLIAMS-BEUREN SYNDROME; WBS,nose_bridge_width,Asian,European,571,143,82,77,primary,0.07889098859439284,0.0785328176283594,0.08301845330738362,0.07982915013680669,0.004127464712990789,0.0012963325084472954,1.2816372837679386,0.40338744934237103,-0.8782498344255676,0.8782498344255676,-0.002831132204543736,0.000671306330036252,-0.004146868434008549,-0.001515395975078923,True,2.471926695888744e-05,True,False,0.0006621232221130564,True,0.0013199608570279699,True,True,True
COFFIN-LOWRY SYNDROME; CLS,nose_base_width,Asian,European,571,143,10,12,moderate,0.23372432074890218,0.2298351551230391,0.2457815572028988,0.2724647013066476,0.012057236453996617,0.042629546183608535,0.533227000880064,2.042836462319213,1.5096094614391489,1.5096094614391489,0.030572309729611585,0.007261062574463153,0.01634088859417212,0.04480373086505105,True,2.5486737238542102e-05,True,False,0.00026548684623481356,True,0.0013536410872401652,True,True,True
Rubinstein-Taybi syndrome,eye_area_r,Asian,African,571,143,23,13,moderate,0.008917269440804235,0.009957925140518433,0.006032796994226881,0.01120182242402434,-0.002884472446577354,0.001243897283505907,-0.9080035299341,0.379526967485,1.2875304974191,1.2875304974191,0.004128369730083278,0.000984226249676349,0.0021993217280787073,0.006057417732087849,True,2.7343404156698484e-05,False,True,0.0008203021247009545,True,0.0014322735510651585,True,True,True
Hyperphosphatasia with mental retardation syndrome,forehead_height,Asian,European,571,143,17,27,moderate,0.18492166292887166,0.18136009170593598,0.18554408437714415,0.20942121670258615,0.0006224214482724866,0.028061124996650172,0.030662196103050418,1.4677952235269782,1.4371330274239278,1.4371330274239278,0.027438703548377796,0.006544682486472462,0.014611361584641722,0.04026604551211387,True,2.7587436377416226e-05,True,False,0.005172644320765542,True,0.0014376072230865469,True,True,True
Hyperphosphatasia with mental retardation syndrome,hairline_height,Asian,European,571,143,17,27,moderate,0.18492166292887166,0.18136009170593598,0.18554408437714415,0.20942121670258615,0.0006224214482724866,0.028061124996650172,0.030662196103050418,1.4677952235269782,1.4371330274239278,1.4371330274239278,0.027438703548377796,0.006544682486472462,0.014611361584641722,0.04026604551211387,True,2.7587436377416226e-05,True,False,0.005172644320765542,True,0.0014376072230865469,True,True,True
Coffin-Siris syndrome,eb_position_mean,Asian,European,571,143,19,119,moderate,0.35279180970543667,0.3639088267854248,0.4193078254826518,0.335477121469447,0.06651601577721511,-0.028431705315977773,0.9115414850212142,-0.3686547106756085,-1.2801961956968229,1.2801961956968229,-0.0949477210931936,0.022644268278671043,-0.13932967137565166,-0.05056577081073556,True,2.752731349675893e-05,False,True,0.0013763656748379464,True,0.0014376072230865469,True,True,True
Cornelia de Lange syndrome,eye_fissure_slant_l,African,European,143,143,22,177,primary,4.8087726076667066,3.5707035560206872,0.8098847384688868,2.994782213276739,-3.99888786919782,-0.575921342743948,-1.4376073539973622,-0.19085060928926362,1.2467567447080985,1.2467567447080985,3.422966526453889,0.8175206662233179,1.8206554640389954,5.025277588868783,True,2.826544095779583e-05,True,False,0.0010094800342069939,True,0.0014620055667825427,True,True,True
MYHRE SYNDROME; MYHRS,canthal_to_pupillary_ratio,Asian,European,571,143,12,18,moderate,0.5584819048083773,0.5536125813073259,0.6018585134605722,0.5592517332322858,0.04337660865219484,0.005639151924959895,1.3647538223699613,0.2350296411288211,-1.1297241812411403,1.1297241812411403,-0.03773745672723616,0.009016629913776443,-0.05540972662016448,-0.02006518683430784,True,2.8476809523022895e-05,True,False,0.0007119202380755724,True,0.0014698666020746959,True,True,True
SMITH-MAGENIS SYNDROME; SMS,upper_lip_eversion,Asian,European,571,143,10,76,moderate,0.08096156073397721,0.0770298547495753,0.1070972757246051,0.07361231766691637,0.02613571499062789,-0.0034175370826589335,1.157278738435326,-0.14731280594034746,-1.3045915443756735,1.3045915443756735,-0.029553252073286684,0.007070429595225865,-0.04341103943515549,-0.015695464711417875,True,2.917165131163398e-05,False,True,0.0015627670345518202,True,0.001504163270756127,True,True,True
WILLIAMS-BEUREN SYNDROME; WBS,face_roundness,Asian,European,571,143,82,77,primary,0.9628456833479647,0.9620144433505807,0.9541014134922605,0.963809390303518,-0.008744269855704201,0.0017949469529372486,-0.7503160449927823,0.14925290712796946,0.8995689521207517,0.8995689521207517,0.010539216808639451,0.002524503827254229,0.005591280228387636,0.015487153388891266,True,2.9829039202269183e-05,False,True,0.000771440669024203,True,0.0015332683702100982,True,True,True
Trichorhinophalangeal syndrome,inter_canthal_distance,Asian,European,571,143,22,17,moderate,0.25163929559387865,0.25195082398911633,0.262298914417338,0.24215278882864305,0.010659618823459338,-0.009798035160473284,0.7224899619421168,-0.6475616391942214,-1.3700516011363382,1.3700516011363382,-0.020457653983932428,0.004918807530986476,-0.030098339591550307,-0.010816968376314549,True,3.1954905567288676e-05,False,True,0.000998590798977771,True,0.0016173495149087826,True,True,True
COFFIN-LOWRY SYNDROME; CLS,mouth_corner_drop,Asian,European,571,143,10,12,moderate,0.15593769436070395,0.13530890286670139,0.23826860340945405,0.058186489677272885,0.0823309090487501,-0.0771224131894285,0.8144071638281388,-0.7497239024530096,-1.5641310662811483,1.5641310662811483,-0.15945332223817865,0.038388047219479825,-0.23469251222518206,-0.08421413225117523,True,3.271088394343425e-05,False,True,0.00033152922915642816,True,0.001648868386150708,True,True,True
Rubinstein-Taybi syndrome,eye_fissure_height_l,Asian,African,571,143,23,13,moderate,0.06592083620419778,0.06998256989918504,0.04851478710532597,0.07996990242972887,-0.017406049098871813,0.009987332530543833,-0.8389917019845088,0.48639068562391113,1.3253823876084199,1.3253823876084199,0.027393381629415785,0.0066008114896455045,0.014456028840972412,0.04033073441785916,True,3.324722054627945e-05,False,True,0.0009537233816863243,True,0.0016724973750414968,True,True,True
Rubinstein-Taybi syndrome,eye_area_mean,Asian,African,571,143,23,13,moderate,0.008911981682209191,0.00991914199846347,0.006163861471613834,0.011381487551691745,-0.0027481202105953577,0.001462345553228276,-0.866026252400508,0.45191903986717896,1.3179452922676869,1.3179452922676869,0.00421046576382366,0.0010163741938419163,0.0022184089490775724,0.006202522578569747,True,3.433404174070767e-05,False,True,0.0009537233816863243,True,0.0017133406580932189,True,True,True
Hutchinson-Gilford progeria,nostril_region_area,Asian,European,571,143,20,31,primary,0.0150379122629207,0.0152075162465076,0.01523627392225681,0.012545609965218005,0.00019836165933611108,-0.0026619062812895944,0.07879199848071827,-1.205307886909943,-1.284099885390661,1.284099885390661,-0.0028602679406257124,0.0006913116748695456,-0.004215213925462085,-0.0015053219557893396,True,3.511859449024495e-05,False,True,0.0013862603088254587,True,0.00174011053780493,True,True,True
WILLIAMS-BEUREN SYNDROME; WBS,eb_thickness_mean,Others,European,143,143,61,77,primary,0.015187734870628505,0.014982672375763902,0.01670846216867713,0.015003828267447769,0.001520727298048627,2.11558916838675e-05,0.9182918802254675,0.011513161300961772,-0.9067787189245057,0.9067787189245057,-0.001499571406364779,0.0003625763333271942,-0.0022102079613326693,-0.0007889348513968886,True,3.536003403998263e-05,True,False,0.0008554846945157088,True,0.0017468280289212976,True,True,True
Noonan syndrome,eye_fissure_length_r,African,European,143,143,22,68,primary,0.2060107187495451,0.19454680151890785,0.22817484221250908,0.20253700223646473,0.02216412346296398,0.007990200717556878,1.4381169221400028,0.5713119632537916,-0.8668049588862111,0.8668049588862111,-0.014173922745407332,0.0034417311412965616,-0.020919591826818528,-0.007428253663996135,True,3.817539365238105e-05,True,False,0.003844126625187885,True,0.0018635917019653471,True,True,True
WILLIAMS-BEUREN SYNDROME; WBS,face_roundness,Asian,Others,571,143,82,61,primary,0.9628456833479647,0.9625748222398383,0.9541014134922605,0.9642906932972376,-0.008744269855704201,0.001715871057399343,-0.7503160449927823,0.13985952045585892,0.8901755654486412,0.8901755654486412,0.01046014091310088,0.0025486747072564165,0.005464830278570138,0.01545545154763162,True,4.058057589499642e-05,False,True,0.0009511072475389787,True,0.001967422631539983,True,True,True
Noonan syndrome,inter_canthal_distance,African,European,143,143,22,68,primary,0.2566756033080781,0.25195082398911633,0.2889670263368246,0.26520440784388677,0.03229142302874649,0.013253583854770434,1.7605959529477468,0.834866545663888,-0.9257294072838589,0.9257294072838589,-0.019037839173976195,0.00464139624718623,-0.028134808656440573,-0.00994086969151182,True,4.100401733533744e-05,True,False,0.003844126625187885,True,0.001986006710468888,True,True,True
ANGELMAN SYNDROME; AS,eb_position_mean,Asian,European,571,143,17,98,moderate,0.35279180970543667,0.3639088267854248,0.35503456020216406,0.3015528120507889,0.002242750496727397,-0.06235601473463592,0.031160942665287045,-0.8304591159475407,-0.8616200586128278,0.8616200586128278,-0.06459876523136365,0.015764543336406683,-0.09549670240344166,-0.033700828059285655,True,4.172303247052867e-05,False,True,0.010128071462516134,True,0.0020129533209465584,True,True,True
SOTOS SYNDROME; SOTOS,inter_canthal_distance,African,European,143,143,11,64,moderate,0.2566756033080781,0.25195082398911633,0.28518010947335504,0.2520019884245113,0.028504506165276944,5.116443539499027e-05,1.526123604005336,0.003232301035461657,-1.5228913029698745,1.5228913029698745,-0.02845334172988176,0.006954195572443473,-0.04208331459331887,-0.014823368866444649,True,4.285253543854991e-05,True,False,0.004206404670805506,True,0.0020594179652506997,True,True,True
WILLIAMS-BEUREN SYNDROME; WBS,forehead_width_mid,Others,European,143,143,61,77,primary,0.8674342870896317,0.8681415358193747,0.8909323170042892,0.8665385705431335,0.023498029914657548,-0.0016029652762411528,0.8740507823652566,-0.05625073092273181,-0.9303015132879884,0.9303015132879884,-0.025100995190899755,0.006140368430460842,-0.03713589616640974,-0.013066094215389767,True,4.3536197768924506e-05,False,True,0.00096190943900675,True,0.0020882187883350415,True,True,True
SAETHRE-CHOTZEN SYNDROME; SCS,jaw_bigonial_width,Asian,European,571,143,15,15,moderate,0.7935979777142503,0.8008186518480824,0.7980425469520552,0.7621930000132928,0.004444569237804896,-0.03862565183478961,0.1677660778394553,-1.7278410515057192,-1.8956071293451746,1.8956071293451746,-0.043070221072592174,0.01053889223592877,-0.06372607029196137,-0.02241437185322298,True,4.373859560696665e-05,False,True,0.002343139050373213,True,0.0020915602190486934,True,True,True
Cornelia de Lange syndrome,iris_offset_y_l,African,Others,143,143,22,76,primary,-0.04825534768493581,-0.05538219705105777,-0.026780603652841184,-0.06509756750804689,0.02147474403209463,-0.009715370456989121,0.7464176028698899,-0.36541562128138816,-1.111833224151278,1.111833224151278,-0.031190114489083775,0.007636266874171823,-0.0461569225387968,-0.016223306439370748,True,4.4177246002488055e-05,False,True,0.0014405623696463496,True,0.002106718378731367,True,True,True
SOTOS SYNDROME; SOTOS,cheek_area_mean,African,European,143,143,11,64,moderate,0.007368010271282393,0.007763406855828677,0.004534953643535482,0.007657909308441822,-0.0028330566277469105,-0.000105497547386855,-1.0853712692471729,-0.047602998845935614,1.0377682704012372,1.0377682704012372,0.002727559080360054,0.0006683775998852789,0.001417563056511585,0.004037555104208524,True,4.4868316488592066e-05,True,False,0.004206404670805506,True,0.002133507844558412,True,True,True
FLOATING-HARBOR SYNDROME; FLHS,nose_ala_height_l,Asian,European,571,143,15,62,moderate,0.06453398184065272,0.06474729765497579,0.06820053367835134,0.06242688843285133,0.003666551837698623,-0.00232040922212446,0.6825131390619096,-0.4098989732245944,-1.092412112286504,1.092412112286504,-0.005986961059822923,0.001467291883550329,-0.008862800306389508,-0.0031111218132563396,True,4.498157237744428e-05,False,True,0.005137374210310756,True,0.002136840530406422,True,True,True
SMITH-MAGENIS SYNDROME; SMS,philtrum_width,Asian,European,571,143,10,76,moderate,0.30145370808513594,0.2967169741426873,0.3108870462578699,0.2854567217134763,0.009433338172733952,-0.01126025242921097,0.5862763891498892,-0.7743938409145915,-1.3606702300644806,1.3606702300644806,-0.020693590601944145,0.005091230363344188,-0.030672218751095527,-0.010714962452792765,True,4.812399682449632e-05,False,True,0.0021656684901719494,True,0.0022687027074405407,True,True,True
Rubinstein-Taybi syndrome,eye_epicanthus_angle_r,Asian,European,571,143,23,55,primary,63.977298596606914,58.00623090893714,47.13053965852546,59.84044713438941,-16.846758938081457,1.8342162254522663,-1.056474963347778,0.10799453745631249,1.1644695008040904,1.1644695008040904,18.680975163533606,4.599476121704853,9.666167617240127,27.695782709827085,True,4.8749204217635014e-05,False,True,0.0012645333852303175,True,0.0022898766504779373,True,True,True
Rubinstein-Taybi syndrome,eye_area_l,Asian,European,571,143,23,55,primary,0.00890669392361415,0.008027527712797806,0.006294925949000777,0.008816980790821353,-0.0026117679746133736,0.0007894530780235467,-0.8046658100217067,0.2453322392954396,1.0499980493171464,1.0499980493171464,0.003401221052636902,0.0008375647215703155,0.0017596243636377655,0.005042817741636039,True,4.889529089557228e-05,False,True,0.0012645333852303175,True,0.002294139241071875,True,True,True
COFFIN-LOWRY SYNDROME; CLS,nose_tip_midline_dent,Asian,European,571,143,10,12,moderate,0.040765199047477524,0.04047432533258831,0.0397754963173629,0.045324925276590905,-0.0009897027301146236,0.004850599944002595,-0.3125185629879588,1.5129681882122157,1.8254867512001745,1.8254867512001745,0.005840302674117191,0.0014419296304020205,0.00301417253028808,0.008666432817946303,True,5.1143660858532714e-05,False,True,0.0005047071795249939,True,0.0023845333431654517,True,True,True
WILLIAMS-BEUREN SYNDROME; WBS,inter_pupillary_distance,Asian,European,571,143,82,77,primary,0.45115779551624374,0.4551515740192434,0.4739009642567584,0.45732419328846946,0.02274316874051463,0.0021726192692260726,0.9200081502335091,0.09520701187279536,-0.8248011383607138,0.8248011383607138,-0.02057054947129,0.005078630637261919,-0.030524482611105068,-0.010616616331474935,True,5.112740565113762e-05,True,False,0.0010616782644310532,True,0.0023845333431654517,True,True,True
Rubinstein-Taybi syndrome,eye_fissure_aspect_l,Asian,African,571,143,23,13,moderate,0.3318510960274454,0.335268832209261,0.2520073295996663,0.3759904372032732,-0.07984376642777907,0.04072160499401217,-0.8361602042500275,0.44793878058944586,1.2840989848394733,1.2840989848394733,0.12056537142179194,0.02977875794341244,0.06220007834836751,0.17893066449521638,True,5.150206841742771e-05,False,True,0.0012875517104356928,True,0.002396007882201759,True,True,True
Noonan syndrome,forehead_width_upper,Asian,European,571,143,36,68,primary,0.7310278839525115,0.7291996362530552,0.7783934904907643,0.7484478593606839,0.047365606538252836,0.019248223107628748,1.848753868939558,0.7173593517928575,-1.1313945171467004,1.1313945171467004,-0.02811738343062442,0.006958052826287214,-0.04175491637267449,-0.014479850488574348,True,5.3227283001868315e-05,True,False,0.004435606916822359,True,0.0024707812426497345,True,True,True
Hyperphosphatasia with mental retardation syndrome,eb_position_mean,African,European,143,143,27,27,primary,0.3698424913343086,0.3639088267854248,0.3992643913152268,0.3217642856486298,0.02942189998091821,-0.042144541136795,0.40582510074672534,-0.5243780949648186,-0.930203195711544,0.930203195711544,-0.07156644111771354,0.017730625787571296,-0.10631782908471041,-0.03681505315071667,True,5.429664771900767e-05,False,True,0.0058945881943041865,True,0.002507167968368358,True,True,True
SMITH-MAGENIS SYNDROME; SMS,mouth_triangularity,Asian,European,571,143,10,76,moderate,0.1784699591716979,0.15754371687526283,0.28118900120431534,0.14101107401799481,0.10271904203261745,-0.01653264285726802,1.0299521792362711,-0.15674602393693987,-1.186698203173211,1.186698203173211,-0.11925168488988495,0.029575474507813466,-0.17721854975088183,-0.06128482002888808,True,5.52773592821676e-05,False,True,0.0021656684901719494,True,0.0025476995199881715,True,True,True
SAETHRE-CHOTZEN SYNDROME; SCS,jaw_to_forehead_ratio,Asian,European,571,143,15,15,moderate,1.0873042810662439,1.1000060249357009,1.0890808799712706,0.9979143307095036,0.0017765989050266828,-0.10209169422619724,0.029250095661125537,-1.74649542466026,-1.7757455203213854,1.7757455203213854,-0.10386829313122048,0.025773640390709052,-0.15438370004749707,-0.05335288621494389,True,5.5772043966420816e-05,False,True,0.0026143145609259758,True,0.00256572135347382,True,True,True
SMITH-MAGENIS SYNDROME; SMS,mouth_tenting,Asian,European,571,143,10,76,moderate,0.5828318693269822,0.5232961308319196,0.8998066223275935,0.48475770181544453,0.3169747530006113,-0.038538429016475084,1.0309757963915285,-0.11388715713576453,-1.144862953527293,1.144862953527293,-0.3555131820170854,0.08839618229804326,-0.5287665156920873,-0.18225984834208356,True,5.775115973791865e-05,False,True,0.0021656684901719494,True,0.002642035496328071,True,True,True
Rubinstein-Taybi syndrome,eye_fissure_fill_l,Asian,African,571,143,23,13,moderate,0.2243436553112153,0.22584294690818696,0.16803126164770574,0.2549598689312128,-0.05631239366350957,0.02911692202302585,-0.8516616561310388,0.46260376530920166,1.3142654214402405,1.3142654214402405,0.08542931568653585,0.02129836728636753,0.04368528287574941,0.12717334849732229,True,6.0443299207436805e-05,False,True,0.0014623378840508904,True,0.002750011641444513,True,True,True
FLOATING-HARBOR SYNDROME; FLHS,upper_vermilion_height,Asian,European,571,143,15,62,moderate,0.11242840134006278,0.1055102963087167,0.12502795201435973,0.07497447474528326,0.012599550674296953,-0.03053582156343343,0.3476149081426008,-0.8645789306412042,-1.212193838783805,1.212193838783805,-0.04313537223773006,0.010755587755453879,-0.06421593687097966,-0.02205480760448046,True,6.058821158068823e-05,False,True,0.005137374210310756,True,0.002753867073495876,True,True,True
Ehlers-Danlos syndrome,eye_fissure_length_mean,Asian,Others,571,143,16,13,moderate,0.1970743730111375,0.19745409537452946,0.20880347979747602,0.19419165039614408,0.011729106786338511,-0.003262444978385376,0.876154216516377,-0.30238393751331466,-1.1785381540296918,1.1785381540296918,-0.014991551764724165,0.0037453599096036907,-0.022332322296687593,-0.007650781232760738,True,6.262371421826726e-05,False,True,0.010283403402920895,True,0.0028283520563907203,True,True,True
Hyperphosphatasia with mental retardation syndrome,eb_position_l,African,European,143,143,27,27,primary,0.37164749987602547,0.3648818860374633,0.3988812652163843,0.32193821340401924,0.027233765340358818,-0.04294367263344406,0.3668477397470702,-0.5287338812696158,-0.895581621016686,0.895581621016686,-0.07017743797380305,0.017536685440025623,-0.10454870984446121,-0.035806166103144875,True,6.287560740591132e-05,False,True,0.0058945881943041865,True,0.0028371399877781317,True,True,True
Rubinstein-Taybi syndrome,eye_area_l,Asian,African,571,143,23,13,moderate,0.00890669392361415,0.009880358856408507,0.006294925949000777,0.01156115267935916,-0.0026117679746133736,0.0016807938229506537,-0.8046658100217067,0.5093482913532881,1.3140141013749949,1.3140141013749949,0.004292561797564044,0.0010730224411763301,0.002189476458255188,0.006395647136872899,True,6.322484080620018e-05,False,True,0.0014818322063953168,True,0.0028503002002795166,True,True,True
SOTOS SYNDROME; SOTOS,eye_fissure_length_mean,Asian,European,571,143,20,64,primary,0.1970743730111375,0.19553608393959354,0.21796987031870527,0.2030760767640991,0.020895497307567762,0.00753999282450557,1.5557259725478128,0.6714170990070298,-0.8843088735407829,0.8843088735407829,-0.013355504483062053,0.0033502852896667764,-0.019921942988743276,-0.0067890659773808286,True,6.708952261096371e-05,True,False,0.005031714195822278,True,0.0029999380029292716,True,True,True
SMITH-MAGENIS SYNDROME; SMS,eb_thickness_r,Asian,European,571,143,10,76,moderate,0.015009269436622856,0.014849565664404414,0.016997673614994793,0.014185639076890683,0.001988404178371936,-0.0006639265875137308,0.8294148163986754,-0.2565607559010835,-1.085975572299759,1.085975572299759,-0.002652330765885615,0.0006660664771505906,-0.0039577970724102435,-0.0013468644593609864,True,6.831444405834832e-05,False,True,0.0023289015019891473,True,0.0030455403000068455,True,True,True
WILLIAMS-BEUREN SYNDROME; WBS,forehead_width_upper,Others,European,143,143,61,77,primary,0.7289512712538005,0.7291996362530552,0.751376677255212,0.7273286977464236,0.022425406001411408,-0.0018709385066315587,0.8418428414053909,-0.06549522840000122,-0.9073380698053921,0.9073380698053921,-0.024296344508043938,0.006118756212442847,-0.03628888631461263,-0.012303802701475247,True,7.16323163770114e-05,False,True,0.0013431059320689637,True,0.0031518219205885017,True,True,True
Cornelia de Lange syndrome,nose_tip_elevation,African,European,143,143,22,177,primary,0.04372177264152912,0.04471113468379042,0.058614828040301874,0.04930352121271267,0.014893055398772753,0.00459238652892225,1.4467781125380301,0.3692656318545954,-1.0775124806834349,1.0775124806834349,-0.010300668869850186,0.002599406230995013,-0.015395411463789414,-0.005205926275910956,True,7.41066652548377e-05,True,False,0.002223199957645131,True,0.0032462654248800586,True,True,True
Coffin-Siris syndrome,eb_position_l,Asian,European,571,143,19,119,moderate,0.354599415539764,0.3648818860374633,0.4147591350010059,0.3367244323694867,0.060159719461241934,-0.028157453667976617,0.8149875186753996,-0.3625565206276821,-1.1775440393030818,1.1775440393030818,-0.08831717312921944,0.02232401344484389,-0.1320714354715014,-0.04456291078693747,True,7.616695555117088e-05,False,True,0.003342815780715169,True,0.00332559730246332,True,True,True
Cornelia de Lange syndrome,eye_fissure_slant_mean,African,European,143,143,22,177,primary,4.664066519871331,3.4251770419022325,0.7529693892164562,2.8533926005305594,-3.9110971306548747,-0.5717844413716731,-1.432493012260059,-0.1926525285157894,1.2398404837442696,1.2398404837442696,3.3393126892832177,0.8452347202469546,1.6826830791163987,4.995942299450037,True,7.790604770031665e-05,True,False,0.002247289837509134,True,0.0033887076987396078,True,True,True
Coffin-Siris syndrome,canthal_to_pupillary_ratio,Asian,European,571,143,19,119,moderate,0.5584819048083773,0.5536125813073259,0.5802141224264563,0.5435091613202969,0.021732217618078975,-0.010103419987029016,0.6799694557968099,-0.4123853501088393,-1.0923548059056492,1.0923548059056492,-0.03183563760510916,0.008072490884454503,-0.04765742900416787,-0.016013846206050446,True,8.022757873716406e-05,False,True,0.003342815780715169,True,0.003483565918850545,True,True,True
WILLIAMS-BEUREN SYNDROME; WBS,canthal_to_pupillary_ratio,Others,European,143,143,61,77,primary,0.5491916153009552,0.5536125813073259,0.5657120735686209,0.5451396547391992,0.016520458267665683,-0.008472926568126704,0.5887249035909518,-0.32205731647034225,-0.9107822200612941,0.9107822200612941,-0.024993384835793164,0.0063396016289949475,-0.03741877570495472,-0.01256799396663161,True,8.066289250769645e-05,False,True,0.0014404087947802937,True,0.0034925554141297405,True,True,True
Ehlers-Danlos syndrome,canthal_to_pupillary_ratio,Asian,Others,571,143,16,13,moderate,0.5584819048083773,0.5491916153009552,0.5304989007810937,0.5697499129105172,-0.027983004027283598,0.02055829760956207,-0.8777863665008419,0.7975742692176829,1.675360635718525,1.675360635718525,0.048541301636845224,0.012327331425361233,0.0243801760176484,0.07270242725604205,True,8.226722722336716e-05,False,True,0.010283403402920895,True,0.003541067606571021,True,True,True
Rubinstein-Taybi syndrome,eye_epicanthus_angle_l,Asian,African,571,143,23,13,moderate,60.30783900500874,59.767099391241075,46.60206036411531,67.17277719088362,-13.705778640893428,7.405677799642547,-0.9406338612843317,0.5727382106205021,1.5133720719048338,1.5133720719048338,21.111456440536088,5.3636969616049015,10.598803571803565,31.62410930926861,True,8.28544978631235e-05,False,True,0.0018276727469806655,True,0.0035589055304405515,True,True,True
SMITH-MAGENIS SYNDROME; SMS,mouth_corner_drop,Asian,European,571,143,10,76,moderate,0.15593769436070395,0.13530890286670139,0.2548616699769287,0.11737796772369942,0.09892397561622476,-0.017930935143001966,0.9796947291812433,-0.1685649387127613,-1.1482596678940047,1.1482596678940047,-0.1168549107592264,0.029726592536292888,-0.17511796151345765,-0.05859186000499515,True,8.45971134653437e-05,False,True,0.0024342122949650895,True,0.00360996303149527,True,True,True
SMITH-MAGENIS SYNDROME; SMS,upper_vermilion_height,Asian,European,571,143,10,76,moderate,0.11242840134006278,0.1055102963087167,0.1542584954414768,0.1011422465035708,0.041830094101414014,-0.004368049805145893,1.1561670774432413,-0.11794584305581886,-1.2741129204990602,1.2741129204990602,-0.04619814390655959,0.011774154230803118,-0.0692750621473536,-0.023121225665765573,True,8.720254160147467e-05,False,True,0.0024342122949650895,True,0.0037019946906286416,True,True,True
Cornelia de Lange syndrome,columella_hang_below_ala,African,European,143,143,22,177,primary,0.04045630537547077,0.03795175094189049,-0.01210551704891983,0.016093024936654904,-0.0525618224243906,-0.021858726005235585,-1.7768606430279847,-0.576214379441631,1.2006462635863537,1.2006462635863537,0.030703096419155126,0.007831988506911424,0.015352681018277104,0.04605351182003315,True,8.846918081044966e-05,True,False,0.0023928021326159047,True,0.003750005034561369,True,True,True
Cornelia de Lange syndrome,iris_offset_y_r,African,Others,143,143,22,76,primary,-0.05133944615821677,-0.05776938462881419,-0.026524772464228297,-0.06356133708748964,0.024814673693988473,-0.005791952458675448,0.872162683367139,-0.23532709503232319,-1.1074897783994622,1.1074897783994622,-0.03060662615266397,0.007812038344026255,-0.04591793995280136,-0.015295312352526586,True,8.933127961766045e-05,False,True,0.0023928021326159047,True,0.0037826333114407123,True,True,True
SMITH-MAGENIS SYNDROME; SMS,jaw_to_forehead_ratio,Asian,European,571,143,10,76,moderate,1.0873042810662439,1.1000060249357009,1.0159534450905832,1.1203149659886933,-0.07135083597566072,0.020308941052992413,-1.1787722646904095,0.3216293354156494,1.500401600106059,1.500401600106059,0.09165977702865657,0.023419992856055175,0.04575743451260307,0.1375621195447101,True,9.087725901203001e-05,False,True,0.0024342122949650895,True,0.0038349738457762027,True,True,True
Noonan syndrome,malar_bulge_mean,African,European,143,143,22,68,primary,0.03637469078005228,0.0431630478595418,0.02146870000612069,0.03751533480314235,-0.01490599077393159,-0.005647713056399453,-2.02154202138416,-0.8344863193861546,1.1870557019980055,1.1870557019980055,0.009258277717532092,0.0023686353987014686,0.004615837643570542,0.013900717791493641,True,9.279531942014747e-05,True,False,0.00695964895651106,True,0.0039043011746628985,True,True,True
Hyperphosphatasia with mental retardation syndrome,eb_position_r,African,European,143,143,27,27,primary,0.3680374827925917,0.3629357675333865,0.3996475174140692,0.3215903578932405,0.03161003462147749,-0.04134540964014605,0.43600804691242323,-0.5065126219213613,-0.9425206688337845,0.9425206688337845,-0.07295544426162393,0.0186654029935036,-0.10953896188581709,-0.03637192663743076,True,9.283560570865114e-05,False,True,0.006962670428148835,True,0.0039043011746628985,True,True,True
SOTOS SYNDROME; SOTOS,eb_thickness_asym,Asian,African,571,143,20,11,moderate,0.18753771253456064,0.22670926993956783,0.19604498865653128,0.0867647252878405,0.008507276121970636,-0.13994454465172734,0.06254940461821862,-0.9181435674009287,-0.9806929720191473,0.9806929720191473,-0.14845182077369798,0.0379996727167412,-0.22292981072282003,-0.07397383082457591,True,9.358048830702757e-05,False,True,0.006055756767543853,True,0.003928951799150013,True,True,True
SOTOS SYNDROME; SOTOS,cheek_area_mean,Asian,African,571,143,20,11,moderate,0.007554212541640061,0.007368010271282393,0.007980697951425674,0.004534953643535482,0.0004264854097856133,-0.0028330566277469105,0.1994737894423235,-1.0853712692471729,-1.2848450586894964,1.2848450586894964,-0.003259542037532528,0.0008361561449260881,-0.004898377967039515,-0.0016207061080255416,True,9.689210828070165e-05,False,True,0.006055756767543853,True,0.004040572333525469,True,True,True
WILLIAMS-BEUREN SYNDROME; WBS,eb_lateral_thickness_mean,African,European,143,143,34,77,primary,0.000949895207760123,0.0009308936047880925,0.0009997081226735677,0.0008936178138996052,4.981291491344469e-05,-3.727579088848721e-05,0.6064162814565408,-0.4142446092888956,-1.0206608907454364,1.0206608907454364,-8.708870580193066e-05,2.235923691059761e-05,-0.0001309120048685006,-4.326540673536072e-05,True,9.82081877408562e-05,False,True,0.001674003200128231,True,0.004081700498045661,True,True,True
CHARGE SYNDROME,vermilion_total,Asian,European,571,143,24,20,primary,0.3000530616447628,0.2829172820516881,0.3523800321760617,0.24966553705378813,0.052326970531298866,-0.03325174499789996,0.6574193512054933,-0.4158151872138531,-1.0732345384193465,1.0732345384193465,-0.08557871552919871,0.022027139195750844,-0.12875111503532094,-0.042406316023076485,True,0.00010226719157259703,False,True,0.002840755321461029,True,0.004222040019052171,True,True,True
WILLIAMS-BEUREN SYNDROME; WBS,chin_width,African,European,143,143,34,77,primary,0.33061863145276854,0.3302611228946857,0.3134207381325633,0.3312003166006376,-0.017197893320205215,0.0009391937059519129,-0.9618928361936527,0.04995980019053047,1.011852636384183,1.011852636384183,0.01813708702615756,0.004672239438081263,0.008979666000370623,0.027294508051944492,True,0.00010365073020847927,False,True,0.0017275121701413212,True,0.004269556726195939,True,True,True
FLOATING-HARBOR SYNDROME; FLHS,upper_lip_eversion,Asian,European,571,143,15,62,moderate,0.08096156073397721,0.0770298547495753,0.08868307469566564,0.05817927656123418,0.007721513961688423,-0.01885057818834112,0.34091504697926384,-0.8468146466635886,-1.1877296936428525,1.1877296936428525,-0.026572092150029286,0.006856204169658895,-0.04001000539321407,-0.013134178906844506,True,0.0001063503553527442,False,True,0.005137374210310756,True,0.004350696355339535,True,True,True
WILLIAMS-BEUREN SYNDROME; WBS,eb_thickness_mean,African,European,143,143,34,77,primary,0.016088890274516005,0.014982672375763902,0.017937397199248573,0.015003828267447769,0.001848506924732568,2.11558916838675e-05,1.0116942305605803,0.011513161300961772,-1.0001810692596185,1.0001810692596185,-0.001827351033048684,0.0004717342146166206,-0.0027519331039725487,-0.0009027689621248193,True,0.00010720076311231894,True,False,0.0017478385290052004,True,0.00436743849716855,True,True,True
Rubinstein-Taybi syndrome,mouth_width,African,European,143,143,13,55,moderate,0.3951857855336863,0.368555993262978,0.36052040469509566,0.39204418444888023,-0.03466538083859061,0.02348819118590223,-0.6178784153726012,0.4100818670099201,1.0279602823825214,1.0279602823825214,0.058153572024491826,0.015015370537612394,0.028723986556247704,0.08758315749273594,True,0.00010753198669019556,False,True,0.0023042568576470473,True,0.004377330050299902,True,True,True
FLOATING-HARBOR SYNDROME; FLHS,iris_offset_y_r,Asian,European,571,143,15,62,moderate,-0.057182589841717674,-0.04807802626059159,-0.049216015253171604,-0.06476353289598166,0.00796657458854607,-0.01668550663539007,0.3037599238904709,-0.5456969013877631,-0.849456825278234,0.849456825278234,-0.0246520812239363,0.006369385256951012,-0.037135846931220684,-0.012168315516651918,True,0.00010865604527389963,False,True,0.005137374210310756,True,0.004415824500047645,True,True,True
FLOATING-HARBOR SYNDROME; FLHS,inter_canthal_distance,Asian,European,571,143,15,62,moderate,0.25163929559387865,0.25195082398911633,0.25904072414475937,0.24017131096237995,0.007401428550880718,-0.011779513026736382,0.5001600697908044,-0.7582335610604787,-1.258393630851283,1.258393630851283,-0.01918094157761638,0.004967854488262358,-0.02891775745504626,-0.009444125700186495,True,0.00011291874909464724,False,True,0.005137374210310756,True,0.004566567058974705,True,True,True
CROUZON SYNDROME,forehead_width_upper,Asian,European,571,143,24,20,primary,0.7310278839525115,0.7291996362530552,0.7936124230994746,0.7479860690188557,0.06258453914696305,0.018786432765800498,2.4192182085501486,0.7033013204251571,-1.7159168881249913,1.7159168881249913,-0.04379810638116233,0.011351639188210555,-0.06604691035554851,-0.021549302406776143,True,0.00011417528172415992,True,False,0.004281573064655997,True,0.004606093272490559,True,True,True
Rubinstein-Taybi syndrome,eye_epicanthus_angle_mean,Asian,European,571,143,23,55,primary,62.142568800807815,56.54291127026695,46.8663000113204,58.44444571547753,-15.276268789487418,1.9015344452105793,-1.0300560645332684,0.12232232649761499,1.1523783910308834,1.1523783910308834,17.177803234697944,4.452523884652741,8.451016780474198,25.90458968892169,True,0.00011432220962076211,False,True,0.002381712700432544,True,0.004608264964354824,True,True,True
Noonan syndrome,jaw_to_forehead_ratio,Asian,European,571,143,36,68,primary,1.0873042810662439,1.1000060249357009,0.9809586696779223,1.0519300156309486,-0.10634561138832155,-0.04807600930475231,-1.7426469835170402,-0.7985604291888276,0.9440865543282125,0.9440865543282125,0.058269602083567684,0.015139550922500298,0.02859662753335695,0.08794257663377841,True,0.00011868191592111849,True,False,0.007417619745069905,True,0.004730076359175012,True,True,True
Coffin-Siris syndrome,inter_canthal_distance,Asian,European,571,143,19,119,moderate,0.25163929559387865,0.25195082398911633,0.2701886179155626,0.252313675810885,0.018549322321683936,0.0003628518217686505,1.247826775910337,0.021513170904862152,-1.2263136050054748,1.2263136050054748,-0.018186470499915647,0.004730003249184613,-0.027457106515074922,-0.00891583448475637,True,0.000120593187441385,True,False,0.004678762252166342,True,0.004794668898271934,True,True,True
MYHRE SYNDROME; MYHRS,nostril_region_area,Asian,European,571,143,12,18,moderate,0.0150379122629207,0.0152075162465076,0.012578354054338573,0.015628327099578256,-0.002459558208582126,0.0004208108530706564,-0.9832172398735612,0.18262220615656877,1.16583944603013,1.16583944603013,0.0028803690616527773,0.0007500672945132261,0.0014102641784254565,0.004350473944880098,True,0.0001229604001077681,False,True,0.002195721430495859,True,0.004861453518637796,True,True,True
FLOATING-HARBOR SYNDROME; FLHS,nose_ala_height_mean,Asian,European,571,143,15,62,moderate,0.0645192271424665,0.06473390540854329,0.06798398260391969,0.06247863836397394,0.003464755461453195,-0.0022552670445693535,0.664597792592127,-0.4005505520883297,-1.0651483446804568,1.0651483446804568,-0.005720022506022392,0.0014897923344175138,-0.008639961825924572,-0.002800083186120213,True,0.00012329698104745815,False,True,0.005137374210310756,True,0.004867428181303519,True,True,True
Hyperphosphatasia with mental retardation syndrome,eb_thickness_mean,African,European,143,143,27,27,primary,0.016088890274516005,0.014982672375763902,0.017694691678108138,0.014856197013779647,0.0016058014035921324,-0.00012647536198425423,0.9395029670276589,-0.06875287433160147,-1.0082558413592604,1.0082558413592604,-0.0017322767655764048,0.0004520950578387456,-0.002618366796528899,-0.0008461867346239108,True,0.00012727902068691784,False,True,0.007954938792932364,True,0.004980483418183741,True,True,True
CRANIOFRONTONASAL SYNDROME; CFNS,eye_fissure_slant_r,Asian,European,571,143,13,21,moderate,4.741706353683784,3.27965052778378,1.4406594227538732,3.441456991594271,-3.3010469309299113,0.16180646381049124,-1.1484013560028108,0.05176153986706908,1.2001628958698798,1.2001628958698798,3.462853394740402,0.9044949203469724,1.690075926660911,5.235630862819893,True,0.00012892976251878055,False,True,0.010944996618385938,True,0.005037113847418814,True,True,True
SOTOS SYNDROME; SOTOS,iris_offset_y_r,Asian,European,571,143,20,64,primary,-0.057182589841717674,-0.04807802626059159,-0.059380087620115894,-0.07388868991709077,-0.0021974977783982205,-0.02581066365649918,-0.08368967300524045,-0.8851005104257852,-0.8014108374205448,0.8014108374205448,-0.023613165878100986,0.006175902022014688,-0.03571771141329787,-0.011508620342904102,True,0.00013160478450602122,True,False,0.007592583721501224,True,0.00512544204016369,True,True,True
Rubinstein-Taybi syndrome,inter_canthal_distance,African,European,143,143,13,55,moderate,0.2566756033080781,0.25195082398911633,0.2850114100952897,0.25400755285823584,0.028335806787211593,0.0020567288691195063,1.5076693595682769,0.12729491217723965,-1.3803744473910373,1.3803744473910373,-0.026279077918092517,0.006877019082439758,-0.03975778764066913,-0.012800368195515902,True,0.00013275592707512855,True,False,0.0026201827712196424,True,0.005162151131358102,True,True,True
SAETHRE-CHOTZEN SYNDROME; SCS,nostril_region_area,Asian,European,571,143,15,15,moderate,0.0150379122629207,0.0152075162465076,0.016770321919923413,0.014045055772454872,0.0017324096570027134,-0.0011624604740527282,0.6888266130787201,-0.5276443120163864,-1.2164709250951065,1.2164709250951065,-0.0028948701310553947,0.0007586724529189044,-0.004381840814839107,-0.0014078994472716824,True,0.0001357947642652543,False,True,0.005658115177718929,True,0.005255544043104057,True,True,True
ANGELMAN SYNDROME; AS,canthal_to_pupillary_ratio,Asian,European,571,143,17,98,moderate,0.5584819048083773,0.5536125813073259,0.579075473504241,0.5390244901708591,0.020593568695863707,-0.014588091136466863,0.6425135428028178,-0.617465488033699,-1.2599790308365169,1.2599790308365169,-0.03518165983233135,0.009223859929235311,-0.05326009309207473,-0.017103226572587966,True,0.00013662399489963302,False,True,0.020493599234944954,True,0.005283506052759246,True,True,True
Rubinstein-Taybi syndrome,nose_tip_to_bridge_ratio,Asian,European,571,143,23,55,primary,3.372666649163573,3.338986239455327,3.276288121000093,3.405498978513093,-0.0963785281634797,0.066512739057766,-0.5152494202234865,0.3844959834095357,0.8997454036330222,0.8997454036330222,0.16289126722123815,0.042877684475108736,0.07885254990955282,0.24692998453292347,True,0.00014529552944108574,False,True,0.0027941447969439567,True,0.005553767341570459,True,True,True
Rubinstein-Taybi syndrome,inter_canthal_distance,Asian,European,571,143,23,55,primary,0.25163929559387865,0.25195082398911633,0.2700931159479908,0.25400755285823584,0.018453820354112138,0.0020567288691195063,1.2481742484844562,0.12729491217723965,-1.1208793363072167,1.1208793363072167,-0.016397091484992632,0.004334482504956542,-0.024892521086326412,-0.007901661883658853,True,0.0001549861758118677,True,False,0.0029059907964725192,True,0.005847420505097143,True,True,True
FLOATING-HARBOR SYNDROME; FLHS,iris_offset_y_l,Asian,European,571,143,15,62,moderate,-0.054965128888237846,-0.04636870299518514,-0.04752184705928095,-0.06637632891024701,0.007443281828956899,-0.020007625915061875,0.2663805765380672,-0.6382000776882452,-0.9045806542263124,0.9045806542263124,-0.02745090774401892,0.007274991342812059,-0.04170962876377124,-0.013192186724266598,True,0.00016108613214326365,False,True,0.006040729955372387,True,0.00601988106814125,True,True,True
SOTOS SYNDROME; SOTOS,nose_tip_to_bridge_ratio,African,European,143,143,11,64,moderate,3.533859926909581,3.338986239455327,3.2923420902625398,3.2845104489867816,-0.2415178366470414,-0.05447579046854534,-1.3354730890603561,-0.30663339041299115,1.028839698647365,1.028839698647365,0.18704204617849873,0.04958638177130658,0.08985452378308438,0.28422956857391307,True,0.0001619152708155339,True,False,0.008095763540776695,True,0.006035245410669373,True,True,True
Cornelia de Lange syndrome,columella_length,African,European,143,143,22,177,primary,0.13156770166971504,0.13846756275927488,0.1956617085446909,0.1625422529203675,0.06409400687497585,0.02407469016109262,1.7380797721315724,0.5163383977746786,-1.2217413743568937,1.2217413743568937,-0.04001931671388221,0.010624701051486775,-0.06084334812130113,-0.019195285306463288,True,0.00016546600520465194,True,False,0.004136650130116298,True,0.0061292749826825175,True,True,True
ANGELMAN SYNDROME; AS,eb_position_l,Asian,European,571,143,17,98,moderate,0.354599415539764,0.3648818860374633,0.3530530901713389,0.3001803510000017,-0.0015463253684250833,-0.06470153503746162,-0.021185629757520915,-0.8538764127084993,-0.8326907829509784,0.8326907829509784,-0.06315520966903704,0.016796536331116045,-0.09607581594304301,-0.030234603395031055,True,0.0001699039328189414,True,False,0.021237991602367674,True,0.0062669483416822646,True,True,True
Noonan syndrome,inter_canthal_distance,Asian,European,571,143,36,68,primary,0.25163929559387865,0.25195082398911633,0.28082997558531747,0.26520440784388677,0.029190679991438817,0.013253583854770434,1.9290432096007082,0.834866545663888,-1.0941766639368202,1.0941766639368202,-0.015937096136668633,0.00424189906445694,-0.024251065529058383,-0.007623126744278881,True,0.0001719169421646369,True,False,0.009918285124882898,True,0.0063264777445988084,True,True,True
CROUZON SYNDROME,outer_canthal_distance,Asian,European,571,143,24,20,primary,0.6438965685059362,0.6418143240654428,0.733125824691197,0.6843024485333061,0.08922925618526079,0.04248812446786332,2.900539949659009,1.5392622722943854,-1.3612776773646236,1.3612776773646236,-0.046741131717397355,0.012445900059317345,-0.07113464758884427,-0.022347615845950436,True,0.00017296501255942902,True,False,0.005896534519071444,True,0.0063514600309285876,True,True,True
Mucopolysaccharidoses,eye_fissure_length_asym,Asian,European,571,143,22,34,primary,0.07252318569714847,0.07767538046723124,0.10449022869406409,0.04736478514631956,0.03196704299691562,-0.030310595320911682,0.5817998718079854,-0.5595637928762638,-1.141363664684249,1.141363664684249,-0.062277638317827656,0.01664010377409995,-0.09489164241407258,-0.029663634221582726,True,0.0001821092033299209,False,True,0.01301210468016796,True,0.006638001152305659,True,True,True
FLOATING-HARBOR SYNDROME; FLHS,gaze_asym_x,Asian,European,571,143,15,62,moderate,-0.014219716877748192,-0.040532432201276516,0.05811254606214329,-0.04527789645295619,0.07233226293989148,-0.004745464251679675,1.1670545275246473,-0.07973104309827699,-1.2467855706229243,1.2467855706229243,-0.07707772719157116,0.020602778627157543,-0.11745843128225153,-0.0366970231008908,True,0.00018319281580057793,False,True,0.006245209629565157,True,0.006662780589367088,True,True,True
SMITH-MAGENIS SYNDROME; SMS,forehead_width_upper,Asian,European,571,143,10,76,moderate,0.7310278839525115,0.7291996362530552,0.7634678219644073,0.7221311251260397,0.03243993801189582,-0.007068511127015453,1.2872980489245498,-0.2731881080808915,-1.5604861570054414,1.5604861570054414,-0.03950844913890916,0.010565996892943748,-0.06021742250984102,-0.018799475767977303,True,0.0001846017013211957,False,True,0.004326602374715525,True,0.006704170370799111,True,True,True
WILLIAMS-BEUREN SYNDROME; WBS,eb_thickness_r,African,European,143,143,34,77,primary,0.015940585540225302,0.014849565664404414,0.018284565863286664,0.014959491802998248,0.0023439803230613614,0.0001099261385938341,0.884776079363174,0.04175533404733134,-0.8430207453158427,0.8430207453158427,-0.002234054184467516,0.0005981861840393113,-0.0034064775612340148,-0.0010616308077010174,True,0.0001879287961904516,True,False,0.0027105114835161287,True,0.00679248087363777,True,True,True
SAETHRE-CHOTZEN SYNDROME; SCS,nose_ala_height_l,Asian,European,571,143,15,15,moderate,0.06453398184065272,0.06474729765497579,0.07159755786202213,0.06402014341907455,0.007063576021369408,-0.0007271542359012367,1.3121798371051097,-0.12382638463901369,-1.4360062217441234,1.4360062217441234,-0.007790730257270416,0.002087678590559276,-0.011882505106061939,-0.0036989554084788934,True,0.0001901412655357195,False,True,0.006634504803374593,True,0.006850067426505178,True,True,True
Mucopolysaccharidoses,eb_thickness_asym,Asian,European,571,143,22,34,primary,0.18753771253456064,0.1966825957555143,0.2621383827850924,0.12454542335689289,0.07460067025053174,-0.07213717239862141,0.5464360263364122,-0.5142224715644412,-1.0606584979008535,1.0606584979008535,-0.14673784264915393,0.039331071861991,-0.22382532697201302,-0.06965035832629485,True,0.00019084420197579676,False,True,0.01301210468016796,True,0.006870391271128684,True,True,True
Orofaciodigital syndrome,eye_fissure_slant_r,Asian,European,571,143,12,10,moderate,4.741706353683784,3.27965052778378,2.4405608684798183,5.395104273657633,-2.301145485203966,2.1154537458738534,-0.7964632723418934,0.6804254963243521,1.4768887686662455,1.4768887686662455,4.416599231077817,1.1882240552693475,2.087722877185765,6.745475584969869,True,0.00020162230290883768,False,True,0.02711237821035872,True,0.007159472018642371,True,True,True
Noonan syndrome,eb_position_r,Asian,European,571,143,36,68,primary,0.35098420387110935,0.3629357675333865,0.40183257239015774,0.3514923641912938,0.05084836851904839,-0.011443403342092706,0.6965798573923129,-0.13971885561787895,-0.8362987130101918,0.8362987130101918,-0.06229177186114154,0.016766039108209396,-0.09515260467662201,-0.029430939045661082,True,0.0002029193387481214,False,True,0.010870678861506503,True,0.00718491220889271,True,True,True
WILLIAMS-BEUREN SYNDROME; WBS,gaze_asym_x,Others,European,143,143,61,77,primary,-0.0361013737556466,-0.040532432201276516,0.004823082646137658,-0.05850911677747389,0.04092445640178426,-0.017976684576197374,0.6632547924285154,-0.27405051211222164,-0.937305304540737,0.937305304540737,-0.0589011409779817,0.015856627686727895,-0.08997956016022904,-0.027822721795734355,True,0.00020351970208871268,False,True,0.002879995784274236,True,0.0071958751809937695,True,True,True
COFFIN-LOWRY SYNDROME; CLS,midface_width,Asian,European,571,143,10,12,moderate,0.5813040029703546,0.5837279524026973,0.5919256676783029,0.6219942352832603,0.010621664707948342,0.038266282880562996,0.3964608752345236,1.5177168808537673,1.1212560056192438,1.1212560056192438,0.02764461817261421,0.007463007494331475,0.013017392267372007,0.04227184407785641,True,0.0002120425625389084,True,False,0.001807180930729333,True,0.007454199718153632,True,True,True
SAETHRE-CHOTZEN SYNDROME; SCS,forehead_width_mid,Asian,European,571,143,15,15,moderate,0.8691903359902237,0.8681415358193747,0.8681599632259988,0.9060667476883973,-0.0010303727642249072,0.037925211869022646,-0.04070399059974685,1.4706825218136843,1.5113865124134311,1.5113865124134311,0.03895558463325011,0.010535198384915793,0.018306975228830607,0.0596041940376696,True,0.0002175958257646033,False,True,0.006799869555143853,True,0.007612009452542659,True,True,True
OGDEN SYNDROME; OGDNS,inter_canthal_distance,Others,European,143,143,38,183,primary,0.24847946144718827,0.25195082398911633,0.2561864377517211,0.2461570266360078,0.007706976304532848,-0.005793797353108532,0.46513764080812775,-0.39597416557802806,-0.8611118063861558,0.8611118063861558,-0.013500773657642032,0.0036521929259505643,-0.020658940257097098,-0.006342607058186965,True,0.00021848800715767487,False,True,0.01024162533551601,True,0.007637822284113634,True,True,True
Cornelia de Lange syndrome,nose_bridge_length,African,European,143,143,22,177,primary,0.8719814663214921,0.8642367882857408,0.8100958947488196,0.8396765263078669,-0.06188557157267249,-0.024560261977873865,-1.720226365034066,-0.5408276274469076,1.1793987375871584,1.1793987375871584,0.037325309594804096,0.010112300884518411,0.01750556406031548,0.057145055129292716,True,0.00022330405429118243,True,False,0.005402517442528607,True,0.007767779822497211,True,True,True
SMITH-MAGENIS SYNDROME; SMS,forehead_width_mid,Asian,European,571,143,10,76,moderate,0.8691903359902237,0.8681415358193747,0.9027502683977697,0.8646218564204474,0.03355993240754607,-0.003519679398927278,1.3277626354930745,-0.13578809644336165,-1.463550731936436,1.463550731936436,-0.037079611806471346,0.010054463112710684,-0.05678599739127077,-0.01737322622167192,True,0.00022613391969223556,False,True,0.0049882482285051955,True,0.007844168903129405,True,True,True
FLOATING-HARBOR SYNDROME; FLHS,face_aspect_ratio,Asian,European,571,143,15,62,moderate,0.9170288151251426,0.9113445079503402,0.8728901659215822,0.9206999088607198,-0.044138649203560365,0.009355400910379674,-0.8659624508180613,0.17316171270332556,1.0391241635213868,1.0391241635213868,0.05349405011394304,0.014526825949765926,0.025021994442719957,0.08196610578516611,True,0.00023101941476152697,False,True,0.0072193567112977175,True,0.007974519547207522,True,True,True
COFFIN-LOWRY SYNDROME; CLS,gaze_asym_x,Asian,European,571,143,10,12,moderate,-0.014219716877748192,-0.040532432201276516,0.005727719237642131,-0.12470050175143965,0.01994743611539032,-0.08416806955016314,0.3223261127796661,-1.5193548706244553,-1.8416809834041215,1.8416809834041215,-0.10411550566555343,0.028300894813390553,-0.15958424023005532,-0.048646771101051534,True,0.0002342633811760288,False,True,0.0019097558248045827,True,0.00806961542673168,True,True,True
CROUZON SYNDROME,nostril_region_area,Asian,European,571,143,24,20,primary,0.0150379122629207,0.0152075162465076,0.01597143004247636,0.013199563801050071,0.0009335177795556614,-0.002007952445457529,0.3685588698056669,-0.8920564558188043,-1.2606153256244712,1.2606153256244712,-0.0029414702250131833,0.0008009841536895369,-0.004511370318431971,-0.0013715701315943954,True,0.00024035832819465424,False,True,0.007511197756082944,True,0.00822234778551167,True,True,True
SOTOS SYNDROME; SOTOS,inter_pupillary_distance,African,European,143,143,11,64,moderate,0.4748534279778442,0.4551515740192434,0.514596983197197,0.4683292900649931,0.039743555219352855,0.013177716045749688,1.8046117005366398,0.5969929505131812,-1.2076187500234585,1.2076187500234585,-0.02656583917360303,0.007234487873592552,-0.040745174852436186,-0.012386503494769868,True,0.00024055558282203414,True,False,0.010966766912715495,True,0.008223412534316774,True,True,True
Trichorhinophalangeal syndrome,forehead_taper_ratio,Asian,European,571,143,22,17,moderate,0.8409282943605457,0.8398251388331127,0.8435514698931843,0.8350351789688513,0.0026231755326385775,-0.0047899598642614505,0.4001904196022335,-0.7117210013590896,-1.111911420961323,1.111911420961323,-0.007413135396899362,0.0020205204867061056,-0.01137328278086867,-0.0034529880129300534,True,0.00024357380278550652,False,True,0.006089345069637663,True,0.008303652367687722,True,True,True
ANGELMAN SYNDROME; AS,eb_thickness_mean,Asian,European,571,143,17,98,moderate,0.015132880158890012,0.014982672375763902,0.015921753573905528,0.0141257607374565,0.0007888734150155157,-0.0008569116383074019,0.46956507642933293,-0.4839702447373859,-0.9535353211667188,0.9535353211667188,-0.001645785053322947,0.0004486027875324775,-0.002525030360250877,-0.0007665397463950172,True,0.00024379543028016083,False,True,0.02285582158876508,True,0.008305487817527846,True,True,True
Noonan syndrome,forehead_width_upper,African,European,143,143,22,68,primary,0.754050694943354,0.7291996362530552,0.8045222264820393,0.7484478593606839,0.05047153153868533,0.019248223107628748,1.8780853871566756,0.7173593517928575,-1.160726035363818,1.160726035363818,-0.031223308431057445,0.008511858054908002,-0.04790624366019429,-0.014540373201920604,True,0.0002442516596086635,True,False,0.011835204460697768,True,0.008309592543387522,True,True,True
SOTOS SYNDROME; SOTOS,eb_inter_distance,African,European,143,143,11,64,moderate,0.202216591542269,0.19511334066126107,0.22173239697117184,0.19374081859499187,0.019515805428902827,-0.0013725220662691995,1.5126322784953132,-0.1053867267144386,-1.6180190052097518,1.6180190052097518,-0.020888327495172,0.005701400898503904,-0.032062867917663954,-0.009713787072680044,True,0.00024858005002155123,False,True,0.010966766912715495,True,0.00842161684002889,True,True,True
Noonan syndrome,outer_canthal_distance,Asian,European,571,143,36,68,primary,0.6438965685059362,0.6418143240654428,0.7039537772747546,0.6708624616486565,0.06005720876881837,0.029048137583213673,1.9483283619711929,1.0406961584098406,-0.9076322035613522,0.9076322035613522,-0.031009071185605808,0.008473056458662517,-0.047615956683558835,-0.01440218568765278,True,0.00025248436182821906,True,False,0.011835204460697768,True,0.008519410981933772,True,True,True
Orofaciodigital syndrome,nose_length,Asian,European,571,143,12,10,moderate,0.3020336301205739,0.29774679247773533,0.2846504932732662,0.30728335643459415,-0.01738313684730769,0.009536563956858812,-0.9124232047538885,0.5076937427244177,1.4201169474783062,1.4201169474783062,0.026919700804166224,0.007381549220493545,0.012452130181889167,0.04138727142644328,True,0.00026543309810338753,False,True,0.02711237821035872,True,0.008871666682051103,True,True,True
Cornelia de Lange syndrome,face_aspect_ratio,Asian,Others,571,143,40,76,primary,0.9170288151251426,0.9098338922594323,0.9559697541123224,0.9021089936296897,0.038940938987179874,-0.0077248986297426825,0.757755600182113,-0.13215045706267117,-0.8899060572447841,0.8899060572447841,-0.04666583761692378,0.012812112426514137,-0.07177711653876956,-0.02155455869507799,True,0.0002701899120988389,False,True,0.006140679820428157,True,0.008976107818048674,True,True,True
SMITH-MAGENIS SYNDROME; SMS,mouth_upper_fit_residual,Asian,European,571,143,10,76,moderate,0.013306597548338994,0.012389038844869237,0.01775027917893818,0.010942125521303595,0.004443681630599187,-0.0014469133235656424,0.8328464770270437,-0.27864649534042374,-1.1114929723674676,1.1114929723674676,-0.005890594954164792,0.0016191854738145258,-0.009064140167131685,-0.0027170497411978987,True,0.0002747646106094046,False,True,0.005724262721029262,True,0.009103646737058586,True,True,True
Cornelia de Lange syndrome,eb_position_r,Asian,European,571,143,40,177,primary,0.35098420387110935,0.3629357675333865,0.41383320471031426,0.36069072554961673,0.06284900083920492,-0.002245041983769791,0.8414808780489811,-0.027626733037380304,-0.8691076110863614,0.8691076110863614,-0.06509404282297343,0.01792053893081095,-0.10021765371091082,-0.02997043193503604,True,0.0002808291621005607,False,True,0.006194760928688838,True,0.009255022319559091,True,True,True
FLOATING-HARBOR SYNDROME; FLHS,iris_offset_x_l,Asian,European,571,143,15,62,moderate,0.013437015322196206,0.023473104901017103,-0.0356876060687173,0.03250701691428787,-0.0491246213909135,0.009033912013270765,-0.7093755419755752,0.15014205417658744,0.8595175961521626,0.8595175961521626,0.058158533404184254,0.0160249373248546,0.026750233392957595,0.08956683341541091,True,0.00028424382618678966,False,True,0.0079959662848009,True,0.009342675561916394,True,True,True
COFFIN-LOWRY SYNDROME; CLS,nose_tip_to_bridge_ratio,Asian,European,571,143,10,12,moderate,3.372666649163573,3.338986239455327,3.3877226558309568,3.586035507384939,0.015056006667383937,0.2470492679296119,0.08032364875140452,1.421693738867212,1.3413700901158074,1.3413700901158074,0.2319932612622253,0.06394331038724432,0.10666667585096049,0.35731984667349015,True,0.0002855053963945163,True,False,0.0022305109093321584,True,0.009377914480111849,True,True,True
Noonan syndrome,forehead_width_mid,African,European,143,143,22,68,primary,0.8915401790904378,0.8681415358193747,0.9410102292917428,0.8873374145719355,0.049470050201305016,0.01919587875256079,1.899117018307631,0.7182314960892319,-1.1808855222183992,1.1808855222183992,-0.03027417144874517,0.008355206451357802,-0.04665007517680317,-0.013898267720687165,True,0.0002907668998709206,True,False,0.012827951464893555,True,0.0095191544600599,True,True,True
FLOATING-HARBOR SYNDROME; FLHS,vermilion_total,Asian,European,571,143,15,62,moderate,0.3000530616447628,0.2829172820516881,0.3344877716868486,0.2221921087120544,0.034434710042085814,-0.0607251733396337,0.42907867738408434,-0.8008948096626325,-1.229973487046717,1.229973487046717,-0.0951598833817183,0.026312087387435908,-0.14673062701916328,-0.043589139744273316,True,0.00029851607463256697,False,True,0.0079959662848009,True,0.009715020180349813,True,True,True
SAETHRE-CHOTZEN SYNDROME; SCS,gaze_asym_x,Asian,European,571,143,15,15,moderate,-0.014219716877748192,-0.040532432201276516,-0.10184083622287494,-0.031117964062356025,-0.08762111934512676,0.009414468138920492,-1.421879367541157,0.16147078418555083,1.583350151726708,1.583350151726708,0.09703558748404717,0.026858635613558394,0.04439362900758786,0.14967754596050648,True,0.0003028775030712768,False,True,0.008736851050132985,True,0.009831105837395542,True,True,True
Rubinstein-Taybi syndrome,nose_tip_to_bridge_ratio,African,European,143,143,13,55,moderate,3.533859926909581,3.338986239455327,3.3937432883736665,3.405498978513093,-0.14011663853591472,0.066512739057766,-0.7656107977585874,0.3844959834095357,1.1501067811681231,1.1501067811681231,0.20662937759367306,0.05727838271592607,0.09436581037775643,0.3188929448095897,True,0.0003092112041849049,False,True,0.005521628646159017,True,0.009977806132433372,True,True,True
Orofaciodigital syndrome,cupid_bow_drop,Asian,European,571,143,12,10,moderate,0.022532264810993907,0.0222348140085614,0.022135328592674964,0.029220992090091852,-0.0003969362183189433,0.006986178081530452,-0.07529023923291693,1.386551677452209,1.461841916685126,1.461841916685126,0.007383114299849378,0.0020558839784992457,0.003353655745597937,0.011412572854100817,True,0.0003291443205163757,False,True,0.02711237821035872,True,0.01051949849075706,True,True,True
FLOATING-HARBOR SYNDROME; FLHS,nose_ala_height_r,Asian,European,571,143,15,62,moderate,0.06450447244428027,0.06472051316211079,0.06776743152948807,0.06253038829509655,0.003262959085207795,-0.00219012486701424,0.635799519470271,-0.38725503099314007,-1.023054550463411,1.023054550463411,-0.005453083952221799,0.0015195871387385233,-0.008431420015519575,-0.0024747478889240227,True,0.0003325478015438698,False,True,0.008313695038596745,True,0.010599559675738284,True,True,True
SOTOS SYNDROME; SOTOS,cheek_area_r,African,European,143,143,11,64,moderate,0.00722499581426286,0.007335790757248694,0.003373003758701082,0.007818802725793779,-0.003851992055561778,0.0004830119685450846,-0.814771468633777,0.09098354230408912,0.9057550109378661,0.9057550109378661,0.0043350040241068605,0.0012106165543403608,0.0019622391785117763,0.006707768869701945,True,0.0003425131768228707,False,True,0.01284424413085765,True,0.010868206572264167,True,True,True
CROUZON SYNDROME,upper_lip_eversion,Asian,European,571,143,24,20,primary,0.08096156073397721,0.0770298547495753,0.0955934427313014,0.06508898220341948,0.014631881997324181,-0.01194087254615582,0.6493111335634463,-0.4815614954169994,-1.1308726289804456,1.1308726289804456,-0.026572754543479987,0.007426461404222342,-0.04112835142833253,-0.012017157658627441,True,0.000346077333114152,False,True,0.00931135369943231,True,0.010956478059625336,True,True,True
CROUZON SYNDROME,face_roundness,Asian,European,571,143,24,20,primary,0.9628456833479647,0.9620144433505807,0.9571704465775231,0.9692681651474722,-0.005675236770441572,0.0072537217968914325,-0.528103429199831,0.5836891060108598,1.1117925352106908,1.1117925352106908,0.012928958567333781,0.003614518250028361,0.005844632975815452,0.02001328415885211,True,0.00034762387144547294,False,True,0.00931135369943231,True,0.010967101106788344,True,True,True
Cornelia de Lange syndrome,gaze_asym_x,African,European,143,143,22,177,primary,-0.054651017213793576,-0.040532432201276516,-0.005114807722425418,-0.05800668872422009,0.04953620949136816,-0.01747425652294357,0.8595543649958152,-0.27418207657901417,-1.1337364415748294,1.1337364415748294,-0.06701046601431193,0.018752425053357783,-0.10376454374167979,-0.030256388286944075,True,0.00035233634233632527,False,True,0.007550064478635541,True,0.01108046311667605,True,True,True
OGDEN SYNDROME; OGDNS,eb_inter_distance,Asian,European,571,143,13,183,moderate,0.19393098064644232,0.19511334066126107,0.20283714126603428,0.1879959684823549,0.008906160619591957,-0.007117372178906178,0.763585724931173,-0.5670552448767259,-1.330640969807899,1.330640969807899,-0.01602353279849797,0.0044872557592752875,-0.02481839247609747,-0.0072286731208984715,True,0.00035575937155171456,False,True,0.014823307147988107,True,0.011173914271452963,True,True,True
Orofaciodigital syndrome,eye_fissure_slant_mean,Asian,European,571,143,12,10,moderate,4.860997919682044,3.4251770419022325,2.6755349758028752,5.6203845755940005,-2.1854629438791684,2.195207533691768,-0.7893896698244834,0.7640865480712561,1.5534762178957395,1.5534762178957395,4.380670477570933,1.228212252044794,1.9734186981923059,6.78792225694956,True,0.0003614983761381163,False,True,0.02711237821035872,True,0.011318260353470434,True,True,True
WILLIAMS-BEUREN SYNDROME; WBS,malar_bulge_mean,African,European,143,143,34,77,primary,0.03637469078005228,0.0431630478595418,0.02701403441926592,0.04071133272631008,-0.009360656360786361,-0.0024517151332317244,-1.2670586378549649,-0.3484408227623808,0.9186178150925841,0.9186178150925841,0.006908941227554664,0.0019390671395158427,0.0031084394704985084,0.01070944298461082,True,0.00036660824878537835,True,False,0.004368371906219453,True,0.011433889234864061,True,True,True
WILLIAMS-BEUREN SYNDROME; WBS,canthal_to_pupillary_ratio,Asian,Others,571,143,82,61,primary,0.5584819048083773,0.5491916153009552,0.550077646138105,0.5657120735686209,-0.008404258670272391,0.016520458267665683,-0.24992341230618476,0.5887249035909518,0.8386483158971365,0.8386483158971365,0.02492471693793613,0.006996495629057356,0.011211837486991803,0.03863759638888046,True,0.00036739967842514643,False,True,0.004368371906219453,True,0.011433889234864061,True,True,True
"MANNOSIDOSIS, ALPHA B, LYSOSOMAL; MANSA",eye_fissure_length_r,Asian,European,571,143,10,14,moderate,0.19659443077274896,0.19454680151890785,0.2187206671621981,0.1973259494036408,0.022126236389449133,0.0027791478847329354,1.401333778132722,0.18666544757622033,-1.2146683305565016,1.2146683305565016,-0.01934708850471606,0.00543563337107729,-0.03000073414519159,-0.008693442864240527,True,0.00037183451579364264,True,False,0.034859485855654,True,0.011525240157661433,True,True,True
SAETHRE-CHOTZEN SYNDROME; SCS,nose_ala_height_mean,Asian,European,571,143,15,15,moderate,0.0645192271424665,0.06473390540854329,0.07135356929331656,0.06407969906949283,0.006834342150850062,-0.0006542063390504588,1.3079242376977036,-0.11207494411211001,-1.4199991818098137,1.4199991818098137,-0.007488548489900333,0.002108457625244771,-0.011621049498308934,-0.003356047481491732,True,0.00038279269365800426,False,True,0.010253375722982256,True,0.011813116169620455,True,True,True
Cornelia de Lange syndrome,eye_fissure_slant_r,African,European,143,143,22,177,primary,4.519360432075955,3.27965052778378,0.6960540399640256,2.71200298778438,-3.8233063921119297,-0.5676475399993999,-1.2761861422446978,-0.18117078589476143,1.0950153563499363,1.0950153563499363,3.255658852112548,0.9182303126390045,1.4559605098271453,5.055357194397951,True,0.00039175034530734826,True,False,0.007940885377851654,True,0.011999471195966642,True,True,True
Rubinstein-Taybi syndrome,eye_epicanthus_angle_l,Asian,European,571,143,23,55,primary,60.30783900500874,55.07959163159675,46.60206036411531,57.04844429656566,-13.705778640893428,1.9688526649689138,-0.9406338612843317,0.13160837487665905,1.0722422361609907,1.0722422361609907,15.6746313058622,4.459457179702441,6.934255843046852,24.415006768677546,True,0.0004398879373674092,False,True,0.00767246402385016,True,0.013156769123677798,True,True,True
CROUZON SYNDROME,cheek_area_mean,Asian,European,571,143,24,20,primary,0.007554212541640061,0.007763406855828677,0.005022926929427692,0.007173536284672025,-0.0025312856122123688,-0.0005898705711566516,-1.2041012834165044,-0.311536703728231,0.8925645796882733,0.8925645796882733,0.0019414150410557197,0.0005530226916903116,0.0008575104827093108,0.003025319599402129,True,0.0004471769573805961,True,False,0.01034516579208604,True,0.013326465617302533,True,True,True
CROUZON SYNDROME,canthal_to_pupillary_ratio,Asian,European,571,143,24,20,primary,0.5584819048083773,0.5536125813073259,0.5407375136676249,0.5060675281168034,-0.017744391140752436,-0.04754505319052249,-0.556899561272193,-2.0132087831646066,-1.4563092218924136,1.4563092218924136,-0.029800662049770166,0.008492519950382275,-0.04644569529050731,-0.01315562880903302,True,0.00044971335635552584,True,False,0.01034516579208604,True,0.01338593574239238,True,True,True
SMITH-MAGENIS SYNDROME; SMS,mouth_upper_curvature_c2,Asian,European,571,143,10,76,moderate,1.7826352975631405,1.5532309076185897,2.8916330595494832,1.4507484477940726,1.1089977619863427,-0.10248245982451709,0.9582278941575527,-0.08435704960823044,-1.0425849437657833,1.0425849437657833,-1.2114802218108545,0.34562021092440304,-1.8888833875518214,-0.5340770560698875,True,0.00045620360665168984,False,True,0.009004018552335983,True,0.013522202712130926,True,True,True
CROUZON SYNDROME,nose_tip_width,Asian,European,571,143,24,20,primary,0.2662407729131519,0.2622765938833323,0.2791714830461674,0.2506030787118866,0.0129307101330155,-0.011673515171445714,0.6299008838828238,-0.6296058112963743,-1.2595066951791982,1.2595066951791982,-0.02460422530446124,0.007034049292100297,-0.038390708582457286,-0.010817742026465196,True,0.0004689808492412339,False,True,0.01034516579208604,True,0.013818835875057766,True,True,True
Hyperphosphatasia with mental retardation syndrome,canthal_to_pupillary_ratio,African,European,143,143,27,27,primary,0.5404602553469873,0.5536125813073259,0.572088280215116,0.5548744636984224,0.03162802486812877,0.0012618823910964805,1.0740145553497176,0.05275811088018839,-1.0212564444695291,1.0212564444695291,-0.03036614247703269,0.008682453095988819,-0.047383437842629064,-0.013348847111436316,True,0.00046979023566246625,True,False,0.025167334053346403,True,0.013833799324980417,True,True,True
SAETHRE-CHOTZEN SYNDROME; SCS,nose_tip_to_bridge_ratio,Asian,European,571,143,15,15,moderate,3.372666649163573,3.338986239455327,3.427636658676527,3.187430411597654,0.05497000951295394,-0.15155582785767274,0.29329385085186066,-0.8746293442338905,-1.1679231950857512,1.1679231950857512,-0.2065258373706178,0.05907916002825034,-0.32231886326286685,-0.09073281147836879,True,0.000472735469833644,False,True,0.011818386745841099,True,0.013895727884064952,True,True,True
Mucopolysaccharidoses,face_asymmetry,Asian,European,571,143,22,34,primary,0.035601335644941584,0.03776587519285049,0.044130866310633725,0.02486505676480702,0.00852953066569214,-0.01290081842804347,0.38995393668656747,-0.5920704601597406,-0.982024396846308,0.982024396846308,-0.02143034909373579,0.006131202212290163,-0.03344728461175681,-0.009413413575714768,True,0.00047354134189095165,False,True,0.02536828617272955,True,0.013911155147538344,True,True,True
CHARGE SYNDROME,eb_position_l,Asian,European,571,143,24,20,primary,0.354599415539764,0.3648818860374633,0.38628636499682084,0.33161397728043207,0.03168694945705686,-0.03326790875703123,0.4366967276449198,-0.4005601548456427,-0.8372568824905625,0.8372568824905625,-0.0649548582140882,0.01859322121816943,-0.10139690215828623,-0.028512814269890163,True,0.00047678677383152255,False,True,0.011535163883020706,True,0.013970018432829788,True,True,True
Rubinstein-Taybi syndrome,eye_fissure_height_r,Asian,Others,571,143,23,11,moderate,0.06678802781386818,0.0670475707794244,0.04749959365151243,0.06701442271323955,-0.019288434162355754,-3.3148066184846003e-05,-0.9202709080675044,-0.0017546892504602296,0.9185162188170443,0.9185162188170443,0.019255286096170943,0.005517365380422687,0.008441448660994342,0.030069123531347546,True,0.0004831250862136904,True,False,0.00823508669682427,True,0.014117291480270175,True,True,True
ANGELMAN SYNDROME; AS,face_triangularity,Asian,European,571,143,17,98,moderate,0.5546151636506707,0.5463955635522286,0.5837281903591841,0.542667512217446,0.029113026708513456,-0.0037280513347826005,0.8267659496938076,-0.10462990528625714,-0.9313958549800647,0.9313958549800647,-0.03284107804329661,0.00941626603428423,-0.0512966203393415,-0.01438553574725172,True,0.0004872007812233057,False,True,0.033218235083407203,True,0.01421121901623667,True,True,True
SMITH-MAGENIS SYNDROME; SMS,forehead_taper_ratio,Asian,European,571,143,10,76,moderate,0.8409282943605457,0.8398251388331127,0.8455370322857142,0.8350803732216997,0.004608737925168471,-0.0047447656114130154,0.6993046390810708,-0.7045780025823102,-1.403882641663381,1.403882641663381,-0.009353503536579821,0.0026839441268553445,-0.014613937361734098,-0.004093069711425544,True,0.000492165649415063,False,True,0.009228105926532431,True,0.014327824885258243,True,True,True
CRANIOFRONTONASAL SYNDROME; CFNS,eye_fissure_slant_mean,Asian,European,571,143,13,21,moderate,4.860997919682044,3.4251770419022325,1.7178003347219477,3.372643528937981,-3.143197584960096,-0.05253351296425146,-1.1404932551592186,-0.018197839204790765,1.1222954159544278,1.1222954159544278,3.0906640719958407,0.8886181192750245,1.3490045622070745,4.832323581784607,True,0.000505063356754636,True,False,0.027056965540426924,True,0.014628809923554404,True,True,True
WILLIAMS-BEUREN SYNDROME; WBS,outer_canthal_distance,African,European,143,143,34,77,primary,0.6688454411923601,0.6418143240654428,0.6938554958369035,0.6420661255728686,0.025010054644543422,0.000251801507425764,0.9202050982675608,0.008771988672968327,-0.9114331095945924,0.9114331095945924,-0.024758253137116826,0.007124586846307115,-0.038722186760606576,-0.010794319513627075,True,0.0005107694677857187,True,False,0.005804198497564986,True,0.014776790564227397,True,True,True
CROUZON SYNDROME,forehead_width_mid,Asian,European,571,143,24,20,primary,0.8691903359902237,0.8681415358193747,0.930306261964772,0.8908699370781585,0.06111592597454829,0.022728401258783837,2.359093825360601,0.8593466131236189,-1.499747212236982,1.499747212236982,-0.038387524715764454,0.011056951101556387,-0.060058750653635445,-0.01671629877789346,True,0.0005169810065144953,True,False,0.010770437635718652,True,0.014904228201786556,True,True,True
Hutchinson-Gilford progeria,eye_fissure_slant_l,Asian,European,571,143,20,31,primary,4.980289485680303,3.5707035560206872,4.195270273507174,5.886105993646388,-0.785019212173129,2.3154024376257007,-0.26863045375407385,0.8094254986362579,1.0780559523903317,1.0780559523903317,3.100421649798824,0.894497724791987,1.3472383249535085,4.853604974644139,True,0.000528060058722656,False,True,0.014481773049061038,True,0.015170616893076883,True,True,True
Hutchinson-Gilford progeria,nose_tip_midline_dent,Asian,European,571,143,20,31,primary,0.040765199047477524,0.04047432533258831,0.04205087348403768,0.0376232214500396,0.0012856744365601566,-0.0028511038825487084,0.4001440937742951,-0.8812439161518716,-1.2813880099261667,1.2813880099261667,-0.004136778319108893,0.001195750195729165,-0.006480405637244777,-0.0017931510009730088,True,0.000541043980388983,False,True,0.014481773049061038,True,0.015420167389871774,True,True,True
COFFIN-LOWRY SYNDROME; CLS,canthal_to_pupillary_ratio,Asian,European,571,143,10,12,moderate,0.5584819048083773,0.5536125813073259,0.6037129980621413,0.5616340150417064,0.045231093253763954,0.008021433734380468,1.4186187345220362,0.3425634069753264,-1.07605532754671,1.07605532754671,-0.03720965951938415,0.010776139346148352,-0.05833050453021993,-0.016088814508548377,True,0.0005544556887147523,True,False,0.003923035533359096,True,0.01569824650790841,True,True,True
SOTOS SYNDROME; SOTOS,face_asymmetry,Asian,African,571,143,20,11,moderate,0.035601335644941584,0.04175975792563998,0.037438162741695306,0.022036260401873623,0.0018368270967537223,-0.01972349752376636,0.08411408750935766,-0.8472153617072787,-0.9313294492166364,0.9313294492166364,-0.02156032462052008,0.006256943826018037,-0.03382370917280568,-0.009296940068234475,True,0.0005693218915413802,False,True,0.0194087008480016,True,0.016030394557052515,True,True,True
Cornelia de Lange syndrome,eb_position_mean,Asian,European,571,143,40,177,primary,0.35279180970543667,0.3639088267854248,0.411087043853075,0.36203979214777954,0.05829523414763832,-0.0018690346376452616,0.7893285948142374,-0.023377716881746856,-0.8127063116959843,0.8127063116959843,-0.06016426878528236,0.01748613133708988,-0.09443645643491574,-0.025892081135648976,True,0.0005802437419036073,False,True,0.011158533498146293,True,0.016236328560898,True,True,True
Rubinstein-Taybi syndrome,eye_area_r,Asian,Others,571,143,23,11,moderate,0.008917269440804235,0.008909327106129964,0.006032796994226881,0.008889865895889564,-0.002884472446577354,-1.9461210240399873e-05,-0.9080035299341,-0.0068520717352759525,0.9011514581988241,0.9011514581988241,0.0028650112363369593,0.0008334092549322511,0.0012315591122873868,0.004498463360386532,True,0.0005866766621401619,True,False,0.009777944369002698,True,0.01637929767396391,True,True,True
Noonan syndrome,eb_inter_distance,African,European,143,143,22,68,primary,0.202216591542269,0.19511334066126107,0.22393955632207233,0.2034663251217662,0.021722964779803317,0.008352984460505142,1.6859493389981186,0.6457029938350656,-1.040246345163053,1.040246345163053,-0.013369980319298605,0.003893333258483071,-0.021000773285737396,-0.005739187352859813,True,0.0005945898498585198,True,False,0.023470651968099467,True,0.016562857382102832,True,True,True
Rubinstein-Taybi syndrome,nose_bridge_width,African,European,143,143,13,55,moderate,0.08212955030080693,0.0785328176283594,0.08615726348152632,0.07841861883454497,0.004027713180719386,-0.00011419879381442677,1.166366691373245,-0.035426368076697475,-1.2017930594499424,1.2017930594499424,-0.004141911974533997,0.001209426910055529,-0.006512345160176397,-0.0017714787888915965,True,0.000615501800964291,False,True,0.010035355450504744,True,0.017014802216207943,True,True,True
Cornelia de Lange syndrome,canthal_to_pupillary_ratio,Asian,African,571,143,40,22,primary,0.5584819048083773,0.5404602553469873,0.5577771408466156,0.5695477177103944,-0.0007047639617617785,0.02908746236340709,-0.021962454596630064,1.0070185201990314,1.0289809747956615,1.0289809747956615,0.02979222632516798,0.00871286677564771,0.012715321242802842,0.04686913140753312,True,0.0006277396679018518,False,True,0.01177011877315972,True,0.017310926775009283,True,True,True
Noonan syndrome,nose_ala_height_r,African,European,143,143,22,68,primary,0.0658163150025177,0.06472051316211079,0.07471349404945991,0.06829371012609037,0.008897179046942219,0.0035731969639795774,1.6182074136839462,0.5971258870653372,-1.0210815266186088,1.0210815266186088,-0.00532398208296269,0.001558835386215108,-0.008379243297770888,-0.002268720868154493,True,0.000636980556328777,True,False,0.023886770862329137,True,0.017516965299041367,True,True,True
Coffin-Siris syndrome,forehead_height,Asian,European,571,143,19,119,moderate,0.18492166292887166,0.18136009170593598,0.17640951795608237,0.19349956520434097,-0.008512144972789293,0.012139473498404996,-0.4173318781993315,0.5793233633224333,0.9966552415217648,0.9966552415217648,0.02065161847119379,0.006057520487055985,0.008779096480950531,0.03252414046143705,True,0.0006514109300839742,False,True,0.015267443673843145,True,0.017775546328090804,True,True,True
Coffin-Siris syndrome,hairline_height,Asian,European,571,143,19,119,moderate,0.18492166292887166,0.18136009170593598,0.17640951795608237,0.19349956520434097,-0.008512144972789293,0.012139473498404996,-0.4173318781993315,0.5793233633224333,0.9966552415217648,0.9966552415217648,0.02065161847119379,0.006057520487055985,0.008779096480950531,0.03252414046143705,True,0.0006514109300839742,False,True,0.015267443673843145,True,0.017775546328090804,True,True,True
SAETHRE-CHOTZEN SYNDROME; SCS,iris_offset_x_l,Asian,European,571,143,15,15,moderate,0.013437015322196206,0.023473104901017103,0.07059907621279758,0.011436804120332744,0.05716206089060138,-0.012036300780684359,0.8278390198775146,-0.19073191092042097,-1.0185709307979356,1.0185709307979356,-0.06919836167128568,0.02030043405460248,-0.10898648128883696,-0.029410242053734395,True,0.00065270011650486,False,True,0.015297658980582657,True,0.017791110003849434,True,True,True
MYHRE SYNDROME; MYHRS,mouth_width,Asian,European,571,143,12,18,moderate,0.3625543824697565,0.368555993262978,0.3082302004748717,0.3647001686961311,-0.05432418199488481,-0.0038558245668469104,-0.9155011644924622,-0.06827513580227686,0.8472260286901854,0.8472260286901854,0.050468357428037736,0.01481519636005027,0.0214311061384503,0.07950560871762517,True,0.0006579518849552699,True,False,0.010280498202426092,True,0.017887240188493452,True,True,True
Treacher Collins syndrome,eb_inter_distance,Asian,European,571,143,18,35,moderate,0.19393098064644232,0.19511334066126107,0.20804989917619768,0.19257449258170614,0.014118918529755359,-0.0025388480795549284,1.199182589906022,-0.19611824648234386,-1.3953008363883659,1.3953008363883659,-0.016657766609310648,0.004896134972593167,-0.02625401481904026,-0.007061518399581036,True,0.0006683889543855273,False,True,0.007595329027108266,True,0.01810906034049458,True,True,True
ANGELMAN SYNDROME; AS,eb_lateral_thickness_mean,Asian,European,571,143,17,98,moderate,0.0009358409948795388,0.0009308936047880925,0.0009768249952467822,0.0008884843985037602,4.098400036724333e-05,-4.240920628433226e-05,0.47073663065964766,-0.5121365198967746,-0.9828731505564222,0.9828731505564222,-8.339320665157689e-05,2.455193949592594e-05,-0.0001315141238141982,-3.5272289488955564e-05,True,0.0006822771905364842,False,True,0.04264232440853026,True,0.018404752551256655,True,True,True
SOTOS SYNDROME; SOTOS,eb_lateral_thickness_asym,Asian,African,571,143,20,11,moderate,0.3969148568795186,0.48006811069082983,0.41670501456419834,0.19391441867537215,0.019790157684679732,-0.2861536920154577,0.06704900470057008,-0.8962638261292605,-0.9633128308298305,0.9633128308298305,-0.30594384970013755,0.09023089108301556,-0.48279314651580435,-0.12909455288447075,True,0.000697200974315962,False,True,0.02192141800432143,True,0.018693085290044157,True,True,True
Rubinstein-Taybi syndrome,eb_inter_distance,African,European,143,143,13,55,moderate,0.202216591542269,0.19511334066126107,0.21489979235422263,0.19332302672938526,0.012683200811953621,-0.0017903139318758143,1.0087271404360068,-0.13742259071837015,-1.146149731154377,1.146149731154377,-0.014473514743829886,0.004272738104496983,-0.022847927544015913,-0.006099101943643862,True,0.0007055592434689927,False,True,0.011258924097909458,True,0.01884577039998171,True,True,True
Mucopolysaccharidoses,eb_lateral_thickness_asym,Asian,European,571,143,22,34,primary,0.3969148568795186,0.40938619488493505,0.5472288331169304,0.2672804562569952,0.15031397623741177,-0.14210573862793985,0.5078188663479903,-0.5042480005685864,-1.0120668669165767,1.0120668669165767,-0.29241971486535345,0.08635129092362734,-0.4616651350942035,-0.12317429463650342,True,0.0007081696727096858,False,True,0.02862611328573945,True,0.01888706831849647,True,True,True
Mucopolysaccharidoses,malar_bulge_asym,Asian,European,571,143,22,34,primary,1.564145750245783,1.5775546110981882,2.4298243935822295,1.057022017893938,0.8656786433364465,-0.5205325932042502,0.6615184642844628,-0.4214037662253799,-1.0829222305098427,1.0829222305098427,-1.3862112365407033,0.4101371498419993,-2.1900652789529294,-0.5823571941284772,True,0.0007251948699053994,False,True,0.02862611328573945,True,0.019227180535788577,True,True,True
Rubinstein-Taybi syndrome,outer_canthal_distance,African,European,143,143,13,55,moderate,0.6688454411923601,0.6418143240654428,0.7025883175612258,0.6444703303250013,0.03374287636886564,0.00265600625955853,1.2786512122538738,0.09385230477892151,-1.1847989074749523,1.1847989074749523,-0.031086870109308995,0.009203082250870576,-0.04912457986777514,-0.013049160350842852,True,0.0007304802803466613,True,False,0.011413754380416582,True,0.019335107191578507,True,True,True
COFFIN-LOWRY SYNDROME; CLS,philtrum_length,Asian,European,571,143,10,12,moderate,0.2817296740851224,0.30096771568807695,0.36252505092428755,0.29789803102246365,0.08079537683916516,-0.0030696846656133037,1.6589480662495688,-0.05967229107237171,-1.7186203573219405,1.7186203573219405,-0.08386506150477868,0.024834330403419355,-0.1325394546756487,-0.03519066833390867,True,0.0007328611668073261,False,True,0.004907552456299058,True,0.019368194210871673,True,True,True
Mucopolysaccharidoses,gaze_asym_norm,Asian,European,571,143,22,34,primary,0.053564737334142576,0.0591256777455021,0.05126017634274824,0.10185881113587199,-0.002304560991394339,0.04273313339036989,-0.06490738146214643,1.067269985355384,1.1321773668175303,1.1321773668175303,0.045037694381764,0.013450531611644537,0.018675136850023217,0.07140025191350478,True,0.0008128103927094017,False,True,0.030441925956654823,True,0.020889986728512663,True,True,True
Noonan syndrome,nose_ala_height_r,Asian,African,571,143,36,22,primary,0.06450447244428027,0.0658163150025177,0.0677051196702815,0.07471349404945991,0.0032006472260012325,0.008897179046942219,0.6113695899978902,1.6182074136839462,1.006837823686056,1.006837823686056,0.005696531820941339,0.001701958635655779,0.002360754191879084,0.009032309450003594,True,0.0008167800577726634,True,False,0.026856787280548113,True,0.020981117207964108,True,True,True
SAETHRE-CHOTZEN SYNDROME; SCS,nose_ala_height_r,Asian,European,571,143,15,15,moderate,0.06450447244428027,0.06472051316211079,0.07110958072461103,0.06413925471991112,0.006605108280330757,-0.0005812584421996669,1.2834136285273197,-0.09912970656739202,-1.3825433350947116,1.3825433350947116,-0.007186366722530216,0.0021502986611886274,-0.011400874654464621,-0.00297185879059581,True,0.0008316750172020843,False,True,0.01834577243828127,True,0.021264418053462384,True,True,True
Coffin-Siris syndrome,iris_offset_y_r,Asian,European,571,143,19,119,moderate,-0.057182589841717674,-0.04807802626059159,-0.05601926504099691,-0.0722570127370972,0.0011633248007207608,-0.024178986476505605,0.043975492304330906,-0.817984015674744,-0.861959507979075,0.861959507979075,-0.02534231127722631,0.007593313869457488,-0.04022493298467146,-0.010459689569781157,True,0.0008455069652759487,False,True,0.018118006398770328,True,0.02149593979515124,True,True,True
Cornelia de Lange syndrome,eye_fissure_slant_mean,Asian,European,571,143,40,177,primary,4.860997919682044,3.4251770419022325,2.0192300717379155,2.8533926005305594,-2.841767847944128,-0.5717844413716731,-1.002257809449838,-0.1926525285157894,0.8096052809340486,0.8096052809340486,2.2699834065724724,0.6808361005365864,0.9355691701460718,3.6043976429988733,True,0.0008557237743163582,True,False,0.014925414668308573,True,0.021744520959270906,True,True,True
FLOATING-HARBOR SYNDROME; FLHS,mouth_tenting,Asian,European,571,143,15,62,moderate,0.5828318693269822,0.5232961308319196,0.5759770916446737,0.1880235065487203,-0.006854777682308466,-0.3352726242831993,-0.022163617349684486,-1.1061666947533841,-1.0840030774036997,1.0840030774036997,-0.3284178466008892,0.09852744159594193,-0.521528083617809,-0.13530760958396937,True,0.0008583385457836734,True,False,0.014478530960160222,True,0.021788593854508636,True,True,True
Noonan syndrome,outer_canthal_distance,Others,European,143,143,14,68,moderate,0.6414415173286283,0.6418143240654428,0.6993088701564172,0.6708624616486565,0.057867352827788876,0.029048137583213673,2.043093501294817,1.0406961584098406,-1.0023973428849764,1.0023973428849764,-0.02881921524457559,0.008651031436491204,-0.04577492528922216,-0.011863505199929021,True,0.0008644016154143277,True,False,0.026856787280548113,True,0.021920020472853085,True,True,True
Noonan syndrome,nose_ala_height_mean,Asian,African,571,143,36,22,primary,0.0645192271424665,0.06584558657601433,0.0676420280535755,0.07467830536248914,0.0031228009111090027,0.008832718786474805,0.5869212631280232,1.5833590046034163,0.9964377414753931,0.9964377414753931,0.0057099178753661235,0.001715233853711127,0.0023481212970284707,0.009071714453703776,True,0.0008717585232255576,True,False,0.026856787280548113,True,0.022016350459012807,True,True,True
Mucopolysaccharidoses,mouth_tenting,Asian,European,571,143,22,34,primary,0.5828318693269822,0.5232961308319196,0.9407100382214957,0.622083206729673,0.3578781688945135,0.09878707589775337,1.1682335282040341,0.30602901947185623,-0.8622045087321779,0.8622045087321779,-0.25909109299676336,0.07798675570455557,-0.4119423254488159,-0.10623986054471082,True,0.0008929631613952082,True,False,0.030441925956654823,True,0.022357954723855742,True,True,True
Noonan syndrome,face_aspect_ratio,African,European,143,143,22,68,primary,0.8916399937573195,0.9113445079503402,0.8366024547263176,0.8952854506285037,-0.05503753903100195,-0.016059057321836434,-1.1739528353170314,-0.28692068450349256,0.8870321508135388,0.8870321508135388,0.03897848170916485,0.011735068394758852,0.015978170299323233,0.06197879311900646,True,0.0008952262426849371,True,False,0.026856787280548113,True,0.022403285648586645,True,True,True
Cornelia de Lange syndrome,inter_canthal_distance,African,European,143,143,22,177,primary,0.2566756033080781,0.25195082398911633,0.2771337622644818,0.2529473384140801,0.020458158956403683,0.0009965144249637903,1.0512655597618585,0.06087401784985394,-0.9903915419120046,0.9903915419120046,-0.019461644531438102,0.005861090433981873,-0.03094917069217481,-0.007974118370701395,True,0.0008986219515147045,True,False,0.015317419628091555,True,0.02245420827863598,True,True,True
SOTOS SYNDROME; SOTOS,cheek_area_r,Asian,African,571,143,20,11,moderate,0.007277559596356887,0.00722499581426286,0.008903179632727725,0.003373003758701082,0.0016256200363708381,-0.003851992055561778,0.3419742141682749,-0.814771468633777,-1.156745682802052,1.156745682802052,-0.005477612091932621,0.0016500598160871997,-0.008711669903800318,-0.0022435542800649244,True,0.0009013212583477377,False,True,0.02566144392200218,True,0.02248760195978479,True,True,True
Noonan syndrome,nose_ala_height_mean,African,European,143,143,22,68,primary,0.06584558657601433,0.06473390540854329,0.07467830536248914,0.06840618310570203,0.008832718786474805,0.003672277697158735,1.5833590046034163,0.6167475901466811,-0.9666114144567352,0.9666114144567352,-0.005160441089316157,0.001560092929401865,-0.008218167043479403,-0.002102715135152912,True,0.0009403931973804016,True,False,0.027126726847511586,True,0.023193554195480758,True,True,True
Hyperphosphatasia with mental retardation syndrome,eb_position_l,Asian,European,571,143,17,27,moderate,0.354599415539764,0.3648818860374633,0.38495498580385423,0.32193821340401924,0.030355570264090248,-0.04294367263344406,0.41345548930961984,-0.5287338812696158,-0.9421893705792357,0.9421893705792357,-0.07329924289753409,0.022167662273006667,-0.11674706257407447,-0.02985142322099371,True,0.0009444094623176737,False,True,0.0393503942632364,True,0.023269421794288127,True,True,True
Mucopolysaccharidoses,mouth_corner_drop,Asian,European,571,143,22,34,primary,0.15593769436070395,0.13530890286670139,0.2648928847863314,0.15925878320628115,0.10895519042562743,0.02394988033957976,1.08244236856366,0.23400947456090956,-0.8484328940027503,0.8484328940027503,-0.08500531008604842,0.02573843758347916,-0.13545172076799972,-0.03455889940409712,True,0.0009577240913789563,True,False,0.03080422047171473,True,0.023547834359725538,True,True,True
OGDEN SYNDROME; OGDNS,philtrum_length,Others,European,143,143,38,183,primary,0.27828368363949973,0.30096771568807695,0.33914746439741533,0.31429727592970036,0.0608637807579156,0.013329560241623406,1.1595216295682405,0.22085793871542697,-0.9386636908528134,0.9386636908528134,-0.04753422051629296,0.01440272387268858,-0.07576304058603783,-0.019305400446548094,True,0.0009655976008998836,True,False,0.02263119377109102,True,0.023653574524199646,True,True,True
Trichorhinophalangeal syndrome,cupid_bow_drop,Asian,European,571,143,22,17,moderate,0.022532264810993907,0.0222348140085614,0.03338009568274512,0.027818791257930582,0.010847830871751216,0.005583977249369182,2.0489548359952368,1.1272407375317077,-0.921714098463529,0.921714098463529,-0.005263853622382013,0.0015949851167047341,-0.008389967007000707,-0.002137740237763319,True,0.0009659787421981332,True,False,0.020124557129127776,True,0.023653574524199646,True,True,True
Noonan syndrome,nose_ala_height_l,Asian,African,571,143,36,22,primary,0.06453398184065272,0.06587485814951095,0.06757893643686949,0.07464311667551836,0.003044954596216773,0.008768258526007405,0.5555189650617531,1.5346324023197475,0.9791134372579944,0.9791134372579944,0.005723303929790995,0.0017371476691318676,0.002318557062464832,0.009128050797117157,True,0.0009854224340574442,True,False,0.02732366126717653,True,0.023973843787399668,True,True,True
MYHRE SYNDROME; MYHRS,eye_fissure_length_r,Asian,European,571,143,12,18,moderate,0.19659443077274896,0.19454680151890785,0.17821787701272498,0.19041624376380645,-0.018376553760023978,-0.004130557755101405,-1.1650766769513263,-0.28341996295201294,0.8816567139993134,0.8816567139993134,0.014245996004922268,0.004323798580676397,0.005771506510391126,0.022720485499453408,True,0.000984962546095438,True,False,0.01368003536243664,True,0.023973843787399668,True,True,True
Rubinstein-Taybi syndrome,eye_fissure_aspect_mean,Asian,Others,571,143,23,11,moderate,0.33540173850634264,0.33753238416337433,0.25059291258219873,0.3340287087448551,-0.0848088259241439,-0.0035036754185192587,-0.8835687040111035,-0.04017712520297154,0.843391578808132,0.843391578808132,0.08130515050562473,0.024678662641354692,0.032935860541955415,0.12967444046929405,True,0.0009857851687282274,True,False,0.014696478863982943,True,0.023973843787399668,True,True,True
SOTOS SYNDROME; SOTOS,malar_bulge_asym,Asian,African,571,143,20,11,moderate,1.564145750245783,2.12287385806955,1.8627618716039298,1.0145509747646833,0.29861612135814686,-1.1083228833048666,0.22939576185633426,-0.6685481729291762,-0.8979439347855105,0.8979439347855105,-1.4069390046630144,0.4275362627060953,-2.2448946816518163,-0.5689833276742126,True,0.000999006947828239,False,True,0.025836386581764802,True,0.024237309091703376,True,True,True
Rubinstein-Taybi syndrome,eye_fissure_height_mean,Asian,Others,571,143,23,11,moderate,0.06635443200903299,0.06678670231508427,0.04800719037841918,0.0662085700794539,-0.018347241630613804,-0.0005781322356303714,-0.8851303590090187,-0.031077025420038647,0.8540533335889801,0.8540533335889801,0.017769109394983454,0.005399785240946123,0.0071857247984781145,0.028352493991488793,True,0.0009993605627508402,True,False,0.014696478863982943,True,0.024237309091703376,True,True,True
Treacher Collins syndrome,inter_canthal_distance,Asian,European,571,143,18,35,moderate,0.25163929559387865,0.25195082398911633,0.2767188995884619,0.25585563543125683,0.025079603994583255,0.003904811442140499,1.6739205847627072,0.23435631209108865,-1.4395642726716185,1.4395642726716185,-0.021174792552443117,0.006442818198260704,-0.033802484179973336,-0.008547100924912895,True,0.0010141447199299163,True,False,0.010830863597430655,True,0.024499835840180995,True,True,True
Noonan syndrome,face_aspect_ratio,Asian,African,571,143,36,22,primary,0.9170288151251426,0.8916399937573195,0.9134257120709547,0.8366024547263176,-0.003603103054187873,-0.05503753903100195,-0.06772759622930215,-1.1739528353170314,-1.1062252390877292,1.1062252390877292,-0.051434435976809245,0.015657704414132008,-0.08212297270908181,-0.02074589924453668,True,0.0010200833539745905,True,False,0.02732366126717653,True,0.024595287881998162,True,True,True
Rubinstein-Taybi syndrome,jaw_bigonial_width,Asian,African,571,143,23,13,moderate,0.7935979777142503,0.7866825774858778,0.7931555297087244,0.7590387646808038,-0.00044244800552595276,-0.027643812805073997,-0.016767258914024627,-1.241544971960565,-1.2247777130465403,1.2247777130465403,-0.027201364799546712,0.00829581055673713,-0.04346085471331866,-0.010941874885774763,True,0.0010420225006604294,True,False,0.015029170682602348,True,0.025002478808866337,True,True,True
CROUZON SYNDROME,upper_vermilion_height,Asian,European,571,143,24,20,primary,0.11242840134006278,0.1055102963087167,0.13564837159792045,0.09097534504188512,0.023219970257857672,-0.014534951266831575,0.6435847885740011,-0.3700189623109566,-1.0136037508849578,1.0136037508849578,-0.03775492152468923,0.011525328711611122,-0.060344150709432456,-0.01516569233994601,True,0.0010535506271732243,False,True,0.019141889855107123,True,0.025242379499068053,True,True,True
CHARGE SYNDROME,lower_vermilion_height,Asian,European,571,143,24,20,primary,0.18762466030469996,0.17740698574297137,0.21422069445195824,0.1590973616910974,0.02659603414725828,-0.018309624051873974,0.5599629497570294,-0.3930992893010569,-0.9530622390580863,0.9530622390580863,-0.04490565819913225,0.013720603903121804,-0.07179754769539068,-0.018013768702873825,True,0.0010646403016483245,False,True,0.0234847125363601,True,0.025446496828388246,True,True,True
Rubinstein-Taybi syndrome,jaw_to_forehead_ratio,Asian,African,571,143,23,13,moderate,1.0873042810662439,1.0448191369834081,1.0955941314351683,0.9795141573174787,0.008289850368924379,-0.06530497966592941,0.13563587963364906,-1.220658844749413,-1.356294724383062,1.356294724383062,-0.07359483003485168,0.02258585060053613,-0.11786228377210484,-0.02932737629759851,True,0.001120232241191927,False,True,0.015852343035734816,True,0.02639290620609252,True,True,True
FLOATING-HARBOR SYNDROME; FLHS,mouth_triangularity,Asian,European,571,143,15,62,moderate,0.1784699591716979,0.15754371687526283,0.17205550579909976,0.05315746354844406,-0.006414453372598133,-0.10438625332681878,-0.06406169310770947,-1.117244795998839,-1.0531831028911296,1.0531831028911296,-0.09797179995422026,0.030135063463690784,-0.15703543901488304,-0.03890816089355747,True,0.001149635059061898,True,False,0.01596715359808192,True,0.026944571696763234,True,True,True
Mucopolysaccharidoses,mouth_triangularity,Asian,European,571,143,22,34,primary,0.1784699591716979,0.15754371687526283,0.28726627834060736,0.18426003560931475,0.10879631916890947,0.02671631873405192,1.0948478397458885,0.26338316051338406,-0.8314646792325044,0.8314646792325044,-0.08208000043485864,0.02527687029861577,-0.13162175586203576,-0.03253824500768152,True,0.0011653111468702209,True,False,0.03495933440610663,True,0.027119370836895126,True,True,True
Treacher Collins syndrome,nose_bridge_width,Asian,European,571,143,18,35,moderate,0.07889098859439284,0.0785328176283594,0.08298261571641871,0.07919968041252937,0.004091627122025876,0.0006668627841699692,1.3247949563744614,0.21754326451394687,-1.1072516918605146,1.1072516918605146,-0.003424764337856087,0.0010557613737702106,-0.005494018606714231,-0.001355510068997944,True,0.0011791296696375797,True,False,0.01163614805563401,True,0.027325336445252903,True,True,True
Cornelia de Lange syndrome,eb_position_l,Asian,African,571,143,40,22,primary,0.354599415539764,0.37164749987602547,0.40834088299583565,0.49752946465130815,0.05374146745607167,0.12588196477528268,0.720339519389796,1.6456971793927795,0.9253576600029835,0.9253576600029835,0.0721404973192104,0.02223878567623743,0.028553278333879807,0.11572771630454101,True,0.001179032623627068,True,False,0.01922335799391959,True,0.027325336445252903,True,True,True
SOTOS SYNDROME; SOTOS,ala_flare_angle,African,European,143,143,11,64,moderate,167.31097608124335,166.67329528076294,173.725849018832,165.8016098631208,6.414872937588655,-0.8716854176421407,0.8480653096239508,-0.09182678292566454,-0.9398920925496153,0.9398920925496153,-7.286558355230802,2.249450530894542,-11.695400380788609,-2.877716329672996,True,0.0011983967228742336,False,True,0.028993469101795975,True,0.027655308989405387,True,True,True
Rubinstein-Taybi syndrome,eye_fissure_aspect_r,Asian,Others,571,143,23,11,moderate,0.3389523809852399,0.33966458585239323,0.24917849556473126,0.3340211468822038,-0.08977388542050863,-0.005643438970189429,-0.899549873033832,-0.06337920378323922,0.8361706692505928,0.8361706692505928,0.08413044645031931,0.02607054110518924,0.03303312482667734,0.13522776807396128,True,0.0012508187242941992,True,False,0.01705661896764817,True,0.028601272148671853,True,True,True
CHARGE SYNDROME,lower_lip_eversion,Asian,European,571,143,24,20,primary,0.12085171548818789,0.11412118302611408,0.14076362633249787,0.10405960551439201,0.019911910844309974,-0.01006157751172207,0.6116874233158003,-0.308698722126447,-0.9203861454422473,0.9203861454422473,-0.0299734883560321,0.00929745099173228,-0.04819615744785358,-0.011750819264210621,True,0.0012648433591682393,False,True,0.0249640136677942,True,0.028852417640012833,True,True,True
Rubinstein-Taybi syndrome,eye_fissure_aspect_l,Asian,Others,571,143,23,11,moderate,0.3318510960274454,0.33540018247435543,0.2520073295996663,0.33403627060750635,-0.07984376642777907,-0.001363911866849088,-0.8361602042500275,-0.015439728263169509,0.8207204759868579,0.8207204759868579,0.07847985456093004,0.024360272837825825,0.030734597145222087,0.126225111976638,True,0.0012746236695325712,True,False,0.017070852716954077,True,0.028991089404963203,True,True,True
Rubinstein-Taybi syndrome,lower_lip_eversion,African,European,143,143,13,55,moderate,0.12152917570778621,0.11412118302611408,0.14353290535802918,0.10205792125384838,0.02200372965024297,-0.012063261772265702,0.6861346842632933,-0.38536559702878614,-1.0715002812920793,1.0715002812920793,-0.03406699142250904,0.01059400678640706,-0.054830863175839795,-0.013303119669178284,True,0.0013013347117947387,False,True,0.017122825155193932,True,0.02949984334520659,True,True,True
SOTOS SYNDROME; SOTOS,eb_thickness_mean,Asian,European,571,143,20,64,primary,0.015132880158890012,0.014982672375763902,0.01842250463236545,0.01647926158086499,0.003289624473475439,0.0014965892051010884,1.9370629279061806,0.7927454539653799,-1.1443174739408009,1.1443174739408009,-0.001793035268374328,0.0005577412956409713,-0.002886188120521338,-0.0006998824162273178,True,0.001305284640731782,True,False,0.03059260876715114,True,0.029543479522735804,True,True,True
"BLEPHAROPHIMOSIS, PTOSIS, AND EPICANTHUS INVERSUS; BPES",inter_canthal_distance,Others,European,143,143,11,10,moderate,0.24847946144718827,0.25195082398911633,0.2931280911590189,0.26788446815820083,0.04464862971183062,0.015933644169084493,2.7451484590382518,1.0220382612344023,-1.7231101978038494,1.7231101978038494,-0.02871498554274657,0.008934904788746062,-0.04622707713398331,-0.011202893951509828,True,0.00130991464671025,True,False,0.03274786616775625,True,0.029580645534743325,True,True,True
OGDEN SYNDROME; OGDNS,face_triangularity,Asian,Others,571,143,13,38,moderate,0.5546151636506707,0.5557420580756074,0.5447189007141756,0.5841249952110649,-0.009896262936495037,0.028382937135457476,-0.27991757269202056,0.9139620189372776,1.1938795916292981,1.1938795916292981,0.03827920007195573,0.011922142789335058,0.01491222958631512,0.061646170557596344,True,0.0013238209617392966,False,True,0.027678899903619904,True,0.029831298888599176,True,True,True
FLOATING-HARBOR SYNDROME; FLHS,mouth_corner_drop,Asian,European,571,143,15,62,moderate,0.15593769436070395,0.13530890286670139,0.14564780804917707,0.028348205592453574,-0.010289886311526886,-0.10696069727424781,-0.10152490328823094,-1.1376801338163693,-1.0361552305281383,1.0361552305281383,-0.09667081096272033,0.03014135285528041,-0.15574677700438344,-0.037594844921057205,True,0.0013401114584268494,True,False,0.016720508303704477,True,0.03009778456993151,True,True,True
FLOATING-HARBOR SYNDROME; FLHS,nose_tip_elevation,Asian,European,571,143,15,62,moderate,0.042782269316510635,0.04471113468379042,0.04371104031597995,0.0347746076372154,0.0009287709994693152,-0.009936527046575022,0.08350711759826783,-0.8393324932285722,-0.92283961082684,0.92283961082684,-0.010865298046044185,0.003395585688782416,-0.017520523702477354,-0.004210072389611017,True,0.0013750851527781056,False,True,0.016720508303704477,True,0.030716026652760027,True,True,True
Rubinstein-Taybi syndrome,gaze_asym_x,Asian,African,571,143,23,13,moderate,-0.014219716877748192,-0.054651017213793576,-0.057853532986910906,-0.015147026974586315,-0.04363381610916271,0.03950399023920726,-0.7038865746271126,0.7058998129223836,1.409786387549496,1.409786387549496,0.08313780634836988,0.026041821007890598,0.03209677508106574,0.13417883761567403,True,0.0014106020841837335,False,True,0.01793138242606441,True,0.03131157092694835,True,True,True
Noonan syndrome,inter_pupillary_distance,African,European,143,143,22,68,primary,0.4748534279778442,0.4551515740192434,0.5282268337464641,0.48608831590725665,0.053373405768619875,0.030936741888013264,2.3505429976575507,1.3226865923687654,-1.0278564052887853,1.0278564052887853,-0.02243666388060736,0.007045537817582377,-0.036245664254783753,-0.008627663506430969,True,0.0014499373723149804,True,False,0.0351835432148768,True,0.0319363572626424,True,True,True
Cornelia de Lange syndrome,columella_hang_below_ala,African,Others,143,143,22,76,primary,0.04045630537547077,0.043200258034539536,-0.01210551704891983,0.01754634302767957,-0.0525618224243906,-0.025653915006859967,-1.7768606430279847,-0.7359284022612056,1.0409322407667791,1.0409322407667791,0.026907907417530675,0.008451358591695645,0.01034354895737406,0.043472265877687294,True,0.0014532736823864585,True,False,0.021175242941376127,True,0.03198623711788782,True,True,True
Noonan syndrome,nose_ala_height_l,African,European,143,143,22,68,primary,0.06587485814951095,0.06474729765497579,0.07464311667551836,0.06851865608531373,0.008768258526007405,0.0037713584303379344,1.5346324023197475,0.6312089078366996,-0.9034234944830479,0.9034234944830479,-0.004996900095669547,0.0015695453749739515,-0.008073152502719907,-0.0019206476886191879,True,0.001454253119548241,True,False,0.0351835432148768,True,0.03198918272823792,True,True,True
Cornelia de Lange syndrome,eb_position_mean,Asian,African,571,143,40,22,primary,0.35279180970543667,0.3698424913343086,0.411087043853075,0.5003725981782785,0.05829523414763832,0.13053010684396993,0.7893285948142374,1.7443760882024835,0.955047493388246,0.955047493388246,0.07223487269633119,0.022756316297823754,0.02763331233179478,0.1168364330608676,True,0.001502097811499816,True,False,0.021175242941376127,True,0.03275499633006207,True,True,True
MYHRE SYNDROME; MYHRS,chin_width,Asian,European,571,143,12,18,moderate,0.3250316686316231,0.3302611228946857,0.29686683953132226,0.32086724909367337,-0.028164829100300826,-0.009393873801012309,-1.3798979505288702,-0.5730542419017002,0.80684370862717,0.80684370862717,0.018770955299288072,0.005915910495243556,0.007175983792848187,0.030365926805727958,True,0.0015089261502527318,True,False,0.018861576878159148,True,0.03284601778254627,True,True,True
Trichorhinophalangeal syndrome,forehead_width_upper,Asian,European,571,143,22,17,moderate,0.7310278839525115,0.7291996362530552,0.7461104427348719,0.7206937053044984,0.015082558782360422,-0.008505930948556784,0.6023078813503224,-0.3346615105671016,-0.936969391917424,0.936969391917424,-0.02358848973091665,0.007453717421273531,-0.03819750742755154,-0.008979472034281764,True,0.0015526367049139402,False,True,0.02759983910360842,True,0.033502840842737594,True,True,True
Rubinstein-Taybi syndrome,eye_fissure_fill_mean,Asian,Others,571,143,23,11,moderate,0.22638896164538327,0.22697379970722667,0.16647986396331785,0.22184555858711372,-0.059909097682065426,-0.005128241120112953,-0.904439626565775,-0.08644572847481469,0.8179938980909603,0.8179938980909603,0.05478085656195247,0.01732447472916565,0.020825510041713492,0.08873620308219146,True,0.0015666262368809018,True,False,0.01958282796101127,True,0.03371652118504549,True,True,True
Noonan syndrome,nose_bridge_width,African,European,143,143,22,68,primary,0.08212955030080693,0.0785328176283594,0.08861702150427166,0.0817427639640731,0.006487471203464726,0.003209946335713698,1.8441440958295783,1.0149299151792541,-0.8292141806503242,0.8292141806503242,-0.0032775248677511283,0.001037653190334552,-0.005311287749249936,-0.0012437619862523206,True,0.0015853231788648826,True,False,0.03715601200464569,True,0.03404490123809618,True,True,True
SOTOS SYNDROME; SOTOS,eye_fissure_length_r,Asian,European,571,143,20,64,primary,0.19659443077274896,0.19454680151890785,0.21884022829106647,0.2028105674088518,0.02224579751831751,0.008263765889943958,1.40035472559739,0.5600096760504744,-0.8403450495469157,0.8403450495469157,-0.013982031628373248,0.004437128360036862,-0.02267864340882677,-0.005285419847919725,True,0.0016263213390397297,True,False,0.036961848614539314,True,0.03469952857002871,True,True,True
CROUZON SYNDROME,inter_pupillary_distance,Asian,European,571,143,24,20,primary,0.45115779551624374,0.4551515740192434,0.5357441183293203,0.5049609874227454,0.0845863228130766,0.049809413403502034,3.435449132235557,2.339193014811127,-1.09625611742443,1.09625611742443,-0.03477690940957462,0.011038059403186012,-0.05641110829903288,-0.013142710520116351,True,0.0016291528342703809,True,False,0.02656227447179969,True,0.03473000228095773,True,True,True
COFFIN-LOWRY SYNDROME; CLS,gaze_asym_norm,Asian,European,571,143,10,12,moderate,0.053564737334142576,0.0591256777455021,0.048745274532360355,0.1249745118116856,-0.0048194628017822205,0.0658488340661835,-0.13628032734979345,1.7352092059055206,1.871489533255314,1.871489533255314,0.07066829686796565,0.0224552624181169,0.026656791265060722,0.11467980247087058,True,0.0016491511937760544,False,True,0.009974704801064846,True,0.035065714816114556,True,True,True
FLOATING-HARBOR SYNDROME; FLHS,eb_thickness_mean,Asian,European,571,143,15,62,moderate,0.015132880158890012,0.014982672375763902,0.016913283577891472,0.015231879697372731,0.0017804034190014601,0.0002492073216088294,1.060823502663659,0.12993095331903334,-0.9308925493446256,0.9308925493446256,-0.0015311960973925934,0.0004866857600999147,-0.0024850826589769273,-0.0005773095358082598,True,0.0016542386977512898,True,False,0.018798167019901023,True,0.0351135572635887,True,True,True
SMITH-MAGENIS SYNDROME; SMS,nose_bridge_width,Asian,European,571,143,10,76,moderate,0.07889098859439284,0.0785328176283594,0.08148225967392465,0.07693781371423104,0.002591271079531818,-0.001595003914128354,0.8401876304306528,-0.49189776804212243,-1.3320853984727752,1.3320853984727752,-0.004186274993659964,0.00133128158899115,-0.0067955389613638725,-0.0015770110259560547,True,0.0016634527046246917,False,True,0.027121511488446062,True,0.03524867674611397,True,True,True
CHARGE SYNDROME,forehead_height,Asian,European,571,143,24,20,primary,0.18492166292887166,0.18136009170593598,0.1883119292703913,0.20416569708013244,0.003390266341519649,0.022805605374196458,0.16816369602202996,1.1838172325543672,1.0156535365323371,1.0156535365323371,0.019415339032676865,0.00617740812393549,0.007307841591958162,0.03152283647339557,True,0.0016724939669588797,True,False,0.030594401834613653,True,0.0353343795836383,True,True,True
CHARGE SYNDROME,hairline_height,Asian,European,571,143,24,20,primary,0.18492166292887166,0.18136009170593598,0.1883119292703913,0.20416569708013244,0.003390266341519649,0.022805605374196458,0.16816369602202996,1.1838172325543672,1.0156535365323371,1.0156535365323371,0.019415339032676865,0.00617740812393549,0.007307841591958162,0.03152283647339557,True,0.0016724939669588797,True,False,0.030594401834613653,True,0.0353343795836383,True,True,True
COFFIN-LOWRY SYNDROME; CLS,eye_epicanthus_angle_mean,Asian,European,571,143,10,12,moderate,62.142568800807815,56.54291127026695,69.2328090557645,47.93242104782576,7.09024025495669,-8.610490222441186,0.485446047144324,-0.5163171820720123,-1.0017632292163363,1.0017632292163363,-15.700730477397897,5.0054372336410236,-25.511207182210104,-5.890253772585691,True,0.0017084042758208854,False,True,0.010169073070362413,True,0.0358330557852262,True,True,True
Coffin-Siris syndrome,eb_inter_distance,Asian,European,571,143,19,119,moderate,0.19393098064644232,0.19511334066126107,0.2065222560492336,0.19820525897999075,0.012591275402791285,0.0030919183187296806,1.0894995118003938,0.22700531586961648,-0.8624941959307774,0.8624941959307774,-0.009499357084061993,0.003032114615153561,-0.0154421925267605,-0.0035565216413634875,True,0.0017307961066153487,True,False,0.03245242699903778,True,0.03607343464314095,True,True,True
Hutchinson-Gilford progeria,forehead_height,Asian,European,571,143,20,31,primary,0.18492166292887166,0.18136009170593598,0.19663418273070637,0.21687918180814483,0.011712519801834714,0.035519090102208856,0.5685604610389103,1.84535309370118,1.2767926326622696,1.2767926326622696,0.02380657030037392,0.007614604415453689,0.008882219889565017,0.03873092071118282,True,0.0017693925485550797,True,False,0.029489875809251328,True,0.03667710684818947,True,True,True
Hutchinson-Gilford progeria,hairline_height,Asian,European,571,143,20,31,primary,0.18492166292887166,0.18136009170593598,0.19663418273070637,0.21687918180814483,0.011712519801834714,0.035519090102208856,0.5685604610389103,1.84535309370118,1.2767926326622696,1.2767926326622696,0.02380657030037392,0.007614604415453689,0.008882219889565017,0.03873092071118282,True,0.0017693925485550797,True,False,0.029489875809251328,True,0.03667710684818947,True,True,True
FLOATING-HARBOR SYNDROME; FLHS,lower_vermilion_height,Asian,European,571,143,15,62,moderate,0.18762466030469996,0.17740698574297137,0.2094598196724888,0.14721763396677107,0.021835159367788848,-0.0301893517762003,0.45504315629319975,-0.6698897431198506,-1.1249328994130503,1.1249328994130503,-0.05202451114398848,0.016682081803218392,-0.08472079066544753,-0.019328231622529432,True,0.0018172093870740885,False,True,0.020042750592728916,True,0.0375112029441899,True,True,True
Rubinstein-Taybi syndrome,eye_fissure_fill_r,Asian,Others,571,143,23,11,moderate,0.2284342679795512,0.2276128090681758,0.16492846627892996,0.22058940571843333,-0.06350580170062123,-0.007023403349742469,-0.9173860241073771,-0.11512115942150367,0.8022648646858734,0.8022648646858734,0.05648239835087887,0.01812643534668579,0.02095523790328091,0.09200955879847683,True,0.0018330766929857462,True,False,0.0225378281924477,True,0.037753035586977665,True,True,True
Hutchinson-Gilford progeria,eye_fissure_slant_mean,Asian,European,571,143,20,31,primary,4.860997919682044,3.4251770419022325,4.2871018022960365,5.452998768561691,-0.5738961173860071,2.0278217266594583,-0.20693439881619013,0.7174249435151435,0.9243593423313337,0.9243593423313337,2.6017178440454556,0.8412852037497986,0.952829143969409,4.250606544121502,True,0.001984437776070184,False,True,0.03166656025643911,True,0.04023646591359386,True,True,True
SMITH-MAGENIS SYNDROME; SMS,outer_canthal_distance,Asian,European,571,143,10,76,moderate,0.6438965685059362,0.6418143240654428,0.6768476455447955,0.6322544502431662,0.032951077038859244,-0.009559873822276632,1.093768464682362,-0.37296479218687,-1.466733256869232,1.466733256869232,-0.04251095086113377,0.013771015267541958,-0.06950164481606722,-0.015520256906200312,True,0.002021961549703867,False,True,0.030329423245558006,True,0.04081855493896469,True,True,True
OGDEN SYNDROME; OGDNS,iris_offset_y_r,Asian,European,571,143,13,183,moderate,-0.057182589841717674,-0.04807802626059159,-0.045881351497908424,-0.06534057683563432,0.01130123834380925,-0.01726255057504273,0.4268419339326135,-0.6152590262096903,-1.042100960142304,1.042100960142304,-0.028563788918852057,0.00925292680122856,-0.046699192200845445,-0.010428385636858668,True,0.002021873112361188,False,True,0.039905390375549764,True,0.04081855493896469,True,True,True
CHARGE SYNDROME,inter_pupillary_distance,Asian,European,571,143,24,20,primary,0.45115779551624374,0.4551515740192434,0.47604956044249924,0.450322099120566,0.0248917649262555,-0.0048294748986774105,1.0582093077106052,-0.21127223560597233,-1.2694815433165776,1.2694815433165776,-0.029721239824933077,0.009654740439866851,-0.04864418336715451,-0.010798296282711648,True,0.002081090805709171,False,True,0.03629809544841577,True,0.04170607080267367,True,True,True
Rubinstein-Taybi syndrome,lower_vermilion_height,African,European,143,143,13,55,moderate,0.191263657554288,0.17740698574297137,0.22412288532546443,0.1618358936561271,0.03285922777117642,-0.015571092086844263,0.73200741218456,-0.3460001680826943,-1.0780075802672542,1.0780075802672542,-0.04843031985802107,0.01574307650835348,-0.07928618282025247,-0.017574456895789663,True,0.002095916061958101,False,True,0.02535382333013832,True,0.04193526478048747,True,True,True
SAETHRE-CHOTZEN SYNDROME; SCS,face_triangularity,Asian,European,571,143,15,15,moderate,0.5546151636506707,0.5463955635522286,0.5604325957842965,0.5895073786310259,0.005817432133625844,0.043111815078797244,0.1651366389093877,1.4212632684325524,1.2561266295231646,1.2561266295231646,0.03729438294517312,0.012133271954304513,0.013513606900106358,0.06107515899023988,True,0.0021140177572959735,True,False,0.04172403468347316,True,0.042263279073566515,True,True,True
Cornelia de Lange syndrome,face_aspect_ratio,African,Others,143,143,22,76,primary,0.8916399937573195,0.9098338922594323,0.9360277477611357,0.9021089936296897,0.04438775400381623,-0.0077248986297426825,0.8706778728838551,-0.13215045706267117,-1.0028283299465264,1.0028283299465264,-0.05211265263355824,0.01701935052453007,-0.08546996670190006,-0.018755338565216426,True,0.0021988929133176524,False,True,0.028433960086004125,True,0.043544963920790866,True,True,True
CHARGE SYNDROME,outer_canthal_distance,Asian,European,571,143,24,20,primary,0.6438965685059362,0.6418143240654428,0.6673969384001449,0.6344020510705826,0.023500369894208673,-0.007412272994860247,0.7853632605526302,-0.26689897039682053,-1.0522622309494507,1.0522622309494507,-0.030912642889069142,0.010101030175041192,-0.0507102982389022,-0.011114987539236086,True,0.0022108174534731457,False,True,0.036766551461977964,True,0.0436611486540989,True,True,True
COFFIN-LOWRY SYNDROME; CLS,eye_epicanthus_angle_r,Asian,European,571,143,10,12,moderate,63.977298596606914,58.00623090893714,71.67808765049287,48.80298381421522,7.700789053885956,-9.203247094721924,0.4888481901679696,-0.5030924081248014,-0.9919405982927709,0.9919405982927709,-16.904036148607915,5.537390117312127,-27.757121346887708,-6.0509509503281205,True,0.002267863575293658,False,True,0.012693266279628683,True,0.04451199325021255,True,True,True
Hutchinson-Gilford progeria,face_aspect_ratio,Asian,European,571,143,20,31,primary,0.9170288151251426,0.9113445079503402,0.9131996485251015,0.9748204247469726,-0.0038291666000410673,0.06347591679663245,-0.07338897820524395,1.1412870083071847,1.2146759865124286,1.2146759865124286,0.06730508339667296,0.022105295268732523,0.02397950080233356,0.11063066599101236,True,0.0023287429985294197,False,True,0.035644025487695206,True,0.045431184648152496,True,True,True
Cornelia de Lange syndrome,columella_hang_below_ala,Asian,African,571,143,40,22,primary,0.03535579597474666,0.04045630537547077,0.008524340854966738,-0.01210551704891983,-0.026831455119779923,-0.0525618224243906,-0.8769177184908445,-1.7768606430279847,-0.8999429245371402,0.8999429245371402,-0.025730367304610726,0.008506186317246214,-0.0424021861322007,-0.009058548477020749,True,0.0024871492943573737,True,False,0.03087066731873371,True,0.0476250703096719,True,True,True
Cornelia de Lange syndrome,eb_position_r,Asian,African,571,143,40,22,primary,0.35098420387110935,0.3680374827925917,0.41383320471031426,0.5032157317052488,0.06284900083920492,0.13517824891265712,0.8414808780489811,1.799080446315906,0.9575995682669249,0.9575995682669249,0.0723292480734517,0.02393395362481302,0.0254195609611663,0.11923893518573711,True,0.0025108142752570083,True,False,0.03087066731873371,True,0.047931086241890436,True,True,True
Rubinstein-Taybi syndrome,eye_epicanthus_angle_r,Asian,Others,571,143,23,11,moderate,63.977298596606914,62.542276503751566,47.13053965852546,59.911383377517204,-16.846758938081457,-2.630893126234362,-1.056474963347778,-0.18993377739255696,0.866541185955221,0.866541185955221,14.215865811847102,4.726926402655681,4.951260305070489,23.480471318623714,True,0.0026347311387184065,True,False,0.0293001831656053,True,0.04975932520662386,True,True,True
ANGELMAN SYNDROME; AS,eb_thickness_r,Asian,European,571,143,17,98,moderate,0.015009269436622856,0.014849565664404414,0.016389459806429845,0.014024997345998996,0.0013801903698069887,-0.0008245683184054178,0.5739283269390953,-0.32311553894819317,-0.8970438658872886,0.8970438658872886,-0.002204758688212424,0.000672559362116998,-0.0035229508154269724,-0.0008865665609978754,True,0.0010448533266688867,False,True,0.05866603705238258,False,0.02505825565412301,True,False,True
"MANNOSIDOSIS, ALPHA B, LYSOSOMAL; MANSA",forehead_width_upper,Asian,European,571,143,10,14,moderate,0.7310278839525115,0.7291996362530552,0.7833349942296601,0.7435759648747914,0.05230711027714863,0.014376328621736212,2.0797059065542065,0.5543635651436514,-1.5253423414105551,1.5253423414105551,-0.03793078165541175,0.011673492058773724,-0.06081040566442258,-0.015051157646400921,True,0.0011568577816149482,True,False,0.0542277085132007,False,0.027011537825443365,True,False,True
Ehlers-Danlos syndrome,gaze_asym_x,Asian,Others,571,143,16,13,moderate,-0.014219716877748192,-0.0361013737556466,-0.08435260451935639,-0.014060806546843415,-0.0701328876416082,0.022040567208803187,-1.1256487066628644,0.4541777670668761,1.5798264737297405,1.5798264737297405,0.09217345485041135,0.028448803442065344,0.03641482470070416,0.14793208500011856,True,0.001195395474134357,False,True,0.08965466056007676,False,0.027611794666192565,True,False,True
WIEDEMANN-STEINER SYNDROME; WDSTS,eb_inter_distance,Asian,European,571,143,35,71,primary,0.19393098064644232,0.19511334066126107,0.20957193525847206,0.19998510425927055,0.015640954612029745,0.0048717635980094764,1.3145138151931515,0.3891765980614008,-0.9253372171317507,0.9253372171317507,-0.010769191014019797,0.003354263151618554,-0.017343425985861978,-0.004194956042177615,True,0.0013245903241827536,True,False,0.09031297664882411,False,0.029831298888599176,True,False,True
"MANNOSIDOSIS, ALPHA B, LYSOSOMAL; MANSA",eye_fissure_length_l,Asian,European,571,143,10,14,moderate,0.19755431524952602,0.19652536636027926,0.2147717644468623,0.19415625393792543,0.017217449197336282,-0.002369112422353825,1.0451044655562405,-0.16552983309887562,-1.2106342986551162,1.2106342986551162,-0.019586561619689802,0.006120507112644713,-0.03158253512759467,-0.007590588111784929,True,0.0013735446377539779,False,True,0.056678703766714154,False,0.030716026652760027,True,False,True
Hyperphosphatasia with mental retardation syndrome,iris_offset_x_l,African,European,143,143,27,27,primary,0.030602013027945223,0.023473104901017103,-0.024879222023156303,0.026990591349569173,-0.05548123505110153,0.0035174864485520707,-0.9073818629840918,0.05547313214929172,0.9628549951333836,0.9628549951333836,0.058998721499653566,0.018721971233775062,0.022304332161859522,0.09569311083744761,True,0.0016254028183244089,False,True,0.05541145971560485,False,0.03469488551403978,True,False,True
Orofaciodigital syndrome,eye_fissure_slant_l,Asian,European,571,143,12,10,moderate,4.980289485680303,3.5707035560206872,2.9105090831259326,5.8456648775303695,-2.0697804025543705,2.274961321509682,-0.7098414721103993,0.783436111269249,1.493277583379648,1.493277583379648,4.344741724064051,1.379850303174946,1.6402848257844824,7.049198622343621,True,0.0016399558215462451,False,True,0.10249723884664032,False,0.03491518845872651,True,False,True
WIEDEMANN-STEINER SYNDROME; WDSTS,inter_canthal_distance,Asian,European,571,143,35,71,primary,0.25163929559387865,0.25195082398911633,0.2792236664915803,0.2671291984926413,0.02758437089770166,0.015178374503524938,1.8401578313901275,0.9673141844420956,-0.8728436469480318,0.8728436469480318,-0.012405996394176,0.0039747731883086985,-0.02019640868997649,-0.004615584098375509,True,0.001801257702056766,True,False,0.10391871358019804,False,0.03724405023049704,True,False,True
"MANNOSIDOSIS, ALPHA B, LYSOSOMAL; MANSA",forehead_width_mid,Asian,European,571,143,10,14,moderate,0.8691903359902237,0.8681415358193747,0.9221998512387899,0.884831156901787,0.05300951524856623,0.016689621082412343,2.09850867537124,0.6483829341096624,-1.4501257412615778,1.4501257412615778,-0.03631989416615311,0.011644153403453624,-0.05914201546738171,-0.013497772864924516,True,0.001813718520534853,True,False,0.056678703766714154,False,0.037454762939705975,True,False,True
Hyperphosphatasia with mental retardation syndrome,eb_position_mean,Asian,European,571,143,17,27,moderate,0.35279180970543667,0.3639088267854248,0.378459188640724,0.3217642856486298,0.02566737893528731,-0.042144541136795,0.3540426474014997,-0.5243780949648186,-0.8784207423663183,0.8784207423663183,-0.06781192007208198,0.02208948838977937,-0.1111065217529652,-0.024517318391198743,True,0.002141499392418545,False,True,0.06692185601307953,False,0.042657633772522324,True,False,True
Orofaciodigital syndrome,eye_fissure_height_asym,Asian,European,571,143,12,10,moderate,0.06370888565656398,0.11047647467221706,0.10823688193602667,0.03722016719357589,0.04452799627946269,-0.07325630747864117,0.4270353265643821,-0.41237622028239107,-0.8394115468467731,0.8394115468467731,-0.11778430375810398,0.03883014470529633,-0.19388998889496345,-0.04167861862124449,True,0.0024187794510962526,False,True,0.1295774705944421,False,0.04675110614184479,True,False,True
"MANNOSIDOSIS, ALPHA B, LYSOSOMAL; MANSA",jaw_to_forehead_ratio,Asian,European,571,143,10,14,moderate,1.0873042810662439,1.1000060249357009,0.9945104434408527,1.0903690309349157,-0.09279383762539117,-0.009636994000785215,-1.5339847791301406,-0.16470997798543655,1.369274801144704,1.369274801144704,0.08315684362460707,0.027519535865421503,0.029219544457122618,0.13709414279209153,True,0.0025132748478370335,True,False,0.06994687418845408,False,0.047959562439449946,True,False,True
"MANNOSIDOSIS, ALPHA B, LYSOSOMAL; MANSA",eb_inter_distance,Asian,European,571,143,10,14,moderate,0.19393098064644232,0.19511334066126107,0.22276838225601342,0.20256462736504077,0.0288374016095711,0.007451286703779703,2.4654369867757158,0.5837289493528719,-1.8817080374228439,1.8817080374228439,-0.02138611490579123,0.007104712250928555,-0.0353110950381317,-0.007461134773450765,True,0.0026113499697022857,True,False,0.06994687418845408,False,0.049430907648284186,True,False,True
