syndrome_name,ala_flare_angle,canthal_to_pupillary_ratio,cheek_area_asym,cheek_area_l,cheek_area_mean,cheek_area_r,chin_height,chin_pointedness_angle,chin_width,columella_hang_below_ala,columella_length,cupid_bow_drop,cupid_bow_peak_asym,eb_arch_asym,eb_arch_l,eb_arch_mean,eb_arch_r,eb_inter_distance,eb_lateral_thickness_asym,eb_lateral_thickness_l,eb_lateral_thickness_mean,eb_lateral_thickness_r,eb_medial_flare_l,eb_medial_flare_mean,eb_medial_flare_r,eb_position_asym,eb_position_l,eb_position_mean,eb_position_r,eb_thickness_asym,eb_thickness_l,eb_thickness_mean,eb_thickness_r,eye_area_asym,eye_area_l,eye_area_mean,eye_area_r,eye_epicanthus_angle_asym,eye_epicanthus_angle_l,eye_epicanthus_angle_mean,eye_epicanthus_angle_r,eye_fissure_aspect_l,eye_fissure_aspect_mean,eye_fissure_aspect_r,eye_fissure_fill_l,eye_fissure_fill_mean,eye_fissure_fill_r,eye_fissure_height_asym,eye_fissure_height_l,eye_fissure_height_mean,eye_fissure_height_r,eye_fissure_length_asym,eye_fissure_length_l,eye_fissure_length_mean,eye_fissure_length_r,eye_fissure_slant_asym,eye_fissure_slant_l,eye_fissure_slant_mean,eye_fissure_slant_r,eye_lower_lid_to_iris_asym,eye_lower_lid_to_iris_l,eye_lower_lid_to_iris_mean,eye_lower_lid_to_iris_r,eye_upper_lid_to_iris_asym,eye_upper_lid_to_iris_l,eye_upper_lid_to_iris_mean,eye_upper_lid_to_iris_r,face_aspect_ratio,face_asymmetry,face_roundness,face_triangularity,face_width_uniformity,forehead_height,forehead_taper_ratio,forehead_width_mid,forehead_width_upper,gaze_asym_norm,gaze_asym_x,gaze_asym_y,hairline_height,inter_canthal_distance,inter_pupillary_distance,iris_offset_x_l,iris_offset_x_r,iris_offset_y_l,iris_offset_y_r,jaw_bigonial_width,jaw_to_forehead_ratio,lip_midline_x_std,lip_outer_to_inner_area,lower_lip_eversion,lower_vermilion_height,malar_bulge_asym,malar_bulge_l,malar_bulge_mean,malar_bulge_r,midface_width,mouth_corner_drop,mouth_opening,mouth_tenting,mouth_triangularity,mouth_upper_curvature_c2,mouth_upper_fit_residual,mouth_width,nasolabial_angle,nose_ala_height_asym,nose_ala_height_l,nose_ala_height_mean,nose_ala_height_r,nose_base_width,nose_bridge_length,nose_bridge_width,nose_length,nose_tip_elevation,nose_tip_midline_dent,nose_tip_to_bridge_ratio,nose_tip_width,nose_to_face_area_ratio,nostril_region_area,outer_canthal_distance,philtrum_length,philtrum_width,upper_lip_eversion,upper_vermilion_height,vermilion_total
3-Methylglutaconic aciduria,-0.027718138374771384,-0.22726979125414792,-0.00044027026880008276,-0.002595250226213327,0.020484877365423294,0.022933020528670342,0.027216101411453517,0.24762420223545678,-0.03138543317692651,0.02028131792772164,-0.013832982390882676,0.009775302944467842,-0.002599256468373881,-0.00896326983034157,-0.13779529500813342,-0.15616170854817368,-0.13613109195824277,-0.28605026214641466,-0.0010164391265986869,-0.012722391085052555,-0.005189603276857339,0.007316661073820095,-0.006253658235257471,-0.0014285074818468472,0.002321512614634285,0.009204041075158346,-0.2084447949527253,-0.2057279348133035,-0.1974817441398218,-0.0018882983865444757,-0.13029758198063937,-0.14069323846805004,-0.018295201093393096,-0.0098443463353827,-0.01391461890072141,-0.012640484469496345,-0.010925689392846797,-0.008074779640177578,0.0015523726883419871,-0.004772200466996458,-0.012172526227015298,0.002037033338940581,-0.0007217568796385475,-0.004004030830871081,0.0011319066676330248,-0.0029651198236101363,-0.008212649656067605,-0.0137803289240357,-0.005401637471298428,-0.005824641034541624,-0.0062176858099871005,-0.0075719265069245706,-0.029709232576934533,-0.024971448822292557,-0.009079744828986828,0.004142971685561968,0.007964163239054366,0.00063060576949755,-0.0056543148841636465,-0.01662322221967927,0.04195055393373563,0.010715043095472955,0.006996847668287764,0.000380899961632779,-0.026135788639447162,-0.00857953824440279,-0.008221949635870262,0.02283148191138801,-0.0015470701380380309,0.025048660987862674,0.004988346414028402,-0.0014770715131050536,0.2541094340611269,-0.15586943650850688,-0.030863026196570442,-0.036968990918998614,0.04716004414144329,-0.14895862632847437,0.019810610015326247,0.2555710871092201,-0.29023082841332726,-0.18913943641648448,0.001366483786194593,-0.12830829640881272,-0.1194584443895124,-0.03336034290632905,0.12053139022359532,0.1409111283047818,-0.012315313277667345,-0.0004235557843528021,-0.031287005757656396,-0.03546005041388033,-0.006046163755909382,-0.001622639627752888,0.13244926424656936,0.016453246807382003,-0.010253972100379134,-0.2147948069834585,-0.17184091760689188,-0.2124261759708536,-0.21489884431858194,-0.14344073978705574,-0.19714645624500637,-0.0003715397861186641,-0.004512148285319667,-0.0080628339585344,-0.029434321135779366,-0.028554075173462062,-0.027270388934953888,-0.03374559997559969,0.01217543884578106,-0.23014877057569028,0.006781630978026069,-0.02071576364514559,-0.0022753392545649476,-0.018395072491983886,-0.1411712776045727,-0.017918600855573903,-0.0169042408575681,-0.23955456042213255,0.029827404297246205,-0.2635005725697717,-0.12816307097364749,-0.13210337806764502,-0.12703323819060744
3MC syndrome,0.007196802646014595,-0.002047092132233055,-0.01065234129328418,-0.04039566473197627,-0.22296578547462298,-0.008654565834339848,-0.00043584272214370104,0.24301160307568628,-0.23791026895476897,-0.013780700502250862,0.00791960018695402,0.2644107248705993,-0.0015726813015714551,-0.13934122762127135,0.3477644340070626,0.3766802174897293,0.33263835023233107,0.3699621596342147,-0.038707945619308494,0.02771319854264778,0.4096054504648904,0.22964571508025663,-0.04601248703651058,-0.04367069173875972,-0.037406568616610035,-0.021130188291971434,0.37776612332196324,0.3865093507678414,0.3917253850825577,-0.030625752485000997,0.34221120623084705,0.458444338253156,0.4100808809448102,-0.022863344975685252,0.012427838959315214,0.013074784512631455,0.013365269842032974,-0.11281645433931348,0.004844966332936356,0.0008869403978836061,-0.0024915394584476254,-0.00012584588552225727,-0.004692815118829084,-0.010231469730189706,-0.0005104319555302079,-0.005615305219454661,-0.011597768426505367,-0.009815925980506682,0.0069556019759164645,0.004853158010008252,0.0030439337242736367,-0.040086957610973806,0.03118416287194191,0.15338747566226196,0.15729791251016845,0.005640161285043226,-0.20833111373946359,-0.21594046363803826,-0.16473364329778295,-0.02093792839713143,0.08544831542923156,0.07655332260173822,0.04681377589176072,0.0013037199349885285,-0.033706819664470956,-0.029312615549254503,-0.006743772538130741,-0.03882875138844247,-0.040231761758933976,-0.011899799400020153,0.31764220449460606,0.030073554660128555,0.0015636782264510632,0.18278679561210373,0.33726487114276366,0.3348080340275848,0.041564655972684245,-0.21532683344482484,0.15534230877060323,0.0015788585873910265,0.3405179299655989,0.3782391192617654,0.10921521080345867,-0.015289868426742065,0.022709851226382437,0.1656079778917931,-0.2686407519980784,-0.3281228684319647,-0.1693816670609093,0.3425286172032199,0.14105227616366572,0.12003077180323524,-0.014821226380788692,-0.028740482034619347,-0.29250674586689196,-0.0019657031878164114,0.03572441605065043,-0.0011101593118966657,-0.22645207779258186,0.0046652247589699086,0.001632363724986784,0.011580010145518125,-0.002516341065558387,-0.02010640488881516,0.04157386281044186,-0.01704898335111259,0.1399384840268068,0.14493539188129342,0.14711336933931848,-0.01042345329994075,-0.011273940949402135,0.25736508438620337,0.1311694806496262,0.030450186144689778,0.251679887226351,-0.03910385596211462,0.007764835633256046,-0.0001141485315110121,0.0009174050777682434,0.327386834333095,-0.015556937599038681,-0.015559535343520873,0.1314520436802013,0.12353474650594456,0.12804476815819574
ACHONDROPLASIA; ACH,-0.006564400375716783,-0.008595312716867722,0.007989200167836732,-0.032347821753772786,-0.03314572905727374,0.0010851162424422183,-0.014744636292806585,0.021472971400268496,-0.025698160893471603,0.0024301935518539256,-0.001563038209753111,0.018868300256537268,-0.019397714429385114,-0.025376154757631973,-0.021029230362074835,-0.02458732460859765,-0.021786224251094402,0.02658447804596403,-0.005851259054057689,-0.007904968620653761,0.012782316178503101,0.02012465105673513,0.00579378666429322,0.004805351302310236,0.0033795769306914397,-0.0044715805731888585,-0.03347119665634137,-0.031854779153335254,-0.02996170834076966,-0.015746442632235434,0.007903860660815134,0.03018884382959508,0.03560767679297301,-0.023676951088556965,0.041548195774853844,0.04386923198332196,0.0446645223599248,-0.02065819271751197,0.03443135952238066,0.029522747089356545,0.023176605453883736,0.033411089208818044,0.030700557278069633,0.026934251955535744,0.03420277451240547,0.030406227728567013,0.025224008736808277,-0.02539534179667528,0.038258617458854866,0.03839996746027578,0.038666674100734134,-0.008893878900178545,0.024444806235276766,0.041534366459129814,0.04405227076172872,-0.005373023151400531,0.0005555044561922707,-0.0010448464339840287,-0.002662794678738823,-0.012394923808402384,0.003814600106258422,0.002181228144808973,0.000578039680379612,0.0006615672953981283,-0.0003450307163121268,-4.424309215600385e-05,0.00033461464255697546,-0.012971677369386347,-0.010760882363423095,-0.017896437570185983,0.04429341207137066,0.16848577658613126,0.18333318688884256,0.03137228734927351,0.05931035527581057,0.05788869664675608,0.0053499404688670225,-0.016904873361413903,0.016426880588521424,0.1835840516747907,0.039144059521883934,0.053462204105798265,-0.010432374535235045,-0.02616136600642853,-0.1352288685940781,-0.03975246292633305,-0.009227216498515697,-0.03967527082175972,-0.01242526090069258,0.01671651887561061,-0.02317480486990299,-0.02526445918342186,0.0074042225329086385,-0.025439348592703075,-0.04881527843356135,0.0014845213580584105,0.034979301634529954,-0.02192508218116717,-0.010588063387572889,-0.018373594748476715,-0.020386888660281707,-0.017470091113056117,-0.025675229180627385,0.013771182338996928,0.013912986516980183,-0.019769604649392005,0.0039015373619765014,0.006088612956256872,0.008391986697231412,0.01531868926629836,0.0001538589921098608,0.041386165691647665,0.00660735615982477,0.0006551569611535198,0.021025355924730794,-0.0003236850119019756,0.021670151574089556,0.011008291365613659,0.02400978781591125,0.05170248637240173,0.013671775373538026,-0.023211033064944896,-0.02538366183172164,-0.023992586280223365,-0.02616622226886844
"ACROFACIAL DYSOSTOSIS 1, NAGER TYPE; AFD1",0.03183376006051152,-0.032439783658286814,-0.17812875780201054,-0.026543804728339254,-0.03153064259601361,-0.0004561201089783337,-0.18370451159498757,0.04029327011254605,-0.03943423855321825,-0.03175398976249945,0.011240244895345844,0.2998147938550692,0.11685774777045276,-0.039962411982628246,0.03129172670390081,0.026528942005930485,0.013881149805086111,0.016398407004753215,-0.20519556766615332,0.004291861943496733,0.2363074101838709,0.0358324792155755,0.009780872288460113,0.01628108027852906,0.020564458930191303,-0.008981242319186901,0.019661286970426933,0.017791447326839516,0.015669702789960903,-0.03788842412906926,0.035048876397916304,0.2540358414536999,0.17850950023869652,-0.017264731234391723,0.0018941726237307903,0.0032508330109656557,0.004740563256524618,-0.03318882579297794,0.017664668872585734,0.014031231984044419,0.010342628695332062,0.0018369929606093121,-0.0009178443297315876,-0.003950343843316362,0.0029051057938217963,-0.0004925111203440186,-0.00413021099316561,-0.015482066225761282,0.0017408024794693677,0.0013574997315289547,0.0009341680459227472,-0.12846723132535978,0.0029255952058367127,0.01745864017089192,0.025669261269837196,-0.008336020285087545,-0.1475511598713032,-0.16464054542076612,-0.16682040316850746,-0.02267886246008827,0.006892227375670869,0.0037332191245362137,0.0006617360830371347,0.00018201063205398787,-0.0005912381579651777,0.0010567445090092587,0.003255273403143906,-0.022262955802873546,-0.03749367769335601,0.0008089471149194124,0.16183353213934523,0.0024666919864010637,0.025149177061074803,0.0226800927725257,0.1500154433080182,0.04438501448795705,0.34528119555820425,-0.04098642272186664,0.013330332811758279,0.02487802458028982,-0.005154950018012463,0.029402409500161937,0.0179525931231106,-0.020507818407956915,-0.0007916339126926961,0.0027795142579987234,-0.04320782984767453,-0.1641116991688812,-0.01228769384203437,0.009750627640517128,-0.0015682076873444085,-0.0014831603060173632,-0.1340021938961787,-0.021993861497784272,-0.029723778671560588,0.010423608250706318,-0.008562828027424604,-0.03680116818245791,-0.027265389953318044,-0.03022430670626209,-0.03240241205689292,-0.019065152569318726,-0.017965420239741486,-0.020380750554620228,0.19462631869065303,-0.0006959282631526678,0.18945624661591717,0.19167922630394535,0.19142216079448,-0.021568104621795457,-0.013207161471935267,0.03428978387831451,0.03892846904476697,0.03224944961439162,0.016430797859044863,-0.02852355764462246,-0.0018707060653709276,-0.003880486582387645,-0.002275476456611604,0.013086583531408139,0.4138849511669892,-0.15410952263987854,-0.004203556451499651,-0.010578476523368727,-0.005083009846362695
ACROMICRIC DYSPLASIA; ACMICD,0.16137884689428955,0.34057389173056946,-0.30323066204978966,-0.012608779197815822,-0.022293722841298054,-0.0058993071611365255,-0.03660204361805518,0.033810820570269545,-0.3839058104216174,-0.2477173504396613,0.02070505210596225,0.2938968572831872,-0.0002510965676576496,-0.039855796013600245,0.03332316912347439,0.14268820202456353,0.136917758095307,-0.02009337917743026,-0.2849908231914687,0.031477902779277186,0.4075324997762119,0.14970906399950235,0.00262712839846787,0.019008289485999738,0.0323043679827638,-0.01177417503834496,0.3183740270859261,0.3132498743182275,0.29736910340542555,-0.2585555524158437,0.17590126580665288,0.29310658878673435,0.23944470829044337,-0.004890930600705189,-0.02348031879023711,-0.021174690198921417,-0.017312030576949848,-0.006781596541922509,0.02702882710585944,0.028362057012889744,0.027529643634731975,-0.008013946558417395,-0.005741078183083709,-0.003458895867978455,-0.003452594663415079,-0.0016902502839146558,-0.00018038897083739943,0.02705958800135662,-0.01923373212171382,-0.016314513099482494,-0.013217083968616056,-0.24606026201579959,-0.03725915407860982,-0.04442382432737813,-0.0359494567664429,0.002976655970240927,0.014507128937434265,0.0005207176993222664,-0.012556803795976849,0.025518597932906065,0.06640767143168431,0.029528776179868255,0.03284725615806874,-0.010697110373676395,-0.006408591807035054,-0.01424742948600692,-0.020879524141471748,-0.014276390176171648,-0.16498100131174165,0.14215513586252485,0.2974386151249029,-0.279531089601085,0.02650216538967661,-0.03534485773031661,0.006384000619788989,-0.00027404428543062383,0.04219591272657045,0.3812146555705173,0.040344611240233974,0.026466805987510975,0.019992207738595447,-0.2386109686641038,-0.03461919333112042,0.2402995901511838,0.023258045547952164,0.041014341829800155,-0.2974437179987755,-0.03717275270538306,-0.18434020714291444,0.2755334381304862,0.32463592532497393,0.31786462842542496,-0.2545083065069013,-0.004566953562706904,0.002246551216788007,0.0057103070888191755,-0.0364965392766801,0.03134476493535587,-0.03993793747775727,0.039510200444726834,0.035822954895932554,0.19019408151531073,0.008059904489126427,-0.04280323236491937,0.3006094634491312,-0.01386015542319306,0.15998232266114265,0.15165442576519805,0.04461039208023812,-0.020894042420262555,-0.026625501256490956,-0.01885856347255734,0.004444575809177886,0.030002750315043625,0.012697758535499598,0.0055897269481346695,-0.004703768391653856,-0.019282805188041933,-0.0254457208340007,-0.024817486102112075,0.021482204940360017,-0.012313069088065103,0.31673655900652764,0.3282698585372251,0.33593118585612186
"AGENESIS OF CORPUS CALLOSUM, CARDIAC, OCULAR, AND GENITAL SYNDROME; ACOGS",-0.000954896687443448,-0.008980223139982325,-0.14655949394245368,-0.012879845290254722,-0.010198790154459911,0.0013579288249508117,0.0014184940545895275,0.04006349294007904,-0.012372782523401437,-0.013522533186808258,0.013754180665277694,0.02950607852588269,-0.007679572928210971,-0.014078399712589671,-0.01349339530645113,-0.028558681657707564,-0.03470737051721137,-0.0009453198298028313,-0.027305157030806156,-0.01678551625387038,-0.007199617903876025,0.008169284224386805,0.009179442025247536,0.018018743111726715,0.02394473828408445,0.04553537091609216,-0.022895636160219498,-0.028856222827734715,-0.03343588079358232,-0.026351280296016702,0.0011033673597697228,0.008836729227095367,0.010880762674020538,-0.0015531890253777543,0.0008441558567017633,0.001370851985300888,0.0019198301686073327,-0.017594328809197687,-0.0009828561376977211,-0.002087119485469765,-0.003115823575135684,-0.0015294791390847112,-0.003613155452478408,-0.006068945611129792,-0.0013228160218451844,-0.003965817514405933,-0.0068027122403017,-0.0008078957233716375,-0.00015232309084754018,-0.0005087442850228235,-0.0008740521530892497,-0.02014295979648301,0.0020120433866673967,0.009996480988401382,0.01523820447309384,-0.007258325559817733,-0.02562463098846167,-0.02876557692678233,-0.029056039454797365,-0.0113063500620298,0.010943794763737144,0.010304131635004864,0.008549576495073982,0.0042176809145435005,-0.006669113418045068,-0.007236042640194288,-0.0070942825685155406,0.0028053463361598398,-0.02939319899583809,0.0022759090057665244,0.02346889215130006,0.016756777671500335,0.14979143618060595,0.003633277093184212,0.0319022645002875,0.027787383010737705,0.052281594805263384,-0.010558239665451347,0.007117596113527086,0.14957128436357506,0.0013251939053388452,0.01278671122269188,0.005058179934690901,-0.004559585073261456,-0.20817320074046594,-0.2083661772824817,-0.006840802759164618,-0.020267617065937896,-0.022665392053205512,0.0018729342731440579,0.0046744761965714825,0.001528521684143817,-0.0074485101989626564,-0.01629510791402968,-0.013313685280152273,0.010065903004702484,0.005280594286897973,-0.004777784650941732,-0.025903801947574256,-0.000636754322771755,-0.003538057554122148,0.0013576625859154,-0.008337234740161454,-0.0037157151766843513,0.034657066470106704,-0.016648389684319476,0.009553972399043632,0.011311774773609898,0.012281491738902712,-0.010414518588727899,-0.016382017374153998,0.01248027641609348,-0.010445928390554688,0.008334766030068698,0.0013125980529131835,-0.01027213466259678,-0.0005155896822107519,-0.016603423055707826,0.003389535233124082,0.009766085699763246,0.04055447521864731,-0.032234553817024135,-0.0008850894114735707,0.0007082156168221522,0.0012670609738799686
AL KAISSI SYNDROME; ALKAS,-0.023890905869487316,0.18099825938864247,0.011289166572214205,-0.0054074792757876815,-0.020960163447063442,-0.015303940317292028,-0.019262783591072898,0.01819253019224361,-0.14359350043288346,0.021331337340878328,-0.026602418754977358,0.04029452436055915,0.016083294992049326,0.01609616829892159,0.03871090593056528,0.04607188630506305,0.040115743946443475,0.2569150021738494,-0.002627895968705871,0.02025566687737428,0.15638814679045276,0.007180236403811725,-0.03483891723821247,-0.0299668855397646,-0.022723244729840494,-0.01496434348383874,0.001977779122094846,0.0010397503994501519,8.2898833937838e-05,-0.008346712684741875,0.17854614494771176,0.2733063859142246,0.04786135791275701,-0.0033268711777437493,0.025717980079569026,0.022114790164679047,0.017693523589167957,-0.022946926999785636,0.020619107221822735,0.020123759357918616,0.01849212869541219,0.01942640232291932,0.019801400881778817,0.018951953408289843,0.018827901651612085,0.019162635895667354,0.018259301787763228,-0.005523516826878281,0.024187169806390463,0.021939119173019807,0.019392243634817504,-0.0025526592365104233,0.02484836473288249,0.021059013120580297,0.006376607122022589,-0.03295063382607793,0.03277636835521392,0.036156640374398634,0.036272490062903485,-0.01586792124045197,-0.00023774715197099266,-0.0004923051753921806,-0.0007457276430033845,0.00011236330888524131,0.0029156886120173795,0.003032341137317734,0.003087447460062029,-0.25470604719492557,-0.007138656817403018,-0.03236953859661727,0.23429437411944715,0.03602007194994729,0.045526785052182855,0.17064453249437153,0.16824614894973516,0.1779995597880304,0.027879517505432144,0.052105308851929155,0.006302564643343546,0.0452447333312654,0.27745554117133037,0.02897153181214662,-0.03136318519670586,0.022125135974739165,-0.13314893234758085,-0.041056349653291344,-0.025311554397409987,-0.15635115189754759,-0.014253283156710116,0.0036871531970098107,-0.011559102171371115,-0.011449550218914716,0.013571665486269691,-0.005773865785832679,-0.3052459179571677,-0.023965260739617678,0.2575424816323075,-0.1643524103965468,-0.03412143197339197,-0.15920658180678587,-0.16059399430828777,-0.14926439286286966,-0.03695721225371275,0.03501826249350783,0.001411530226508162,0.01795051411682691,0.042956668795365464,0.041536252797654036,0.03924702803638553,0.15894390278702095,0.026728365507605663,0.26359940329366494,0.03758934002468286,-0.005377459728537888,0.3030262842400012,0.02478265366005504,0.17425421900234794,0.16679704386361852,0.25056476718714693,0.1716138138944922,0.001867435010921895,-0.14185857041446476,-0.022890986806113657,-0.028170449062510518,-0.0203301559399978
AL-RAQAD SYNDROME; ARS,-0.031409909728596225,-0.15309032001475206,0.001527386163539277,-0.03613307634983318,0.013834030571538404,0.04870509364250367,0.006487067774034071,0.028588214015475552,-0.04330760913999608,0.030418648738477452,-0.024786178832159805,-0.007001538285165553,-0.016654480436571206,-0.012368522330263709,0.0021286681849502454,-0.008659617758531572,-0.020433774326281007,-0.02611439541771559,0.013997838119491209,-0.0427743991783894,0.012878587444366329,0.04911818482185552,-0.03536590378054701,-0.04100648434288139,-0.041677290150039036,0.05022368000083908,-0.03408623132226242,-0.028730478300923644,-0.021055352395079985,0.02659124686310652,-0.04658097064938889,-0.009085662139184063,0.03436895992083999,-0.0001440189018991808,0.010033493959131612,0.01730802032667555,0.02361036418741552,-0.013786534831455591,0.027116580231420283,0.011646980826137835,-0.0005564294993515482,0.023632288831325562,0.014635396810887876,0.005681765810346985,0.024575814943811246,0.012863227488269994,0.0013579926813936845,-0.012714690720300662,0.016332574182131115,0.017677968362537398,0.01898209801708757,0.01773188513625712,-0.017085411778606455,0.022407830767045705,0.04618786695671513,0.03168614834501731,0.028580681836506132,0.02536870932390518,0.0189165843073905,-0.02280978081671634,0.00735953846344584,0.00519572114627984,0.002569400200472737,0.000904825386426627,-0.0026334738708241275,-0.003037932168574845,-0.003325349073092116,0.004135639177936614,0.008585072720001197,0.0012004418924709478,0.03351572002159929,0.008723267649200912,0.20021740443591024,-0.00460541448654122,0.006024754177068144,0.004002517744156547,0.023253605389584056,-0.03724924575494834,0.026286862765474584,0.2012873716041268,-0.03401902875781189,0.006435375208373231,-0.00991386422698466,-0.14264756229492007,-0.024268179784031518,-0.017302378453295967,0.001668695955640162,-0.0011053134406972874,0.014486661933169514,-0.020101046959134117,-0.026082785021580502,-0.02975675675804397,0.006129955126256016,-0.04462487687307832,0.0032807814392511454,0.04618487806856076,0.005283738775556502,-0.01961060214917344,-0.013573116662771912,-0.017107761791058912,-0.020345612404571757,-0.018697041921023866,-0.012924209830204725,0.0022470895311060566,-0.019842603246530796,0.016812067726906767,-0.035705940333383666,-0.03190692292051318,-0.027195931678413592,-0.0031661440661515253,0.025972272638230372,-0.03256346459148911,0.008510678525052651,-0.02781571295840223,0.016710665745712873,0.0035653936790414212,-0.01186519329059582,0.004025388188489679,0.0031373033893705693,-0.0009945868686180332,-0.04531626964880266,-0.030098555411426975,-0.025340962267347975,-0.02109969863156141,-0.027378840260182887
ALAZAMI SYNDROME; ALAZS,-0.010305027188644216,-0.015557181571217868,0.003171907126236206,-0.0008517704290545016,-0.010259944104970402,-0.006403684467656605,-0.029584693837061773,-0.005675638517367154,0.00511901037447681,0.010070392450187333,-0.009191410681319196,0.16700526511729408,0.021582571786400395,-0.024590814683356357,-0.03950506712591261,-0.04283867723879862,-0.03630150299668003,0.006173003352665517,0.002647843036655545,-0.013503658151041613,-0.03859747087817939,-0.008110295251864208,-0.001211510519488299,0.0011631823642357785,0.0036210916745308235,0.023512845816677813,-0.04732500470999979,-0.046498288992668314,-0.04537327505430231,-0.006876572170787101,-0.022630362279633026,-0.01887284980307677,-0.004246110596004296,-0.017341977881471522,0.0059895976323840775,0.004501422234223892,0.002854040999123402,-0.0027974065490074555,-0.00257639818472192,-0.0039085934954913035,-0.0047808347193685095,0.0008356240946397519,9.208849458918436e-05,-0.0005991861339989217,1.589703430889312e-05,-0.0006562878879817176,-0.0013418894374285018,-0.016855915617396636,0.004372760948531579,0.0030305605624415363,0.0017246247025135468,-0.004048396337085848,0.014329679109467142,0.01898692149602868,0.01399369783150038,-0.025943015505598556,0.010681944057058685,0.007597176927973325,0.00452360159873063,-0.014945735274250832,-0.00059360197671268,-0.0022015448293743697,-0.0037765736938230572,0.0002317661389258824,-0.000505617835853449,0.0001901647668473446,0.0010241521316936755,-0.029992877452404136,-0.002267849397721185,-0.03679413481793563,0.0074080959730502775,-0.018737110600865407,0.03787049676873177,0.010759105581507283,0.026066678313007463,0.02470673487109386,0.0008656543638055452,-0.006217609082252411,0.015307222133713466,0.03743326253167758,-0.0036417345039989517,0.00969066183261722,0.006395515018034191,0.0008126815884025754,-0.020080603004727793,-0.014461558715397234,-0.141541219760712,-0.041159275371178826,0.0005256672833664529,0.0040018082647421925,0.04300669301097481,0.04351632931500398,-0.002128228271964972,-0.0040738226888401355,-0.020336143014510553,-0.0003186094312877656,-0.014469875885164855,0.00738634440907838,-0.005935918605668674,0.01152945671095615,0.010528687454994745,0.005080126768244157,0.019344998541828907,0.001361994310948459,-0.004769578600969901,0.00013938137680955207,0.0287227708806426,0.028033091730110937,0.027600880965901894,0.02773204375610386,0.008310741177617487,0.03696398759410056,-0.007317089767745277,-0.0037014282439391906,0.019483675398296832,0.032107938571549394,0.04050747866029963,0.02060176152421515,0.04003682632883938,0.012911288291156335,0.004469658681143173,0.009207818175869843,0.03599904887413951,0.02743214909518864,0.038513350098224645
ALLAN-HERNDON-DUDLEY SYNDROME; AHDS,0.00021902966016377245,-0.0004778786974805433,0.0027960987919682483,-0.003120201206145651,0.0192537099327589,0.02500771711756147,-0.023406485757053154,0.00471149646410613,0.00617299684541869,-0.2155996573684175,0.05869785924106173,-0.01189305898760318,0.043905332665637564,-0.011731607540432896,0.022609160317021343,0.032074743143894205,0.032702128909764545,-0.0004993913234496141,0.017803207713046994,-0.005232040459906848,0.008457088773126587,0.012016824549794712,0.033473510397535634,0.026481462574413257,0.017101201096919833,0.16210093421009292,0.004855023855261395,0.01430481785864969,0.024507100924135102,0.023463223792649663,0.005730912900958609,0.03331247981937488,0.03576846103402294,-0.006172265306947452,0.014913442572548025,0.018348117600103013,0.0204785199083482,0.009794712608191352,0.032525008465922996,0.027190882429593385,0.018209877958168034,0.022030332006327775,0.02104487119512541,0.01817746126558203,0.02339974041556772,0.021755511625776203,0.017668012288470095,-0.015455541897469909,0.018638265535280776,0.020093958666968902,0.020987255185278348,0.017343356509843283,-0.0013072965621791967,0.005452362657177404,0.010871256261606637,0.022043525383090942,-0.011059995047844615,-0.013055709792396323,-0.013319413715899753,-0.014884587648972129,-0.002476748199537527,-0.005648521201439591,-0.008500910469042432,0.0010224018477479658,0.0067970858375159225,0.00985599684904574,0.012674906979390037,-0.017809344831669148,0.025505749670365622,-0.003149610128780973,-0.01005255878275923,-0.031600454438308646,-0.014453013140959658,-0.021760437363422154,-0.0018042235900838082,-0.005425116719976755,-0.022380993060007633,0.00012097215555500047,0.02332307467151817,-0.014215088907554825,0.009402097060299285,0.010805799382368017,-0.01791098068734233,-0.01607912116662865,-0.02949154018765567,-0.023848791299639686,-0.02983657735201489,-0.005482072110553617,0.0008957010866312033,-0.02934355434388282,0.018576095863961684,0.022474111111372964,0.027183120373097797,-0.01004639583257216,-0.008327937053162081,0.005899103386824109,-0.03803070356938277,0.21476707565974448,0.048925314172153504,0.219561555205993,0.2149456922450504,0.2772844514632286,0.19040471824182484,-0.04083890301959028,-0.010065481197587406,-0.0075604950488981915,0.04963635825919084,0.05172802022074944,0.053115360160230864,-0.0504348434180079,-0.05700458184560042,-0.0187864218341424,-0.03996670300993978,0.056432722336108104,-0.028594210746662924,-0.04104179212575496,-0.036811182826085996,-0.05126076332069377,0.012300048388622585,0.009261163093527034,0.042795739730887926,0.02079490402856802,0.03206538933833455,0.04188772806567698,0.03336628567158437
"ALPHA-THALASSEMIA/MENTAL RETARDATION SYNDROME, X-LINKED; ATRX",0.008785250466222583,0.022521075931435316,0.008815960494203374,-0.02228427058878631,-0.030479286112659737,-0.0019388861354385184,-0.3056850982343755,0.02903567702239746,0.17244446992011386,-0.37804132233382687,0.3303234625615604,-0.010797558463922005,0.02665180022461963,0.008913934290919584,-0.0022197533184192242,0.0021744867374150247,0.0064195819185883275,-0.009186330928195553,-0.009808277229843858,-0.025310194543615522,-0.028108172300339393,0.0060438961459309565,0.001275316408510985,-0.008100474813423946,-0.019079242239859094,0.17179768155334574,-0.007278089767699848,-0.0002375234031945513,0.006504961383509106,-0.004905796938795751,-0.014562911094757908,-0.0006591976880963354,0.013582218310851506,0.003629510751109833,-0.019147517771130173,-0.020079353424597417,-0.02163000254496559,0.010123725405650385,-0.0053298357772490635,-0.005192478984298879,-0.00453306475252797,-0.016098359668635806,-0.01736825229785062,-0.01806024901259515,-0.01395680149971399,-0.015666436226336313,-0.016530369204669174,0.008706800829573001,-0.019703118855678353,-0.020340535552782802,-0.020996627085288825,0.002228796510874396,-0.01301950997538252,-0.015700669932800487,-0.01070725123645785,0.011582108815437154,-0.04416913756090511,-0.04263226542891474,-0.03717370853659425,-0.0021432124492423922,0.09029999355992513,0.07978957704733608,0.06126708836208501,0.011961296936840478,-0.14945218438160462,-0.04306878842489912,-0.03539616757316987,-0.012603396163397847,-0.014040957599924275,0.015087327366256693,-0.040078098671473016,0.017044941195208857,0.02023931444961365,-0.004393187685448365,0.005861206897098187,0.003705794885393467,0.20986325979319248,0.014665080332229357,-0.00026654370200877706,0.020276144172811636,0.009788433266828664,-0.006718818379323999,-0.003570064339991129,0.00837414108198234,-0.0293180699448849,-0.03210892196457115,0.014987080357184709,0.004596600865286837,0.04577666232055019,-0.03007242490004146,0.21987243403835458,0.23958377054554436,-0.018969109735670328,-0.011399425532242144,-0.006074411306487744,0.008220255168804794,-0.14112032643027853,0.36660149935804315,0.3167500554931567,0.38578870272498295,0.36800440201434625,0.3406165455002516,0.30475032964201876,-0.01761543323295947,0.030146694675243724,-0.018767197469088153,0.2870094213246366,0.30407845077532863,0.3195948271084545,-0.15800299599877135,-0.3373223953097862,0.015809991758606423,-0.28506860416805996,0.2960032184490249,-0.037578080641725464,-0.15055336296579058,-0.019606496268755713,-0.30060450787008747,0.023648667910806578,-0.004505050648207162,0.2517450886284546,-0.005399784711570488,0.0393938824836817,0.15223644915697143,0.2299919962625653
ALSTROM SYNDROME; ALMS,0.040478774641584586,0.48133577967637986,-0.01589159601153947,-0.00263536126269816,-0.15165943418684213,-0.0417223177077326,-0.27245229000478893,0.009612051397463213,-0.415525253357775,-0.17733553344879258,-0.007735274874432861,0.38484436189786136,0.15072096866040963,-0.03994156097526788,0.039348230605647246,0.1833761324822869,0.23873376735809532,0.04002647130573384,-0.04758980584227145,0.2264613749273895,0.4493180244994847,0.028990937256970262,-0.040467761794339745,-0.03857089336021675,-0.033328194345951107,-0.11984298213609007,0.2649970031049325,0.27193746979306016,0.27276818275185666,-0.04303749659237203,0.27776424207470074,0.35233518112209844,0.22770075088435332,-0.005902395325247132,-0.15736865806456424,-0.15798425773569832,-0.15445517126750252,0.011308348018291147,0.004223843806268224,0.008237406444794572,0.011879277604443211,-0.031129573333627016,-0.026737799854629183,-0.02180662036816925,-0.026980205152520243,-0.022063647369068805,-0.016160373311442062,0.014306255005445382,-0.13914937814990322,-0.04202597061164821,-0.040293434146068355,-0.035841275690441786,-0.14400915379484178,-0.26023453338812746,-0.247982114138065,-0.0008395114123163665,0.052741447820423205,0.05152906693132279,0.1452563685850325,0.0004584756447831141,0.13974413240420117,0.15305435892993507,0.1926640247588714,-0.0015843240510243959,-0.03102351019787321,-0.04481566786457794,-0.05546706835744623,-0.03544609148269831,-0.04066387705212001,-0.0014603478907012158,0.4014909570408426,-0.04283527362844087,0.167325304563048,0.014339755592715926,0.16599018831593224,0.15188469405005234,0.06905016193960346,0.46506936053640324,0.005507539845579249,0.16729917656760096,0.20943406529409675,-0.05352351973543333,-0.04544167899935587,0.30890216182803176,0.015959898681886648,0.01976503811116396,-0.3625114048405464,-0.3124397045613261,-0.02823281355898789,0.09002477848359933,0.3813110438892177,0.3681332234695573,-0.034344591736921955,0.0024841321489869365,-0.046062977336541584,-0.02222180361639411,-0.17688046684377975,0.22911186444462497,-0.03217358375637705,0.2606520014770027,0.25389184872294873,0.3638495340362129,0.18733074926159599,-0.3484245603787546,0.23548301584025663,-0.03675505997863249,0.294932347843354,0.3046497936111698,0.3112997194984279,-0.16781880645049135,0.004111538419595929,0.009198043578225892,0.25115697693076583,0.011077668740252924,0.1743037072756491,-0.17733491529949652,-0.02945003644530542,-0.005553564001533388,-0.01559959521717715,-0.018432260167491214,0.0014038118081046481,0.024525148002843795,0.300788384558558,0.32976520223879396,0.3677230376366898
ALZAHRANI-KUWAHARA SYNDROME; ALKUS,-0.015457117306168524,-0.01770284040166922,0.012694020288667594,0.00158726233093067,-0.026676620564151075,-0.024900117843472964,0.00010253740389302165,0.017612247347376205,0.015616348255352078,0.017617730832102472,0.004201802945811232,0.030431023287031893,-0.020463983765672884,-0.004836038388841123,-0.0019407110045204642,0.009838300889615471,0.022273624828992745,-0.00836234799850579,-0.010418208971159134,-0.004385188217676148,-0.03708130293558533,-0.018043022339075725,0.009320499036329553,0.0058568473129239264,0.0022807904763842515,-0.006312898579041617,-0.012701864945107366,-0.009230210281356118,-0.005679475694665213,-0.02201804173637941,0.015215465696946043,0.0169819516019282,0.004645087519813161,-0.012943591622397284,-0.02144197485917377,-0.022846524908144795,-0.023656803540241376,-0.10836776453320095,-0.0314611141047081,-0.03360789419560352,-0.03371672043421308,-0.019509504741541433,-0.01963549766986727,-0.018665311036582546,-0.02346309145054438,-0.023821894174881557,-0.02268859961588494,-0.004966908917706122,-0.018909917718231126,-0.019705157608398256,-0.01998998686395302,-0.01890496885870093,-0.0009414485812863309,-0.005773821453010399,-0.00821152169257832,-0.0029327395144000553,-0.004610187231636312,-0.00514269785460732,-0.00480839526319093,-0.008671794454280131,-0.000943256324052405,-0.0045422335335885645,-0.008093501668155735,0.00040050880319236835,0.0007720043795524958,0.0036271999840817295,0.007069206279583296,-0.03404580732708465,-0.012185885137958374,0.0009255894400985773,-0.019410448649471446,-0.013732365814185911,0.000755446982144774,0.006989218822522952,-0.019835017891738905,-0.013856366578508226,0.236347394227846,-0.27470237343013226,0.029554438899999015,0.0007103492785504967,0.033260637856022415,0.17208187252957705,0.025071571582982143,-0.15201565380089166,-0.14081658093333782,-0.0386769327458609,0.0029312970053036033,0.011034450806963582,0.0015849529869843843,-0.005837934213057559,0.0027622290058094087,0.0034353090371415204,-0.0113678061751999,0.00489307701122534,-0.023394448108842596,-0.013630309303225065,0.041772275282752895,-0.020315483701493768,-0.005849368280349065,-0.018874544873213023,-0.018717388684592554,-0.02820927876444131,-0.01181121573670498,0.05120824569334129,0.01807366407356675,-0.024603480322728445,0.01639872326437701,0.016708090929842975,0.01696461137964203,0.18242725816494063,-0.005173958330443153,0.01973281876171055,-0.012238592457335157,0.0024087724284858987,0.04971611868894713,0.201964549093924,0.18534531007104446,0.028908808663763438,0.05685532908017256,0.011634285828059681,-0.011802591075677606,-0.005291401002782892,0.013954756082353362,0.005084214340200862,0.004420609935673704
ANGELMAN SYNDROME; AS,-0.30122103895991825,-0.14066911490568187,-0.008919491789105177,-0.012890171103131023,-0.013946451469766965,0.0008637540030989264,-0.1355508839435653,0.09555927753439197,0.003456217322029115,0.2760293881695846,-0.13990582458055265,-0.023214534160407353,-0.014531098349208195,-0.007350709324609484,-0.1722219713923945,-0.2019333960478569,-0.17479434437275662,-0.1722932056836854,-0.013200061117191809,-0.08821182338042706,-0.17869799943869114,-0.0010670628494151425,-0.008052956168584402,-0.012941804712097223,-0.01597504001210054,0.010197794242352374,-0.2588035171614244,-0.24583995094588973,-0.22856582428092775,-0.005619688979247849,-0.1506438378071482,-0.18027571772254128,-0.023344906464180304,-0.018977516521864555,-0.12766068919169762,-0.13537463922076315,-0.1391943885143726,-0.018845031674198414,-0.15661383711284382,-0.1675739230393537,-0.16754775996675328,-0.07326741133935427,-0.09251618716299653,-0.10749823843295787,-0.10119222721368275,-0.11881730198424865,-0.13036057478137913,-0.013427289637865299,-0.09408514673292946,-0.1060564518046519,-0.1166866053606768,-0.01739295452195989,-0.08768437341815026,-0.08809750022870154,-0.016579005633881486,-0.005566233688514285,-0.0026452739601093293,-0.0030638704494657695,-0.0032297703216618333,-0.09770370411770508,0.0015588052507746857,-0.0030637444579716595,-0.006986324486838856,0.005480563495647379,-0.02627384685430978,-0.01081714148247847,0.0011292719917176744,-0.011592727687087585,-0.01928655579367453,0.0246511162260262,-0.012119275762960206,0.008921106361259817,0.3043106021755411,-0.00959710873451132,-0.016382791172060783,-0.01551378503583181,0.37053464546816745,-0.353049128992377,0.2052735131188496,0.30434612193444904,-0.006029753269505354,0.02611472401464908,0.18640089618758054,-0.14474735916002,-0.3298821665725403,-0.2820315511877837,0.028419594667629854,0.028014441913732695,0.012204708830847998,-0.12896589283367546,-0.254839943525674,-0.23290717877851685,-0.01560502481211743,-0.011609724569269784,-0.004246399146260758,0.00949024302112393,0.24390285656780117,-0.25636618590841165,0.15908473935288323,-0.2592932744526105,-0.26370377838956693,-0.2780759252895943,-0.250953233673114,0.33198704617483005,0.005792357048168022,-0.010691927389978387,-0.24731925177505815,-0.24631226358652913,-0.2412049382534141,0.16672799449255196,0.1447023542781374,-0.027388562547945885,-0.1310205202022019,-0.18941660977689642,0.19425364159571232,0.20686343603963378,0.021508206108666616,0.025853699764987484,0.17418458375827992,-0.025910725160174123,-0.08531520026988365,-0.25194668023501127,-0.32125703808590267,-0.3233305240127695,-0.28542913239611273
APERT SYNDROME,-0.021728685225943407,-0.0021803073233213487,-0.019158250672834023,-0.02982299394740129,-0.018405283537819464,0.01504556488872163,-0.04161896124881791,-0.018275348253168622,-0.18638662326785466,-0.0173992397444124,0.007651103856675981,0.031938922540136035,-0.014138105505400692,-0.03017465629209972,0.013887671910617377,0.008011536171765917,0.001343787043975543,0.005029668809759654,-0.012444503613431912,-0.019473908231844816,0.021287725733880533,0.0356672123715219,-0.029165784592306794,-0.031467707920221286,-0.031283447890402105,0.028035961832479122,0.011539936561529634,0.02335785359265474,0.03335006475799108,-0.006617358417067602,-0.014646835667600687,0.00407843033004841,0.022674317379611616,0.0022484878344857166,0.008641946382203069,0.008587265445017648,0.008701612705235473,0.01162832566120786,0.008563708369325098,0.0005686358407319676,-0.006019673455646152,0.00687041846302404,-0.00041711249280315833,-0.007127049087436477,0.006193352942037287,-0.0009127296585097196,-0.007985157865283029,0.004359296109069585,0.00841857242905288,0.0046839566511795916,0.0014323062871252608,-0.004590150062742623,0.013030660162996848,0.039665928897383324,0.048609560672960586,-0.008622075232418832,0.0018325097950655238,-0.0026930762410623857,-0.008211723890535321,0.002610551571229826,-0.002842612025372473,-0.006820234932538518,-0.0100966488115,-0.0008348093602107141,0.00013809410659376944,0.000805873086661221,0.0015992900368972534,0.016063467991469887,-0.017227141076920815,-0.012357022801115154,0.20108039326485502,-0.03581087368001108,0.053099609695270625,0.016154556823760262,0.17110828948199439,0.15945910747560066,-0.013073155824599699,-0.007858447282517634,0.045378196710788694,0.053102931431699744,0.042505003851395426,0.1672360925289433,-0.006604564357382769,-0.014916305476218177,0.03387358385539516,0.04869104509446403,-0.22472623347957071,-0.21355826205590792,-0.0019667175676863595,-0.019395830545361748,0.03615282809666687,0.036734664414206995,-0.013816081577267695,-0.02663995572716258,-0.0092418232251364,0.023803046860197727,-0.03959039287664863,0.028636524401985993,0.003409724737946996,0.031017841052582894,0.030478322274430755,0.04228119042613954,0.030358101072374806,-0.04634914858648762,0.025464720233266718,-0.006662226866612814,-0.003250863426617166,-0.0015990162261798932,-8.921032439924668e-05,-0.037424531823331726,-0.009634104912464381,0.0003698652715948156,-0.004670070580540474,0.002256060545265102,-0.029064057730660595,-0.0385072607199992,-0.028054585168780125,-0.02010762283195324,-0.002969379097771516,0.1725947966546297,0.02758437257384292,0.012287911784054344,0.020704127629249298,0.022320718792571425,0.03175339946285356
ARBOLEDA-THAM SYNDROME; ARTHS,0.001316049013183653,0.03516684075523531,-0.02520272562289115,-0.013927706653493308,-0.20034997985793976,-0.03189282210396986,-0.027353449432345665,0.28589099655685113,-0.24899471746923718,-0.024938170815548676,0.01669613914032348,0.03101826073441816,-0.008823188977177501,-0.023648642013575583,-0.019383144067352115,-0.007796839955245325,0.0031533712922295694,-0.0024001190541046856,-0.18909702448923846,0.002063086414664348,0.003015215846967552,-4.249641513626983e-05,0.008801478173425161,0.004020699714438928,0.00021906015436692338,-0.0006423135158844362,-0.029245277650465442,-0.02635522895326695,-0.022921860428879233,-0.18442538819000343,0.017851205391647973,0.028368152177002455,0.021377656776938016,-0.030445336619370992,0.03224717159933837,0.033224823493257255,0.03332978516005825,-0.02088483331406263,0.1808659520989434,0.18556806497418862,0.14387457890731623,0.032111928257945684,0.03463630571285339,0.03572628541694852,0.03343160489282893,0.035606030114987385,0.035922885182110446,-0.022745071773756127,0.03251113742395668,0.0339434777804123,0.03505961335103373,-0.12400548861448948,0.008975398973012806,0.007947811614737945,0.00401125482367712,-0.020035747324282698,0.009273726860952874,0.012551947361299687,0.014559499704632996,-0.022777053049829906,-0.009545117199506941,-0.012194468319989922,-0.013815929175968088,0.00260214541888452,0.01417851732683276,0.017286597173239333,0.019602878190891765,0.0019980901506282357,-0.21020787071339328,0.13107658096037958,0.2552801300065629,0.028017655964153433,0.3346814134218656,0.0071877181338469934,0.04323286695540441,0.03818815876763205,0.030137096976779135,0.04037733835237701,0.015009305898713155,0.3319552755237358,0.033232519934301395,0.0027626067249840237,-0.01393396396977385,0.021699021502136193,-0.13198687570935175,-0.03826193907527101,-0.007495032998971249,-0.028508268964265063,-0.10361610834740786,0.010708618964482884,0.000279006910841116,-0.0010985132505471511,-0.13991307098597558,-0.002101546703320276,-0.03926774450396057,-0.011970057317681013,0.025990088002763135,-0.01024388294534005,-0.018996124948908705,-0.004684000760061348,-0.008719186108331473,0.007410223367959517,-0.023606228498124007,-0.006553603490571525,0.2170137059258044,-0.022955074705510694,0.010971392010766952,0.012860029423098449,0.014090991584079806,-0.014836898313894484,-0.020686875020069936,0.016313213218990905,-0.004711047578423828,0.013556116278663705,0.014977084845779998,-0.02402098708436792,-0.0047502871484955975,-0.01897857619522344,0.00275932151230939,0.023111642109660956,0.13699150999404366,-0.22670443716696748,-0.020383296612904438,-0.011500492266007856,-0.005421967967584805
ARPC4,-0.029892722036691022,0.03412008239492655,-0.007321423967410562,-0.013254234690108706,-0.030017770866314842,-0.008937430546762385,-0.030541535493530676,0.0031931554895347266,-0.25698455456500063,0.028832084886381372,-0.03576968678500013,0.026243012257931787,-0.017438216055438344,-0.003790915178712678,0.020690303517344244,0.025673744808014803,0.023697290285613282,0.04195366269309736,-0.016973192439410596,0.012011756155914632,0.04157911583061526,0.015074019743621098,-0.1453181968056287,-0.04315342823135452,-0.03607412179858752,0.012186403462801703,-0.0043268393910875684,-0.003913824077402668,-0.003614217816151475,-0.01913427876952326,0.03336314382094624,0.15134744574127615,0.035935438727779115,-0.0153600598243888,0.0395769596097451,0.04012023306858022,0.0403788299630531,-0.010937835146503911,0.03308708366050485,0.033357154728826964,0.03251002036664233,0.03732569641412923,0.038033813144360655,0.03755428109544188,0.03714171874093091,0.03681210513826432,0.03602655306043757,-0.012709165697950942,0.03957114831740211,0.04001793385018908,0.04030004330101581,-0.007175157752727874,0.019471415891354284,0.02154325069464098,0.015481415880611707,0.007404123594809353,0.23238606703748702,0.22724442566269154,0.16435541441769294,-0.004513641787017734,-0.014829528740163002,-0.015470038976423258,-0.014654445076980487,0.002812616859386529,0.0110313102948084,0.012423487461197324,0.013020634694550602,-0.009436799525137667,-0.015607536898840648,-0.001812172034053994,0.24391580458392936,0.005802637438977727,0.2227253038775061,0.02907444783067698,0.030128926774046553,0.031519993569115536,0.01768354323805213,0.05327378442792723,-0.009431098235829855,0.22348981576922963,0.025325205832488974,-0.005261975834641805,-0.025469553301946956,0.028634901965258856,-0.019268877434682433,-0.02509887126674225,-0.02543577036397456,-0.0325001551656134,0.0032890296890350727,0.017156306591255416,-0.03674684678383764,-0.0373017466999561,-0.009225991404027148,-0.008439356596757522,-0.041536420651882226,-0.005073322952084741,0.15520378495756598,-0.22460502712092775,-0.028124936588175043,-0.18047085067725024,-0.17849699509683853,-0.04427062575319516,-0.1397588963165086,0.016892383089885447,-0.0023529884860992987,-0.017008551634488556,-0.005972276078333258,-0.006129252111649444,-0.006346450539975289,0.02136377724931217,0.03445582878243365,0.026522859038906384,0.04280302130963114,-0.030309041767310578,0.04699187776430896,0.004699355892085649,0.017537899026555098,0.04042801624256682,0.031056710256930527,0.027511893550934342,0.0018386610774051662,-0.13514409882385903,-0.20976507073732384,-0.15736081406599423,-0.143257661302217
AU-KLINE SYNDROME; AUKS,0.1237568433139026,-0.009032108390802773,-0.1322838462238786,-0.01993674976666099,-0.02516369093442826,-0.0011784238401523603,-0.3240358379945558,0.03768918105512027,-0.02528879542993525,-0.23054713115613745,0.12628427551266094,0.2563540993494296,0.10197404163009355,-0.19383026990904254,0.2528173627522158,0.2757084911153238,0.22888853039887921,0.0390740248124298,-0.12322087552347478,-0.008135400152769472,0.009785851026823103,0.016165065095074285,-0.21409495297400982,-0.1535205011784442,-0.03834797449925054,-0.01817247167832108,0.0035878996986444763,0.007391627023666249,0.011824042508843696,-0.03287431965692099,0.19263762057031483,0.3403377931397627,0.29251042977865727,-0.006404046116669991,0.03349306702640681,0.03192423626339723,0.02930167521920457,-0.11865820564943154,0.019937663034103846,0.012013699407135462,0.004380141465143837,0.02653864544031557,0.020065668086466308,0.012661297477002249,0.025525811281642174,0.018673385993722667,0.011319526308111966,-0.0029869895960863654,0.0317928657414273,0.027827525285985234,0.023087876958123876,-0.03067621637922496,0.026474208181847644,0.12876432109665492,0.03873818752883513,-0.004894407181105682,0.031886326652016586,0.02342638369666343,0.012714706596545137,-0.027944574622476202,0.08723502050439064,0.07677905882585134,0.05822103925819316,0.0030793675547843386,-0.035462764631816385,-0.028942712897925285,-0.015249831328334438,-0.2944248642898464,-0.03254203048799329,-0.0028606842103007803,0.029885472920472767,-0.007294050518014971,0.10287184427901463,0.008626893636953566,0.026772976490429267,0.02443904249991984,0.005991389643288889,-0.027944147038545385,0.04021307801219913,0.10223701572547766,0.14111062830147103,0.23997485530502308,0.0017959019125871139,-0.0217130227305361,-0.24288978189551466,-0.20060635628926712,-0.03701290011031655,-0.034148797216303074,0.000706675122223397,-0.010163050619858754,0.2196318109331861,0.24433146590640487,-0.09535664394911669,-0.019493955542397298,-0.14510276607503267,0.0022392879874117894,-0.015893231318270036,0.14271546149035605,0.04236315501892538,0.2045660133938934,0.1931983222961937,0.20944995656850746,0.11788257403222557,-0.02645223073172563,0.21722848540099357,-0.026076779982073337,0.3918938293160369,0.3949503841776736,0.3911214386363308,-0.20161072548173445,-0.17788355105212691,0.007249190818982017,-0.014631763770793593,0.2364020112777325,0.22875439915565152,-0.1858572165041091,-0.029207487989101128,-0.20373114409718443,0.008089762536765143,0.17274881027084238,0.2532838593126524,-0.003936514141939384,0.11398801729878492,0.10732549426386391,0.20660926510581545
AYME-GRIPP SYNDROME; AYGRP,0.021362672023736796,0.27231388226706243,-0.00041294038157971985,-0.02069677494198311,-0.006108209665431596,0.015361680951011208,-0.02460409271949138,0.19762342185582474,-0.3363829946660027,-0.21903401404787678,0.17349005749004998,0.18108492617833877,-0.018980066726735245,-0.012374283468471543,0.012918641845136422,0.01111998763704188,0.005917367346923699,-0.03697443825647011,-0.010081541849576662,-0.013880332074730767,0.009054514478123846,0.021657221393033874,0.011271590997194448,0.01655002635124199,0.02013177388179761,-0.011009990841687751,0.0017857287763022726,0.004134804840057598,0.00683091598051039,-0.006774971662289267,-0.009011630114225606,0.010236244364190454,0.02711153659323533,0.00012724123095301737,-0.007799931412297628,-0.007450135128333655,-0.006881747417477883,-0.03803728031495539,0.048618500645418124,0.03848597069549235,0.02620605614114634,0.021718761979630574,0.015378944844009323,0.008008307765697565,0.025422062218173152,0.017437829478813418,0.008843568051472007,-0.003299376447517744,0.0024140445580476356,0.0010018606246743982,-0.000327404656004832,-0.004249344746101396,-0.18031762997310474,-0.1754784482896388,-0.032117967513627596,0.0021109353302869623,0.010783044042491094,0.002530318118630423,-0.004808322057232097,-0.0273110932210928,0.006437946786770144,0.0028899257564349986,-0.00033455715555535286,0.001286843601109601,0.0035928811139287224,0.0063901348547958986,0.00969724511924312,0.03309613515937671,-0.013175876511413474,0.16972388679809425,0.2617243495675626,-0.04808593433359713,0.2023984502476176,-0.04212812705359412,0.005194427853175114,-0.0030042963137336914,-0.010491447121048767,0.007398928608807766,0.03059102811560015,0.20199423187787088,0.21491991118276768,0.008904317065516882,-0.030974294758890797,-0.021768909476920763,-0.047961794349219,-0.041127589419280464,-0.051394434825644875,-0.02622892005105285,-0.030224867964950428,0.011870006110708112,0.045143334500965554,0.04395892274705142,-0.010361649430238732,-0.017556620762859083,0.0022013715906765356,0.018557065926175495,-0.025969752066105627,-0.0004552189940237308,-0.036138741501969496,0.00789950474606387,0.0016075757640550948,0.03400191785096989,-0.013799383104009643,-0.24312727628445363,0.028422282567935685,-0.023366728965203136,0.01334096672504301,0.014818502422925867,0.016703068285953422,-0.2589307322102068,-0.18723317649956944,-0.02651800567483495,-0.03301857472597527,0.045858522889782184,-0.05332268624696782,-0.04984605846942438,-0.04920075750096477,-0.2801813950798751,-0.03731649061355356,-0.007835682994448468,0.41042036906276225,-0.2715535999546002,0.015703495227086375,0.024677060206534585,0.03731990746630057
Alagille syndrome,-0.037312383914814576,-0.0017847559690300325,-0.11029614743015921,-0.0321464445581613,-0.11737179370476013,0.0001318606369934406,-0.012276034301221744,0.3015628417521293,-0.3637284199316659,0.013750022441405925,-0.11794947769551743,0.22772241394195641,-0.0012134533595844176,-0.12538985003597233,-0.004405431378304012,-0.01489460672719972,-0.02059445553833723,0.0015870042572850474,-0.18039094906765432,0.0018612105621153144,0.237610978518234,0.12269818645723295,-0.026329182887085,-0.018786896005838112,-0.009766360399131735,0.014835013610152535,-0.017742535104149325,-0.018108991284812435,-0.01846395050199945,-0.11814120715553189,0.022074612537399396,0.20815127934208016,0.2000024692015146,-0.003999455255932574,0.02538654157862378,0.025950709978789014,0.02555596436730954,-0.05922790969462986,0.032473568459166796,0.025777586360149984,0.017607571056677672,0.025162261424710272,0.02003685895527028,0.014490735482697418,0.02442115889133539,0.01821877748907666,0.01145097825209518,0.0008107528501013719,0.026676685999294174,0.025108498751398575,0.023248935375153844,-0.028751257904648414,0.018321523162414935,0.11466421960619465,0.1562176237097971,0.0008670384221609838,0.12109065214287103,0.10407305176257156,0.02366682186434694,-0.028117644113806833,0.03968158686873487,0.03126779197713508,0.008302481406102586,-0.11366817223636766,-0.01183365773484157,-0.015821014694704028,-0.005769801556481712,-0.0045940202529596895,-0.1907081048764436,-0.0033181970854804254,0.38969788761164276,0.16178876208032533,0.45173624923373706,0.01774784318896037,0.3131833399292619,0.28211451331871595,0.19564901914511015,-0.010833501866601997,0.024094329109119194,0.452260791774204,0.15793170410873866,0.20120859391766852,-0.008129618064326381,-0.020519131797967403,-0.027766977960622614,-0.02062775245649335,-0.0322410489919884,-0.2423819495757875,-0.1594148862584743,0.04905857162383509,-0.001961751677515011,-0.009233967169502262,-0.07315776182650986,-0.02838140362113507,-0.1862158434495056,0.009745969283133399,0.019913180954990152,-0.12444729533890164,-0.24695121605075943,-0.031211450656456998,-0.1160971093483157,-0.01065280679320656,-0.12942103117968126,-0.013766400976801357,0.11211042326876422,-0.016161919632443813,-0.004482011981948521,-0.0036810964369085155,-0.0027687516133176673,-0.017526264225297142,0.10950317627541906,0.009639432698454227,0.20620961338239172,-0.03304084355594543,0.23783303338895828,-0.10832000961969926,-0.017322542561186125,0.01227959655002933,0.011182903098589676,0.1962859145336805,-0.009142865511062637,-0.2971466996760272,-0.11398167999616193,-0.026206641147203287,-0.017776091219768978
"Arthrogryposis, distal",0.10883083951473133,0.11017274210398986,-0.1201893220638939,-0.008786110605206522,0.02314596298771754,0.018363769419739072,0.0011362905467401257,0.34545139277668446,-0.007692498427997359,-0.3323025303167676,0.33169605083570775,0.2993591920688042,0.018302693304212473,-0.0301297461359719,-0.0043260555610729525,-0.003710898640327409,-0.002216342041076648,-0.30133541170914785,-0.11769982242652813,-0.010243239522349656,-0.00858704089629312,0.00418957423792664,0.014781390301753176,0.02325266012014374,0.09062932767164639,0.01424806988059341,-0.00467003397281131,-0.0031060279376747897,-0.001438023699817411,-0.027750060391788556,-0.019990421217230065,-0.019870066939366472,-0.006387432225020367,0.027543024904942794,-0.1698895353434494,-0.18113957895729355,-0.1891675296578178,-0.005150084592642017,-0.0029116973844073865,-0.005763953120347459,-0.00801950458063522,-0.0816675341644724,-0.086577134977836,-0.08828971074326453,-0.022836179462321925,-0.07839841133679201,-0.08080814004180299,0.10407883548444714,-0.14881680455605667,-0.15649652023722782,-0.16296928617715842,-0.1466173919776733,-0.24378674259761093,-0.29457245464600973,-0.24470572196835458,-0.007142546908043724,-0.18296735043430654,-0.2097115163087524,-0.21974990251976528,-0.006506537524294521,0.08248533820037286,0.07813669831735087,0.06693330108092395,0.007120981054561385,-0.05210074636735279,-0.016174133968039153,-0.01526976944768606,0.016889653643168256,-0.14448828956673726,0.2533893650118763,-0.032161650082627856,-0.22947379849342844,0.03334946070935021,-0.3508128977296074,-0.27693455396965505,-0.30819691583249054,0.13485801967772795,0.00786306594397592,0.017208754113558593,0.0333997712394576,-0.023540832718809558,-0.2382910839213071,-0.003982099491508977,0.0029403836307900165,-0.11504411416985807,-0.10110379643387038,0.01721810894526871,0.24809450893925483,-0.13509733870425505,0.12529639218378835,0.028045348758476602,0.024849276810386768,-0.1491586968292495,0.0017828988834139125,0.202384984739859,0.015938861886662353,-0.22125860283187873,-0.001419472609943103,-0.14826749681099252,0.00915973098568233,0.0017696857560045493,0.02922119702296647,-0.0065417854082516925,-0.21997647807673443,0.17634406386999632,-0.027530396046306353,0.24110954053698663,0.2468406414805956,0.2514875789189791,-0.32617143236626017,-0.3444472656833979,-0.24082265646971085,-0.20925684978531595,0.29490334712752964,-0.20827729808971251,-0.21783677266516666,-0.2678104829181973,-0.36687708916700806,-0.021448467048238756,-0.28969656576156383,0.5784178534377467,-0.29981809523680625,0.12369949572511643,0.12225452229199499,0.10318581533518577
"Autism, susceptiblity to",-0.008907460206468064,-0.01587348113343734,-0.14222863953189122,-0.025083472201063627,-0.018500952740350105,0.008002018501934324,-0.1837177662194156,0.04222833308518811,-0.038619681912739706,-0.018052126476677238,0.0020265576705675876,0.35033622829030386,-0.0132154415983416,-0.14159714382886288,-0.005549965374715022,-0.008495412213701505,-0.008874257738853681,0.0085705049974418,-0.14438346500350033,-0.009720146845904694,0.03753349613340389,0.11525385078566033,-0.003570135566140173,-0.0007445584309508823,0.0015730115675799503,-0.0017026450139481855,-0.04078683157532327,-0.03685870676632367,-0.03167041944214577,-0.1970068922173825,0.0250044173397645,0.2519601124619331,0.24995383351253564,-0.09869097482486083,0.02883867238952431,0.02968248007076325,0.029655599723595313,-0.10776442492129018,0.023450112386583448,0.0178230740158837,0.01142767181587736,0.02810628447378323,0.02129790654172195,0.013989538388879794,0.02636970902849092,0.018992832263109313,0.01101851913266923,-0.02100191968981615,0.030372000022156904,0.027994722821975064,0.02507124072119961,-0.13512603476891627,0.01991200415073227,0.12618291487285732,0.17480639652408206,0.0017424387382697613,0.005670956938355917,-0.0024417478270822393,-0.011752837663784392,-0.020625452589373695,0.026832170140093356,0.01212700381767285,-0.0002663643872834939,0.002842656742722927,-0.01381105074292549,-0.0010145360999447362,0.0023581512551799034,-0.33493839121574653,-0.20063517697748903,-0.03549539363032889,0.1775939322644203,-0.003519165610484271,0.2591465798832568,-0.0014900360958457035,0.27527014770853675,0.18558424314123648,0.05774235696914677,-0.032977663350855044,0.25382320797793806,0.26022659591524616,0.03839573380912344,0.24780703816757776,0.007074842787270229,-0.021487826540555727,-0.17302058105007045,-0.03424366675977761,-0.267709297960969,-0.2830838738714864,-0.11359212077959822,0.017604681863851893,0.23937665706447217,0.23458016663916592,-0.1293073932490164,-0.025324887053022348,-0.030428400716505426,0.012827797302274456,-0.011044211024566262,-0.0038445788849939687,-0.029070226897114065,0.0047679940603383665,-6.556157297705812e-05,0.011431571243182687,0.00034044692724063437,-0.008934182798648974,0.1506215289692437,-0.1550561523332887,0.35380547076073593,0.35696835035779345,0.3525891626192897,-0.03666000216159336,-0.004350532732360645,0.03104616356120695,0.01412097260554007,0.02362569902098927,0.3093418980891447,-0.16631036552799494,-0.020965880029212524,-0.0176684307132274,0.03238853172997535,0.2119021054173063,0.18883993006307206,-0.1600141922033278,0.03514377437033996,0.03094281378922766,0.15763174991243306
BAINBRIDGE-ROPERS SYNDROME; BRPS,0.03308513817194771,-0.021098594760865324,-0.029723735435932562,0.001577321673315738,-0.03275709568627016,-0.033677271589116015,-0.03511162085195203,0.23991963141044556,-0.00719353988783505,-0.26313738153988764,0.18118344648628448,0.005735445439804987,-0.007551726314578036,-0.032595686544952825,0.008731528461539718,0.0211147864528049,0.026644150388230543,0.023096823503166834,-0.035938593006053864,0.0029072843029095507,-0.021047690988902624,-0.017083211195030444,0.018923929180857276,0.019120135545288033,0.01762210605226859,-0.02440543525947578,0.0014550058872564427,0.0019290718913764703,0.0022296708068614878,-0.03617813122671687,0.040776876686518956,0.15779031956466621,0.026339597610098214,-0.19569910320740028,0.008176033440865189,0.006775326754539707,0.005325249269319022,-0.023011502938428515,0.004182022943464481,0.0026771002934151368,0.001297204545308206,0.00496222273599866,0.006336322270328872,0.007658845096165119,0.0041440466007633256,0.005303898971172801,0.0061452492253134495,-0.03429486864881073,0.007625395991980181,0.0074838314877439605,0.007461231119205847,-0.03997354604532205,0.017558079933077873,0.012619124265366438,0.003655615865120282,-0.031255518882479405,-0.14337265513855735,-0.12598887767559025,-0.029871021974650313,-0.09221082795737522,0.05195579325477622,0.011042978008714791,0.005102337634738118,0.002279843740254072,-0.0070928250770002895,-0.0034782519727643442,0.0001479345184487516,-0.023244520093954123,-0.15795269700036343,0.023677759828648712,0.006317297612745057,-0.0038560194078430332,0.011060772847688815,-0.006938059805375397,0.00811449947507812,0.005179366981260938,0.06137944379692535,-0.2747070879760009,0.13329043247114813,0.011041450401545829,0.039288771640058,0.21086165058272904,0.014552773803516338,-0.1479841199866579,-0.28426592344388213,-0.24794960044009925,-0.010814079808669849,-0.007830832548356974,-0.027528416134710205,-0.004904415886492879,0.24527459705156784,0.2339021568120377,-0.04026375769247281,0.00827617363677371,-0.02054675370570059,-0.017695337931834282,-0.0165825964517867,0.25815535430696396,0.023333113075451703,0.27821200472971774,0.2618717679137314,0.27244383352414153,0.11419792701697812,-0.033510422661528115,0.17581280833654417,-0.015773632414495274,0.2512653782043046,0.26373898215000163,0.2721679693014766,-0.166894551402406,-0.19389201958950297,-4.289105483376297e-06,-0.029019559675910394,0.2359437088269185,0.016730860506248488,-0.044543816815509014,-0.02986083411708923,-0.2424382777263472,-0.0026782059320696163,0.034529755293151325,0.021226648363382554,0.0006942956469519784,0.03466542854011715,0.12141108456146937,0.20896451009908731
BARBER-SAY SYNDROME; BBRSAY,-0.010097726673905317,-0.0003637530969211986,-0.030484819983238466,-0.019809738685030352,-0.14465709052717127,-0.024602239471590445,-0.01986905375464749,0.008891135403730443,0.0005807160347522965,0.014659920202571435,-0.01840716361788756,0.1624255596669109,-0.01949748999494599,-0.03104629900457046,-0.020870326779881727,-0.029197621909963316,-0.0305180865520408,0.04365079487772174,-0.03572237708728246,-0.014697856285560763,-0.0313854515775834,-0.005545543233584932,-0.030046816845789266,-0.02765184090276231,-0.022745071020374277,-0.009214218174535303,-0.04033127252124144,-0.041166189578779724,-0.041073697299054954,-0.03678156189576753,-0.006917806835287425,-0.0009571857569201112,0.0036226760674946948,-0.032454424544055026,0.015126702044070059,0.017415798525436555,0.019412260765150076,-0.0046949782909549605,-0.005650329305257689,-0.0033411639093667614,-0.0012510481325368255,0.004629030525287062,0.005473502716765041,0.005795247138191572,0.0018765630950913013,0.0019668212751551488,0.002021841932261732,-0.013525750972577315,0.012834676738500337,0.014323265112091723,0.016066289250438726,-0.035648500224693985,0.03215875090230014,0.04016277046387408,0.035465398638452224,-0.03365954803325972,0.024155505741194263,0.027458881761986378,0.028677598639132516,-0.014819471889454885,0.005263855794494892,0.004431599486510616,0.0033027038778209008,0.0011677356446703174,-0.004440100168499353,-0.0047223357566870145,-0.004663558340178723,-0.01941551647646519,-0.04378200468400617,-0.018443512576803,0.015446377491180713,0.022250612574688192,0.16307708048224298,0.05230747787633601,0.02540453220854799,0.034192845042522194,0.018701986489390345,-0.029217276520306208,-0.0034362222818851936,0.16229028626869135,0.05660154138608216,0.20259090549366765,0.021719733273882862,-0.0038690223574281727,-0.021464288703277944,-0.024590313053298615,-0.005069705032624073,-0.027314111235007182,-0.02479513448470632,-0.01633990836964486,-0.16175315949231717,-0.16649360011848163,0.004389542805494976,-0.017893300864120665,-0.05880785572899676,-0.00991172221129927,0.037126452675494685,-0.26344105210981394,-0.13243048029718796,-0.25797294027160084,-0.25611458586388863,-0.23799679052860986,-0.14132990436514659,0.043337504852129054,0.035625866103876004,-0.010217893512210299,0.04245627808701819,0.0417199296931489,0.040562851416376354,0.04581657566199365,0.015707544034467596,0.28566522828736013,0.04380714912315951,-0.002144249641804346,0.006668832159071995,0.00927512155366382,0.053158536596099946,0.1748932814985659,0.04229917426756031,0.057837889793727726,0.28716734112380976,-0.27035518824805255,-0.04756117328254465,-0.16550029252217546,-0.1718263861752122
BASILICATA-AKHTAR SYNDROME; MRXSBA,0.009789277606335372,-0.011163796123581439,-0.15134367277391889,-0.03049855079770942,-0.028691165754140886,0.004517649372357489,-0.029027849986021946,0.1578674868682268,0.03308019676164153,-0.02290031131304803,0.023950055454996833,0.03958726294221606,0.036881744365503184,-0.15214644767550378,-0.0025741086647459045,-0.0069305467306409385,-0.009715688270497173,0.04416611322719068,-0.04190235002530201,-0.04086639228611374,-0.15212332364658418,0.006163175245940324,-0.02319042595770017,-0.02090021248529831,-0.01664320425382226,-0.0023475616783540975,-0.04198118016056631,-0.038699052292514385,-0.03446047379793629,-0.03411604085014009,0.012459433004125445,0.16369237187829735,0.22750741078915235,0.0010639929007705932,0.00631441439156299,0.01037032663691091,0.014146696337206636,-0.011228226609775219,0.0012755469391000913,-0.003909283197929818,-0.00980910250176406,0.012096168064088276,0.007934524296081848,0.004051826567889025,0.00968159124775172,0.005261534825271377,0.0012829229321809359,0.0011755350562023482,0.010524314113009215,0.011319493839944022,0.011824912679766491,-0.03844395949628389,0.0011956558938059404,0.02074797717392354,0.03257765494875209,-0.011383254224879466,-0.010037503719301304,-0.016327860352245652,-0.02146353356636782,-0.024431337779629348,0.002011491868458143,-0.0005298996746261916,-0.00338495408963331,0.0021617832497760827,-0.0043670629587976495,-0.0020033360882345387,0.00038224254546158733,-0.307286189866783,-0.20782875451539676,-0.007148142430553498,-0.01970758935962807,0.00620363937171619,0.04004781894355733,0.0006257018954253167,0.012388101015732839,0.010368970425191951,0.18880897615163472,-0.14267369908330763,0.03545614027736709,0.03988411472751387,0.043052129664482124,0.1933871462518308,0.003349694612609709,-0.03410789334374492,-0.27574927643668756,-0.24326672288684426,-0.003028778784839484,-0.007129245282369273,-0.03350679300023201,-0.010822007382635935,0.012299790846258755,0.013698311874263661,-0.19670171670307177,-0.024975580908582894,-0.02229032610765063,0.015287633792142626,0.016188759353149833,0.01982081581115469,0.01917427404869611,0.025405662589501887,0.02264068506794564,0.016432305921862612,0.010994912577567382,0.012477292193127367,0.24667963696633416,-0.00582213695876544,0.3170411962830662,0.32543203314889546,0.32873893679350075,0.011986976944292923,-0.027173546585938364,0.03558092905651493,-0.2367142586274498,0.03030444279303315,0.05401738995373705,0.019156428138242313,0.03322166064616365,-0.021214291420185393,0.05086485195718596,0.0415087737560143,0.29810580844757356,-0.0023969268977285735,0.006005555801712704,0.0038379138565629066,0.009703778548331888
BEAULIEU-BOYCOTT-INNES SYNDROME; BBIS,0.0025654474194437386,0.02696094779600423,0.0008883448126955622,0.0005481594803153303,-0.01762069778672356,-0.01577603270424409,-0.005330055239750631,0.13084234123626196,-0.009254558618207192,-0.015395773684895885,0.012601074000164178,0.029692183824931377,-0.011113822442351696,-0.01420307590808605,0.004525254025741697,0.01612576852650221,0.023323596643947023,0.004159573406430755,-0.01879078638372633,0.008578991852704018,0.009075194465060653,-0.0016505664338914714,-0.01700481744117088,-0.01915131592457097,-0.01886118479647563,0.001111743875873227,-0.01589850256089242,-0.014676966321420648,-0.012922954649903815,-0.023194812600752103,0.025664553478296482,0.032975699508473524,0.020051585747690698,-0.009312627494659272,0.009301951392742265,0.007945134095302762,0.006114747862330981,-0.013462172928681975,0.012498569328837285,0.015404789706327303,0.017347646208605176,0.010278073357266783,0.013821355581579568,0.016913915357852853,0.010489296047381167,0.014636946327284421,0.017472513153788075,-0.0090048596344155,0.009493845953079243,0.01003940317274416,0.010248474847327736,-0.01802078905907274,0.0010580532735326444,-0.0069391506044683545,-0.015573721885199844,-0.021847689305225425,0.01704576107488744,0.02087587566384052,0.022379618962005847,-0.009324061022891916,-0.0066317354097214605,-0.0099675688215867,-0.012279819449916173,0.0019490320247996752,0.00852261625364864,0.012294256252559428,0.015775814545860772,-0.04258259563789878,-0.024000445104668963,0.0009558877031594329,0.004585208106967488,-0.006506799192842799,0.029616031819598966,-0.0075019215852067545,-0.0007780170128019777,-0.002186445143686535,0.026175160098581923,0.03955869852572161,0.005199074674899283,0.029701358274031774,0.0014213246440785974,-0.02434674757179855,-0.016344750959779452,0.0205897008380379,-0.017462659317860372,-0.016447069253372366,-0.0034144848101259027,0.00016306917239107416,-0.01020955419098166,-0.0067700064216674105,-0.00460819422803305,-0.009122243592595053,-0.017486123051909785,0.0018906314217799946,-0.012120805580174395,-0.006758642462731432,0.012711774478698448,-0.0065115925767584865,-0.01786977272828245,-0.0022911987007841,-0.005460352020820039,-0.004475136622900652,-0.010307344186763519,0.025346539564481043,0.02851718132364876,-0.004191221909801819,0.054936032717095094,0.05534283220919998,0.05584352652409311,0.004281858693377925,-0.01590203844689036,0.010513697889652623,-0.003661826861839931,0.025973683943821643,0.03929882431130202,0.010523240515212149,0.01392677565607287,-0.0027868193628059236,0.03699280358057053,-0.00546346889352618,0.0498999480274964,-0.14462014607206403,-0.004985987961022751,-0.005944875489432133,-0.008266047158790757
BECK-FAHRNER SYNDROME; BEFAHRS,-0.028127712599803782,-0.0047145174104142795,-0.008222630517395418,0.00423457186664564,0.003717049232047878,-0.0012140052736759964,-0.019313685383323762,0.02317876814897334,-0.021836528000407245,-0.03173543066457323,0.026805731482727874,0.02714954403508186,-0.021287245477388392,-0.013994951599866528,0.020609652777083272,0.0236581751884983,0.01977432275210107,-0.008401432069158096,-0.008165057654113978,0.0032587963188716986,0.025337358677541746,0.010806764946915669,0.015297799669329249,0.01650233765535888,0.016132516654488137,-0.02215512066810017,-0.0007965081850848131,-0.0006186401040091871,-0.00043565986752200017,-0.009256062401454355,0.025217013339274248,0.13279075948690583,0.0334607454007987,-0.01725026280046248,0.02166955407484274,0.0244330176839167,0.026599642873632943,-0.003895049017062724,0.023963824056512557,0.027493759396988938,0.02881313293871547,0.02552256013334134,0.027153876300561552,0.027634995728904616,0.02494838733860678,0.027346171039720424,0.028044917371564768,-0.017279547675235013,0.024451161863042144,0.025752723304941404,0.02726706353995804,-0.006014628617848225,0.0031491894934493384,0.004527382561740835,0.004047667107524999,-0.017673824999178914,-0.001288202663507926,-0.0004319971456231351,0.0004530788964111002,-0.016412858294611456,-0.0013134794238717827,-0.0022340334884506682,-0.003009314088829356,-0.0004076125878253578,0.002759300495247082,0.004830609437898013,0.006999500325657105,-0.028483087236691903,-0.015080261188977179,0.0011641638316322509,0.015650543597299883,-0.02194110631684425,-0.002530074041265352,-0.02698384207462587,0.008171459477099465,0.00152788860971211,0.11370895562804834,0.008377337029213894,0.010143822181648507,-0.0025079811427500096,-0.017726448305489192,-0.011961566256630113,-0.0014268197738468613,0.007694552251337933,-0.033038642636661585,-0.03142669190653629,-0.029211301460899827,-0.014143491035789935,-0.012942773785002642,0.0012925411879054266,0.03211299999218492,0.03127271014485717,-0.01113015900805389,0.00017226460895605996,0.010657002862208925,0.0036296018198821414,-0.024849654401060278,0.026680953779956086,0.0024632587228652883,0.03294984330461178,0.028100702721239514,0.03827363411427582,0.016962943658670057,-0.023736892081852107,0.017534706534602082,-0.016563364248293227,0.1540614580895197,0.15412637017847824,0.15497551487562497,-0.039795177487676546,-0.02919002673539857,-0.02427874249138959,-0.0008861540693133577,0.031812573207776224,0.019914042903369938,-0.03409415134611979,-0.036303872651775385,-0.02689670933835997,0.0035213250483272117,-0.0031799673915771398,0.02488784776140959,-0.013208686882707299,0.023381249053389206,0.02390385100146678,0.029432883331758142
BECKWITH-WIEDEMANN SYNDROME; BWS,0.2522343129923974,0.03695340469137948,-0.02019116305569035,-0.01372725991973247,-0.12040490778956495,-0.019337492542692142,-0.2943900869744185,0.2973046382207161,-0.019355347554662655,-0.3685095933069755,0.31346171576852466,0.01686769770521635,-0.0062998400535388775,-0.00855484228688689,0.020464246072957604,0.021734831261775122,0.01627855388298961,0.024674030067755485,-0.029341140444204286,-0.0015888018764432857,0.0024230278678812416,0.003514844508996585,0.006649475335686538,0.010450855740834169,0.013375111959022138,0.13152286765002733,0.030996361731102026,0.030454234812817425,0.02908120583871786,-0.02422526839784454,0.030983930120260777,0.15927450579026223,0.03767537976465594,-0.01963964361466745,0.026774653247862813,0.025999312323010868,0.02525855286279037,-0.0139205327933476,0.12082420550926401,0.1126116113363289,0.09913238236548,0.010887257691300105,0.011015865227168251,0.01044946420239889,0.01910859742574294,0.019193869902790588,0.0176491155314558,-0.012514998227496608,0.015846979407667654,0.01527584543007724,0.014689133625752788,-0.01851663665439338,0.027732731074949446,0.03473953796163089,0.02831014718929099,-0.0025715225971472224,-0.033453084402751965,-0.0375927672376362,-0.12235738279601559,0.023130390910647555,0.007596976929458796,0.00435924735076247,0.0006347449433678647,-0.0013427468077271362,-0.010774097287576223,-0.01581375983377265,-0.02014536562222551,0.011931414664816356,-0.033417691014180656,0.15103201453100873,0.03416393616257568,0.03483571376838972,0.03305728948227828,-5.164802475606284e-05,0.15712643862110465,0.041304591423699646,0.14388954981172836,0.24860949783735048,0.00442707750421729,0.03299686009494674,0.04391685356612746,0.013062724458374442,-0.04069650954605169,0.014578248324665675,0.008834427498790813,0.01081068411559084,-0.004061140749225491,-0.02718538887419377,-0.02190720259333892,0.007866767514201341,0.013661484311723988,0.01447829576272962,-0.01970164214212929,-0.012076765128915607,-0.15202231641667993,-0.0038313665603417002,0.007423738438757425,0.1276311302472741,0.03495762852803562,0.1955028143427626,0.13310774053931598,0.1220796005394474,0.004505236011833868,-0.0034315839875643265,0.21428609678188976,-0.015816794007513794,0.1430100155196009,0.18729051816593045,0.19110972969138745,-0.03054390687463745,-0.3301104503886563,0.023921543066042363,-0.22841990564717146,0.2784276384018282,-0.032638540385759716,-0.02178895781974102,-0.0014847533988029946,-0.2802424282486247,-0.012084337558134123,0.16766655411807088,0.3700306892066759,-0.042090883655410465,0.007997021053526825,0.015360185905386252,0.015728159177851378
"BLEPHAROPHIMOSIS, PTOSIS, AND EPICANTHUS INVERSUS; BPES",0.022256132090293236,0.4715084000343398,-0.026844687738534812,-0.008386127728156,-0.039647940627796516,-0.02707717917660287,-0.03870469335103971,0.20046633400774094,-0.027110653501549897,-0.3137633032511663,0.2121440748395878,0.1648626929195759,0.006488841455265759,-0.030565205662003634,0.1295294678821258,0.23835866743735615,0.2468202148894801,0.04511432704587107,-0.03911907557212579,0.02552006641274152,0.1853848807055461,0.011834274014343903,0.35023119200116254,0.3191521026077176,0.2600391310619253,-0.017548606478487713,0.34060786642993335,0.3689816019042725,0.38800124725369384,-0.13430931118115977,0.16214819667800595,0.28735797624289383,0.16218584227596766,0.023062691488241253,-0.307655590037753,-0.3106091433301335,-0.3050100976002199,-0.013723660624785847,-0.0052664454677034634,-0.012599840120351022,-0.019068960990158774,-0.22356040474637462,-0.23012211730056076,-0.22835362673273207,-0.2096184852596019,-0.21728134380507128,-0.21879081685952348,0.031561129342922524,-0.2844717430063138,-0.2853499362756935,-0.28245686158015854,-0.029428145072146684,-0.3312735886965674,-0.392540170012936,-0.32162828035168267,-0.013913141390764017,-0.17573660065076377,-0.15956114087386655,-0.0410081290081386,0.0025274992107830367,0.10759790592230432,0.11364815791163921,0.10824151350046095,0.015830177826499977,-0.04053836650064628,-0.047924194976222245,-0.05340394501365414,-0.012796224763919175,-0.1324591499399079,0.03956177539510738,0.02208327180057968,-0.009452859070385693,-0.024455532704207614,0.009760111713023913,0.006904106188279288,0.00817746302898541,0.021851514768974498,0.03675711214075088,0.22341022612941777,-0.02499933148267636,0.43710494357355534,0.009210373889381847,-0.019347855897270293,0.014367971727039396,-0.003262976942660704,0.01421691434822943,-0.024685822038827545,-0.017070631356207965,-0.02806339399298543,-0.0037447741932719104,0.022034587751862265,0.020056451042938902,-0.027791991978359094,-0.0003239099308679017,-0.05211881332073754,-0.019333231670039454,0.004667078536159523,0.012866081857327698,-0.007636510985612804,0.02134764242002466,0.01623631482017834,0.03127075870569045,0.01061784041031175,-0.018738124887808627,0.22841496444791137,-0.01913901507861844,0.3337621468850218,0.34382509929300975,0.34782552081042084,0.004781080754583146,-0.2769498126356802,0.051340677895617096,0.00012325572664547912,0.2935862839827226,0.016562914827777244,0.004147448440044863,0.031465744606736366,-0.009517840269443247,0.05051759110403618,-0.014930606343772813,0.3801889290070711,-0.031021597892703284,0.01787712978806866,0.023575675022468164,0.023138583317198223
BLEPHAROPHIMOSIS-IMPAIRED INTELLECTUAL DEVELOPMENT SYNDROME; BIS,0.04433895499345061,0.4175223242799225,-0.016930899085431148,-0.012498980578824485,-0.015300738964712826,0.0006301726129879548,0.014407688365161065,0.3720131176705152,-0.036649857304962195,-0.30845713643429645,0.3107640581834879,-0.029893198311271726,-0.009562829186569687,-0.02803000914834115,0.013316805784345218,0.018394723015105505,0.017517667680061084,-0.030393201316246996,-0.024443669836987703,-0.007772454317138751,0.008466287096248016,0.01476216981225373,-0.01683865298312138,-0.016918369280026286,-0.015611941131149335,-0.023676974251934983,0.04248429853869784,0.15406533137909137,0.16821386195944,-0.020184575575491213,-0.0026777399251048063,0.0100434862994059,0.01941495056034783,-0.003154045354464229,-0.043427501943157004,-0.044169849756521044,-0.04392504688535928,-0.0214759592923018,0.01652109324435827,0.009887114649444338,0.003792679432013426,-0.013428205305586352,-0.01859430980591522,-0.022296347491396744,-0.009356816328022408,-0.014238306915359376,-0.01934812593412021,0.0023759022122923114,-0.03374247184460688,-0.035125078984862584,-0.03653811750085726,-0.020787235173389776,-0.2761143335730187,-0.3268957288934387,-0.258569817948637,0.009605017480757648,-0.031579695844998285,-0.12542486169097286,-0.1369552328579173,0.00509188537218811,0.022715300103159624,0.027929663040263637,0.02969439942875184,-0.013270165804391786,-0.008197651378814765,-0.013489251246858052,-0.018724497762259585,0.1871654310015336,-0.03449476150411175,0.2646805087449879,0.02023330741663363,-0.013408198401262573,0.2062224781686064,-0.25028624204737315,0.004810262121353311,-0.006486305483095608,0.004710749066335434,0.37292486180447204,0.03404749175949484,0.20550947863327784,0.04077052561473074,-0.26012169201381546,-0.2099386010898656,0.11997585650354461,-0.016056674025722063,-0.005294741555391306,-0.005732959238545291,0.002050532831238915,-0.11714395026394152,-0.026896510603927882,0.013851508981314143,0.009294622582979722,-0.02881066660644498,-0.003936156007813862,0.019959357010859633,0.011832949046466734,-0.008883941433530381,0.04235264365381825,0.006648935743070836,0.04754995086848711,0.04107278944830855,0.2163582911293076,-0.009742503965214387,-0.04141992284736123,0.1353472592124501,-0.03387229431427026,-0.021768316613479173,-0.01982957013369678,-0.018100939961203277,-0.3094229722499895,-0.319924111744242,-0.2380602854611098,-0.34878277766374005,0.1505828229954658,-0.20814020661211746,-0.17288811760006587,-0.2707106668729729,-0.408669773266405,-0.2252120961998918,-0.15320795228100997,0.2677171456496326,-0.035832737098265836,-0.0070680661379917045,0.005708837400002956,0.008060737647700166
BOHRING-OPITZ SYNDROME; BOPS,0.04450865941278509,0.019813955001370096,-0.0002182837902423876,-0.01910987663665151,-0.03878815595738694,-0.013836310306468253,-0.012764850331089365,0.04800775094801483,-0.027403737840925438,-0.2786047509671689,0.22574876458063323,-0.01051166592126115,0.038068726412369344,-0.004811510900775588,0.02534890367369831,0.031364461709917704,0.02629172762985962,0.19645698840473513,-0.01303750456008193,-0.00765128426096204,-0.02103988525495058,-0.003682781669170844,-0.012300773034344646,-0.009132518333926247,-0.0054212031882370755,0.029468334834501637,0.050806291034088825,0.05142471629005246,0.16235859505295605,-0.011262429087495404,0.02655564654577526,0.15827427785153553,0.040429245405296924,0.007811721450389314,0.025974632526947667,0.024197903248717595,0.02216600928267448,0.004284057191523451,0.016876908423375258,0.007407400871586246,0.00013827797463871226,0.007003101072717452,0.006365032201015908,0.005384052665464174,0.009994789542104393,0.008737779074341829,0.006965111585652013,0.0025775251472160542,0.015835185042363555,0.01490060825165806,0.013512736661138192,-0.001582470957958165,0.03141566505634077,0.04186050730712097,0.03664355853285667,-0.020592554200301174,-0.007995061665643287,-0.010965325135707346,-0.0128461677201678,0.018553512402240145,0.0029745267066296757,0.012025787085024983,0.01974314722952317,-0.069571958166992,0.0027979131217785646,-0.004476505016369359,-0.013142597664643034,0.030301716454932105,-0.015278252051902072,0.02214105039645266,0.035934060189305936,0.033464589729080195,0.012963990733393799,0.027320116270146567,0.03288022016377635,0.03411209631043576,-0.0195496321229946,0.0036967219207408144,-0.004072625019529346,0.013136665204179224,0.23206998052926409,0.2129898728212276,-0.04418003457033323,-0.04087948692861091,0.008733365261742967,0.007699508658164284,-0.0015203159924957995,-0.018722568796446636,-0.0005162588090753751,-0.0019081496962202453,0.007666357797174588,0.004212919248846357,0.0008810472647085507,-0.014421719523738408,-0.06171947971116314,-0.007243955794443387,0.01682951769056225,0.037094741696396975,0.003627744942033186,0.041673768032972416,0.0374738928206473,0.046906057948989555,0.023603851078139976,-0.03253993649804462,0.020007288785877268,-0.015867866968769136,0.029114502365299888,0.02952186934497963,0.030541802376681772,-0.03186897510251938,-0.23357117771748395,0.028851125470780455,-0.04267123640614247,0.19296356070992787,-0.04142870348087607,-0.03668843602584797,-0.005364252461475623,-0.18973505737379112,0.0028071645578347775,0.22719782351378748,0.05829176574584765,-0.020088876095669537,0.00919148546692211,0.019830928826764724,0.011120351579327326
BORJESON-FORSSMAN-LEHMANN SYNDROME; BFLS,0.0153891084056871,-0.0013636801606456616,-0.03886054545593536,-0.02000274615842281,-0.02754066292192908,-0.0019641640665420002,0.003921780794320895,0.3995548381079391,-0.017148783077649832,-0.020754458908176947,0.03277478036095729,0.25972393986121595,0.0064375333532917575,-0.04536089635252729,0.2893249608652722,0.3026799030218962,0.24258443684685843,0.04848382179763496,-0.033766376761018166,-0.018860901518150345,-0.018272205758465984,0.005156390046336015,-0.32855441007438685,-0.3309577082075427,-0.3072778761577731,-0.0004449251970732944,0.02436301807541949,0.02492623792132794,0.024551668208996492,-0.02428194596673543,0.03554898460785495,0.24859083252916275,0.1641550136859742,-0.01279412677078638,-0.006098695963753412,-0.006937921787286917,-0.007585270310951612,-0.03018179422196768,-0.015300833521502074,-0.016927066776564966,-0.017597139565688157,-0.001403191718237672,-0.003744801142175531,-0.006370713155230479,-0.0027452682515041607,-0.005328449479477407,-0.007867567820584183,-0.01275657024877988,-0.0033416100552004823,-0.004745697519034019,-0.006320026344801826,-0.030664106133742552,-0.010813126558255833,-0.010648659212164626,-0.0059991255960974285,-0.20151452201638406,-0.0013949459165590174,0.0009364077494061172,0.0033840282105381033,-0.024713813118119394,0.0010028608003709416,-0.0018655852835245336,-0.005311823987336322,0.002017011903087199,0.004319265243918681,0.008065329253800784,0.011873600741672844,-0.038648707995820084,-0.1418262599554342,0.03615205771383714,-0.002342005230804933,-0.01708978818526953,0.031897723821100454,-0.002930982333608951,-0.03802953973273904,-0.03175241772422494,0.17799589734449045,-0.17336195045167727,0.02178789575995631,0.03126467205116603,0.034728709273809784,0.04166164420619012,0.03452938731258492,-0.012856851485755168,-0.01387971958205173,-0.007205602845200888,0.01287705628705585,0.02945413009235146,-0.12367573000975898,0.0075286180741094,-0.013104639012884759,-0.016347614417071214,-0.03998796243229647,-0.013522782383224269,-0.02666306679290703,0.003210385178911896,0.03747331358790077,-0.24185788424148885,-0.14629285924433547,-0.17196974963838224,-0.1856200628199043,-0.04860684137333192,-0.17384150202423204,0.023270338991214192,0.16714927969572907,-0.02322099073864754,0.28819764436366174,0.2938578920231052,0.29407641536126117,-0.031706379648255775,-0.03702135808988501,-0.0014678371632384534,-0.010043837454816363,0.14540533437352926,0.17891857096240352,-0.02654289680684959,-0.02002308646876826,-0.14160105059201006,0.004255731295231536,0.006470967552531252,0.40571395711858427,-0.39256106238202904,-0.027569689623756964,-0.03665531368503422,-0.026595786563410224
BOSCH-BOONSTRA-SCHAAF OPTIC ATROPHY SYNDROME; BBSOAS,0.01870031573999538,-0.025337296362387074,-0.030956075915426002,-0.018379328492239104,-0.003226728071390879,0.014587495023845726,-0.018248813321030507,0.23549037292552435,-0.019364706483165572,-0.024624057787087004,0.01620022877261716,0.05139461464621628,-0.011550853988798952,-0.035792057184853086,-0.0010364345178842955,-0.008972439767728647,-0.015873216834934156,-0.0280672265650905,-0.03309468579366031,-0.017857397965740162,-0.0007856073956148147,0.016240947684678396,-0.008443141828110432,-0.003748185596895061,0.000204899671232015,0.0044550106098753236,-0.037072262301721844,-0.03893585883050335,-0.039706720264148336,-0.03426407808477735,0.0010511952774138068,0.026671704473642678,0.03516824920870495,-0.02347477153459686,0.0006079664918251901,0.004149376108704345,0.008505612752891717,-0.026185223802152043,0.006803052652126615,0.0021570936322479473,-0.0015420941579962748,0.006514749502995747,0.004680226998663358,0.0030256842857873164,0.006297882647081156,0.003618509466398666,0.0010929643764727999,-0.013074141163627815,0.003382168869109593,0.005472983715404566,0.0072746038765822245,-0.03629222565154123,-0.009802872155157114,0.002793001979914602,0.014366593463246173,-0.012824826209063637,0.00684619972287225,0.00445629840022353,0.001847139840526803,-0.006379148089765366,0.012650704060527386,0.01171914084135123,0.009778574642607453,0.0015359683103609257,-0.0068678060510470795,-0.007642029735291628,-0.007695703555325547,-0.038245057797220615,-0.03723300281980676,0.011133509497921051,0.009965534495759059,-0.021771918388341277,0.17117154876993138,-0.026931594283416595,0.0019017318915554634,-0.0028175204366274477,0.02653210638514374,-0.023880040875768106,0.009479604479870188,0.1708565734487644,-0.01934948201986606,0.00010107878308867572,-0.002926052864006459,-0.02717355182166505,-0.2215120536476336,-0.220208486229414,-0.019175951294282404,-0.005735036771427751,-0.02573220765899506,0.011323397552451202,0.017043401027564544,0.012879172297689971,-0.03843965970404542,-0.013319907358479486,0.00937506784174956,0.01863225625217482,-0.019710479188567942,0.007223871227741367,-0.017519894196267916,0.017220871135892435,0.010811352255652426,0.01572023616021703,-0.0016367855435663597,-0.001434537780466271,0.14926974755165745,-0.028110124115291804,0.18842776686111454,0.19192281438900624,0.19495425001157715,-0.02282707312056077,-0.020087696962432823,-0.021413806379830758,-0.012971877474547,0.025495890335059147,0.038606174324442376,-0.0021614807127628708,-0.01364983487146032,-0.03032952529367096,0.015058290790111607,-0.006616235648883351,0.1571238533377765,-0.03420016697575993,0.009337502755922277,0.013865218721471782,0.014503743528564343
BOSMA ARHINIA MICROPHTHALMIA SYNDROME; BAMS,0.026649626535163312,0.04421907771617629,-0.0084423852211903,-0.03272820259494236,-0.13563337172981668,-0.002221689932679192,0.15849861541915142,0.05048705166506343,-0.02416771012875474,-0.022580924210645986,0.028424491088688504,-0.25357893208952725,0.009302777211515323,-0.020003125026271995,-0.030677863792203643,-0.03393367804930728,-0.028406376355680336,0.011902986222968636,-0.02247621807685761,-0.03130738545529519,-0.039333809584356595,0.002034964670305121,-0.01935324987276533,-0.018047020345547844,-0.015265128033301918,0.01933356209098888,0.0019146141151777576,0.0057523555117637805,0.009884739060693034,-0.007887128126309805,-0.03513804600176079,-0.023091131332153583,-0.00010107496577958233,0.010515464771731499,-0.005046323042909566,-0.001961005360118776,0.0006654041266471731,-0.018273256133797763,0.008940442299613717,0.006988013837077624,0.0051025083640166185,-0.001978643298075413,-0.0019083022006833993,-0.0016736351331850547,-0.0008622008674461382,-0.0011696652111288681,-0.0014846506944822117,0.008445393525691458,-0.004082300996156651,-0.0022210597654775967,-0.000422155900928657,-0.012101241924419859,-0.007746288560740531,-0.00021995158324310287,0.007196884751951198,-0.010454780146449388,-0.029173659771330063,-0.0340070288351793,-0.0349738023329826,-0.010518064327126979,0.022195653791039053,0.02011484374284979,0.01564584772754599,0.003150654188087255,-0.013210508471402805,-0.01183570553092584,-0.009720301841502452,0.33789882820692996,-0.028029395683377173,0.028382923710446456,0.044477546529457124,0.03249658855144826,0.33979397133114236,-0.0029301408775954108,0.263564237894171,0.1775143476077598,0.017475420568027793,0.02210632510454447,0.0019821680743989157,0.34079334936064537,0.19457469035855854,0.027456181568701717,-0.010540240044038949,0.00919291443734251,-0.013825551575269318,-0.012872591856061016,-0.021854781424484496,-0.046562236408165744,-0.03144075931313626,-0.01213414604066442,0.006290324572453073,-0.0005230202769862072,-0.026376431393982044,-0.01703560318676297,-0.000964607211069524,0.01658811723956664,0.005914817381435761,0.020258407175028015,0.006548598319933339,0.017058159665877433,0.016600249017385764,0.02593729413957296,-0.007258544303333509,-0.03691867000128832,0.03042140008009946,0.009589025291863179,-0.3638812029128242,-0.35465080047405906,-0.3447531056531436,-0.2722795668452222,-0.03130549629312209,-0.02274379209672862,-0.3305056612306805,-0.012861700511577843,-0.3106599387236415,-0.28798672899268374,-0.25472306836243475,-0.3364802715108982,-0.3703713819051766,0.0327292594403552,-0.03599136284818541,-0.0012098432630596265,-0.049282902342212144,-0.03900467257543616,-0.017402277260196077
BRANCHIOOCULOFACIAL SYNDROME; BOFS,0.00037410441489395914,0.04198008916801027,-0.02780184726009291,-0.030209422180110263,-0.18759551181538955,-0.027420713123994946,-0.03465455117791967,0.016827831486049417,-0.015890197273449293,-0.036741352927562365,0.019850522435684786,0.03170168915055306,-0.0023570978041992734,-0.04161234894992001,0.040836847889112855,0.04378577189682098,0.03581089058313697,0.3795919108416333,-0.03693565141425923,-0.002932499148243296,-0.0038156622605781385,0.00016425360225730276,-0.04669840193651221,-0.042811163991258595,-0.035771416655352196,-1.8872739405821054e-05,0.03650957427388061,0.03230138278420572,0.026962253480701023,-0.0447140708228434,0.24733807896887364,0.33775371491754463,0.20860166993815132,-0.026001292072352952,0.026113629684745517,0.027021694083051096,0.02743621624773824,-0.026020021735580857,0.0008794857116787404,0.0013911192300104505,0.0018804345117117865,0.0028623133734123943,0.003410624100884925,0.004075719474707193,0.003219365388157338,0.003758889305009432,0.004099560340690339,-0.008987576716246512,0.014887838541613466,0.015524793219118281,0.01569317540611392,-0.03899735831240303,0.18914987503575997,0.20687808705732175,0.05016133306405959,-0.042763681664068805,0.0022321724930776323,0.000856182238842587,-0.0004731973349340816,-0.011974076728345936,0.01683403490766071,0.01410587761642447,0.00957352164331109,0.00395963352806427,-0.007944831812077058,-0.00659653735096017,-0.004633808785748054,-0.20215802007682515,-0.1656148997496471,-0.030636221659994668,0.04161600248762652,0.037112121038820146,0.04461222171910064,0.049593065479989304,0.05985606768653082,0.061707079993860464,0.01719401764716279,0.01908811788000518,-0.0028265555635481297,0.045306189847549555,0.38836570672404774,0.27534323297290153,-0.012760051672840545,0.004975201706590758,0.0007549675642798373,2.5407543989746013e-05,-0.028680875302164035,-0.051541281012838364,-0.024515595205223256,0.015100454941938936,0.033237161694013695,0.03138353920095754,-0.0007956608938934538,-0.024339834276282064,-0.34790584912778444,-0.01795393184296681,0.049715522200085696,0.013785432607711824,-0.010302059092345916,0.01572493217770941,0.016165816713680583,0.019243399351878382,0.007305648703891932,0.0014209644386979003,0.147108028719518,-0.024764915954942665,0.298199052658973,0.2965317446358945,0.2918073568869272,0.016986965466504186,-0.024582331302056525,0.32901039414872596,-0.019915714619501517,0.02850559124258303,0.03554592087286581,-0.0034101399501291763,0.04603788760916894,-0.0022643646863887124,0.048556130958968366,0.3758778987285001,0.039781455099993465,0.0009025953288493197,0.02592185169632541,0.025082938353379377,0.02971676785956215
BRUNET-WAGNER NEURODEVELOPMENTAL SYNDROME; BRUWAG,0.00412786151876119,-0.04348264665913743,-0.0027659409563861397,-0.013133900325846572,-0.02418282604626358,-0.003123792638270971,-0.0022304831712347925,0.03886366999926494,0.018727626513174764,-0.026084498117562586,0.03177815461498052,0.005508076433618052,0.020293800432603527,-0.03488129241374491,0.012200537021335368,0.016189735592620248,0.015131220038644958,0.021630449954870033,-0.009116113469089089,-0.024659048673615545,-0.048989093642987216,-0.006633819078188563,-0.0009989983509933235,-0.0021379403901148767,-0.0029961096753047143,0.004920422945425911,0.0011843946612646915,0.004246154736711204,0.00774141002815261,-0.001059631052921787,0.0004551556593515594,0.014869093844695064,0.022378431162408105,0.005068151531102482,-0.0031776546845844363,-0.002615739819479979,-0.001976680687643951,-0.020060886910994957,-0.013731460870738428,-0.019050474446803477,-0.02264760487039359,-0.008656950880902401,-0.011195978145640115,-0.013426750898413506,-0.009181578484362917,-0.013153109789361957,-0.016113540665801694,0.0006220669906433578,-0.0050754560624538805,-0.0052479499923204515,-0.005197754907827488,-0.007242257877724423,0.01838221216241027,0.02785792604604823,0.02544244774290477,-0.04289222680267691,-0.03743159731664009,-0.03515483395751048,-0.03116627151313766,0.0028277597695257153,0.017767459981804838,0.010827953199300331,0.002136761579777231,0.005188944053933572,-0.011321375562316407,-0.005956174127646272,-0.000245718451745603,-0.00016060130913834694,-0.008691181050162436,0.01714075161034947,-0.018405506418795584,-0.002040774461885976,-0.00803455074305068,0.004173653844197441,-0.010940838705533739,-0.008510774295032338,0.05523287582813422,-0.05408808159751292,0.15840744213995664,-0.008144005535003381,-0.001988187739020958,0.04144884136674593,0.014094036185648121,-0.03652747510966607,-0.02084742141953607,-0.0030049516283395723,0.00514412957090591,0.007215885392244192,-0.0018574665188661181,-0.017153389956517367,0.031470696817260224,0.03180197071990243,-0.013355427526774086,-0.008821343842253387,-0.014686196265149325,0.003554344320862052,-0.004220041124276483,0.031853281647419296,0.0061013457359402,0.03389507222558767,0.03270026420267162,0.02930180040184012,0.019606861523621972,-0.012741306467261345,0.0031587065739504564,-0.018847098383930703,0.02981802062657047,0.030077459328320396,0.030279176819092042,-0.011310003093833612,-0.03406431388172029,0.009686776883038501,-0.024071780362905578,0.028631087139011552,0.0014555013655103226,-0.004092579998866478,0.0009764030205155383,-0.03009587441381189,0.008295419030369323,0.02290328935524208,0.005959097575910262,0.0072115927647588875,0.03195603600359492,0.030142037360653136,0.032449759523081274
BURN-MCKEOWN SYNDROME; BMKS,-0.017499942501649754,-0.014407374578313752,-0.033543601588310816,-0.0023353313161516447,-0.00309958098975438,-7.942967408293192e-05,0.03576410978113096,0.3274663308938581,-0.1701756907130933,0.0013100513025148279,0.007369992683197291,0.0013367955192748755,0.024701756284285593,-0.02815896959978936,0.0015455693294581293,0.014117446519205257,0.024000543469654113,-0.16564234965019237,-0.1504570825265092,-0.0003687572099239459,0.019340813436576614,0.013308712766982023,0.016117293082402496,0.01104092977948394,0.0055118279033141366,0.01782550833924231,0.011022957115873089,0.016716847212190942,0.02214175513021979,-0.042939191464278645,-0.0016039909535204646,0.010587216805146332,0.01937432818974784,-0.022723012447175592,-0.014790874947379119,-0.013599291504653811,-0.012264319285688554,-0.032267292348508995,0.01056988417793071,0.00799805993704607,0.00548386445754635,-0.0006141582860896966,-0.0009176330757777571,-0.0012480741164343444,-0.000877269016624575,-0.001752495228845592,-0.002685111016310436,-0.010292704088855818,-0.008180389213330348,-0.007686751288161287,-0.006819091287049587,-0.03948576038311388,-0.03369162254749044,-0.03596998258747953,-0.025598929958919082,0.010318376622542515,-0.1489793482245373,-0.1632662255093963,-0.163045733118585,-0.02244996974719813,-0.0007209954086755576,-0.004023175590084123,-0.00749351397597373,0.0007769680328283624,0.005716348749502712,0.009097146252905319,0.012261137872719603,0.030989152969336443,-0.039756768649052934,0.20278256935150943,0.028703274078939106,-0.03646358060032729,0.030877153838157697,-0.15853924296707184,-0.02025865714859877,-0.02851917900281481,0.26938872563695976,-0.15960402391264783,0.02587291445362004,0.031090696728641638,-0.01805056271202139,-0.006084090759055883,0.028005514933987924,-0.018381402349985688,0.0012007608230444268,0.010187536244992646,-0.00867322729863862,0.011558521288857246,-0.03333104272598683,0.012727182743776697,-0.002320963338872837,-0.004622116573946552,-0.13612340565045822,0.004868044887351264,0.15178815517661676,0.012223820323931147,-0.005222189259806239,-0.021287300871467758,-0.029989657573979513,-0.02036012588870648,-0.021075657101132936,-0.009170284347847573,-0.03107845091056928,-0.017494621236371962,0.026330819267443236,-0.012297442017077366,-0.02431141376187154,-0.0232649021418126,-0.022078931433579873,-0.0436743674318964,-0.010202635406085795,-0.2508989779280946,-0.003089835716389897,0.00047430438516175345,0.021083113308246717,-0.02708856174961337,-0.16773126373106237,-0.03451509835058306,-0.01734782037876296,-0.0382059694623056,-0.008027425845278654,-0.035903318394821374,-0.00835016054190277,-0.006577757304378905,-0.0057515877865810154
Baraitser-Winter syndrome,0.018380791599775695,0.014148034627575714,-0.12214205057293392,-0.1960204965910996,-0.29279451417632474,-0.01740273637836855,-0.11872218956116819,0.21533677673644486,-0.004855435586683077,-0.16422665689903496,0.19233129880498567,0.10923519409516867,-0.009666181110448693,-0.12955469568969408,0.01140187859932541,0.014093480508353795,0.012394347626993967,0.4011741544566164,-0.19907628662803376,-0.032109318393776454,-0.027432632233766147,0.013153519628428551,-0.010361029753697423,-0.016950420932595297,-0.02155740066296104,-0.00041579939838394666,0.17975007015049807,0.20633465912518198,0.22771652595160652,-0.18402424688923727,0.021524767768390355,0.2538309880097352,0.26765171607017424,-0.011218510154423659,-0.01921250660245848,-0.018209560945482314,-0.016568016327105486,-0.05812827746611263,-0.09030806760844745,-0.13449537067486997,-0.14636254194075754,-0.08926659512407775,-0.12872624654047543,-0.14046540503642507,-0.08784410408268996,-0.10333194037043968,-0.14129499192821818,0.005100629095743809,-0.023596275122793286,-0.024678024263428692,-0.025519610137109478,-0.1813577359902882,0.01214866267325794,0.03203360045343173,0.1253611390809878,-0.027216994799277097,-0.2336708450629198,-0.21371088449408618,-0.17833684540671582,-0.0043143920532727,0.11311644191513734,0.13382400995538304,0.13767039205645387,-0.011077836294380791,-0.14749199882677372,-0.14582041505775947,-0.13394440333566437,-0.0109693766525498,-0.2351619051484229,0.011933396794713155,0.034691554452673114,0.12417173106192998,0.03447401304666661,0.21137010111599144,0.23991621663891527,0.24831504164647028,0.3407429494226977,-0.21616141324272745,0.16084162306720226,0.03437100202304847,0.4118513484828092,0.42072262675406075,0.025892949027962277,-0.02476828394114575,-0.023990030949346732,-0.0103253969371094,-0.02448090089780488,-0.20357274257970062,-0.12571225510376324,-0.006694224404066809,-0.010099480624622176,-0.013503939402828626,-0.14362795641444825,-0.11076395177883475,-0.33418176796816623,0.0006257178538363501,0.2159945285351254,-0.019889123244155604,-0.011311391906022216,-0.011011910205387391,-0.018386999616628506,-0.012334057974897542,-0.03175294578320282,0.024030088414049255,0.25780656830547233,-0.01876133113597974,0.18362992241843978,0.19353316235142634,0.2020881113055973,0.0007951270195145825,-0.21575055480809488,0.35884991886919193,-0.03224164292486358,0.18177923684859287,-0.00566879369641294,-0.02567451123533308,0.0324462437191042,-0.027461872257296658,0.015156815082966566,0.3318897921251361,0.39439068345747064,-0.3157539479029745,-0.026830481996169674,-0.02663893677195915,-0.0203839010014654
Bardet-Biedl syndrome,-0.002674385393228844,-0.169813053527563,-0.032817079783904544,0.0032624762368470973,0.07043722600884053,0.011017585272435912,0.2539044932263711,0.42264566799383463,0.01470283347309133,-0.001062388037066205,0.011545292022062783,0.2619615852112294,0.024572221870113275,-0.04269997189172929,-0.04742349708917977,-0.17308185871257553,-0.1515776082808293,-0.38109952653753526,-0.040326156775866207,-0.020478222399403823,-0.03449700871862378,-0.0015634360825433529,-0.0014106282866829182,-0.0014533536478182289,-0.0013199122891258063,0.006383339233230622,-0.1453625557911812,-0.14301340600506335,-0.13657785461803276,-0.026801729378702357,-0.17240430769354984,-0.24073085266791935,-0.03056714518045635,0.001143507242925742,-0.2458959006376017,-0.24474274381608718,-0.2387730116292269,-0.007066345098956613,-0.2569880074703092,-0.2602326810112806,-0.2507134746024857,-0.19708635868030838,-0.20020949806485122,-0.19855159909417266,-0.217044956216874,-0.222187841761958,-0.2179556551441917,0.009974249156605568,-0.22258116175792725,-0.22095402943936268,-0.21700700989998403,-0.14981952411978502,-0.2285656349306594,-0.26124438565714725,-0.16476748881231096,0.026003873987046768,-0.1253062266398359,-0.18058397115111594,-0.18755214396061715,-0.002252569479857943,0.061137523041041315,0.0431872001152772,0.01029244836885343,0.007285113020405943,-0.08748092365272396,-0.075537348488319,-0.04350907905156539,0.0007596795149395687,-0.04421430720436299,0.23027604281418615,-0.22479746208274112,-0.024372252744636717,0.2796993954111786,-0.2999721249197101,-0.2963561947820726,-0.3056108571638574,0.4514504264986885,-0.40977754716482834,0.021617149574133233,0.2799840538234681,-0.25441038576927705,-0.025987373502426126,0.14245246094938846,-0.2317894086701818,-0.024921534541881327,-0.01700767299890866,0.24409533601770597,0.3450296557227387,-0.2020869790425725,0.17160771846195408,-0.0026020550695786122,-0.0183939768067934,-0.15624376415042374,0.012313081107063277,0.340766474885888,0.022178827782330525,-0.25373170763801994,-0.029029913399258696,-0.20964633582202652,-0.01967357770970073,-0.02526423330796088,-0.011488455492249874,-0.027613500408998518,-0.04239574989712632,0.15518626685819276,-0.013683938350147763,0.019696332365120892,0.021935051572966633,0.02420382440609735,-0.25645551320990295,-0.015800637279604464,-0.32389902470895005,-0.027411495827864858,0.006600483691534165,0.008642539438046661,-0.03047395101580207,-0.26561222640998117,-0.2524083906762795,-0.1332638988019745,-0.32666059492494937,0.37703195220670743,-0.24986081767045049,-0.037818023625916394,-0.0365837715783394,-0.027792911552501385
Blepharocheilodontic syndrome,-0.0004252860218636446,0.00727065176465644,-0.0215257666556532,-0.0060011762029190275,-0.03370460716691176,-0.025408017266473973,-0.005660243368595573,0.02958359667777027,-0.03729615092573176,-0.0013969646880895587,-0.014178797437187408,0.04336176332672076,-0.021113471432774665,-0.029089707892122105,0.010310991352785478,0.01655520482461147,0.019210105390667878,0.03498850081819194,-0.03425390478263349,0.00634967410998383,0.0030771642478699007,-0.0037698023748005648,-0.03524949121812246,-0.03762516840477833,-0.03649902562133004,0.009543450356111144,-0.016194356345602866,-0.013754200613918277,-0.010933175447180834,-0.03440913545083209,0.0315324551244713,0.03616500903405297,0.01979161939151959,-0.017109058636757005,0.03938779983041399,0.03713337515793528,0.03410661753219747,-0.01583830430609292,0.020252050967384548,0.019595743874645632,0.017842472074377003,0.034247975125688265,0.032946276082623245,0.030488417545065934,0.03202219795223092,0.03094156525434148,0.028799406875554438,-0.012763681812023982,0.039117369667485996,0.03684818638502498,0.03437963777169631,-0.03309234493613523,0.029625998997426267,0.0307340735669633,0.021167227734364514,-0.010726397523546273,0.0320563441205839,0.03688717211064482,0.03788111862990714,-0.022125530543698417,-0.007221139224527632,-0.009925827171568272,-0.011675051626455811,-0.0037365255705396373,0.00823196838856312,0.011272011585743905,0.013998070206496306,-0.0045765317588722,-0.02556120054715729,-0.004881452376673002,0.16065918013155206,0.008188708045970761,0.15438960335725677,0.024505416095882193,0.03785340288003462,0.037234734467426346,0.026978126140917182,-0.02917269812427133,0.026119988384758232,0.15467122846268452,0.2065486828540653,0.2106538407890046,0.017439529320910713,-0.009086730174475918,-0.022746223500075376,-0.013188229268600063,-0.031200284976235965,-0.0406897058900172,-0.01482596763165035,0.17813754230235404,0.04088864708530326,0.039949017515693304,-0.031602082421939764,5.643560836700851e-05,-0.027412393988324655,-0.011970283623104653,0.00267706673271738,-0.006811639728315065,-0.03856116504391771,-0.0023121954571468533,-0.004234762702958155,0.00977866937370969,-0.0025126202422050413,-0.03215221971646914,0.027714949886679215,-0.019741857687491343,0.0057396055749177385,0.007927587640070661,0.0097123004164633,-0.010441320696595618,0.012374231519550223,0.028400481584388414,0.0269914040342385,-0.009292757859186346,0.028542781604625943,-0.033408753945610145,-0.004724262132508602,0.0052665411853043565,-0.0006593915014778444,0.18717142128353442,-0.010086918883174445,-0.006013977200092692,0.018064084530118745,0.02026135023303593,0.03412677585440189
CANTU SYNDROME,0.16035484047452642,0.1645875103729028,-0.019605638006053493,-0.0009282899593278409,-0.0007362778722587185,0.00030083713986411197,-0.329493848542105,0.018212191114071196,-0.012862899477021383,-0.2837014164574432,0.1515437499926404,0.35593317368021604,0.003003692790043619,-0.020680561041314955,0.009270091954097904,0.010168494066781582,0.007651447508910413,0.04133828874309746,-0.00026591742141359034,-0.0014321760940321285,0.010949296480260802,0.007949745982379231,-0.0028023334877462893,0.002899005255523261,0.009429113251112611,-0.013301805337399473,0.020062479361996316,0.017899577638115727,0.015062468702325211,0.016423965420344418,0.038580432610034146,0.1858761628127102,0.04039361186070132,0.0524445808267058,-0.015938525227994858,-0.0169320182306157,-0.016831359930444843,0.009794540423489045,-0.0018468087036511158,-0.009326725545613618,-0.01716669444802121,-0.019833341267657748,-0.023346533554838216,-0.026176600304958032,-0.014505343028560883,-0.02000796977463484,-0.024787881839515413,0.035076494051402084,-0.02045239337487529,-0.02168849555477697,-0.021896282798675212,0.00923376495244073,0.005264536449528001,0.005552208042570859,0.0032013227161243624,0.007851937949288556,-0.0089842594770597,-0.014711850781319947,-0.01905575171089944,0.04906531036038239,0.2410179540911228,0.185066067411139,0.021834192605353412,-0.05729224116708854,-0.14137359620370277,-0.16181960732207568,-0.05369568326087525,-0.22405845307093175,0.0025585552213435604,-0.021526413745241866,0.01720504334267926,0.00023950458857150702,0.02897958965748766,0.010282442863579792,0.015934894236593222,0.01574391678545104,-0.008387866407493522,0.1516971912750651,0.019921870155136846,0.02905716110910021,0.19004932052908807,0.016541854934332058,-0.14406387126371548,-0.0017107627668114384,-0.027022201594903754,-0.020818579345656126,-0.015802229991923565,-0.01903463865959237,0.0032873145202571615,0.0011296036399881411,0.2690812432854257,0.28000313714554154,0.018243327808274427,-0.011397659224210911,-0.27854555632832684,-0.010702403197575493,0.0043885241280622895,0.005998954566259618,-0.016034958920551925,0.020353037913358532,0.011450726082434142,0.012683240301544718,0.01835257888236485,0.006590810896319852,0.01485120617073795,-0.01070103777053105,0.41564621888654596,0.42313822477982443,0.42783068559200893,0.008366674055717662,-0.15998870115863256,0.2982745092464287,-0.012283616414940848,0.25921614419448774,0.0164158939831384,0.0076470048211569365,0.15061376375181507,-0.012728268629970728,0.1694564789237376,0.03801923502154179,0.420081898552423,-0.2131829375036163,0.2613325221923558,0.2361769856635791,0.2724225009311407
"CARDIAC, FACIAL, AND DIGITAL ANOMALIES WITH DEVELOPMENTAL DELAY; CAFDADD",0.03863409307864775,0.051352673585920515,0.03782585191649207,0.006553603410911686,-0.02579675337235812,-0.030449108499514856,-0.012425662158587007,0.0453183381701366,-0.017469807919061758,-0.04829639925973125,0.04334246696486909,0.010079803776452968,0.001468231451957294,-0.003451126449829272,0.03526208182101074,0.0461912368987115,0.044872717508855894,0.014505681608382393,-0.00321510119100948,0.019560173609379138,0.018292984056370473,-0.004344470679618524,-0.01196066193017273,-0.016497724473489454,-0.01869082278024567,-0.0379359703274158,0.03282690539478043,0.03335643619367481,0.03320546889763438,-0.0040141040475339534,0.03938392303645178,0.041101883869138406,0.016145804033709837,-0.00020950218851833313,-0.018385252030873208,-0.02093861168569917,-0.022766705837365432,-0.0040689700253825215,0.0014452659257538495,0.0021078268447781343,0.0028148654994918153,-0.01252025192738676,-0.012083878925075855,-0.010755731106015945,-0.011582073856209638,-0.010498452209865857,-0.0086458348680876,0.008470193114537315,-0.016288888831481236,-0.01793474360657265,-0.019043378520598116,-0.0009030771961087475,-0.01953966371648591,-0.0347375016994471,-0.03611901691527452,0.0006293448082877093,-0.010062080453191609,-0.006270390420127299,-0.0023198055476424282,-0.014348418045057461,0.009504552864802058,0.009938231591152131,0.009155834009065056,8.883585978054168e-05,-0.003493294641535091,-0.003250129387485266,-0.002838586819935538,-0.007716456112258975,-0.006040844532084338,0.03376092557563771,0.016675112092974894,0.0012182513368917693,0.012651654970269694,0.002133983513186099,0.007159058119771576,0.006447488315441061,0.011406692969316566,0.009944765293439477,-0.00037019917162784533,0.01248173856825708,0.18160361457437896,0.017586258877141544,0.000302861391499688,0.01207797383918541,-0.015988016513031892,-0.01619119246241513,-0.004489499441190041,-0.00825082171552612,0.006307122294569719,0.029056821910447662,0.002461927978264321,0.0007070242372657626,-8.086752528462342e-06,0.008927475275154119,-0.025208072978384535,-0.01914096651319142,0.010765330793087563,0.0219266524576937,-0.004066028538849362,0.02948044065215437,0.022784382887776036,0.0258619775293495,0.007378668749405262,-0.0016204545511498856,0.01341364936114585,-0.030099815836010804,0.04632016799165732,0.04628725978153376,0.0455614237384576,-0.004937543836427782,-0.045310220646109,0.01426525888197662,-0.023370408282455284,0.04569077066672221,0.00042734177782212835,-0.0014047472222125967,0.0042283355700146455,-0.03293365887111801,0.0038112961553430037,0.0036386888005390788,0.038013142263979685,-0.02865470743164353,0.013783907564381508,0.02139792654965936,0.008550316408149851
CAREY-FINEMAN-ZITER SYNDROME; CFZS,0.002527441602802137,-0.031855852395227535,-0.037352129616493514,-0.005911887357423637,-0.002393262132095083,0.0032293416517044883,-0.014333559967640602,0.011615213292039654,0.007048774234977217,-0.007406021078294077,-0.007064458372635972,0.2609035755982492,0.009774188457764092,-0.19097305498155767,-0.022269100918973328,-0.02486816794363024,-0.020866498478761316,0.006614933921467225,-0.03442022614340563,-0.021066589121437766,-0.03227611045380306,-0.0006796677191640037,-0.010235078963649662,-0.007176614598950987,-0.004028907298479994,-0.023820864310121707,-0.13801159828356233,-0.1354329642529845,-0.13067417254564154,-0.032899516844965074,0.0027966985851141037,0.02013245668489738,0.024947850174358726,-0.010972413229260717,0.005507429728078694,0.007170629160232252,0.008676509454371215,-0.011519445007425114,-0.014519530674047165,-0.01985557316074014,-0.023348953224720994,0.004803901352098552,0.0030784626868320462,0.0014338102838639083,0.002582426012495203,0.00033595375166382824,-0.0015661621570875273,-0.003510731367218121,0.006557709182966156,0.0072035745200880385,0.007636018739607099,-0.13365962341322846,0.01053486671577244,0.024136311852951245,0.028703986086453408,-0.008618019082911082,0.02358246825885354,0.01817816735279888,0.01209495912666308,-0.016897681461380033,0.051116012997810954,0.04448484820330108,0.010438816223568055,-0.004102295134882796,-0.042017068046285994,-0.043940930222288725,-0.042821141930119044,-0.26361612775190507,-0.03639107378932069,-0.03826431133847863,-0.021860983197144294,-0.04127374922810561,0.01939625443119154,-0.03105091026241063,-0.023975677944090775,-0.025948207035216945,0.1859049299676742,-0.22632756970047152,0.028795843245469827,0.019115094373911137,0.017667993593557536,0.16374939956365914,0.0134976386236739,-0.12081592372946205,-0.22986514677878242,-0.20686770664645268,-0.015575754723960663,0.010146103343545012,-0.015445468455709935,-0.002911928307203584,0.02926682308852794,0.024780737716995755,-0.038329849047181494,-0.004916373146054418,0.002347408626155529,0.006103139961108581,-0.031843871304035605,-0.0018577920399667886,-0.016050367982942314,0.003051414637439418,0.0007972889495805352,0.005751016910624385,0.001667753400778557,-0.015691045629260006,0.14217372202584486,-0.006861044000957585,0.28315778240761097,0.2836836219643257,0.2851301691347798,-0.027137599520109027,0.004561816101892732,-0.006007434932686071,0.004339890528187303,0.006737936812137953,0.2315117117782474,-0.022812824437804906,-0.018685200079965023,-0.008664840078632973,0.02132105444864,0.02787838266960373,0.1840482509602046,-0.018050273345181552,0.006361056506763736,0.0014428093691419292,0.014781090783100508
CDH8,-0.0004191055264772543,-0.007954954486111316,-0.019556282035283805,0.0015810926986095063,-0.014856228870665317,-0.016969251030605318,0.0010389537852045123,0.29555694937284177,-0.014090106659400279,-0.011676760949649968,0.01859934332425343,0.1557803132412281,0.011758384792774306,-0.02300380334371043,0.0019197898859084535,0.009390044777537791,0.015455951600629333,0.013525174394870219,-0.02765547103947963,0.008306081794594791,0.0033358261847800837,-0.006034069251684714,0.01071025272746727,0.01322179471397342,0.013972958973312076,-0.012011648497597715,-0.009595804889276138,-0.010294072486813804,-0.010188746703789588,-0.01906372694886236,0.1243542942628009,0.0432533880019946,0.019583879750877393,-0.01978381340684534,-0.010262058124064803,-0.012827281474357835,-0.014949241821608093,0.01235316939007998,-0.02662331942644617,-0.022637928651516176,-0.017234562500928707,-0.017931445970097586,-0.016892942641306027,-0.01490668625828581,-0.019099807391524715,-0.01792321229318308,-0.015894240515756934,0.006542440142942772,-0.013369581954230741,-0.014307840123039978,-0.014594256462043008,-0.01780554126089678,0.008614923822537323,0.002906857915733766,-0.0025277430909623495,-0.006061758637747555,-0.17267234354264405,-0.1722209451420718,-0.04941208831030424,0.0010628053914511473,0.15212304837745214,0.12877254204253907,0.08960055284701435,-0.13216637902752856,-0.1187840332887906,-0.10311238185844052,-0.06110935616225271,-0.15648870957152586,-0.02727175728111904,0.003356922439947109,0.01818744958049826,0.006173906444702105,0.04463724851395547,-0.006672656589861739,0.024142639127332874,0.018285405621130246,0.040863461628708464,-0.16857393501590023,0.024861990596702244,0.04443626644616855,0.03865677688701589,0.1705454608809418,0.1477211715257623,-0.001486772819108879,-0.21188459772652585,-0.19265774786316645,-0.012043375553961228,-0.017000432672473142,-0.026544890001807653,0.020100423219548507,0.0044551288708441885,0.0009796148630271254,-0.030279114690606863,0.0053508352574445335,-0.01447293956661257,-0.01153659991125422,0.014488482882397,-0.01776981985712472,-0.11703454372199387,-0.01009461698899479,-0.015255794430971787,-0.006679848309372769,-0.014775014293614053,0.007923192869633775,0.11931291486410787,-0.03164184581334948,0.19627521351213748,0.2517995813466099,0.25390749340031266,-0.01838695584393676,-0.02101204191024145,0.015606624971573772,-0.004967755346320342,0.0319411027195066,0.2395653261889885,-0.0203827038163877,-0.006008485826916621,-0.026199862570125954,0.028474799516853385,0.02403353616607347,0.24719458798112803,-0.24303506817046328,-0.002412742437185147,-0.003890179310154475,-0.0010354384574649787
CEBALID SYNDROME; CEBALID,0.024854024670110973,0.010938539114316522,-0.006819299157062413,-0.02887552294813289,-0.25956402359876846,-0.029458840801029763,-0.029668370206343216,0.18954173614545697,-0.011873573469702178,-0.037474439147847954,0.03391420076268981,0.18511936412149257,-0.019753163921973623,-0.04094497422701292,0.03987693218413671,0.04715778944536441,0.04182474001132046,0.37118229073269826,-0.04436694803103596,-0.005386777276352401,-0.002593264062142098,0.002997156649357354,-0.0333271700215603,-0.025649136368986674,-0.016333264216785735,-0.01735156173398725,0.02401148032733378,0.023212163052052374,0.02171230431189358,-0.16359739416368108,0.2519872889228561,0.386655795915497,0.31322098299519474,-0.02055545430431738,0.0161151331426366,0.015995973892096362,0.015766578560300344,-0.03212243063638765,0.00035484513565325546,-0.002453951538031887,-0.005206378246050046,0.002436732634543239,0.0009759603632256567,-0.00032794320359643976,0.0016533410772918819,-0.00010982901678993668,-0.0017845654611793789,-0.010061953891164484,0.010871896326614939,0.010203746859916669,0.009266989363593539,-0.046578278423813554,0.036009973114479336,0.152147736628724,0.0422425146855098,-0.014044424902474937,-0.014070807415296488,-0.02061336833738115,-0.025592671259229063,-0.028325374723514242,0.012253795902157116,0.008302490020272838,0.0033488797739278722,0.002184229412404323,-0.0022407186189651565,-0.0005567180441673822,0.0013019294924983755,-0.20030493285726003,-0.1703302454523461,-0.0027902065082423084,0.03768265814770031,0.029979844890117995,0.025826962996472868,0.04013340517047883,0.1897884608359396,0.1884836764816679,0.05436871091128758,-0.16226135546483209,0.029914086576421053,0.026144379118287393,0.42737561249659545,0.44051268497802737,0.01877441703227359,-0.02675893885280826,-0.14809114881809515,-0.03872384919712449,-0.03073956732869191,-0.1696075377470672,-0.11412004213211316,0.007899457409600004,0.04336510031242913,0.044286844953192954,-0.04133707935041668,-0.01572973796135758,-0.2903364681558929,-0.011106633218750646,0.04078084632034223,0.01007015074259174,-0.01148296537411779,0.014790381075905128,0.013216750799007027,0.022695975771555,0.0012386230032214365,0.0003525529834577901,0.2525481141927456,-0.03614510499530686,0.31823431336348557,0.3165205954404387,0.31513990532252617,-0.0035031114247324508,-0.03974028829499062,0.19700200677254479,-0.019463274024802545,0.15082291622147312,0.0643344669842705,-0.01668331345818147,0.018612285321212292,-0.023532992941384338,0.021569661013546834,0.377132789479444,0.03872500710902683,-0.006602911995153243,0.04682569091292757,0.04339746141043343,0.04607670418347466
"CEREBELLAR ATROPHY, VISUAL IMPAIRMENT, AND PSYCHOMOTOR RETARDATION; CAVIPMR",-0.012356066094970312,-0.03519268307742039,-0.0068099972269955915,0.015546463690984435,0.0021260404743386266,-0.01832509798103037,-0.007736401842522383,0.02355435632232615,-0.024055344257277216,0.00024065362136063253,0.0005990211215703747,0.01566070158693853,-0.006726449793881198,-0.006127365251534082,-0.0185377840942735,-0.0067433419393542445,0.002308114517807862,-0.0418681650419399,-0.004838695246319953,0.014418871870467254,-0.003628725247136365,-0.01696475794867491,0.016722194193813142,0.006784311898260035,-0.00248694047809485,0.0032049859315690867,-0.013474773494727322,-0.010428649445216114,-0.0073557905545172594,-0.015528384039699658,0.017007284146953495,0.01117126649619681,-0.0015364894310990473,-0.015625784315655394,-0.0006687785496252212,-0.0017809434011555965,-0.0030633800654866305,-0.026665793159876345,-0.0039646994377068815,-0.005681305763724721,-0.007998253293178674,-0.006279759018071673,-0.004397239052365555,-0.0026444095884986768,-0.005548776737065649,-0.00410670048485537,-0.0027368231268731715,-0.004267609098742123,-0.003054957707464945,-0.0028484441442689886,-0.0026278128582393934,-0.01215128511342201,0.021895697198260747,0.015843022657554127,0.003400755715029571,-0.0016066206922780988,-0.030163057118470442,-0.019054402601619936,-0.0061821777514349105,0.00470720564001794,0.14368889565275958,0.13050215274376473,0.10446760656416519,0.036927720734017934,-0.0355274136039215,-0.03417191081483094,-0.030109994991049382,-0.021793241779591823,-0.010994516787017633,0.0002982549497500616,0.01214162449076859,-0.031184733967093366,0.02094972841058031,-0.014118266639791129,-0.00466215952737484,-0.006890949482851703,0.008319565469129724,-0.02147892271344537,0.023396239023066246,0.021420924552819447,-0.032478882465526014,-0.0009298856738176742,-0.01414169895025536,-0.035253104353418656,-0.030794518986962446,-0.02558818943050493,-0.026058651747822414,-0.00794720984322052,-0.011884871334900321,0.016621177537973625,0.006101469137739879,0.005457717289967715,-0.011375439518660992,0.0166367165754594,0.003525795866239325,-0.015229540156834344,-0.02252510095939596,0.014033831852919953,0.001454711971902917,0.01745636806340209,0.015852889264473827,0.012138523267036709,0.01161018280662293,-0.002948292218674883,0.029831975363810898,-0.1384094539081189,0.025165538389310026,0.026267469434289557,0.027370180121767645,-0.014793475143363745,-0.0005632441638261708,-0.018985433723964117,0.00914854876043228,0.0054614872678911686,0.041510970108926196,-0.005362363163389944,-0.014710937816239798,-0.003929124528280553,0.004512858868156906,-0.0006704499935218397,-0.033746836301901555,-0.005114719525455462,0.006409067134898657,0.007542048356486033,0.006679328618878196
"CEREBELLAR, OCULAR, CRANIOFACIAL, AND GENITAL SYNDROME; COFG",-0.016846946166134472,0.033102091865652036,-0.0045662596623977725,-0.006077946931396537,-0.03339352221838431,-0.022083594880736437,-0.029655154565278254,0.003636485189076706,0.028033601095106872,-0.027909081306479025,0.023488183494834794,0.18860665370681673,0.013075454456744039,-0.008299255985459835,0.02266403500211294,0.028461781553162514,0.025841995828801673,0.34676371034497233,-0.014094832947873476,0.005657894080068861,-0.0002475323362027623,-0.006268154724189657,-0.0010703726939474225,-0.0011880964812652748,-0.0011241501222414528,0.014324527074860866,0.029481834970647228,0.02766190406152575,0.024774563338161054,-0.018648630938055757,0.048663520869082044,0.2053410788300079,0.04396107176378487,0.002855515227253352,-0.0005953256949953316,-0.0005985700763338191,-0.0005841743857806675,0.02945265219924563,-0.01311394424447015,-0.012622433586692293,-0.011168285613393862,-0.009659232379371021,-0.007506216475182049,-0.005071560259520077,-0.009565672078192177,-0.006794940061251114,-0.004250562524238919,0.026136891569843775,-0.004238339420499412,-0.0035303379572431425,-0.002697801466906623,-0.020838162476158897,0.012269776267352844,0.01526251581573614,0.012870085743364085,-0.03187210070158664,-0.033764634575473296,-0.02806309963226579,-0.018664021984194232,0.015784877485493298,0.016507060679112295,0.019355396701682494,0.019342752998893792,-0.03443271267761237,-0.013308449150474515,-0.017259220221545312,-0.020002356496801644,-0.03455548577313616,-0.016107728370575187,-0.030889711051977943,0.0022229482246927464,0.0396277471674783,-0.01338266441856225,0.039733676788513236,0.052528068986925504,0.05270411832049463,0.012852115367327508,0.004311450165765544,0.01643129575375575,-0.013538963716301124,0.2148319480739893,0.04827855423882329,-0.0023564595550489022,0.0009986728004992655,-0.03474162599284813,-0.030666177848870213,-0.010977580536971678,-0.039579315802905524,-0.008236353856998951,0.02863877773842724,0.03853798060893916,0.040038006256726266,0.0400357103498455,-0.0026368615975165093,-0.055420824405252804,-0.017925928320569117,0.013253191221513133,0.0039009110174542047,-0.0037402465783129887,0.008262431138260168,0.006992777522141988,0.010387116136994752,0.009021544462925073,-0.0013001593072521386,0.009610824356122996,0.00448111897929776,0.19204607690691342,0.1909504468369014,0.1878825158174695,0.004319760762348831,-0.027035799813783887,0.21167650954039227,-0.0022215236679014837,0.02754086512804755,0.017366673958877955,-0.013437755215306114,0.027652657615015976,-0.001504506049028708,0.19530692306060243,0.049906471071681294,0.04399001818731094,-0.005091740409814392,0.024188896953696984,0.0169573380447627,0.03181064148458803
CEREBELLOFACIODENTAL SYNDROME; CFDS,0.01667978360672462,-0.0010052806706039269,-0.014840672696304668,-0.006303812116165869,-0.020308410118222358,-0.00784092564798753,-0.22483823597798802,0.008855758911461231,0.006860153036635363,-0.008208558011878014,0.014293400843922032,-0.006245008739455418,-0.011129411829159263,-0.014547527526815323,0.0005095837313836744,0.00047760364491553574,0.00034535670968277707,-0.012330458758623564,-0.023912865634911632,-0.005578911729410092,-0.008749505749284835,0.0006883627222323392,-0.005695276753001333,-0.0071691421685064205,-0.007870334767964983,-0.02482808109565766,-0.020377002979296926,-0.01813022722561135,-0.015848374898764173,-0.03160735665361073,0.0009071121212614554,0.009874658759194624,0.011727561204495262,-0.027308258030837734,-0.007825335475386087,-0.00700116616043081,-0.006525420924640957,-0.007095598242069422,-0.009136446427655277,-0.006989443672750769,-0.00482054779870873,-0.00485564300664059,-0.006113021637077969,-0.0070358096084553075,-0.005344308649922859,-0.0060844501829548535,-0.006407500267293391,-0.023540974584101943,-0.006578814644261546,-0.0069955531717053356,-0.007167264136739781,-0.021354693419812946,-0.0099225364739874,-0.009454615540651334,-0.005337373402689344,-0.016756242001383804,0.012626824056713263,0.012707875980610807,0.011406707637561837,-0.015486793650144146,-0.0004884337741421574,-0.001110495644268276,-0.0017954950623669168,-0.0001657259007722407,0.003300671309420375,0.004795630823140602,0.006214300308415103,-0.1585454979241891,-0.03017065095566494,0.012416955924641591,-0.008405343163373552,-0.024188023461395314,0.014385222154628154,-0.00011261994292462654,-0.008348413329054304,-0.006821909790259866,0.006750834018603981,-0.011262470537895341,0.019878739366675616,0.014519195170734765,-0.007970514328828658,-0.004087729385129105,0.01586455028335507,0.004242951737109971,-0.13908466090282182,-0.039452911861997016,-0.0160046032918761,-0.00373518104330373,-0.008228339768786626,-0.09049529025901652,-0.03658568245057404,-0.0332689416173921,-0.02354359967984251,-0.004187887415848157,-0.018918602244950063,-0.0008172461217597694,0.030820732683653228,-0.006239439845086857,0.02970626179230254,-0.0029794695460792294,-0.006691600188861579,-0.024367642515569138,-0.024871103095904602,0.2695370788351466,0.019705878081751192,-0.02051963902040264,0.14524913815011237,0.14678012971739937,0.14700008085461802,0.046341226087604555,-0.016063175551807272,0.005418994599638062,-0.025472111462900897,0.021544281780254165,0.0334778885398353,0.18086139645860747,0.04694543176313732,0.01492786286678333,0.03565305976663548,-0.012201859603026388,0.024471728598612,-0.03782328225786073,-0.01277058493924911,-0.012713654629007155,-0.025745966608277993
CEREBROCOSTOMANDIBULAR SYNDROME; CCMS,0.0031213289105916074,0.00791522039431147,-0.028469432682339046,-0.018785490736383574,-0.018278379116710566,0.0011723479080412713,-0.17307677153876375,0.0167841897967202,-0.15965968494072222,-0.013974562786837503,-0.0008027535771389352,0.05303912159012868,0.006563979145359599,-0.02714717379399517,-0.001747904577774836,-0.0017329562483391575,-0.001169429491274355,-0.0042234403763127095,-0.02294292482595003,-0.004203234171318169,0.033813340488950364,0.02848703778486513,0.027861725415048333,0.022725230381941332,0.015568952558032976,0.005301994281896598,-0.02630246907610669,-0.02034106836970887,-0.013488389954864339,-0.01876685432477913,0.0083110775714946,0.034454204838027774,0.03963332877281161,-0.021397625277481947,0.03315563574408457,0.03471614998725086,0.035155914556676784,-0.026799318375439207,0.042134186738137284,0.038015699316092735,0.03182355628614625,0.036558323981501564,0.034948522540859575,0.0324219490982375,0.03911319043835151,0.0364249739213314,0.032585741455772275,-0.02061543437289111,0.034265742335947806,0.034464299380733865,0.03468243856611993,-0.02504558092626882,0.0021877984148207666,0.009504771598740823,0.013250383645325573,-0.02360606191230544,0.009366524491404227,0.00842386198640727,0.006791980826664792,-0.017724727067293933,-0.005241980691124628,-0.008682361593660943,-0.01145611167232907,-0.0005369630841293852,0.00867367976109793,0.011323994748425879,0.013645603790461544,-0.006604578892042448,-0.031118799240882587,-0.006991275056166184,0.14840439054245008,-0.014655526523177623,0.03438506579025547,0.0047258647297270025,0.016177914791647745,0.014663330865413646,0.032196288417004865,0.013988129933304139,0.021579845716839324,0.03439357067627018,0.00805794312689859,0.0028044900688772166,-0.024848941950265775,-0.009219884664665553,-0.025655646801191853,-0.01975058898771481,-0.03824298465119788,-0.029711288868147445,-0.0251017778598104,-0.02132702582628635,-0.004870163601105146,-0.0025633045058572777,-0.008583022262742681,-0.0185878464416293,-0.02357043936011881,0.007225819355857329,-0.0034699667167493124,-0.031428517336509254,-0.02525536655616997,-0.026566081197235348,-0.028208658879972967,-0.014847509149714793,-0.017585380625314458,-0.010679824370726922,0.0318807422061143,-0.015598111986454237,0.038705700033076516,0.04001008707161364,0.041217595888152006,-0.0023791204835755834,-0.0005503622894665542,0.020794068799884737,0.043472714084427745,0.01082669982697119,0.016002589558489263,-0.011770862911843165,0.0028846318782064723,0.016381598581744487,0.011388911289892322,0.011491194724835068,0.2570054199017244,-0.029654021495308394,-0.001378501830959128,-0.0055131275284245815,-0.003963527745385753
CHARGE SYNDROME,0.02807078750694557,0.007120700259362767,-0.11551577189251871,-0.02026521054041802,-0.03232383242502707,-0.0063797932239677505,0.012159749429216597,0.39449556731845564,-0.01975050770827323,-0.03715471521595665,0.02607562394795931,0.1240574116203322,0.16620161307905296,-0.12206909922075831,-0.020678805972410102,-0.018529608310021338,-0.010849523759967167,-0.002651323189923045,-0.13493586289567194,-0.009215191801334371,-0.0074311309312118405,0.0035048027453711402,-0.01746436943410285,-0.012001054418167179,-0.005454446055109488,0.05314528108906135,-0.00048656924206156546,-0.004702349398375124,-0.009399020336871362,-0.115358611630552,-0.0015987063974061912,0.008820819962726954,0.015725028297032064,0.014405271950722543,-0.021765874345088518,-0.015504732338670892,-0.008850476875699181,-0.008865138942565935,-0.008547676899830875,-0.005526582255445613,-0.0024171402247742052,-0.02135635751922089,-0.016358089574291995,-0.011021182217914583,-0.020873934183946553,-0.016856338025678274,-0.012046808283973288,0.021109900291281423,-0.02204299856768302,-0.0157647365675498,-0.009271658987443232,-0.19167560059085056,-0.008103956593169042,-0.0037715802581556003,0.0008235978078618256,0.0005064421333030193,-0.1827225776592739,-0.1846550860896358,-0.1355933592173087,-0.01812534357890042,0.006998008517321733,0.004723811685013797,0.002220633034188633,0.013513615673392841,-0.002906951528168482,-0.0014642287572428606,0.0002419223245812277,0.02161466348302114,-0.030093191023767882,0.10973281928834322,0.020025915326510792,0.023691036658164476,0.2677037032381658,-0.017223661055587848,0.014606333778709667,0.007927013408534522,0.022159863810171904,-0.023515423935087848,0.016844401301827218,0.2681490168120727,0.11235751682594203,0.0317750630746256,0.006456338220242216,-0.013013898742792908,-0.022030630954884715,-0.01675282462866734,0.016489420744644673,0.003107446513192816,-0.025800247888084535,0.17625270208551122,0.019778126838892143,0.01164890129377197,-0.17356323848016939,-0.006837699111020373,-0.0077473902675189625,0.003475621517884805,0.0009993507592746893,-0.0006870639177850098,-0.16864747944572392,0.007001722394036364,0.0008706319715336549,0.0114168500719397,-0.01812470046769572,-0.012880706410157887,0.13944368732775017,0.002565217779865717,0.010166896848359804,0.01417728722080929,0.01849544189012728,-0.03233976534386116,-0.09475305535057266,-0.0052271739770344385,-0.021171196620794485,0.01820242531563835,-0.006656903073085965,-0.02809539742412749,-0.023758875594257343,-0.18121085574101523,-0.12508788576428503,0.01578448709968737,0.1904517689863713,-0.2658231973911862,0.01051256071668307,0.013939658712608282,0.01338654539503815
CHITAYAT SYNDROME; CHYTS,-0.023354604599437813,-1.056978591183451e-05,-0.004782281491446059,-0.005838357430557933,-0.027280504154012435,-0.01430521937689403,-0.008449262013187287,0.02203156852317264,-0.038345130874970705,0.023129553901212727,-0.018228927180970675,-0.0014936942226567917,-0.00991738848484204,-0.013921626620513314,-0.011657408804676651,-0.010577642169230114,-0.006496801803755807,0.025669933146406004,-0.023017580796123538,-0.004417169370372456,-0.01696182220603508,-0.0033353224030701427,0.006151015839363403,0.011834196073718372,0.016250450693267887,-0.01476028106502942,-0.005499277991122926,-0.005301566861776815,-0.004943854043779216,-0.022057485549423255,0.0070318922424672066,0.01692097975754916,0.015366642228228262,-0.01246474427735796,0.024755745189937516,0.02149194430650384,0.01889765527068938,-0.016711214437340974,0.007213619298806184,0.006942066724704414,0.006252505792403567,0.01816002047144253,0.016740458361477344,0.014740150856073475,0.01615302520055871,0.014661234985841987,0.012234448835474223,-0.012446364966689013,0.023003290226766067,0.021187815608833215,0.01847629028071745,-0.011411671926318803,0.024050787602570702,0.02383526423570786,0.013791298763964706,-0.004323160855589269,0.01345818616697733,0.010745781582678943,0.007547314472241617,-0.022954593126082803,-0.015135405602047357,-0.018573459565567,-0.020403947541187326,7.440581019238196e-05,0.012451653354541799,0.015333873927816934,0.017533071932288424,-0.0017658388093772849,-0.025821968847727545,0.009628707899123524,0.033280047134424555,-0.004599597024843839,0.018745102259036712,0.0017009181888889811,0.004209497871820139,0.003871073885943973,0.011060982207046387,-0.004944063880422574,0.01078275412470485,0.01916062456732115,0.0305370547871137,0.035867001867447366,0.0071936243806477295,0.0018121923360572899,-0.02583189397486696,-0.023102662014742373,-0.010584189819754041,-0.009283234209659597,-0.03244559523270966,-0.01564205181765701,-0.0026216907231672673,-0.003764350056453783,-0.020983148964053427,-0.001072435824057841,-0.019695580679396685,-0.004053335056133573,0.031442390060441916,-0.023843801856695934,-0.011492228071738867,-0.02494951470855532,-0.02424534745988129,-0.02028104027772856,-0.030186392235829997,0.020773679799506565,0.024154375234070217,-0.023592080902693744,-0.0164024997471934,-0.0184782551111145,-0.02026891269916165,0.013607825444002748,0.01801478436590462,0.002305414516369045,0.013343555308156048,-0.01903194014358393,0.03610211014294986,0.008649400605196164,0.007500987157136614,0.020156700074068067,0.016055869597198746,0.03424077223325422,-0.035923620013474926,-0.01637829329909182,-0.02148285261876322,-0.021741421178734916,-0.011787614192635633
CHOPS SYNDROME; CHOPS,0.04663621153470643,0.020442138514849065,-0.005913872506183977,-0.0331210333632937,-0.22813632300048897,-0.017038723846556757,-0.005867941334410268,0.27210680568078804,-0.022749099632225152,-0.3362168117702737,0.3056151333637581,0.00496604791703906,-0.03148883118123429,-0.033811032547993135,0.0039639983120577545,0.0031661730731643994,0.0014406918092955577,0.021995943152318932,-0.028792131660106704,-0.02110288878002171,-0.03759443928144037,-0.0017920014922368716,0.020572919666799562,0.021747883975448235,0.020151122674936864,-0.02914679903337608,0.17512432999306898,0.18093933756605082,0.18476503360664767,-0.02455349603126948,-0.006958267407630281,0.0022678738026187715,0.011630717080445581,-0.014579838743212892,-0.03947312339055497,-0.039528541007936124,-0.03854656525065529,0.007776605343529853,-0.029950502947061156,-0.0350863580301539,-0.037616184096079086,-0.04055545960926037,-0.04168293493684373,-0.041688442795434925,-0.038980294884270524,-0.041101067953285525,-0.04137386559922232,-0.0013626286457547937,-0.04137942582446241,-0.04123589394674049,-0.04094208505190889,-0.028527041980239982,-0.011673365373840798,-0.00545145749445192,0.0007841288093517513,-0.04562171754333452,-0.0519786928257194,-0.05519174242750548,-0.1742458312468384,0.0013409359670330304,0.1820803922772262,0.1717018279468301,0.1477376859402736,-0.0029490377819828967,-0.04181258844481664,-0.15226310528389836,-0.05085973994117853,0.329529026390496,-0.03729749693785258,0.24533369961072232,0.02952264597827149,-0.02004913995657579,0.018173570431899475,0.017579800394970407,0.022229608617844825,0.022722800587426213,0.027106953365307565,-0.04372621916734509,0.0018034317160785917,0.018277790952946512,0.29014042651739674,0.20537788920347788,0.015763957130761414,-0.02204812503629408,-0.017404404016270858,-0.017420651587251694,-0.16424746718842678,-0.043766309437677425,-0.11592005935580961,0.03837042125033831,0.014346527783787087,0.011521750961816382,-0.03190413513375246,-0.013029037677928354,-0.029064053945002867,0.0020156819414079274,-0.012394992982564341,0.0325319695428996,-0.013303442968529804,0.041755756419386024,0.033268220412390664,0.05260109756577237,-0.0059240233642385625,-0.039856185061950405,0.04350017369733353,-0.03354871230627941,-0.0016901065471234336,-0.0022539755166992494,-0.0028483986090395135,-0.1850944707018094,-0.3210899517007675,0.024131609517295916,-0.03867444406457826,0.1801336014738716,-0.3406229565843362,-0.25279625752735496,-0.03344947142605611,-0.28657009539458905,-0.03344723703061644,0.034925825024469656,0.31123343082248905,-0.0483310833556555,0.011418516848625382,0.023799600404768376,0.017872937721666964
"CHROMOSOME 22q11.2 DELETION SYNDROME, DISTAL",-0.03712774904147995,-0.022035432065539644,-0.1668170617766387,-0.03844100397533883,-0.3266509215404766,-0.040250619321600095,-0.21263541215509366,-0.010833332818883178,-0.18889539091380397,0.025868600174310977,-0.22460232796434382,0.408498075084205,-0.021577852268825946,-0.1594690364614679,-0.008999060290041758,-0.010383210700751827,-0.008255257347845261,0.344839297370894,-0.2710141629347078,0.007061092757699096,0.034843356960142916,0.0152731923481906,-0.024055359765521034,-0.021065191970383035,-0.01644458804967036,-0.0017554018390693437,-0.024870631909924907,-0.025962358674505543,-0.02646723019724765,-0.26816200338082863,0.25323098725416465,0.3696189980902493,0.28510980409449393,-0.17395265181999606,0.021898520848040195,0.02073098018335528,0.018796567397110893,-0.136439678230365,-0.016805897257149528,-0.01814263344931046,-0.01825593488586226,-0.0008624026984999535,-0.0020044427217785314,-0.003123907447043199,-0.0039642261917909,-0.005738904545300306,-0.0074111499286218,-0.029991053013941966,0.013240842773297443,0.011835999497691319,0.010375050503236451,-0.24654186730979408,0.2395379338361241,0.28497807710526385,0.23260248516538243,-0.0349352544132001,0.03990947492068437,0.03814967370457119,0.032747061297104946,-0.14246659339280657,0.1274146390727205,0.12158962404656094,0.10406401215972728,0.0007189367551372391,-0.08933530270535338,-0.09479064477461858,-0.09305124232135908,-0.42373225833392114,-0.29513850469545533,-0.263875662255038,0.32776103907348064,0.020466633636331093,0.2926214761849932,0.35945000424660806,0.3101423825582345,0.3382063309290008,0.39962667344856667,-0.3204907861609347,0.03641952272496413,0.29253990181837636,0.3886411291393195,0.4944249105433464,0.16717467519285323,-0.11587081299293199,-0.31593363122191326,-0.29040916760013724,-0.2817434107445856,-0.3484222595642453,-0.13433671632890823,0.29008311789773167,0.1821757560055518,0.23199784913200286,-0.2010459290464456,-0.028087685503599753,-0.4450779960019447,-0.02120396643282251,0.043916447624144095,-0.02658769927533892,-0.22529140614344842,-0.01874694454412615,-0.01938587400309252,-0.010846415888001136,-0.008547675315119869,0.011656853325944216,0.26119062784365643,-0.13916329847867545,0.3441795073782219,0.34466786199480837,0.34522053263250974,0.03885205136169605,0.16899626773251433,0.39953473054920685,0.30709891948754225,-0.020308692693032388,0.5099880811645687,-0.001919225446459359,0.1767437916621855,0.30126395649572923,0.29292869694163315,0.4153930703262479,-0.025213974433693602,-0.026196505030661635,0.04362157246282223,0.03449506320186783,0.16155461201469334
CHROMOSOME 2q37 DELETION SYNDROME,0.030783401531766067,0.008396603182664258,-0.021129769750015005,0.001407486298195199,-0.03097452067659688,-0.03103739843606859,0.01718135593213366,0.047584554962049976,-0.009339810251669436,-0.03810549716786695,0.032550240852596314,0.031005555634916596,-0.0031920112232659828,-0.02553183521049505,0.03276842398251872,0.038746495251716806,0.03511915683717068,0.170309093906422,-0.03354188039599379,0.011393255423127588,0.002150718882134592,-0.010860160619618505,-0.03845061642250882,-0.030949007872530736,-0.019393425620065137,0.01265913351745677,0.034509607737711154,0.03074628919811144,0.02542898800948253,-0.025694473859318556,0.04232510342220704,0.043645277258198924,0.018491727943674787,-0.02179398797345761,-0.0007320387283519047,-0.0030428657306620856,-0.005685244388701759,-0.0063234232043603445,-0.0023760897454245125,-0.0006798284171288868,0.0008365257262324481,-0.0056817311003802985,-0.0034901646270594547,-0.001282239093955324,-0.005545814024187724,-0.0030306579115626587,-0.0003510122232533669,-0.022463937787111855,-0.00250140844771911,-0.003390981087937237,-0.004222885861439695,-0.017737676366991823,0.013407022349144135,0.0001735735506644932,-0.01546378314057196,-0.005683447403189469,-0.02098432863367445,-0.022858405023855475,-0.02272334758676128,-0.015149123564905196,0.008165399254111248,0.006559860157612788,0.004296810480695523,0.0002867126567080313,-0.0047134586058212675,-0.003085027034578876,-0.0012988276715434758,1.7843382035282205e-05,-0.03108081155719919,0.023767808797259513,0.01573259194423533,0.013098942203859555,0.01894099422604997,0.010295649844369934,0.01882514030562685,0.01906733271351572,0.17990184182087657,-0.01014337268681204,0.015028555057108085,0.01889162674176588,0.03626634529718602,0.031033412014536743,0.0004730423357766838,-0.010092339426960148,-0.020011013476306204,-0.015095906066670228,-0.004736579013207528,-0.013381781352720607,-0.031438387693769006,0.03755491815547362,0.000613222069267534,-0.006874869312896558,-0.03080114302258542,0.0068027283948238005,-0.02371116288287845,-0.016118726269067327,0.018965201718894636,0.00031659056360635544,-0.03760001441325476,0.006320761060721282,0.0016237483719441735,0.007407647453963046,-0.00863980872231813,-0.0013436592499782168,0.04467904095482352,-0.012895946863717223,0.037430260013403466,0.03664402547286445,0.03511174641174464,-0.001671949977858705,-0.03553114230151162,0.03514083538002791,-0.022404044368138594,0.03153268426210205,-0.0025235820926220926,-0.0012335407166391558,0.015912721147045346,-0.024926595866736678,-0.004704516391459273,0.021849655600479363,0.058992158689771604,-0.03844205439211667,-0.001892436788996935,-0.0006403933993284646,-0.004167333536140942
CHUNG-JANSEN SYNDROME; CHUJANS,0.019778412844835985,0.0008724124079674201,-0.23099538943887826,-0.010021030402339015,-0.02985743810515841,-0.015588910494181754,-0.0005714131974420421,0.35065348927643425,-0.12943526836465924,-0.14827388844659606,0.131089802154622,0.3753535972236975,-0.011468126826293867,-0.14463245030803587,0.0032727010254952242,0.005286023094997183,0.00557838810863274,0.0073857193164164215,-0.24741148567578602,-0.005998000022257403,-0.019455207005307618,-0.0058486178442315505,-0.040280637606387545,-0.03603151294559169,-0.02848885335834282,-0.0006867843051473502,-0.024014839396975886,-0.026984422220654836,-0.02953114665499883,-0.2448203231176236,0.03071440041129228,0.04217471986125026,0.027486700826236603,-0.1267637304453084,0.011678844057102828,0.010727942333868715,0.009852896004370901,-0.20095528007316482,0.019321374332965376,0.013246308623130438,0.007153753354878242,0.012496817432894521,0.012425900392238001,0.011954331697793879,0.013567672585663808,0.012399851314103618,0.010711848435461545,-0.02791368613960355,0.012076840365702873,0.012046651695238117,0.012139217871082585,-0.2217641871302025,0.0022428647012052183,0.003193129661866023,0.0029646497270475382,-0.03784367070587576,0.011892822060984838,0.01093863854824663,0.008673688589021566,-0.025104361398214852,0.018663972300863835,0.016009279994229256,0.01177694780966912,0.0033038570587637047,0.001843082022117097,0.0015118678807675226,0.0010812276844960533,-0.1399550742301091,-0.26047172542547736,0.03258715817302944,0.014399156205594238,-0.19606756127422073,0.2377199730163869,-0.1177538686417734,-0.01683226467690775,-0.02176455491906105,0.027241705562697446,0.01589234923379149,0.01230663335871602,0.23710629096922486,-0.012319602760958418,-0.013743042363278207,-0.02226189430698208,-0.004125784840705138,-0.21028635844598947,-0.2053612202576642,-0.029729607795460834,0.001114163568715602,-0.19756479654011805,0.036681614642477656,-0.005951607100622066,-0.009060100150690625,-0.21410192820472346,-0.0019496538911278106,-0.017951832348050062,-0.0039092534360472275,0.0095630612163279,-0.23161722517589178,-0.24650412264701224,-0.15172996932050561,-0.2139034177923546,-0.035318615227034715,-0.1440402977974239,0.008445697018107828,0.2717223611430858,-0.026132252383511405,0.36935449095344314,0.36857666562949654,0.36269871785645497,-0.03535861732884027,-0.15050633664647464,-0.001204498251535591,-0.021002424582194635,0.19300429208126996,0.037673698365887735,-0.02159778276370273,-0.015667476233679298,-0.1378287212333079,0.012771882476608373,-0.002961617436206114,0.5152685878831449,-0.4251422375805621,-0.012108780052916936,-0.01843473003581351,-0.013757128357689665
CLARK-BARAITSER SYNDROME; CLABARS,0.017030877396958986,-0.0015968533537541836,-0.038053611500670714,-0.01922080370281453,-0.001264781116980037,0.01921379653429423,-0.0023959620722238087,0.34171702967112233,-0.02762349196362871,-0.012933568563255043,0.019004710149067724,0.042723552858897056,-0.004964601981423583,-0.04303408893852283,-0.005426122131883778,-0.011596611874539536,-0.014421685365194524,-0.021870662835863846,-0.033928338677585976,-0.02968880776393374,-0.023588546736532427,0.011633851757703682,-0.01059207899158709,-0.004267514644493938,0.0008922354007627134,-0.011148267670313235,-0.04034974370446628,-0.04172839731380663,-0.04180273399604823,-0.02742059443351061,-0.0034658664608783404,0.018386031639239152,0.03286275248367067,-0.013851762127925785,-0.014921278634659151,-0.01181899843118451,-0.0080536931706012,-0.03309514949757779,0.005856870644834346,0.0008195151227875754,-0.0033588778483354016,-0.0005824148176820768,-0.001519364207617835,-0.0023482641619678507,0.001106634248244709,-0.0007035879790658635,-0.0025137516763628688,-0.010205289035056705,-0.009004333640959563,-0.007169412942138405,-0.0050013871715081796,-0.025370557977054696,-0.03493412653131028,-0.02606317123402382,-0.005672254264866539,0.015340639794300974,-0.00027244799351541673,-0.007939927008791621,-0.01569883013836658,-0.023613506825975062,0.003998930749644006,-0.00018324806017102726,-0.004526653656244029,0.0019757511323435836,-2.1086442856179382e-05,0.0024922024795033656,0.006005820849128813,-0.037880641315274924,-0.14154256658101946,0.03624412937378281,0.000356613403073776,-0.033737582387175474,0.2592981702971386,-0.17819395811614788,-0.03443491535449302,-0.04150458588449578,0.008769290536381903,-0.0068968523382409415,0.227327066040963,0.2598866211095456,-0.02104152628037483,-0.021748106033740496,-0.013490504484868701,-0.021301267355808357,-0.3404112117398315,-0.29119560067910855,0.004209858923303355,0.030591464858368386,-0.13150347382778474,-0.0010615854806238537,-0.001542999779191384,-0.00433625623440836,-0.04117032435682073,-0.01728857813709689,0.008722207177916974,0.021382786115006092,0.028279309427386285,-0.03288068876995827,-0.038331505304676584,-0.022729510896270642,-0.030974738623676727,-0.022414095357334435,-0.03478358413617202,0.04001661040223741,0.04287885290104895,-0.01942833085031681,0.1679037638029343,0.17253295839101962,0.17607551077395878,0.004974467861782565,-0.02135557944059545,-0.022113665607621593,-0.1461188678609809,0.021700295253149374,0.03920832703912526,0.03962747863585944,0.014190145798574102,-0.026265866397490626,0.0049352820193426395,-0.03225731495677896,0.2932074885015604,-0.31910761808751437,-0.00397174619724886,-0.005619794387705949,-0.0051669622755081595
"CLEFT PALATE, CARDIAC DEFECTS, AND MENTAL RETARDATION; CPCMR",0.021825371420313436,-0.022465236965186684,-0.036027874857280005,-0.005713963910013701,-0.014158956112992449,-0.004628308941514719,0.006149254924291131,0.30806045103393465,-0.04181856248917104,-0.03472724405962195,0.029339529609792595,0.011242550845438598,0.002949046323002421,-0.13475462941375468,-0.007005693692013773,-0.003113143286634698,0.000684967385942593,-0.028310204138229034,-0.03604933274176766,-0.0008882152888838014,-0.002908739624140856,-0.001071331714633112,0.009199194108470556,0.009893582898170708,0.009646158092046817,-0.0022624669984961784,-0.014855116251395274,-0.013639575701563192,-0.012403710124358265,-0.031806489574424134,0.001321137792912508,0.008734736358740135,0.011462631868346021,-0.02334824744308913,0.009423899495853505,0.011724102283371823,0.013912374511407699,-0.03290216059771333,0.016960033612770927,0.016988251245732736,0.01576054912757872,0.014181816932743285,0.017440450395278785,0.019684960115959892,0.014293825841199231,0.017413215395520026,0.019441585009063147,-0.016272343227221316,0.011724774753544137,0.014678288115851533,0.017480535548025474,-0.033328966411358886,-0.003504463632912193,-0.003761399522092428,-0.0027225373727783357,-0.017419280944590287,-0.018253244411627918,-0.017421658547693508,-0.01398188707357913,-0.0272815829092993,0.0062164667640776,0.0043992460305335495,0.002275050105712878,0.0004906033959099996,1.8350791036086386e-06,0.0007423032100698532,0.0016434077919240345,0.03527359924113371,-0.0410091526834519,0.15979648367294733,0.023678971410119508,-0.028957973111231924,0.04429423926776583,-0.041177217776826605,-0.002440061112044875,-0.010010575844623358,0.17275488425888164,-0.03224134934985437,0.0038230132750754642,0.04412551806903102,-0.022070019318055335,-0.0006857293530812675,0.012383305292959026,-0.016761407693559743,-0.21703438178983175,-0.22170958878685917,-0.016307335220486316,-0.000377457518444415,-0.022674264314644435,0.016292784893399467,-0.003687335463274713,-0.010573068103066663,-0.039474091688598174,0.0036749952329224464,0.021627916607155566,0.0025692714036089632,-0.01955134076467965,0.0019180144363871192,-0.024983766100766983,0.008110429025178454,0.0024662396154469905,0.01882830467016848,-0.020909472025119433,-0.026838925933583974,0.03862890739809475,-0.021995194585542843,0.0009768558413626315,0.0011610225352205658,0.0013273994090986308,-0.16842827256031712,-0.03333578491354665,-0.0376061622559149,-0.015213775327892757,0.019801827583750046,-0.018945915614840315,-0.037137250738817115,-0.15094634865594567,-0.16555631984084093,-0.03730419706171236,-0.013075271404932864,0.15674322390029574,-0.17329145795584444,-0.0198534449667912,-0.008236027562628567,-0.010048712184289077
CLEIDOCRANIAL DYSPLASIA; CCD,0.2584254155600155,0.042961607234087734,-0.3018903335108615,-0.036079099013071304,-0.18357505312580358,-0.017137771978954625,0.01707635286055975,0.4744888831714857,-0.007453836981007957,-0.24444435773773004,0.25148059635284736,0.18718588162244756,-0.02404712628862551,-0.29941647869305127,0.03871337055805958,0.04433819077246873,0.03815636948017789,0.3661324310366675,-0.3247694501142777,-0.004640887617712105,0.016781668974514455,0.019072462991630262,0.03802340408288627,0.04277643173122807,0.043140532461457735,-0.005463457026611909,0.3038948269731641,0.30484271790906736,0.30113976669889925,-0.29489039388179444,0.24346525191114277,0.372974821216491,0.31240957773599504,-0.020412136659784398,-0.010228809163878432,-0.009999929906668956,-0.009378400102229135,-0.045088421825266484,-0.014764879767190415,-0.019152308220560146,-0.022776589329484478,-0.023400532132686502,-0.026963972352238057,-0.029943157980199444,-0.02077765391258494,-0.025045877648177468,-0.028458450150944184,-0.0012526247401244972,-0.01736331024558634,-0.018614260393149524,-0.019929420888239152,-0.3071094626807633,0.013435336689921312,0.026705837498951224,0.030433639027928346,-0.020620111704729025,-0.25278261995404755,-0.25640087660821215,-0.19216392924776515,-0.0026052217024010557,0.07445453129937889,0.07583636150325751,0.02206285406209763,-0.0026778188355116267,-0.020871882232903784,-0.019088980221308942,-0.015075162427361196,-0.010965245943960235,-0.31423126327763606,0.11077660523431865,0.029840002772659,0.16982025122104588,-0.000966980850949489,0.016691053199581078,0.05761192734834797,0.0534423064999476,0.021347894748511505,-0.0068831527697035075,0.15119016831553897,-0.0009498789274398436,0.4322552500865738,0.36173043728773546,0.002916620721920742,-0.003475366223212425,-0.002900855844294584,0.009295535420374638,0.0008961392767380005,-0.0292985979777569,-0.22382920030263448,0.25027292220644787,0.04280592753360673,0.03089908008499661,-0.2776258075366009,-0.0208336315590763,-0.04688832209218046,0.0009110816079290937,0.03078524140454183,0.015875204876015313,-0.26722292260386743,0.029756037654088244,0.01959776904065861,0.02935496226931068,-0.011306816629890415,-0.004843099109508833,0.3332591493076675,-0.15027662854537333,0.28787116658509065,0.29687325837925943,0.2999557322894282,-0.00045966884976423895,-0.2798723977963709,0.059493254785557184,-0.014702138231254006,0.28521425711661164,0.03449059155344146,-0.0076288942616071324,0.023888597062829968,-0.03816138473481713,0.014193390892992347,0.33175669337073066,0.036326140268544437,-0.16301309453491686,0.22310916651885418,0.24211274858922102,0.14946395299788648
COFFIN-LOWRY SYNDROME; CLS,-0.015054017011322331,0.2567223626675645,0.0006253152067269277,-0.035475862276559786,-0.3281369678369334,-0.13540754840087382,-0.4376425323056805,-0.17003778229848138,0.004446119832073286,-0.002963582267899832,0.009050105881806228,0.2847292551910993,-0.004819884320798401,-0.023027637092365955,-0.003688060983808134,0.0027623889202873756,0.009045008165980289,0.5144241094057617,-0.028088122716062102,0.000699474944766934,-0.012157383050640512,-0.008687285795944738,-0.009310269887481782,-0.006553262475811282,-0.003242085895862955,-0.015696901649240876,0.0033269624286630132,0.004172434871512696,0.004593366988503436,-0.034494854392750275,0.2613017371044716,0.31831807424036185,0.14942626563213424,-0.022286995382889897,0.005894535435897143,0.0005786966708251675,-0.00469195713433404,-0.004289706893174999,-0.021280602059702943,-0.018978814552589,-0.015494438137110194,-0.010937079243020852,-0.011557141017956638,-0.011443088389210702,-0.01431773437435657,-0.01400626939798631,-0.013008805170159315,-0.023955053802411374,0.00012182888110006086,-0.003062038175261854,-0.006679262042947013,-0.015633623908181477,0.03906305832314362,0.033287616813841965,0.0133137962533044,-0.006764252610122515,-0.010237340861853881,-0.012362816081995482,-0.013625095240324113,-0.02141793404782937,0.009496448251327689,0.003398337611644532,-0.0015022015517574619,0.004306191613346568,-0.029545098810382232,-0.005464772815514468,-0.0009668486266129832,-0.38832943502480516,-0.03319395517151288,-0.22295662486897955,0.04946577765975079,0.1514342475287025,0.037710118308630476,0.4281169033375729,0.4044302089346802,0.42825265803071927,0.06350956765463621,-0.17420961854144787,0.15594854217056944,0.037760804620541565,0.6115854433126146,0.5759272456471164,0.04045545751986986,-0.008060294312030963,-0.28917576022685354,-0.24452277546648088,-0.2959928764653798,-0.40988853320187413,-0.007879708876048934,-0.03311129405429919,0.032114909465589085,0.04585139433123263,0.011212645679908026,-0.023894089901956173,-0.5221931677992937,-0.03764816071337204,0.3817143694072489,-0.01872448814295923,0.0364509481618636,-0.017255722251309235,-0.014806129161221605,-0.020765442735979175,0.0007941063310171819,0.2592265637778874,0.031651547333564636,-0.03148925694844382,0.29694427358656,0.29916186321915744,0.2987910222921165,0.39835914772268827,-0.011428112976676402,0.5659025984759969,-0.023778446865457784,0.026171706269463448,0.18513759331298915,0.23883251276883757,0.490088265748649,0.19856664088718418,0.46312936680918526,0.4909462732386872,0.18304550426604824,0.006187874555548643,0.032340628646664774,0.020652731688116672,0.03679685982717599
"COGNITIVE FUNCTION 1, SOCIAL; CGF1",0.02666870618413418,-0.008155135423026474,-0.020703968092656858,-0.005495056544549873,-0.14426126583687982,-0.028932365562476015,-0.15562893573675501,0.038897565839161444,-0.15629503058292715,-0.02805477213359921,0.019723594088532907,0.26806855862662,0.008872820961254173,-0.03896984402170827,0.27563074754451505,0.3244758808368434,0.30332213721649914,0.3410493706619757,-0.01774763471062536,0.027916473994303373,0.2120045756763671,0.01779104558682195,-0.046333947296443107,-0.05228492397444567,-0.17067575730288675,-0.01163200500813501,0.23096908268678762,0.2473288104043471,0.25518123417306837,-0.01085710278231667,0.33451789335872884,0.42977289460665324,0.32586803455127833,-0.008772984609894832,0.0389409271082884,0.03761949866111595,0.03501158065927897,-0.012911972964410982,0.021050483964612638,0.017446188882590672,0.012295644642457686,0.009398429840639416,0.008421743174790813,0.006972278820941091,0.00975681915297575,0.008916734873966641,0.007401470527928455,-0.018568813786922208,0.026681294620442872,0.02541037238042806,0.023175330424216434,-0.0025468998764009427,0.23985712617587507,0.28859742266648597,0.23140878465255052,-0.010547601195343826,0.008276642633851921,0.010088051049745026,0.01055829828224534,-0.01593058886503437,0.05330841542878535,0.044571575799615654,0.009579213405021672,0.0021637861078706877,-0.0047634655465575125,-0.0031935264327583113,-0.0013467567583416848,-0.2724103294470372,-0.01817742977967145,-0.02563573904844406,0.26752326931271164,0.029793394495005555,0.02327495953238605,0.24073672094803458,0.2831101136224432,0.2869409757742984,-0.0012917304217246596,-0.016482144488830685,0.03770979009020379,0.02329063529388631,0.2901613428196263,0.3584760568520104,0.0012565337606976837,-0.01157353210650009,-0.012051543042687593,-0.0003235704416333581,-0.15938547627812483,-0.27599258674611654,-0.027479827220586246,0.17253347391828625,0.15773661154547627,0.1588094719138125,0.009860932144809929,-0.015326226260530457,-0.38929395900983427,-0.02749594487497834,0.2600921414536334,-0.00014555092946975842,-0.03948263885733597,0.004798555202623916,0.002697083827263854,-0.0004570713597227449,0.002410524710995013,0.041144755800368756,0.028829282467688008,-0.013882751925777623,0.310596341258642,0.30980003032367587,0.3056998779814335,0.17550155803307904,-0.022111145424472657,0.3239013287728959,0.00752973433991397,0.04276240234593618,0.2740832698163857,0.14370238196207483,0.29959834431106586,0.029174904726745006,0.25042584382381267,0.36123048963579196,0.003315165891189257,-0.02594667096084466,0.2523480104469137,0.22698335740399403,0.17520560982154487
COHEN SYNDROME; COH1,-0.031119742246198456,-0.02201436812662003,-0.014646595039613053,0.01810621687325728,0.09149376501603537,-0.0002094742421249072,0.0003776136818139938,0.3559938462274168,-0.19543812311601863,0.024910042193636656,-0.020368904822517544,0.013645068291499075,0.0013130406424594991,-0.007761782948130619,-0.01317567453757227,-0.0029865869739637064,0.005691160734243841,-0.36076120098138054,-0.023524763852775583,0.02904975274999521,0.24386882524247974,0.009681269628687114,0.13769672994104395,0.18044778926185975,0.13675106476011664,-0.0031083715525501003,-0.0039154165418910395,-0.0018719942276578016,-2.2789882520337864e-07,-0.024276397748434625,0.009341233701499514,0.007101144975733448,0.0005133458738652807,-0.15384680785876376,-0.18130955925817022,-0.18818458813856448,-0.19106393593845203,-0.017355776583538093,-0.018783106666612044,-0.017784271234314617,-0.015662187453205356,-0.02310797560150189,-0.022535416799285207,-0.021255125536352892,-0.023984559865138082,-0.023831379597808403,-0.022162992278137505,-0.022249492649428597,-0.14453146496500938,-0.14628725261113834,-0.1464029839263873,-0.027506071154011942,-0.21995156029787813,-0.29467349516668945,-0.2648048702668265,-0.01627505799546572,-0.10461909609590486,-0.11181716550402598,-0.10877131709997093,-0.02086922371740482,0.12862521102299365,0.12061394949470636,0.10151480204830154,0.0006780930066663732,-0.10955263338238953,-0.10197584765562934,-0.08353636536265865,0.001319393885366303,-0.029161464062349103,0.1322466664995574,0.020733643206145933,-0.11330508442836158,0.18802879528952277,-0.2682283254479746,-0.028228220914481354,-0.12566781724838935,0.049662124561445954,-0.25353348098426565,0.12296227231770836,0.18786557773824952,-0.23939399860764463,-0.19253597788157314,0.15817556279541353,-0.018274357508661694,-0.2769760609525298,-0.24360908822100205,0.0009270621961230079,0.025146174798348946,-0.10510029189857271,-0.019646841819210527,0.1087188491644277,0.10493548411538062,-0.02717239865422141,0.023703010611344836,0.2611192197161636,0.00034441450760547976,-0.031175174366327954,0.0002890548585710217,-0.0011238615265500766,0.0019154511340792007,0.0008862342793175076,0.013701136698825635,-0.009175168187742553,-0.03051344421436016,0.02959786931895442,-0.01844307397655528,-0.02550409966560012,-0.025456702166719487,-0.025027274152071077,-0.18850931605682417,0.01769766021189731,-0.38839120616663725,0.009017216227190424,-0.016085770768894805,0.2680578291479911,-0.009845685744631145,-0.24155801244712322,-0.02971037687333478,-0.11609847937708642,-0.35334705263685723,-0.2523806246760174,-0.003013707957605567,0.0026507739433737445,0.0037927587095707674,0.021327908893335513
COHEN-GIBSON SYNDROME; COGIS,-0.003944176727426795,0.0025399320999907955,-0.05228148116416852,-0.0006645635343494413,-0.02109346979337042,-0.019915001347510595,0.000913987180851854,0.03789066940460515,-0.019946899539292014,0.006022646503004899,-0.0015822795730351365,0.039182597168093615,0.00711423228808503,-0.01852756893964076,0.012198202106489668,0.018113498608456225,0.01698398226655069,0.01612143106174225,-0.04934632199070472,0.0055617943560431265,-0.0002501722108485502,-0.006483432076860565,-0.003961187538004612,-0.0016919062234603643,0.00023599011150707307,0.016714254583170222,-0.01087604299175614,-0.014797887698419603,-0.018024238528312825,-0.04782716663213231,0.02551737603469623,0.03342759507178526,0.021410917421149513,-0.021531812481858904,-0.009322933341338949,-0.007650624605895168,-0.0065653979378040165,-0.025340934407750815,-0.013810121425658229,-0.014284751737878748,-0.014041182893897308,-0.010111757912656512,-0.008272098656741028,-0.006442055423821925,-0.010589170727307105,-0.009152369196192464,-0.007528876113352811,-0.01013739469345718,-0.009089076367409988,-0.007436845586811921,-0.006043955933869731,-0.17725909188440428,-0.003074843253048758,-0.0036542121360915863,-0.0027690015964086053,-0.009682906683959323,-0.02265610372717111,-0.020917390739291476,-0.016859739787981692,-0.010497367252931898,0.0070185812771686356,0.007666683651466628,0.007415046805782155,0.0008464433953287983,-0.004278542800678461,-0.005181714819726249,-0.005752764573826693,-0.02902281554475328,-0.04257296387465415,0.01029051421331112,0.02052999300062355,-0.01528540027294806,0.026091023081124022,0.010049062988492159,0.00580593047818182,0.006923440921581679,0.0008609200699873119,-0.01649005963109231,0.00500610877012177,0.026361402096363295,0.018697524217666833,0.01415246000295261,0.005538043835511074,-0.008557561971374077,-0.04390488796394836,-0.1453232614281712,-0.026576440929284066,-0.018847201868932847,-0.023441399219988755,-0.00867480557434473,-0.00274376037603877,-0.005869260534277379,-0.0444226018258494,0.0028832848458103266,-0.009455298694765217,-0.007907485595746049,0.014413437249920329,-0.032641869455977184,-0.029549681601737307,-0.027388870018393317,-0.030760991230809265,-0.023899546154288583,-0.02867046090589302,0.008254404440319232,0.23014154858677122,0.02299787947628319,0.038982931188881784,0.039466751365872424,0.03920969992078147,0.0029011671983586004,-0.0003553679700589372,0.020464129922397847,0.018590714296517017,0.005830380056918165,0.1873497678732153,-0.0005717401540807354,0.008205274324075723,0.006952081817380252,0.019836291042770838,0.0037705515144521727,0.03658802754497615,-0.039188462165234327,-0.025382134481884807,-0.02721031855423339,-0.01566470256252152
"CONGENITAL CATARACTS, FACIAL DYSMORPHISM, AND NEUROPATHY; CCFDN",0.01800373113269783,-0.011117061877250364,-0.032140942406276275,0.00622265109258516,0.02070866269768912,0.010428819208580844,-0.023432984172029728,0.025617055483353208,-0.02210648366265786,-0.01507606727821039,0.008039416019446714,0.040083447846440357,0.006116843398169838,-0.011681134164600725,0.024689926373850184,0.029540474006587495,0.024848903121023447,0.013860268895618895,-0.002382429354308687,-0.00018481597544256373,0.023645695111631417,0.013127900180393507,-0.0076751763974857445,-0.004186096616764194,-0.0011388895934354342,-0.0030963483075639136,0.0032453602142945375,0.003163243591155464,0.0029657142097471905,-0.0021817022937220248,0.020896782207578957,0.0400515130123286,0.031301602233136314,-0.0005269668188888055,0.003614367029670066,0.004074323841108746,0.0038398380327467866,0.00359898699214254,0.010968131503449276,0.012694661928049982,0.011969176234307688,0.00832864762690406,0.008785989229198038,0.008462651771464613,0.009190244868887847,0.00983529153438005,0.008924166857251743,-0.015583783393606098,0.005806934487530297,0.006235695346193663,0.006499611605806641,0.000904065990705226,-0.0009416737544683023,-0.00128435944116942,-0.0010575142336735838,0.007506123987974312,0.007548843781875735,0.006221136156321615,0.004523171735481277,-0.014729455376507055,0.007410110064919717,0.0076212057578683885,0.00710582713962887,0.001725105358333618,-0.00124801893661627,-0.0019170132795150673,-0.0025785158062053733,-0.03333770614806044,-0.004517060209084698,0.0018840857939837004,0.016877579017892556,-0.024417774033203585,0.00470761414650283,-0.0018450510534284267,-0.002551985476033318,-0.002709054534670371,-0.014913356301357596,0.016491442426829407,-0.005944521278581841,0.004666006109007572,-0.0398527209192004,-0.03385752774043414,0.0026106917599720753,0.01687712441773985,-0.035215401248410466,-0.03892695219530926,-0.023013777199758813,-0.010274728097471838,-0.01986252282028872,-0.020482225213145317,0.013650991832443452,0.013553489205560097,-0.005585079936411586,-0.0024091581439044016,0.0025308531144135394,0.003410288476137541,-0.010538825414249591,-0.00254097582190541,-0.004995107540058821,0.0004160268755136403,-0.0009638833095428839,0.0005145334841307402,0.00545499401927198,-0.0037460118462878324,0.010277755857362559,-0.019814479660446346,0.15260175722422603,0.15322355357377773,0.04778641085783513,-0.016379113888518027,-0.006827410715747962,-0.005672745729698642,0.010522945959481764,0.02164936428630888,0.04151736707398602,-0.0064890148438128585,-0.008820840988311193,-0.008466693773938917,0.005945507229083929,-0.02343779681386739,0.034033855046357725,-0.026867209453920928,0.008104004940011887,0.0048181042976458656,0.00981442916796021
"CONGENITAL HEART DEFECTS, DYSMORPHIC FACIAL FEATURES, AND INTELLECTUAL DEVELOPMENTAL DISORDER; CHDFIDD",-0.025600128636240196,0.038866639573933465,-0.0063344181473274225,-0.020407485162053034,-0.10611113226975616,-0.007597618489991606,-0.02631863323920772,0.256489590328631,-0.2933197834755839,0.0019412139693184283,-0.01593812704763901,0.342873084321787,0.02704624360138725,-0.015777140563773686,0.15245051551298347,0.2048033806274658,0.13265153443927916,0.3020198834583642,-0.019879910276123156,0.012489877486342837,0.2591925424507532,0.029274316280235888,-0.04022455835813032,-0.03844277174238493,-0.03257884874150715,0.009973657036114374,0.01583183828905099,0.0211050501550195,0.025469593142645165,-0.010009787861764522,0.22455310476607557,0.36983808158355985,0.30427377618332035,-0.007442397852909516,0.019847131672760896,0.016206036024725017,0.011824622078040841,-0.032337927974044584,0.031624421183738996,0.022992550861958044,0.013562642644660575,0.02303862423917578,0.018195051863694918,0.01241960298540706,0.02351801893775419,0.017665381780876174,0.011417826655804217,-0.0099734505350551,0.022033886066657727,0.018026258420388325,0.013789508943230618,-0.020950015915870434,0.0025598025724257577,0.006183531848777795,0.007361961879392884,-0.029178321505936276,0.02289952716699577,0.023125143253904343,0.021730139780006475,-0.12676281353773533,0.0635704202135946,0.05601724937600496,0.03441271660870009,0.0011270199727133848,-0.015363071322429263,-0.013242622459447413,-0.003043233762755947,-0.24062148999369393,-0.02239767605035603,-0.004090522283533193,0.30041229199100605,0.027335044395310086,0.24024406156630174,0.03887765688825651,0.14291416056568726,0.14729183960945708,0.034512383198429954,0.006690767219818417,0.03450192441410193,0.23929259476007653,0.2859551138768923,0.1491145896857855,-0.013400399794302882,-0.005876609525207237,-0.20855419232209557,-0.1391091949607379,-0.019092552386074275,-0.0373583960944311,-0.11354810347190425,0.1275351488353813,0.03251623264533286,0.030286556857151554,-0.006454028439751114,-0.019964240488583838,-0.30170416141263,-0.007200204129970813,0.03910812411423767,-0.02945142849206375,-0.24721473578518316,-0.021292239070931748,-0.024803494529992386,-0.0014616136188639066,-0.013598538161161829,-0.01587935988908193,0.027344415277924507,-0.023222688340543692,0.25417565541368986,0.25843171018087346,0.25883518844283754,-0.003281838858974347,0.014485035286500731,0.046625297646192276,0.2357648919117312,0.005667787914545327,0.382965848677727,-0.02107784218222929,0.007747694354840447,0.019162699612393436,0.041273255328704926,0.14182788219031658,0.011679567141079603,-0.20096940135640387,0.013646009195089128,0.014436719647309495,0.02460898104943911
"CONGENITAL HEART DEFECTS, MULTIPLE TYPES, 2; CHTD2",-0.00427734283184011,-0.044450375611219464,-0.25148612150526795,-0.02582824553259494,-0.043266854171733864,-0.01139957129405945,-0.03727864408679717,0.22321532462560115,-0.03343931361977388,-0.006459232310265973,-0.00024757468533025145,0.3692800221650783,0.009591820229382231,-0.1926302884890708,0.0401144286672493,0.04035611933275563,0.02967732768418863,0.03738847498577229,-0.26817849272732147,0.014727752099347399,0.3249876897671193,0.041622187882508016,0.025233035774118735,0.031202108542731033,0.033455346892939615,-0.03342723811015757,0.007678620945319362,0.0059584785255558294,0.00397913794228535,-0.27628894678271526,0.3125388932807453,0.446621721012171,0.35858561129200306,-0.009950388871893048,0.011201395628454012,0.01232818695569694,0.012960953794843024,-0.032398638988023885,0.0012612135591458765,-0.0019445099628740694,-0.005155617611044572,0.007036025702662207,0.004745203740150994,0.0029327493315950983,0.005929787922197079,0.0030580854966343785,0.00040749143556212847,-0.0032004678629998706,0.010494311260953605,0.010769874979588739,0.01024623961500806,-0.27639161083641267,0.021011579415185798,0.036311512876479886,0.03773319787966682,-0.0337115369963188,-0.02175842630481056,-0.024546530910889305,-0.025165365908578197,-0.02026514582042339,0.10500046530302651,0.08026876613098288,0.06739838586798207,0.0161893964694291,-0.041935480691340773,-0.014799720716437394,-0.015664387837690173,-0.4018078205164053,-0.255939748593271,-0.02777447701780081,0.05346493047257655,0.031636114157854466,0.023417395998181545,0.034921121460735255,0.060172244624760764,0.05845098532335986,0.2564272234782485,-0.33788918576069793,0.15219983134011666,0.023446957581641663,0.03393315583237191,0.3240781000590648,0.13274118609944888,-0.12962639883655885,-0.17447664085252412,-0.13455224901241974,-0.03000994731302084,-0.05125942623882778,-0.21346228173426518,0.2805778085100558,0.02594021576242948,0.025015083085931464,-0.16764975399665594,-0.02312732037340072,-0.18987602724924435,-0.00011465542394913345,0.037960769857027156,-0.033215858814115866,-0.24214813369458066,-0.021483118663495556,-0.027693593948870825,-0.023634737669916573,-0.02676202053114063,0.0245505443727928,0.3046988232456077,-0.019054108086934196,0.4481504338354287,0.4479835955026235,0.44096988401310805,0.022632009871376695,-0.003752639016835368,0.26524263090780853,0.24228384758945612,0.041051680440579955,0.47627688651379035,0.004168782954002552,0.03952318584328189,0.03396892431051399,0.060989989875945956,0.047427275000116065,0.04140390409768057,-0.24381124247481284,0.04198389648793434,0.034711477323480705,0.030520907708090447
COSTELLO SYNDROME; CSTLO,0.027632043031446063,0.227094900313656,-0.19459285811718474,-0.015112036639747457,-0.1938486094683987,-0.030055874307045236,-0.11032018170619849,0.4116275774711584,-0.02271012609104453,-0.3000126115158869,0.31136374664877836,0.027537592305807136,-0.016274877408592476,-0.12487172143034105,0.017990056401718232,0.033467186543657074,0.12364169471213345,0.1282751371373085,-0.21381784091473763,0.005785400184691782,0.0077478763636906044,-0.0008097645198478994,0.0010832744963831778,0.002740226570268408,0.004029988573193346,-0.019575415306139394,0.030253567736279244,0.03150451394770563,0.032076926956202775,-0.20806835223789755,0.1806339029077339,0.26369750824316934,0.19173565576598128,-0.02107042477757286,0.01118610196403067,0.01091241455231895,0.010433783624525857,-0.09914730380755728,0.03367720245480744,0.0343885083577817,0.03322774095964399,0.007003890769970428,0.009730653814797032,0.012411488011992157,0.009619162407419318,0.012660527096899011,0.014896369943713218,-0.0041049075556568865,0.00859054784693443,0.009901478238805264,0.011083873294621823,-0.18571544721319413,0.0059818925562674305,0.0014881930005465037,-0.002959289251610567,0.015573488042700524,-0.20865934629642074,-0.22757264170047206,-0.22717002494276786,-0.023827048506156072,-0.004877356428948311,-0.009821071301109882,-0.013938093712742995,0.002712845552716804,0.012345585433591108,0.016266187043597117,0.019519327624316195,0.0006066519583536807,-0.2239054057878032,0.10999029368125818,0.20862530382910613,0.2715384380122325,0.19690236000237057,0.005261114181413709,0.32328534738016956,0.28104354897751266,0.02550638815371824,0.026059021406088168,0.011845201621350618,0.19819355042265235,0.3486247374880106,0.1521560546500303,-0.005278116616929415,0.0176384965002305,-0.011644238590129426,-0.007810486473285722,0.001523685623624511,-0.14272972529425443,-0.13401225924095278,-0.022930560941557952,0.01783801037510565,0.011286951262008514,-0.18035297669657602,-0.003523426853290515,-0.21136540727144365,-0.014861909763003207,0.20951840775250008,0.0055267450396265586,-0.017616706026444214,0.01413689202977038,0.006931965456475843,0.014034334874284854,-0.020146732238972183,0.022034012025123898,0.28210945781427216,-0.034083709506330155,0.211660184095713,0.21653930773236482,0.2189492871533006,0.022181109220705736,-0.3276046563116253,0.27458861849085636,-0.25706507351433,0.27413815832169347,-0.017127478727725336,0.024546223141465352,0.2161013996560323,-0.17323976316987927,0.03617126003563971,0.207777952516853,0.45692075195438603,-0.23817466887670405,0.002316157524630647,0.004074671567615044,0.008446594401299063
CRANIOFRONTONASAL SYNDROME; CFNS,0.24671005902803558,0.1336430025439863,-0.1501319690241316,-0.042476170268477435,-0.40415943254885867,-0.23773066218029662,0.007921675119992675,0.34664119783974734,0.014576746209441504,-0.37966171529787823,0.3552792632157892,0.025585883592674635,0.21191573489871007,-0.029754552697606147,-0.023087972646315822,-0.01922327808283908,-0.00936349912450768,0.5494601736467705,-0.274216813262668,-0.035788772072987945,-0.4128331203193017,-0.13752005250133095,-0.01153746655890197,-0.020492083466864593,-0.02684463211638086,0.02750949975626449,0.02875968678044518,0.032198103560332425,0.03503840529881947,-0.27302877828457134,0.09600486395929794,0.14040718409753505,0.09812010567689289,-0.029938205152496532,0.11651632788635308,0.032436890897327875,0.02752678606722573,-0.026208823133801167,0.004529633228159796,0.0006674189327484627,-0.002612976150765472,-0.0022160947649098317,-0.0050476586484393265,-0.008064023913188934,-0.0022085792411940084,-0.004929265877750978,-0.007554291816950174,-0.006757104057120757,0.01856507023681225,0.014124455497250872,0.009718031887024133,-0.23204706553403487,0.3261810236226076,0.37443437177448774,0.3033060633306585,-0.010142349473053555,-0.2302594052791419,-0.2151650005033239,-0.14493442016432492,-0.003124529482131467,-0.0014386522053252042,-0.00164766504060328,-0.0017516702280250995,0.004689864010674651,0.006400799278768568,0.007528562208829257,0.008140509700059471,0.1592995810627221,-0.13673426788432494,0.02786235367851112,0.22617516745608643,0.42334424526822045,0.3413755270725727,0.3960647958857086,0.4958303382738932,0.49760747743778416,0.3281872799480196,-0.18675754330577093,0.007164330433309129,0.34041830151857644,0.6385130682256358,0.6343582833184749,0.02286001786873923,-0.03186067439225011,0.010785164274635712,0.014422033795891282,-0.02883845753330456,-0.38286758932891235,-0.0005775607522106048,0.2085595361557881,0.2168558720069213,0.18150399752914598,-0.20362951961149187,-0.022432094729906225,-0.47476988305046713,-0.09873683870914933,0.21187756166024246,0.16851013744736382,-0.01691059223728986,0.21578854406009876,0.21898916561940782,0.28566698551842323,0.03578815049323735,-0.2395227654234886,0.2808102538424809,-0.003690171891089823,0.009036642933046221,0.011404052547946426,0.013452291169046502,-0.033265227322008525,-0.37522252022751473,0.5001307531804987,-0.3676399005470552,0.24623708216986437,-0.3289972321919396,-0.29614202613383334,0.023544017610470647,-0.3592788216789498,-0.014312143225237337,0.6062268548505035,0.4026894022434805,0.01933423205485402,0.027187499089153973,0.11768337850360583,0.17511314066763242
CROUZON SYNDROME,0.0022641531900205983,-0.37486988062781595,-0.1730692097652292,-0.14124918700989758,-0.3096491640523218,-0.029089380044975337,-0.18184672882136968,0.24501649629172875,-0.25531453088751715,-0.004725049926148333,0.020907725299657558,0.029359806560692776,0.006975752349384943,-0.19399341548801805,0.11282378778423297,0.12829600823050846,0.10931786208078008,0.4625279116900639,-0.21389934454310744,-0.005378445340176295,0.015270125847406717,0.016839674836278025,-0.017615013834237067,-0.016715422822623612,-0.01407579470078861,0.004951303036810392,0.2551368734925405,0.26829018854983344,0.27674181350482385,-0.22042213603855354,0.29873886266446265,0.4647317445593835,0.39846119761384746,-0.025864891597933516,0.3011356832381952,0.31396376495292494,0.3206603091326863,-0.11465798499551293,0.00945775524368135,0.006587827709980653,0.003583691896487503,0.021171634225271033,0.018684785879199996,0.015512694975190729,0.01834988564084716,0.015066865406086101,0.011143137407679346,-0.022458256975247944,0.21564941174781568,0.2180143759429924,0.21737652997462797,-0.12888273374058393,0.47592759997552486,0.560290377503086,0.5034354568560009,-0.003968290657826223,-0.28355421048753376,-0.30079393005816796,-0.2937077191234528,-0.09887812909232237,0.016773022498248347,0.014967179745820496,0.01188888620305462,0.004181867005850571,-0.006938494265034713,-0.00610220117480647,-0.005031780261385436,-0.0024960261752557857,-0.21677979924476515,-0.0013937456690139283,0.4280074233417219,0.28364852334250906,0.2419960299381458,0.33561475188399525,0.5273962941323797,0.5146771167389976,0.6099752272838561,-0.5713556933014889,0.005188371290069298,0.24179355035123765,0.48578393858534347,0.6942999716969884,0.30451840400091984,-0.32489959818810593,0.019827231256179745,0.0742901193605656,-0.3267690052579361,-0.47532192822759656,-0.022577042100977003,0.012662867542824432,0.25352042293263594,0.26031564733556817,-0.000301341808881244,-0.10700380794143396,-0.38394919149285794,-0.008519454428067131,0.1641384361609396,0.14152138417797225,0.01861642306418874,0.1303621149944912,0.18452256078029078,0.22212926322315762,0.12157487678091194,-0.03193432937176942,0.2836240924574154,-0.013684092962132424,-0.014507018042522005,-0.011672288819792775,-0.00854666153855435,-0.008265791914634746,-0.02680254496337386,0.28295225625822373,-0.011898967380035989,0.019431326547866605,0.024180329710028058,-0.13031657527077473,0.00983739015924809,-0.020138970535449892,-0.006210304254921703,0.6289936657944311,-0.19078889614312103,0.24527701158632517,0.021946928931231045,0.024900934207921673,0.2038291829574223
Cardiofaciocutaneous syndrome,0.1430404012383658,-0.005123218033232562,0.00016131012750369796,-0.012275191957687392,-0.02562186892041963,-0.007632818657128131,-0.12311324263880385,0.2642085833840587,-0.2740769305010946,-0.2680729883454147,0.12910245602675005,0.28015839747520527,-0.013008104284210729,-0.019319297372066266,0.0021776362737979727,0.0010023497257523953,-0.00026298773786357895,0.03045795409760696,-0.009975019234123462,-0.001761225384684503,0.0032939601813652413,0.00406041693373434,-0.009669496122145155,-0.005405780639666781,-0.0011640491653565571,0.02588349023123411,-0.008480751438988115,-0.006722257909932854,-0.005008804022420683,-0.012957894770830211,0.03194345827056907,0.22132325535528202,0.13927674089035824,-0.003909869934126914,0.2293117074452265,0.22389001029431652,0.21297051801646238,-0.011569188233991922,0.22000707700940628,0.20565641888769545,0.17832517275855683,0.1328516078224101,0.038228662661893995,0.03364118006206665,0.13773179258679485,0.1270990006888517,0.03474691348485795,-0.0076276067160748525,0.20459580020290222,0.19315129693976602,0.14444548597328996,-0.003907709561894791,0.19036247562766653,0.24861330463319972,0.21183705130240535,0.024814569596197218,-0.023693012024392217,-0.029612778225400482,-0.032095939001687106,-0.016047747286232154,0.03780965205423695,0.03090134531327782,0.01628214290678485,0.005746931604534316,-0.0006385653049869566,-0.00012099367196912184,0.0004931530543442665,-0.11486035044967158,-0.01894253525965939,0.015549334043369712,0.31696809283950705,0.015276714469814823,0.3808420618385652,0.003131195916016591,0.29317122572995075,0.2520402289661609,0.3131601143613085,-0.03688680908073938,0.022832986149621582,0.37974472056524416,0.33934307820411563,0.40071404938223676,0.01798428831430159,-0.014717192713476325,-0.022335995519934534,-0.014185321904565831,-0.20860281096285327,-0.26567260610998183,-0.12532790466360663,0.020288520732780417,0.13127682356681644,0.10853178728638502,-0.008232666151982232,-0.011573896365102742,-0.14286057706497426,-0.0029362961992398743,0.003035976399156183,0.01080275782380106,-0.11673188504065311,0.023888379881241286,0.015218606675626776,0.03402807743988271,-0.00029718037008347994,-0.02526924569107421,0.030075726028598825,-0.014639268765578303,0.25468520484343193,0.2646080922751429,0.2723663078616964,-0.00682658267875915,-0.13688430622279735,0.20596647664465054,-0.14325618506030388,0.1299146656470541,-0.008008656438331142,-0.004852774447730967,0.02316220465703289,-0.04171416463570312,-3.798507197492721e-05,0.37683213916069963,0.4400646101415581,-0.23811878014127824,0.013441782655533046,0.019587088757514703,0.029358131469552354
Coffin-Siris syndrome,0.09709628656782086,-0.014182362399323283,-0.14550861756864245,-0.03161985723435196,-0.16893333055103585,-0.004453502496425565,-0.2521462439225677,0.2453544107332434,-0.012754400943585294,-0.20818197343839848,0.16410094057318914,0.2611354207807821,0.00244165978313977,-0.20391745234792097,0.016667093074253254,0.014347081288065848,0.007843350745226014,0.1655879704760318,-0.18880420823319438,-0.017910254626194354,-0.0012260857109196851,0.016788717748177823,-0.0064753013518763025,-0.00441371810691223,-0.002111373109294765,0.013480111833781623,-0.011892452928095801,-0.010231719072402981,-0.008258221569414118,-0.1743449926719449,0.13651629474793953,0.28308309970880935,0.25777373268134957,-0.13484799639129022,0.018449587345293297,0.019114454582658796,0.019243408601135967,-0.12509684953432712,0.01557509002704006,0.012259285211961167,0.008776627155470252,0.014043450406984806,0.01171358907729578,0.008850830594678461,0.015181439174701014,0.012152660117530618,0.008912816588387842,-0.06361913908331736,0.016759514045871483,0.016148752792618834,0.01528736023276723,-0.17577211856203598,0.019239394516409672,0.1270850559700245,0.12958047927514177,-0.017384464739980277,-0.01961938232226412,-0.020467862587656087,-0.019489327532467543,-0.09188873926032945,0.0695596874428881,0.07141381794360188,0.06346961801412566,-0.02825850015442568,-0.024821006389687806,-0.029656559781354865,-0.010871214881297673,-0.21973408298246408,-0.22350334146395984,0.0030323880915606965,0.020791189180543963,-0.006602604292985264,0.17160966182385257,-0.00545172681976435,0.13442468756332884,0.08649383090719959,0.20003932078252404,-0.08402442062391159,0.18566822218583576,0.1717399793646762,0.028704198610912463,0.18764668374460677,0.017839583527297895,-0.006115741866812012,-0.2781917390313435,-0.23267856069194004,-0.15522736088274425,-0.14006066234504044,-0.09848913940504414,0.011435897990101779,0.12027735409411296,0.1242506032044499,-0.16912732369428166,-0.07444293083837854,-0.17725887655582953,0.004994463609016172,0.01565707751945627,-0.0024262464319100624,-0.003849011207341235,0.00601238690115454,0.00045233934245785185,0.002872515890307212,-0.009774263424338613,0.01959560323198141,0.2467756814162381,-0.08575171460181491,0.3314717512110412,0.33780845475617244,0.34059956024030663,-0.01224825526826685,-0.18061035809735262,0.1536585666936147,-0.09988122363362519,0.20038207768684754,0.10021705778082346,-0.008784037777616882,0.013153547628453456,-0.14140122005969927,0.025737686566091014,0.1641744087715143,0.38241593830219117,-0.24580197068835627,0.015258434874134244,0.0110184713535107,0.07579846213310064
Cold-induced sweating syndrome,0.1525407668616064,0.030457575995920524,-0.015542588498844838,0.0020303961806230077,-0.03083115127576228,-0.03255850521576842,0.0007921651049808736,0.23305666808879305,0.004847374582063039,-0.20300575831339612,0.2584263606616893,-0.01533558893743236,-0.0018815454785002376,-0.009041464647170124,0.012773167856777583,0.027355503929908223,0.03231491640471469,0.015515716119393709,-0.027037349784856033,0.0007044137781944403,-0.029499473663686635,-0.022039447619428953,0.1378414617238627,0.13276109988285126,0.03694253582943148,-0.030738275015903597,0.21553988715549444,0.22250755936841726,0.22449551847922247,-0.032218296477163955,0.02644000112428552,0.029691829306402986,0.014898549301668455,0.003700381287220323,-0.030233519526916035,-0.03167376632882595,-0.0319919444789177,0.0017747903084462356,-0.029737036767304232,-0.02828547635116645,-0.025807878577849327,-0.04003863564692856,-0.039469246288151856,-0.037323435067118355,-0.038758781465535484,-0.037988289434578056,-0.03540609163720499,0.026289028232173765,-0.035384700334048405,-0.03563401979090651,-0.03592813929305657,-0.03348386552109774,0.002091049155240501,-0.001479036349749025,-0.00532278729537435,-0.017027231037568143,-0.2552110217179252,-0.25089187723457274,-0.23163158589797628,0.023917223011726812,0.031491649063915016,0.04143358786763076,0.04617826201880808,-0.0013974470775787865,-0.05211812904093951,-0.04995770326015685,-0.04271277146369995,0.011599335501306686,-0.029962566961830292,0.14647112550633246,-0.0039052509848804826,0.008803162123509253,-0.002664077669593411,0.0040004523634133435,-0.0007614169809916218,0.00021310702996399703,0.03704156029444178,-0.000550731922922418,-0.0032953433078820368,-0.0027429662134220785,0.17610712777773913,0.03737367762815235,0.007451428937127647,0.00498127864822187,0.027411624608688415,0.028198253233350946,0.011168742497135712,0.005470063589938192,-0.021282315160892996,0.007984064785419695,0.01731930980821234,0.01572536151838289,-0.020513423717166652,0.008833034399246991,-0.03363989770591627,-0.022276853107096657,0.016819025831879428,0.033007852850739955,0.00017601208109124488,0.03271379198976712,0.03255246622938142,0.0380586200848062,0.006613011031026091,-0.022749082319630926,0.12317973476580507,-0.023940231030614455,0.03234996999841341,0.03239650839862719,0.03219385790968008,0.0001342010178240244,-0.2653708245079433,0.019131498456837814,-0.15030851318647687,0.23576184715513085,-0.02002649741037945,0.008685620832229738,0.01688529621441109,-0.15073358411940238,0.014873600767731981,0.03165088301807501,0.24164527761683546,0.016833183279528045,0.019392091413312523,0.0278058797422302,0.022308449977715788
Cole-Carpenter syndrome,-0.009177646985665927,-0.028729801141572815,-0.005836713639567561,-0.042789061348669534,-0.1508070373211556,0.0005552415063169671,-0.034736274454809396,-0.001712386557368326,-0.1951467986784904,0.015548352842773113,-0.014337542329912788,0.03851759481644535,0.014879842655368306,-0.03199459760079677,0.006237840403290838,-0.0017496309608249932,-0.011631646632673092,0.2291350306231424,-0.019042243995054945,-0.01870687633512055,0.023839870913288742,0.0360925234671208,0.0036799207686019123,0.010949188033338952,0.018127000368323383,-0.0010387083391159104,0.015149605562450078,0.016730093647890097,0.017257356829169335,-0.020006403398240884,0.030170644835844036,0.2071043546766273,0.20775612739500696,-0.020373922795897993,0.30974044329834144,0.3154376676151735,0.31603365520830706,-0.029074229863116204,0.24981231386635644,0.1759277507006445,0.044856644124445115,0.1894847271679548,0.17138378323241185,0.04574025945614871,0.19340944504767008,0.17145873854760288,0.04487545617170556,-0.0222422721724506,0.28228041498261125,0.27965422463734035,0.2739170892638611,-0.012846426528426606,0.2666699724350588,0.32696570088637483,0.3193536633386002,0.025996885390465373,0.022799685911119128,0.009119274654672731,-0.0014851900989108554,-0.022915169651956075,-0.02439340527657446,-0.02845271234341938,-0.09543408814725617,-0.004922717745010692,0.02349526898401583,0.08888991713424041,0.09782739517212725,0.007808523059918786,-0.0249111688632629,-0.020061848976801754,0.3016879141651528,0.046383608000878006,0.03722865751983539,0.05286218326577924,0.32469843398211395,0.3172637685236702,0.015596575923190734,-0.02482406507736627,0.020064301059208676,0.03709680463057864,0.215420248553718,0.3192442613402519,-0.010306649229476293,-0.03269619425569646,0.027217693054639957,0.03641660673290629,-0.19012371611863765,-0.3038064884480048,-0.026364391160266846,0.004128631237651957,0.01792852384407642,0.019450414328583025,-0.0010958848683644293,-0.03765505442620532,-0.19762707809754435,0.011224209070314906,0.03880315768143656,-0.015148533735264761,-0.015767884212288318,-0.014765308137643741,-0.013280756080797264,-0.006976465221461681,-0.009894160938327831,-0.004150078257173341,0.007254337724246336,0.012490552504235534,-0.0228812526926085,-0.02307651384922748,-0.022235406171527132,0.01954772499438365,0.01333564052325715,0.1782974677185458,0.0241265420902267,-0.012699636051749215,-0.0005059088886745939,-0.0006257796354227739,0.031064911835113534,0.024772875953971166,0.008397979488341131,0.3326096311685185,-0.014336754178126873,0.006240645227918253,-0.008529648681474196,-0.007655397948498298,0.006367875417756034
"Congenital disorders of glycosylation, type II",0.019541915573014726,0.12803683940634458,0.015729079273302006,-0.02002817583356472,-0.01068397852373249,0.005421701623345189,-0.19457842971083875,-0.006582973948517524,-0.0255271276604746,-0.0181159048140662,0.006058767038572914,0.20796943044896313,-0.011940945489730972,0.0011943081384927568,-0.008404105703802579,-0.023313536539828303,-0.030428193044403782,0.13529599996777472,0.00013491217583741312,-0.019777419379347586,-0.0031626613511362674,0.015579391379916926,-0.008216060485304289,-0.0028022246284115206,0.0014873537094380258,0.01613375295296032,-0.03354046835406918,-0.03500366106364623,-0.03544807993146328,-0.002812924115364931,5.2894104351035834e-05,0.022107635037884637,0.029532145969713427,-0.0069368505918101205,0.010226389041305656,0.009997074852639813,0.009054082289462317,-0.010210485935237873,0.0023182113157912184,1.0072004072811678e-05,-0.002107306864933682,0.014552209077408958,0.007416993724637968,0.001353925213500163,0.013980295580560406,0.0068086960844590165,0.0007715086022655605,-0.0006958790948527963,0.013094399883736592,0.009425843538144496,0.006285977118154184,-0.001786649720827312,-0.00027759237871255004,0.010879223544661407,0.019904968680151094,0.010696961052632141,0.014683713637694494,0.003785730533429485,-0.004060976380382857,-0.0019319350465470417,0.0076513134483929416,0.003874243786109312,0.000294487049308356,0.002099461055498988,-0.006676666989721871,-0.00547596541622602,-0.0033549346380224113,-0.1400298507039434,-0.003081060515831125,-0.02909713638772351,0.13651365189834455,0.025086613552163163,0.2285818467774383,0.008500069571237466,0.22470145731133298,0.16036054544697162,0.02045998406814439,-0.02613029034631359,0.031222709861656518,0.22866632290372502,0.3245680144766566,0.30083510126104107,0.02674531718571442,0.002329512563407894,-0.2280873967615114,-0.20666537084824246,-0.030630972519042628,-0.15323697511767082,0.003362264705559914,-0.011891664796023382,0.02063934114364968,0.024574162381126016,0.0070354479548132435,-0.028506316303109992,-0.16059443845260327,0.007312467551934161,0.01159720462471641,-0.004060481811007618,-0.004890352605127922,0.0004443575295487112,-0.0017563528345644012,0.003020945107066942,0.008193903720135629,-0.00932066324143343,0.012460847805182657,-0.0058322712620328,0.15272742106182938,0.1511794529536703,0.14844446606494469,-0.0022563355699687457,-0.008264202686911682,0.15174350074862045,-0.017022157171423014,0.016727936370219902,0.003619987103317065,-0.0163137673994833,0.011081438038883814,-0.014484889505181332,0.001514962664118748,0.251252175338755,0.2678045806050595,-0.0219839739143869,0.012288237102800352,0.011004309531475036,0.01966041726344527
Cornelia de Lange syndrome,0.1660183605968666,-0.001046731964463127,-0.10910819519790108,-0.09595779421340128,-0.18553765789024085,-0.011231931990647393,0.060652904844077586,0.4130585215630476,-0.07221685130625019,-0.3260695549312275,0.3486034434372591,0.2153322637657178,-0.000174430806773179,-0.14900286995111084,0.13135040002815176,0.13633260928635238,0.1041505175230624,0.11905729372787355,-0.1365875709597087,-0.019910622524758257,-0.013923847680367005,0.009749055450632092,-0.09007089758201463,-0.09058215210317976,-0.08355069885658019,-0.0009495248037074431,0.15075664983815118,0.15859949199303255,0.16290619049879085,-0.09159447760292654,0.09319211812181057,0.19766516529739334,0.18417226136611797,0.005012852234938088,-0.0172794418771478,-0.01723264877957114,-0.01677280376608064,-0.06071841876712293,-0.012431211872556672,-0.08374150748573307,-0.10911971376377189,-0.09806230389425549,-0.11147969734544116,-0.12067710123726118,-0.09274655130082365,-0.10930156497442164,-0.12086179573008876,0.014347789447689325,-0.08612330638214458,-0.09013362752581827,-0.092671081022817,-0.1044788657778562,0.00618280522329156,0.018079645003952486,0.07281799796960507,-0.018979028998031437,-0.30802000003816626,-0.31137934322529837,-0.2918071229412666,0.0022926867031826687,0.13164005933064782,0.12810883817926413,0.11299251024566034,-0.0027078387541187355,-0.0884314267108561,-0.10151282030175933,-0.10561035560297387,0.16335307380829053,-0.1671301757993354,0.17084088241141798,0.12343071059947261,-0.011379381425321475,0.1926385090738418,-0.014748575107669732,0.1677563248564606,0.1291487336565926,0.18151402610963405,-0.1329479254677895,0.19291091248510242,0.19277034500366494,0.18785045922157523,0.21892066188721443,0.0033498570089749652,-0.11167611154005783,-0.1332613082098358,-0.0727112386644615,-0.1924250683871432,-0.17695427374263714,-0.17620960361389648,0.0757120608353525,-0.08534099424177077,-0.1493593078527165,-0.10404809941101358,-0.06530992631311276,-0.15065160896882643,0.004419631762132654,0.009161830183593572,-0.018351921757639292,-0.19455136516019345,-0.0029941205837255716,-0.015530912077349098,0.00029450351723473925,-0.1437543120244961,-0.012175993489199774,0.21096135435651592,-0.13014775515913174,0.16612057465293614,0.1760318585544068,0.18471727007046007,-0.20484237912142095,-0.3611110215475927,0.08687490286085262,-0.25077128824718775,0.2865204332406387,-0.22996672013613959,-0.19895624175743995,-0.05958845115278049,-0.32376987283571496,-0.0020119977260732317,0.16404310971173738,0.5797633398097892,-0.4484100505213294,-0.019467705242510857,-0.016689052626015864,-0.09615608154551562
Craniosynostosis,0.009568325788572018,-0.0034633630289939523,-0.1317732124268665,-0.01759137501816681,-0.018229365085611914,0.0013788433350484014,-0.009314169704318304,0.1506499165361444,-0.013912809990869761,-0.1494191479594135,0.04192885155207884,-0.012587600181221724,-0.0003083437066128637,-0.03208776285374693,-0.0063967028206716415,-0.004809745188805045,-0.002343941095190469,-0.006135782114118432,-0.031966920912785704,-0.020126262141120274,-0.024294113753754763,0.002528196666950097,0.00032069764554784684,0.0019229518301849863,0.0037152871379310176,0.01883633899734193,-0.002075815146847683,0.0002932147571393132,0.002675820943213935,-0.024759151618954683,-0.02039639312418855,-0.007279994557322046,0.008044612292058672,-0.023662993236147928,0.007271933492584027,0.008921973400246041,0.010043189211134874,-0.029593798682750805,0.0237765131420425,0.017619938791506935,0.01096436923302905,0.016422523319733453,0.013542808827889781,0.010393724956871518,0.015698538213524894,0.012395236138907664,0.00878422584100218,-0.022856371867522936,0.012260179093950602,0.011856145800792832,0.011627258515885856,-0.02971370312921763,-0.00539825550832299,0.0010982485894696094,0.00824518254721161,0.006538638283506382,-0.014338215931371898,-0.0250306907308525,-0.03287208565896954,-0.016997536590893807,-0.0025449856893426555,-0.00465691340097413,-0.006572503320828702,9.448723306342053e-07,0.0045721178982854205,0.006004369460419237,0.007182392581971586,0.15428950394178317,-0.028632915955971762,0.035413795854195046,0.01923771343731807,-0.006788058910951889,0.03365800321033114,-0.014705699626429801,0.025336007746281922,0.016374773608696915,0.04021763447906144,-0.031805816762317196,0.01107727921892987,0.033376182544935684,0.022616947400795392,0.031250136287086505,0.005202183373672048,-0.024240894153134032,-0.00019425242656684655,0.003049957759075268,-0.027301159221704743,-0.025129156644143422,-0.025328949172337623,0.0002186562056065315,0.024610336083930123,0.022188481659654456,-0.029217320437827144,-0.009398478001261474,0.009196929609407881,0.014505762392202096,-0.029159401773102514,0.034806276396640023,0.008894841194239424,0.036217547686471126,0.03552373481607434,0.16789849074705276,0.002613958010607938,-0.13843461044249386,0.036682644766895305,-0.015713433269903123,-0.00833681326888666,-0.009492253046769044,-0.010875251257243418,-0.1544575039283722,-0.04466763702751717,-0.008509156526286869,-0.038975341829919116,0.024268831151968925,-0.23671624777549105,-0.1558209511800647,-0.039612555505102294,-0.21163858837136276,-0.027080249433471894,0.013538109075757945,0.05045358803246247,0.0034989223194525636,0.007320872333476037,0.01520847178823917,0.0205479419670719
Cutis laxa,-0.0016232294068904728,-0.008364308159340672,-0.015136053667058865,-0.015953071169448114,-0.00774844138670868,0.0070460026085509345,-0.2416200626526444,0.034546522472766544,-0.11704236173806984,-0.028435229875821186,0.015835073763112027,0.31088194291121224,-0.004642622298652389,-0.028689186780110443,0.021513249007902382,0.022848720410612748,0.017525075161307236,0.031445892175342015,-0.026500815523301004,0.0012239820298769937,0.29247341074582034,0.19056540902427985,-0.006527160869238181,0.000434888613150131,0.0070513338206421045,0.008910308260600566,-0.014811222394191019,-0.012288675523662659,-0.00950111854903099,-0.025985708865474758,0.20900449416505745,0.3947363661678651,0.35425143537889137,-0.0162453818769887,0.2422049298960499,0.2482835448120237,0.24921621403453945,-0.1861095804792726,0.22037333029479136,0.20618839285689647,0.1816606533930412,0.21710164735014978,0.1972802236407877,0.17215071752040206,0.22231059065954048,0.20207416458436087,0.17386888883900845,-0.017592046525150933,0.23250956987066945,0.22731817051384504,0.21899020546879142,-0.021263153616352663,0.026694229790693302,0.19230668385256997,0.2041843746033382,0.0007381469638617303,0.0032527747999444557,-0.007656178022463875,-0.02087085897219803,-0.01126140558133159,0.0010796439294121392,0.00035341599308844616,-0.0003484547406437016,-0.0021621738741168565,0.0029957266224079986,0.0032521358192665385,0.0032734021640645383,-0.3500816176622215,-0.021587633851938934,-0.14959246972821535,0.24254010259568382,0.1292922702549415,0.24458528849110572,0.001273035296832792,0.34120798307485617,0.2929403311322185,0.23374233538457273,0.005416862706656488,0.03336980330644304,0.24526398941804692,0.020176659867852786,0.033712531603132395,0.001779471797291504,0.007715615535034797,-0.033123690969933534,-0.02316474555322592,-0.03644184124777234,-0.25406948075823355,-2.9832881872863266e-05,0.024453300802654114,0.01582631823574954,0.016768781595038425,-0.019891590242059103,-0.027789474928208695,-0.12532597220894365,0.012123726843793524,0.005121187465024519,-0.013958160146953181,-0.0035441712180176257,-0.006875947893288966,-0.009445093379327467,-0.00020555222197643632,-0.0027317084168334426,-0.004831366997485933,0.15722266244511474,-0.03005377817560536,0.3673483512474264,0.3712390794871737,0.37005416353818427,-0.011920993580095775,-0.019704212389927585,0.029149136528089863,0.0011603143119120662,0.125616269587603,0.2470679102243083,-0.014451950021689941,0.0026655707312141196,-0.016550027326968718,0.03995893260170263,0.16354922477186273,0.40208583447262625,-0.15599810611200518,0.000275112828266171,-0.0032224256707828274,0.007218991154022873
"DEAFNESS, CATARACT, IMPAIRED INTELLECTUAL DEVELOPMENT, AND POLYNEUROPATHY; DCIDP",-0.008863641914932378,0.04191750063654864,-0.0016505098788299583,-0.16143237480799247,-0.22983278205063068,0.001978608316852491,-0.13705792910180165,0.03444759372603558,-0.04164853289810312,-0.019631153888073585,0.00365426188740813,0.1689082934531375,-0.031204222105664387,-0.035301091670673385,-0.028927914643566817,-0.03949136147241655,-0.03942435899902031,0.033539047940425545,-0.03359058069640884,-0.025794242889934083,0.007222068300582543,0.032051981814970404,0.008676668562560101,0.010071299873587321,0.010048597466520835,-0.007846983438733865,-0.046205156158303694,-0.0442413569167793,-0.04094532719530586,-0.04242460811036162,0.010586832242489562,0.046231399047820906,0.16371326465616948,-0.03892423516297831,0.03349886301345925,0.0352227414852319,0.03604972579423804,-0.20270352882411752,0.049602774907209685,0.045634598645118665,0.03955844135771592,0.043528174496037964,0.0382398969877343,0.03163790716138549,0.04447480502485329,0.03873958072035837,0.03150001273623816,-0.033400541717877034,0.039133343548944266,0.0376856627771733,0.03570721212828334,-0.03992715031158669,0.0013430777712094286,0.01674252541847964,0.025999283631527644,-0.032341268188353936,0.013263759603874754,0.011352368644851986,0.008680974828635307,-0.13418748185086057,0.039184808735801456,0.03359854593198926,0.02507071772847634,-0.000799304757869156,-0.004614687013923515,-0.0038031815174383774,-0.002553771549369909,-0.03527811875697236,-0.04816561356275002,-0.011199637288915935,0.28197953119039953,0.1734527847488267,0.335738677262802,0.028910582804200002,0.354983423989326,0.32767430784201057,0.06341052163985528,0.02602804322861907,0.030130072451837155,0.3367360444994288,0.2656459289408938,0.03539994156307478,-0.006717549388490841,0.01820636373704421,-0.266965768241841,-0.19823367418460033,-0.030057342918822207,-0.27365958098451354,-0.03331413527635413,0.03160057128334265,0.009709839059080816,0.010046307132243602,-0.030723834041480703,-0.03858895433839867,-0.24574261848672635,0.01494425116369203,0.02037281085007336,-0.011551651011794669,-0.012897237156929869,-0.005557258407077467,-0.009166739330347059,-9.604271696807887e-05,-0.013309771222073372,-0.0035634112450860823,0.045346515473951035,-0.04181459423895028,0.04135345214892361,0.04379061541882052,0.04623461445391877,-0.00926522406213389,-0.006414313600948951,0.19681938678539904,0.0036757023473486528,0.00947695536231282,0.024961458530845245,-0.03325026517777449,0.008538417115723286,-0.0051354470470866475,0.02782044422882554,0.16227423513578473,0.04664461944901399,-0.1599767415161355,-0.005766543509996653,-0.002696130202682329,0.004058049598634404
DESANTO-SHINAWI SYNDROME; DESSH,0.009598879236353676,0.045881985138028006,-0.004410520832625325,-0.17743365167364522,-0.027136326334727286,0.03466682325745579,-0.14938424730072994,0.18922045495589682,0.0012875980384494039,-0.044715994801017005,0.03704291418414292,0.0014931033529056467,-0.011655002476039521,-0.015832323993665718,-0.002882154468706596,-0.026080557078218398,-0.13562794077250787,-0.016705860472501298,-0.02364992411981721,-0.044150153284155336,-0.002200394031773748,0.13786263757054604,0.01408877376705018,0.026639297487313238,0.03576745848045756,0.0018151476734909048,-0.012582122881363799,-0.01541822276639446,-0.017579676976792035,-0.029610261898610764,-0.03456650592780831,-0.005332064094228005,0.027249561853023102,-0.02549427997168646,-0.02745854688669469,-0.021941592688545866,-0.016525952001328146,-0.026651975570797334,0.02251485504119095,0.011849844292831667,0.0026604187163832872,-0.0008021777817479031,-0.005007893601690419,-0.009962440755947344,0.001774472918647634,-0.003842023565944238,-0.010659154373735472,-0.01997820549212763,-0.017175331887507913,-0.015545545061933425,-0.013125021609122546,-0.030310799269095953,-0.2629433250632286,-0.052218459686858246,-0.01624005529763395,-0.008566994139627505,-0.00990453987379841,-0.018997361359167367,-0.02645171105314162,-0.021290359387582832,0.010381624487570849,0.007226236200383382,0.003484030451284105,0.0028294599558311797,-0.0017075210442516605,-0.0008972066542960551,7.144371387725867e-05,0.002776580868707551,-0.028839778277443478,0.0326856241993745,-0.00027297694547030494,0.007446279800086549,0.04223639027231719,-0.04084099699672276,0.018118404599763178,0.005994320816452249,-0.01356613095208145,0.04083269584580862,0.03134283734299926,0.04147527409573279,-0.0011267310437986454,-0.04660062564125084,-0.035398688609712,0.001093461351323113,-0.17586032918664762,-0.1522773863779989,0.0011501576017204683,-0.0017492860746735775,-0.01016449796963551,-0.007247170000366294,0.0164179728299295,0.017407300361269022,-0.027813213785051513,-0.045301534977532386,-0.0019813773756912,0.04402167450151912,0.0029033229567367305,0.0008400625412267314,0.01451946759585708,0.004642895762346154,0.0009620592522163446,0.0003870112679909661,-0.026587299623117993,0.031427389749661166,0.024318597779759213,-0.016835510820434822,0.009214253322730858,0.011308223553299097,0.012609494390515452,-0.02791995577888962,-0.04059356921500102,-0.0011053568119754641,-0.1633323080328939,0.027405937530581924,-0.025807800569062574,-0.021550211377204184,-0.014028075796625489,-0.1675757796211686,-0.007533210885541893,-0.04328013986017781,0.04304881793225341,-0.24826958735922924,-0.006689296306408277,-0.006388854447798882,0.005746023945991589
DEVELOPMENTAL AND EPILEPTIC ENCEPHALOPATHY 28; DEE28,0.23358821858458,0.02191413415971664,-0.029696419192091497,-0.0073677311902997505,-0.03341881862262184,-0.021977491878362995,-0.0005093194042841345,0.2997641319886283,-0.005800452405538399,-0.25719460360711843,0.2810566687703177,0.03579297051937591,0.0017803255901599321,-0.01943541886876228,0.034144633636354414,0.04785097182339025,0.1539098469178275,0.031122524712104874,-0.03214904002393176,-0.006386339903017603,-0.02130578002680432,-0.005612267826060048,0.03845516109923905,0.04313931958809018,0.044244252420970985,-0.041137502983614876,0.14960462371662928,0.15879901241047822,0.16560616863307567,-0.030212772337649657,0.034435881791478884,0.17816943404507146,0.04276981058647592,-0.01109450814458062,-0.011633225156283782,-0.014115196664548565,-0.016724201234274243,-0.011698620005285643,-0.003807044733576947,-0.012752916438283836,-0.020527752238458756,-0.018038174398739112,-0.020932088258669605,-0.02292503532857268,-0.015526963781722644,-0.018688482511565435,-0.0217563910953108,-0.001510875984893023,-0.01581710985200213,-0.018499811356586345,-0.02064892584770831,-0.02016198844732632,-0.0020802816355307333,-0.0004899050646325084,0.0011282691332024253,-0.01810193633756203,-0.04588109499758619,-0.04930645141236182,-0.04892706885829429,-0.02213981123426731,0.004399258560854692,0.002809289740653385,0.0011782169744388076,0.0026403399906868193,0.0015565466835491665,0.0023419908403830617,0.003247134563089696,-0.009169232585472678,-0.034780623583300634,0.13584405048625806,-0.005792998063725745,-0.009768993816927564,-0.020967906080905083,0.0010540878399846732,-0.022956260986188855,-0.017289998961212277,-0.002969818369926202,-0.013829834256347616,0.037191259397243374,-0.0207681305443167,0.23822354378501331,0.04580341443044114,-0.019789222038748205,-0.0330809346246822,-0.005510801474123681,0.002759693585437226,0.007912461646989864,0.019118447004870993,-0.026634236737483587,0.013289403391348924,-0.0017145623324458785,-0.003814931206551193,-0.022587836851321763,-0.005888177068293452,-0.1822685488089519,-0.01351435402207461,0.020634143318127136,9.86896414758387e-05,-0.015773004229860183,0.005564379297479036,0.0014502594887255498,0.006960919261293138,-0.006445951483709441,-0.016907168473829236,0.03774582297365834,0.005319870927428636,0.27742351877556404,0.27427458452104403,0.21462645158578103,-0.017871525862649774,-0.29273421018379403,0.01943894288911562,-0.021066174102792226,0.3029807982236629,0.007342763144194796,-0.006416201526399973,0.0046512308461737345,-0.14824743995295833,0.01686803230544395,0.030336599222182983,0.35756207533046747,-0.0419521561812746,0.00432567667106148,0.005821258677036008,0.0002397527501762065
DEVELOPMENTAL AND EPILEPTIC ENCEPHALOPATHY 2; DEE2,0.03304712588369667,-0.018481323727445337,-0.00836499097792666,0.009705519456784826,-0.025547363200094285,-0.03635113364063392,-0.00274711275195377,0.15811746761456483,-0.026705600988869288,-0.039689883477480474,0.02735102534719058,0.02155418312024551,-0.0012646542918589227,-0.01020006425413813,-0.01810763019749208,-0.00629150059889536,0.003336929582686229,0.0014446574215115154,-0.026153939850807474,0.01020912861153961,-0.017808656963894085,-0.023659967470203425,0.018629352659107763,0.013629342589930786,0.007724997441196553,0.0036081446241077574,-0.028965696174845255,-0.02622132989609218,-0.02261925322924148,-0.022093780090826548,0.02143244897737352,0.01367519033814301,-0.002558884381640832,-0.0059312819814482266,0.1570974394703286,0.14200362313237347,0.03806316502529555,0.0052442650428825245,0.03205510332772689,0.03511238078965097,0.03574235391176504,0.0354995938562871,0.037638953253156804,0.03874343737749384,0.035501549681615,0.03868615125078025,0.039991785261353115,-0.015747829326266755,0.1413908280184425,0.1337044370203886,0.038813345104274734,-0.003356747698237144,0.1422408932442579,0.03554946521835749,0.009618368045795772,0.00045676133130201455,-0.00037875547960555074,0.007247009153249385,0.01653893476432157,-0.0028266268776914135,-0.015509504441364837,-0.018520041602721495,-0.019582770974273432,0.0008242060863181412,0.01540693401900795,0.01946151033893464,0.022401814383450347,0.005994092378893681,-0.021147573498778764,0.017247582598797224,0.0326976243727645,0.024615338575702028,0.13466740683090442,0.0014997480903578297,0.025897985717057453,0.02172889088616309,-0.0016574279149973428,-0.004185783888312418,0.013218390969922337,0.1343482280427228,0.006944936771341415,0.025666963822536595,0.009695440351919696,0.005615212569793213,-0.009281705685671656,-0.003640129958205991,0.00223884038842691,-0.01032640670719938,-0.02995583261965962,0.01646136930066309,0.03190488486841588,0.02185238219328004,-0.026562726491941243,0.014074267563496584,-0.00857532339151199,-0.018642711054590047,-0.008682439840593298,0.0219605862998416,-0.03233246076397861,0.032169759517944506,0.023400464381444136,0.03189977145999721,-0.00042485140768945404,-0.015675352353937768,0.03140148990079887,-0.03416843973031821,0.02521370618220696,0.02733613465913236,0.02877599105442088,-0.02417839900917072,-0.02985013931887551,0.011536027368619107,-0.0042186956510996305,0.028852603301094643,-0.006518723536656387,-0.02576986298260489,-0.009323209072133307,-0.028473517035952516,-0.010083578795685862,0.03354931895093435,0.022362646068574164,-0.1456703810843824,0.015144149364147033,0.02154369871712471,0.023028894473220454
DEVELOPMENTAL AND EPILEPTIC ENCEPHALOPATHY 66; DEE66,0.002997066188506642,0.00630410989828364,-0.023700957513403665,-0.025464127550500298,-0.18772161990071268,-0.016942320096208646,-0.025755588239978734,0.039192124990717794,-0.15909926373131852,-0.01003801242511896,-0.0019311770881921446,0.031766951957053854,0.02785103564690581,-0.0334076042153358,0.003621517939430597,-2.2524807180596285e-05,-0.003409401385987412,0.037805206977633364,-0.03480027260617868,-0.0015458929747801766,0.011101094762465317,0.009254023950367469,-0.010245455330912557,-0.01094818188542336,-0.010414385783975362,-0.008573287097829039,-0.001946057647542229,-0.0018901033084741943,-0.0017656916334152424,-0.03185976446963147,0.02176680428090838,0.034192420892091874,0.02687727608260577,-0.003918481849990727,0.014956848963072495,0.01298800988312087,0.010139571207982161,-0.022792608259726423,0.016688018484141906,0.01384728333144681,0.010257046678640743,0.008947080127472763,0.005651628780055729,0.0028026865711149275,0.00985284424254058,0.006156465180270309,0.003015126170685123,0.00020658986198771306,0.012811733176036691,0.01000138852626875,0.0069774644663889674,-0.027878715879877326,0.01709064406672159,0.022782455636821578,0.019018398138425898,0.0054813342811877545,-0.008471225525815397,-0.005879161680025335,-0.002766208984905095,-0.00995220339789026,0.08512507805829377,0.06747794990902128,0.0605465669133819,0.002528406526371595,-0.0388462920299553,-0.04222608902047197,-0.013284087092711458,0.01991176119251512,-0.035502072588193385,0.004350840270181434,0.24627498507858842,0.017746277321080885,0.17326501263275448,0.037352258008060184,0.24859313078287285,0.24063487195175998,-0.004032945629168013,-0.0076231416748649234,0.0163477533326348,0.17209484769036706,0.04593882013723761,0.1477393864371299,0.006136643439475022,-0.0009334479744896044,-0.14685686977363685,-0.1392971512636386,-0.046932100378750986,-0.23588507263113828,-0.025522941934112576,0.011816190506836109,-0.00261583613322461,-0.005881270050399651,-0.028337795074643183,-0.016591223927660496,-0.15158572981733945,-0.0021175172775248605,0.020738427996379923,-0.02114306457771778,-0.02953460992852127,-0.016821876707394108,-0.01985079540060219,-0.01662005722171591,-0.024072183146122045,0.0025608222445199025,0.03286167436580346,0.012740223674922396,-0.002606900544440665,-0.002196588022228449,-0.0017118762318955782,-0.005101658735822962,0.0003281317123902615,0.1454827336603215,0.018976879612211645,-0.001698175089347794,-0.0005188332193697573,-0.024437977270349465,0.005312045461300891,0.001341703200246793,-0.008903776897567925,0.04280358633856322,0.017821855747783073,-0.15772736200944829,-0.021377546021594883,-0.020525601858120062,-0.012982114547425004
DEVELOPMENTAL AND EPILEPTIC ENCEPHALOPATHY 70; DEE70,-0.02170960086424394,-0.015034575898939645,-0.013650224708995006,-0.026806579596398573,-0.00710766926173839,0.020127851210636507,-0.014434214214617219,0.01057117191143731,-0.17109766378059574,0.0233887615424383,-0.026527059485961728,-0.005366739257517089,-0.01736309134027359,-0.026862546948094822,-0.02667259828254463,-0.039203840711182984,-0.04137099348763236,-0.041678429853207605,-0.015209785750806306,-0.018475222105380967,0.019291293803500358,0.02929220270301243,0.009230125780472458,0.014458419893980778,0.0183214480086651,-0.03350009444156417,-0.023505915489470973,-0.022787692086898414,-0.022060023580207054,-0.021668227580688478,-0.016537667347534243,-0.0014252393284720172,0.01344015203581734,-0.016518965217732388,0.0007165442503773891,0.0017368141824178967,0.002743557976201632,-0.023990882915760074,0.01317088325663308,0.005986626576766639,0.00022526275416153368,0.001449279732959668,-0.0017133153657412968,-0.005397118702538811,0.002357191164683661,-0.0018113688685639886,-0.006970148958714197,-0.020219369153625388,0.0008384869235254796,0.00033253411143628256,-0.00016713353932674776,-0.007211713274680268,-0.0034861983298576102,0.009738622863959429,0.02242557983724945,0.0002171303057803098,0.013387268905083795,0.00661162209795904,0.00035385188432169267,-0.016196833976995877,0.015409802770154626,0.01461965619321179,0.012554215758246997,0.0018441903804809847,-0.008305921841294585,-0.009122996021401313,-0.009224411444876601,-0.0013011701483064038,-0.022529831764477797,0.007652891822683433,0.1591137425221074,-0.02713750678557043,0.2027198675248237,-0.011595447161032528,0.02301442312829838,0.01590847565797753,0.015453147071086479,-0.010251355117004129,0.013242812349582626,0.20247531524239187,-0.00827937094333813,0.004491031097294424,-0.010930296920520376,-0.026097519279471192,-0.13720855460041967,-0.039421121729420014,-0.1542755244758859,-0.03892623907992789,-0.019195200452214716,0.018431325388467514,-0.01083786628434641,-0.010176202150272881,-0.012521652736803912,-0.02565517213334721,-0.0028331134426297397,0.024639990763552985,0.01141377514310008,-0.013701293931660702,-0.004178116109370456,-0.011862974866517273,-0.01395704851278826,-0.009384944930193555,-0.023016650299075788,0.011765693847491893,0.007056945901864483,-0.01920946707485152,-0.03902014318745128,-0.03939188792315611,-0.03977228699666773,-0.002602122139938391,0.025657428599178092,-0.02709117274345659,-0.0033857479318580262,-0.03083997369462655,0.010781048003713477,0.0023196457495700084,-0.010731833824087744,0.0031742056232597353,-0.001369305270451179,0.003001135466914629,-0.041355498237493654,-0.0327149741006289,-0.011994916178591783,-0.007719889436616556,-0.009365455461159432
DEVELOPMENTAL AND EPILEPTIC ENCEPHALOPATHY 83; DEE83,0.03605572191754832,0.011586967553379167,-0.006293720495621861,-0.01876701111010638,-0.028688721423003393,-0.002804362750377511,-0.003013200904794579,0.04196403398209651,-0.018405594557800026,-0.045826797173526786,0.03734907367728136,0.039667279065988166,-0.0009246919197602104,-0.03333443149719783,0.018724307826577302,0.018755600245363015,0.012630319683280105,0.03113344579698992,-0.012845094555064248,-0.017818194784458296,-0.0050970378672728885,0.009354264672193085,0.02093209258763832,0.01661296105043403,0.010506576330937274,0.006622546527028697,0.023168753276414326,0.027802266279073798,0.031005977784568664,-0.008927448299573737,0.02115922302556052,0.04891554013627918,0.04679480532872816,0.002369399800450743,0.0008655565670654939,0.0014944250750210154,0.0019870457513683965,-0.0006495523100772047,0.0016327548764160993,-0.002014203088502254,-0.006285740952148731,-0.003720639802127567,-0.00670182211362459,-0.010133473309852406,-0.002413009002713876,-0.005888861462685331,-0.010034422801147686,0.008692961270479721,-0.0015013990533302307,-0.002231979999273351,-0.0029066146678866723,-0.012088282789854958,0.011130884961848575,0.025959984723964706,0.029203011455338285,0.008393778674549329,-0.0145190450610954,-0.01502655135666834,-0.014117709208828074,-0.006663240783369466,-0.002779508945328143,-0.0034140151047192787,-0.0036856905135110867,0.002316133189732628,0.006544689537077666,0.007410563244265613,0.007534850723041171,-0.007656435224763537,-0.01820845653407774,0.027548496144758322,0.020712568154766308,0.0073523628739636665,0.0055512740078793475,0.02846848173502367,0.012651898327119276,0.01680096435913012,-0.005632371824064547,-0.008620896996941265,7.534081313732902e-05,0.00585973146001142,0.18464377047144254,0.055174594705119595,-0.01713099024785394,-0.029922604757090805,-0.0042251083793357165,-0.004565258901159838,-0.009502659136425666,-0.014877056502273275,-0.028063581113256266,0.013518219029080224,0.04860531321470299,0.04572282136440744,0.0008910569623631762,-0.017679025464512752,-0.04322371318729227,0.002078911916038805,0.003353017060941986,0.03491299091164475,-0.032533844573138106,0.040683603118851615,0.037241041050823646,0.04672770677825335,0.015070407835193589,-0.03127297895039294,0.01997672458105911,-0.0018897912735261117,0.1566773839869846,0.163707087347415,0.167836957683574,-0.016574223152692254,-0.03865084251940111,0.027574615316521705,-0.005610626309488522,0.04296314995633375,0.007103463022037045,-0.017163347204338306,0.0018768334344261917,-0.028634299664847887,-0.0006345931062634345,0.05313443401699202,0.03527391313748564,-0.002851119220930775,0.04912941626856777,0.05182765213218261,0.16213649711571265
DEVELOPMENTAL AND EPILEPTIC ENCEPHALOPATHY 87; DEE87,0.03758183568790081,0.05248662199506805,-0.0033175699491533265,-0.00842483762772733,-0.024152662995575835,-0.010505562890161873,-0.01587331880394271,0.18875146477939198,-0.007437600465440135,-0.2167901011474895,0.05222918388734513,-0.0032204995851427653,0.003939780326216786,-0.008820490794309818,0.00046970365237985063,0.013405467942372932,0.025866722824731986,0.023432622886410376,-0.01813522563294751,0.0008392632149951913,-0.0063498493907198075,-0.0057010581920775094,0.01696602275415773,0.009807050666232163,0.0029950114717695354,0.02377582992808329,0.032941374028773555,0.04302668300086643,0.16497738756075356,-0.014789588948449357,0.02522664805807577,0.04282971002003348,0.03356775344599404,-0.006261839051166435,-0.014759562395530482,-0.014758022000034744,-0.014508334758026223,-0.005550140920691841,0.0019907552719418977,0.0010117563846030104,0.0001465480395636753,-0.017445951105246015,-0.015536500819997495,-0.012947641490942708,-0.015883718090023473,-0.014357511526496787,-0.01241638607609578,-0.00280276681572388,-0.01740279645996615,-0.016011148079430458,-0.014429860673131728,-0.015568728768445051,-0.00194102294171956,-0.005433153348610046,-0.007102479904099636,-0.033162802532991906,-0.007972447905071465,-0.01128132039046554,-0.013573020688247154,-0.0007975757529363116,0.001328832638337489,-0.0027300487988859527,-0.007654897318775465,0.0031021886211027166,0.003601497876802217,0.008108049029070832,0.013019273423640546,-0.0008530815554571582,-0.023527895039881182,0.017279101952916518,0.0098097918921006,0.005706161845991944,0.008291929862930921,0.008460522050631102,0.012750506582114303,0.012366885172103683,0.030728800347730456,0.02934482292394451,0.1677812766269919,0.008348758337067412,0.06411368242922304,0.023750796690959933,-0.029571659876958742,-0.00034835699915462115,0.004639291316883196,0.023195769306293575,-0.0076648410794978,-0.009919727151144772,-0.013186085970781816,-0.0005822065335028264,0.2051915858714478,0.19004832070204855,0.0015982176864521018,-0.0005986101283633539,-0.029104429400100853,-0.009618433559599862,-0.00873159269277895,0.21762449062659248,-0.0008519036509789691,0.27823120090304093,0.21826366524186575,0.2375947365588413,0.040960125515555494,-0.033135968165526476,0.03591269297006301,-0.02568084204346331,0.04560891891203893,0.04779676491873805,0.04966770478682278,-0.019967027510569904,-0.05598786873721278,0.01522136859827685,-0.03345059769781882,0.04964282483302507,-0.0043727764218372284,-0.010601353122958228,0.0011158862415958039,-0.04425151789880653,0.002153404458776748,0.028549674229387922,0.006901985493181186,0.023431948439547285,0.0509262016218683,0.059523467945361765,0.19754217052619988
DEVELOPMENTAL AND EPILEPTIC ENCEPHALOPATHY 94; DEE94,-0.023451529475565547,-0.008884400384220106,-0.019483869090312005,-0.0075600715234777245,-0.007390917661416899,0.0011294928188770538,-0.014704388961674414,0.040741216065341965,-0.022224473517793317,0.017841470227381567,-0.016670142236314286,-0.0012807263325397191,-0.03101007037214523,-0.018391089622994888,0.014286907641568187,0.012603762553421006,0.00670679033628066,-0.010375532889290225,-0.02739630977194947,-0.009034818392694986,0.0020890889780415113,0.010683599239657289,-0.03160545008779699,-0.03450468993765415,-0.033112294437342656,0.0009498710106885623,-0.021344051368333394,-0.0178251224853269,-0.01476669365356512,-0.023110479390067495,-0.0007707515436673302,0.007179507740058277,0.012293994656556397,-0.034505516306961366,0.016217897740712167,0.015113995387801157,0.013966070460488639,-0.0006544664758460314,0.017646681196240622,0.011822207696408488,0.0066066135459666945,0.021853252403797943,0.016537199433863378,0.010712411864106139,0.01936056319072047,0.013746498291703869,0.008126051931471987,-0.020123747968688464,0.020298139597187875,0.017670732656631504,0.014693782995959043,-0.013528113053100628,0.0018081093401047304,0.013256544538656705,0.01955048685304601,-0.010277661987764065,0.02852266807651768,0.029139404739347886,0.0273298689892103,-0.024092419691976476,-0.0036558407533144803,-0.005781093175238968,-0.007438483228560381,0.004965468760488973,0.004661663371127011,0.004698251504511496,0.004582208525191269,-0.03174187147886922,-0.032608387060459244,0.02738882919939449,0.014517069611125,0.001114195913575628,0.17737418759117815,-0.005207505431869656,-0.0017947796782622938,-0.002553513075208999,-0.003805006210026467,-0.013465415143486535,0.025856377725501097,0.17624801338566284,0.005352292289254676,0.016662253357598515,0.012517623091105247,3.94954677217595e-05,-0.027919564499698176,-0.018199495677735718,0.0038600361230576898,0.003921608757326775,0.007520380821653402,-0.023562199125824072,-0.01897726972491981,-0.01755568514877883,-0.028232126535403437,-0.008089990990769383,0.001200723329038734,0.008594493968355953,0.01865882363686822,-0.01033125817057473,0.01107522913786529,-0.009404932790671165,-0.010493716140230314,-0.011329538082750765,-0.02535423923796188,0.02094434553582696,0.02849303906298959,-0.0384601849201775,-0.0056184825361811,-0.005090701562228132,-0.004756196225072829,0.009755861118157802,0.014487781393874489,-0.017819963142187503,-0.008116443699859642,-0.015833841176812313,0.047187277143060875,0.019811388621131618,0.00252132180140652,0.0016615818313696154,0.014829201746468595,0.011432378902036995,-0.0317482912276151,-0.016320829245182394,-0.026013163568767414,-0.022488929940758226,-0.02083609766733771
DEVELOPMENTAL DELAY WITH OR WITHOUT DYSMORPHIC FACIES AND AUTISM; DEDDFA,0.025764522130352425,0.024753383573665026,-0.025755640596704835,-0.03680233177820466,-0.016198764733022918,0.024840931168489178,-0.015885242119244282,0.31583239148639247,-0.031045703905395638,-0.1900586225284241,0.03906220616448482,0.006390037903960636,0.009622429492812003,-0.25796850731583554,0.0028353310113958564,0.0007036078669202674,-0.0014066663273849102,-0.03496777191799205,-0.04114443850096077,-0.03537915027199268,-0.011801667553563051,0.025829015740434925,-3.02140420890982e-05,-0.00028478924106617166,-0.0005146620268570454,-0.011388894480546731,-0.04224085813847305,-0.03535826004601289,-0.027185447073967486,-0.02284447503144989,-0.02944760459468073,-0.00040296048111163,0.028938201773121484,-0.021898437989983182,0.002712538618168809,0.007389895175494146,0.012904961419501143,-0.028258592135872628,0.033623713616630684,0.034651531367503936,0.03361599845239463,0.03699288148670007,0.03621045185471901,0.03406062036634973,0.0370532646712648,0.035696979718263085,0.03267112032018086,-0.014280657545440986,0.017736175185747598,0.02118661458678596,0.024161401293326754,-0.04123114436541649,-0.16332316322202853,-0.14828468384472002,-0.024029184208955952,-0.01423135072795034,0.03192052752437405,0.02961050678497602,0.024514165205697762,-0.01468674733257128,-0.005043464806665838,-0.00479111324372223,-0.004223227697441954,0.0016248065541517454,0.010232703874401401,0.011317989541411335,0.011436822726850999,0.007778875692444977,-0.04194585471258485,0.03552555257331837,0.007217439108331706,-0.04302140521809599,0.17611608975964638,-0.23173154469978333,-0.014351800560031434,-0.02410966025068025,0.012857714121546978,0.004668735118960527,-0.00624048236472028,0.17558788677411574,-0.003555710547695672,-0.03222514403920682,0.0059866574133632475,0.012494995601175923,-0.2702827427126299,-0.2974764609445088,-0.01652926476385018,0.007321009227956796,-0.02094216408678212,0.0015387008107164385,0.002810723473380245,-0.0012186371751909061,-0.045559221940759925,-0.02130892037360604,0.10396999081720022,0.03468194106230254,-0.027701906378800503,0.005629784119209948,-0.008961480155610485,0.01316691450115492,0.006087741339746954,0.01354121795621974,-0.012065991747041522,-0.007762767747524256,0.03848244366621385,-0.005665939299069735,0.017779243684227227,0.022460451013029608,0.026298379790241203,-0.1780861504394392,-0.04397752779610674,-0.1458138343233478,-0.035286148103016654,0.026722373515149576,-0.01962994960290452,-0.029563250247150927,-0.15526180498683453,-0.2478714448748245,-0.0291942692995661,-0.1379586463006413,0.30473115196334144,-0.19416915701498472,-0.008500752460549241,-0.0022264484365473384,-0.0016847742470936283
DEVELOPMENTAL DELAY WITH OR WITHOUT INTELLECTUAL IMPAIRMENT OR BEHAVIORAL ABNORMALITIES; DDIB,0.019631003956525936,-0.005546811268129206,0.01276521063361902,-0.015096690524568355,-0.0317768990491899,-0.010171218095600917,-0.029440269942774648,0.03370321920948187,-0.14407351528414708,-0.017930496363138166,0.005009534065360999,0.16776385521800571,2.1928684793448432e-05,-0.024462825231210433,-0.0002613994043319461,-0.0005896900907387154,-0.0007920790422291446,0.010842112731432789,-0.019745905681266905,0.004023023421746487,0.02939580994868414,0.013355571287128392,0.01123096469025498,0.009535775178646965,0.006701341509707165,0.0010402606511346873,-0.019254232546415,-0.016963457188610646,-0.014228251421089886,-0.016509024605073072,0.028487250312916084,0.14053692428986037,0.03395680590242335,-0.015209672025496274,0.021404502320987163,0.02128885745616482,0.02062277449798102,-0.016115311968681805,0.01860500821519484,0.019139229419597337,0.018672748435616785,0.017562008326250756,0.016095885837839195,0.014197425858672045,0.018268523024205972,0.016791400534336746,0.014458174385985964,-0.016662249372665944,0.020136804209392775,0.01935339757563034,0.017686922714819284,-0.0070407576432991465,0.015140543261557254,0.017912302745935808,0.012552138591920134,-0.007356097980546822,-0.0025658718605790602,-0.00453287891761348,-0.006171143788342113,-0.020549186643512695,0.01009377255350326,0.008412888661445975,0.005827743207569023,0.00041052856784649434,-0.0024176186319581927,-0.0014732179577673036,-0.00043305657488648094,-0.03742139464467305,-0.023855087400268257,0.0010983278625056995,0.15304641094516278,-0.006089791830966925,0.15387566101649464,0.008297765687477565,0.0379839598079642,0.03453967661100916,0.004387387116517169,-0.025515942584271752,0.022927470982740897,0.15349564377601146,0.029724199206240677,0.04070794683126575,0.018097375717869953,-0.0027809453108159922,-0.12104791295209935,-0.032305705421215934,-0.1430089544511538,-0.044696189910668205,-0.017339220901899505,0.0431023635702492,0.019977668111511446,0.020881454710404396,-0.016810337100203666,-0.008179838445056042,-0.03503674316972662,-0.003414283516860263,0.006496537495866888,-0.011845615714486859,-0.02913124133975609,-0.004153595355701635,-0.008125561731320922,-0.002353920122481232,-0.006179144807658421,-0.002779990515191179,0.02602365908041406,-0.02232844839432911,0.045931415186979165,0.04621241439112568,0.04578700685549395,-0.009527322428005393,-0.007749754013828071,0.025977536961907344,0.008025658747301927,0.019374828601051972,0.036853551713804,-0.012739657730366758,0.0030896942362352853,-0.007386957397046328,0.0013930577563677222,0.030816469599290075,0.12526132184547767,-0.1343553416380267,0.016717261245157763,0.016079831508522394,0.01962802506392721
DEVELOPMENTAL DELAY WITH VARIABLE INTELLECTUAL IMPAIRMENT AND BEHAVIORAL ABNORMALITIES; DDVIBA,-0.020959773660172303,-0.017592998810142625,-0.009755101553758364,-0.037996258974914834,-0.040510048551307624,0.0026684050110719437,-0.011686463789291161,0.1850833105725532,-0.04481858475665226,0.0015981875675531235,-0.008840253315460227,0.16073061204003314,-0.025129253646846733,-0.038176710687132936,-0.028563834384595692,-0.034510823373860806,-0.02980133481088755,0.0034692168340589038,-0.035188128131999515,-0.020685664806588597,-0.0022381907894881595,0.01828603020194032,-0.007369235261989671,-0.01028089126006107,-0.011936181435267059,-0.0160684490044723,-0.03631042261652505,-0.03409138829403688,-0.030434024394221937,-0.039492973805432194,0.0062219554906497295,0.024385506060249057,0.027942940417259622,-0.13991504887307804,0.004141538623393904,0.005962195212304605,0.008135719800597368,-0.027103507587694926,-0.0026938920794942495,-0.0022137320250118953,-0.0015709035434108556,0.005099551243835434,0.0032586982868913076,0.0014761153501533656,0.003066848971743394,0.001370362636657966,-0.0002794400888633829,-0.02317186635601731,0.005505435252139531,0.005924991046479962,0.006100828898556988,-0.15944657928609815,0.0029031425198691443,0.010709357478916333,0.015954620499887984,-0.02883345501190403,0.007648877990922208,0.011883098799546726,0.01505454317893654,-0.025589813864369787,0.04503062549976869,0.04257615387045935,0.03486976074165423,0.0005208655077981154,-0.028460150210234014,-0.008029390393632105,-0.00611042261432797,-0.018110834317918923,-0.04982220696219276,0.012632602809024123,0.16980924297142158,0.012417787766739593,0.31260562875777886,0.004960542713484767,0.0496755744996565,0.04298296735221364,0.16230729804358138,-0.14565392438744176,0.006393593683474078,0.31173745774233286,0.015102130304889778,0.03956586499504366,0.029304640793136223,-0.008653968008438736,-0.177969601072136,-0.17942014518217947,-0.030674736857313614,-0.04145298046496817,-0.03507464667262626,0.016151677477012225,0.023672022019704503,0.01824554600278926,-0.03864446698417609,-0.023672031313496853,-0.022729443349542935,0.013148859131358968,0.005976020581935765,-0.013648407126716538,-0.03534124548978027,-0.006107386913766255,-0.011007396568692698,-0.0013455019721360583,-0.025499875375330768,-0.0003331598400259536,0.04153425652743068,-0.016017932330442363,0.017806350927695853,0.020254206680141204,0.02230233317358283,-0.0066899923468462935,0.005002318965281095,0.017759979953900554,0.009021180085619493,-0.0041225690648209155,0.04779418768585658,-0.011400394990905876,0.0006396893797266269,-0.0031478111852571667,0.025203517730469943,0.017684995061056457,0.0028945881109341018,-0.04948871849089937,-0.0027567237210430846,-0.001969258309411464,0.008417449635388128
"DEVELOPMENTAL DELAY, HYPOTONIA, MUSCULOSKELETAL DEFECTS, AND BEHAVIORAL ABNORMALITIES; DEHMBA",-0.04123307498847991,-0.12915074132037566,-0.01301914315867977,-0.006313951063279909,-0.03132190876431962,-0.019469052515482005,-0.24665176834273794,0.007537177712411045,-0.014507524173952013,0.01005747416974796,-0.00919560849316579,0.18936609499169235,-0.014030999535133619,-0.03771822303211764,0.006464528774220922,0.008691871264814422,0.008258800847913568,0.011774579795598499,-0.036608739659332305,0.010352308014036258,0.023998743984147614,0.003675803811948666,-0.02884414903332363,-0.02630514524471102,-0.02133431532872317,-0.025916892273300907,-0.034446292097831475,-0.036804351432985404,-0.03800827419604149,-0.03986368802310713,0.04461193977980928,0.1974796479394488,0.04449247522897312,-0.014010341060377317,0.02014876201509522,0.019947422901444425,0.01949026231770548,-0.027534768217473745,-0.0004232515518079775,-0.0013392562311654846,-0.002203509114392392,0.010088990073382894,0.010845774960058743,0.011518760979556309,0.007342695797953725,0.007488462201681144,0.0073684130163786015,-0.010681487262018173,0.018135355099414486,0.018598953990895572,0.018652775317654777,-0.028926016777952007,0.034619163050146506,0.039155921775052276,0.02887733220974001,-0.021587936802255236,0.02373874219913663,0.019295772973455957,0.012542485272910499,-0.024266794117456476,0.04321734129650079,0.012752967092499692,0.010742470915850084,0.0008508798318475682,-0.009464006788549376,-0.01053555512011169,-0.01103856350088838,-0.3531284330393269,-0.03740666275724729,-0.04488072321301674,0.037855165187701774,0.02651782678335603,0.04567517696760179,0.03789258585364053,0.1666012345981428,0.16669017010254153,0.19225946648441627,-0.14976842242286983,0.0005762056438671179,0.045803660091786595,0.002921527290749271,0.14658997542605914,0.012280755919807951,-0.030296139704184624,-0.21726342607787133,-0.23121497571383293,-0.028333330601044895,-0.15299369691635128,-0.01597262526217338,-0.006053263087804794,0.02081336001914709,0.02665099598689863,-0.02741165944183352,-0.004336779988942548,-0.14018713472932073,-0.010286458746820212,0.014388886429313748,-0.004675591712472318,0.008685219724621052,-0.000901899907286484,-0.0021476604265160343,-0.00313576656568672,0.0007045129189325247,0.021603094808578555,0.038123323291899686,-0.03459978727107757,0.31305224190270753,0.3134278817899636,0.3069214460958434,0.011760603782213025,0.00642183383531009,0.04147873324298397,0.0302660650843632,0.011382422030153081,0.3713978560515789,-0.0014695800860190938,0.01860715016224252,0.02383625721236699,0.20992170846358715,0.033176323456889416,0.011815867345112273,-0.015713194555683162,0.01352720824907276,0.006158793858227147,0.018819912825134975
"DEVELOPMENTAL DELAY, IMPAIRED GROWTH, DYSMORPHIC FACIES, AND AXONAL NEUROPATHY; DIGFAN",-0.18180095285483588,-0.014436791754022816,-0.005268579579952717,-0.018274497024812483,-0.20899764611103336,-0.029537107677808445,-0.15452404166780095,-0.0022093944117920357,-0.02228750575372149,0.17105729765214506,-0.15486881246103645,0.27831781173375625,-0.022658322477167685,-0.03620727725353104,-0.011372351988042258,-0.008034512566331848,-0.003121040455245505,0.03419744568617671,-0.03904664461723527,-6.860084723472019e-05,0.0031068115405291767,0.002240024099556697,-0.043189117611655364,-0.04828786120781128,-0.048490602395169315,0.009370932387350308,-0.1916714652567733,-0.19710565439287042,-0.19915623176310315,-0.04289527405750364,0.03038723548352384,0.04735556942956501,0.0359850444877385,-0.02565166170500449,0.04265253066021858,0.04442821020167748,0.04525070543483171,-0.00827772064934461,0.006395737057296758,0.005760267235731893,0.004546643690080635,0.02909042001019607,0.031113234392896767,0.031277916159100395,0.02496062012737632,0.02550000290678886,0.024771860691677,-0.013090305748216022,0.03956903431243494,0.04145792255206992,0.04306261056480173,-0.04003989297543075,0.044091761039341655,0.17663513146889653,0.04794030943187934,-0.010518882319815978,0.18661764787010202,0.25831719432791506,0.2614902405589747,-0.016202110547721662,-0.010496205037696549,-0.016241121153832153,-0.020254053375266107,0.0009415703113695294,0.007946066612226079,0.012204444977814338,0.01611711996654858,-0.3546775462649446,-0.04803968807122657,-0.16159501317034342,0.03840514936686954,0.015267708302695061,0.3001030984084196,0.1821808622968598,0.04281248206019559,0.047874785974745274,0.03792756603695885,-0.021129525643160025,0.02874492377744982,0.300613789529068,0.04265746148224142,0.2641159200527521,0.005954707370429398,-0.012118929717432857,-0.1645670816240149,-0.1406669222416287,-0.03178151222148252,-0.04720312455109968,-0.03177853065402157,-0.004630847767142512,-0.013234375473159522,-0.008813729908564353,-0.02535407018630256,-0.014265353042005725,-0.30052278079797423,-0.016480978150679084,0.18466115931644217,-0.1923876049693427,-0.02136223840406937,-0.18672796584072116,-0.1830604601446828,-0.17626787772090316,-0.03544175595720116,0.17975779150451499,0.030367659580524894,-0.00773871960328619,0.17717905930029273,0.17825895861537416,0.1779049433600324,0.2706152035065348,0.04675588478326063,0.26968562710016125,0.03735942870833607,-0.026852223300864515,0.3967000682724198,0.049368926043759524,0.27356654956644444,0.2963162120967931,0.37264177552678845,0.2536299436221965,0.00682897951766329,-0.032135458987679,-0.015596339909944022,-0.026638097514742567,-0.017385556817269592
"DIABETES MELLITUS, NEONATAL, WITH CONGENITAL HYPOTHYROIDISM; NDH",0.035739916590524536,-0.014579210497433085,0.00609099463512223,-0.02752952663706645,-0.02709952303236227,0.003905833437983008,-0.015005425509370509,0.13725083531004653,0.0004053381878595806,-0.031332405654777094,0.03486799086228421,0.0023463735749329412,-0.006609933906119112,-0.012869029734272404,-0.013795233549355053,-0.0201268102460302,-0.0194054040581192,-0.004607066329326436,-0.018455123408744927,-0.025818059652434215,-0.023236206053462317,0.008167300597343677,0.0026097028704325097,0.006263197863599675,0.00931774699227274,0.012084199018114613,-0.022672429051412157,-0.02096554527338414,-0.01851443788151178,-0.016698485654595443,-0.015892955351437605,-0.0013848279213871959,0.012800480414719621,-0.014129676320222266,0.013979772928143548,0.01774057281534663,0.020795264972490082,-0.024629482123422176,0.017554773667532633,0.015880265211750393,0.013406713392032497,0.014013712577362706,0.01215937969441992,0.009744884129408108,0.014927943005845264,0.012891902480304111,0.010180674932992545,-0.012916732194382491,0.014019046644766997,0.015057374678488509,0.015919954463872333,-0.02164560019532607,0.002881989912450276,0.014627379695686159,0.022187142874192003,-0.016946070472862874,-0.005190282185983412,-0.01109661169909327,-0.015898942305675172,-0.013980332567089233,-0.0072970117649789265,-0.007812048319684211,-0.007815219764189158,4.251173626144734e-05,0.010761356904310905,0.011932416875605388,0.012417924586591488,0.0014834207536315671,-0.026539638704741325,0.023640880077832167,0.006352166986456895,0.024892930967052276,0.040581783779600714,-0.0042477905572432025,0.02210749849973617,0.015938903977942957,-0.007294350636561265,-0.009744469197463853,0.005545494005867769,0.040360698526073886,3.777554855515442e-06,0.010757818536880707,0.006414907902753882,-0.0018656319242643768,-0.012665158672254423,-0.011684488566626688,0.006682037553454863,-0.004316589406964885,-0.004592451509117024,-0.018633193535270407,-0.0024816388991470103,-0.004206203711973419,-0.014378410228909042,-0.018411472072655824,-0.01069663546073203,0.013379832418599982,0.013767710635776113,-0.0010949541145204708,0.0015466007943109826,0.0012723325415473078,-0.0009636073711450222,0.00035448444233280457,-0.012151721101372583,0.008701327424100501,0.029338961205737313,-0.01916773255367855,0.012031760367080582,0.01161446481798868,0.011215570566215421,-0.0009095235354228519,-0.037244714882666986,0.007278131301147803,-0.03974647954544766,0.027485163666867544,-0.02682048711939389,0.0030048690355179413,0.006921807557653725,-0.030265890174291026,-0.0029685778944052135,0.01144498112446599,0.24180487157416936,-0.030816836614902393,-0.012618102626349112,-0.01146888064933097,-0.007435462871299297
DIETS-JONGMANS SYNDROME; DIJOS,-0.0177241180046322,0.0004975013226311728,-0.008106144985199454,-0.027040632492509403,-0.12796007395011488,-0.008701305831503444,-0.0070001274847613796,0.033026946598200574,-0.03418793466991006,0.011557334547680416,-0.004396815136350272,0.01491103920414261,-0.006011143473838109,-0.03432920149029379,6.244268520892487e-07,-0.0010969778143035658,-0.0018899842583837484,0.015304762369556859,-0.03269597634361877,0.0002740059650788256,0.026529483334376974,0.018438472101145086,0.0053829362431349415,0.004174342679297562,0.0029989210245469845,-0.019922405934450983,-0.011527405552708933,-0.011266413090321328,-0.011248988962591579,-0.027515268272958002,0.019581534401466292,0.039339991833989035,0.03582191135898658,-0.026824760323130647,0.002858244849175342,0.0038554794361321003,0.004982802964079105,-0.028358362201020514,0.006796516302700474,0.003972259718981852,0.0014305789625153767,0.0003941787138007556,-0.0003330577155203347,-0.0011021229792494772,0.0003287324764564788,-0.0009437468814302978,-0.0023330961863241182,-0.013936409528175734,0.0018889049873204314,0.0024311626897419903,0.002896233195572047,-0.03237887873077586,0.007791460033110446,0.016224662485918747,0.018911392550456554,-0.11594203864563304,-0.00965071265973287,-0.009489032433646684,-0.008205899967320237,-0.012991760024905067,0.0017352054557745148,0.0016036936500301202,0.001234050926926959,0.001773561669333131,0.0009239316782648743,0.000442309849753618,-8.083039810141247e-05,-0.03076572757359039,-0.13018832706307132,-0.0027896238617797324,0.04483599777997298,0.02979772260194608,0.1524354074511247,0.022093608325006345,0.14905405214007728,0.04445313573802775,-0.00819157257249275,-0.0030845054007300338,0.008696644120644022,0.15350398303248258,0.02212599317472581,0.024599433270189434,-0.00046437660152533384,-0.0038400418260951925,-0.028909133889092973,-0.027431949591632546,-0.01770355701697977,-0.036907110858528575,-0.022296979804621295,-0.015069371416328654,-0.03296055206683453,-0.034457015485243825,-0.026115807631889552,-0.018502389827653915,-0.04376986531411014,-0.00019589115575168887,0.153576228535487,-0.03744424151925627,-0.018253749223616795,-0.03624045285388934,-0.037125018026893906,-0.03586498081950537,-0.037072210168074604,0.03643868517320553,0.03393659675961471,-0.11692543589359108,0.019852519444196113,0.02125096374855961,0.022663072719719575,0.033386546680114704,0.0022353973807537502,0.04471974673726904,0.012984476197739543,0.0006525640984907376,0.18093353878022259,0.02284413881872142,0.03974693439108647,0.026458458974108888,0.033879907260898595,0.02539178237880577,0.010551224923583577,-0.12986874172301505,-0.03429532893381417,-0.03488422543575655,-0.03626763569286901
DIGEORGE SYNDROME; DGS,0.030524893525973505,-0.008574741508818508,-0.1736107980741784,-0.045059947524292106,-0.041135279650493385,0.009277967980719838,0.005129095138884927,0.3533196207088204,-0.031032724542021904,-0.03186158804734242,0.006511975964328156,0.047750911212864254,0.00817221825937249,-0.2149836129213595,-0.016560450034810333,-0.02950770197715221,-0.03359606768202853,-0.0031424825491317104,-0.24489702040076952,-0.03520514001151992,-0.014229441876525244,0.023625864226047184,0.013255025272053278,0.023131072422431165,0.030709166410609477,0.0032806618923295616,-0.03290321878320417,-0.035003072671380704,-0.036132673409524176,-0.23932972650235715,-0.02562991594834674,-0.002104164525268667,0.021252506112365285,-0.03678572826119383,0.0008106937310124771,0.0023751745665060286,0.003921788377326949,-0.19087264842577134,0.012022130291855134,0.0055788091246144695,0.00042585691263221867,0.007601402962044049,0.0026467829204562246,-0.0012540384487671331,0.007013193305609801,0.0012004659020267506,-0.0038044046170895227,-0.01850199542347075,0.004117361932628373,0.0034045478105987283,0.002784422191006834,-0.23032919677590583,-0.007352510545445091,0.0048473468636292105,0.018028681505077086,0.004314336569234549,0.005701006964804291,-0.0016584420485987754,-0.010487681585010752,-0.15175446564372896,0.008828966153124654,0.006102089157729574,0.0031224384250159516,0.0013530408939343708,-0.0033746169681658955,-0.00253686595663782,-0.0013654712070717179,0.03009167774733872,-0.255262720427014,0.03922879168253363,0.03727729095346382,0.039379440337327966,0.20981310364781003,0.009378048002212157,0.028606231438774547,0.02633068909127648,0.053640724771560316,-0.04897605182167137,0.015076696013749577,0.21099480899552203,0.030803380289229854,0.04745512605619559,0.006527952674451513,-0.03694468895522366,-0.1730517506970678,-0.1666990940746308,0.015077014574868394,-0.006543381469341402,-0.18484900546160218,0.35705999141277467,0.0351686752399034,0.02735737418449469,-0.134499610250532,-0.032288843770481274,-0.014685627271368146,0.025971558644660383,-0.012089677638911433,-0.0007967685566468935,-0.28425201783210086,0.007076947369905458,0.0010973029271504299,0.025517803139176932,-0.016514026905102612,-0.036911392201712516,0.25858007064907784,-0.006658420099855529,0.00600824867982613,0.007845129803816048,0.00956250469893907,-0.03665526974833034,-0.010670562488746786,0.007129109396785253,0.017816260053563442,0.006400676321867057,-0.009701553803331634,-0.04347059559476542,-0.022194846472761407,-0.026199289441439188,-0.14674100738301651,0.020311333726235108,0.02951220169380815,-0.1847109175079371,0.030429818613421374,0.03810358556904617,0.0340363921870093
DONNAI-BARROW SYNDROME,0.008290698801703167,0.018876670890705695,-0.045029924822675,-0.02380819516712938,-0.04033685754047303,-0.01589716188927834,0.018553168628651532,0.032065730710541786,-0.014845446127054051,-0.003761450263962257,0.004853071620831046,0.008927309009551193,0.013674826113343719,-0.04359166213972126,0.010978771654026253,0.010583020333737576,0.007611990758128336,0.05279087167362295,-0.0446558856745971,-0.0046981099607119065,-0.0023234755113518543,0.0031393045688874587,0.0052476162709373525,0.0016000394099937702,-0.0014969858409943323,-0.026076976472857376,0.004187485545441473,0.005966831033753748,0.007905588508452943,-0.04287522874771479,0.014241061498898807,0.03134465339481923,0.0321123490197509,-0.035064867346903575,0.025027756413674426,0.025994137363617473,0.026191166465309577,-0.002304056290776325,0.007377239449203302,0.006457907666244797,0.005542257969689598,0.01892348323115636,0.015624433600826371,0.012145046033533644,0.01912353758902541,0.01526493249764758,0.011073308674600692,-0.02148724546072132,0.022822986280193986,0.022376822581591724,0.021442920968401228,-0.04396200726199647,0.019226769480114963,0.030447826868866275,0.03232115858810973,-0.01695255365404699,-0.02814206220316372,-0.021233274213852637,-0.012757540477794128,-0.01922559490229446,-0.0006246949498743172,-0.0032928446317703943,-0.006357217379155774,-0.0010365046383277805,0.0020362290671551543,0.004326160162079784,0.006804757583502457,0.011649848432119947,-0.1703413431673039,0.009844860317137225,0.029919647395366546,0.02943408515977173,0.011991452748686767,0.038184841314404715,0.03253658783238399,0.03684766212054757,0.04452321986030719,-0.0010064749642427339,0.023417883756556027,0.011719475461856596,0.05922617389947056,0.05106446331774397,0.01204305015103385,0.01119256110239027,-0.030977257414379327,-0.024475565822310474,-0.003796475768212911,-0.023440767520070353,-0.11853372588383564,0.021185827123429583,-0.0042680625906716405,-0.006563528328418215,-0.04156043156629853,-0.014396149235044845,-0.035067699073703766,-0.0022533263509734985,0.032621963495104954,-0.01925329708102549,-0.03732400096344244,-0.01612481291412869,-0.01873892046956908,-0.010621292635921827,-0.025919344283374054,0.004304789614491154,0.04190175254455053,0.010176851146629229,-0.0025986484110143327,-0.00168175889666351,-0.0007466225906254454,0.0023403941515148822,-0.007830370549629543,0.041248071797692375,0.005635588638067494,0.0036944210541503906,0.0032912904286389265,-0.021103274295578622,0.007929697052166089,0.0009325853738833808,0.0040631799443893,0.05439365897745383,-0.007360619384545382,-0.03753926655380243,0.00014658923339972126,0.0009313132113410055,-0.0030107759062152277
DOWN SYNDROME,0.18401309404161614,0.3790780903444328,-0.028921850058296426,-0.051345905816578476,-0.4563562375302634,-0.26256711747760164,-0.4746714319453309,-0.018921946676166708,-0.3169301796300304,-0.3737568713191845,0.044301285969907865,0.2806797231592291,-0.004094194725849652,-0.28277006388841675,0.28516575133134575,0.3359151084735653,0.3023169061647001,0.5154334935566615,-0.27310269976416335,0.03740837668560371,0.3806556208192905,0.033826971746660266,-0.035735206356244255,-0.033379511596622745,-0.0275284516797195,-0.025165091653590987,0.2996790512318134,0.31226636988485335,0.3158722594397411,-0.2655363340922695,0.42936313463840464,0.5499096635140325,0.4239459112601103,-0.03648680704227012,0.3596318278040208,0.34896736107877047,0.329904937960323,-0.14709342757713023,0.3524115395126791,0.3391863469955679,0.30842064669111824,0.2660864188869866,0.257491100725534,0.23880621492589377,0.2790896618794474,0.27071391283763624,0.2527400291528486,-0.033973254272566,0.32024968702241374,0.30574054348103963,0.2896453251147673,-0.18707710990255683,0.2900247556578438,0.32054796155930315,0.24448400762955982,-0.011645216548144776,0.3162144075403424,0.29520981260386553,0.19711136815586672,-0.012784750639173179,-0.012182907913756699,-0.016245818332863503,-0.01864987007246453,0.0025250451693048124,0.02128783036690076,0.0254087256445739,0.028483342666194785,-0.038488584501819224,-0.26274075630499294,-0.015646415555364484,0.48196563107284784,0.17174645190244256,0.02428787913539651,0.4721523688175915,0.5570707484204894,0.5605838429570176,0.026533424819710966,0.43412657602931054,0.02515843798896184,0.023703277445257694,0.5257093215063512,0.3173438607511442,-0.2904048827093497,0.03311830159325093,0.02189224844610652,0.032615515138940905,-0.4617796287493456,-0.5487346838996682,-0.03170863686963112,0.002191294466795904,0.34039324617645883,0.35693115172467904,-0.045669183711527776,-0.03263334952342085,-0.549475593252495,-0.03795253226365825,0.033470869651650616,0.27528681997131704,0.026699609783089977,0.28707132549110376,0.29193944206222006,0.29760925528970633,0.14206216822124515,-0.030812985365831845,0.31534206832106343,-0.034955643230329195,0.3534353433671275,0.35354558550975484,0.3500078296436373,0.02578653963498,-0.04996705505684574,0.4985041696982016,0.012431169574796416,0.2460124091557904,-0.006224757185669208,-0.0052408906754832976,0.2877668948037771,0.0067984900906190825,0.04184655063136752,0.5010439644093181,0.03450809873052062,0.2237582638490204,0.3318367768344468,0.32540482701506546,0.3598550234245548
DUANE-RADIAL RAY SYNDROME; DRRS,-0.026647504396038545,-0.0013985444219373432,-0.030341339945344194,-0.025477466343143455,-0.00016005862832304377,0.026646221347282558,0.004473562297037517,0.03645423009897805,0.0033181124388854126,0.022131916932141043,-0.01931283373088595,0.04796989790950479,0.0257480376373453,-0.01969668802838161,-0.00022011288879261802,-0.0035861258787200897,-0.006218132998693814,0.013034684749479348,-0.011627495440017637,-0.030611126934871457,-1.433532101896628e-06,0.030048094216943266,-0.013925049455517199,-0.017193839607714284,-0.018396433173727612,-0.006414635709976058,-0.030291950950277986,-0.02534324015479276,-0.018823272595570133,-0.0049279095399196145,-0.008603764296282825,0.023414016470323862,0.04347190337329953,0.005625604766147413,-0.008740147944819164,-0.0029126238309676615,0.001761521805887825,-0.02987831278940255,-0.008155289680310308,-0.01277972136117711,-0.016146909201085632,-0.0011977623545391238,-0.0023927156483977995,-0.0037145631264509094,-0.0031169046605986524,-0.005589233398914764,-0.0079599849638837,0.0034989457761957043,-0.004607037888149603,-0.0014449440068345857,0.00110376829634951,-0.007559735501233508,-0.01219582844723631,0.004553038068969238,0.022399664506998047,-0.014810350214377325,0.004008578938798691,8.199881882139861e-06,-0.0038333404622013906,-0.02154415923112236,0.016155905585835406,0.014580558352383068,0.011515112105387087,-0.00023296809914166372,-0.013921138537897016,-0.014263994932632149,-0.013907721106884362,-0.04956786867215266,-0.021014959529034042,-0.0091860464025345,-0.003054355884890454,-0.0003343196613128404,0.03911687166143266,0.004593949583372758,-0.0023118877799403552,-0.0008039952596363655,0.02012096914810057,-0.030626929135810683,0.02162795260428693,0.03917604741644381,0.030972925606511093,0.03639815351844691,0.00044356655990698525,-0.02948032204528031,-0.03283650022956916,-0.026711080557023145,0.00045247534829739676,0.0007125875373092525,-0.014788659256239263,0.0233550296823228,-0.005560037870103622,-0.008780155493872573,-0.012050612865106105,-0.028082540008317267,-0.009080958315145946,0.02439662250490123,0.014329664607763155,-0.037791345559192634,-0.03168736977911188,-0.03492327365288768,-0.03559782093412827,-0.031510398082455614,-0.025187435702766294,0.011674513221489206,-0.0019453914884019635,-0.03160496126268714,0.035537634988680886,0.037454909659999154,0.038680633578155536,0.008470139008459453,0.0170738332937321,0.016909341052544363,0.016661626274419236,-0.006109602477018836,0.19850264786675512,0.0003771190688735217,0.008603968305246646,0.01627364186905358,0.025030166090336387,0.018685010529839337,0.019260649491989225,-0.03975008939602478,-0.008605544372158134,-0.014234716363803891,-0.011237522107419318
"ECTODERMAL DYSPLASIA WITH FACIAL DYSMORPHISM AND ACRAL, OCULAR, AND BRAIN ANOMALIES; EDFAOB",-0.005203460348572765,-0.021699344439882664,-0.038829698034360406,-0.014018695164165304,-0.025825270460649197,-0.007351441077817967,0.0208376995882101,0.1349754598293231,-0.02221509372761824,0.0004169962846253306,-0.006173558418028303,0.029675835983103003,0.16385083326054892,-0.009344407545226203,-0.015321231731349156,-0.012332713304037951,-0.006649449252844516,0.017464159396600055,-0.039289433843819964,-0.009283788948293145,-0.011648909060263547,0.00014027772357574187,-0.0029895500747464184,-0.006328104366560644,-0.00879544056385528,-0.0073040954828596585,-0.02533322825799407,-0.024793232793218236,-0.023922659659908474,-0.03907478574612621,-0.0020134960156046496,0.006075147752119666,0.012395820700877096,-0.00741119323588377,0.013163967842654443,0.017206274825312968,0.020518920152615285,-0.10357683293728012,0.012476441410907207,0.007944037240428022,0.003393306205068157,0.012218242390524742,0.013024218371803942,0.013468521083742763,0.012430066842620095,0.01200084512193714,0.01088705668840567,-0.0017036635627489906,0.012762023354952945,0.016124969858309118,0.01891759939998798,-0.0347057114950279,0.005135140192350448,0.01386486506364973,0.01774155665692432,-0.0005734256795296112,-0.0203368248476131,-0.017991059450414723,-0.013915798186262639,-0.018553798657318994,0.010205523967857448,0.007490794908773772,0.004118660309036424,0.0006881829835407434,-0.005235189850546536,-0.004260195928795522,-0.0028509381481390066,0.00132555746846276,-0.027870502118565878,0.008139605708953576,0.020874096047087908,0.0021403814638809326,0.1342287591113893,0.005249001678741253,0.011103815513274511,0.01058534566586377,0.03357867217957808,-0.025104183073131715,0.017414782526707768,0.1348487459178266,-0.0016225226457909875,0.01832400028614738,-0.006293214453738452,-0.034473429952661956,-0.038906654423014,-0.036154178057390074,-0.00784158309531524,-0.010549465454631148,-0.10201557012983598,0.03429333981381368,0.026741147038406337,0.02393819191487506,-0.03918446960715168,-0.0036582806000522465,-0.0032968568088465595,0.0018702998928190357,-0.004299119804451021,-0.0075842624377015005,-0.12912843344268982,-0.0054044547277300285,-0.006385029414048661,0.0033554284133342324,-0.012375552495492607,-0.03383454992245424,0.037477998264864136,0.004055517394023185,-0.0036836791966125167,-0.0028978584456832374,-0.0020351617196162374,-0.03358462229756618,0.004146147465845942,-0.004820366654350116,0.0003574778456052838,-0.009322900551722415,0.015830925909998864,-0.03721795144940784,-0.028523928185374955,-0.017790571355447597,-0.015929068875498314,0.01097336397103839,0.007535810089309959,-0.01878801744497242,0.011307360496272218,0.013796551200363957,0.02060549284806132
ELSAHY-WATERS SYNDROME; ESWS,0.028502430789764104,0.0027940116253180524,-0.002788397048281041,-0.03728703866498415,-0.2722164922726937,-0.03902483617419053,0.020612875956632828,0.18903626234895396,0.00634207592812942,-0.020970904861508176,0.163789355608421,0.036267424712326,0.0006327092461319146,-0.031066830572401612,0.020067324535449953,0.03239067501279646,0.03574551077640172,0.33586407437281796,-0.03528442310386063,-0.023052962193489998,-0.05062956543954892,-0.014425829300566462,-0.0015378863924151488,-0.016594581332163964,-0.031158583389236646,-0.010431032948914114,0.19865760390647827,0.2108844150136012,0.2729063253568256,-0.032193735919238096,0.05134939735787956,0.22355049427783721,0.19244173681983184,0.0185826494384523,-0.0038968777831124585,-0.003623635761617089,-0.0032392525464943335,-0.002672809846066085,-0.03529701873324437,-0.04106620361944572,-0.1430007403705621,-0.03399637850968504,-0.03719939773303683,-0.03914307525167965,-0.03441714812675151,-0.03777164962501494,-0.039665744243458874,0.023066135155496773,-0.017240564420830207,-0.019198371246646966,-0.02011318165980842,-0.03529732015504223,0.050875122117885314,0.20596773370520027,0.19797175530616515,0.013588146784880082,-0.27907563219785614,-0.20384380848663358,-0.052206295024828445,0.0032929132023854254,-0.0003742793403565331,0.0013744990298586756,0.00359461348896183,0.0020472761491682327,0.0028536663593814416,0.002078949917732517,0.0009579395341243002,-0.009879174841420821,-0.034078600980855175,0.013503547319994173,0.029651706831958884,0.05456320099709155,0.014218452472872845,0.21118071443295605,0.06288521787042836,0.06563770875247907,0.2507151765550733,-0.2945078867924823,0.0019913506895848578,0.014251583951795158,0.34415978492880234,0.3531490013887754,0.036302520801452735,-0.16206858786615555,0.035696224003458184,0.0371955498227987,-0.017930929773229225,-0.052747208167317414,-0.031912601072616564,0.01073169345041012,-0.005850008232420145,-0.010311338118964085,-0.018082803136065344,-0.026751601420075533,-0.3144858105297429,-0.02288399947810479,0.2959831152531603,-0.03171829129161073,-0.030447549705901022,-0.029346460136009885,-0.03011221244059195,-0.027699878861732904,-0.027784093328943174,0.01565238846504637,0.04402838223975221,-0.0005977243743542797,0.027060039989120755,0.03214499594506816,0.036840996622886604,0.03498573268161706,-0.17190520941069876,0.3145440150168326,-0.04272741917569149,0.15961040160083054,0.00912186800545271,-0.0010225713397009019,0.192918182446268,-0.020015397497580443,0.02886017783124708,0.33816339679761775,0.2835272257782072,-0.024570883128480527,-0.013203769444793822,-0.01814242685604804,-0.014420623414277467
"EPILEPSY, FOCAL, WITH SPEECH DISORDER AND WITH OR WITHOUT IMPAIRED INTELLECTUAL DEVELOPMENT; FESD",0.021185633396652057,0.005922574429179368,-0.00845022481111746,-0.035822897695032906,-0.13572271437216674,-0.00044478458850897223,-0.15575469032927047,0.020106940543898243,-0.015957804771216076,-0.02583473119061285,0.009745098594546794,0.03713816432701127,0.009743204007076938,-0.1438592830277231,0.00800614690016866,0.0058935389174359695,0.0026473532503092953,0.02062200336015688,-0.02889475122664542,-0.016674866664897755,-0.0007268660343828857,0.016114635423044265,-0.0010230011172396869,0.0007281864283318267,0.0027282377926826575,-0.18942839123779867,-0.005290349799210105,-0.004577079503143472,-0.004046869878325615,-0.026270980509408823,0.016350589582684726,0.14417618549424843,0.1479909974100565,-0.019644200964050007,0.011213712449932118,0.01407350603039346,0.016421831102481892,-0.011301968873800127,0.013675526343021788,0.010614130064427815,0.006700579256569778,0.009993436549421262,0.007890546593464715,0.005575245505904196,0.011434618379586639,0.00849066585479168,0.00541511628354172,-0.018781732629329344,0.010588018154298674,0.011409025947417205,0.01219888472104626,-0.028590659445359958,0.007516250128117489,0.021969097642609927,0.026624087466376036,-0.005385502158358589,0.01836484317334076,0.011280377804864624,0.0038460652391332294,-0.014436829088825577,0.005166779889309461,0.0052814548205389646,0.004805367871920831,0.0017366757523628459,2.7179077644613814e-05,-0.00025369618925511704,-0.0005888671015625582,-0.03714204909942978,-0.032163487996967444,0.0082483817510094,0.027420369374918187,0.0017310961764980533,0.023808421137858995,0.030501782066693267,0.028316318268046873,0.03074491866218928,-0.007025424488169761,-0.0018730957126977096,0.0023192229558199806,0.02360076371728837,0.03715956897648006,0.0360817756573627,-0.0019092849789787603,-0.003738535862678478,-0.12234154815103317,-0.12785904980201676,-0.028220814308851774,-0.03526892494280955,-0.016928278428553382,0.0036179113662889034,0.02616587946021724,0.02993598165340022,-0.026387259768124564,-0.026676353528067968,-0.15500923744232015,0.0053164176488530715,0.01191357069865689,0.013581569822992802,0.003847232793873043,0.01907889045739457,0.016216544558047687,0.012649705197848925,0.009364719626186253,0.008211126837729038,0.033576514697924026,-0.028708519516017862,0.15156461441272318,0.15334778986166023,0.1539063720138525,0.009177291978823042,-0.012155562991323306,0.03564282006594441,0.00039433969382338834,0.02281816254164292,0.026013513206268834,0.005364185147878913,0.022335510653246436,0.0011067965323072507,0.011345753007412288,0.03643554382098033,0.0052746051587445,-0.013957735723044765,0.024099356678724076,0.02381705012282696,0.029086068467216626
Ehlers-Danlos syndrome,-0.025995819932696052,-0.010583549627635825,-0.1986665667446078,-0.022555170984947668,-0.023524303921004543,0.0018001760573802816,-0.13067070352676757,0.16585821480751087,-0.24703232775060546,-0.0005833647068017075,-0.01103913282507043,0.40077473074688597,-0.01573124121641509,-0.03379691321672131,0.2864069166450009,0.28764083301274584,0.2166251010165929,0.2092746943700639,-0.22086309445611693,0.013898105274312698,0.39317778570256484,0.22177698328891196,-0.027271724986688495,-0.028818546847523534,-0.027855743224324863,-0.006205055652186023,0.014961693637551723,0.019906017823018977,0.023829903434681117,-0.1828946831587403,0.286685654061405,0.456280987350172,0.3835997409469217,-0.18594367648447804,0.18267658249332686,0.17940475098941214,0.13729431496247477,-0.17024269406713954,0.1468719498336296,0.039976765972687005,0.03259918986888549,0.21479672652088566,0.15072304189147034,0.038926754518637446,0.21172860210173225,0.14594534086502603,0.036320776287085015,-0.11269144775669858,0.20339818298544163,0.19014698565249305,0.13948820372053544,-0.2051727656303694,0.007725869282007125,0.023162842422216227,0.029346300573422333,-0.016563258983347925,0.02572033147629471,0.024298595166783107,0.02050868820650725,-0.1446986062428988,-0.0013321716841176883,-0.006804562385778012,-0.012444962734884189,-0.001339159747797912,0.007964570864732092,0.012655081723813154,0.017123069092443703,-0.3280413811308422,-0.23847047636193003,-0.02843357867708159,0.25243611317149944,0.0076301037070886715,0.02512116932097373,0.0030126091558108988,0.11620989245007429,0.031135277675037442,0.2864938127976341,-0.029710615837631123,0.22597660226444244,0.025128706815238763,0.0239944047934289,0.13806243711490945,0.018384682585876937,-0.007790478685446216,-0.23833894510871487,-0.17690844279660328,-0.02188971070450243,-0.03238567983603276,-0.1779037298416385,0.14746816112964153,0.03177254439926053,0.030790758566811297,-0.1933423120450464,-0.02339778224755032,-0.10291421648221154,0.010895217549240043,0.01626389185106889,-0.1411642246099032,-0.22873188088220237,-0.03577818859353261,-0.12354300534433904,-0.017262028084969485,-0.025366239700174476,-0.002472854439815993,0.25146141768906455,-0.008593782576245294,0.3577987316426619,0.35962919595715714,0.3569258885279564,-0.008716490153130285,0.006692897250715965,0.008388475700201996,0.22954290428876228,0.01553146795669112,0.417360631310062,-0.009132590316929343,-0.0018649017690382436,0.013491087036095147,0.1379310966242848,0.03185221548742667,0.20075662806709318,-0.2177790667971374,0.01520930072514732,0.008776520013448941,0.02271670900953003
"FACIAL PALSY, CONGENITAL, WITH PTOSIS AND VELOPHARYNGEAL DYSFUNCTION; FPVEPD",-0.005306264966580283,-0.135815670103955,-0.033309973187345236,0.0001571279496373061,0.013783512222941552,0.01025058627617257,0.031145071074810227,0.33234046781037924,0.023812706858568063,-0.023628582264773518,0.025428200944375243,0.03569691834214555,-0.024297146161968427,-0.03886986837782489,0.015610708653442915,0.022643584114309428,0.02345600534163387,-0.2544774572365774,-0.04095524971423628,-0.0008381925449914181,0.02694908745514233,0.01941233040965567,0.007056919135850769,0.01268988741785255,0.016815116616921717,-0.011517454846619615,-0.02286450373905032,-0.02093654440190118,-0.018122409619423418,-0.04024997338958644,0.013928245403909396,0.03673110282710824,0.03555449798335256,-0.01608949100080934,-0.01269440332193326,-0.011826868958481486,-0.010547870207184482,-0.029483458044758555,-0.005734224611128003,-0.009383359889507795,-0.012000047790305883,0.0030892030604013966,0.0011516737895478875,-0.0005324136745008284,0.0005526458194695704,-0.0017054545944065304,-0.004521616796212983,-0.01312018959842558,-0.0027503805765073733,-0.003036303083282509,-0.003194776999327155,-0.04246721322376655,-0.021166133843486083,-0.018153572120723164,-0.007400298477464419,-0.00029118541700228514,-0.017348846719332504,-0.029171490550133516,-0.03712918671176465,-0.02108006258476369,0.003880207337466135,0.0029510387410832204,0.0017107722682612799,0.00024046138694487369,-0.0020718944372346434,-0.0020594149409370387,-0.0019041561343558205,-0.26254698445311114,-0.14538715735652724,0.02096144606258726,-0.13709363704020633,-0.02571909676040341,0.013388637033109944,-0.03997903038403108,-0.15090372206699804,-0.15645970239940765,0.4189389881788739,-0.31741581661146806,0.026416675688258364,0.01351326793439752,-0.01874620250481852,0.02413400598868807,0.03348374973201966,-0.15484523536336073,-0.20873878569106502,-0.15108868873281434,0.01454539457265672,0.130326589880387,-0.17387910366960183,0.010190304271823743,0.020201476075453514,0.0052474504598680255,-0.14146502845232364,0.0006444499325830236,0.15232188025393414,0.015754677619346073,-0.041334303647235414,0.020618210656992514,-0.03522211354216015,0.03021039952089066,0.02263946554647514,0.030911831222252634,0.002286573852768795,-0.02153792003064198,0.03718095838231193,-0.017856161485054322,0.3194537779533845,0.3229831271524328,0.32269913346731904,-0.039235467936869765,-0.028814374203237975,-0.03919917816560173,0.004667934857229039,0.04809950425088694,0.26906581785682243,-0.028258840907411466,-0.03953548949265778,-0.035448469522240025,0.022162255000575958,-0.023925975000741076,0.14753950022128162,-0.03510777979063136,0.009840813243558809,0.012395572159054107,0.008762931567972624
FBXW7,0.005136714850058355,0.03262102207915511,-0.04396580911044998,-0.023464296016467295,-0.16491099683043609,-0.02444026333281958,-0.1581809119346687,0.18245267752826944,-0.3026938867523604,-0.030805914856275478,-2.948681580146261e-05,0.36335373874762766,-0.033254472792145176,-0.23021514255406553,0.014219497671842048,0.013472166448600668,0.008810370877472247,0.04008937325170985,-0.17863466557220273,0.015446187505560273,0.1585125856846143,0.01579798869359802,-0.02245113318496459,-0.02139558123000643,-0.017583337369574403,-0.0306738383543366,-0.032472678508942414,-0.03269194909776127,-0.032124117051718616,-0.04767782586163334,0.23605942729790236,0.3393164795459022,0.25198005508536886,-0.1278422327556594,0.04223994742178545,0.04234816487129647,0.04152697062065178,-0.034453904007279226,0.04091883439752874,0.04025283804089046,0.03734705823784163,0.03857474301582993,0.03885103371938141,0.037956776336154956,0.03919397055876706,0.03931349517661233,0.037780413564051055,-0.03245191176319719,0.041383173744811416,0.041473261970868903,0.04088786497109136,-0.13726898674623453,0.022580016129728295,0.027173551828122297,0.02032742130970618,-0.0375968060443436,0.013401211588582996,0.016165622502660713,0.017503011727409094,-0.11217140478257713,0.06767105425247884,0.059950621734149785,0.046272412317918336,0.00028310227657488894,-0.016872306345023354,-0.01303561972812451,-0.0024533436235857895,-0.24660376883387147,-0.23616919738876316,-0.0015682071401843523,0.3618199823349683,0.01931510809842189,0.3630340269723028,0.03691305280755602,0.3376000405814208,0.31759899277064346,0.04761806579573411,0.01791863947593509,0.03171826979475987,0.3628304836853978,0.2658119619250584,0.04520301809979014,-0.008093661656141997,0.007823908223458324,-0.3239740208177176,-0.30480712226897944,-0.27042224376403806,-0.3358177235415555,-0.13212301198294504,0.01838027034296455,0.16641821400270507,0.1627354703123481,-0.14075764033545504,-0.014127773465766285,-0.2220285344395547,-0.012671697073742258,0.012703311258256083,-0.01466457679158242,-0.15340582720294202,-0.005629754724090713,-0.00962775055023485,0.008901180284417061,-0.014552273613836944,-0.03412430538997232,0.27165605654502595,-0.029105422643153418,0.3076556959476671,0.31373274208845836,0.31544817930136465,-0.040202716501841054,-0.0034266892946213465,0.1889090034644832,0.0338673134984971,0.02146594368614424,0.30167455458177334,-0.2642112134323606,-0.014173078608592066,-0.01512057626728683,0.0061892806377940755,0.18202726408376813,0.2506598321338851,-0.22545685391085674,0.01815659462974613,0.01722747567967291,0.12534841097007018
FG syndrome,0.011426290170639938,0.026804502319756514,-0.03517385127704503,-0.015540965522566563,-0.16402959099666284,-0.034113566968169036,0.017054868739816712,0.21424749214404445,-0.019992115852051427,-0.024034981849773193,0.03400678298649572,0.03561014288694617,-0.010968468953315925,-0.0266621631109723,0.0019330693827250966,0.010997359924129027,0.01657895156604181,0.2012943583600817,-0.13388877187761583,0.0014536377203917933,-0.0005021365141730223,-0.001987467358143101,0.002981017192258952,0.005339584175422045,0.007337207211934545,-0.01705612226705609,0.023949752806887686,0.02563770101758292,0.02597484890124409,-0.039538899584883325,0.03478112429924895,0.17540914800814308,0.04249197575464812,0.0126074208652846,-0.00631536829721988,-0.006974753337949923,-0.007204515072234419,-0.0008913041860143221,-0.018687288677800614,-0.017339270223137585,-0.01527607082746748,-0.02055847650276198,-0.019443021910957172,-0.018179191026088667,-0.021389911621045372,-0.020601525052734396,-0.019458635602890146,0.019430943337725312,-0.012045117883202576,-0.012231841290634003,-0.011578585165853597,-0.030657635262658578,0.024723571289274427,0.0279134940734477,0.020061577996790113,-0.021431740960308525,-0.044411767147472955,-0.048870493461273826,-0.04996794735294545,-0.017345935077850424,0.048229873925555444,0.011475473863850082,0.006408299288656093,0.001714708789461799,-0.02771992242159088,-0.007230875837288033,-0.004853161284565763,0.00916656407161094,-0.03708188191554733,0.0053303098895983855,0.051147758812140065,0.16495217999608047,0.039354031019999805,0.03905146977819074,0.30126926796232567,0.2895223077049504,0.015015068313044425,-0.021614884283001845,0.028903288082719237,0.03990009316127355,0.35085824033829316,0.32176305082770806,0.021195160922033038,-0.00017583103717130118,-0.020630300974917623,-0.011223015063325086,-0.026520232490395534,-0.19161775476588483,-0.030879058289085277,0.008069990775089216,-0.024563365544259825,-0.03098485701678167,-0.027049183628904985,-0.011317485508607318,-0.20888143251466074,-0.014071116766663953,0.16349669535243302,-0.036372909450587985,-0.20395398297662598,-0.029879972345909236,-0.034252833273732186,-0.02400878035173834,-0.040076633819127,0.007395719125070765,0.14151386102017086,-0.0033257134956665804,0.023491634508330014,0.021208873772617907,0.018910698737638246,0.013281243344976434,-0.03883371748612599,0.2261737321334817,-0.010812397619308729,0.03179125924213928,-0.005909508132127739,-0.006995006895323669,0.03448037662737262,-0.006978830587196634,0.029256638474040333,0.286301706862224,0.32053497515963714,-0.27362536101199586,-0.019612422413595298,-0.01986485897069695,-0.027715717883919484
FLOATING-HARBOR SYNDROME; FLHS,-0.32617474685926623,-0.19406206493664657,-0.10756264027866427,-0.01961769619280631,-0.029287380183412738,-0.0051736900655872785,-0.020238741462252633,0.255822859975573,-0.4771032031599327,0.26597806832120924,-0.28303354856370416,0.22658990846695148,-0.009859481432073948,-0.17530399686039347,-0.16727605146417404,-0.1918909233775948,-0.1647449631971093,-0.16642147734647342,-0.18175721563034256,0.003666380248106433,0.18330293164110564,0.08448978549879571,0.019902150489702976,0.016643391035599253,0.011750333403439395,-0.004500530197171523,-0.23153604818529638,-0.22579373040019904,-0.21421323169419795,-0.1784200845784376,0.004769169016230378,0.019531718189864624,0.02216889360486273,-0.07462734878805191,0.16957706183713123,0.18059151876790522,0.18703817072046577,-0.01743240340778475,0.12464478493626857,0.12585481972127263,0.11985685209243971,0.11712888573663267,0.11409894525904114,0.033554347561692496,0.11542501001720916,0.034684787594997886,0.03191079682771998,-0.007484459291176461,0.13200003376107708,0.13474338717053422,0.17041073848958688,-0.173014326425594,0.09028418664982928,0.17208347360825818,0.1694177925351437,-0.0045846895113475445,0.02296968305949325,0.027880846844706802,0.09602851289874728,-0.053338518452402645,-0.006562828676271464,-0.007043208942137039,-0.006694795594406646,-0.04307002218270863,0.00960241254892589,0.009457728601684092,0.00864323823835479,-0.003940071149191684,-0.21467476013734915,0.010764597762984426,0.393688730501577,-0.11990652496748261,0.44537699191367336,-0.008230238011174944,0.008123507485887907,0.004916606274771918,0.032105055176581576,-0.0001677664559374581,0.13359871875262105,0.44387221974173446,-0.21280353798155216,-0.01201905178562935,0.003961391152976341,0.003730356222347744,-0.1506290390975883,-0.08873423915460305,-0.18870163264799394,-0.08913945795488283,-0.16709203248761378,0.007943688906753186,-0.2137154559037144,-0.22937938330544647,-0.15020527700273714,-0.014127310739584387,-0.023327112711013273,0.00466077746670494,0.14784406792340635,-0.4010497047497853,-0.3039118079087486,-0.395767999233665,-0.3948294668694902,-0.3332749086365903,-0.32597946700271924,0.15468456237923997,0.03228384188980036,-0.17412415014681165,-0.019867609697037915,-0.01937483360784562,-0.01843439221663813,0.01686959695205785,0.28017446432535514,-0.005925849700569505,0.3734327818577479,-0.25751547254357837,0.3352812076522443,0.0079093170530364,0.001638690893307686,0.2874607882209822,0.19901473062369635,0.00595458358315459,-0.003637697815207337,-0.408460924159701,-0.2883330209830329,-0.29632284999017966,-0.2713977632908643
FOCAL DERMAL HYPOPLASIA; FDH,-0.012264200835905978,0.015962185967961524,-0.02645909924390751,0.00914833651521231,0.011893683956434748,0.0006898427680585939,0.01893641768695497,0.1768997125734556,-0.03959744854208189,-0.009404569511705884,0.014475182191475287,0.02162939762975915,0.022016241977378018,0.028022132812920864,-0.022521765738797345,-0.006029252972416342,0.008115025633080614,-0.009975978096958842,-0.0008412158656052386,0.01543296740072931,0.01446933660746673,-0.005335503389702131,0.008354742902267452,0.005116881758592841,0.001801833904699242,0.26427419541852926,0.026692492715125464,0.02845147588898693,0.029406609076703588,0.017183857962686677,0.019554370195934596,0.022861432810609924,0.009484548768227576,0.15416135405858986,-0.03833581955180596,-0.038393771942560266,-0.03684191810716105,0.08126337454263138,-0.046047591254512486,-0.04479102941105909,-0.04117526692587324,-0.16046543269806957,-0.15541575178770559,-0.14573182456470865,-0.05097359317884867,-0.15936042407756054,-0.14922912860041698,0.25545664761714143,-0.0440487010071017,-0.04306153248209976,-0.04129190005637262,0.017652537427143913,0.021780803487700545,0.015113187102411232,0.0011920933248291152,0.06170410038889686,-0.04992873097802014,-0.16610710204514648,-0.048152095644225186,0.07363833472285726,0.0125202508360529,0.016282078807080054,0.01789960198338314,-0.06782092660511553,-0.047978618889725204,-0.0460573177902217,-0.03930428359770187,-0.004006240678998993,0.009801539924192023,-0.003690076374805085,0.030854322844748136,-0.014281699699683964,0.04496979886366774,-0.02831288181995587,0.009671171001821367,0.0023852488830506326,0.020527871062477582,0.009896899178612962,0.04412157619474556,0.044997670349452276,0.03777409120375826,0.02537637840567262,-0.010230503236781539,-0.0004256665426762965,0.007013762866629461,0.02713421058122971,-0.019750783625216123,-0.010905437955158163,0.003551614272565941,0.0009962290292941007,-0.006156091935590396,-0.01805549749868996,0.004074831816820484,0.011124125820712908,-0.010262170968819515,-0.01562283951479055,0.007890137954700874,-0.016053052045590335,-0.04546660780292249,-0.00701607003516133,-0.015115451518820473,-0.012392199653263656,-0.013711235275379445,0.02104229295094627,0.0010866791381567125,0.014283798959140405,0.0230835996109066,0.02314358983403912,0.02179365881980643,-0.0010080994419745676,-0.014982435784358544,0.006657081602162215,-0.004721700814795084,0.010741863545290185,0.014902099033011134,0.0009425023690997315,0.003452033785531296,-0.0044713046510295625,0.02268269408151056,0.035238319335863855,0.017744849516817124,-0.30006192993153097,-0.008127477234876845,-0.007873702254753112,-0.014400563928491187
FONTAINE PROGEROID SYNDROME; FPS,0.03440928280828755,0.037944709693459,-0.005056035683392492,0.0027179875910596555,-0.004264727776327163,-0.00802029743960385,-0.003383947743912063,0.1776619090123266,-0.028605993872214148,-0.18156033384947315,0.19396187485959393,0.006909303162597232,0.03507177149576196,0.01579859148104946,0.00020513332534655767,0.01223224802135623,0.01978929477721712,-0.0031720756204046117,-0.01197193530430852,0.02082505883061022,0.042820106524423654,0.004988862208565983,0.004005966267767581,-0.002015382458038361,-0.008237288331410655,-0.0029975037606060325,0.18093851897338453,0.23996748790800365,0.2477740788655769,-0.016338327429390866,0.01914774993241082,0.025389720086442098,0.01331462335278772,0.010072085748565862,-0.01599961466027813,-0.017476340968913512,-0.018756734343753266,0.0011322085164813477,0.004908118010921115,0.004184462150455794,0.0033703733079332556,-0.021834655090914423,-0.01801679963754056,-0.014007052804935437,-0.019923483283471283,-0.015683521640419758,-0.011564558709505915,0.02470036542899902,-0.020472532511786774,-0.019277156297574483,-0.018374421268385573,-0.004307932068257347,-0.009141595420198888,-0.017190205710176418,-0.017514902697848538,0.005314680972496208,-0.04281404929733546,-0.04669303484913513,-0.047633310176619426,0.005073948314427097,0.00924544424735141,0.00902640648166205,0.008052193320114797,0.00861244858806968,-0.0023429682735474806,-0.002779754985368321,-0.0029206299711251,0.04410969665495562,-0.008454189180688477,0.02332207680436654,0.03426457384635611,-0.01887172382296448,0.03216005064634445,-0.17854728338017314,0.04941609275701757,0.028343040680229133,-0.009742066783307043,0.1745916423738225,0.017583945191062763,0.032232415974882044,0.00575298231026985,-0.028380078496504032,-0.03303419074991041,0.018044226241540316,0.029987779076251372,0.12553255823935303,-0.05251820189442798,-0.04594791123553362,-0.006571800981110668,-0.028194517052185005,0.0034515262883793537,-0.0010559272557212418,-0.007455759753881644,0.00988377150932767,0.01060548424357377,-0.005020806143299506,-0.0125757408988014,0.016949874832735565,0.0030432218939560472,0.023537450379104218,0.017761882387253024,0.026205295764127737,0.014457536320951493,-0.027293840965593855,0.00735667206124839,0.02761257224157608,-0.011176425627266291,-0.012533005997161638,-0.013535858504901539,-0.042693999341169867,-0.20024932585120886,-0.016117510051518475,-0.21089135702645556,0.038095270471304815,-0.2384899903808161,-0.024226285141794757,-0.027577828731125617,-0.21458397502342558,-0.033757454228280526,-0.0068811720879729255,0.3675133117871382,-0.029455074758906755,-0.016105064505526668,-0.012332938459926978,-0.00566871242936475
FRA10AC1,0.01841877300849462,0.00832882982591465,-0.0032747032098090515,-0.041703500462145715,-0.01899811543975445,0.02125490711226475,-0.04874025003605373,-0.020839689254132307,-0.03965594665161946,-0.030807423836024802,0.0020908571864917598,0.21378599874023374,0.20701650632531934,-0.03359660218288739,0.03767641935012061,0.03307305810721535,0.019302082278579456,0.2746392018550222,0.005196991876636718,-0.02582207912336887,0.18417671413332373,0.18970772283565596,-0.00796447085277039,-0.0020377732398431936,0.0029768017200159113,-0.02804348100922573,0.039234081498561967,0.04245154835877098,0.04478992570941167,0.012755069387292825,0.03319364275874428,0.3155788423484215,0.3234096739071655,0.012306599234838898,-0.02382809850736405,-0.019584932034855247,-0.015383110437423145,-0.006060424214171538,-0.024039739564226257,-0.032602536530042255,-0.037293142933901575,-0.03451636542155098,-0.03811157436322624,-0.04050363184537752,-0.03355366120555621,-0.038367326915211684,-0.041262809873685295,0.009470035494821455,-0.029289348144658604,-0.029220703463609745,-0.027357776383525354,0.008050152866468456,0.003615542660883573,0.035942298925273765,0.050866535618936934,0.028445785232524855,-0.01581778944862926,-0.03169337553232216,-0.04310802920732536,0.0005781974878921774,0.1415987689230838,0.14794366540937423,0.14362325538766407,0.006876089125628303,-0.10706686163237697,-0.12186948224040506,-0.13115089738240018,-0.2792652124100468,0.004639350404479868,-0.05494661157079749,0.18590257306610955,0.0024622588628884488,0.02058209969843437,0.1955466379609804,0.2052886599930256,0.21131032493178545,0.0014773339484595457,-0.011376135170268399,0.018635395555602775,0.019996674613208937,0.2642073836106836,0.20920637660200816,-0.005695645019038165,-0.016660770841984984,0.0024230738099046494,0.00850713144871749,-0.27465538835989567,-0.22677999079295624,-0.020504947730811147,0.018491629110897682,0.2816838863830609,0.28114233664636623,0.031057288490281044,-0.16843103485125266,-0.28447976093807836,0.01893139974806861,0.0010884578109049247,0.045967138724260864,-0.017579001313462347,0.16470891920214306,0.16108290959609256,0.04826401858121908,0.1620802347696131,-0.023028451359072062,-0.0011280339879476168,-0.0061173426290821965,0.3143049729243634,0.3181743358668699,0.3182221145434424,0.003509684231216802,-0.002116699979879286,0.28722830819329775,0.03579294446686357,0.03397302429599868,0.22008116701150401,-0.017725855784273457,0.034187127627627975,0.016303459421515964,0.046484548542164,0.19977650469885763,-0.002200190339568581,0.020121290427760927,0.2833495893451651,0.2777769099251532,0.2853964500111271
FRAGILE X SYNDROME; FXS,-0.029459163690502846,-0.02973476903909453,-0.03585915214556619,-0.03340538155386703,-0.017749032708340936,0.017801499993986825,-0.11360980007152706,0.037741262904551015,-0.007742374005164692,0.015927918008415417,-0.004118536667751565,0.229900186270963,0.0015922862988621803,-0.032538951088059966,0.11043677564643335,0.03044580195023795,0.01707505554222122,0.026871528873147452,-0.030794304691110722,-0.014012507867564854,0.20513889313366412,0.19329706092061855,-0.021828500568307888,-0.020005256383421523,-0.015838340207596956,-0.024530738707673437,-0.010296554097667039,-0.007381361718536586,-0.004612916809809432,-0.0220664966456305,0.02489078222971524,0.3035106298214091,0.3230334776791849,-0.009688133336396568,0.006487342236134265,0.010332345998712609,0.014222261730351387,-0.023167599123132647,0.008842541394161449,0.0007979801784860544,-0.00593634599141535,0.008124463080937545,0.003223017088953604,-0.0008138050183476989,0.007472812800896507,0.001535790901604128,-0.0034646429196173805,-0.00505106216506276,0.008055973450730891,0.008515828018048663,0.008520779388659968,-0.02907382268487125,0.0025221232623164748,0.02578663216482674,0.12453551184230896,-0.004324461902847778,0.0020828968138634396,-0.0017073907691232044,-0.00595011777026974,-0.021500595193092976,0.007435820946084329,0.002023910044524358,-0.0025462294631376325,0.004474137934845513,-0.002731810539790487,0.00035918682221412643,0.004388171101478693,-0.3664458192272557,-0.12164841033356098,-0.026284275120002164,0.02786245100382889,0.030261106861399954,0.03972346285089668,0.017254804562542372,0.16003270100935837,0.147510669087781,0.013048321953759738,-0.019464727073374172,0.21179397845628517,0.040135289922476336,-0.00855547907442472,0.014839909389910012,-0.013474849225329882,-0.031921394986157765,-0.22599707396309177,-0.13412148203924248,-0.015511250736033651,-0.037677648943242735,-0.018189074426681707,-0.018584515484197775,0.004743157007741181,0.00401093668435656,-0.02563740846786608,-0.03597986609347336,-0.04283401276356518,0.019419446491338126,0.158982168709088,-0.034746363299452125,-0.007680357786528735,-0.027760942830201425,-0.032055921077305,-0.030775060115149317,-0.03198068027022098,0.16487930956990993,0.1781732263242268,-0.016629763269789377,0.25018294200110314,0.2597915664727017,0.26566820686079906,0.03473451581210046,0.0018331920900959097,0.032765751631560695,0.0019504227677206295,0.014327939710585455,0.3959210456978165,0.03246036124067143,0.04075505190814637,0.021363252553948952,0.269471362731363,0.01484390967003348,0.02955788462158786,-0.2161260470167863,-0.0036702344497946187,-0.01046455249525985,-0.0016645239231239423
FRANK-TER HAAR SYNDROME; FTHS,0.027499488045315403,0.0319943508071767,-0.029614258472829964,-0.029440080571212723,-0.21484865834710404,-0.024016537656820616,0.002979485252133327,0.2540083999905852,0.006920956329060961,-0.17244755753591218,0.19485564410507847,-0.03296070335330613,-0.02052501941258158,-0.1656026887131312,-0.03310050335647196,-0.03848675541739144,-0.03441291161305105,0.0439572210560869,-0.03744821337106952,-0.022269773700100196,-0.17840958945313093,-0.019239617053460726,0.011539224458506307,0.008427973588647246,0.005291919523853785,-0.007100807982921092,0.01660775920249903,0.017290176108011146,0.018278483735235575,-0.036853951071952086,-0.007281291124720113,-0.010864792064955815,-0.007389685278494077,-0.027140457871123486,-0.0010175156605560193,-0.001655611084601264,-0.0023027478987881684,-0.01776809137606849,0.00606375042406694,0.004601066767131549,0.0033982849724236526,-0.010505527701646583,-0.011062158393930403,-0.01040840168471282,-0.009949794557723277,-0.010114120867057564,-0.010180291066167106,-0.0051613287908254075,-0.005270985730791014,-0.00545248868186841,-0.005627096188610638,-0.026946901031098158,0.023635012929623427,0.026661633884701736,0.019158618053325745,-0.034755792957607896,-0.050637832751430446,-0.04886466421055889,-0.0435312518952676,-0.01839734414668516,-0.015375980628083886,-0.019778178170361548,-0.022173150508236532,-0.00032811040826379517,0.015495831920615943,0.02020893938052832,0.02424299260455558,0.2446988902817805,-0.04123980511373724,0.03247456205075852,0.01690496722294818,0.1716391720124316,0.04647748283562022,0.02602896977292036,0.18862761359921612,0.17744541701647176,0.0025458233168461153,-0.0034473275330343645,0.03347909778220152,0.0464943006373764,0.2968672283456302,0.28033705532241077,-0.0007704323496035097,-0.0038479614186733143,0.029499538218336424,0.042481724466316026,0.00221312781436159,-0.034262701387232385,-0.022113103278033074,0.00766309450979267,-0.013644131005071511,-0.015167549280066125,-0.03508738232628308,-0.015081004004749356,-0.048640799272217206,-0.005069124825658854,0.03013156854123225,0.011799814910500283,-0.001611296519219135,0.01331452265760781,0.010620604807885606,0.014253099803744326,-0.01838019289521361,0.0002480441901703534,0.04008716898248404,0.00720323258326373,-0.020946846692463477,-0.01668633833322303,-0.012302960360106696,-0.004919475790368062,-0.20253727247226316,0.05069270085963379,-0.17881669321900828,0.039335918782065264,-0.2858913363474551,-0.028954187133549986,0.0056120248766036,-0.049706733279120466,-0.0018334084476335584,0.2572926431495799,0.18932322147438505,-0.02494852573061708,-0.017395706970468477,-0.00454761558242656,-0.010865480908752114
"Facial paresis, hereditary congenital",0.012047384592467904,-0.047045813245416346,-0.02612868321526489,-0.014129380343966384,-0.21555038715040417,-0.041824133669162336,-0.18994733690814333,0.018641747670690843,-0.02510912854654007,-0.00782796246271176,-0.007242976494316922,0.03837353323981484,-0.007261122587838424,-0.022055786104582434,-0.040273546084949687,-0.04026550292565464,-0.0293399813989321,0.012779274179222665,-0.04427496904951066,-0.0058560350292762705,-0.04235462542455636,-0.024100778828194457,-0.02878248367667765,-0.03626310783667455,-0.03899110533564102,-0.005829500089737967,-0.1844003418530093,-0.1828449644921956,-0.18007830926259202,-0.043324622411016374,0.010033420031572267,0.01040568592515549,0.00419460995852993,-0.034186839948693634,0.05170942231926028,0.050611759103520254,0.048935065290712405,-0.01303141471779234,0.006020482565431019,0.008103040114180962,0.00951240419714166,0.021378483941677677,0.02192993584406422,0.02118855969537959,0.01847664722062954,0.020247999490362368,0.020383620345456176,-0.02528839776705274,0.041021536734240256,0.03980364824876511,0.03808884828399273,-0.03916731042072199,0.21042443242801365,0.280406856569378,0.1893543967231064,-0.011127625038563788,0.008049984372506468,0.019294067232618672,0.028429879508563315,-0.01879686205491798,0.011017040693408756,0.010258002601601526,0.00802720429895599,-0.000101284555602552,-0.009421674386225327,-0.007835537816313198,-0.005822478785717797,-0.0032066135574391748,-0.034333110053556194,-0.011563739565366176,0.16242710164317978,0.022410778725899732,0.29510024712491395,0.17711466837555864,0.19516376162325208,0.19958066527969434,0.027791203367901907,-0.03552537024415877,0.017102799064397628,0.29425120001185207,0.02529804886168822,0.2127318493152978,0.02830371688166765,-0.004593243760344278,-0.030928741415579747,-0.026828535830348874,-0.16393700412125814,-0.1992060328840244,-0.014027455159587,-0.0036940445496596672,0.025332080626330612,0.025105876198770853,-0.03214883935279535,-0.004070699900618364,-0.19021463050665277,-0.023298177803256916,0.008986262413736443,0.0005593738902331144,-0.0071729863344887936,0.006823452281876626,0.0021599752208956925,0.0010199674671320616,-0.0051212452732557765,0.01608986178778845,0.031917293063398265,-0.030715334382493503,0.02088098249096141,0.022259642876688607,0.023216115543174216,0.0236627033022664,0.005476794552608247,0.21383149155590228,0.015589939906776396,-0.0049888245114020225,-0.0020066185303741846,0.0006257702763642515,0.04220573522153286,0.025183889044062793,0.02407087041820164,0.27700004136093015,0.015182179234325837,-0.030607444564654033,0.009345672638734412,0.004153200923654014,0.016651678651074222
Facioscapulohumeral muscular dystrophy,0.0026627834577803476,-0.03212241409147552,-0.026382290772901152,-0.03515130744003049,-0.03220403394854839,0.009304405750757206,-0.009367576439961927,0.14221940721914164,0.03706638745461248,-0.002487953145508505,0.0170504317614709,0.21647267157451047,-0.016783382452986426,-0.023257757691737786,0.15109904140033256,0.04330480615872993,0.027658895537147083,0.16634931308049758,-0.03320866410394383,-0.030836073853289053,-0.028261633657491902,0.012709805527859773,-0.024584810996733052,-0.012872699112833614,-0.0017230261596723477,0.006622903438438183,-0.01788924038367298,-0.02205653152413558,-0.02583078169961208,-0.13910486322151272,0.1350582613333344,0.271507722214665,0.2550306338017321,-0.019898193808273477,0.024934000085528516,0.030059792892447104,0.034082354003159676,-0.02455912927933427,-0.00083339785152779,-0.002058459634538781,-0.003318680565843499,0.009901814539296644,0.008828746767642103,0.007569828547171387,0.008795854768971993,0.007286388419112494,0.005403212854568328,-0.013120745902788984,0.019515716724232163,0.02200475598374907,0.02407524468267108,-0.03931085915345757,0.03595139638005486,0.16833008403364175,0.17046307346379933,0.003685661493077497,-0.0056366775717800605,-0.01662513506075454,-0.02574697012902864,-0.01659100883870339,-0.0035611917679536998,-0.004184084647352892,-0.004459494083991203,0.0002475169026988592,0.006518655528698669,0.0068377311151891235,0.006629361987490865,-0.3249722764919421,-0.1355454442233119,-0.028991746746260944,-0.02865356894144221,0.019039100456263586,-0.0022132952165289403,0.03254478966725279,-0.0051972932243483086,0.0015511397722975657,0.18437098514938605,-0.2291128846156278,0.0033847671224125422,-0.002345681204632848,0.1670582472984685,0.29262990041289716,0.03129275355921141,-0.027124968716755755,-0.12440398960464313,-0.12668466354883748,0.02068374391201362,0.008896517992496569,-0.019211354839849308,0.003507252903675155,0.0023130885912125737,0.001505663034287724,-0.03392052393530015,-0.027588559409261262,-0.15800928899143143,0.007247086725675076,0.1652563178593347,-0.022199858239083662,-0.017481996804326286,-0.015615458249510926,-0.018481235607351928,-0.023217399809838894,-0.01553189244496016,0.15171901416519745,0.14328623137113233,-0.006563003067481094,0.32270829805950335,0.3257585269555415,0.3262742195491098,0.1496526153757115,-0.02029667147520389,0.24629019170479016,-0.004306840406380707,0.15717187398994162,0.330207986254691,0.03958699857294285,0.23764902931998133,0.019257300573537136,0.2684844587417343,0.2563525063799644,0.24393305301807416,-0.028079175533156232,0.005160968167337477,-0.0006854071520179273,0.00047652395553535697
Focal facial dermal dysplasia,0.008953711100578332,-0.009617051900651276,-0.0318709560496044,0.0004375035435560648,-0.027636410195984135,-0.026256395887333122,0.006870191785528527,0.048446894443207905,-0.0013918340815502316,-0.025290139804131886,0.01995189080327363,0.031730785743015036,-0.025675207524804993,-0.002702556035111599,-0.004217099385285947,0.006198146531664407,0.015889538271007683,0.031259711695137256,-0.024274343519886683,0.007217289732454735,-0.007556270390252129,-0.01700058028222055,-0.16146606857251075,-0.23507630884705982,-0.24561457133402737,0.019255631528357187,0.006733714428321765,0.011999579568643752,0.016470016588746795,-0.015484142350290156,0.011183581435587649,0.0007101177967787885,-0.012606163326695476,0.023943294112482957,-0.03597359006436035,-0.039848667039448775,-0.04190347517684575,0.010717445055258085,-0.1613419475445353,-0.16198748862962065,-0.15420564849845056,-0.04226080337847258,-0.04398484178721337,-0.04476740948447782,-0.045498804572094854,-0.046478959507052074,-0.04585879198322149,0.027336451478637093,-0.038029843293581576,-0.04128883702523757,-0.043301325507025874,-0.028408521820013577,0.003979681559629931,-0.0023018531683220884,-0.009382929636700399,-0.006847673008259793,-0.03081674787463655,-0.027528562136235533,-0.021630708407384566,0.03090303857145266,0.16561708060723965,0.22049511924329415,0.24733610202548528,-0.03951512927073375,-0.15703363636311157,-0.2051243534064018,-0.23917483001405948,0.018591292368541974,-0.032608253445097345,-0.0037635747743822406,0.021283925043744004,0.13914962326554361,0.2386789462594088,0.015495770833036503,0.04284506288045879,0.0398152632040952,0.047871085156845954,-0.04026738245351723,0.027746475878201612,0.2384148834269162,0.007642655397156347,0.023100049989544236,0.01571185932996066,-0.022845478115700205,-0.013475791261454982,-0.006407656805024673,0.0034688428851944015,-0.021302803261857167,-0.025940627386732234,0.04404690687477694,0.02361170607292554,0.014412630951842668,-0.0184406011999015,0.008583435826443185,-0.01807920978308656,-0.015632304527354517,-0.007227197171283779,0.014986787835173813,-0.13508199622681002,0.024538553929722307,0.017744852963315415,0.021689841425806912,0.0019315756178424654,-0.0051175905619178065,0.033812460962136026,-0.019244322660027634,0.009690613628035607,0.012857180228167765,0.01615139024362154,-0.006872004691521979,-0.022436590135176907,0.03473440357430557,-0.011389206903399866,0.010616774058141081,-0.020124206375594735,-0.011305114338158794,0.005364417838342283,-0.018270414583528228,0.0002626353422399991,0.002276457764687463,0.019738410643514906,-0.035349991501933554,0.030236578588578804,0.033618645423779486,0.024774112219394444
Fraser syndrome,0.024443127552712975,0.03816508740550232,-0.0012272265035737453,-0.029357514839048356,0.0033070490038972487,0.03194957266945572,0.0011990309180716732,0.019451601899146673,-0.012107951394842548,-0.014419552853361047,0.004569102076075461,-0.002150469342873148,0.0026065194754253907,0.011547303552648693,0.004114656056192248,-0.010241220266432363,-0.025134706735201122,0.01516355583626215,0.013149440722627198,-0.041771545723914824,-0.011790601490073674,0.02707849045788354,-0.05048120691493239,-0.17462101063080177,-0.1728817400259618,0.03785762252556623,-0.020762440090030965,-0.007882303797518418,0.001188415854032343,0.009510189290253353,-0.04697580016217018,-0.017026768000190196,0.01349587019179042,0.022553002552992165,-0.012518554119317996,-0.008460857781537169,-0.004895898150838245,-0.022325754624599577,0.01512890895663987,0.006663689575782006,-1.271525689035898e-05,0.005215516423755026,-0.0035572486154793804,-0.015504716182827706,0.005108996278105807,-0.004119924324401458,-0.016617278167885392,0.0026599997458702242,-0.003550659825661658,-0.00639484694392449,-0.009390002211074588,0.010047255131908567,-0.03563492236615116,-0.011840968706115493,0.008212331488200804,-0.028461095512091236,-0.005069539253143338,-0.00676360811877023,-0.007654589224845893,-0.008236347782663023,0.01664396675985045,0.014627142874437756,0.010932237272780738,0.0010471237369476625,-0.012266652178428717,-0.010307209906506591,-0.007138143797825099,0.026034175697378616,0.024690864299476454,-0.005666448786554709,0.026823518455318125,0.027080878192374983,0.2852039722014773,-0.007348217005717874,0.043466419388906684,0.03575427802914623,0.007043806758675537,-0.004628051734347202,0.02533282224924389,0.2865840102807539,0.19482626933187097,0.041636832190084,-0.004314670816605835,-0.00915176874685397,-0.01633751093677507,-0.006260010796660667,-0.0029458902424361715,-0.024682874692733905,0.050248891348546314,0.03624480974531677,0.008051132660178767,0.009147227774061916,0.00801999279839345,-0.03856770266172339,-0.01189382405032119,0.03500684167466731,-0.0034119100187676513,0.013828313963740329,0.008265165244404,0.016266542434392232,0.013344336720465302,0.021805950932085857,0.025980554147949725,-0.034135025488251605,-0.0013970678598878756,0.030738956873930245,-0.16362121500463317,-0.04568774921114511,-0.0394766449802869,-0.04319778880199034,-0.006468689665575587,-0.0018999200372692994,-0.20830932558520918,-0.012754024211464376,-0.18526411276849092,-0.0438358574770655,-0.03317875559287074,-0.18525101752585635,-0.1821171209583747,0.026292796729404204,0.021404278391755186,-0.004355396844080895,-0.0065485087497704425,-0.0001462035339882414,0.004898767280664428
Frontometaphyseal dysplasia,0.017843850671131395,-0.020960122407108785,-0.2911608573672328,-0.019331701762529862,-0.04190363177845692,-0.02016514922007537,0.03508027736452382,0.3196130919117454,-0.024351549641705734,-0.021586711820003206,0.014024265198924461,0.038265405683591706,0.02408825099423013,-0.04945016852402243,-0.0036527510359359813,-0.0001992535250629762,0.0031282796593490106,0.02955553385915585,-0.2722070370649338,-0.01784083518647994,-0.04572091692533863,-0.014149218158579047,-0.03517488488081011,-0.031071051388852744,-0.024128173641081968,-0.026293688630814407,-0.005353540717125511,-0.006830510008343772,-0.008301890540251652,-0.2981014060660702,0.002036506520640107,0.006197394421509789,0.00708784587917196,-0.03809098263345141,-0.0010790707293500857,0.001213632387471737,0.003930996282825351,-0.032103231729519975,-0.002172318461261325,-0.0034508902968503406,-0.004630782434724704,-0.0030449469591572556,-0.001700961666754218,-0.000540194884312637,-0.003281275648286268,-0.0024241008618666785,-0.0015674828464772774,-0.016448670557971196,-0.001728567940918207,0.0002893283517649361,0.0024353395576895615,-0.2547062896352619,0.006762733938221867,0.013711955612674367,0.015574845334991367,-0.0031045979081611276,-0.04249410118655638,-0.16585343234859418,-0.17983853853535098,-0.0962687744333772,0.0997878996053179,0.09631318825183448,0.0829535871372899,0.0006772167341704711,-0.045422054448051474,-0.05020521155186169,-0.05196569765348519,0.156261524291534,-0.1575905585859851,0.1867837080466416,0.029462666959362668,-0.0030150093322104314,0.053740832235729855,0.028573983073409977,0.01474995528379377,0.018990096716667362,0.052163649694099506,-0.04943851156833769,0.016525245731987565,0.05368976706818501,0.020196023887729633,0.04556898946282853,0.017046104829523814,-0.029182164187764127,-0.029356258285523552,-0.025018908317565904,-0.023383771940689142,-0.02639894664005933,-0.10690339116715067,0.09967174130381613,0.014831859290462629,0.006386729425667187,-0.24691098940361667,-0.0034703960684459977,-0.007721122116410422,0.0001733519313330163,-0.0012680838970858326,0.008060588985391885,-0.16343797006687955,0.01475098654608385,0.01014984933660037,0.02533820287040664,-0.005305327128727249,-0.027400529456395446,0.2893261816470671,-0.021445211593296785,-0.00341133888050986,-0.0028089276521052337,-0.002184770920246409,-0.016134096294405972,-0.01909604600851999,0.031293725417072135,-0.009161951124935551,0.004840075207896281,-0.007225981366682656,-0.02071721530914123,0.00035977894746886985,-0.026396581107691178,-0.03557898051533557,0.02466449711307088,0.013467915751747942,-0.02977082725655099,0.012862821567392817,0.019652522940737258,0.01226676787709195
GAND SYNDROME; GAND,-0.013198574030178533,0.018333172738051115,-0.020464122135349032,-0.031202978890525163,-0.16749077731042666,-0.012640243842834202,-0.003901335321848948,0.32257474768769606,-0.04118503010802258,-0.009615511655553336,0.004463542900004864,-0.02470932140693047,-0.005624216579369158,-0.04316949809152246,-0.2624728204991982,-0.2875411564251886,-0.19297031570726486,-0.017575001381203947,-0.04707710339474721,-0.02013799355553828,-0.027177687976985845,0.0011475197059022011,0.027077098906302288,0.026655091663003613,0.023764156801350075,-0.003283462390597101,-0.24984607934692893,-0.24621731240044284,-0.18720335970974458,-0.03649112567498317,-0.006106828434864721,-0.0019457807865097883,0.0029274491543536843,-0.029479455632017478,0.02414553780227217,0.023215757108847795,0.02190901874734026,-0.018507251661383874,0.03358216315443274,0.03374584487155505,0.031133660539337152,0.02468920855908541,0.022332110114055934,0.019486528516836105,0.024685966905139918,0.022569378516576456,0.020064020781763323,-0.022499715529515768,0.025376318720406996,0.023639286541359307,0.021532882299358857,-0.03513061425304684,0.00909627010866174,0.014092873322241262,0.012696918845019216,-0.030478658877096197,-0.012135049192734962,-0.01849202980862465,-0.023464009286457383,-0.027766036040985403,-0.0019270953142372694,-0.002683795241956437,-0.00319646196617479,0.0012275330055824154,0.00373863774167104,0.004236029122075653,0.004606417131323573,0.007702862008592936,-0.16574096630924912,0.03377217933407409,0.16654811911555145,0.025034700498899456,0.4236922244863362,-0.003675808830002638,0.23696916564744255,0.15705911568188888,0.04189100700494805,-0.0057122663138998355,0.00397660527166517,0.42529193311929603,0.18758159807216435,0.0493126268546895,0.016369334730656576,0.008869003618308635,-0.04494108595207604,-0.045541579618694095,-0.022045722113129836,-0.13389172508750347,-0.013061230536899976,-0.009525821796555178,-0.022395569882576162,-0.02709573677060804,-0.047054731758883236,-0.014481392450622778,-0.025758027143016123,0.004384463526651135,0.02589608894389548,-0.000617219946179881,-0.008370634331225809,0.0006858093770177883,-0.0015623614164194163,0.00910415416560953,-0.022730183655751864,0.002388043409366343,0.04723261273759666,-0.02524846570465842,-0.013584312938365603,-0.010884595942690452,-0.007867679265497769,-0.011679667456862273,-0.008054810087048812,0.022665600942257662,-0.023589617195120496,-0.002082481104962133,0.00637202251986892,-0.025482398486194796,-0.005253442519278502,-0.02233791841586502,-0.0011673129482893893,0.04514970000888047,0.009050989743057375,-0.036867563126573286,-0.040674666553177766,-0.027309595561326474,-0.028798362762449344
GAPO SYNDROME; GAPOS,0.04625088611889425,0.045608598266286764,-0.17253231551806503,-0.03503753020167535,-0.13305255425711912,-0.005579146997667586,-0.02594558353165101,0.2703164573925185,-0.014844772867509175,-0.3480675935326447,0.3524164953658516,0.20911322925915382,0.0009476493542008085,-0.028954018033096447,0.045066101526997075,0.03460551583858967,0.012750639675929166,0.3419209297019121,-0.13332465671738725,-0.033650179624831765,-0.019088379969225466,0.014389629344017297,-0.02355628110004927,-0.010004441290315127,0.001480810362639088,-0.012853494465522709,0.29469190157606767,0.2893256169739733,0.27992514010750325,-0.1386424625261694,0.027823732145349,0.20729690906250098,0.20514476129750348,-0.002171386738860957,-0.0038526531872536125,0.00021433023053998623,0.004492041809069556,-0.013131666424314091,0.010881231136918627,0.010544010710244694,0.009847497244881036,-0.012776673731499197,-0.01591125619752402,-0.018515825180378604,-0.01015804491730876,-0.01327774262211262,-0.016355307498319368,0.005360801436604873,-0.008723376793633289,-0.006987746489016556,-0.004911971402868684,-0.034854041888109685,0.02276198065303668,0.04273473325641811,0.04604299300467958,0.0027389112226154067,-0.20893328243223186,-0.2256149462923922,-0.28539488435725374,0.0031331222943384073,0.015260912402138359,0.01115493254955674,0.005657220545519451,0.008014845708939287,-0.004672797163774888,-0.0021387413233569597,0.0009194711392972953,0.013932479728375156,-0.14150876971748758,0.026890420515327102,0.048113621025001524,0.21019759870638782,0.031567226949964854,0.030872133554762673,0.31341923318498427,0.23726668399366338,0.06138910580082318,0.00650049508509568,0.013316344350885974,0.031826242290365014,0.3975456366058285,0.26831092538887497,0.0002832128428329284,0.006940678383037566,0.030596446044328908,0.038468754743671056,-0.007193778395912818,-0.17319945348658738,-0.1250457504490425,0.00943204257414979,0.1812691274629132,0.17310539878802586,-0.014161628082045283,-0.038406813888738484,-0.2446206608415892,0.004181445142613673,0.04810156061370567,0.00811306507915208,-0.035637730882402296,0.0187200714794346,0.012408982300198846,0.028588821952629146,0.0017857765196073524,-0.016699288931411146,0.15843381777587137,0.00224423950538135,0.045341737029570145,0.04788535239101621,0.049203198295351795,0.007764140531753366,-0.3659038115390005,0.3422611872140468,-0.3119308406067442,0.3037333994794953,-0.20428128479685076,0.001971183871393034,0.053934237649325784,-0.19450263419066893,0.03829598500354839,0.3515063313142396,0.44600923670019554,-0.03618932960462741,0.04214102819347367,0.04164937847245545,0.16289627808155788
GENITOPATELLAR SYNDROME; GTPTS,0.02498740775886839,-0.02114737793474532,-0.014198896261585013,0.012777953503610901,-0.025176482354129587,-0.03934408793855392,0.02104796811078169,0.32255650677254905,-0.0050283564196066735,-0.16952310631839237,0.2567651949789402,-0.0009965204923419063,0.002064451091071732,-0.01014958466575299,-0.0004334273924165977,0.011902756374838529,0.021520548411648573,0.003987755180745187,-0.021864437759127157,0.008340109287480154,-0.03958222725093197,-0.036290595591063964,-0.008887217565329833,-0.008505119152857708,-0.006980775675343296,-0.009892799389560064,0.24445375107476586,0.1946062721313645,0.18981465987326077,-0.022586766648995168,0.029354389209383686,0.011273461892814543,-0.011829157038434492,-0.006137582396033341,-0.018554369555915603,-0.025674917617990036,-0.030951921367904867,0.005069857513943723,-0.03305902268779017,-0.03439861401092963,-0.034104446035884244,-0.043819217797593124,-0.043098637947619554,-0.04126262121560562,-0.03861087500401125,-0.03763287256965475,-0.03538338705100096,0.011945773711945617,-0.034555291705765795,-0.037375640413277726,-0.03959450662609527,-0.025740782681943526,0.0349394541762638,0.023800894107583504,0.003249258978126684,-0.0006532801762524509,-0.28417628108541054,-0.2868276378849381,-0.26788511727108205,0.07878156552489503,0.012878121685361735,0.041375455859948285,0.21524168374710753,-0.05941188195423186,-0.1576732629291217,-0.18526333583030252,-0.06114753881983245,0.041389257709489494,-0.02274578789388546,0.24247090422811524,-0.00259659383844485,0.005194101980214073,0.02355247294982255,-0.013288693023297844,-0.014043756807286097,-0.014901586103752827,0.1714576484317022,-0.0293707789472331,0.015276306773617042,0.023296993518237098,0.010005252745006053,0.03545591421475208,0.008277979331435339,-0.017433175775104986,0.04026116167133924,0.047167077728426154,0.02423259109869481,0.023880090623494485,-0.017884502173309284,-0.02547780623554436,0.002811764582858735,-0.0037276229825051787,-0.018915768503189212,0.021838689458770634,-0.006120701635993539,-0.02464412123398262,-0.0008410498690183299,0.030283981757674928,-0.004887895560598265,0.033863761809339706,0.030279464016056853,0.043999184424254656,0.02225323758480196,-0.029974137280909696,0.041028810496165385,-0.012085963171294418,0.008213901069194557,0.007543877535791494,0.006955421257210616,-0.023210994905146522,-0.2652825212172521,-0.011978440685798173,-0.25193299524861684,0.14740078886872632,-0.1592096820681727,-0.0013464396055923712,-0.006360743090378868,-0.24341660834596987,-0.007107074340223882,0.028341255579401876,0.2921402985022184,-0.00887749812439441,-0.004305392873187983,0.003631360617514328,-0.00037963587321163464
GERODERMA OSTEODYSPLASTICUM; GO,-0.021904061074255472,-0.03775946465917964,-0.04067367768935298,-0.018626631800660768,-0.03748724811110584,-0.012818237759907175,-0.008183807238291816,0.23909869306606787,-0.17483470542821375,0.017052896028140554,-0.02513475961545831,0.034992547201201644,-0.0033360608733285103,-0.029065453926969628,0.020862193565108968,0.02559438187608455,0.022864271946646725,0.18427196761150777,-0.15961843281582072,0.017316228470181164,0.22181020698958698,0.03493725665317326,0.00646661856906071,0.014691245688675254,0.02120141853590952,-0.0029281338848085336,0.0016635260548667195,0.0025733713596150275,0.0033426465962590616,-0.15782640002115947,0.17054734955147288,0.32346099672657086,0.26923888525216727,-0.03333148147344112,0.2983181758700541,0.29808402387628236,0.2892956619453228,-0.11484740604202433,0.16804913555091777,0.16061314665788567,0.04533934345711788,0.25177959514516474,0.2475069610655355,0.2356838519544383,0.24775976501204966,0.24252122838085477,0.22656880621471684,-0.022952932988131208,0.28733486017268955,0.2828494946381728,0.2792242903230574,-0.04426214386155569,0.16934268397102664,0.19875818563571257,0.16476506365984828,-0.0033270070646163837,0.009078073810163926,0.0037474280140799704,-0.0007666759564775115,-0.025646423383895656,-0.012139939682610673,-0.015455850268038205,-0.017068409200906794,0.00011224172350764667,0.014265725923202719,0.016796793036074717,0.018548073129650143,-0.020203716591627285,-0.16010224449812008,-0.010259269663039559,0.28480527570416786,0.04078925852934028,0.024241396485233616,0.03393771762231023,0.2902038712108462,0.2750468468490778,0.01750593094304218,-0.025178352558287778,0.002241365560294002,0.024501804597413496,0.01320430507396938,0.18291502959663095,-0.0011893745947653958,-0.02389465859875189,-0.01570837381452941,-0.015233669263926917,-0.030974855498762794,-0.1900809760133628,-0.12036790417152812,0.00015768723714374967,-0.03130610730505434,-0.03633732268281613,-0.15321319748142426,-0.00936534966919642,-0.02535110863166741,0.0004650388592143038,0.013326859761567268,-0.034532526135254746,-0.09638764088223878,-0.03496297089808464,-0.03295043666013197,-0.025538681602825127,-0.021168681789546215,-0.00788222079855347,0.15362146993078973,-0.023029381438703145,0.01811825370603029,0.017939563163112366,0.01773465629022609,-0.003711144758382804,0.022403571949451376,0.025314579557515062,0.2840921143827242,-0.008131813310511205,0.2492575573642579,-0.022503019932300514,-0.0028592888906183254,0.028178843051754998,0.020888264899163966,0.24587625149664283,-0.002298830128842757,-0.08266108002918039,-0.04298218168239876,-0.04108886715426416,-0.041146823249197294
GLASS SYNDROME; GLASS,-0.28622450850546555,0.004282478716022171,-0.02129342436653855,-0.01668747216204484,-0.12200940805983028,-0.016187810914876564,-0.14560446101538066,-0.00444145826586007,-0.1935903109854262,0.23691996741798518,-0.03214026493944167,0.00802545565772887,0.0010683569897574885,-0.0376691772573013,-0.035187388342943604,-0.03012104475645502,-0.016617502891512544,0.003250429157726089,-0.02791960697454227,0.007186447958592667,0.014821304486263832,0.0013139517444105229,0.005876198700990845,0.00680502487690632,0.00722778615940567,0.0008603183435083978,-0.03926277279361906,-0.13181183839230534,-0.134707501263584,-0.005017711204507186,0.026433841539609003,0.04026716602409319,0.027332891120675037,-0.0039001692218532586,-0.022153287753792963,-0.023974702427234654,-0.0253192428794128,-0.009977902757760409,-0.10289134052588814,-0.1034638670682069,-0.03044852256714516,-0.08234742471465994,-0.0805782358514651,-0.07693671230074994,-0.09555546947783211,-0.09543007001292136,-0.09088406002092164,-0.01167067309610377,-0.02174629040810887,-0.022292079311492168,-0.022861392058459724,-0.019079116181438475,0.008690271139923841,0.0037449446347190413,-0.0017618970464217593,-0.004149913041811577,0.0043866990782205585,0.0028452685618601116,0.0013406523996767404,-0.0808733632987663,-0.0004045205586747041,-0.002776354123370925,-0.005420211270329864,0.0028021500565947803,-0.003946460931544223,-0.0016580689444119592,0.0006963820121495983,-0.306919588627895,-0.03053949480257611,-0.023609739517955242,0.23132014023760014,-0.00012099428398308363,0.2793113793741094,0.029941865111807346,0.19197875077626617,0.1884396884377562,0.027420940472970248,-0.04213044840954256,0.019694156469422314,0.27953590244081905,0.17632170232568015,0.2371181608112274,0.014078126504111678,-0.022347386335037245,-0.327354581490661,-0.32108200193735853,-0.20042548712775496,-0.225771487107013,-0.0008589414677782128,-0.1870878233930141,-0.26095678309591747,-0.2380027739880399,-0.021492094298146334,-0.0056515510836119935,-0.267027273721178,-0.017507231684115814,0.31030993392628187,-0.2815590168329292,0.01717856880866409,-0.28907694972559284,-0.28245800917941716,-0.279580700479319,-0.22472401815497095,0.27968747781695474,0.03397778313016997,-0.01394238968698383,0.012166242042067437,0.013265583444752618,0.014335575827784565,0.23016603442122677,0.03158335346387149,0.13177935131983448,0.020078101904490754,-0.018588858563042328,0.4161622715758778,0.03919694891547866,0.1567206664425244,0.2420078493698158,0.3197004561156013,0.03422801541838332,0.0016336186026581127,-0.22492460304867679,-0.26630131728838413,-0.27815546531192287,-0.26864209844146825
GNAI1,-0.01839948552824898,-0.03112618354469268,-0.03650797183749649,-0.017657352633093492,-0.037597827338333244,-0.015788881791654732,-0.047207705632697994,0.01615749851338872,-0.03888121390363852,-0.005382932061420209,0.0012674637266615234,0.022714953546551574,-0.003655880623976967,-0.04257806780830186,-0.02662783624832611,-0.027782538931289232,-0.021886701862245145,-0.030508132558119044,-0.04403369029109955,-0.005756170924440397,-0.00038724818549624334,0.004597738067607366,-0.004325265767805575,-0.004894887191201902,-0.0049430887289173215,-0.009940230804614592,-0.035454701661176855,-0.033262711022654406,-0.030874708059913148,-0.03755786388655231,-0.004056551694311571,-0.005240342592118866,-0.0035241802996863144,-0.02809739479075716,0.004331645431058686,0.0030889661149145413,0.0016274295525228457,-0.016394693562544204,0.004492466722066259,0.0026241267684692566,0.0007868909278050967,0.0034663799696120733,0.0022846193172250356,0.0011462300505821982,0.002975756604973531,0.0013733634750011125,7.393441047538234e-05,-0.024342742702694674,0.004569272678896871,0.003349835835189001,0.002086083937822035,-0.039042704400958604,0.005193391402429642,0.005440072966346722,0.004091589242835556,-0.029201983672954873,-0.0053521542582335825,-0.0046887554047852185,-0.003434286819235483,-0.0197342025156009,0.018793168055946226,0.016827230503996354,0.013009169225913417,0.0011886256624071962,-0.011176337986761974,-0.010594223460784652,-0.00882856608304794,-0.005875594792419745,-0.16774548928352573,0.004479499900640488,0.038918199407286864,-0.029419311356031364,0.1995279337038538,-0.008022181299066357,0.02336863075076829,0.016341062830951974,-0.023556080767547612,-0.01796638889446056,0.014981606008284194,0.1989012822119064,-0.02836382344697715,-0.00626431005024455,0.0004658761340732884,-0.010717643951211706,-0.04307580566884405,-0.041004640503922635,-0.17782490866822065,-0.04298871484820093,-0.030230836106022358,0.0007003523995991752,0.012354725036972785,0.017942776425806956,-0.039716626878279294,-0.005207732677416462,-0.01231912160995853,0.0004069737854799692,-0.016491758131748805,0.00307685842337874,0.014320859731710909,0.005608300328761432,0.004211185743909017,0.010480434314111832,-0.0031522460771138865,-0.007677448305377721,0.04970758671214934,-0.011526594748411358,0.003505980670256733,0.005562369448607375,0.007846792973045434,-0.03512307520822099,-0.003796554691681601,-0.011003260658974017,-0.0010367645572915826,-0.0007270423104869792,0.005282121533326921,-0.03748744485857817,-0.030964461269527194,-0.01946342177317695,0.0030730922603095347,-0.006736345687844049,0.014466854208834444,-0.026460801814877102,-0.0023361204019535383,-0.0006239742126294564,0.008855638792295319
Galloway-Mowat syndrome,0.16762422612690836,0.3387468188095981,-0.011732277225788049,8.640984791884418e-05,-0.2398324914766101,-0.2489483342710257,-0.05132260092922265,0.016063897636242577,-0.015209374090214129,-0.18754208711084114,0.04183186834480429,0.02560582913638977,-0.01694892515075291,-0.01833961155406083,0.008038926939247218,0.0223100755782582,0.02906983042579075,0.04141683007058123,-0.017412376437799547,0.03154607825543976,0.003086846494435959,-0.027943220778655242,0.001022657292847474,0.010032029531775153,0.01988206210565073,0.019906914236174463,0.05442406999005855,0.049741589590659184,0.044146405246735916,-0.007053836494573898,0.15435587587528002,0.0306739259144102,-0.002407361565528899,0.010476408547915185,-0.044616574588274095,-0.04939631340268602,-0.0531820299404011,0.0041371846917834035,-0.04424237094937389,-0.04008409253122812,-0.03397626826762266,-0.0583202646465622,-0.05504867872856261,-0.049455840225047655,-0.05625213996133428,-0.05209321435389295,-0.04558018683343101,0.013350225382713191,-0.053366863386648346,-0.05397407566859572,-0.054834411412381906,-0.011948874062503697,0.0001041465644090019,-0.021872420761658042,-0.04018266038164217,-0.02131594755498542,-0.02899244694134632,-0.028909909912555917,-0.02665783797917813,0.04225651769168701,0.04079647879347962,0.04713905678997701,0.048502722326916915,0.11724057006268439,-0.028762507817986394,-0.03617025857568681,-0.042341841595060936,0.011715937571317328,-0.01936924208021256,0.011476598605118557,0.014700341021474493,-0.01069581514614778,0.01073110382618895,0.04001620649860887,0.011698846616123531,0.018691089062523997,0.010176575559773145,0.19965150846896884,-0.0019444366852508993,0.011073021820081812,0.320073152893428,0.010832736565087734,-0.02734720172499778,0.033811644907377786,0.00121290695718282,0.0005329165829300875,-0.033022820564494376,-0.02267301634135722,0.014552381827068105,0.004471766651161592,0.0177433783670873,0.017416500774283635,-0.012320140355629729,0.01051843158321334,-0.24066422230783285,-0.14756244224619744,0.004053470442738889,0.031437684325412565,-0.00022945562323912016,0.036585891413939,0.033589136263833676,0.037998087833600126,0.024690089922395953,-0.02224382086586677,0.04340981690157313,-0.0018407029929549948,0.04252560770165959,0.04013963659625816,0.03729838696547524,-0.00434959278715042,-0.04363691729233819,0.05798730910365707,0.0017399325721516865,0.04178949371629584,-0.011966890489721011,-0.021168966880577088,0.015833598497851917,-0.010003999976981797,-0.000635287771716581,0.021529134491988237,0.20367120601231534,0.0028137655945300777,0.0325021833770637,0.041689986575138234,0.030564791964552213
H3-3A,0.035818837454384765,0.0059624649832043675,0.0017418656056832204,-0.014579979479161998,-0.04015884624450092,-0.01762784538136306,-0.03336023847269657,0.04688151669830743,-0.008870716263973238,-0.035859845645009436,0.03261480470042793,-0.002832779001165186,-0.0025456777505375094,-0.00922575359330875,-0.0028931067583103966,0.005878822213741829,0.014955184713439186,0.014506661728525114,-0.013300059230497313,-0.007651633159637657,-0.014398884911939644,-0.00032807872276380577,0.005347151756155123,0.0071746908170807165,0.00821390877694522,-0.01474560144819919,-0.013560566705392019,-0.007941928413256721,-0.0030266954893945048,-0.011813626312694043,0.00940424317081252,0.029759131881005898,0.03008001960852676,-0.1430737466832296,0.01002100041512289,0.010753908797293855,0.010601430274663022,-0.019034475593460463,0.01602368164543784,0.011780723020683812,0.007302226012427447,0.008609828341333238,0.007782123233638131,0.006492439048392591,0.009374632157892698,0.00801987403380013,0.006246522070683612,-0.023060144771803792,0.010187470021203102,0.009818327782692805,0.009293612824322462,-0.027715084692734655,0.010015479668879439,0.015723853551813573,0.01502172840554665,-0.003666557154413358,-0.0022539042302008646,-0.011576330095144652,-0.021301587263343285,-0.022541209851933208,0.001870934431570891,0.00041051792191160695,-0.0009377068084526667,0.0003206342102010809,0.003217343586388399,0.004547996010449794,0.005915525558871968,-0.003936285080150579,-0.020757164939343892,0.0298139633384236,0.023068551474039786,0.00814295350094496,0.034390599683374545,0.013365639480308049,0.0320244264452302,0.029586655188674538,0.21875509851580346,-0.03035144371873712,0.01981050548398658,0.03442575166618425,0.061070713417392855,0.062474228309777925,0.0014606962152869949,-0.0287944485615117,-0.04910687110710154,-0.045548185140728226,-0.02352073110722687,-0.03070300879722069,0.0013921330624188056,0.013993393404523309,-0.006160418015454937,-0.007213132424275072,0.008631515661629214,-0.009558306691389788,-0.047672954391043076,-0.006978118432387437,0.02777485397791007,0.022038872467183206,0.01619515346434686,0.025948650845929785,0.02225696549274729,0.022345536851088192,0.0007704070129249711,0.017073138474084232,0.03844153949707563,-0.02953376357014417,0.023137781115614653,0.02321235556830035,0.02309466427080244,0.009857743128752906,-0.0366348081919824,0.03591130543598942,-0.03407480521396276,0.030274550104829795,0.002312965261750333,0.006005888261124781,0.02398856840801432,-0.015227301392611747,0.008179353935311197,0.04709825269736987,0.031269384854588425,-0.016432467643744612,-0.01184551924944308,-0.0037854143681422094,-0.006126451737823266
H3-3B,0.03607191849495052,0.002314642890479685,-0.03490331622736851,-0.01666511939270885,-0.00021024860172298688,0.014938671396758677,0.02767120107617039,0.29979727703298753,0.03484775623012798,-0.18334742109509505,0.2618233878100939,-0.00735361966668081,-0.009221986638335905,-0.03147784151258142,-0.00544413639319381,-0.01136495299084103,-0.0133048298015421,-0.03227075528066308,-0.007865872377911882,-0.0371052814827165,-0.044593158931579946,0.007836552155247476,0.035148248224101425,0.04237765062521181,0.045137611416255025,0.00425164036371866,-0.0001965851159087696,-0.0011902537631930605,-0.0023066916350996543,0.002401825126571246,-0.024151568024528617,-0.007376714082008795,0.011937831282237694,-0.027256011742250036,-0.029270554635678528,-0.026645390340896816,-0.02347211382293967,-0.006500870338382091,-2.5764849089305274e-05,-0.006237336880417324,-0.012685508641353625,-0.013818128501379473,-0.018457925624495542,-0.022631017971832205,-0.01082678170802892,-0.016808435633723865,-0.022243782167068987,-0.025360711193622244,-0.024630369487123462,-0.024371430035519615,-0.023458439993235825,-0.0041411999597641205,-0.030647429651725424,-0.017916166390416984,-0.0002038956587918795,0.0005686556575066982,-0.04999363867723721,-0.18120234487967724,-0.1853519399598534,-0.013212702097639051,0.005776617350583331,0.004480977256476021,0.0027996409280919665,0.004403918078557784,-0.002331333624783306,-0.0011873079783446688,6.466960754014466e-05,0.02329127788713602,-0.01633704582692163,0.0436084301286571,-0.04546542859434749,0.00021525667933005514,-0.0014141286378965955,-0.04559570363700449,-0.029182397114337278,-0.03354003727963281,0.01990452604605451,-0.008050176777049924,0.02897308726167099,-0.0014160317843466884,0.0006121562445813366,-0.0017014385958763517,-0.015210610240650327,-0.023783994576023784,-0.01981500262949022,-0.010287221631103504,0.03797611130710698,0.04390040067727824,-0.01476060877365605,0.017136168113093313,0.0005373139058152911,-0.003687934508803139,-0.012402447279857166,-0.019221498376817397,0.004264929088647409,0.02117917899316582,0.004701493950764074,0.018433986263602885,-0.008905770191981795,0.02382450441934848,0.017644007428507223,0.019252798525080005,-0.006591348795386219,0.010729003895697793,0.028704155584226815,-0.025720992606350176,0.020464820692314336,0.021079623617767274,0.02205338258471892,-0.01583162854872509,-0.2653077374050625,-0.0024759162840846498,-0.18430513277191835,0.17261646685861765,-0.03502348044256339,-0.0008394608972677723,-0.002583465393620384,-0.18121806613306055,-0.0035031850694330923,-0.011191760753380684,0.1831558162667036,-0.040133858585322944,0.006836099273339072,0.01114045533957557,0.0020710253233014943
H4C5,-0.017295462435474026,0.006855467088119401,-0.0020404424665388084,-0.009573824122218657,-0.032910523393531975,-0.017161343002255035,-0.010049031730472113,0.00882740187551352,-0.004608187416211132,0.024882260323207606,-0.017884169931127774,0.011089389247883802,0.009419808220352634,-0.026058072760646363,-0.038544825254399916,-0.03092505598315914,-0.015436454851927607,0.018046591570892122,-0.029791987785052956,-0.007877380515676666,-0.030566422387430604,-0.00927877795071452,0.006230781677005249,-0.001381373934416932,-0.008628923688054011,-0.01583273499259456,-0.02275746165382408,-0.018921994884764187,-0.014984537825754122,-0.03985921505849813,0.0007562068623102047,0.004276224527398126,0.005818828012146222,-0.0317971424348685,-0.02058238124713813,-0.018066991770093525,-0.014704913003847065,-0.026006565897903674,-0.02369535636997272,-0.02918393186508694,-0.031970775976302386,-0.016809560051533053,-0.01768781363112505,-0.0176939337219484,-0.019222512421123862,-0.02117190840737784,-0.022193629788118435,-0.02189261149440186,-0.01804827317098227,-0.01602710385797661,-0.013899864504834476,-0.03673906636634263,-0.0067741127603747455,-0.0033056079145480956,0.0007384999211222653,-0.027711408938655115,0.0037991921367937914,0.006644231247997717,0.008802299825587499,-0.018502365834548225,0.004408995541175926,0.00423081642479073,0.0033036015786775483,0.0011497243325780668,-0.0028279281569089276,-0.0037539015698703007,-0.004634660452619006,-0.03270072667460399,-0.03567676577613607,-0.0011947919191131922,0.008760039103332142,0.005920600002452349,0.03802268920914839,0.011272328852975803,0.009174772986883234,0.009852255794417421,0.008176426154806547,-0.030743398676506235,0.012045955594347235,0.03801092510594829,0.03649052726888711,0.03403601168368533,-0.0015834810537244802,-0.030424958981947137,-0.14859284675442608,-0.04465656678204286,-0.0037535828772368414,-0.008324778972390192,-0.02659491335176651,-0.024548580903231552,0.0010131479408118805,0.0012047872695998354,-0.017819485266116087,-0.0029403995324031717,-0.023264736840207138,-0.004714801346035392,0.03797962590014423,-0.025386118030892135,-0.003990868997031747,-0.02278277740446405,-0.02464687903764424,-0.022179500023169763,-0.03212712750246135,0.041440684631957714,0.02200978837027175,-0.029962195049912245,0.00298025514524314,0.004243290707382749,0.00566670994267792,0.0357187388178157,0.015169089794218145,0.022764095014290577,-0.005827374019146379,-0.015190968209339618,0.04239530455567695,0.029582437633950777,0.0344940452274493,0.024354056145437147,0.03378413243927312,0.01219937661209243,-0.01942878112040264,-0.028122169941223758,-0.011328497094351202,-0.013132580644227319,-0.004235349351913739
HAJDU-CHENEY SYNDROME; HJCYS,-0.00045653015145867006,0.014034466771962297,-0.03255116233539262,0.0025280823314046555,-0.0042917070097263635,-0.0069497754226171505,0.039240708326422284,0.1940201069619887,-0.03706237221622862,-0.001493803452890559,0.01387572855960813,0.035938196032917064,0.003452891875540925,-0.03776121178651263,0.035634487644135925,0.04172443959885073,0.03716881165322389,-0.014666541172163074,-0.03553343937280578,0.016511845760025394,0.03213931064189435,0.004874775295553809,-0.024818005289958183,-0.02282433111640189,-0.019638501875186436,0.0007770189708819528,0.021071226199846808,0.02034911855876356,0.01791430775387068,-0.032453601452843386,0.022332581173220324,0.02306625500494384,0.007882438264878312,-0.01491886180312725,-0.02591434225363204,-0.02637199465253544,-0.025761410152136434,-0.020045960213761472,-0.0053037970898885045,-0.004391938067848735,-0.003186927887368768,-0.010140312375729526,-0.007631389009351158,-0.004700224722567026,-0.010336770843338394,-0.008355137957417633,-0.0058048364887366794,-0.001384687390794443,-0.019544889445549874,-0.018721778504641774,-0.01750162812630209,-0.0332166109806163,-0.03391735210844456,-0.04450690768090858,-0.04065524768233802,-0.0012198023878051598,-0.0030322669408396567,-0.0066185354835949246,-0.009862620697348412,-0.012934961288895213,0.0020807132309497802,0.0014250990661839264,0.000678977386321733,0.0011467551622198356,0.0012697971005863429,0.0013726648549164916,0.0015073072834000758,0.006901211423788414,-0.03836460666494144,0.04539929556984076,0.01176114937592786,-0.041845102017411186,0.021184587499305713,-0.029021577288661844,-0.030695186170845934,-0.03146592005320758,-0.016071464735883768,0.0006699877706743103,0.0023890559388229766,0.021202413087739663,-0.018075379342486753,-0.035694242974419546,0.0013853626011856941,0.0020455705195047873,-0.01451546459435614,-0.01607179290441292,-0.009774671023978696,0.012058506978256677,-0.030530336994619996,-0.019132792370622455,-0.1642488765135106,-0.17984747142749402,-0.035912508152312894,0.007788011495121993,0.02364702506000978,0.00022654910681318857,0.0065967546473705,-0.16828231391843357,-0.16580872889737622,-0.16189246374195573,-0.16510509709359775,-0.045877636659560524,-0.04124639507543651,0.005512116673541093,0.04315010525593746,-0.02592702244079108,0.016011783345140987,0.015947265009198422,0.015530420307411967,-0.0036321103253254593,-0.017174826636246594,-0.027931411228156486,0.003817603332793334,0.015714625135101086,0.014095191993394368,0.00953709231607307,-0.00446222434540844,-0.0071673031269535534,0.00521675182368732,-0.04528199695863439,0.059554383123756265,-0.24515932063610058,-0.04716488465674859,-0.15636480628855423,-0.17743114590719375
HAO-FOUNTAIN SYNDROME; HAFOUS,-0.24862397233078,-0.007286122122086477,-0.012877199485741748,-0.012429710708143934,-0.02770055154720209,-0.009604535979204304,-0.012683562768862355,0.17049911706324827,-0.323323692647606,0.24675068619841067,-0.1301919954360227,0.006157923556890146,0.0071270860681194965,-0.030062871418679183,-0.01887477288379972,-0.015516642484193613,-0.007167342667749721,-0.22740500782958706,-0.028946651929558424,0.006168788553177494,0.029744617760685592,0.011248619044148126,-0.16889971989255037,-0.17463118844576053,-0.16415177603876555,0.002752967575506218,-0.19677238980268025,-0.14849969863748005,-0.13690381015443345,-0.01829954718414412,-0.0005194342103902931,0.0023457601185129903,0.003914815486878223,-0.015138219840912381,0.0015443431557741233,0.0013808861239092203,0.0011884960939829439,-0.02784305916943379,0.009884459939467018,0.009776395404093936,0.008973706203411,0.014299183210006275,0.013632817547347227,0.01238971432758943,0.009631712467103752,0.0090380334652595,0.008353690371365659,-0.01642381389713512,0.008885968062589619,0.008490466988987392,0.007900473222939639,-0.023042508949130465,-0.010635918621899753,-0.012428455822559274,-0.00873255005696265,0.005394202527079468,0.025827573858881073,0.022966401939337144,0.018117649473459542,-0.0936229205268953,-0.0006308851836151855,-0.0034853602336561607,-0.006259681368499699,0.0019271488111302255,0.002381559128882592,0.005093450636783721,0.007885462037073758,0.010476643233571784,-0.0252193294204344,0.02105366867572903,0.30585610877614183,0.018259868535309837,0.4809556009315758,-0.010050054887484807,0.12951907290545883,0.03137053431989376,0.034340347266702285,-0.016692950157452622,0.02797163885477848,0.47671930354270176,-0.011838780124376915,-0.005226409745494182,0.013721747290106908,-0.0013363696855069596,-0.233077143322693,-0.20896302637010175,-0.009198864930696148,-0.024064508907174858,-0.015292512418784909,-0.016106597255715692,-0.13336116224566638,-0.13428487292659727,-0.0254983392614157,-0.0044134725546541125,-0.020990181873566046,-0.001890769345054371,0.24537803423602134,-0.2891548705131433,-0.022817432871865037,-0.2885668643423466,-0.28989979438264135,-0.2399157479364218,-0.28500364700890746,0.22166790287676383,0.013869470914361063,-0.010675264517629946,-0.2818695352597885,-0.27841751208964727,-0.2699830381458382,0.022625220273598666,0.12892595750515,-0.027494618213295147,0.0009863924320077657,-0.20745126152266485,0.03789646243678474,0.030567499953164483,0.005104541263378242,0.02236174463326147,0.021542848788006407,-0.01833686655978822,-0.11297740879587155,-0.312421693823215,-0.26539078233828245,-0.2623043425615508,-0.22076059145168014
HARTSFIELD SYNDROME; HRTFDS,-0.02877667535238644,0.00029871402629163955,-0.02603577201793949,-0.02108953801210326,-0.0046169148284070545,0.014959629104838265,0.002551076419049723,0.03556380879440997,-0.04048203926474384,0.026434985494528225,-0.024197398779425748,-0.0019694116465995724,-0.014739851355409872,-0.002344795070185546,0.029435250338018082,0.028778341279688844,0.02019399762965968,0.0005409854862928414,-0.019564775811129146,-0.0022156354876664702,0.23654271649779635,0.043472519168601315,-0.025689495331608542,-0.029018494177521115,-0.029331827657670888,-0.014302668414835362,0.0056564549195695655,0.009723699710497411,0.014127967335208233,-0.018838435119782372,0.011350789548496729,0.04468013884274055,0.15594394564520822,-0.011810324311236244,0.007966077278330048,0.012311242087644374,0.015779103020293478,-0.02429344399977565,0.02362772804313736,0.020053735170617416,0.01637644340384968,0.019900446365476727,0.018109620002596357,0.016223399241339465,0.020266948009885367,0.01766778962691442,0.014859604514470413,-0.005984513660251266,0.012768451067342543,0.015266171900114624,0.01711093690151896,-0.01985080320273172,-0.015775668337621968,-0.004231809420933142,0.006679298316358712,-0.014833215962078854,-0.002172046172184915,-0.0008663986463987254,0.0003261259278662904,-0.006931503082633221,0.0002592657992240451,-0.0017120507051382686,-0.004189458620504898,0.002326694313086213,0.0011652436089993382,0.0026632355110383123,0.004492650792773967,0.004150620686537064,-0.02773784258157667,0.0013474062153133863,0.04101935829842606,0.0031478760732269293,0.0311887701181826,-0.007323867134229301,0.027715513486907494,0.02069946741565019,0.03251294382489589,0.017047111845188433,0.014700641071823653,0.031323993898802506,-0.02886279660871815,-0.03232392560838051,-0.007561983218035367,0.007603925579967659,-0.024536809169231514,-0.020262057380950438,-0.017452612477367492,-0.023629174999357783,-0.023909751511520142,-0.0012967971467247024,-0.01745738159952374,-0.01939922180453347,-0.020883149488179098,-0.019021850779542767,0.0016764943621601065,0.02070069707223434,0.020574064567213876,-0.030147119708333517,-0.012460169333297619,-0.030781412456920888,-0.031213225634914986,-0.024075544124368926,-0.031752993398300115,0.008163552552444506,0.02497747004266187,-0.009632148586738094,-0.032565216150914546,-0.031504635617169,-0.02947665841013033,-0.0032969352429710504,0.023711594159373486,-0.02047482978826862,0.017249841154652105,-0.025716039334868757,0.029504082325227967,-0.002894534926259465,-0.01238237064764283,0.008932695069658034,-0.00029201303289898544,-0.018843028583669007,-0.03758180818826932,-0.01800227507273347,-0.03359965220243178,-0.033493109867037796,-0.027046884582048455
HEART AND BRAIN MALFORMATION SYNDROME; HBMS,0.0024986884732123306,-0.003904436436764625,-0.017926243524588267,-0.008946939878760295,0.0061555474762373195,0.017322315927664804,0.01590634149115238,0.2399881674423709,-0.012661974078142237,-0.0030594712043289294,0.00927172224054178,0.019539875406981263,0.003852794020068227,0.00031644358591928273,-0.005175697975169151,-0.012966115795052148,-0.016644084729024785,-0.1212508402104364,-0.018363490199352475,-0.02355041308371508,-0.024399639714899203,0.006460965291758397,-0.014644265425906616,-0.0069045688923354605,-0.0010813171263257025,0.00026591010632113056,-0.012861408638382898,-0.013436252629285604,-0.01388794281652755,-0.03355681063612043,-0.02980604326495072,-0.03358152064556696,-0.016490474218824294,-0.002750560476989577,-0.02677195795948901,-0.026722214340022706,-0.026132772087364992,-0.026137999361469377,-0.01073789930139462,-0.016035231198319223,-0.020179326230639342,-0.008128730151820855,-0.013426467705374744,-0.017892580198079832,-0.01027143328704225,-0.015676049598161473,-0.020011389072691444,0.01088145694474422,-0.018641593359428978,-0.0207635278885272,-0.02226192467437887,-0.017123237289092902,-0.14094919798075928,-0.13728963478378614,-0.026518931748853867,0.0003400587372045553,0.0023089484085922762,-0.005026246320980923,-0.013406130414921181,-0.011469530619268026,8.391220485722494e-05,-0.0021645343420568864,-0.004912729242432508,0.0009714923494995536,3.927591885683695e-05,0.0013262795134819955,0.0030675227048168265,0.014681121355672289,-0.016684096167370193,0.11522873827344086,-0.006066676196063857,-0.014582685124041187,0.14832480181550733,-0.03477497711562959,-0.03278300282921172,-0.035367318201796435,0.049463929343011796,-0.033589142077583595,0.02455092666885184,0.1474229620634478,-0.01898817460074306,-0.0206367256295252,0.01712888313286542,-0.013651560613803205,-0.017327917617858377,-0.009925973729652423,0.021972482498338722,0.035785071327357025,-0.011978257844803487,0.01400485038480132,0.004736644513008971,0.002095229562627094,-0.01824488993420491,-0.010473143306146905,0.028883972293143403,0.02245825648452007,-0.009001370633564723,-0.012119274426233671,-0.025656297634327415,-0.009191998641532122,-0.010942344179511216,-0.001977779635587118,-0.01977813813776478,-0.009681169153594325,0.017229350113961858,0.016231814504678355,-0.00532661943510638,-0.003757899445923014,-0.002100502595901683,-0.016850800646853226,-0.01159323070473676,-0.13400466512444217,-0.02846902070371161,0.0014712253085534996,-0.004295902613294241,0.004166389320442669,-0.017803880757606715,-0.030660312541563758,-0.0096454637585632,-0.14674717783198488,0.12835173068167208,-0.027993025123825437,0.0036105318408774863,0.0023718985298856027,0.0024182637931588953
HELSMOORTEL-VAN DER AA SYNDROME; HVDAS,0.02482479108404485,0.006251470963499839,-0.028208295305698627,-0.022575853817532462,-0.01711195016926465,0.007373483038683433,-0.18259491118270446,0.2730638181325462,-0.30808092812810595,-0.19792794991841078,0.030936549925835853,0.020039950564668216,-0.019104323666167034,-0.02825363823529583,-0.0059493636630361365,-0.003519442140025313,-0.0004508125127030419,-0.014866504980379322,-0.032996403847141635,-0.013579422592936137,0.023621426776445034,0.030175623151945233,0.17006081756038122,0.17688697797663405,0.16661945430497377,0.005110567260908471,-0.026753536515050223,-0.021278442555150667,-0.014994972559812565,-0.031094814742072163,0.005670500729021229,0.1697340807793924,0.20639402606675508,-0.030930376546456386,0.1010489912556552,0.11276297300351544,0.1216396534699849,-0.17437319894637218,0.21566848333405383,0.20201600131849798,0.17811153365163845,0.17908532672024075,0.16819659378878213,0.12171624987862009,0.1868671625555571,0.17339320458289442,0.12188498031339945,-0.029680522454361574,0.120133728161066,0.12290643108664892,0.12367234705757067,-0.02436729118224479,-0.008326774850941224,0.0012072103897228586,0.010923596278483626,-0.020198997273590636,-0.00588720357561879,-0.012536141490758818,-0.01829336997277875,-0.12601808979820991,0.009972053940100464,0.0010249053456437014,-0.0023032583323196695,0.005204546793896874,0.003870748715049153,0.0068991123247254624,0.010178450947260864,0.006268476709148938,-0.16710000924441779,0.11257238530510955,0.2938169854882719,-0.0071565870693715734,0.28843516011026843,-0.028406530330200342,0.18233753172021064,0.10253692652910718,0.01247354409306609,-0.013505417796480814,0.15313866910669022,0.2876191327248515,0.02997587528328536,0.02723283517697292,0.0055935436894866295,-0.005610466234850048,-0.2931165316050783,-0.259300024232299,-0.17293787938756047,-0.17276516902434852,-0.03696152768847614,0.0021182326406904107,-3.3050365446421057e-06,0.0009440983151675583,-0.025839870603309466,-0.0203496882527727,-0.010489426932671957,0.015648783819206633,0.0004802827777400446,-0.015925269094367013,-0.0038611365279822606,-0.006432977182292398,-0.015068530483329241,0.004994332369392408,-0.11673925586128067,-0.025465260313378795,0.16288611657715277,-0.11165650173228224,0.013476831500527923,0.017250406240328142,0.0206721073165537,-0.26555691506329865,-0.11482074674390166,-0.014781726573782536,-0.010428317650266855,0.0957042979460002,-0.005248020202062014,-0.26931433558098783,-0.22152452718909899,-0.25021982133555903,-0.1752695391150005,0.016342055781448574,0.3302363888146304,-0.3713590229688422,-0.190270004258644,-0.036600177185018616,-0.015157408826214493
HIATT-NEU-COOPER NEURODEVELOPMENTAL SYNDROME; HINCONS,0.002294966375996723,0.01540029840368412,0.010514320897135875,-0.012117335467356433,-0.029483469923711203,-0.011168120045264103,-0.22234029971532937,-0.023935502525673356,-0.15611342877091508,-0.005205108420694566,-0.006450335872357931,0.0500778534110021,-0.008910761911525905,-0.007304285961264282,0.009758063621686696,0.01334937990239157,0.013059910273500104,0.03150340126531409,-0.009213348343943986,0.008417981055653903,0.030476768504807645,0.00861793827934362,-0.03235055064615033,-0.030694322706640464,-0.025616395507111176,0.001453607448522965,-0.01533185464788964,-0.016097554920090285,-0.016062765226624195,-0.0032352601130008593,0.03313101501908129,0.14667385791993034,0.03144994866071862,-0.0008966485154898273,0.030736759933943127,0.026968704851636945,0.022201481369700248,-0.013301692540006975,0.027617045458713633,0.019991677198915377,0.011438120370033365,0.027057075380701675,0.02447319031675774,0.020922537693859437,0.028338527089935377,0.02436596075162085,0.019724590690966458,-0.013690252344611928,0.02933805631219799,0.02636627054552507,0.022825130051159832,-0.005249680763388673,0.017069351940955612,0.018199745131329752,0.01033590270814575,-0.008295902532852673,0.030763479298100457,0.03159999551810377,0.03013926949979183,-0.01590897024071474,0.009153916410218973,0.007907469031862019,0.005939822845853499,0.001036938485603182,-0.003502047448609218,-0.003335160067856597,-0.0030958580561625012,-0.16039860445091192,-0.011686748766929963,-0.12127261120896303,0.22834619922505833,-0.005677587575089321,0.1475085640498738,0.01676994640358049,0.1598436834419459,0.14759965790106286,0.011967344913499982,0.017504980716088876,0.016247806679809677,0.1475901307085181,0.027291424873427193,0.014179798205564935,-0.03895801215524773,-0.016738798986613186,-0.20717887969540516,-0.19837153388393614,-0.22101142999231643,-0.23230656779210931,-0.0061436215454743264,-0.004065318354315803,0.025630952526055954,0.026996661234392035,-0.004317216987931274,-0.008971151751471661,-0.14968695024001077,-0.007030826040647247,0.012575088450469315,-0.013796714545063224,-0.007304820166230274,-0.008188478627708471,-0.010512399530348673,-0.0076489967224219226,-0.0028279531296444295,0.020750248616075696,0.023518681612066883,-0.012477494296358273,0.1467903557376519,0.04615164356826769,0.046138118823045436,0.008356249224345587,0.005060047807334648,0.03404736135840427,0.005349393183242968,0.005740457082659587,0.0329222739445161,0.0032083516826423206,0.021002398563553727,0.011116120877306578,0.02288019446232497,0.028116175284856,0.035369957394313936,-0.13036450647985523,0.012015795975861113,0.006310339438488305,0.019228620947401215
HYPOPARATHYROIDISM-RETARDATION-DYSMORPHISM SYNDROME; HRDS,0.15103727572451817,0.01849511571476789,0.017297667709364483,0.001196356502650765,-0.028470566041342966,-0.03119386395288387,-0.014908919045815872,0.0200248734263244,-0.03719382043569394,-0.24024466099609304,0.15290910277244088,-0.00021257367105534465,-0.023204745514393766,0.021663699516605704,-0.035626230847630384,-0.031129325188266634,-0.01774195297019959,0.15669227417950096,0.01800616606337934,0.004376237003591114,-0.03326226794239078,-0.027907157768283637,-0.006302705809646397,-0.0002197385336527364,0.005219629792309025,0.02764533259610046,0.0379120367351279,0.03526189035898047,0.03128234156915109,0.019147502123371393,0.0026371737987241433,-0.011286178958427344,-0.020447096873362137,0.007776639569777013,-0.002007287883617374,-0.0034846283724879173,-0.004774549839612851,-0.0034364570200562674,0.0008805462888967475,0.000625320512697677,0.00032852680359815096,-0.020797939391454762,-0.018584953394292496,-0.015017027472904709,-0.01823692544051713,-0.016136615126119087,-0.013010987489380774,0.0006965378204937078,-0.010968925336137922,-0.010663352745056075,-0.010173562709830516,0.03319942231774536,0.04042922033722452,0.028233703303134308,0.0029694356718588263,-0.00370224059132243,-0.03145982857571769,-0.03748217360628403,-0.04029612237468047,-0.00017483741127131958,-0.0031956128399820245,-0.004912108523321412,-0.0060740818506286745,0.003396657349203647,0.007576583616725793,0.00913927031391969,0.01005998912450256,0.07644249408886274,0.027238799175867946,-0.03966511569894763,0.17868565093190797,0.01954047297955626,0.17976866357995192,0.0387380244942994,0.2701156805099225,0.26111919183489934,0.007064401101680387,-0.0017671270808649572,0.020047992043759674,0.17998435362862544,0.19871020368631456,0.18424813850177213,-0.0196500802648132,-0.019549056115106992,0.028992235849335468,0.03646179061393829,-0.17468503860724036,-0.26352909289135384,0.02055394072317441,0.025377042855267328,-0.013382622496218728,-0.019263204903913863,0.03487835110879723,0.0064547188685407,-0.2601339564008023,-0.03472745150039927,0.01772543423515161,8.447950760774912e-05,-0.019491908948886565,0.0025812229524338286,7.247567971718596e-05,0.009283818037806871,0.0024596145025372537,-0.030398207433597543,-0.007552810469461399,0.010261591991054133,-0.03871745579973612,-0.03978659997295014,-0.041876455252071086,-0.01855808776176881,-0.15593819098742276,0.19162966537437945,-0.04705207532156253,0.012115967828767345,-0.24646337890280917,-0.03572395802857791,0.00919254468868078,-0.15460785096614033,-0.037804990093531714,0.1826389205549392,0.311757088670551,-0.02422248892746703,-0.02436024733384718,-0.016406465374305415,-0.018939243152099685
"HYPOTONIA, ATAXIA, AND DELAYED DEVELOPMENT SYNDROME; HADDS",-0.0006572453493508732,-0.027394666195389633,-0.013084873319840207,-0.03402398304182024,-0.15549772983948212,-0.007050358514513229,-0.011772342108214463,0.01823874263583927,-0.03767865561968487,-0.017588747670377956,0.004591545138250672,0.2718707562741306,0.014974522698992418,-0.002201303743346086,0.019940192281167876,0.005545853674208814,-0.008149306744953878,0.1841534269999352,-0.033319820279726235,-0.008844320039229128,0.009627593888273013,0.01691950896081962,-0.039401406382848767,-0.028082595765810334,-0.013885109649452557,0.019639419662223375,-0.0006952959218388989,-0.006220541340388347,-0.013673386622420625,-0.03425634973645585,0.037157753133874004,0.1856735623949171,0.04569301285201143,-0.0018548672082754837,0.04179842047677194,0.04391641962240203,0.0452138804694062,-0.03018962258895008,0.015793695443044972,0.015472455138822712,0.013517536051079932,0.02017640665249927,0.018660458049065156,0.016891630898602555,0.021200898585520878,0.01929998213781971,0.016547124763222353,-0.0017521261200514793,0.0324241671327486,0.033682938144534866,0.03399132350479667,-0.02519176073752824,0.16699621214984828,0.27605784601887295,0.25853595465587803,-0.015946171174859813,-0.0003267203337064454,-0.002516994067665735,-0.004629971338981014,-0.020334277013415007,0.009367037792232445,0.006464625802102675,0.0032366869677839965,0.003424977401387162,-0.0039954697813108985,-0.002802675750861851,-0.0013724446947452032,-0.04509366155795829,-0.02590239545808863,-0.03283882141557761,0.18200094204642464,-0.012854728249874305,0.047022183834008774,0.02829333725677251,0.26099180682210943,0.19761441792223955,0.019145742723556597,0.0029452206654232687,0.0020432439988980326,0.04704481550098884,0.012180632016047717,0.04505121329886913,0.006735627185869918,0.009716749169820627,-0.009598274802236713,-0.009846567531860091,-0.3027135755026682,-0.30661731163495737,-0.013833610700090171,0.07178823877095565,0.03365282278696083,0.028100140590695013,-0.03489178790923436,-0.02425988412041602,-0.051904972006929465,0.002017028071264798,0.005885347705210618,-0.00649515221867019,-0.13729239596129825,0.001601717614550406,-0.003211669046799761,0.004168021980734025,-0.0010979171407464838,0.0008714979363268979,0.03291937827629498,0.007993485803335356,0.17138971993855723,0.17364655574772114,0.1728405034335907,-0.012622997878937834,-0.006953377321351187,0.04982911419649346,0.0031252819158791127,0.016007801072077523,0.03150452736986893,-0.029035888129350686,0.004638510367476983,-0.0033648125356718784,0.015226407911262,0.20779943412228172,0.03870438242306478,-0.1820518803837711,0.028130587846779215,0.025285090758510792,0.028221358279888177
Hennekam lymphangiectasia-lymphedema syndrome,0.030626161783832546,0.28310474026691756,-0.005948464603406609,-0.012752231920234489,-0.15562164350123153,-0.03097419269451142,-0.1550535460362116,0.16876236464208033,-0.18125454942756195,-0.1683498909187672,0.02815473178375032,0.03688514748958582,-0.0049426240991732266,-0.02728674193154905,0.011281076185293195,0.02029107441837292,0.023048390451883546,0.04632996429664697,-0.03601704879519041,0.0096591387062907,0.021201856813831372,0.00411804271638302,-0.010657956672373094,-0.010712537057899806,-0.009690046145587133,-0.03733552141791579,0.03052062196880147,0.030510592295666827,0.029660727139620868,-0.03967747685332931,0.03731844588318473,0.16295726999500626,0.034869458569815395,-0.10202569918120317,0.006277085493259097,0.005723686078627986,0.004340631179810774,-0.027890464058001125,0.020239821432606178,0.020276858581754188,0.019024081517989656,0.009304705004735389,0.009492338646848413,0.009291317259842285,0.013172696192062223,0.012965204873847364,0.012152038850956072,-0.011067562018190955,0.0063000220517094065,0.005951253157896807,0.005615572221618083,-0.03945484587707225,0.0033390247375280563,0.00016625850362647835,-0.002925611854981048,-0.01510448481546321,0.0006937311572189582,0.0018780145018187447,0.0028893259737844037,-0.0020457500259609134,0.010293085225027095,0.007765012609515865,0.004474024381641346,-0.011791381585638002,-0.005383391048483087,-0.003436624739123987,-0.001029436629030388,0.006499356095529922,-0.03364282584693162,0.017013422764416804,0.19552140105382093,0.006226149371089484,0.16982306685835047,0.015974289849185617,0.048403454860218534,0.044987219186409,0.053202758783110864,0.2073073882062475,0.01311393105639794,0.1689079091214948,0.30562803565506297,0.015077892693009125,-0.027153159075565394,0.03691477179779717,0.0022246372506548487,0.0063082947895976614,-0.03797862860074018,-0.04689835440011229,-0.025559326410447804,0.013634885130525486,0.033092003101778594,0.030977711187343965,-0.031975286836771095,-0.002549400580276655,-0.04173978146582319,-0.011711618917051352,-0.0002055790122904357,0.009660009784957645,-0.018595330996974985,0.017658317137093704,0.011792908666190604,0.03267294307622292,-0.003907373367757482,-0.027324739773360026,0.04355523879208867,-0.029533929165250813,0.02888840731538614,0.02948999346318822,0.029768345459948043,-0.031017755816452747,-0.03278149741325117,0.027002185668321133,-0.0050673303333421075,0.026321112685272388,-0.013465832257217281,-0.03960996833064732,-0.011367561358528537,-0.0324061334389252,-0.018950456232878977,0.042233961579824605,0.24552769877174954,-0.03354845721257619,0.013891792226468705,0.02290704713830553,0.028808585922104658
Hermansky-Pudlak syndrome,-0.003879201932032963,-0.00408068441692697,-0.017271423624246718,-0.010706875292404012,-0.0232584016580468,-0.005757379950589034,0.03060632956710235,0.26279699652131616,0.0025920467873882472,-0.026557186408227598,0.022991018090472104,0.26829391782233086,-0.00366181928482955,-0.02360908966819479,-0.1710859161779871,-0.1758740120061952,-0.04367667814864279,-0.21768411339241936,-0.036460046173054254,-0.01443283291138487,-0.03384444959777514,-0.007184457514283174,0.03777323535628762,0.03669963996124885,0.032510510800762005,0.0036839957852988904,-0.030353567746782124,-0.03077359126251293,-0.030667121905920948,-0.034275373233260444,-0.04259022858322121,-0.04763720114067313,-0.023478926772388803,-0.010862965674527774,-0.14335998315421647,-0.13814728067522825,-0.04046367406356577,-0.006528738236297464,-0.030086960367821682,-0.028605875553087152,-0.025246499298622493,-0.14433470305923574,-0.13837340054783345,-0.1288019690224803,-0.1488626534358681,-0.14371620800922444,-0.13186973851180525,0.004271457165382534,-0.14434022583443215,-0.13862785943307526,-0.1312481116804014,-0.026354185857135722,-0.011325141479340037,-0.00870672935005305,-0.0033901380236488563,-0.012905305513339727,-0.1687322385853964,-0.15936082509189892,-0.0423105621988811,0.01623530998281181,-0.010308079452002905,-0.014361851838516296,-0.017272232287176278,0.004934407035002622,0.001886583985621727,0.0045284445617719835,0.007713521469053123,0.031088059761245214,-0.03711246200018372,0.03216147696512276,-0.011138667797017904,0.0017485548350970291,0.022400149838663008,-0.15660947462526267,-0.010011949781727335,-0.0195839365229185,0.05278879300111178,-0.012421221666432882,0.021436796900010085,0.022220887898604786,-0.010881181192334909,-0.0032339106133270064,-0.00044288842439351865,-0.012975036667650262,0.015981825647437074,0.025954190346627465,0.02533919375323527,0.026744504240767443,-0.03373731206587033,0.20100547854731096,0.0298120303615758,0.021183492293855216,-0.03940712078721759,-0.00034092974500710024,0.020698218861981806,0.007876623673241209,-0.03416045127708738,8.18275103951664e-05,-0.19938469254527205,0.009171905593608332,0.002976586807990579,0.014918178836033365,0.0006125938208156694,-0.028215391740002482,0.03785397348450561,-0.03823349359883842,0.01310760022764366,0.014804133628807512,0.016113935299512227,-0.02532230894000749,-0.025580458364159883,-0.008354875694681019,-0.004220966005548547,0.01054937443501805,-0.012068277112084847,-0.016448298731042175,-0.016496656974952003,-0.026600085875790148,0.005030207660974735,-0.010362833083443532,0.18913593892404346,-0.04771698207694638,0.021439216318145545,0.023931632215545083,0.023930773737213636
Holoprosencephaly,0.007594384220328494,0.015791832697935982,-0.22889490364752627,-0.032692645723638766,-0.02541749836769139,0.010580657004411067,-0.2582031993844427,0.23885206294667924,-0.12080062881277687,-0.042635247958577614,0.028938536744713462,0.008483510186602834,0.00035383565622146957,-0.035436876875933124,0.0252454840476976,0.019157373233910285,0.008108009783568914,-0.02133516479377031,-0.24521830119929272,-0.02485675765597563,-0.005179682237159493,0.020578987755548405,-0.0012193453753227927,-0.0008129649742421544,-0.00040607671842923055,-0.00852465742268585,-0.02131681127369611,-0.01838726004926527,-0.015328699411573016,-0.2570938018272197,0.011408095460035784,0.03904207463274162,0.17063108797172577,-0.12321693987990015,0.023415130203364203,0.023271365812347886,0.022443923574565802,-0.1628591918570664,0.03709351038860948,0.028585662911036758,0.018607230076668667,0.03144936571566134,0.026516929801373133,0.020908077227563507,0.03440074478967489,0.028102629030410383,0.020657759162514177,-0.02199461584209703,0.026374832946560317,0.024605301382169403,0.022625789322171224,-0.24092568740396172,-0.010488354886780299,-0.001901471615156646,0.006366603249005039,-0.009445616038713491,0.022418100648334344,0.020139633144552176,0.015651606347229275,-0.02586687697757488,0.005184354574418231,0.0013674073775397165,-0.0020230885953397945,0.004550210084520782,0.0024470937948953327,0.005197006180074448,0.008273681180211783,-0.13115440407042162,-0.25925487427835797,0.12534339930173807,0.011771162755091496,-0.1619150862651535,0.0378868178742105,-0.12559035905797802,-0.026324111756292908,-0.030225003490842412,0.03822346261619805,0.024425783664378288,0.024470435608460045,0.037811988785903125,0.0035599412635219487,-0.009551840806094133,-0.03622336244582603,-0.01152107600846729,-0.28966118142805486,-0.2762046081065454,-0.02571678793623188,0.0066803851554465945,-0.06329459887200917,-0.01713316146036462,-0.007926243548563727,-0.004043213892726361,-0.2395312477861785,-0.022345124710878732,0.0017219027063053206,0.0230108989758259,0.0021528514035931354,0.0028549469627447543,0.03190746435648184,0.006434810424724043,0.0033052852128795354,0.0041389194525065206,-0.017251456593098534,0.023117210481507885,0.2616499698770747,-0.027013966008523748,0.210563373946963,0.21695720808486677,0.2207617027800148,-0.024278788129354318,-0.034711791150516404,-0.02992361954054733,-0.03434199616965064,0.03176634389219149,0.03674770061046011,-0.004703259224272434,-0.020796884496035697,-0.125960456297976,-0.0003182751284245582,-0.0005399221229446269,0.23384002110073,-0.17950064211626302,-0.011215526964428872,-0.007508874915653165,-0.005767160160106705
Hutchinson-Gilford progeria,-0.013716806132151444,-0.034806077297462865,-0.02567928315788735,-0.012097607124300254,-0.015091472194975149,-0.00044725791263273756,-0.1943454002194962,0.2978359439412676,-0.5000951085239873,-0.005333946676530913,-0.01046701965027913,0.13354375932635168,0.00831039009012645,-0.03027132168585296,-0.014331992223193998,-0.01885814117936409,-0.017383472499059256,-0.2723964475780603,-0.12347275398058317,-0.0009722484118455767,0.1855503752748746,0.1030672202958195,0.000817324679247761,0.0031402013073922913,0.00533804645302137,0.01232334728910532,-0.015833138596889763,-0.011285408793328818,-0.0062255274766962465,-0.12573415537205557,-0.0033825471170344603,0.017330586481340338,0.09294909946054508,-0.017630244695785717,0.2686736429887337,0.27709147999274153,0.2792585293170707,-0.08984466384049603,0.32793960819723783,0.3205079970207498,0.29855619708099523,0.24651755832872327,0.23938476899442074,0.2261366044548855,0.25437155126729305,0.2461148340299342,0.22811446457368273,-0.0050477810837887055,0.25865577677230067,0.25992255681446075,0.2605803045152087,-0.03006246138245958,0.10203558038656997,0.18518187752641746,0.1750425909495655,0.0037652629735539203,0.013481502842429131,0.008106693680683192,0.0026093269979790444,0.0004118374694798111,0.11429345337289071,0.02335557396216474,0.0015523825977358388,-0.0149849167538165,-0.02326773825779579,-0.013195871355851804,0.004209792524185493,0.2567024941740754,-0.10835279318198901,0.09496447543196126,0.42472995424102117,-0.025251718210662886,0.44688350522359166,-0.23012543734425295,0.112925700291226,0.01619395942128578,0.024263933666021854,-0.018192454424130207,0.16503226512561592,0.44661364487378047,-0.003388566033469268,0.031378640762743056,0.00566470785942376,-0.009303395529501398,-0.027021047341717314,-0.013555103391398976,-0.18936299701587242,-0.10496135295631044,-0.028293625037655853,0.0022505977566654213,-0.013100589296863646,-0.013410045144562371,-0.029009579559422703,-0.010888207622361782,0.006699958669381503,0.01399915030903213,-0.006777127355636089,-0.1952371662132522,-0.0226523717848506,-0.1840471826298892,-0.18845477440706368,-0.022536791535362928,-0.18444027407809396,-0.11756579760258659,0.02790121480205701,0.001804152842285264,-0.2635284367690228,-0.25588131002269615,-0.24456181246260703,-0.22674942081293012,0.007034807184686708,-0.24181509916799035,0.006385361574470394,-0.02572048999626489,-0.17728392021895273,-0.18371179210386657,-0.25271205571399286,-0.11022439289510738,-0.21861610795042305,0.1163490492769312,0.19884740258372074,-0.298932277594357,-0.2053990230758972,-0.18355302469345763,-0.030033206900906505
Hyper-IgE recurrent infection syndrome,-0.039160446620938726,-0.13107398854010957,-0.037462218269110996,-0.03547866029926321,-0.15369296351768308,-0.007110381550961703,-0.00853189567821345,0.2608672257676744,-0.030253603597715156,0.037441269730355935,-0.16029515252689486,0.35887687657085626,0.019699776806739445,-0.13318264122879672,-0.022898091242146437,-0.030285530597771664,-0.02916962600382097,0.04986298381352808,-0.13628373617123912,-0.02228578823332956,0.01694190507016869,0.03423573706703507,-0.03410580341899337,-0.032106067697784756,-0.026966997667623015,0.025807436655543123,-0.1462424099745243,-0.1402620599020001,-0.13018089220378348,-0.03778001567471287,0.01270673298541122,0.15014465368125274,0.16183778801642276,-0.00683389048020455,0.025425601851995234,0.030010488573903347,0.033919674369627104,-0.021538772903856383,-0.004035844611978867,-0.005728808281499709,-0.006998274766449808,0.009336960922948234,0.007613693119650144,0.005466323197815082,0.006264311650236151,0.0037410011176689734,0.0013754637714853946,-0.009891892965488402,0.02087079321607752,0.022581553927484444,0.02409550794273598,-0.029805523040050685,0.19068217234961632,0.29655562893393256,0.2956418319823004,-0.02373593722182964,0.004278193107816712,0.005283300174311783,0.0055626905043195864,-0.044440349457769555,0.03435174942730397,0.00849668937472428,0.005736174268687174,-0.004148829345789859,-0.0591883358104131,-0.05372747867725491,-0.013421248210072616,-0.16014565445432513,-0.1833386893516666,-0.04000402180456923,0.15789692331675606,0.21628987355429496,0.37215007288059043,0.26428137135715607,0.052778919909170705,0.18889923232531386,0.2556326024993782,-0.15717719229605587,0.21427403575334378,0.3738744983503895,0.04514961782776225,0.3525360073963863,0.02876146905241658,-0.016103933777077178,-0.032164021434898375,-0.014276524325992404,-0.003918587908273,-0.037082402242117445,-0.18586080083147016,0.24930809769642953,-0.016419636025570283,-0.024652928843560087,0.04555811346458298,-0.0398927456563222,-0.3462964560240248,0.0032549669544768736,0.15153181640285165,-0.27208673786232934,-0.3125817741295702,-0.24517386760675394,-0.2569835232847121,-0.2207885792406428,-0.15884604627235283,0.024181959520143615,0.020436352729181456,-0.010937965713364388,0.14639446119689523,0.15475474519000537,0.16035747800347952,0.20841799155366192,0.15713550368229084,0.3555336098240875,0.2932060415534445,-0.02999067439675909,0.3768093249773926,0.0187977780584705,0.2522356555844009,0.30126734693092116,0.27357938273399396,0.3288016514680785,0.026702777680383705,-0.29530930600350236,-0.026483820607385494,-0.030169775523561683,-0.028934106865384418
Hyperphosphatasia with mental retardation syndrome,0.2077657091500694,0.12794355423625528,-0.031212767387219603,-0.0201680843714953,-0.21866950410113334,-0.030527568118618145,-0.1662898182819249,0.3158602878864135,-0.19021569425817778,-0.3660319269689499,0.28352283640723375,0.18980509435694468,0.00795680920595666,-0.03413459090298093,0.02072898614453115,0.10002563294046612,0.10467832663399197,0.19484552757823193,-0.10671227283073476,-0.0004358897911804414,-0.014698501206529657,-0.009106309728283682,-0.23033894014664477,-0.223619883739682,-0.19753660539741782,0.02488495460807083,0.006859140333577368,0.00851594485495615,0.010018796273101678,-0.014030225814560189,0.033412856758985844,0.13860178348694746,0.02582444935789871,-0.0073018826681556116,0.21161539732027884,0.19905290811685247,0.18219802905201798,-0.13906585119677892,0.2176067207153611,0.2082857621236464,0.18739216055308336,0.13140002697192502,0.12772242145300836,0.12004961998167776,0.13790281885631117,0.16802640654887832,0.1259222345071375,-0.01630951196782732,0.19077954411166057,0.18086115903208852,0.16819143208110027,-0.02037364630686245,0.152103905514318,0.11999322990446287,0.021984696651169706,0.0049834152335152685,0.016043022314988283,0.010347981206955157,0.004305304570913364,-0.017370913680702163,-0.008387994317058604,-0.010378462141728979,-0.011474541430787437,0.003453219449839265,0.016148168559471498,0.018582446202115917,0.019979906680370998,0.035982647126004075,-0.12065231660464436,0.15277569110972067,0.22888342957450922,0.03071923513237053,0.3104961897128518,0.027850632902951138,0.2083688250052828,0.1995835680984685,0.036431350814912736,0.21398042677245332,0.01661368790058774,0.3094950920820061,0.2294724600168311,0.027819364964205843,-0.099876719734059,0.018156922100886822,-0.00285887419132539,0.0017923241742115476,-0.019201705566593754,-0.12969095772012126,-0.02865319049951163,0.006426858320234999,0.1683599907225276,0.10753346255218801,-0.019207332856282785,-0.008047304885240476,-0.28448061168012,-0.019225106799114586,0.0013070604689484555,0.18091449169229906,-0.01670628544106252,0.2344271856269426,0.19185119459204011,0.24342993747228658,0.05562474731554715,-0.11269570590373508,0.18741959356017687,-0.01713648851246548,0.1262399242523266,0.12930297259904874,0.13093827483276413,-0.17598449137979943,-0.2981350936522949,0.20691550556542312,-0.1693697588577862,0.2367664768080099,-0.15242291502336625,-0.20346026816615573,-0.006299874521648196,-0.2697055988217727,-0.017378232193389822,0.23472370839040574,0.33703898072535843,-0.22002607309487132,0.01318056861496781,0.025319980300748772,0.100346789159043
"Hypotonia, infantile, with psychomotor retardation and characteristic facies",0.1708915585970096,-0.009607843005351203,-0.007117005523933079,-0.015035382563604281,-0.03181893928538292,-0.009890271573790745,-0.20921295007527468,0.022929074278845822,-0.18115148322344055,-0.23939915571958223,0.03577905111569906,0.045193350645251325,-0.020659372532761688,-0.016499522016772575,0.020045253363656174,0.025982961408536422,0.023456393368853447,-0.007528621808519999,-0.027312260903553206,0.0005609180678029916,0.02313785441913556,0.015889369319233147,-0.023819894367788662,-0.032157979438643625,-0.03585602833679473,-0.002950441756405023,0.02670392724105925,0.03184405324154712,0.036080696282675816,-0.02613774796600303,0.011260248843952544,0.029713883996887222,0.027595778908246094,-0.009256703518244619,0.0007823333257649976,0.0013075077502659551,0.001813193825882714,0.00105463433359343,0.003218666269457072,0.0052131818460771275,0.00678871271370534,-0.0015523960910542507,-0.0022178002700668216,-0.002937979947101302,-1.9284251058911186e-05,-0.0007973860174489149,-0.001574877401334758,0.006389397690897185,-0.0007591576092937498,-0.0008078360369003148,-0.0007905648497707422,-0.017307365142272945,0.013384501637695032,0.015667819179039578,0.011448273913094983,-0.00539293738645482,-0.008661535510160044,-0.004793128745385758,-0.0008314697015957955,-0.01065030002731517,0.03534996006020557,0.033822733140571104,0.029122356178001314,-0.008962488786685754,-0.02085279251348309,-0.021093245882007658,-0.019340490797654396,0.02112742733672418,-0.02521463080054015,0.01822568126717408,0.04467722924694206,-0.17943462962528303,0.03145195613020282,-0.0181858060026025,0.009324468348143133,0.004356683760852762,0.0004205268765181022,0.023202967014761124,0.016195628999627558,0.031185903692133095,-0.02523289670567049,-0.020115212549373554,0.010178723353533883,0.034461822233547594,0.0010783641491096127,0.005932402797386026,-0.2636658260566727,-0.03838134864138952,0.004986572449850242,0.029461986250741173,0.16101559049553327,0.16463096158967894,-0.02411408634867755,-0.006611951535469094,-0.007834745675493056,0.0033853561128064217,-0.14547688665750202,0.0414912536296062,0.00614125953519076,0.1572806883282635,0.0444126394266956,0.155127802133702,0.029155567874109653,-0.0373631590091063,0.03192748805844037,0.009299750075538937,0.0192824961581273,0.022895964299722148,0.02580077496522819,-0.17433408873387857,-0.040131445879658625,-0.018608259433397042,-0.01239885323166191,0.030628388045904176,-0.03258797415541602,-0.03739005419818455,-0.03694097332698198,-0.16221664873792113,-0.03620152464106068,-0.00016320699263541467,0.027845544498532243,-0.009043961758227722,0.16379739002072485,0.20721590029362158,0.216267708389766
IMPAIRED INTELLECTUAL DEVELOPMENT AND DISTINCTIVE FACIAL FEATURES WITH OR WITHOUT CARDIAC DEFECTS; MRFACD,-0.0019258033496137837,0.021312247505866348,0.007151114930665089,-0.009746193561350668,-0.010063899189535765,0.0013903067886592581,-0.27822447940148304,0.00032867023395781355,-0.010123475410300222,-0.03953427620373331,0.02077515384022532,0.017581938078899375,0.015461820552673236,-0.03579544258309762,-0.025067637146456274,-0.029904034564044626,-0.02680733874967475,-0.0320007263827075,-0.000741975980053191,-0.011772505140316056,-0.007160409499311183,0.006138592497449044,0.0046784072330277714,0.003349078465818064,0.0019069302647486078,0.029995484017500778,-0.1688672656163209,-0.16529496484251674,-0.15811435083229952,0.005366648480081388,-0.005483223476070674,-0.00047042672337016447,0.004511701979215974,-0.009098440926817195,0.007162108786492758,0.00862326783703612,0.009817908085658638,-0.023081775609934987,0.03498586588035597,0.03368762871983912,0.03080361996083194,0.033141893999781645,0.029061965283096153,0.023618536575524245,0.03337804430999959,0.029426903942476698,0.02407530174411481,-0.022257386597965514,0.019793460021458785,0.018195801273413775,0.016297612993665105,-0.0003953156548375159,-0.028392488384481565,-0.028403898557126103,-0.01575377934398687,-0.0282015337281729,0.020169487905080517,0.024404633745857208,0.025719048286879764,-0.019891001436893443,0.004754544679383352,0.003005767775644805,0.0011035087962067381,0.0039034616428919983,-0.00019277752198433901,0.0012184576803616733,0.0029719712483637834,-0.019879628522269384,-0.006841992869000393,-0.00033310560203914016,0.010101457923946318,-0.0034003411781472607,0.22100009951834215,-0.018486174349608874,0.014529440686165813,0.007855915284629741,0.1917408276223227,0.0265768777222398,0.0012029862976377782,0.2208231543812367,-0.011149872829566726,-0.037142178582516304,0.0002881380157716687,0.025934946374066625,-0.24387833087220587,-0.2592234952210007,-0.013777170459682596,-0.009975256429730826,0.022941453984549325,0.015253441083947859,0.028267886484487508,0.03587894967240168,-0.0026050277254514825,-0.006737448316018992,-0.005949178252115696,0.003958460455548023,-0.019736938260685177,0.035023898161723084,0.0467454265697774,0.04136015669586615,0.03617741675662904,0.042201410507818934,0.021710746286598564,-0.0035156681408382152,0.0044969985160743945,-0.013534152675300108,0.02507344111356919,0.02943842439382828,0.033425863993723895,-0.02347454366393027,-0.02135571152704669,-0.0021155044401934124,-0.03587741038228407,0.018106010523266367,-0.0012137058413254033,-0.01815440291286252,-0.012522679948352168,-0.030847716771689574,0.010655650294292612,-0.03045023196737933,0.029338527298911968,-0.022846226990354115,0.02230671424161019,0.02625429162232675,0.033427909467935744
"INTELLECTUAL DEVELOPMENTAL DISORDER WITH AUTISTIC FEATURES AND LANGUAGE DELAY, WITH OR WITHOUT SEIZURES; IDDALDS",-8.235099639764322e-05,-0.0011371705530829161,0.006194548951589092,0.010818504165846378,-0.011171213469584986,-0.025070124852502713,-0.018043200999244453,0.012521896052032034,0.0007619552213443266,-0.003239397669809077,0.003800639667187611,0.0034542161329197984,0.023307434580955345,-0.01681620247113853,-0.0011412164090787587,0.001441779481925153,0.0036476445507288148,0.0022152115967876483,-0.004226107975467519,0.017124255533143368,0.0026477531207622683,-0.01485719276725999,0.011522470445633504,0.009420354271855978,0.006394499300488659,-0.0031539669533285136,-0.0030547224382088613,-0.004303752433240539,-0.005865461114790576,-0.004733831462579898,0.03568315402652454,0.031092224815589445,0.005364322937708679,-0.01318461614582006,0.0065503931549746085,0.003042163582384093,-6.69334418633473e-07,-0.004039737472118204,0.0041502342060583,0.006032934077967075,0.007159834084620415,0.005223961941969025,0.006253811717222254,0.007072761235117448,0.0051945638081759,0.006873621383086773,0.008119581396732205,-0.011552847087144902,0.006531843448926137,0.004594719141250044,0.0027555702891464457,-0.007963940987335032,0.007297969794098724,-0.0009736533360803796,-0.010803584325143244,-0.00522588162736137,0.0006982185688190416,0.004656075409048036,0.009067877081707164,-0.014881342519657743,0.0004948825216016587,-0.0009721598298009813,-0.002576916879771555,0.000779383186281933,0.0027725250394176598,0.004912059241936149,0.0069331672840155815,-0.0258745839466975,-0.008702372056285082,-0.012184008942056004,-0.0020595683947465036,-0.009302437789033158,0.004800372066834492,-0.012252577135230435,0.00012404066228177202,-0.0019914594649023945,0.0010603627756523432,-0.008617624149244081,0.01013487947497548,0.00496846695614781,0.0043519013147186114,0.00619588547753282,0.0033080697970025376,-0.0036003943846153142,-0.13154546836000042,-0.12578646066018354,-0.006877035309532931,-0.0010665820129872254,-0.01780048189146679,-0.007828757063751619,0.004736645764277423,0.006646278132746367,-0.006747426878856219,0.013010388181709413,-0.013301671889328614,-0.01867794915684683,0.006302745527353876,0.012248118775516912,0.01653269806818357,0.01244332251221787,0.01276812039089411,0.004947027804335064,0.006788871259528339,0.009511256692273377,0.005533949382472925,-0.010665393657033471,0.024808280369634745,0.02413132547193567,0.022467372514071392,0.00036410116454436015,-0.004094192375932466,-0.005904276460348224,-0.01548122624965835,0.009192038037492951,0.030936833174634637,0.010479634950639043,0.0033931588832295375,-0.00873055723730485,0.014855339720512478,0.0010658050895097698,-0.007377439127159949,0.003072724069189217,0.0048425399662967205,0.003328444319822399,0.005393327635721366
INTELLECTUAL DEVELOPMENTAL DISORDER WITH CARDIAC DEFECTS AND DYSMORPHIC FACIES; IDDCDF,0.0036183098227240778,0.005205954962125274,-0.008143297696077162,-0.016846499200327398,-0.2201479745057199,-0.12703312962185226,-0.011169075723816162,0.019122072530662716,-0.03362304152853731,-0.01895882636592171,0.009662986798384546,0.15126786269595402,-0.01942361883997636,-0.026604555412203024,0.023220337509353494,0.035978452645227435,0.12332503289158409,0.2740245256684078,-0.0359467016964093,0.0069588281071103235,-0.003232669649112603,-0.00975491827559438,-0.03266555896491511,-0.03684572708572196,-0.03756243219334159,-0.00825192952486735,0.013304182688263918,0.014157151087969612,0.014680046434658454,-0.03527449340994787,0.21254044114115636,0.25244691802013103,0.13648337397045576,-0.02030255233524531,0.1468378227789537,0.14211306915412808,0.04143149892083501,-0.02374900384246618,0.020615238425526778,0.020309024067693943,0.018977455530386766,0.02266180225343592,0.023646555590804082,0.023758636268282726,0.022716858171855214,0.02367906006464376,0.023997647589496445,-0.02073069614499184,0.036500290984387875,0.035572141631708264,0.034498874584330624,-0.0272344919215854,0.21631093787425631,0.22856901143737707,0.13761313364567676,-0.03270555112017217,-0.0005825162158240589,0.0015223910975684252,0.0037998013362089997,-0.013837349147711989,-0.0026295890105800268,-0.005748884312360669,-0.008447677650724416,0.0004227358073997703,0.007245141976956758,0.010014779026683093,0.012442459676781153,-0.02443251861018139,-0.13218058809583602,-0.00315768395547602,0.1519420584403935,0.002062122547266156,0.020085970962437475,0.1701242541890733,0.15360910131526406,0.16598101985680228,0.02482366461973991,-0.0017603297209102683,0.023015347587904897,0.019612915264525074,0.20708242314119357,0.27481429441892274,-0.0017376439705371982,-0.003681708234424491,-0.006280152710528376,0.00024074387893408886,-0.17103369578433678,-0.1791005005094132,-0.1006970786568805,0.031084345235847424,0.024926028582184123,0.022976331575937283,-0.021048602288081433,-0.008816941143967444,-0.2765326596592289,-0.02551248627626477,0.03182201537417818,-0.0017559273723465108,-0.02877076672797981,0.0018660176703358955,-1.5352039192412522e-06,0.002371264629175856,-0.0039128289071926935,0.0003643547904052806,0.03231602055339892,-0.028672052363246915,0.13682320064723993,0.04206391383321721,0.040903015865839894,0.001595092728901713,-0.012438022573748975,0.24623183265511608,0.012175535476354657,0.01882061794817605,0.034208181074173456,-0.022017328132179843,0.021813387589473564,0.0029202157627860018,0.01941543158258424,0.28677540813592256,0.0031738214367169515,-0.024923293491969745,0.01983216714339577,0.017047292586219412,0.021704184249827185
INTELLECTUAL DEVELOPMENTAL DISORDER WITH DYSMORPHIC FACIES AND BEHAVIORAL ABNORMALITIES; IDDFBA,-0.022892393178921677,0.01624975267451559,-0.04023424496057694,-0.01024311281770705,-0.013103455393916318,-0.0010633981858200513,-0.023066756645346416,0.22992322909624927,-0.23518054278552483,-0.0007224917322525752,-0.008837450660022719,0.2745013708680945,-0.004558459070434907,-0.1517793080313188,0.0010778410216562987,0.005607601406827376,0.008976221241050325,-0.028801273710857788,-0.04349721258325202,0.005461805924407444,0.16000493801034216,0.026001083211124217,-0.008102019031591095,-0.013688639906266818,-0.017948712738521437,-0.12594545686187045,-0.026218176298046854,-0.020508817465627233,-0.014595105019068681,-0.027343874106857256,0.015483532885912147,0.03210049190794242,0.027470703609210275,-0.014888788940010056,-0.018695223558373053,-0.01756718979774498,-0.0160329584354384,-0.0343021712852907,0.0010101652636303532,0.0012561749849493836,0.0014296239732305772,-0.0013187012773330058,-0.00317741302589457,-0.005133053182839529,-0.0012035718305582698,-0.003229698336555812,-0.005411592682132455,-0.007279012907331383,-0.010635185042524717,-0.010944600923105811,-0.011136107976076686,-0.14635009070826113,-0.03825491843480822,-0.042850225890181004,-0.031589548307319325,-0.026586821025647155,0.01451487094031047,0.014133781067685773,0.012216893884795157,-0.02716425137338947,0.07569372738889496,0.06617916791015671,0.049466271091604695,0.0026477162444189686,-0.03491444737834719,-0.022114152873907358,-0.01415060066052008,-0.03545508474669378,-0.21287433676902562,0.01378681016221779,0.15238174962857642,-0.017346266936617918,0.2753105225570978,-0.016265767018698408,0.0027570129130753177,-0.0006415574831063206,-0.0036789066228273253,0.008721091997031898,0.2261555157046825,0.2758073447787499,-0.019953233259304676,-0.04206318561770949,0.011522262749590296,0.021169736874522505,-0.27144456020461394,-0.21472624747565383,-0.020480916371834215,-0.010448887267025142,-0.18136347327444224,0.014647076969857648,0.013185535757632372,0.011939243638162008,-0.03577334508079012,-0.007464998968587489,-0.00419875223985585,0.005614550093800506,0.007550543419730669,-0.2220444629393399,-0.2082601860100087,-0.15075730765359185,-0.1683204864425294,-0.0362367292176662,-0.16429665824493037,0.010377084819738498,0.03931032210857064,-0.16333433535005107,0.04172579561804515,0.04295038280218482,0.04429179636637131,-0.014698012469343075,0.005861595988232546,-0.0033670183057569283,0.02971363082715443,0.0005927430938531261,0.198848765762016,-0.013226166639073784,-0.011125072863506535,0.0032598814194067134,0.025772559080433875,-0.15022596229569027,0.04590196401133037,-0.3752256030034605,-0.0018426373499598084,-0.006296005960224095,0.0033453552123989057
INTELLECTUAL DEVELOPMENTAL DISORDER WITH DYSMORPHIC FACIES AND PTOSIS; IDDDFP,0.025702981772208332,0.05083529303482724,-0.04243235209538334,-0.03441437003069436,-0.19112198826232912,-0.008084641694181492,-0.0066878516526877345,0.2925470991691971,-0.18485779575777062,-0.1536446611655211,0.036296030482368596,0.19734013031240732,-0.01512572096553218,-0.16054534238942048,0.03092914643785158,0.03365712283553037,0.027370899111280773,0.1660233998582743,-0.15897989065459145,-0.010841455208228086,0.01981752064319828,0.025056123206269026,-0.00030120337884305816,0.0014859912086468627,0.003242091706940555,-0.2111563684541772,0.013263231351930058,0.016101050206970596,0.018140779059398874,-0.14620362538369203,0.03445422757013205,0.298471116392408,0.28466979299424516,-0.00710751158890337,-0.010182893281580042,-0.006289318177517374,-0.0027723690836313915,-0.15714683018829945,0.01436796069416258,0.01012842002419297,0.005827068553772936,0.0009590471977664636,-0.00011754657109245133,-0.0012082055332737261,0.002101137280659126,6.27992622109325e-05,-0.0019763720085813003,0.00472910228013697,-0.005176618477100875,-0.00334735092693041,-0.0016311867580873806,-0.1633258092059958,-0.022221639248386583,-0.014137974923919777,-0.002321417542798744,-0.02006877840118386,-0.02399840458481777,-0.02489670119912994,-0.023550736598186083,-0.023173019691017063,0.09447109774124308,0.08863529979936077,0.07404737155687006,0.0021346942747665024,-0.03406791737934188,-0.03399574144269258,-0.031221005181746204,-0.016191822911466307,-0.22992923842179563,0.0330042457872995,0.252439990516774,-0.003161322353913418,0.1738739509672231,0.03144048121967117,0.128399951368274,0.13037320488564771,0.034586552906237675,-0.008656856335458584,0.010844504807679243,0.17392748445448492,0.3538762142175897,0.1848085667586167,0.000607211489960249,-0.00766356603894245,-0.238131315084529,-0.23613478169143812,-0.16096812157278437,-0.16885594101005247,-0.23111654972938483,0.03616726478345364,0.016858899345469035,0.015495909908624192,-0.1472557330181416,-0.028298289177323705,-0.17494648602853977,0.005458585898433992,0.023453962263847928,-0.011701606840041671,-0.2089904554504402,-0.002664444918299159,-0.00849679746235467,0.008926516580597855,-0.011887331480977854,-0.01923151516546189,0.29699618344270023,-0.03504505325821207,0.23911175687272454,0.24612099305321877,0.24678881845090425,-0.027415987187018757,-0.04168006780484504,0.0438642999293753,0.0011846566689529081,0.14603139468606205,0.03312421909594916,-0.04732008052283925,-0.005440092210545795,-0.023547679854665462,0.006842880109716027,0.11708749076743195,0.2834178856030327,-0.2747220837699347,0.01595983389695775,0.022809758068640752,0.019637174254941075
"INTELLECTUAL DEVELOPMENTAL DISORDER WITH DYSMORPHIC FACIES, SEIZURES, AND DISTAL LIMB ANOMALIES; IDDFSDA",-0.007698338414453776,-0.13716786181880214,-0.032708698713489526,-0.015814828626221,-0.011320713841450007,0.004309244618270558,-0.018431654995823027,0.035096181599123054,-0.003153777898779295,-0.01080825802968512,0.016141268853692672,0.18217834972405705,-0.009570556123510156,-0.02230900245584924,0.03785354182736219,0.041863400827310965,0.03523791206289627,0.21361743445568449,-0.009464557415063524,-0.000650072690533834,0.035877406437138604,0.022804687656296663,0.009036385944589439,0.005657625920534261,0.002161765459330947,-0.0046254230069181085,0.006559965000327644,0.007606468743060197,0.008048266301711505,-0.007967798918156651,0.2108845659134616,0.3221694082474155,0.2661517233937846,-0.0050287445916271855,0.027693452449531714,0.029125025175581357,0.02937005313710778,-0.020151261004846686,0.009097845971881669,0.006965405330533847,0.004416014446688586,0.005879453524458646,0.004542594218172903,0.0030827686096130866,0.006359614652760645,0.004478648480451536,0.0025067980412169246,-0.011510018386333556,0.018693212209998727,0.01872971560900438,0.018728287790418446,-0.0016146000276892937,0.143769215797716,0.2353841399619931,0.1671901991349913,-0.00878742800162413,-0.04168688160145434,-0.03823879557025301,-0.03072418397130479,-0.014720141564474754,0.005510164643583263,0.0029470017581316203,0.0006667312920527503,8.715108423570899e-05,-0.0008412199145836914,2.5385997667607746e-05,0.0010692572389666927,-0.24487177134457794,-0.004532734123712257,-0.027353353132520575,0.02248995326239049,0.024864661855046707,-0.0014563847304921666,0.03467616854363874,0.0410169259090591,0.041807217961584486,0.02688755835461478,-0.03916610716039586,0.018273838368897444,-0.001477822901887343,0.021418552757454423,0.2525225232924299,0.02549162063347166,-0.007897580989836442,-0.027542694547100226,-0.023022004363104136,-0.017898234847055508,-0.036283493222108464,-0.0183554397087112,0.004082718884623935,0.004377610635348536,0.00395321213884764,0.0006591515875255683,-0.021604123932087205,-0.2513586086418482,-0.002798684770210837,0.036427704042992386,-0.019351038280706973,-0.03127522796909763,-0.010207143422044618,-0.015938517776035464,-0.01656883324631379,-0.0068993388736156526,0.02603780726690003,0.02664332064359324,-0.01855791175760798,0.2915334620357106,0.29351395728388574,0.2946765814204847,0.016681640419124663,-0.016093210014011528,0.25703894746784456,0.032647830834371824,0.04203662150914051,0.2202302795737743,-0.0033585573191786426,0.034552868175254776,0.017941026596362524,0.2731231356499785,0.24351160003953704,0.04089318354801561,-0.13355334488271733,0.014483700649350926,0.00829263877242195,0.006251671259026757
INTELLECTUAL DEVELOPMENTAL DISORDER WITH HYPERTELORISM AND DISTINCTIVE FACIES; IDDHDF,-0.004266532250312872,0.3140457650946968,0.012399937208120883,-0.000456972799591399,-0.024532762834444555,-0.03050194114364106,-0.16740730891676306,-0.03209952635602312,-0.2538335399544371,-0.012123613330767195,-0.005319084894463967,0.21393452625180615,-0.006893165512961207,0.0012067141513768384,0.023165704806011433,0.15467410113939867,0.1699655542224158,0.2919580708705717,-0.0007850175162034612,0.039528175588915096,0.048868081783500494,-0.005307712738177983,-0.03784840131400496,-0.045410243812417206,-0.04846001313430633,-0.027805827311359957,0.028649929756279398,0.029981191733539553,0.030748026399895753,-0.00043895128429162695,0.19893386520712117,0.2770074853420305,0.03152441947377422,-0.014605584385382675,0.004879319854426841,0.002041876541522979,-0.0005602075913910767,-0.0029682232548711852,0.008672567966318611,0.012590920417898372,0.015618106096271228,0.0016902927987882948,0.006682817143928801,0.011131737726865744,0.0017492730170721657,0.008022075484419461,0.013152918015646551,-0.020714452575746164,0.00361267251918677,0.0037548602623670544,0.0038436338588189903,0.005293439616062903,0.008658956782581323,-0.005080338592153639,-0.019795882597613196,0.0022394442969361043,0.048067432184507215,0.18033048671642254,0.1923014058009037,-0.011140997691358191,0.007808728555079816,0.0038984730989180504,0.0005463719784346385,0.0005957698827831751,-0.0013225082373717215,0.0004877457861197211,0.0027252707797063938,-0.1823418446601049,0.0012638798425524127,-0.03414755035057654,0.21724480207173996,-0.006511706512524238,0.04485587501096381,0.054867265250298454,0.05548015256697102,0.05785448430651641,0.018499596743000904,0.0532080577726821,0.026262947468310927,0.04487056169962534,0.34319562355822536,0.17692929310070052,-0.021828979072915217,0.03229815590030855,-0.029578925322659065,-0.022212412276118493,-0.2159126435490065,-0.21428529904478721,0.016625402850711218,-0.021538184118279877,0.027562845493191462,0.03429284774946697,0.020729388623431988,0.0008854006357987318,-0.3144372312704074,-0.039996625763705815,0.039358757236254954,-0.01984287515449909,-0.01096164109217384,-0.016859661679689837,-0.015436661887202194,-0.004594033978255266,0.007327262592493987,-0.018954432718547257,0.010440739416353957,-0.013899159874601072,0.050069176326916064,0.04980066625742903,0.049483712146892476,0.02398787226966979,0.004314197523522819,0.27450546655804076,0.019387364732072847,0.00519327627863773,0.03977609025666186,-0.003795654167774575,0.04280147343062212,0.02770566019657854,0.0445797731482928,0.19484159596695486,0.03878855747280231,0.006311820235136128,0.03012266196846048,0.02029512052465285,0.02973784399836948
INTELLECTUAL DEVELOPMENTAL DISORDER WITH HYPOTONIA AND BEHAVIORAL ABNORMALITIES; IDDHBA,0.006747264173558584,-0.023522851206944317,0.009637375562194826,-0.018079347768237452,-0.020680208334649054,0.0008962381821962989,-0.03262788584944564,0.031071484170154182,-0.02858247235970208,-0.046202596638900015,0.037145748888952924,0.009866738702617008,0.0010155178251558046,-0.012622263453855025,0.03954523839804376,0.03754340332157904,0.02480163056007938,0.004445404119320657,-0.005608483546807216,-1.6049479069149515e-05,0.03835030103666513,0.025028536365706035,0.010375407474680218,0.007224742021436693,0.0039541425023720805,-0.028280641811810062,0.009222541412571396,0.011345463043882977,0.01331216120767157,-0.012048887900359753,0.03457968107609214,0.19689585097278434,0.1795938909150467,-0.023492390384641973,0.17654757381242078,0.18183963318762414,0.18292822968116518,-0.026250885169382805,0.16423287766623265,0.1499423597854307,0.041164551013876026,0.14326021777627218,0.041053353458293536,0.036573455063984156,0.1490738909186234,0.042362541906235146,0.03701021403836468,-0.02131503721237601,0.16368255369391446,0.16145038614086338,0.1575660785227202,-0.010462639422285145,0.03935556427635683,0.1747985816915559,0.16771562398641546,0.009153759228737056,-0.003750420928749038,-0.0028367131347331966,-0.0017254944892801333,-0.014363729088871319,-0.010092945429105077,-0.012872393872972602,-0.014481717996179005,0.0008032801375028722,0.014398722219262604,0.017056512370116225,0.018961832062784397,-0.04228660250963058,-0.01556856907945512,0.0036363614510487763,0.03546669470133119,0.0015259614250890269,0.005525335831760164,0.0010240358822753571,0.03896124819778608,0.0331081687768308,-0.019227014804788,0.0015528298484972435,0.008879333965734272,0.005654989180210486,0.010351613948555128,0.037463888459540184,-0.00523843994251616,-0.0026133870870854873,0.004385130521338,0.009332176588951384,-0.03763549649824681,-0.03853756531210044,-0.005362679266958803,-0.018604419186207925,0.04228573965144642,0.04149703904443206,-0.0066475053116830125,-0.015795726063033377,-0.024638905815669614,0.0052285058426153235,-0.0024008377901161226,0.04275181842227869,0.015300660578011632,0.046315854789129064,0.04363021238597043,0.043273136104005364,0.024112604007886475,-0.008267191255289697,0.028172565879252046,-0.02151957973966842,0.17225422621205416,0.17665638450914556,0.17881902930595125,-0.018026453454248293,-0.03938707682201692,0.012276116902566497,-0.011465418928101647,0.04746478971242851,0.015545061957698445,-0.018794205208591427,-0.004210794452490504,-0.027525989707791746,0.003504917037549248,0.05181264353152106,0.006188079031644895,0.0005235829454811566,0.03846313584559149,0.03568123233474424,0.04062919139526136
"INTELLECTUAL DEVELOPMENTAL DISORDER WITH MACROCEPHALY, SEIZURES, AND SPEECH DELAY; IDDMSSD",0.008929217634900472,0.035592546242321256,-0.018843867130606002,0.0028962055221696363,0.0016413083505359553,-0.0017579485057904855,-0.031526702970168186,0.01484454766119198,-0.022632582762062405,-0.037103656058624326,0.023630521711497456,0.014991425150470583,0.017128639118458605,-0.029084690906348423,0.031880351572563755,0.04069259630473821,0.039427799549386765,0.006108568050038358,-0.0036963329354817126,0.01889065225528536,0.04667275147642154,0.008450027040639118,0.009381796876607292,0.011948139449966396,0.013323977883087186,-0.014200936390363437,0.005351476893736306,0.006395029650332607,0.006897851445670699,-0.000725818479711867,0.046260886011627346,0.1946791543249833,0.04243107470735149,0.0002563051035827336,0.03492654725563192,0.03465067949008122,0.03326377967835999,-0.027883828012631028,0.1573688325926695,0.15567280148732593,0.14689604561908065,0.03157814167693907,0.03214149288326917,0.03135018257839584,0.03471276225577478,0.03527467130242643,0.03438969615325901,-0.014982372180678927,0.03254565582705602,0.03224969192082907,0.03140919585834353,-0.0008702348192396464,0.011711012742531722,0.010478172315840039,0.005754885165537496,0.011390422155855725,0.011569970684608497,0.010818478630951403,0.009471925588365447,-0.004046424968693515,-0.002132574670990435,-0.0018981886377339979,-0.0015232747813169326,0.0025644665299290256,0.008329362116850743,0.008446745788434521,0.007833948746665431,-0.04237476398354975,-0.0027918222831489073,-0.006127927106557378,0.03171097186836562,0.004757986332656558,0.0054391215056269005,-0.0016149728982185532,0.03938356282954624,0.03273999372861482,0.06300532667065487,0.06285009451462695,-0.002033624036808858,0.005439131620301138,0.0019760200688607094,-0.026347208946858495,-0.04070712440791804,0.02837675125950203,-0.02732601679233725,-0.030160252297622998,-0.03064565232509118,-0.036215953519876214,0.0003231631366630965,0.004023707714093148,0.017729301689695103,0.018273741110809108,0.0013217931839687536,-0.000848888883663231,-0.0315800311326194,-0.008350348111257814,0.005461955197407748,0.007984288996055789,0.005467776605953521,0.009483896670070413,0.008951044428495657,0.009440998315514428,0.006057989524285929,-7.702485459171593e-05,0.010952045046940988,-0.014716590632621419,0.049622695631190095,0.049967959510966505,0.048571128254624354,-0.01968734176528619,-0.02435006585247455,0.005284511249627948,-0.0020648627563111953,0.03825107485976673,0.033376484669899974,-0.02084070034058207,-0.008207996236303238,-0.01997638859878516,0.004564829145698897,0.00951380810182406,0.016175937820775463,-0.01858245420595006,0.014699791409142335,0.01438137798909015,0.01714647746533027
INTELLECTUAL DEVELOPMENTAL DISORDER WITH PERSISTENCE OF FETAL HEMOGLOBIN,-0.0007975260919384661,-0.012466874903569522,0.009630413288630686,-0.032772757086151454,-0.18626451118269668,-0.006243343871586386,-0.26885177999339693,0.020105771089884792,-0.03235621937690961,-0.019132248759315157,0.0014331841111631092,0.33504201038677744,0.0063643727398858315,-0.024376642925293252,0.007088015345881141,-0.001701184437225683,-0.01138653667755154,0.03587491751776545,-0.02002883432095011,-0.024509548250280355,-0.012075302836041487,0.014557931520593514,-0.21221668626203102,-0.14688841663324792,-0.034435987952795205,-0.008118054031979396,-0.20736840427700734,-0.21354522054743433,-0.21384424701854732,-0.030734125403954028,0.018494771866999403,0.15999383618862528,0.19972503872493774,-0.028207809298135905,0.18822732310820334,0.18650060435379562,0.14486034721008373,-0.12164941066469384,0.0318190789658924,0.026701224206819595,0.020006306465985967,0.13725479657998277,0.038279338943980085,0.03216104503465191,0.13489852708175007,0.03650073648440262,0.029536898419461152,-0.020987570319357253,0.14986420420885227,0.14297266015043167,0.1344429786119917,-0.01889072352888934,0.02964472927099901,0.14678743621168303,0.1785538075262905,-0.01511070993026487,0.043041566685597846,0.04073122839742512,0.03478739918760101,-0.026979806374993615,0.0009062157075943145,-0.0018993739233851919,-0.005417090169415584,0.00242984312816902,0.0028049010605895185,0.0053173589705309094,0.008136189426945802,-0.23801928560640792,-0.03190074148183616,-0.031095290297421464,0.18783371310334132,0.004055861060313601,0.296357507037351,0.029752827340719826,0.15593508135362888,0.15177243084161945,0.033397464967341965,-0.0005263634347782993,0.01716702716553792,0.2957289730766968,0.01589641889012547,0.034700685999416114,-0.005232952995108898,-0.00608623658509664,-0.23219500448623573,-0.2234082776148731,-0.04369297153535745,-0.21462789794434503,-0.022046803767910236,0.006968658624265693,0.1453601582512182,0.18756183871319668,-0.022172605509220733,-0.027386031813345892,-0.22910131642360998,0.005093024921180376,-0.002296184341279947,-0.001496936445446565,-0.010802304372445226,0.00566098511547766,0.002040984530142093,0.010489521041344653,0.002903924315401403,-0.0040433383195214905,0.03149063833318257,-0.03199415036489135,0.2983888215140269,0.2983391016815028,0.297460623337684,-0.00981112522834892,-0.004398932406504654,0.14108879370663224,0.00465414282575668,0.014529087821315456,0.1475606516576851,-0.016612749081352286,0.008791151821669457,-0.003921152554985337,0.024004840209934316,0.14615687176890452,0.248743193383523,-0.1275015348070886,0.025009200215928874,0.019141661401265605,0.11935374530571063
INTELLECTUAL DEVELOPMENTAL DISORDER WITH SEVERE SPEECH AND AMBULATION DEFECTS; IDDSSAD,-0.00043440612591642597,-0.025497286120952804,-0.0038199214457583495,-0.008253942871025849,-0.014049547414287175,-0.0018299805884597633,-0.0013871779626154304,0.041818556674436354,0.004064121164278791,0.0008139162203933819,0.0077486400072052375,-0.0028224569453138048,0.0011850689952674217,-0.0069789588132854775,0.0001463770201091887,-0.006670452884928977,-0.012568922356489355,-0.007501828716363431,-0.0037367182466087083,-0.0051670312840177285,-0.007981287374793727,0.0003687040257309625,-0.029128849337931886,-0.020642393844354283,-0.010213605606020505,0.03538787656425506,-0.006481984005800909,-0.011081993128017456,-0.015547648348101347,0.001081006157697944,0.00013260611057617334,0.0008782673285368096,0.0011363511738169288,-0.0075519068642049495,-0.0024037879010825325,-0.0029306297481027986,-0.0035319223904531744,-0.011735227262034426,-0.015547545376000924,-0.013736855286476897,-0.010827883636814572,-0.010019658940796691,-0.012022839446811246,-0.013003040297182506,-0.012568847608696412,-0.013695085564696197,-0.014193793520527829,-0.01237273715837735,-0.004570782502583978,-0.005915456027448462,-0.007199616908416809,-0.009715492562431911,0.006854963321291632,0.010357817156331568,0.010215486533053817,-0.02781605251647744,0.0024237254579592593,0.0007680285213313547,-0.0007701294688065623,-0.009030414571362414,0.011142687034519387,0.011137325358453439,0.009524670109941092,0.002352217419327672,-0.0078412233104055,-0.007388007835208273,-0.006319830747871361,0.002040395806473455,-0.00542998807720318,0.009960535164752796,0.002951732387163372,0.026916093581785802,0.039714367554579987,-0.005042617281155782,0.022514964250242044,0.01685375681699275,0.03149530311370491,-0.03858301998594536,0.008963071806498022,0.03973975047286081,-0.0036318102374322515,0.021488940619104873,0.034108825779077014,-0.0007926916988627619,-0.02860022816843179,-0.02678962525173695,0.008818386606974597,-0.0036809803281324075,0.003578851319566862,-0.014789756590892836,0.01013971713608995,0.005496179973700274,-0.008576673171240912,-0.007590786986270286,-0.01218641671699536,0.0030389747283630854,0.01800059320219203,0.008706490844876152,-0.002408205616806254,0.012320862782967715,0.008958361856852034,0.006178466281868087,-0.0032817927639179883,0.018704676011162106,-0.00017051620967166255,-0.005508163738545335,-0.0026006659459032262,-0.001960062795621515,-0.0012852708967293445,0.00039616721556616236,-0.008492067954094323,0.002171947169977347,-0.02476019325061088,0.0046353015598534575,0.0034577897548241127,0.005479077545525488,0.004666358899034184,-0.017055198270915315,-0.004890337018361464,0.006333282737374145,-0.016509057775798076,-0.024910093667955994,0.0015051335000185937,0.0014565215662155522,0.0038533224687058772
"INTELLECTUAL DEVELOPMENTAL DISORDER WITH SPEECH DELAY, AUTISM, AND DYSMORPHIC FACIES; IDDSADF",-0.0004323980209494926,-0.12589633150326243,-0.0017692265317638747,-0.02010857663819789,-0.00949004338014479,0.009569514713502732,-0.009631650232683203,0.028108040008095168,-0.021818778472006372,-0.0006338436762254496,-0.007825355070632655,0.023991822105628374,0.019078850812541858,-0.0037252817433954828,-0.009496101574810767,-0.024778922657407672,-0.03302858101933294,-0.0003541093605191505,-0.004177887048158243,-0.01907955574952468,-0.002483308034680573,0.01587409482031606,0.0034997663007474795,0.007387698857191316,0.010181622584993244,-0.002036215462420603,-0.013917199255784357,-0.016460475898875473,-0.017932664728195057,-0.006470181799160297,-0.002957141349780587,0.009639493747701592,0.019772428452047307,-0.004697141923737749,0.0046913526886013515,0.005704690099684251,0.006633389988171704,-0.01233847306408068,0.002006756848533639,-0.005869991940077389,-0.013992933761109723,0.005370758894333781,0.0013221884811241843,-0.0015558268995478218,0.005686749746150451,0.0002151491303936797,-0.0044952896613493715,-0.0056328252648563445,0.004562939217374518,0.004345963516805485,0.004146229836089595,0.0018456070493897483,0.0009268746645204285,0.015582817585011384,0.028002701562028474,-0.007183927980097048,0.015383336055488122,0.014153081341432014,0.011415484024543707,-0.017692829826602884,0.0033137779786837638,0.000680177627928843,-0.0016130466818086238,-3.0313601731222276e-05,0.0006333597457164396,0.0016426714503568764,0.0028713631072488427,-0.012643763640650367,-0.004980465308259217,-0.005308530868849026,0.017730992324975707,-0.011412393714933113,0.02317746903980292,-0.012348618407497132,0.006391937621619918,0.0025671522404222655,0.016494074024423704,-0.03343900798992845,0.024935834900365463,0.02312197189304983,-0.02504960387176502,0.00711326649730812,-0.004174895878466425,-0.03329506529302636,-0.026747339112794127,-0.01946925156742609,-0.01692271567506356,-0.009039007717770397,-0.009245661567214151,-0.009242768017585822,0.0012869210675893349,0.0015064760333447652,-0.007983010385998286,-0.02117566195125991,-0.009743587850560032,0.015082446977900326,2.7629717390203055e-05,-0.026521321888399556,-0.021742592683986203,-0.02239748603856164,-0.025467151935824852,-0.02004693082969247,-0.023911552533785574,0.0013256370791210098,0.0055880214756682195,-0.0035515775904234456,0.01752262222037754,0.01825153867486864,0.018562539009838543,-0.022465495215048984,0.006987179303696993,-0.007205754885482537,0.012747618062544437,-0.001020421424240199,0.02598731358526686,-0.022888509710674555,-0.01814589758680229,-0.007431674553166345,-0.00889574696681819,0.0007154689995414147,0.017705488481831507,-0.19914903094492126,-0.002766803146381324,-0.006181199694364985,-0.0015901334260227382
"INTELLECTUAL DEVELOPMENTAL DISORDER WITH SPEECH DELAY, DYSMORPHIC FACIES, AND T-CELL ABNORMALITIES; IDDSFTA",0.014969093268349757,0.02917440319244148,-0.014004120144402341,-0.02017494931647465,-0.02392900011691165,-5.765661234252912e-05,-0.02896481313237717,0.04011621189348499,-0.26391934918006754,-0.01870422011318882,0.004408589318981078,0.15873948828780937,0.0011092517303165912,-0.011710984839551577,-0.013674570074835905,-0.012352352052875104,-0.007155847172502203,-0.005184319251735821,-0.025158667752984323,-0.008905971666466573,0.011620737270409206,0.01792352140713009,-0.02033769336491827,-0.022572492393581195,-0.02158461637700206,0.011736687523003999,-0.003064234817443372,0.00013410923863912163,0.0033554545884050277,-0.013518467183283768,-0.0008541822192244498,0.020004822452992718,0.029162581151668955,-0.007919132105221438,-0.017285006629930297,-0.018142830164489622,-0.01829700089039639,-0.007143023775337847,-0.00876378097254808,-0.010651799610629634,-0.011984359128085114,-0.017567058185153826,-0.017884689533456975,-0.016804287744284285,-0.016884852646603908,-0.017139826658839213,-0.016924579915920262,0.001812984481049388,-0.017823166595451228,-0.01804598068823229,-0.017525501935306324,-0.008989226615426527,-0.015131418294003508,-0.00864477709835682,0.0002617627970970219,-0.01668902388091389,0.013474194554781709,0.009432485533852435,0.0048976398582895,-0.004009057715693368,0.010269479574539133,0.008599043541874117,0.005951238103491112,0.0032689743072742182,-0.003527239326461109,-0.0043504652561467865,-0.00485819292352948,-0.0016774986529114581,-0.02510882124061914,0.019986360517485816,0.23954951480103626,-0.0016067676955180271,0.3094515687652491,0.00122627946458506,0.024255156484248766,0.01982554700249862,0.015845449225398312,0.0066687079743255485,0.024052409830589642,0.3086619717503355,0.03872494272933614,0.013628228125043882,-0.002502727229984507,0.0035115197468947507,-0.027875563944964418,-0.020468714071048243,-0.02531631609025932,-0.02652483139561971,-0.10683128884947482,0.03825752521256896,0.02852715443372189,0.030259436571749412,-0.02151638675546999,-0.01749206414158807,-0.026147691851727994,0.007092256991962547,0.0007577179315561059,-0.017447294883678292,-0.03780315973801879,-0.010539025203817977,-0.01496873880522779,0.004738985118504249,-0.0178404504391023,-0.03141600441287187,0.024425803737109314,-0.022272644143553958,0.01660604190119576,0.016665852198775706,0.016706518260366083,-0.03588110401309805,-0.006908574501077668,0.0012208873497775166,0.001036735446719848,0.00562987820586183,0.003273231664172748,-0.039630309799672275,-0.026241119941036548,-0.027911977507042704,-0.015832241718659424,0.010047833904412766,0.24832237763433898,-0.20651593544904104,0.006748133501214362,0.009294959735443592,0.021901526005397114
"INTELLECTUAL DEVELOPMENTAL DISORDER, AUTOSOMAL DOMINANT 21; MRD21",0.00972009287027781,0.038787755592602356,-0.017995352290237753,-0.027757998836530382,-0.034556168093934435,-0.0010470421473678872,0.0028939655934139383,0.3653001593799947,-0.18758652773611362,-0.01804343062298691,0.011655210529405574,0.04969351343060178,-0.02046715942095578,-0.03996869964146061,0.022626205748160728,0.01670817053615222,0.006331826750911653,0.014058983887558647,-0.03731891352857983,-0.005873862722970353,0.024370171811098462,0.024036870096380912,-0.018369665620410872,-0.015371117634439223,-0.011159045242504228,0.0036567319210329178,-0.009350124526033139,-0.009695953905809228,-0.009600823600268388,-0.035287977229365414,0.01745476546751781,0.04434969853164826,0.04407232352609626,-0.024200211636109227,0.015513483084923878,0.01733278754914454,0.018691695162688617,-0.02593649784216573,0.031786073604437165,0.03337217189314739,0.03256395261376745,0.03506371684050537,0.03236572395986298,0.02862697255162961,0.03422184746094164,0.031642179115283685,0.027676524011418038,-0.03146350689564219,0.02583878947147109,0.025455346802065258,0.02448274809140531,-0.02588216339815934,-0.017117046543040165,-0.014345648481877457,-0.005326436660527056,-0.03747739248181597,0.00807163541484004,0.007064629466127452,0.005436028868712783,-0.01638457039799477,0.0029151476096317326,0.0019139720104900657,0.000662200372398346,0.0030696694748384317,0.0021366616940052406,0.003601379531435834,0.0052573382855884265,-0.004939938714445352,-0.04397252361446362,0.00860291523704353,0.05559507152314978,0.011470115444696583,0.2907074080649922,-0.008507207115779038,0.037306674241436064,0.02863175382117603,-0.003850808228064912,0.032601003091784604,0.015613236391207626,0.2905049701381395,0.028802724072486508,-0.003929759294385876,0.01091974620760807,0.04088242090200885,-0.2334145504837202,-0.22709661003340606,-0.01496613125532571,-0.022635495655380616,-0.18149159838867035,0.05106452936995085,-0.00801476499570931,-0.014274357877817018,-0.03138359078318305,-0.018985644165272056,-0.01912061167235037,0.009591073680761814,0.011442261922918424,-0.021560713808016798,-0.20011151956155498,-0.013673006145708478,-0.01879079824403459,-0.0015371930908376634,-0.02735341433588871,-0.013537001447307441,0.1635535241284823,-0.01984042065415445,0.03326284479638377,0.03404255866910764,0.03448714685829193,-0.01978113375881044,-0.01572042850857164,0.000851014460079347,0.0006499400916867389,0.012174269484344,0.037112620789996074,-0.013798827179098522,-0.008783439455124092,-0.021418593183991915,0.006682276153457013,0.0018823702137191975,0.17265522746881168,-0.16623604684137083,-0.017777553143693323,-0.01043326454678901,-0.01326215280613927
"INTELLECTUAL DEVELOPMENTAL DISORDER, AUTOSOMAL DOMINANT 23; MRD23",0.026297555932312273,-0.020957258009454124,-0.24544112904431234,-0.023494984285904547,-0.03650954490708734,-0.007455208991910613,-0.0013268566381852448,0.16767835719501517,-0.020876317834230745,-0.040850199616590054,0.02975515872664561,0.13535119945683413,-0.007412085507793105,-0.03975239499578548,-0.01010282463284641,-0.017702173455515207,-0.020534170973247945,0.00868647537628489,-0.25373034457045013,-0.01253578819666791,-0.0054966911874938275,0.007819364624619426,0.019745174230548793,0.027158957057986717,0.03113948249589016,0.011026156092034403,-0.007870274018835567,-0.009653747761332626,-0.011284981601204357,-0.23657154090219257,-0.0007405927251181228,0.006777619767137941,0.01169637170825975,-0.12718041882493467,0.0033073206727339544,0.0031717387666194627,0.002976460148614508,-0.028818891635426197,0.004612617906391525,-0.00026940322692421155,-0.004828852147224384,0.006280611630948781,0.0033399127580022005,0.0005877915079977596,0.00602704008711839,0.0024211362331656022,-0.0007889077162287058,-0.022246858609727457,0.00533047261866525,0.004152196569140558,0.003115892543142658,-0.24912622843633092,-0.0019080692203401674,0.0035497990064091637,0.008856898247190246,-0.012253245013058599,-0.012783102940703384,-0.01744702331939747,-0.021084517244847403,-0.07560680132358964,0.0375272500808959,0.030530835176556366,0.006204154993791539,0.000375622380872098,-0.019147958214059166,-0.0053201706895553355,-0.003962453651085522,0.01976308461309399,-0.24432744708737766,0.022435321766696548,0.027488472942399186,-0.030387444190327163,0.024025456103165352,-0.013874082084798662,0.03161413436446267,0.02326784177803137,0.023063707317817324,-0.035611196520124885,0.016162018550452458,0.024311734044097238,-0.0020204877666776637,0.017871176385257502,0.0048937786970254275,-0.024610666984476032,-0.19630689591041225,-0.1834020651796885,-0.22493024567614528,-0.1514232179598668,-0.16216105226856525,0.03500795128441047,0.0005056967075586721,-0.004112504390317506,-0.23003958239056044,-0.008430349120315959,0.001898879253119306,0.009428360552109152,-0.018662520681742508,-0.017684237664398066,-0.13632170956451503,-0.006758606803852975,-0.015252025603966234,-0.0009324449262081756,-0.033217628973430786,-0.002686218268429018,0.2534043707938835,-0.1514969545246433,0.022659391747920997,0.02199955612275789,0.02136613022847301,-0.18903408639187447,-0.03525840220549462,0.0034512887271978786,-0.0013728936659525531,0.027803756109949687,-0.03833537800594486,-0.21391110124077994,-0.11835256684986435,-0.13198040212813442,-0.025122215115347096,0.0023303819322637825,0.2907183128951566,-0.3389480336893966,-0.0005667543251846146,0.00032738018836317234,-0.0020795023790311745
"INTELLECTUAL DEVELOPMENTAL DISORDER, AUTOSOMAL DOMINANT 26; MRD26",0.013661582867057136,-0.002498412596257358,-0.02019487810482946,-0.01907608918092216,-0.006584909446302541,0.010174821484517099,-0.01659321656993564,0.03560184165621662,0.012385071385245415,-0.03268733701429977,0.031244410557824925,0.0369174353254166,-0.004709222660606684,-0.018568152364893845,0.039286216294412,0.036780900741027946,0.023949874328441895,0.02097073373411084,-0.014214728482619893,-0.02277796331558098,-0.0028073583575307613,0.01803688608078713,0.0006904357979674469,0.0013662270048157609,0.001939308154600151,-0.014618611487352407,0.006101951410653412,0.005999066976549622,0.005932034554802605,-0.019578430243218207,0.019830729258241062,0.20739658541373862,0.1657730514340099,-0.00012862413861649703,0.013175202033478859,0.01847805893792002,0.023658051909638274,-0.015362712963117586,0.018007106965649684,0.012493313348494128,0.0068378141615583156,0.014755711680508932,0.012807108883864774,0.010339836076465572,0.016074989017320164,0.012688707533132443,0.008991182455820784,-0.006605501544598917,0.013737958132987773,0.016653322838548697,0.01940071973617303,-0.007428300921855912,0.0019128507658020795,0.020925373206478935,0.03253551217341276,-0.014968450600178587,-0.019132823998398954,-0.021109952554090993,-0.020154263475052475,-0.00012379626572298007,-0.009077592991781331,-0.011955860268746083,-0.013944536897611841,0.001045042833512823,0.011221943686585146,0.013624537626108213,0.015338427447552769,-0.037398362720524485,-0.022050628188255053,0.00875610800707133,-0.005321555558444948,0.015131557726881803,-0.01041757239629427,0.00460391155078432,0.00640609071051564,0.00675750134285596,0.030516945167773226,-0.015922738196755284,0.027777912252957424,-0.010554212360147247,0.03428961690041166,0.04260330054330326,-0.006139270617783939,-0.024570123513087894,-0.008479098055342024,-0.0013883349094164978,0.00976630953169717,0.0009413308035194403,-0.004688981835424669,0.0008089119975535705,0.1495735796153505,0.1448316071180093,-0.014903375729434638,-0.022929942172399888,-0.02091406773097944,0.013923257419980593,0.002590096656714253,0.030509077212798063,-0.00012766141732606812,0.032459164379641484,0.03297047744656118,0.03225298845429095,0.03290503802871206,-0.007356664749513746,0.029730559530151197,-0.02000125685953568,0.22407617495124182,0.23331017352339128,0.2398197286864959,0.00518193094957291,-0.03400158778994667,0.02819687095646789,-0.012886492470329457,0.13016297181929545,0.03299594921205473,0.009275811116217938,0.022736006190208075,-0.01301826720891551,0.029403889764275812,0.036458630530693426,0.021335837032472597,0.022045903911118457,0.14257153064746708,0.1288947659328678,0.1440933124943938
"INTELLECTUAL DEVELOPMENTAL DISORDER, AUTOSOMAL DOMINANT 40; MRD40",0.026982203987385146,0.0244007017799088,-0.005426329363842047,-0.026906413641787516,-0.02903246414865094,0.0024510222924513155,-0.01316138515531396,0.2275478756842635,-0.01184170851281174,-0.2401672304054155,0.15335542854887532,-0.0038771059669982736,-0.0020274210535575223,-0.015990240510415008,-0.00012479702312841054,-0.004454434436866021,-0.008061480334850544,0.005374047386598926,-0.01731172569540543,-0.025541763013626862,-0.02200183049639722,0.010529261802915862,-0.017098114630363443,-0.007293627051602778,0.0009778461760578977,-0.02314567704209782,-0.001203807976378926,0.0007143976843133966,0.002906197550351664,-0.006460678736581795,-0.010691203736565277,0.010700467452988622,0.029225191708292433,-0.021337115599047773,0.0008861130858462121,0.001025599965941602,0.0011235389710575565,-0.02440295577546427,0.01883365231410917,0.008653937153295254,0.0008406977662626938,0.009325689793327955,0.00520181714117889,0.001629344993683567,0.01034447485138542,0.005692502012792148,0.0013376557846164093,-0.01684411467192953,0.0037995226307065023,0.0025602720261368914,0.0015423332793044996,-0.01906186732712672,-0.01792256922312157,-0.008762483578999001,0.0011484919390827109,0.003974412076492683,0.018409548015751443,0.006247214403156874,-0.0038365111721577806,-0.013140980734957886,-0.0003707563399392741,-0.0026174477982526425,-0.0049383919529592995,0.002347957288199915,0.004615256188073422,0.006769887914125389,0.008594223062468341,0.013091546051967634,-0.029764522537470913,0.030647241264140437,0.015534759505147737,-0.004982786660234797,0.0350548542159067,-0.01436662040408637,0.02085068113765094,0.01320482286525456,0.023815672445377176,-0.006365757113538435,0.012922064736727745,0.03506142201708244,0.1426428317881196,0.02643647238826224,-0.02310945297025882,-0.0312685582410978,-0.015673047984781596,-0.011273900396152767,-0.020592254819503844,-0.01944766268360741,-0.0887713182196111,-0.009584273444044321,0.031052569725884795,0.023369227929602686,-0.023332676239245852,-0.019161546144042217,-0.007635158353572084,0.015685046744581863,-0.01469320172594922,0.14370155775012083,0.005538691518222439,0.21348069951631038,0.14494887387208638,0.1488828965036797,0.006449540500793169,-0.012115791324782414,0.03707182409209967,-0.01740872103870265,0.025442738664786635,0.02579769867813443,0.02563240389991639,-0.13273501579107896,-0.16213039646558802,0.007782580476643583,-0.12350995859813514,0.13021903319642522,-0.026582317907177196,-0.13275495608596172,-0.024418764304304934,-0.22457486973215277,-0.019003784832878387,0.01303133950821468,0.01576153582035159,-0.035591518982263676,0.0047445547711284985,0.011042441150885207,0.019069579433099504
"INTELLECTUAL DEVELOPMENTAL DISORDER, AUTOSOMAL DOMINANT 50, WITH BEHAVIORAL ABNORMALITIES; MRD50",-0.012195223453630102,-0.002764121150956934,-0.12036080718371973,-0.024815498673390935,-0.11258115248470298,-0.0044927123156878945,-0.01714388784052359,0.3265745273789958,-0.26956734602410926,-0.0010010252185968806,0.0041294757264062525,0.008633702084647461,-0.02806728678919642,-0.19459975871549892,-0.11671429136356185,-0.1855428149545019,-0.17386353919998698,-0.21138919087081798,-0.1950390957694315,-0.013624030539447787,-0.001671637537749232,0.011656950786952452,-0.0014933871635330366,0.0012972407459267694,0.004089788734270314,-0.004300486159953396,-0.18290194078422678,-0.17920613603122046,-0.17282390242719287,-0.18418571231531966,-0.01947238345339563,-0.009495794545060386,0.0043928169983086535,-0.019642102417220683,0.01709925791085045,0.017097428173704098,0.016397593455948174,-0.17404051109526628,0.033699803099602355,0.030724316623485484,0.026296865578710756,0.025082592250769337,0.020615105729400385,0.01583377392808156,0.026615965391841412,0.021697236815002147,0.015971304380476253,-0.021532375960269443,0.02093505175265164,0.01919605484223533,0.016838586042689854,-0.13739113312850162,-7.386847509895965e-05,0.004732497941887402,0.008382097471411703,-0.007340240605999463,0.0013618702338896538,-0.0013427936337513876,-0.004187486566761643,-0.09195403712605599,0.008114244903873876,0.00636662409021228,0.004281249206360168,0.03713418850180528,-0.0027970614338501203,-0.002576897375158415,-0.0021635897665043006,0.13509167172941103,-0.22006168438029025,0.19478439816212323,0.2473804704797006,0.009738405460115014,0.40979300864940993,-0.024784498997106913,0.028945956396945846,0.017763987535598758,0.14223501546471415,0.021665562238929553,0.012431924973082953,0.40980814940578125,-0.02506924554555184,-0.024312809591059414,-0.006346492910002022,0.012823995337546268,-0.2046250921981161,-0.2006172837949014,-0.006200732664860821,-0.01580927510668128,-0.17039676260805084,-0.00913623102934478,-0.20365403228656265,-0.22125092945323527,-0.18226004750770078,-0.01213847306268892,-0.002334161638154182,0.01094674223937599,0.127964068880246,-0.23193761378675348,-0.11478406374461614,-0.2167335654639425,-0.23260337489663208,-0.18518904659078275,-0.2762914901683442,0.1331386287677318,0.1343637001144124,-0.19655397605977393,-0.030273681190245223,-0.028394833574803238,-0.025929580386023984,0.0023310409572641156,-0.008205207399383907,-0.005162375887449946,-0.007954567858736298,-0.006799789625357805,-0.010137872016207942,0.0058215839600740255,0.0005627414971832056,-0.006437918669719677,-0.006098166560893692,-0.007275155709382751,0.24071094355350395,-0.41547212396993743,-0.26528432644219185,-0.24097024549624343,-0.24049081416992765
"INTELLECTUAL DEVELOPMENTAL DISORDER, AUTOSOMAL DOMINANT 5; MRD5",-0.017393542284722025,-0.15943178645655526,-0.009425951933662028,-2.895562549761597e-05,-0.029017042088485347,-0.026614190876134584,-0.26817708592061884,0.030669414244548592,-0.024620758869103646,0.010184613600538106,-0.006405491760149,0.022212787954268856,0.01022577130168287,-0.02905594455530538,-0.015322952178113618,-0.007501460633956238,0.00026253462009008456,0.008805817593435737,-0.02355605653445625,0.009623565828707954,0.013307301104267253,-0.0009646924312696515,-0.011484043551066627,-0.012956964321298075,-0.013317524467424036,0.00041424987278859167,-0.04012207450881358,-0.03755622953803894,-0.03426070620316896,-0.01600938021530112,0.03101545359623835,0.12898068150506498,0.023283359283398454,-0.012976504070953871,0.02103826202701816,0.01667469495806662,0.011462459666002572,-0.01293785676219956,-0.005000290824082855,-0.0021297338051940065,0.00017031862255632767,0.009319721805221075,0.00964111300145148,0.009453678715990711,0.005344227596917488,0.006394936445596932,0.007245957608254307,-0.018413817276535533,0.018580383250593933,0.01565094442757933,0.012396923005907654,-0.017449224708137822,0.11702036438104216,0.03147161656196568,0.013088990478493755,-0.13599418058809218,0.008906094421618946,0.010913885984314479,0.011911767948739587,-0.12316848982984377,0.03082465059869898,0.0022332348103169444,-0.0024655469945611395,0.0018359676402947673,-0.009993759725490384,0.0002658927832826911,0.004608121534812886,-0.2400012833334788,-0.028571609835703136,-0.012740069261082572,0.0349572888398603,0.002630364542522472,0.23556918634333923,-0.00039262750229416665,0.14036465570839524,0.1168260292268568,0.04108740362946887,-0.20126769221586494,0.027492684475780852,0.23532036786777427,-0.0174676106069516,0.0308074201817208,0.18698542823697603,0.0013117941055584936,-0.31571891316850553,-0.30145772887338507,-0.114683353167215,-0.1296656640801229,-0.0048640509961544055,-0.10507590077781026,-9.779924638451761e-05,0.0028273781411428302,-0.018975803088438416,0.001416231606780169,-0.13588382786479578,-0.01673393081247006,0.02205756902884155,-0.007341198797170292,0.11852697625216276,-0.0022728934012112784,-0.0059996720533455,-0.010556106081487396,-0.010552724571103485,0.03427250292793737,0.03632994694207764,-0.03138022024270393,0.026328173512673834,0.02718573215189902,0.02790674903345462,-0.01027161389616487,0.005585748609107611,-3.3793231256341896e-05,-0.0076731144084159954,0.0018475742538816664,0.2823526993634304,-0.008680361231858318,-0.007313729717842204,-0.012866999984878625,0.005824190412199586,0.01648532492034627,-0.00039430105498796514,-0.12839715080525357,-0.027887097574162193,-0.029305296124050712,-0.00993551071607758
"INTELLECTUAL DEVELOPMENTAL DISORDER, AUTOSOMAL DOMINANT 6, WITH OR WITHOUT SEIZURES; MRD6",0.005221907698425764,-0.014360664291667614,-0.1794906571686763,-0.03651558669556647,-0.2813780032442299,-0.030331682834369263,-0.25652558678120246,0.03789841379173062,-0.18026867600976676,-0.03051444615443183,0.008622320466728494,0.33722656704514203,0.0003004851545449757,-0.23604403750282693,0.004754698239332833,0.0015678556576374427,-0.0013788670877624939,0.042493164442533725,-0.2890147069710631,-0.0011747387478599708,0.012048474340694976,0.010704349631108704,-0.009066076910392582,0.0010500582201017608,0.011461692734541493,0.02251594187294169,-0.040918729408628896,-0.04487711926614778,-0.15287613751414178,-0.2618388234537552,0.21134016920643464,0.3326071793061979,0.2662091263859867,-0.19688810787614983,0.3096318369789074,0.3121431277257109,0.3098033148146482,-0.1848424902617137,0.17669664619722444,0.1745847533894609,0.16293597858322184,0.23965105288831465,0.23805296487354208,0.23213209363850038,0.24223478188174646,0.2397298597061691,0.22830439061807228,-0.11575807319836409,0.28678910037747274,0.28668027969698817,0.28347148304715075,-0.2888546040498167,0.2477415160979118,0.295522934153274,0.24411312331450283,-0.03250637082863454,0.1371516063304747,0.038108800114571795,0.02936186824463489,-0.11080356732262112,-0.000510292732568545,-0.002246611673289918,-0.004055424111259874,0.00024796057218363384,0.008356036185933861,0.009992526999979037,0.010869846518149873,-0.26097685909436785,-0.2837632066222749,-0.019511099048077636,0.2885917324008496,0.012044439324367202,0.21870373072560803,0.04107127048196588,0.2781697431340231,0.27205771589378364,0.008470852133323924,-0.004059503987276252,0.0010609671035391528,0.21834662631996982,0.04892131440102683,0.2780632632538753,0.0009551959602273301,-0.002707371366397384,-0.24037767570076343,-0.2510371472472891,-0.24357612109879512,-0.2881978397199701,-0.18530945331556126,-0.010357294979981535,0.018032616758789158,0.019937547233374955,-0.25411471930951923,-0.02420610031330759,-0.3203566581122677,-0.009056267622772092,0.021680325977821716,-0.0152110832913267,-0.023615701618310222,-0.007089008664511694,-0.010142485176194106,-0.00031762575864966727,-0.011063348706615867,-0.0004584947143561752,0.29563851102111655,-0.03334861472061501,0.340335223723991,0.3425641172787003,0.34102678145141657,0.0007244151199010163,-0.01397173879520305,0.20877069588771635,0.01733392562238688,0.028592953836840698,0.061568835580566736,-0.013454727439984056,0.024227740554005985,0.0038933806532526543,0.03768120046509715,0.32831723082727887,0.3111816911696255,-0.18566990816564466,0.008967052322700269,0.006990410611839245,0.015359821232992982
"INTELLECTUAL DEVELOPMENTAL DISORDER, AUTOSOMAL DOMINANT 62; MRD62",-0.03956795679291403,-0.30937301282773294,-0.010944463437283088,0.007837599362478683,0.015250428982289696,0.005471673722406857,-0.008564461079434258,0.20556645302279836,0.005545065228066226,0.04044441216513185,-0.011280734084550771,0.03185904181292531,0.007172357685744109,-0.018538210661375322,-0.021253548704109334,-0.005859651734176152,0.005757476492438314,-0.0019271026370323472,0.0010488852566893595,0.0026785220702948125,-0.014422441618901992,-0.012664613380545888,-0.002359493055785643,-0.0024278388919879773,-0.0022031122037267903,-0.01414999312567859,-0.04038156405257063,-0.040061520788881005,-0.03922021493250966,-0.004603593463167996,0.03353147672385294,0.1492515365544559,0.027959725926896578,-0.03214590926043662,-0.006249931490676885,-0.006772297223078446,-0.006937800491767537,-0.006947748580173241,-0.13679398483846958,-0.11906394281686648,-0.02983073135510822,-0.0197440742479555,-0.017954330906716796,-0.015333331115970694,-0.0253237027564126,-0.02220532387998345,-0.018141208053610313,-0.020965531063456458,-0.009087954936361928,-0.008994945260950717,-0.008986480174039484,-0.019937345741020365,0.03337340497558416,0.031103232682105155,0.015292655720976309,-0.009099129034158469,-0.028774408054172838,-0.028978959927613974,-0.02603729565589401,-0.02492868982830874,0.04221492527151096,0.03670058729376303,0.008231334089595279,0.0011412046767204176,-0.03493766732099766,-0.02876888784155715,-0.0057379694774714685,-0.3495266762906915,-0.016997375583762724,-0.01276330161889952,-0.010887044047989073,-0.0036308062220088942,0.04703332299742941,-0.016312833999540657,-0.008879480035553576,-0.011107350744716034,0.47089977746905987,-0.44700269669524256,0.03157521912611354,0.04663684576701096,-0.002054277124672882,0.3053803670958779,0.3247247460786568,-0.02881061395810467,-0.2978259380618158,-0.27628381793943896,0.007628995673372895,0.012379232032728723,0.0036958328732318237,-0.029553932575317705,-0.03245431939189274,-0.03260908057377089,0.0020019221868314264,0.007347705973715247,-0.02542977448970909,-0.016740729243619586,0.18045780703041026,-0.15649850575943308,-0.0017181213398902583,-0.047801848890920845,-0.15313871905351392,-0.1720161664405685,-0.03902605279416896,0.28391328121043136,0.01798505815710314,-0.04569603132091676,0.18106027824128942,0.18729405454041173,0.19212801547066224,0.15459419356384133,0.010062451383591442,0.0006817603525956699,-0.0152943643674929,0.0010563799501439352,0.4359998299844152,0.26125000847840885,0.14784695043385718,0.02157148342281772,0.29512500683992327,0.025425188060934807,0.02004990206499463,-0.16492232508566876,-0.04123548939792822,-0.0484876789955611,-0.04162430587285251
"INTELLECTUAL DEVELOPMENTAL DISORDER, AUTOSOMAL DOMINANT 7; MRD7",-0.022678963657007334,-0.21117811905704545,-0.007830231147137752,-0.03465972381623345,-0.010999515110142877,0.025883666642478518,-0.031272166566235333,0.24127840897691943,-0.29002379627260283,-0.024456969126323773,0.003954749673300092,0.15949372214059176,0.0008023546925023114,-0.030583415783403768,-0.015292272246604783,-0.016677338912438562,-0.01251595907298721,-0.1236085082999025,-0.012593264084784176,-0.02210127345754813,0.023567582825227803,0.12067623156222687,-0.028223256325063107,-0.035154084817660934,-0.038742652148471106,-0.003171114673243351,-0.04076645535854723,-0.033690527278347954,-0.025732214201895975,-0.0008582553185515299,-0.021464124529971023,0.006489135721629126,0.033062911177934584,-0.014777781371680005,0.001598844817437246,0.004582042440788427,0.007807792492765833,-0.11697410718133233,0.01227876270634909,0.0026928839054605022,-0.00450235582955612,0.0038114210651963867,0.001024061409193188,-0.0013235841109340443,0.002776042771611347,-0.0013870677380433444,-0.006078613873314538,-0.01600156945274702,0.0033050188303764103,0.004715400412329366,0.006132542311407701,-0.012237946894516533,-0.0004892592631454091,0.017393662826125273,0.030704959981326198,0.00041999643668922445,0.02218084342722896,0.019189113508154255,0.01419250346426649,-0.15786657420409125,0.1513164029772321,0.14030265954963136,0.11444147791115618,0.0011027299002469954,-0.09803497887237365,-0.09856240411016406,-0.0916084583063515,-0.0021497377996987097,-0.023267582599830187,0.011097726697411802,0.25678606763488987,-0.00969675099105568,0.412544365743787,-0.010466559363066463,0.025036036523304273,0.01758979697826622,0.3108213810300023,-0.26684056873769385,0.2105864446975203,0.41517046498892296,-0.022407063244220142,0.02891206678158142,0.0029286795702339204,-0.2254842679716501,-0.31350310757119004,-0.26745772174528804,-0.031285378809019396,-0.028496847662575726,-0.02471371991845531,0.020540343481383866,0.0016987244284290624,-0.00016043537013286268,-0.013285065781533942,-0.03323064795331378,-0.016595593439362795,0.026119482219205233,-0.010806194879385882,-0.022254592614552964,-0.037252460966046716,-0.01123268978469063,-0.019865476371067666,-0.0018611512730474294,-0.03594546746612392,-0.009708754665959997,0.015151760014787683,-0.036475287364303555,0.018264950866223057,0.02051410699748054,0.022916951012918612,-0.16202393110851462,-0.0055303490540595706,-0.016103663409501305,0.008089868475278915,0.001919738354901907,0.003204772910974998,-0.16410875970490124,-0.141966554070202,-0.03235077217826903,-0.008804214610611951,0.0013000134732202614,0.22405090228700278,-0.3619962096751309,-0.020472600284687323,-0.016348019827126886,-0.006761886418076931
"INTELLECTUAL DEVELOPMENTAL DISORDER, AUTOSOMAL RECESSIVE 46; MRT46",-0.054297169781051244,-0.024665344445981934,-0.0135276560048828,-0.015078296581770394,-0.1411361382196113,-0.02475555444781434,0.0049236700653596975,0.0033590472816395307,0.02960799855470352,0.05266022866265418,-0.03799580067852545,0.04407586791677588,0.0009641791965614128,-0.004666873860747281,-0.021592334184174018,-0.014974443323749042,-0.004471883958316803,0.1926427174336771,-0.03311515590916476,-0.00436178606040592,-0.00954234039092463,-0.00142993666149564,0.010795295592876057,0.009301780643331693,0.006382893990170718,0.002880876525118896,-0.019588610148829625,-0.018051938893285706,-0.016148742390184434,-0.0367480340310221,0.02705800961882091,0.04220271880985054,0.03184814869912366,-0.030178661495799012,-0.022090489861191595,-0.02112288630180394,-0.019982461709160713,-0.005371874511548021,-0.049520390960747986,-0.05001078598152977,-0.04767856673463501,-0.028496039981977292,-0.02859942201451124,-0.027352489080250335,-0.03486431095679407,-0.034185687833062466,-0.03257398012543051,-0.0029764350870364778,-0.02171725524586831,-0.02139889074839144,-0.021049485336856005,-0.036119546247797576,0.022425204925656615,0.028893370988983185,0.02382744057796104,-0.01911238395771458,-0.02424405719938966,-0.024474544376783106,-0.021947979445399557,0.002831537701730524,0.0008884618497458246,0.0021085665071481265,0.003362942975595922,0.007138126381925932,-0.026866872902593698,-0.027163310500894527,-0.02580563789098016,-0.19174124340917023,-0.03487978560383337,-0.03130906630686966,-0.004504206395490449,0.05241300592499109,0.011618276701227162,0.28077041789462553,0.02618909515752892,0.04059670067790145,0.2223838340186464,-0.21001193972240112,0.017362024795490035,0.011633418766755686,0.04622534315810044,0.2820366508935075,0.032803221675030504,-0.03754935879121544,-0.037458579827155065,-0.034380715217009646,0.019939860661352216,-0.009459144856641734,-0.019862410497878576,0.04616655239055059,-0.009856654011149203,-0.012574899300543218,-0.028424668611040635,-0.00881691883992443,-0.16595353113953187,-0.011113349691934298,0.05391555230471964,-0.048946278160702975,-0.037489093915982936,-0.047474068533600595,-0.047279628677778414,-0.04424682637940532,-0.03168589271101181,0.04306965274418946,0.018791449490159165,-0.02159986162333793,0.03215742526422598,0.03216829515211497,0.03227760675007519,0.05956223335857558,0.03699800129172003,0.2746081283838292,0.1674555496581053,-0.022117467857823182,0.30871620982723175,0.03343803340717491,0.05960542146287205,0.21730783923399646,0.07027051001262877,0.160610200316365,-0.009721833880304646,-0.024154399559996056,-0.011540304247011733,-0.01904216318437492,-0.016712841051366
"INTELLECTUAL DEVELOPMENTAL DISORDER, AUTOSOMAL RECESSIVE 67; MRT67",-0.003285780805279868,-0.010216870730677315,-0.0055337860273715475,0.018779262502217054,-0.004787272699950514,-0.028381814908367813,-0.000628596012251405,0.03344825747391454,-0.022738105816782032,-0.002841894221920589,0.003268539015437907,0.0002638919862197766,-0.027940748714550805,-0.007338402992738481,-0.008829099686899456,-0.0007048904759964361,0.007666520477161548,0.0036597005960891517,-0.009223318516762408,0.03207473521382776,0.033084274734584945,-0.009520467439766573,0.003833472298223383,0.004220319975836262,0.004284575634374339,0.004726936275650825,0.0007620082463687218,0.0018507810328322902,0.0029434328260228536,-0.007015954442353007,0.03967983887995673,0.03371130488949851,0.006522310459626035,-0.0024116974378569577,0.018499561322522753,0.01310725169715747,0.00741950346148701,-0.009823525108727206,0.010791948597109023,0.014448166754702112,0.01764398884214474,0.006700019060381022,0.007655060216086529,0.00819515377379217,0.005643760663768787,0.007351342537262767,0.008581561144341786,-0.012480616358358676,0.013807110211109572,0.01101379904983677,0.00784659133025836,-0.004759582464577091,0.03241574807851202,0.019336230003283668,-0.00028055542929678154,-0.02540758461792636,-0.008887929489622727,-0.008709204868137336,-0.007795753693394326,-0.02119115898337137,0.004746775481205995,0.0025009323163806304,0.0003850309852603761,7.278486814173974e-05,-0.001293189378653144,1.9189024604109262e-05,0.0015919470776467979,-0.01754858070403814,-0.006970096098291265,0.00207167909473211,0.032224303391563826,0.01495581343228933,0.0286624368616551,-0.005406319403625691,0.04087618220085471,0.03368929034517788,-0.0019742946274694047,-0.004748773060053215,0.015101949596344616,0.028120947952041942,0.0058660597617724635,0.019289698373183947,0.015823259516393816,0.008378848722506963,-0.02136421128663606,-0.016780394277813134,-0.016047848390197943,-0.030646110154015832,-0.01521726268471759,-0.019294953082563654,-0.0037903963348709783,-0.0062825433078578215,-0.0005842398046060585,0.020815785550408767,-0.019840641352657475,-0.027727806527274166,0.02419923494190918,-0.010615772558776557,-0.012197412673857768,-0.009075934267669445,-0.010881593886834653,-0.0066282874422087,-0.021781278614007426,0.007364553352493423,0.0015561139968982432,-0.010341974236457887,0.007663013826648565,0.005952767329146552,0.00408424303208231,-0.004299121704847317,-0.004852376874645756,0.006264877490999157,-0.001600236309458406,0.006408609096660157,0.0277161629563423,-0.008212138292316278,-0.0026179331315008586,-0.006329617582278621,0.007388789272971328,0.02157333044700437,0.0015272637999498777,-0.035441316068369505,-0.01000104707174936,-0.009213597074921682,-0.007815775858995767
"INTELLECTUAL DEVELOPMENTAL DISORDER, X-LINKED 93; XLID93",-0.02301281000532187,-0.13157928130469418,-0.15319799910047352,-0.015650326900976064,-0.01973441850165281,-0.0006301295641018391,0.27520631318546135,0.4317998321435339,0.02153914685573063,0.012172623708484225,0.0043319206014384645,0.025261829685618287,-0.018841609105882468,-0.2060901820011643,-0.002862154145443451,-0.007716862706408362,-0.01058074746473572,-0.0025483102121753426,-0.1510811619236847,-0.016051949365362837,-0.01480560947957853,0.00533157559954135,-0.020744963658767962,-0.014755015945565903,-0.008146186509009971,-0.006296327364746536,-0.023623291474855687,-0.02300600103348803,-0.021472076135079985,-0.03853806219082131,0.001663249288752093,0.011811147117217324,0.016875974571667347,-0.007653175787869955,-0.011876125758335895,-0.014884700642483664,-0.018103232248844865,-0.07104566081107183,-0.023144358779243583,-0.02882258450636469,-0.03219034934609321,-0.01570010159263607,-0.019988484220072343,-0.023973629134116006,-0.018928853497718764,-0.023829728049058668,-0.027231757812461718,-0.01087860868657124,-0.01207394940400512,-0.015733585018584347,-0.01888986081831127,-0.1443626471722945,0.0031723330664778985,0.009931560923325436,0.013952491778163576,-0.001750054862836992,-0.038806201431695914,-0.1385363420777498,-0.140135729649724,0.00353725965798768,0.005645948970291918,0.0035820565473084474,0.0011939954489817734,0.00533954994607284,-0.06694054927924019,-0.05841981246388468,-0.05941611480372784,-0.022391438248662476,-0.20575444717049407,0.03039391530512421,-0.013388367522257721,0.1486102884302444,0.20266298408670758,-0.019631493783951626,0.010803543267504961,0.004520995824420148,0.052348717390305416,-0.2378591649517209,0.030683450387299,0.20307674662285843,-0.006930020900393047,0.03145571892761869,0.026917163061550026,-0.09715540506062323,-0.02439165626085964,-0.014867076667866,0.1484342433966445,0.02156640920835753,-0.17222801377716845,0.0019036024675114765,-0.1357156636601674,-0.20941986395488452,-0.20262588937779136,-0.00735911478343957,0.006166485604977506,0.01057910164324108,0.1293023269606525,-0.13973216215213088,-0.22126591990631128,-0.037755407490472265,-0.13664165790078134,-0.03852979165574379,-0.19330375803125718,0.1925660675992762,0.20626124218720304,-0.0012691220741802458,0.03394964152724395,0.03404945380955326,0.03407067085896754,0.012658214467585187,-0.0073070984850239626,0.01016786854062855,-0.008874934907771052,0.007833705391202277,0.266284537429111,0.012426480962777682,0.014773525466622688,-0.004532347727581552,0.03643652168880839,0.005392574944237279,0.016477395514136607,-0.30013567198146496,-0.03457824710439474,-0.035238411201272794,-0.15040124510542108
"INTELLECTUAL DEVELOPMENTAL DISORDER, X-LINKED 99, SYNDROMIC, FEMALE-RESTRICTED; MRXS99F",-0.025505748762174842,-0.003314680867914545,-0.13011349226671415,-0.008744323538104176,-0.032774684658066516,-0.020168778518039818,0.002437768163443732,0.2555431492345025,-0.007197023041036157,0.012272438056943516,-0.00021620091707191068,0.03912480107554889,-0.022075502428457235,-0.032870163295286026,-0.004168293167255278,-0.00010736972489196124,0.0037637156978583284,0.02156124356890783,-0.14675657261154015,0.0006941819268945749,-0.00586307767836594,-0.005255589283643782,-0.02449943705906894,-0.028584108448745222,-0.029379982545763697,0.028412957241407716,-0.011572145295032192,-0.00958246953632074,-0.007464749700766428,-0.12193532034537757,0.02098431865787037,0.030971587206098924,0.022354466126170047,-0.014937402267916445,-0.005713914534051964,-0.008182444365112956,-0.010422266719198233,-0.005610690582218834,-0.015162377526477967,-0.012565000795419319,-0.009050705286362202,-0.00614560483757042,-0.006715389087260959,-0.006839855266920658,-0.00901400630170643,-0.008572404220086828,-0.008155073727477724,-0.0006409279649104302,-0.004738809038886888,-0.006555873737435193,-0.00827265780791975,-0.13041121533100597,0.004978805045899046,0.0011812658121640254,-0.002650427651414099,0.005038793081521082,-0.02272851436396496,-0.01607424152055593,-0.008178200161571187,0.004118072093221977,0.016646101995653542,0.021043987844514795,0.023951384059498815,-0.005289550766949081,-0.01596841173750629,-0.01955319114726696,-0.021757697165837378,-0.1608441185599424,-0.13006094233249188,0.0035732568296519412,0.010081697295486587,0.1365645534388968,0.2374224822039786,0.00625945094829441,0.010637946054621945,0.010014074995445923,0.043130763028851146,-0.0432636347150086,0.003948756946340728,0.23676850963734522,0.034548469628202606,0.14380282104241068,0.033608450694184076,-0.0050253587899450605,-0.016789655432106875,-0.01621180934404733,0.03589597403957276,0.010618393582928654,-0.02734622855500069,0.012065248266684078,-0.012133112661726068,-0.015492085375038517,-0.12946679199252398,-0.0034895869996795816,-0.03407344160250027,-0.008216418571814784,0.15915006477797383,-0.11301191297882969,-0.030785012411902964,-0.03272334787718724,-0.03287456377468752,-0.0268338533388035,-0.028276009454390058,0.029962940489365084,0.21657867540628853,-0.015235562544521939,0.03845101685276983,0.03847953985905624,0.03845409024124267,0.02904673458053905,-0.0017077432619997037,0.03477315706106159,-0.012006240595848174,0.006917681427327108,0.24476150841700536,0.02525550753397883,0.11662990909643084,0.005259590756152279,0.2556371131168576,0.019044521049381435,0.05023807365561718,-0.136855672584161,-0.014786016298743649,-0.016779296336189332,-0.016813430609567536
"INTELLECTUAL DEVELOPMENTAL DISORDER, X-LINKED, SYNDROMIC 33; MRXS33",0.0031870900013513436,-0.010580716532602497,-0.01284120356233403,-0.03224889371845916,-0.03700610649396414,0.00046907753730039453,-0.11345820603761765,0.03233487287996497,-0.013994950845873082,-0.15391851552004268,0.15348090332707442,0.14485300506063423,-0.0014894963716377402,-0.02430369116071383,0.016198244643899726,0.008902134884550076,0.0007345654550164224,0.10704341949822793,-0.015442447025640849,-0.022897288895800078,-0.00600768027880742,0.018033207862777095,-0.02957581126815993,-0.024873080329958035,-0.01812810416621869,-0.018137089246796585,-0.002257791736058809,-0.0015191963587176996,-0.000785757846352931,-0.012579546646304162,0.013038398346465268,0.1492535958909207,0.20012785485989243,-0.0007321462594170898,-0.0036547290241418125,-0.003028963327427933,-0.0024028956064409404,-0.025229932032684435,-0.0017501879932152254,-0.0066882697843498205,-0.011401356911647557,-0.005712107255263123,-0.010260665117894875,-0.014506745064689984,-0.006269813083244431,-0.011500286935551053,-0.016170334062222298,0.0021739385238495374,-0.004039258815865228,-0.005343622899129564,-0.006691650895942191,-0.008801692828406378,0.004208866653154579,0.020527401589265762,0.02823984654669418,-0.10323066393924618,-0.035548324644468,-0.12741602752989342,-0.13058355941570174,-0.019407416173066763,0.1069086222900424,0.10661671096167752,0.09587586366354985,0.006733066062515302,-0.06552136139337111,-0.07190886107875538,-0.07367129919162176,-0.018651011003496996,-0.026587115118749033,-0.006331224685404295,0.039477314976919566,0.0019342259865959132,0.20123508456705608,0.010207332409401436,0.2624209888273684,0.23137915514514404,0.0369869269575744,-0.04763091766141874,0.01756087217736895,0.20127725423318418,0.14201161849944305,0.24932135061696623,0.018065689583325873,-0.024890704482513865,-0.2181633523654211,-0.20668635961177087,-0.2382468916740547,-0.27078959352561827,-0.015148563177169228,-0.0023186966442831428,0.0141277480900809,0.014257187655334099,-0.016032099169727674,-0.029726190135034296,-0.15565238776700274,0.01020125589334947,0.018932345286520276,-0.0034978269761054,-0.005483983652192524,0.004521672690099634,-0.0016089887072946354,0.003674990237819961,-0.0147967725844501,0.016627723434092506,0.031173794570293276,-0.036018450469687775,0.1558719424295191,0.16026005263454812,0.16431768180961082,-0.007806824378989878,-0.16408611695023168,0.20049806967314548,-0.15064266797922873,0.13939509484817691,-0.013266327024616702,-0.013928499933540743,0.015104034539166413,-0.03429178504567603,0.027447102234321605,0.13432944166778377,0.3842330129724557,-0.2837616926036481,0.0034662923153954313,0.000968050191237581,0.008249557848035586
"INTELLECTUAL DEVELOPMENTAL DISORDER, X-LINKED, SYNDROMIC 34; MRXS34",-0.011932784912411709,0.004229748012395506,-0.0009264593888161762,-0.018135848210270703,-0.039087944047170246,-0.01532013312218615,-0.04556850653112293,-0.0036590351219061698,-0.03989664900915415,0.0014620093226719122,-0.00994722226253205,0.01649014354041249,-0.002570228047956067,-0.02405952730627495,-0.0025664336492884207,0.0013163307312195492,0.005169277787408068,0.012798106520345241,-0.03250116026261225,0.0018928835438323265,0.025228591886618672,0.011931258962887664,-0.014290602831804713,-0.016338875551649753,-0.017178298133392705,-0.027662003461074062,-0.027168350892097255,-0.023924771435275768,-0.020164351721153106,-0.024822437893452395,0.02433529383921389,0.04432938845379927,0.03890690122607705,-0.025341591567424,0.17970495289276647,0.1852418863095897,0.18920928937912324,-0.01920603048273129,0.04809012582692352,0.04738034584216988,0.04476903093842796,0.1518710878663174,0.1479099472891672,0.04341488091149632,0.04676328331921996,0.04589454077638111,0.043028962625639544,-0.02034066795078142,0.17238952309649622,0.17329786689502188,0.17178097873045944,-0.02021107924346352,0.03923339928834253,0.1740888542048277,0.16212890334316604,-0.002090266048734289,0.019223253066254737,0.010305230684395587,0.0019991117899974633,-0.01669763307227873,0.00023427435030681532,-0.001339406293373249,-0.0032590844739944134,7.047311118676464e-06,0.0012490641671672686,0.002929236909199124,0.0047654692585060365,-0.033625397219593116,-0.032805046012088626,-0.016303902809717316,0.18261742552314367,0.026477039419759017,0.059076196611839875,0.03330079443532269,0.20388995433558696,0.19596124569481577,-0.0040864617958178496,0.019542388143130602,0.0212035574004053,0.05926120605648385,0.044903651780105185,0.04885084610309614,-0.015871133043864873,0.00027571637728732656,-0.02521397587751784,-0.019407356509109883,-0.15655562867665782,-0.19777123457334206,-0.019150045531548244,-0.017003938277284074,0.023449323939871876,0.02692439743475312,-0.022493164311378804,-0.012597512371076773,-0.04382190005896092,-0.0030947386085429913,0.013700704435232575,0.0080065370042327,0.016786197202240026,0.007560469209309796,0.008990661743475237,0.010751671791080376,0.004003343200344723,-0.0027335477786476717,0.02910117757539346,-0.023269073910899836,0.008200570952708094,0.008862587072325689,0.009342912525001894,0.013081964598525883,0.008525175962886197,0.041746052733598965,-0.00027298686431575923,-0.008141356366475004,0.029900577105952928,-0.0007095971592349746,0.019921982570378683,0.013050652753109354,0.022935318030798783,0.20175122343088686,-0.013824018114427454,0.01903511184114751,-0.0034488337504912287,-0.0023015128937076083,0.012178377186679322
"INTELLECTUAL DEVELOPMENTAL DISORDER, X-LINKED, SYNDROMIC, ARMFIELD TYPE; MRXSA",-0.0032299622539905455,-0.032432164530718316,-0.011066872497338858,0.0052507972940897185,9.015449782342776e-05,-0.006790434899765289,-0.031010385293410173,0.026245605943558983,-0.007997064440055962,-0.013486114384560672,0.01323536365162871,0.025809086733012247,0.0029234309525294354,-0.01130423611845446,0.02816102059561028,0.04094952675696716,0.04256495218845605,0.01250341477364927,-0.015218600160789037,0.01533561140521595,0.03072313511445511,0.0037050884798583168,-0.016166050732235142,-0.02126070584010517,-0.02510945620912429,0.006782982665936814,0.0025006055354219714,0.007674732029431445,0.013545051777484288,-0.01520693503099251,0.04380789481590412,0.23314183363015661,0.13856892443118876,-0.023334470438824997,0.03180650144037533,0.02936291036093385,0.026032608933229333,-0.02552440091083799,0.023444944525091133,0.020849199967450334,0.017085695049210793,0.02532297459081077,0.02445065031950974,0.02203893603204949,0.024883133015298504,0.023575443266559422,0.021071890481639596,-0.07920724448876768,0.030032335161603765,0.027898744447074932,0.025532027003632742,-0.019153515367565835,0.024931114769672823,0.026875334350538727,0.017468051851274875,-0.00774455426375546,-0.0008940795575158667,-0.0009768045832663315,-0.0009029695296820313,-0.011067641513966704,0.003109922693333373,0.000343817593300968,-0.002231262992221417,0.0019460731638538307,1.8745912140307558e-05,0.002107718196378027,0.005139114383235064,-0.23810820318181616,-0.02051047135661266,-0.018019891921061192,0.013381753529365738,0.00998292552020208,0.01201629362009096,-0.018535080768160784,0.021646575196860453,0.012799872723262547,0.16941148480004004,-0.01138845183169827,0.04025355174776202,0.0119029402873589,-0.02714821366013793,0.002767944495395012,-0.000711737328819132,-0.012887805261993325,-0.019615227998802658,-0.00452238004072729,-0.001329113617718435,-0.009598167887056443,-0.006199810472342516,-0.018579543274089977,0.0367805975552819,0.03654107862215171,-0.02049850885062017,0.004253286910291652,-0.002459760614787004,-0.005385266638685227,-0.0019773271407433892,0.018549835493120136,0.008837004590802947,0.022619344709963955,0.02025298123141747,0.022085017469065875,0.0196612734722305,-0.00207303885478995,0.027681955488408936,-0.0156772370414107,0.17190224833056097,0.17233642951199907,0.1717068693602448,-0.003699918673509335,-0.015722408375526457,-0.008161783344495455,-0.018896590028600176,0.023304375153037186,0.03717606421352195,0.010702204743133577,0.003206294899570293,-0.016880800780689806,0.04162992750063903,0.009260567000783966,0.030420735551034805,-0.001928084229764863,0.017718792550045076,0.013720749635501735,0.028135499432069198
"INTELLECTUAL DEVELOPMENTAL DISORDER, X-LINKED, SYNDROMIC, BILLUART TYPE; MRXSBL",-0.033941573328832346,-0.021802380925214547,-0.03432611995440349,-0.015174622355824908,-0.027515899442795467,-0.008371699914606389,-0.008928796681492667,0.016972408294500398,-0.01059515887241396,0.026802814508543767,-0.01783543461056618,0.03944640080653405,-0.007174673748698824,-0.031683103093777774,-0.011688556084793042,-0.010697073437663155,-0.007360088583660721,0.005389020324229904,-0.1357786964484763,-0.005675802861985694,-0.0016287671682480374,0.004345961734847881,-0.001064731808429608,-0.002968844153121848,-0.004548376504656944,-0.005389514945365101,-0.032015657234147926,-0.03043378736247405,-0.02848472808060505,-0.1402979142988014,0.011464216532340999,0.02265421353624709,0.01999016432119183,-0.0147253128273741,0.009551551924241909,0.008688739726230356,0.007590384114382563,-0.09898013446336147,-0.004613123296808061,-0.006517796331596183,-0.00799108342781961,0.009662960725402035,0.0074019091862786894,0.0048468643949773375,0.005668746234371703,0.0034299883428062197,0.0012140051122053529,-0.0076876444310402395,0.01203609159194091,0.010517820587062654,0.00887544785203633,-0.1400962996651957,0.012281721597931356,0.017092039338257082,0.015449935790379489,-0.015333190078910416,0.009897698266307665,0.012627501830181182,0.013634300675567283,-0.018262192980031025,0.00323914904304384,0.0005991097415062323,-0.001671979600796938,0.0005226381364365753,-0.002506403307220966,-0.0004045588086306333,0.001814295580981384,-0.03522217579496932,-0.14610334159086016,-0.012979858514454984,0.01995115820046083,0.011960354674198996,0.030598352412219112,0.009982876819842456,0.023592504818078276,0.022446619890404643,0.01636598663341813,-0.02918816484670864,0.024176304280686265,0.030732973443803994,0.0008621535259089816,0.02167578487014028,0.014180315715386567,-0.013388000191678321,-0.19087223970974135,-0.13683843403316803,-0.007858165223894301,-0.01952040418248524,-0.01975454644408851,-0.019629742799943766,-0.0188359891032545,-0.01654098753494558,-0.03701096256471057,-0.007178903108273859,-0.01682322937713586,0.0005716701226892135,0.028559465542671802,-0.20305521698469536,-0.0240277569345239,-0.20040988731155798,-0.1992283750968101,-0.19113428283686082,-0.12311440498480347,0.02805095948069064,0.03608586744881433,-0.10595690198885473,0.017075337728019672,0.017577798237191317,0.017967153266828816,0.014936598804939135,0.015017250235648627,0.01506121489674335,0.01840155127027973,-0.011551636709216894,0.04490272739671979,0.007857479965492872,0.013824862535478101,0.023088117827002073,0.03927644261070037,0.012398394902607357,0.019225005594839615,-0.131379270344495,-0.01302982749388794,-0.02119016314509847,-0.019493073060865736
"INTELLECTUAL DEVELOPMENTAL DISORDER, X-LINKED, SYNDROMIC, CABEZAS TYPE; MRXSC",-0.3220899092968586,-0.04538523966827882,-0.023357663633702692,-0.021169460407356015,-0.01114345515548383,0.009175192873664527,-0.03385304749623513,0.03396817090678851,-0.0046611860867629305,0.2401459618913578,-0.1195387075218051,0.17352645099394357,0.0009430377240264759,-0.02041815818117158,-0.007913413462887342,-0.014244160970364319,-0.0164194117408362,-0.0005764732924902243,-0.02166380912811926,-0.024512279669379494,0.007968860072528025,0.030815814587988544,-0.054308644490636916,-0.18319047815128528,-0.17792974287311103,0.008618509057377773,-0.03908461967863513,-0.03306316747153241,-0.025713618426639943,-0.0301120453088199,-0.018452467438659338,0.002698453300263573,0.024218770409896152,-0.008666139431983995,-0.025342334386643215,-0.027051004224941548,-0.028384921746422705,-0.02423808575344901,-0.032319366724253694,-0.11973828108158553,-0.12753631341861313,-0.014507636827015492,-0.021847171132293227,-0.028103815549937003,-0.021313111694786453,-0.028769802051367498,-0.1102911908354308,-0.001939501084505058,-0.017317740194919207,-0.021744160604168675,-0.025340127725231025,-0.030912880482952824,-0.01756155921911351,-0.007234376233440579,0.003530040476314035,-0.02500746708980479,-0.004849155105905443,-0.010072079617148693,-0.014822736856255975,-0.025086251670208753,0.09845230085046291,0.08490428343445153,0.06251547594796265,0.005953517115086967,-0.10440737540441772,-0.100726117176834,-0.08807816491979252,-0.15179424220473597,-0.03104335864188346,-0.01672067540777483,0.020192793960372754,0.11957335105012144,0.33980678312150353,0.03167686165408611,0.031504633927999084,0.033553117818826333,0.07569431713380097,-0.3191811269764258,0.1633792889767144,0.339643207170666,-0.01870355817306028,0.02381901859429899,0.14327352263482232,-0.0306566214459547,-0.2064534927665106,-0.11869698578935071,0.005263563690123152,-0.016441785557129086,-0.008900465760532298,-0.00824991430303573,0.0017778586247654306,0.002806477803801922,-0.020278044263396054,-0.027316344754864195,-0.016986621493665303,0.02113178915032439,0.037172510245699765,-0.2200868187697745,-0.006138559724210875,-0.16615827028430705,-0.1686425261594878,-0.1581259501428388,-0.04035934578144493,0.16475414657224288,0.02118324404890238,0.003175397427738496,-0.00403429180696704,-0.003008601495111241,-0.0019488842642521468,0.03977596654450379,0.034442152593888054,0.020293621701704057,0.009111427110163347,-0.038149123182827566,0.2862074958994553,0.033052797448641764,0.03427888189510522,0.04262248333505291,0.3130669513851423,-0.015532066456482524,-0.009111028996308885,-0.23217264342280006,-0.023142464552060128,-0.03390853613989241,-0.012049556600192706
"INTELLECTUAL DEVELOPMENTAL DISORDER, X-LINKED, SYNDROMIC, CLAES-JENSEN TYPE; MRXSCJ",-0.17785141319094364,-0.001567910261390237,-0.03456291303781006,-0.028986215367926362,-0.020657117337093796,0.013159889186616742,0.004709557455524649,0.02858477911860779,-0.046281956524381815,0.15680668667171127,-0.039317144217372986,0.016740429620551875,0.0018166726886731255,-0.022683088165590597,-0.019265293502379047,-0.024548363173794118,-0.023243269650267975,-0.02232978992670676,-0.03197780414453773,-0.020203752538902477,0.00044312962789910067,0.02189079560957612,-0.016696732609244005,-0.018098888422986827,-0.01503591538114762,0.0010035735663816842,-0.03715688228356865,-0.035393518464136665,-0.03279245253331191,-0.017391797632346127,-0.01791528365022093,-0.0007024663264837719,0.0196103759727471,-0.0141444187916171,-0.00032764459236401226,0.0016763682758727102,0.0039533459961177886,-0.027650690210513744,0.0024036078313946843,6.40531535823986e-05,-0.0021465603028112054,0.00966326798567671,0.007516414847664252,0.005711945530883926,0.008116691197838546,0.005490427420417565,0.0029614095705242337,-0.006647879497249531,0.0037626323169863995,0.005300965832841178,0.006812874225270034,-0.027409799821692744,-0.019712983388577052,-0.008282784486671062,0.004521903960295005,-0.0034986179589176266,0.02185915487436906,0.021885445774527036,0.019753168218330133,-0.01580702883982462,0.008620878053628132,0.007117000288660068,0.004656459438376935,0.0008585713270494259,-0.0058557527025872,-0.00608525179254059,-0.005626240560709863,-0.00894781350662495,-0.031019915101771902,0.018648618656770324,0.036328166160345454,-0.0014646019936787357,0.24533219819614893,-0.001203798322865143,-0.001575438571437586,-0.0017032261712420337,0.012139173897372306,-0.013149518451212741,0.025494643675194915,0.24529860882137955,-0.0006838011656922013,0.00039923868701614585,-0.0014641219992792122,-0.014702592733714262,-0.23017302687947183,-0.22089179634619768,-2.6247989965254078e-05,0.0007259155494213062,-0.015827834542605744,-0.0044750749827690076,-0.02806327572545366,-0.025599099446801832,-0.03583826305936753,-0.01954441186951465,-0.0018918834888529679,0.018512073543485802,0.038497798373037094,-0.23596882280790993,-0.032878036871230594,-0.2382875083304341,-0.23589754751861985,-0.21049073771214047,-0.2011128524123536,0.02179725910865269,0.03012723433138712,-0.0030658155506911302,-0.02761599619647934,-0.026409251444985748,-0.02533433533176004,0.0014562191275569872,0.03804641623834455,-0.016457591745347624,0.02397494121416404,-0.03711871587677585,0.15246843668689725,-0.004778734865832548,-0.011407445351662462,0.019330473166059296,0.01395180943079647,-0.007829529219598683,-0.024633997577463,-0.14811900291292435,-0.03394441423086858,-0.035980287700140064,-0.031733514636927945
"INTELLECTUAL DEVELOPMENTAL DISORDER, X-LINKED, SYNDROMIC, HACKMANN-DI DONATO TYPE; MRXSHD",-0.0003389530445222236,-0.02714866741777567,-0.0003352494612532522,-0.01263105673383592,0.00188823849303038,0.015987602699594816,-0.004485252372053195,0.03519386250164172,-0.015629248852679228,-0.013136037815725175,0.007202368359189063,0.0314478985456551,0.006304836086284495,-0.02920673130322076,-0.010229407486875347,-0.012733776971072868,-0.011322296990526346,-0.03783707963136341,-0.009919042385182632,-0.012351501209251175,-0.0024819177952432156,0.01229971196759142,-0.011094953039756052,-0.015020548229743613,-0.017231470141609497,-0.020703775200927674,-0.03348979043167167,-0.03262070152818681,-0.030346891103679764,0.00624854846021903,-0.0151336458934342,-0.011178610359861185,-0.00030409382699134467,-0.01314966911831801,-0.0026994040755725806,-0.0030430227067737166,-0.003119468740564764,-0.018904906285515412,-0.006465690444591342,-0.007277652163529932,-0.007475230143023852,0.003021679547700782,0.0015917127532108135,0.0002579548237100441,0.0004581760784250721,-0.0006454073014524885,-0.0017254972729837147,-0.009170721456671267,0.000797306177612745,0.00021107491946146688,-0.0003584912717820413,-0.01622484630677431,-0.005743326273271641,-0.00454850598196193,-0.0014351539732228276,-0.010008795871713211,0.012698666954478447,0.015689122114250845,0.017822790788959222,-0.020250341032655342,0.014055550760009292,0.013981217904487205,0.01257407654924997,-0.0002622585827767,-0.011173773306054242,-0.011139141452152201,-0.010413928896041823,-0.03142713914616627,-0.013299656368416615,0.0010573903788817943,0.006558828741625277,-0.034631026278556035,0.03902313245636256,-0.02439002860956567,-0.005844465930905477,-0.009891920542457962,0.25072555583310163,-0.03827966070435733,0.011429693234123805,0.03941241003893701,-0.023295834556854935,0.0012446628836839642,0.021217658396065143,-0.014594516427897072,-0.03833517283253439,-0.03645756879650223,-0.028065783131119404,-0.006968116179491732,-0.017585486392703582,0.007568082047562603,0.027883228137361462,0.02646699863021328,-0.018767481314019077,-0.009043008623314239,0.02333679556852006,0.017484804355361122,-0.038858387961782224,0.020652555351902527,-0.0075518005071858315,0.02449006112832172,0.022652822334468022,0.025845040303339336,0.014190506267553141,-0.014018539648049805,0.01275195394232037,-0.0001599237173811681,0.14707086792630902,0.151768405732186,0.155104652453069,-0.13030272669622772,-0.009622479947000663,-0.028655768929592658,0.002545542091288357,0.016325194564075884,0.034859157363687686,-0.03390120924281077,-0.12901715580931528,-0.02657473338525687,-0.0019562646830864772,-0.01744267740056665,-0.0013938512700867362,-0.01037357532512571,0.034531000385938204,0.034403316583644095,0.031795878032919084
"INTELLECTUAL DEVELOPMENTAL DISORDER, X-LINKED, SYNDROMIC, LUBS TYPE; MRXSL",-0.0346560107051957,-0.32162069954934963,5.8146475026196304e-05,-0.04285417985424835,-0.21726935541400968,-0.0025143282352482065,-0.26023611548763914,0.011065262668383041,-0.03311296815991065,0.008983832259571127,-0.02150106530371328,0.3166339895721874,-0.0012257147014128492,-0.03836647638653795,0.0015941711461899119,-0.0011651279740612591,-0.00393914418196519,0.03616210633429908,-0.03131470101884683,-0.019493599497304483,0.0037039428379711443,0.02315730853054714,-0.049957037220878305,-0.04623334573641165,-0.038825908905536805,0.00587409742640127,-0.029169997436082614,-0.027912893706621228,-0.025652090141374057,-0.030649196121598898,0.01148393724094351,0.04593199579321359,0.16322749139520304,-0.03013345521320128,0.019472137253770568,0.019444651128082382,0.019645657280017315,-0.03179715062343347,-0.016467925442170035,-0.02522439356549341,-0.03149888647883603,0.006750480666606041,0.0024146581887717873,-0.0010916436149032579,0.001639403905567181,-0.0026404224238707275,-0.007461933331515077,-0.030639918259764816,0.01731725773058924,0.015790922557383485,0.013838029795508258,-0.02654250855638764,0.14278007940821266,0.2726639578918718,0.2669540923912743,-0.01874237438222131,0.017153056215631048,0.011199797438686534,0.0049503205758693065,-0.09957234798329656,0.13412670668432766,0.12645728572486933,0.10514482713076134,0.0024664655836101664,-0.11386726812131637,-0.118472648096438,-0.1145531429450336,-0.14054775045671367,-0.038079789152019046,-0.04773625597611536,0.17495304689537514,-0.006913984794035394,0.25895441880470066,0.03911464321730623,0.2540624959900337,0.24945364360675928,0.41667678247326745,-0.38253412927212166,0.04049324918112762,0.25867530327711735,0.00390892693942641,0.34518727721069487,0.03048459285103969,-0.24409992576308587,-0.28382707439843735,-0.24724135427080732,-0.2992596712263096,-0.3085987709536029,-0.007668502876391501,0.007046555519177839,0.2198969697991001,0.24057721628747394,-0.028804003965095543,-0.03102194597048465,-0.1719291425666755,0.009317780705831174,-0.020725766699607583,0.000881915355490901,0.00012332943629966535,0.0034602483846444656,0.004244513669528222,0.00847580704978579,0.0162552951539609,-0.022126124467539792,0.03621478793366513,-0.02831755794222858,0.03716868316085249,0.036445843543392344,0.03518859003892873,-0.02642567907902008,0.018024047662416977,0.015127483333381209,0.029285566376828623,-0.01458756778282289,0.04892188895992977,-0.03872051720704354,-0.017066031602617653,0.005030953315983001,0.027929868176919868,0.23531782106760338,0.0003455765596400256,0.001825340257731795,0.036883507864306594,0.02551698181394226,0.15442114224447664
"INTELLECTUAL DEVELOPMENTAL DISORDER, X-LINKED, SYNDROMIC, NASCIMENTO TYPE; MRXSN",-0.013441800320877693,0.017688814481460504,-0.03685982509326636,-0.012171658272509376,-0.024257732662849633,-0.010308787806021432,0.01041473441750509,0.044411810928036866,0.005631597711754353,-0.0017090391228951748,0.004996880953413516,0.021519302476229504,-0.0014277981785673494,-0.13645956732352177,-0.011832556442879325,-0.011819525957658585,-0.008448097974957373,-0.004926014603429085,-0.1426361483479569,-0.008839419787469879,-0.012589477977200185,-0.0007388836026485758,-0.022948327785562238,-0.02485770225639272,-0.024605927359915552,-0.011408840778411434,-0.01143082370688057,-0.010898623806785204,-0.010042348723582423,-0.03768794931630732,0.0028707511194125505,0.001856973419738102,0.0001276433172424216,-0.021654470569994776,-0.029497403904252175,-0.029607455749883653,-0.029364551974324228,-0.01838379809998008,-0.028489908689777983,-0.028646164051149066,-0.028298311718551832,-0.022110835762123308,-0.025343309400164684,-0.027360218318292356,-0.02483844669590762,-0.028188416794067715,-0.029881407375130696,-0.006689032901423436,-0.025666867123796042,-0.027066388383910046,-0.027635784286364436,-0.13997472156809834,-0.021854851354517042,-0.022590760273637205,-0.015500137620599902,-0.021584795163509213,-0.000135562695429147,-0.0021490518737207146,-0.004169683467850514,-1.7427641476785005e-05,0.01271030063909922,0.01166916131099859,0.009583733745758913,0.005333913443879784,-0.01096903069380806,-0.01211321766357356,-0.012414268425940253,-0.015107823662277888,-0.20198945824575024,0.009994198546969637,-0.0038660595538356317,0.012689657540414243,0.1567073069216923,0.005841578633479322,0.0026843467173058777,0.003715157705548905,0.03730525912425983,-0.012543645587922222,0.028752414913530942,0.15773695024236567,0.02021025410462066,0.003980318702807841,0.017988697013160478,0.005341755772012852,-0.011981807058545672,-0.002545377293351462,0.007352191152683058,0.0030312225175966405,-0.14786016833828344,-0.015128090696052914,-0.0003016947010787564,-0.004584151314543662,-0.12150060756467414,-0.004098929123087538,-0.0075538098907606994,0.0007403425109971527,0.0028423141865336183,-0.002764555506036203,-0.016362756510398146,-0.00044752490302655244,-0.0019495064158596342,-4.427470550600147e-06,-0.01294721496964039,0.009729325894197767,0.1334055599385813,-0.03475699802818519,0.020715652036644067,0.022537713853862138,0.024000583977685404,0.0016216367277611438,-0.007591565119104285,0.01525730394861435,-0.007841439604285285,0.003851388301130716,0.021011483377162174,-0.00027027508709518436,0.006866883348488831,-0.0034567420969795286,0.021974342063496285,-0.00828168491258732,0.006067538803441144,-0.029524760958797334,-0.005898671710424881,-0.005725562328620994,-0.0055024280936851015
"INTELLECTUAL DEVELOPMENTAL DISORDER, X-LINKED, SYNDROMIC, RAYMOND TYPE; MRXSR",-0.0005474581619157551,-0.04490840257137097,-0.010788535777163892,-0.01263654713205333,-0.0008229866306476481,0.01233230357399415,-0.018758280924505228,0.031360450828985864,-0.006360463146223878,-0.0035763366205006225,-0.00216757495469475,0.050804272722641396,-0.004917307641371458,-0.03554059827182285,-0.0037996936012954395,-0.00249524592047909,-0.0007202092800408063,-0.007285522410278132,-0.020577586246603604,-0.008759227457412866,0.015830033241238616,0.018967698924783054,0.004551155629619247,0.003978452727776129,0.0032571161087662616,0.00940715796484397,-0.04371476704551305,-0.041479135297332805,-0.03814405968867932,-0.01370918333464319,0.010487342415002461,0.03978424074783989,0.04201325984981958,-0.024094640781419326,0.029392618770370613,0.03200454868817174,0.033948609603854304,-0.020422790233779926,0.016162508117255468,0.01692709971285553,0.016754260104201595,0.025220053091025294,0.024789478576300965,0.023497255018642058,0.025365702735097456,0.02409912132115148,0.022563121451576903,-0.01970250032458764,0.028723149341480854,0.02975238499146854,0.030428747702023865,-0.03018178014836789,0.021500775427000164,0.03318971182482616,0.03260676840480548,-0.013818140058847439,-0.011560697056931387,-0.015391808227714876,-0.017996477458721752,-0.014748353978215962,0.008769591092389189,0.006932091493700896,0.004427268841542985,-0.00013033967961835247,-0.004872574552935976,-0.0038586192326706533,-0.002502747371558707,-0.051153491984183584,-0.027620570375137845,-0.013654926077825898,0.009448363251151231,-0.010614825771165204,0.030883401980840948,-0.018448276636345164,0.016457416124190685,0.008182587729633801,0.19694753906489346,-0.02713979633595325,0.015631857274177215,0.03100758431496226,-0.03106031885439472,0.012197141065058058,0.027609176028168873,-0.0010535389508856343,-0.17112442796872052,-0.1681272358855034,-0.019864323680957013,-0.018212817932331593,-0.013309324352300408,0.04661791111845931,0.028907837585742502,0.02915808132199391,-0.02717291758326646,-0.008215859310427643,0.014192879578418803,0.01372245234106709,-0.012889922979950846,-0.015875101795755794,-0.024785771229631073,-0.007556763219816907,-0.012180973111796094,-0.0056416608929612784,-0.012342187551913733,0.001986069792240477,0.02489793860768466,-0.014627315742670679,0.05131785954534242,0.052841570181002294,0.053130347464983504,-0.018407779857836447,0.0006890463156254412,-0.0012518453385162414,0.008100194745289073,0.014272224773963112,0.053738722011474595,-0.019387048582243983,-0.012463450282248614,-0.009542276546244486,0.001420840085563137,0.011433356241253127,0.041069326958944115,-0.14839230672367398,0.011449748231755525,0.007991907323258034,0.020939960769536605
"INTELLECTUAL DEVELOPMENTAL DISORDER, X-LINKED, SYNDROMIC, SNIJDERS BLOK TYPE; MRXSSB",-0.01144782447354414,-0.02370175351962552,-0.03328628031080535,-0.031774697127507724,-0.017607297067620518,0.016538194046468172,-0.2360909882903146,0.017290761007820402,-0.152544624187794,-0.01747772154337973,0.0012291118489951886,0.37172226182733714,-0.02217800284464601,-0.03546524351917869,0.016820455725950034,0.010057902096879682,0.0016164988037643986,0.015566426669723663,-0.04139747468278142,-0.026006204347508093,0.003908862031294821,0.028570379138300288,-0.1345090969491097,-0.13810902925700835,-0.12836589054679273,0.0048301851160719505,-0.2115896830991288,-0.21060236530421034,-0.16430350124337362,-0.035845812713793467,0.012739182268070902,0.210263886021977,0.2347159997203557,-0.15944891869409933,0.13320813002617882,0.14805101949110142,0.15805343814154105,-0.18711058246985657,0.02636408751830653,0.023732866859902817,0.020229187306668027,0.15037373675759327,0.14762965164757677,0.1405779934964553,0.14819057276508693,0.14155241442532762,0.04028855980717228,-0.028236484340395863,0.14687201147785284,0.15478144163079718,0.16004664065659424,-0.14743537635292178,0.009615087385781085,0.027016855634853183,0.10588933638557717,-0.007549707452510373,0.14606144312337405,0.14702261112893197,0.041732384367218996,-0.09218360857761795,3.097265641068219e-05,-0.00315408229164176,-0.0069325953662877525,0.0014497661402237216,0.003946963317597974,0.007019620125076448,0.010308651475635042,-0.3550348117715914,-0.16411042538856813,-0.02269913912484185,0.03554331205413947,-0.2718037040578351,0.1713700390658215,-0.03358795859512538,0.003658809320364885,-0.0025985568929995217,0.01278276937012934,-0.01488333645536956,0.01691927705173241,0.17178916273747177,-0.00518258932887149,0.012598962957948557,0.004341600008451198,-0.008335634727285796,-0.33271936098615673,-0.32984332716528153,-0.29953877002266893,-0.03992030270457168,-0.021135222336609825,-0.003894055417104017,0.03479630814321636,0.039551539116226324,-0.15813371583164332,-0.025367337075214286,-0.005620021610990358,0.02252181280788592,-0.024815713542289657,-0.023088249014416067,-0.00039332292801597606,-0.013188352490419275,-0.01704930754819481,-0.0014510735335851498,-0.019715939002991713,-0.024006549836648492,0.23222698544808176,-0.1891756223739174,0.3659876753416711,0.37006556384798994,0.3717652651962238,-0.24653199036981677,-0.004812379992678431,-0.023631720829099902,-0.0022727344716464482,0.02027778655905223,0.2801330513541814,-0.22270920682005088,-0.2054345642755582,-0.04028698595951769,0.015254882876402117,0.015251720188175895,0.4153775400090794,-0.2450944746466992,-0.005615753538130645,-0.012854631732294898,0.015337612771086851
"INTELLECTUAL DEVELOPMENTAL DISORDER, X-LINKED, SYNDROMIC, SNYDER-ROBINSON TYPE; MRXSSR",-0.004456321049992104,-0.007071004708415105,-0.04262516336585776,-0.03272124416577141,-0.03184865256684055,0.0014349644032275435,-0.16574016253020585,-0.011311912892859424,-0.004179213462484298,0.004286383950129133,-0.015472949579506725,0.047800184294349186,-0.0042961091258822215,-0.03686560422372954,0.0030955332908946566,-0.00020648881293202918,-0.0032376317854747164,0.037683611170125114,-0.03111958170208463,-0.017062291196308733,0.012043017902180072,0.026840954911263943,-0.00457253837577937,-0.008477414636015576,-0.012003147543759978,0.014133372274923561,-0.0007090516262881609,0.0024953563152028337,0.006903471091715478,-0.0194883357299077,0.003318337542029631,0.038735160538673576,0.04797043170536313,-0.008002383039341927,-0.0003695411237870287,0.002041895506341416,0.004718489983867326,0.016594239741298478,-0.014611869432529683,-0.015957627084966664,-0.017998089665242592,-0.008675828812224546,-0.009964027535906327,-0.01089969755876549,-0.006888302182434294,-0.010085378846875857,-0.013142076921757546,0.02441457600376972,-0.004567219642054262,-0.0025714096392000963,-0.0010096588979043766,-0.029296360444339285,0.011750300759518287,0.03211964934033074,0.04019958856042077,0.00871133264201813,-0.010164129106625288,-0.015857089326754874,-0.021329217205036045,0.0063421182415839775,0.00968825299562782,0.012229327997895953,0.013639306003477233,-0.034271392773359464,-0.04104913350358314,-0.030880811676186087,-0.014337790742940804,-0.1426336772418788,-0.032691844987413204,-0.024867902674690592,0.016158941676545392,0.002987306645979546,0.02760763867556026,0.028873967688593655,0.04052214367893293,0.04061734493784682,0.04310705322137932,-0.021582235003493058,0.010168935681638572,0.027707341529142022,0.036471433452250714,0.051905728752884385,0.001099263545263157,-0.0227162294168365,0.007762268960240821,0.014127401179777727,-0.04360472478129591,-0.04330778198594281,-0.0075403883671196804,-0.0002489016614216109,0.02285950333064862,0.03086829013225301,-0.009364946543496216,-0.02687796933479399,-0.038060321834776506,0.007953269032763813,-0.00036706001226688743,0.0035004506861504277,0.02016733479828167,0.0032585374140700566,0.005816773406170186,0.004485161548726184,0.015483225867692177,-0.008603985914283624,0.037173520762565235,0.005965144312643009,0.025437847481022607,0.02603159430298902,0.026472082149276346,0.00011667678009483482,0.013092438996976211,0.02517034303846288,0.003199542048744442,-0.007216868186051554,0.03568263620792223,-0.003383912065960506,0.009199025883347891,0.006402817958670908,0.010429857108888269,0.04374741207177111,0.023557379087898227,0.024026756126959994,0.007935097563480093,0.003432412675804223,0.018829567784642127
"INTELLECTUAL DEVELOPMENTAL DISORDER, X-LINKED, SYNDROMIC, TURNER TYPE; MRXST",0.0034059827828047612,0.18490750362113287,-0.028506218905065377,0.00033029556456782113,-0.004982353491934847,-0.00495694709221634,-0.011795593013017672,0.2176091085730164,-0.18001627116945296,-0.014309384481311204,0.011837456107127824,0.010621502568872782,0.004984628805631965,-0.034868356424896885,-0.030608286191018078,-0.029843414533757735,-0.02025609167765788,-0.3421796635748449,-0.04599363188566896,0.0037992925857171927,0.02226615906748277,0.008377554246562363,0.03744037569716704,0.034315121573946616,0.027879898557570677,0.008234614955788791,-0.033269958394236285,-0.02853639936268098,-0.022940883332119497,-0.020305296103401427,-0.015514462078366544,-0.017372213248252433,-0.007737270816055244,-0.010781829525765,-0.016410825625046737,-0.0184211821225355,-0.019614433883194456,0.018681089218877074,0.02418340518089459,0.019444251411027763,0.015260819716792795,0.004077873281341369,0.0035860669784871188,0.003131254704083391,0.006058565883770153,0.005154086859539211,0.004320521455626079,-0.005125070814962725,-0.008271975928289195,-0.009237052302095624,-0.010045386713873533,-0.03773745347334181,-0.2700099171118511,-0.3184840794777347,-0.21509341141691096,-0.017283951664610036,-0.01799492006654119,-0.017811526514617215,-0.015788935596634426,0.05055276210577369,-0.006440266654260292,-0.013750951239160633,-0.020922211177301427,0.0026393764867038475,0.004174154380783505,0.007443898370448533,0.010893566496701881,0.007772191052121823,-0.04308059563134632,0.16164980386769198,0.02031461494007171,-0.15448308258959753,0.28537014442388137,-0.3052974591552841,-0.028587323106841492,-0.1340886813117661,0.01955746492730828,0.04970029420044162,0.04126793174821028,0.2853144772423696,-0.025101213168556357,-0.2543188821000461,-0.019317523973600075,0.023062545135549253,-0.17880971861141426,-0.04408283079206943,-0.007373493031576357,0.022659264975433083,-0.02343213421448925,-0.010894458255994102,-0.003894332604602132,-0.007505652056935744,-0.047264699277314665,0.009627941745289904,0.14681762387869637,0.005414170888323408,-0.023152898379586492,-0.01478396928011886,-0.004539054290138745,-0.009014654723884494,-0.0141704432261829,-0.003199176229612617,-0.037370971775782066,-0.01530432607806306,0.04613706757599036,-0.012506739915211186,-0.0038369512552205707,-0.0038031296684211094,-0.003759422102658121,-0.045225384426532414,-0.014509976904038066,-0.2508902186383923,-0.025454494346939964,0.0036257715156181765,0.0023129095602774756,-0.013731950919466633,-0.0463977652160741,-0.04620858613462009,-0.016553325190504824,-0.31255426740362957,0.054861399660642386,-0.19160289027342478,-0.15217012168988733,-0.039755007105566384,-0.022684129116754007
"INTRAUTERINE GROWTH RETARDATION, METAPHYSEAL DYSPLASIA, ADRENAL HYPOPLASIA CONGENITA, GENITAL ANOMALIES, AND IMMUNODEFICIENCY; IMAGEI",-0.1949477967590703,-0.028123153038986666,-0.03192850929123214,-0.00047855625411194664,-0.027803422695300874,-0.025335560098777295,-0.2569339214601115,0.014389074328169863,-0.18307931103525776,0.02256576106101733,-0.020276275892785738,0.019888005170569885,0.0012167637075717968,-0.04165948335840837,0.0015707463312681236,0.00965838209058573,0.016564923363339798,-0.0031078226963102587,-0.04867266911851584,0.01701897485248513,0.039338182931688906,0.00880101418475354,0.01013327732017927,0.01065175143752213,0.01029487133852026,-0.1517000459013239,-0.01233665497639902,-0.01106730526727425,-0.009303727381319637,-0.05261318320081703,0.03454373932374881,0.048011582963004534,0.034411797778377516,-0.0372849817902342,0.026741936286979896,0.02739681511533511,0.02693261431222683,-0.020375631930810423,0.01877770892436408,0.022670211095694903,0.024558086125587842,0.027141068617803982,0.03004094340383409,0.031672449255898044,0.02468993112776184,0.027437993441876418,0.02873563649195686,-0.022200081404854306,0.029286394626137968,0.03060329288698433,0.031249103215691784,-0.17114680968489404,0.01837189665544299,0.016226847645331773,0.007405238253687204,-0.009918171731757599,0.00944386285610878,0.01175975282826227,0.013241799914421258,-0.024716023231111,0.003032127177730477,0.0007777054321388445,-0.0014557572810497662,0.0012473330336413904,0.00010301677964559115,0.0017756801840275182,0.0038179413004528887,-0.04716230350644268,-0.048919600915530624,0.003566463079073115,0.1651053279219311,-0.011321757976938976,0.025540621310724473,0.03637044581886971,0.007148829759978899,0.013396255401645808,0.04437573278566327,-0.04747049855003699,0.016613098398348094,0.025458332221912558,0.0032755856511344664,0.034009256144381404,0.033185750272901174,-0.011393275569111839,-0.16462285068672264,-0.1556680094116103,-0.03339823747057987,-0.026182191281523423,-0.006102776665440127,-0.02957232061441646,-0.0063275225055409645,-0.0018007513695396339,-0.042150527934543026,0.0043372630393960585,-0.011054662709449633,-0.010029713868639052,0.017990867513638067,-0.044252997832921324,0.010087234145979665,-0.04234000635073218,-0.04402930158942275,-0.037434838761860316,-0.04571180821451666,0.022639913944599487,0.04421731519562538,0.0022242929909850246,0.017178900834555318,0.0165535757721607,0.015446907361610647,0.0027862703861322446,0.016903273076533134,-0.002247661505911229,0.05171530370339718,-0.0074775634197595435,0.24928940925805546,-0.01046725488034111,-0.0076842924761177465,0.030296857329624522,0.03711517781592702,0.013282578171956678,-0.0111291927759374,-0.04682570370700213,-0.02557725760763173,-0.03161963242111647,-0.01386126071029732
Immunodeficiency-centromeric instability-facial anomalies,-0.01470853270649823,0.1219942633720647,-0.009903238598206061,-0.014480088537753712,-0.02496643021367591,-0.005525485235225165,-0.014247575529196994,0.038247291347770766,-0.19156858895279794,-0.0025278596211456344,-0.0005716829476894141,0.17596113718592066,-0.01634172964865539,-0.027248330609695292,-0.0005644736623932452,0.005083615313130453,0.010337789020308857,0.15151135583226347,-0.029220973000788422,-0.0016863786915157304,0.002532148837040183,0.0037223456037684902,-0.008806836917352227,-0.012108057060685231,-0.014282034102433222,-0.006751622042368088,-0.01652898583522679,-0.012670048412026147,-0.0082800848124588,-0.029157243323611248,0.028680758043142615,0.15221975252440503,0.12507637839428648,-0.022133212072956127,0.1979311925646247,0.20155735289991136,0.19919461382246564,-0.02780024395217296,0.14497085806285773,0.14564659250648038,0.13818193121622757,0.18989508905212146,0.18887821255151296,0.18452421800917612,0.19440730691989289,0.19288466757019185,0.18606488456506387,-0.022629915480338374,0.19821515161713377,0.19807033968323667,0.1978142185432074,-0.026219641170169884,0.02124333394393139,0.027079347669981154,0.02294372679259722,-0.016386145266060127,0.021617032257306625,0.019635277941175724,0.015213138356172103,-0.010927045698113648,-0.02033039029372088,-0.023557939774378353,-0.02461212364240258,0.0006554503462593068,0.020568442194503704,0.024290017320972062,0.08579320837017528,-0.032140112944192424,-0.03310847118366804,-0.004661288459093383,0.19179027935812534,0.004551329108758491,0.16294792186348508,0.0027097278878300897,0.030573793303000234,0.026212692576629764,-0.007926654437324094,0.033297802311794106,0.0075449125310834645,0.16381167160081564,0.23882553463978085,0.03839102946554574,-0.012421857301085191,0.017794208328570805,-0.001186132627005463,0.0010167662038742154,-0.025169171334590772,-0.029624407753887874,-0.028707898343753528,-0.010735648105571354,0.004954092922419158,0.004696867652957994,-0.01771754686992474,-0.009419167191496885,-0.0285942528682371,-0.001863753681687865,0.020497634943468946,-0.0374635610915838,-0.1220279966951919,-0.0325334709978648,-0.03489088098457436,-0.023940861271886608,-0.026709824182383927,-0.00881380571017298,0.028107658948972204,-0.03028375057161709,0.11943728388354208,0.12316646349923632,0.12619458222722088,-0.00634890956162308,-0.0011519010074393036,0.028856522077944327,0.0018491232819166994,0.0020516041073183836,0.03538624460826924,-0.019880641045619183,0.0014415256229230939,-0.0034501231359798,0.02855200517874026,0.16852882057697804,0.16093413080915933,-0.1329561161992041,-0.012428155437396551,-0.014157408021706529,-0.0018727811669076604
Infantile liver failure syndrome,0.012489278416551156,0.003256483803946378,0.012148591743559216,-0.015456799295258549,-0.012876571739549285,0.00013708631270234258,-0.031871291063482896,0.02725327116031312,-0.05262250628374572,-0.03579190678106394,0.010805716050429024,0.1808729419709902,0.003726886827172579,-0.023458493351455847,0.04203945991280872,0.044289065774755526,0.035123248403499764,0.19306663349434658,-0.0013437406244564867,0.009827754987333775,0.2865892183732493,0.04142418509678692,-0.00044284298254624173,4.509344232779278e-05,0.0004715463383837122,-0.02582181629112579,0.02866207503754185,0.03090333688124371,0.03322656880134602,0.002641768076812516,0.18112935196133487,0.32366985601851767,0.2896975620917899,0.0069247232799766805,0.18813201549732184,0.19493604562218805,0.19619896258084255,-0.008595339628630846,0.16904656175544716,0.16073953878423017,0.04505611854003667,0.04186807414939168,0.03977004288951983,0.03496542109811719,0.04346583800252523,0.041732332318369286,0.03750630999271936,-0.01831239160102329,0.16500419368984273,0.05132351361664824,0.05097165850336874,0.02192617984605198,0.045000864661372715,0.20695244900441678,0.19757832357160904,-0.002735535569413503,0.0018957344553417325,-0.002019384839513773,-0.006169049584303947,-0.002598275036497409,-0.006209457294609011,-0.007441633343399942,-0.007585527534422052,0.0029113687209523236,0.01099162133604893,0.012098743622766629,0.012875349197903115,-0.18703104073661178,0.00343914096715965,-0.016775607834755863,0.2107455495001976,0.049456856860270605,0.027982894256844828,0.04118913376692312,0.2225843696875054,0.21628029120729347,-0.04374678810265019,0.033952113033362014,0.009960025887138072,0.028757404028441128,0.050431318850591725,0.17716918173595148,-0.007103179725589733,0.016690669075793932,0.019464226894971317,0.02489375373849207,-0.032605919565666865,-0.19033910728714995,-0.0126913512708683,0.16248321472910257,0.04011415245652374,0.037763310093127556,0.014187145552643577,-0.028520859785578764,-0.2038644363805031,0.001189614085636242,0.03348811710990529,0.00026784021684640724,-0.15034514948451486,0.006890635123566892,0.002426004763448082,0.003817772121390743,0.005820788494252837,-0.0051208422561737806,0.004053418543297168,-0.028316950776634823,0.1956013988025678,0.20056697521096042,0.20302617362319195,-0.0056848307284531685,-0.008701749776128774,0.1890761319390752,0.026076064268134438,0.03520085434008046,0.17129851607312854,-0.02715776231484209,0.015595670106184782,-0.0030278398405419954,0.013157661348631793,0.22576742158971722,0.017679839434525335,-0.14420831224922329,0.03175247101124598,0.031328276226892215,0.036753208731640334
JANSEN-DE VRIES SYNDROME; JDVS,-0.006599355971071811,-0.023409371683298767,-8.26078844794947e-05,-0.021471687334052036,-0.01726594207594925,0.007561851212171367,0.0028754864314961834,0.04085517122036112,-0.012489242358296956,-0.007606410221352758,0.01088207929792352,-0.006587824931014691,-0.015968144079058957,-0.021095230497768888,0.0004737717651031154,-0.0005355196562499594,-0.00142417612738352,-0.02072877006797615,-0.015286772149946917,-0.01148787725648481,0.01019922812118772,0.020247907017539223,-0.004759754563013626,-0.004037636265833661,-0.002802857627438618,-0.007402836254917144,-0.007565641492431262,-0.005105205227781799,-0.0027870350168243403,0.003886170496345886,-0.005239711654529199,0.012774375125648874,0.02806413630696617,0.0009576179735319806,0.0007148007520648647,0.001817946491570323,0.003080546443860407,-0.02724104491030007,-0.0003509927927877383,-0.002603270790189886,-0.004708307876377385,0.00454935115389187,0.0010619263072721551,-0.001806004421604813,0.0031842620079703824,-0.0003164153903290673,-0.004138490525973566,-0.0009749411177806608,0.0030548341848036864,0.0022198262524609114,0.001516912316566988,-0.011916940023465815,-0.0038356760240490393,0.0025422067574600213,0.00803806708463946,-0.002186963989155607,-0.001677087236172044,-0.0028370485525437915,-0.003745440501243101,-0.020437020315659377,0.046991121390474025,0.01241119313527908,0.008959164877662188,-0.0005402166357801651,-0.008929924663578052,-0.00819531396399821,-0.006709942129523751,-0.011712873078925965,-0.021091662844853285,0.0009082447571631528,0.016508808634673033,8.438878861755473e-05,0.0229564481193938,-0.00688344643164254,0.018444345916386835,0.012511478644213179,0.15044228771399235,-0.017916988237859786,0.13120512019921624,0.02364038081565502,-0.02514802897135183,-0.0035056446894417242,0.02046006898292754,0.0012863328854629964,-0.03437663882808242,-0.02133711016305338,-0.014971316178955559,-0.01587492281850734,-0.026165087248193764,-0.019513266998022052,-0.021955491907678152,-0.02844449154450836,-0.020028215810492675,-0.012962162358152871,-0.0007804451195525304,0.01348158720936199,-0.0032133810116820065,-0.0003089207821635821,-0.0045776168360621,0.002354260658737979,-0.000615840612121988,-0.0002610217326498772,-0.019223353391785093,0.01386171607814067,0.024668204289876594,-0.03715467361548604,0.021268592013948588,0.02224687584314339,0.023478715380958158,-0.022205562013805292,-0.011836254112326803,-0.014742715775117009,0.0022558228897473593,0.014526607434891411,0.020697058602821734,-0.023159685059089937,-0.02363791456581081,-0.01710364163567658,0.010206435081028633,-0.00860880958072518,-0.0015005294226386895,-0.16558712151410573,-0.021407508423202055,-0.015621741671169448,-0.024547594143072966
JOHANSON-BLIZZARD SYNDROME; JBS,-0.024142945774839525,-0.011781476324203028,-0.03953547279421441,-0.003786083387258342,-0.025418537295002208,-0.018894070167613988,0.03624855375646256,0.1427246055539839,-0.017976116346527727,0.010934400946362083,0.0027276477546815336,-0.00257042944467213,-0.0029844025708044156,-0.019474035592083085,-0.0030600028058315825,-0.001766048920115307,-0.00023481995083658182,-0.00773810752841461,-0.1323851054966209,0.0057737347150835444,0.0041922317965853275,-0.0022478523753378323,-0.016497478073335174,-0.017394753338689225,-0.01657722156431475,0.013858834931161986,0.0012175703336875035,0.0012658427835868743,0.001137218383977462,-0.1279205135159695,0.0045528104065324405,0.002709422815467022,-0.00031551775926706206,-0.0136983019644513,0.0012965298676680345,0.00021641620231345414,-0.0008031414126514908,0.004244148832133978,0.0003028223153175034,-0.0006158994105141298,-0.0014273418100432262,-0.0021515737821683513,-0.002155438538861428,-0.0020346917985870493,-0.0032801428513065493,-0.0032096372525769524,-0.00293909933040779,0.001697845013656832,0.00046800721034546315,-0.0001641410468883201,-0.0007441339206888124,-0.0288940603269383,0.014282297258210744,0.015203031426164818,0.010077574880475719,-0.030514060644320877,-0.010558002330140035,-0.011161078386765912,-0.011461430198806645,-0.013236241340162979,0.012205058163402801,0.00983845686974885,0.006441221078278736,0.002314000945451032,-0.006205101372376218,-0.004944096674196514,-0.0032114464648546376,0.02583336775304806,-0.03598659477729009,0.022389227920095862,0.02777755200870943,0.01939122167047971,0.043256494256517515,0.002643364049230306,0.029262608013821193,0.025343171019789657,0.014665379929231009,-0.006706673063212231,0.024466547307641674,0.043143756925128944,-0.002290366080229683,0.008947980503966571,0.01215602591383093,0.0034218226701841787,0.0007826399113684467,0.008146424357598102,9.875197025426424e-05,-0.016122579531002882,-0.022022487363875454,0.015309169175900278,-0.030257749911505354,-0.03554776668017573,-0.11382765638888687,0.003415671025954723,-0.0016893146699020456,-0.004283588090896795,0.017279222947732886,-0.024281377052255273,-0.09687493654645127,-0.01996934043986643,-0.02456817173879616,-0.015366820936350837,-0.12028185947446299,-0.0003475482782192679,0.019373890180687126,-0.024143590997687914,-0.024099064309879497,-0.0240761155787066,-0.024459706090918947,-0.008051912720681082,-0.004536841153150228,-0.004651141422455898,-0.005620825988275583,-0.004501938964181755,0.0010931126257275497,-0.010154691327769945,-0.00971338959029949,-0.011534580118257554,-0.0004766042332663349,0.01061522305704131,0.0050136912784600534,-0.21208421341648123,-0.0409835004914663,-0.03371998667762629,-0.03675710305496589
Joubert syndrome,0.02195008102545837,0.007136428955185359,0.00013929668826188131,-0.015578841520780092,-0.131932316717755,-0.020287821896600042,-0.04131257542992225,0.32129687411746705,-0.03337505546615442,-0.2596669796031667,0.2656021255173997,-0.009838329368025523,0.02151571808285408,-0.035357140402105025,0.024667466564889575,0.03679502292965162,0.12392140398730987,0.04087023318952734,-0.020468569349727905,-0.0015677000531559432,4.4563557217837694e-05,0.0015794612654367742,0.009010554606807615,0.0026623977809015556,-0.0028236540938529407,-0.004802157001910949,0.019109690814446724,0.024974563574713966,0.029988636694792833,-0.010883685740890735,0.13554425307475765,0.27587058879755916,0.21223581842242759,-0.0034999942472437916,0.18948196970972092,0.19285705895808214,0.19207996820649098,-0.020306774571545828,0.12968770233100438,0.13451364427513313,0.13286013805237304,0.02972184792165141,0.03152647429134961,0.03244832850218724,0.03215715093816846,0.03407932567162598,0.03434616379822542,0.0009525416821547275,0.12595251386782577,0.13045201345263627,0.13296121613374962,-0.01046930266994435,0.20444193207651346,0.2321558633901939,0.13673277171791628,-0.009744016573489857,-0.046351040661301926,-0.045132286391279086,-0.03924660290826789,-0.011874729781480303,0.00025864463451339613,-0.004411537539739979,-0.010107235199359448,-0.012476326439471068,0.003884263467199907,0.009697742478102133,0.016894162412186733,-0.0008695044496872003,-0.029875839154744215,0.03556254825384879,0.0464084713861033,0.03819362225740426,0.13544991631568118,0.011813576968207057,0.16276773910278258,0.14642033289129958,0.05347907075539425,0.01902178832919273,-0.00035004693543883036,0.1353455754487391,0.050193757709049276,0.16118968233219488,-0.00559063245030275,0.010330428971559016,-0.006356950635124772,-0.007059597173366125,-0.004451902411967614,-0.030064959249092013,-0.023784924152462472,-0.0013215236846546325,0.02822347285458221,0.03000166802183366,-0.018200003725658557,-0.00822408687754792,-0.172330305222403,-0.01009323156851625,0.02539458683556538,0.04634946966778615,0.02418385847625083,0.1580095178393035,0.046549351639404726,0.17531259790300668,0.023643739083577555,-0.009097397616460603,0.038234724413918356,0.0006065164305703342,0.033370107466540615,0.036215967889938,0.12298064356597516,-0.03639713192799938,-0.27884122902909375,0.015052919913185065,-0.1930430151900071,0.2353314647628471,-0.0027886029065508316,-0.03772204087984802,-0.014711542376840738,-0.25286989673782884,0.00649719376299971,0.2910530405146149,0.034780248440096376,-0.019858214596152435,0.01479059627418518,0.0238104299803943,0.028881895473378476
KAGAMI-OGATA SYNDROME,0.02035370598437485,0.19958773304894242,-0.018125084874746535,0.01669244846818042,-0.0008028225282899276,-0.019501232474477874,0.00040817699678921785,0.14090972913043134,-0.026002121569891814,-0.046387644743886215,0.028047838250301327,0.03744214120072324,-0.004280553275101594,-0.0022490774696044226,0.005405305325983875,0.027245235306986696,0.03864361988698272,-0.030268677136508385,-0.026896803987399808,0.0092909320145131,0.001409613940025414,-0.007672403002815158,-0.013304873990589062,-0.033591058100301004,-0.14911006973120774,0.021651943446017907,0.0007107791160037993,0.007629107413957581,0.015463759032594171,-0.024470418050073012,0.0016272612009807425,-0.0029882415702822407,-0.006208036972187394,-0.014151083768042614,-0.022107383699549236,-0.0224673609125231,-0.022578687806749997,-0.0053797922311564425,0.006744401450963701,0.01126507527383317,0.015396240445942936,-0.0029376254207360603,-0.0011130704539811462,0.0006398294348764871,-0.0026742304976946946,-0.0006396568928160635,0.0013238563353454946,-0.0036421010993755373,-0.013546464096035445,-0.012884566393907579,-0.011916255304441114,-0.02547511990344496,-0.03994400815297465,-0.1698663384235013,-0.1591744998532124,-0.008857520721337324,0.04364290202555563,0.05245521073946529,0.18340442535954518,0.02167495048780546,-0.015078236594253709,-0.011939018743638357,-0.005571813422184089,0.005738629491412007,0.015911039733143492,0.01474362958773656,0.010952047370435264,0.0013070413777695844,-0.022376145815883364,0.1412517831028947,0.00041776782052373586,-0.01990190708943757,0.02105612546156682,-0.03370922984802003,-0.16548351968275568,-0.16345097018478502,0.04375820357351889,0.28938305814715626,-0.006983852720093596,0.021208379541523766,-0.013373685585262581,-0.2928687287602127,-0.037648768354051496,0.14460941507148542,0.010575980735549032,0.01067456923938112,0.030762142145846997,0.15508009404760506,-0.017184882980098466,0.05430453008990863,0.013152713870317212,0.00909183531444829,-0.03016921628672295,0.019094892559796604,0.029763778777603146,-0.007110620625681447,-0.0376261949231222,0.012162267994834322,-0.025197565030347802,0.018695952243095622,0.014297186308434233,0.034587520007238366,0.00888323877602605,-0.043878040743981106,0.03254426105676211,-0.0031182663560419127,0.0437176487193469,0.04370668713591382,0.04280393291389084,-0.0452115513607222,-0.029435196018773774,-0.03775594967767205,0.002280495741196095,0.03233106613532948,-0.006591812513940002,-0.03403689932077548,-0.04126885703617731,-0.03804248622059385,-0.0286231571986984,-0.17958193413546403,0.17360631079294755,-0.032220622283643106,0.020037560547621923,0.02703776496399741,0.017161653866051105
KAUFMAN OCULOCEREBROFACIAL SYNDROME; KOS,0.02150085602285588,0.3274723378709695,-0.002916608204417194,-0.015340551597859294,-0.03386673649505038,-0.012535013543769513,-0.022411526782181678,0.3452655798417014,-0.03673291647444851,-0.177796522849417,0.03565167488163881,0.16539879912128827,0.022351770587025362,-0.03589751105554178,0.1659686183674633,0.26017669275959454,0.24442876405231137,0.27370609264656065,-0.018024761091472025,0.0034691068985335935,0.00476040720765151,-0.0006519624262870341,-0.04232703736484155,-0.04900581978126408,-0.05087341993421034,-0.00284409380034315,0.018606850340971117,0.020689478331804727,0.02250990022678753,-0.013393470368157993,0.04892576243715326,0.28364265857836457,0.16020580717614885,-0.00972147582804061,-0.0011582979613361897,-0.0018639030981236287,-0.0025421086598236774,-0.028678936434136663,0.017750112299478465,0.016704680697417918,0.013960044971302663,0.01316940740905107,0.011387172910283913,0.009559505989573407,0.013436289614044061,0.01166987573844192,0.009267597370138776,-0.014036210048411962,0.004221526069805955,0.003432171565495418,0.0025519575520303824,-0.02417531994322357,-0.02434047781933421,-0.03154531778691597,-0.025699639350268463,-0.01002948261558236,0.01667328211880428,0.02168661574758115,0.02459858194067794,-0.022246961829584033,0.0077812164540534655,0.005399024442757972,0.002643262208080471,0.001956765290546332,0.0007734151978860002,0.002145358195341091,0.003747565565450722,-0.016140538357901267,-0.02605342191945649,0.015282791341470993,0.04008672664104512,0.024010344960351586,0.17455767879884432,0.002831827940473888,0.027152027551234387,0.02269274742380631,0.03366173186417394,0.008595999034599398,0.013174576967453267,0.17369978387824825,0.43695771267736766,0.18419846614464688,-0.003759923794378529,0.003027309197260636,-0.20803724607658097,-0.20493976806386735,0.002882684713841743,-0.012054642790514571,-0.01499967164164682,0.06638548246596525,0.0033158317432939563,0.0014940264077062848,-0.016274466877223427,-0.0076099014410943066,-0.04950462712662576,-0.007890954598975708,0.029362452898217307,-0.01812065218955225,-0.03846937630588767,-0.009925899079440378,-0.015469961571348459,-0.0052580792366527474,-0.022614711802460528,-0.003708564136198899,0.043331344518530546,-0.00834064208705411,0.20504718349278894,0.21734815823613812,0.2265957051184683,-0.0019466297594412844,-0.03884217527828739,0.045201206142126145,-0.013322012636306866,0.03872423827733773,0.01868530561092611,-0.005388986442247493,0.01736968729244732,-0.023078514655707285,0.03485332922409737,0.03974674637696023,0.3642411188499217,-0.25871227198011937,-0.000643127296181328,-0.00022577701772991777,0.0007397632622324325
KBG SYNDROME; KBGS,0.008678843841241445,-0.021800342092846047,-0.18635066772904513,-0.0245466473880686,-0.16809099215381654,-0.012978033020309648,-0.07782866436367424,0.23978858041929926,-0.2280229903842334,-0.0976241999026039,0.09940189125253401,0.23580257221045842,-0.004097631391360625,-0.177781562811559,-0.011217204811336201,-0.01379129343286583,-0.01230283957473254,0.01731532078685677,-0.18798094289999123,-0.006423169204394364,0.0074478546287188975,0.0123027023447818,0.006638632817816388,0.007051065003035466,0.006489989240798622,-0.13826078479988146,-0.00014073302806526312,0.0008654356587481127,0.0019279029143280516,-0.17737838532390449,0.08198143899657628,0.20281266761842473,0.1812782629740129,-0.10811159383387477,-0.0023044315077623847,-0.0028597863534363163,-0.003460773140143528,-0.08363284195238707,0.003150318172448756,-0.0011457798128426233,-0.005606359297632061,-0.007846779876528915,-0.03717884917396579,-0.04683620007937958,-0.008138699713098354,-0.03966264989075502,-0.05021482516139093,-0.023819641679069876,-0.004317721841972146,-0.006059286879768164,-0.007783961764949357,-0.14629765582563728,0.014024410201112678,0.07215100674745242,0.022445725672645335,-0.020505928730931825,-0.15462332252653566,-0.1654503022124951,-0.16210042894097224,-0.07540288360545537,0.07980513165749518,0.06766967921828815,0.04801235903025517,0.06876560983636053,-0.04349904889012021,-0.03882940997299277,-0.030224213088648703,-0.007418630348508247,-0.21949212141041655,0.0003600574133707685,0.270194181672175,-0.14454324983115047,0.27145974276290574,-0.014085488254274513,0.2644472219844518,0.2110164406473642,0.21272111455889767,-0.23453693229790662,0.13527455775831138,0.2707951515984845,0.16224586034012756,0.2656848140241766,0.0976652987679124,-0.11899934157614922,-0.16826163769451782,-0.10502750690183293,-0.3700281286272848,-0.3282375760254779,-0.1770271470676294,0.007860216529747664,-0.028560227812822747,-0.09961737388513839,-0.14085258560038322,-0.01671734213619065,-0.1999304957970887,-0.0019484925610679606,0.08391927418869875,-0.21993847891917423,-0.1465892941427231,-0.17960248728394618,-0.20965658271460108,-0.16086251060433243,-0.2189368431411342,0.023601903605210663,0.21526614734029567,-0.13955697158183938,0.10927325198016641,0.11211061162505083,0.1144036822327531,-0.00997468121297642,-0.1377405471833939,0.1117051983885641,-0.020096794967153327,0.09562901203978476,-0.0011954681145552766,-0.014683100460786566,0.007024471711436513,-0.02153322615669258,0.013965004438448095,0.16760149198936655,0.43939015798559455,-0.4337390058952562,-0.1527164217699557,-0.16174313643929666,-0.14787746290282888
KCTD3,0.014716168344325507,-0.027663139363305403,-0.0016550454809114035,0.013310453340196413,-0.004480474901902043,-0.026786686643780158,-0.026737725120348256,0.02522243002038354,-0.02562713827067002,-0.021019407126102674,0.021448856508021447,0.03137793557153698,0.005053406142815228,-0.0034443658336384612,0.01792414777362215,0.038787773358344456,0.04669631698449556,0.16471026251988927,0.008801018279842884,0.041443170234570434,0.04515289456248102,-0.011602318954589607,0.018766873230344986,0.010058024950972364,0.0019541843021572006,-0.03572376189235383,0.04031015022354073,0.043018140510086074,0.04533893260905744,0.007985114765764058,0.2151840874936635,0.3016004859927075,0.04239746184802574,0.0023247122435292858,0.007852362529500792,0.0035789521186909822,-0.0010513136049737038,-0.0003206705449459471,-0.009678918009962392,-0.017110373226197594,-0.02262133678393156,-0.020975594728103168,-0.01633369269407937,-0.011729239797904358,-0.019589838402572106,-0.016502194623816586,-0.012478822148323005,0.006728962985266844,-0.004170494615454602,-0.004998926156868368,-0.005607731229498544,0.01233645056664096,0.1867660229469,0.1779788004717688,0.03013838797212102,-0.02618187475734196,-0.054049858476294385,-0.04971924891035259,-0.04249942133926278,-0.015377137099213125,0.12267815781788828,0.11901659651860182,0.10558213283293426,0.0021142698315874658,-0.08595418313335469,-0.088011083224807,-0.08401492307012494,-0.04074889688734055,0.0026992312956242736,-0.003415890512880322,0.04631561057480155,0.02925370218356797,0.003736314414266001,0.04699112437558627,0.1769944857708465,0.1808702421071587,0.05037412805344645,-0.1676595093299085,-0.007494895004006262,0.0038278090538720498,0.17501484223170274,0.3023757087815811,-0.03508890197935087,-0.21032831387238055,-0.02036421422995498,-0.024376384211383433,-0.0357212770337518,-0.1709225983191065,-0.026018862725143227,0.01903468922504352,0.0465417005488956,0.047746757998192994,0.021254175705874494,0.01232230358720362,-0.2723994322152494,-0.03921663564746651,0.03478514297906615,0.02750081295091385,-0.005845620978112935,0.031210448236954083,0.030238620653721165,0.030735944727102855,0.02479975918521913,-0.008345189870131404,-0.005961319929269716,-0.0095821079021954,0.04444331078716867,0.04633008963861405,0.047486046914039785,0.009186297275148463,-0.020273970396920377,0.1701530492130282,0.0014536158098539481,0.03327462211396066,0.04425041891872279,0.0022476541138954278,0.03111398738315357,-0.00023147726883292663,0.04271656172396933,0.280047902084253,-0.010975557645033338,0.010552634510816592,0.05504498923042021,0.051681890955287524,0.05167537329346657
KDM2B,0.021201231637580382,-0.033257495417069155,-0.02603522298743168,-0.04404968366639982,-0.01276626340735041,0.03281125082574607,-0.031777065505777274,0.1742126265343007,-0.03639134694472837,-0.02428148987615343,0.007620287760506834,0.287472488911771,0.009683608077692621,-0.25968874187907565,0.017020742015867934,0.008531192490582193,0.00011688566016501135,0.0017101322806792095,-0.022624093227267966,-0.02968557164397266,0.0367973923520497,0.16226378433624616,-0.003945501798309616,-0.00812622587534501,-0.011855577301399696,0.004943553594681149,-0.0256520880839798,-0.02016989354505822,-0.013754982431517782,-0.01638088987164429,0.0038429880069427457,0.052093335576917914,0.26436309139343506,1.3531081917577252e-05,0.0252181417914846,0.03473823471939371,0.04299144706036139,-0.12372985001012356,0.04048832583517278,0.031932660232401926,0.021547130253101125,0.032631102084948245,0.027819663135983136,0.021895506885969154,0.03421385511949586,0.02777636608607959,0.020094308763963134,-0.0069904783059615595,0.028828370102275604,0.032725338541102066,0.03561644047747448,-0.009755241314968386,-5.153769171922372e-05,0.033782262049197535,0.1730532865856691,-0.007960324837003435,0.0059073989501515385,0.00047847420381616615,-0.0045013500650423885,-0.09304491994598485,0.00022759203221944604,-0.0019228638615423352,-0.00443600074618059,-0.00043915660160291067,0.005895989813070765,0.008046802231355298,0.009954807737061668,-0.034509395951731754,-0.025536389499382063,0.002649449113415787,0.04565450923723657,0.00587809819046494,0.04859901416207971,0.0008386326972959857,0.04417783628329582,0.03755411646463134,0.013861884025230345,-0.03216181354667594,0.03125503233677642,0.048521931344970834,0.0031956973053529876,0.0389350164007811,-0.014870349526105288,-0.043020695306326844,-0.030650190352975185,-0.02100269200362602,-0.03194198779954978,-0.041618501012154835,-0.012849824317303978,0.19025483425626377,0.038220964128374155,0.037505801042695706,-0.02759384376048159,-0.0404067385366047,-0.019643989098850442,0.03301206297476377,-0.003193884374391359,-2.596548866513118e-05,-0.029327784649591862,0.007557530275969646,0.003049495194048172,0.01174013980859348,0.003369652052016581,-0.011606664980863669,0.030773314225862665,0.002839965722181717,0.0534112586670795,0.05720269524865095,0.059474448792678984,-0.015050384980725555,-0.010710726519134892,0.020095536586256183,0.015357853326280339,0.024714580999349287,0.046116623399385055,-0.017060196500060087,-0.0007246604753935277,-0.012778227521785973,0.005892644611768484,0.030993140783494695,0.034602320571367494,-0.03829382088270739,0.02732567229637884,0.0264958227170415,0.03449743355754089
KEIPERT SYNDROME; KPTS,-0.024102243136903942,0.010837185909814574,0.008004102724718661,-0.0460538483133441,-0.1302833364649417,0.013657795816860812,-0.005896738171378575,0.022782765575746617,-0.0018138238151178543,0.00024276591809624975,-0.00021969957771834345,0.002995013995920781,-0.0007381133890115007,-0.00843841208257527,-0.00011321031910673544,-0.0043365542414788285,-0.007690116392359197,0.025274726669652255,-0.005200191018460224,-0.037066030794296295,-0.022750456950697343,0.023792248979041187,-0.04441847286805106,-0.04342655110266216,-0.039090026158669855,0.0354823501352483,-0.015968967685760952,-0.015464844028343729,-0.014549762201513747,-0.003747002309554088,-0.01701746995107334,0.015978219968732114,0.039324049973685236,0.003660445618435396,0.0041746235515076145,0.009174918665205492,0.014171708199989313,-0.006853216067243746,0.0074509715266942176,0.0005258191325167322,-0.004909644433660107,0.006469053442345165,0.0027449157578114834,-0.00024820122787606104,0.004828375460060545,0.000977063901266505,-0.002340608832246737,0.0024006624960513216,0.006094693754809375,0.007237926701080779,0.008717004281334362,-0.005916753435132846,0.0027481124866280157,0.032488945101618115,0.0451141653230236,-0.03848705835798379,0.002029580063707475,0.0009606967602254769,2.0271793117101216e-05,-0.021882839272833823,-0.0004681857337695321,-0.00205284972261797,-0.0036721285546360183,-6.208012709738174e-06,-0.002521742706920027,-0.0018484600900434025,-0.0010826714695807427,0.007984755528919021,-0.014376983607742592,-0.008570096278489462,0.026205627066838225,0.037766090881838986,0.1964673329367235,0.03177022931833519,0.17127097193961235,0.1680893006991275,0.00931611696080857,-0.00933091190819155,0.027760813700659047,0.19521423171202998,0.18878988753047177,0.18233381283669847,-0.01883033024578393,-0.027117869118375167,-0.016009199287089437,-0.007016029398451467,-0.006602442220278678,-0.038242051090681156,0.00016472438164567425,0.01351937715565215,-0.008372036437095316,-0.011146615578966661,-0.007320995242947782,-0.03693686535349758,-0.043002288971819486,0.02239285444983988,0.022975533930994874,0.0007090780545568236,-0.0017572289032717504,0.002940216333657028,0.0008876435397024352,-0.0006020578990333514,-0.009442522552164566,0.009102791176014162,0.013044082689862258,-0.013171533099476062,-0.01234647871229278,-0.012098101190552569,-0.011239783144943843,0.007400951216886761,-0.000297664657513501,0.04413696831151708,-0.015447676492210058,-0.0090533241710991,-0.0072096298674402285,-0.006913536075867316,0.01514501081319918,0.0016911962518079266,0.022817220169203886,0.1822910619154183,-0.006680083965136388,-0.0221528117872614,-0.025358256364088175,-0.02175928534131282,-0.017664118202252936
KOOLEN-DE VRIES SYNDROME; KDVS,-0.03930743402980981,0.0015740862154776615,-0.0016912049467141545,-0.023148975471221373,-0.21331667497021156,-0.02466094650023168,-0.2872370927881798,-0.0009946248649486018,0.01722432146790027,0.020470387314046743,-0.01435232510808889,0.2918307948929706,0.01705577066343101,-0.027441183521158433,-0.008151472325675892,-0.0010927966092567716,0.005070391516592611,0.2359264518559631,-0.03895745470930579,-0.015937104838278763,-0.0223859882362938,0.0010635083879733111,-0.015922968184354555,-0.021747638727711068,-0.02429748827495722,0.013723499441310334,-0.03707112683955763,-0.03317451982663138,-0.02813268014286167,-0.03693028335203089,0.02603006301334506,0.16583098752132772,0.1830945717195665,-0.11331005187115757,-0.000748769948134753,-0.0003366774681696659,6.587265877682418e-05,-0.0015167259451375516,-0.018909451521661267,-0.07627467434699903,-0.08670800770509285,8.886425714818008e-05,-0.0016725382580626924,-0.00340314632429727,-0.0035120372767123687,-0.006771247268319926,-0.009585227742088778,-0.02389057253989245,0.0014664466598983872,0.001214537687764421,0.0009689055819623259,-0.034753816814096096,0.005470312868623447,0.014341643620617392,0.017357120067129563,-0.0015250244838318325,0.03360650011081274,0.03359957555529858,0.030818132068689236,-0.012974120468989363,-0.0016279109831964132,-0.008118002792900808,-0.014494289961604859,0.0025537577756111875,-0.0012267160918823753,0.0011777419248945478,0.0045754587842637955,-0.4035407656041528,-0.03624378183384948,-0.15463628675929952,0.0008970085068765953,0.014642753258026034,0.13483953959140502,0.17017529775446655,0.027443644099981082,0.1045616548245027,0.05578126598108641,-0.18114506137361272,0.1954520006394121,0.13481512416483588,0.28290463464694604,0.3197352347904819,0.01719465226033632,-0.033043896080927976,-0.24070604071962143,-0.19056172926885767,-0.01688147094381309,-0.028761091471092612,-0.011239181822694863,-0.02230914030069572,0.0014165176164974023,0.006783160322365009,-0.034370521865356156,-0.016733847870602635,-0.26890878214123737,-0.007892610144578937,0.18289570819126363,-0.11929900200682249,0.015384794836207607,-0.10822744184220656,-0.10711128029352433,-0.12613865023783485,-0.02071110539268719,0.22186059298993,0.031834289992103075,-0.021328723041464347,0.32577593150629514,0.328723508425856,0.331391546611255,0.24838654489414233,0.011830201934946355,0.2887705882080811,0.002550242773414741,0.0016418057913911775,0.39058566655864346,0.2082584961249339,0.30000865665095194,0.1575121472044432,0.3957913564804829,0.19441183108039858,0.22625780651504865,-0.027988446821542504,-0.009793227780496742,-0.020682301978612008,-0.0038904368677464053
KOSAKI OVERGROWTH SYNDROME; KOGS,-0.0080540921841041,-0.0013375320104314081,-0.0295314707595062,-0.02606181706806455,-0.024390188743959578,0.005086534168494708,0.034875635991133906,0.25522801968306474,0.015545961936813752,0.01590453464236261,-0.007001327569919527,-0.006940912051447578,-0.009392409932499636,-0.029768620645798306,-0.027430004544676298,-0.033441503528126734,-0.030448736483013775,0.01902324244119031,-0.03210259460005091,-0.02138272711769305,-0.026544398815384746,0.0033834416049454137,0.0013649930603416196,0.0029760413727415525,0.004079068515736054,0.005031646195165414,-0.03416533968147151,-0.03335059411841067,-0.03202373799664571,-0.02577959579899015,-0.012129221595132907,0.0012137028657983418,0.014977686411688748,0.004665143805386958,-0.02210944985183699,-0.020701038472524715,-0.019215247252696032,-0.01469817708892795,-0.03953912206902523,-0.03773014697091162,-0.034304535217630786,-0.02251830247510204,-0.022078749146459666,-0.02075656188317908,-0.025860735364094434,-0.025724165934225447,-0.024214949039945515,0.0048633467104110375,-0.021376442436559197,-0.020123007719403077,-0.018470908764900294,-0.029753381813562046,-0.010519370335583868,-0.00595473759006548,0.0005036336556407944,-0.006058540322046838,-0.032832767464603056,-0.03687790017741159,-0.037589920801334636,-0.01590276071757791,0.01296544233517218,0.011133529143973342,0.008551267819595953,0.0002126225593799772,-0.0974593640439768,-0.07725582745877603,-0.07121636117525491,-0.03189308408654845,-0.04054179953465147,0.006025475553273536,-0.007579775555040952,0.15474941475883694,0.15145959649063537,0.01508348016228564,0.005953790104381581,0.007574017778454162,0.04575910563537987,-0.15909666079074336,0.01884620173974452,0.15159228578572514,0.033418894933761406,0.044399068835724254,0.0356142579982366,-0.009591616600491976,-0.2624403200576093,-0.25631161543157815,0.03974317336497688,0.016199660349996925,-0.027356470450318266,-0.011623059504266797,-0.019285135913795114,-0.03088245361864865,-0.035159297667116174,-0.01643066764082835,-0.013466224565132455,0.01095538635312625,0.0289154163787499,-0.005829262503171318,-0.027099417719527428,-0.002289841075008849,-0.006272655907424213,-0.0049251992183206375,-0.025528606889404514,0.02084191815205366,0.041057891504295396,-0.006012984933421071,0.021682122882471493,0.02265379316995873,0.02387195346314659,0.017005099247134337,0.004772964887361012,0.020031159777151728,-0.006631485472926822,-0.0011452778244511392,0.054197500391129555,0.011498368787988999,0.018712236869119395,0.0017616287532253195,0.009276994022469866,0.016921392953046774,-0.0022088536579778044,-0.03157483307281524,-0.04175435313264151,-0.03562915905873612,-0.03484548013424032
Kabuki syndrome,0.011103136671901647,0.16853771161854575,-0.020525866423091534,-0.10911474211978965,-0.21452868479377435,-0.013451840957869266,-0.16599988376712765,0.23043143738346064,-0.3478175539071269,-0.14354810566318243,0.009866946434159042,0.2277907289125852,0.000512628641288379,-0.09593126817950681,0.23002637050707261,0.2441275465239491,0.1932816872103799,0.3023092156368539,-0.16589510808354715,0.005503347131883912,0.28162629033219555,0.1696596193959207,-0.028330096757184873,-0.025943957651734743,-0.021150872142628348,0.000848142404903266,0.19995067814797268,0.2093822146150735,0.21421098024151103,-0.10669944842518449,0.28136417593452373,0.4606344931728119,0.38918282035417523,-0.00809593353410652,0.12317408188714184,0.12706102122000182,0.12826506705654445,-0.08818729576192508,0.09357854772603062,0.024103734183743217,0.01765017753442248,0.019125014074452835,0.014590579645575707,0.009534301465867024,0.021366836480015226,0.016105009513252565,0.009999444450905235,-0.002995952069399633,0.08143594964544515,0.024223797895812967,0.02262089694291454,-0.1047141271926475,0.1375656807676324,0.20776329922682285,0.20067759992717185,-0.0012028812980972637,0.0038452974152288744,0.0008052857597538919,-0.002028667949359244,-0.01917025982561252,0.04046339929207432,0.016615296560790586,-0.001124890189532255,0.015529908096551807,-0.005263601142200876,0.0019908817545436024,0.007174846810430454,-0.1678154204464102,-0.18095122365391467,-0.0001536076985397486,0.3744285123508314,-0.007260244514054908,0.21399760444105245,0.1461720992216173,0.27238074340501756,0.26136112812260864,0.03229116291304233,0.15427190021825146,0.17734239403515967,0.21409910726481918,0.3603071755937717,0.2644118061410211,-0.025687665943885427,0.010230541052226576,-0.0858890423366285,-0.011763316917569546,-0.30998935790715676,-0.3252752675574129,-0.16436140170322053,0.005339261862990128,0.07499604589032681,0.01683632053314495,-0.04817921940913642,-0.12135920181687072,-0.30804485871372694,-0.0005278356137381346,0.019956669978648752,0.0033057651207442406,-0.12280464436847366,0.010898547112038564,0.006193968215859098,0.026757374675547237,-0.00600701595097019,-0.12296034421750987,0.19576143037566132,-0.1024428090212479,0.253145970804939,0.25701635891972086,0.2581014012264472,-0.13516305826036107,-0.014583290021164408,0.1675372340636904,0.120450361286907,0.08591102968880707,0.22865460827647965,-0.20460379414219437,-0.013133033077907018,-0.013677132707680567,0.007726341506204395,0.3532625013263026,0.11591053809628248,-0.18846545520068414,-0.000598671935277719,0.003908342511291324,0.011430207770523632
Kleefstra syndrome,0.18983520517368513,0.015928287381814312,-0.029439618677199422,-0.01552015969806477,-0.016243585056227968,0.0012698198287961805,0.007023790189168469,0.42993879401464385,-0.032497864744532534,-0.3581921162818432,0.3579941794019539,-0.1740458277010893,0.004517824810632341,-0.13338354414432715,-0.024299439789575585,-0.02466146254412086,-0.0181996913078741,-0.2292887797895315,-0.025614424772988448,-0.03583726074981668,-0.235354806628746,-0.0018401555690925916,0.099503137939175,0.10427452057509257,0.03125226991071956,-0.012725058392103231,-0.014411684782000585,-0.011013818166097616,-0.007604274610925136,-0.016603311730301957,-0.026363167986076092,-0.01568019432938668,0.003292640564249985,-0.019389433475561206,0.021717186563425455,0.024789467138033858,0.027123846615229905,-0.09381792459406312,0.2286680242813913,0.20772014239651784,0.17692444880320418,0.11825678592589797,0.033891736874946315,0.02954409155811408,0.12703664762165673,0.11538208883070317,0.030938664905776177,-0.017862206550571056,0.028302659627151183,0.028685365334817046,0.028311352401386793,-0.017718436439688883,-0.015561564535539326,-0.005190453858738706,0.004740778053400228,-0.0007961544914157552,-0.011522127321864169,-0.016546492114626124,-0.01968124194919835,-0.019201697377079815,-0.010183273572857896,-0.012420656258544755,-0.012971186921854063,0.0033827615934631417,0.01694759701525104,0.01969822523297357,0.021406327488955105,0.3576648665628494,-0.12584095026069655,0.29435846596522136,0.0199002892387275,-0.0075532722483560065,0.24624420692514185,-0.2751781995877564,0.006086644720112511,-0.00854578316675606,0.006969549962563435,0.01840123794165207,0.0013646797833188752,0.24664478372612614,0.007881103878205654,-0.005185373970988241,-0.014637419791157222,0.0014206560458539129,-0.021777540331534433,-0.022803504133642596,0.00025230801971879606,0.00566888301540214,-0.12244912960966661,-0.01945640765565118,-0.0017114783481037691,-0.004836387931767726,-0.03171198959984367,-0.008949090073586465,0.01960176442886201,0.01717257803002337,-0.007690945487066065,0.019682036035215178,0.004140990684809659,0.027702270770273263,0.017430252201747685,0.03708968528818183,-0.030139730815008595,-0.027376743450248313,0.19457822052709442,-0.007587869760276083,-0.03159795741895344,-0.02889389533602061,-0.026036767548284157,-0.2951257895751807,-0.3724881750010111,-0.18962116918530303,-0.3675529876177413,0.21688981917878566,-0.40043438466337195,-0.21039198196235098,-0.24549052691516637,-0.42243132848789255,-0.2452347473618979,0.00038130141026858236,0.376674690429611,-0.308585732782932,-0.1286718143370427,-0.025175480555728314,-0.014237952952716824
Klippel-Feil syndrome,-0.02594934817450122,-0.002618446657620084,-0.027376807277285673,-0.03050802599586251,-0.1323094216705597,-0.0063132371745989,-0.03675261973410576,-0.003096409190370975,-0.1696019012743374,0.01293041227107932,-0.016930274329067813,0.25070710605626645,-0.008108207363618631,-0.037459571112720795,0.036432117682115676,0.03671032056443469,0.02790209004137605,0.04736678462916613,-0.04115761717239295,0.012115242950819066,0.25435698091693465,0.03815923087211779,0.0207310645490252,0.02003555728054041,0.017734942071849148,-0.03480719148631105,0.0186809764606842,0.020356175308287424,0.021701380438227676,-0.04408530702055674,0.18201750267511102,0.3230703933999917,0.27300948325230934,-0.007440696466035514,0.010344818045558118,0.00950446186050785,0.008494000914479813,-0.022935648051885735,0.006214009901433539,0.006705667131715685,0.006910335245732444,0.0027769640900934447,0.0011414031801476664,-0.00024356570642070468,0.0026896401931518293,0.0009825543098258807,-0.0005617533835524906,-0.004035316616907088,0.007322744946720923,0.0059148968547143455,0.00447998111440474,-0.0392644314105923,0.021759868105940054,0.02899431191969833,0.02559751593521662,-0.025367088942648473,-0.028399079306037626,-0.02530835090014861,-0.019811898026675764,-0.008152042433119164,0.01600900689674726,0.05324707604426706,0.05025289325036439,0.002219705676081309,-0.009925493123516782,-0.010764473537060597,-0.010808835046334246,-0.16470048374766758,-0.030465249836513955,-0.02935187914148181,0.25575747801356097,-0.006479634430502528,0.01032576434630242,0.16756194910495284,0.17702478952516829,0.18468960686119426,0.017056125415441492,-0.024473667020438326,0.007684791053991403,0.010375962074394673,0.04419421677525099,0.17433037718694103,0.022672523011905324,0.00011217365293477652,-0.02666201716207416,-0.025923421785865184,-0.25358082065049264,-0.2727426764970374,-0.014400285569673208,0.0005701818508522157,0.007319111831062551,0.008828521088665615,-0.033104939234813606,-0.022692993756035368,-0.1705996513229895,-0.00022439752140881645,0.017180779026263294,-0.035522591098645195,-0.03166497589526442,-0.031990716963447734,-0.0322085030284643,-0.0244006304801454,-0.014681266253500828,-0.0032805712311574776,0.04230456145239722,-0.007481227788188096,0.1614695863732465,0.1688737800543272,0.17641883070413822,0.011687200686502905,0.014601062288007996,0.1647083134560123,0.18553793521999737,0.0011791594801344783,0.2140243447182136,-0.010145335273718846,0.02001777203630523,0.04136583808288234,0.049220129173843705,0.04656564296596224,0.01843687360099831,-0.013879281102700015,-0.001619204649333041,-0.006293191035567146,0.002169935711301419
LAMB-SHAFFER SYNDROME; LAMSHF,0.024318018012297146,0.008906264039728669,-0.004959942680527998,-0.02992644305286512,-0.023380521420286328,0.011749616670814821,-0.030986524983514507,0.009258733563132053,0.012932961996021603,-0.03132216156094217,0.03584670765994014,-0.008512269040312197,-0.005631334516805504,-0.029538017399516104,0.013140172685011914,0.009682575124052389,0.0033628941041665694,0.022897801788436013,-0.018674082121261714,-0.02359243676480807,-0.008023310287884809,0.016838511138835405,0.016465276237913617,0.010124161429055157,0.004520829677728666,0.022733007111413704,0.001731503656856526,0.002515735997841621,0.003001344092206262,-0.008014150734032955,-0.0009790094623528302,0.029383416998478233,0.04038970467920285,0.004614017098397915,3.17699922152205e-05,0.0027973385989003563,0.00631806725639434,-0.11554951380134497,0.005265278073397241,0.0011758887562824138,-0.0020744911989288473,0.00046002660892199225,0.0002663593268473016,8.470804488113616e-05,0.002093968093850803,0.0010388560894404946,0.0001257829882585359,-0.0009884018053829863,-0.0005205597477525554,0.001319114941331253,0.003428845899173102,-0.006173152534732987,-0.006965916813185582,0.004741445960338201,0.02100854775060329,-0.021531258192524484,-0.02125097334587581,-0.01664591074510246,-0.010005116083260622,-0.01046101261675043,-0.008858274206215783,-0.010654344500930222,-0.011382844695605266,0.00046744931247222555,0.012160743380794974,0.013767666903104114,0.014576264226940885,-0.0354154815483475,-0.027552454731844714,0.024915414635285325,-0.008870734265063645,-0.002065031531745728,-0.0031924360448545457,0.00040926470219800786,-0.00042735891351328116,-0.0004485133049280985,-0.002675225492531103,0.019609059707422688,-0.004373747128665784,-0.0031491959911954066,0.0033812629807564937,-0.0043062194696862535,-0.028588337445901883,-0.007476437551934138,-0.017963768711628667,-0.024847710820480567,-0.001917066952925007,-0.0020205734081354845,-0.014131185518518118,-0.022944296215421888,0.014799989945700563,0.019135438218696597,-0.024777442620948806,-0.020107622769539396,-0.01036618089323208,0.015947115607121268,0.008687584071578894,0.02838955584649398,0.030926888270670867,0.029983971946598652,0.02770239216733255,0.03045201093687075,0.0024609793714307714,0.0062491384288959305,0.025209802095892218,-0.003579204752693039,0.03578450670552865,0.03952080972963606,0.04276840662276889,-0.010926106655692859,-0.03930313835548877,-0.002549979127519135,-0.045585243203850816,0.03893136991923633,0.014798515005038627,-0.004238987849329546,-0.004276852193005351,-0.03684644199160821,-0.001699416564650521,0.007431783959904236,0.01976748235808633,-0.0011554680292438974,0.012564535571514827,0.019027679081425188,0.018917017063562382
LARSEN SYNDROME; LRS,0.026166132258556535,0.000727353804300311,-0.006864748257172702,-0.021219416706079373,-0.26371838881066934,-0.0400087267253596,-0.013135220091747937,0.34369092760811704,-0.17505882081274982,-0.03922518879371637,0.017354279910612624,0.2177957240469489,0.023986932926678646,-0.038839577294886386,0.009335550719117293,0.014299064219886363,0.014755117379272202,0.2278448818641896,-0.039350022205814954,0.007856822283067017,0.008577358781170406,-0.0016615608251388313,-0.010613426656343421,-0.00809872831512482,-0.005411627732820847,-0.016298063258842883,0.004125157302530884,0.003811819355816295,0.0032384565291355737,-0.03415055689973988,0.25354652032392483,0.3011369172014602,0.044256720545611174,-0.024156926263712065,0.04632928017569071,0.044552631545437066,0.042094001325338845,-0.0008466714696024452,0.014394033399615374,0.01702477898221224,0.018001753246938954,0.013904981987537758,0.014242795256496594,0.014070414530126668,0.014374599134370652,0.016039503497266207,0.01629943647263857,-0.004514383870766785,0.03246193865725877,0.031022809898876,0.02870561081558286,-0.030954317027231264,0.2682272305097279,0.2842069924479061,0.1657857104695879,-0.037112450109168076,-0.03892599429003682,-0.03845191397255361,-0.034691435761386856,-0.0006779949753903612,0.01376917197289391,0.017358494143410085,0.01923610335278558,-0.017773336103296396,-0.004891029156910924,-0.011787425002297023,-0.017577492540372625,-0.02379070026742941,-0.041762582764253674,0.004464687170587146,0.3093819661143727,0.039541776444854904,0.3150657556535935,0.0587436597431058,0.3287204736114182,0.3283618417690785,0.03895052705073298,-0.017819413464272515,0.029977497187103696,0.3145528490622415,0.3642443618978115,0.40021446373112296,0.029715166675920876,0.010476342899317379,-0.012111825047817442,-0.0029032257512602707,-0.048289228676534166,-0.2978046124312874,-0.11440060205264826,0.2374927121561888,0.03543972373596523,0.02449873781965772,-0.03178518987727195,-0.009316424131299775,-0.31490143149065347,-0.021300705428869086,0.023966218662577345,0.007956729883899014,-0.23299386996297258,0.018982955839261944,0.012232595168849243,0.032385166563747333,0.004078142636796111,-0.031678530050851375,0.2501733872226559,-0.02580051120894426,0.2407605058256033,0.24627790608727376,0.2493152206440275,0.00022310198725898102,-0.021381671395333236,0.324047585593313,0.009705917660160455,0.028451860094861413,0.04052489335313046,-0.022612128547375945,0.029735716591179094,-0.0033970403581931774,0.004026146527883015,0.4051942498514685,0.18864552393553002,-0.03687764983482663,0.015994952977335424,0.023260321659791215,0.025712807531826237
LATERAL MENINGOCELE SYNDROME; LMNS,0.011953094540828284,0.19483086778465952,0.012984044099783014,-0.1840676860046095,-0.14109433832770227,0.021807972162876874,-0.038897600996493364,0.16391793572888347,-0.029931703640133717,-0.19115834022961728,0.049296190295923255,0.048436999783150594,0.011665010297003592,-0.03389287964452463,0.31560166772455334,0.3128351377529978,0.2321626473489071,0.2205789869669802,-0.01073823191188028,-0.01661403139067784,0.21429335138604497,0.25231700079249714,0.0022693321551775533,0.0025262367185535217,0.0026213675333273782,-0.03767168533011508,0.24840833834481713,0.25898720024997257,0.2616015082803641,-0.003844603590576935,0.15069590220474288,0.4083345317610351,0.4016708102559462,-0.0031326910030054014,-0.005911108312731752,8.769944676829162e-06,0.0056733540128984464,-0.021601934266213207,0.0403462947637038,0.026120890838314172,0.01045192227614512,0.008953181018663057,0.0035385889799568696,-0.00011868921189442787,0.013988234467760756,0.005802462180008246,-5.023004396136662e-05,-0.008359627157930606,-0.0014392768956839478,0.0007313898575763765,0.003038281470811446,0.0025124758618872605,-0.03538235631494323,-0.0091477491483982,0.016650154822889087,-0.029101516586356197,-0.04011978099273329,-0.04198224391191042,-0.04037212805494362,-0.017449040718027137,0.01244488473488687,0.010417276717374841,0.007794200433348554,0.0005048986469751303,-0.002004022626626685,-0.00182719821487999,-0.0013688150082614805,-0.046040231549894506,-0.013469452029348454,0.006902321417692429,0.048597300921849135,-0.0010345446537216496,-0.006445964572177761,0.031442021066541835,0.18550598279192035,0.17940880761036138,0.008910128201868829,0.020957398890244144,0.01732922075905071,-0.006609153580107354,0.3353957261557051,0.04593203734706262,-0.14679144604373964,-0.023811261814505335,-0.0168371132397246,-0.01188965784439209,-0.05849339947142949,-0.20713537231641965,-0.03136257961707976,-0.013864844836982266,0.013769562052756635,0.013334250625767456,-0.013082557130354475,-0.1521235341801456,-0.18520734479856404,0.025154057299323924,0.0064726038104902005,0.01232570909267314,0.001341141914187992,0.019252741981958494,0.01510548113049211,0.031980121492765315,-0.0019977716999507425,-0.03533284168053979,0.035788704917985845,-0.037537302808060814,0.32621299582351676,0.32810128284083756,0.32793240966792414,-0.0438708683933721,-0.05197501055775414,0.16459539481556434,0.011086376527684294,0.27032366361463334,0.03665525022363913,-0.1918355006260547,-0.017753402072262982,-0.038920054148530656,0.0049141406773978435,0.04170639721095021,0.31864173359921305,-0.03369510216754224,-0.0033753045734371866,-0.0005420584300551037,0.006934071358844396
LENZ-MAJEWSKI HYPEROSTOTIC DWARFISM; LMHD,-0.003346530447641809,0.024201009380499496,-0.010166372535340916,0.01309465140754436,0.026129862479839436,0.006686667786935099,0.0012279265544645587,0.04607539650025652,-0.03232488768326711,0.006163929205065683,-0.0032253097040998656,0.03192177322005156,0.012003550652660814,0.055997358425492715,0.025620758730797544,0.0534913004357508,0.1955907901087139,0.28786970479352425,0.04179945658930678,0.03433254180389998,0.05115614030286188,-0.002027112686307579,-0.030753961797567793,-0.04922299781795926,-0.05756640973159184,-0.020695925367363092,0.0502827461411473,0.17058741836605665,0.1777414338034457,0.03967889615399177,0.052185149674815044,0.056786000473679044,0.024606970324305977,0.028491241042462364,-0.0008943553044758073,0.0014177521844411349,0.004137664466534572,0.03777095032514021,-0.007647289341537032,0.0001651794383040591,0.009124074154782424,-0.0076155197380257484,-0.0031807313959235223,0.0009746374507785251,-0.009468587972669659,-0.004103036923419104,0.0009231047015598693,0.015859952872689858,-0.0029516128673408248,-0.00019605954710885966,0.0028266188534402533,0.048936177397150296,0.029374656788245152,0.025065222335160543,0.004574175026301116,0.05180600810518488,-0.028228940672715513,-0.015543706162797672,-0.0031026197374304765,-0.002450119476668612,0.005961128883914598,0.0043257534460721175,0.002095688589827427,0.012077298763534298,-0.004883842201569138,-0.0019290544673750466,0.001514380982345163,0.014129148339657928,0.04383171518840802,-0.03066661438673592,0.05286208763797015,0.05758391519848383,0.04609342977604806,0.04898260199231434,0.20030839571943052,0.20095797178905742,0.0252354090503095,-0.03211001699304754,-0.009197082654072743,0.04626401328380263,0.3133333894533836,0.3175848755118892,0.023173062781208394,-0.00578721340810494,0.04019589939906305,0.039250127821638336,-0.0013086270723024597,-0.04431926677705619,0.0039042291889085446,0.022133837240302788,-0.034772858187915125,-0.03739167523571651,0.06142941291080232,0.006071320976260082,-0.06134411637126416,-0.029702758806674806,0.1748778421955268,-0.04049625882561097,-0.049453080497167866,-0.03978455098193983,-0.039387722660795044,-0.037553727161695714,-0.026250398048573965,0.004106554227656893,-0.03180514758111762,0.007645551886416082,-0.007615175014518045,-0.006347388403113896,-0.004675001028906886,0.023550432217873594,0.005639664772133996,0.19293830369332668,0.02123715375820291,0.0007782654183450846,0.0015278926932905308,-0.006613877663229961,0.030483946014950556,0.0170445520021305,0.009289729459704181,0.27530362693813165,0.03262822566954085,-0.04079095359932031,-0.03144431182384394,-0.032107005369749746,-0.036573550427729376
LEOPARD syndrome,0.047445424138398196,0.02146779154565363,-0.040320906306225666,-0.01579295412549299,0.002490652605386495,0.014554438275584562,-0.02839170970578793,0.04037967015676489,0.017618881104463874,-0.04093511893192779,0.02836994464994833,0.018006978236013313,0.02111311481753421,-0.028651444396799883,0.16482059211570813,0.16140676414385513,0.031664571291810134,0.001692798065749445,-0.019495592233832303,-0.014261921742436946,0.0063251860207669515,0.01918668477577327,-0.01053384116316048,-0.005934520757604638,-0.0018797525401649665,-0.018383215283686867,0.009234265099960268,0.006449069218766312,0.003608577562286143,-0.012328391080285129,0.008337352107182545,0.03455626974968441,0.03855067007704235,-0.007335859056770152,-0.007788221535680486,-0.0071608763460709384,-0.006534869362314776,-0.015921070426277974,0.0064969658920746055,0.000873140229064058,-0.003094017166592911,0.0018992882658436171,-0.0015555181857765247,-0.005289885288483014,0.003370099296777966,-0.0010708198658655856,-0.005361355609253176,0.0053037816911797354,-0.0037158047789472293,-0.004878807234489918,-0.005805828639480447,-0.010695053636834845,-0.026928959210651655,-0.020200508332927386,-0.006084033247714897,-0.0035682548041657586,0.027553400836610276,0.021524792938984023,0.012805237538368996,0.001953630680783409,-0.004348335075546493,-0.003569186859167007,-0.0024273036373240113,0.0037139003721268944,0.00867308463783707,0.0078533843855708,0.006506948758061255,-0.04304221892849614,-0.014739561889268664,0.005187392881093847,-0.024352714820321923,-0.0076977396962302404,-0.00835336903733087,-0.014186229542961887,-0.01922053331143002,-0.018335802525143715,-0.011010341175645427,0.0052029252257364995,0.011960206883787934,-0.008378998629012181,0.015169648463498775,-0.0012503518009037554,-0.006075118702998878,-0.001150077894900482,-0.04349730687831277,-0.04346486772259232,0.008139657599920948,0.01789547749195772,-0.01799132228438542,0.0359516831997444,0.011014195848008994,0.012132781253281058,-0.01612257500864073,-0.02346430494903687,-0.006806657529385844,0.017470277824188217,-0.0042750481162283785,0.024996133339191238,0.009323844158323337,0.028019859438011982,0.02780817462594632,0.016224230160706867,0.02666820360072682,0.016202488568438304,0.029862756742802754,-0.03314958511043603,0.1866976757307525,0.1914625338071063,0.19406666687151725,0.01540628678330026,-0.027810999316727182,0.002955396539282045,-0.01758469143445571,0.03952189144437707,0.03077860990669422,0.03847609308178257,0.027327393943436088,-0.007042173330511545,0.01661822498211959,-0.006534305325763275,0.01991205046871229,0.003256832126173911,0.04068439669157538,0.037699516216596486,0.025858100693663445
LESSEL-KREIENKAMP SYNDROME; LESKRES,0.020102229634306135,0.013318093154114159,-0.03781711149889054,-0.011408512121895906,-0.03371832085010692,-0.018080942282173065,-0.032860132676575164,0.1684163947514569,-0.042649335640546016,-0.16908602660120695,0.04208457380718781,0.0009951723083801013,9.123051295274147e-05,-0.025357219299248113,0.0006811506654817306,0.00025005734659464197,-0.00023154366601187137,-0.0007112433296603796,-0.04122661409957601,-0.003914618543573067,-0.01790078520468547,-0.006148890602066624,-0.028587395426233498,-0.018044570286374108,-0.008053245724598966,0.01714119153384099,-0.0033133801703082617,-0.007197039214623262,-0.011416085966299828,-0.1351896075267833,0.010351327789501805,0.01903277788501139,0.01400137242509793,-0.016707733408822978,0.02326823572760344,0.021925876295459317,0.019468901246078783,-0.026891866518708004,0.03426261938124686,0.02991822655014939,0.02466788547382935,0.024539130773552298,0.024187386313079273,0.0228101782334086,0.02591258212571287,0.024892898084279306,0.022586577113526424,-0.018662601397606404,0.024284200547499094,0.0233238846228101,0.022205213091823234,-0.030083443999767964,0.007559617246060402,0.007796676759666471,0.004681976401484025,-0.012799453383181081,0.014135495735112672,0.005444385033335818,-0.0010498455827535893,-0.014633855255200135,0.0057916796128380825,0.005567751914588023,0.004702875772083715,0.0010901338159411097,0.0015354528447859422,0.0014564112454119506,0.0012905581806577858,0.013606363996640098,-0.03897300945409746,0.036477222471953716,0.041349111476841414,-0.01253376110717177,0.2624316049666946,-0.004896094377308111,0.02281426222096521,0.017277394583021657,0.005470768986059294,0.006610306558626485,-0.0008089778288060285,0.2617094558748646,0.02781806550097371,0.01601609254585219,-0.013750305654300566,-0.005707403776037703,-0.141643365059328,-0.1519804497591425,-0.035737979186586846,-0.03114154846031621,-0.03422824943169315,-0.019810819734430253,0.015962446950086574,0.01406404099288542,-0.03737634975669949,-0.004989929519552359,-0.022056032670585316,-0.0021849779369093915,0.006521531546067516,0.01309806805472141,0.004131005429445215,0.019606200072558953,0.013321837526092454,0.02271044636736742,-0.011225149910756398,-0.005513880759000595,0.14485217487773547,-0.029341399521123048,0.008043633185404334,0.006141617558454923,0.004352789122714547,-0.04051661115057009,-0.04433532631507351,0.002464138836830915,-0.04134525219560687,0.02845781054988797,-0.024651393332699972,-0.04076203485267044,-0.02592622404165686,-0.05070567318607403,-0.012006856389655998,0.020379261283726025,0.05011328583858789,-0.045495825137996715,-0.012760948899843097,-0.006357494734113237,0.004172042383919182
LI-CAMPEAU SYNDROME; LICAS,0.04201229584517347,0.032445021982057905,-0.004800125075228858,-0.024534034400101747,-0.14568415650732838,-0.014833516382243964,-0.03633658525127893,0.009093457200672703,-0.008756148928128565,-0.033632309831632914,0.016686007834709693,0.1891443993280756,-0.0023395905306632246,-0.0047619536639024,0.00524379337162576,0.019607853627868762,0.026949043721426636,0.3382081737363773,-0.02103510127742403,-0.006345642868169133,-0.005529282813584949,0.001404372928614429,0.0006341677301934329,-0.0024495962675625004,-0.005214218431549852,-0.008029682232608446,0.03541159204115917,0.04133690853573038,0.04601688614304004,-0.020023619535760286,0.17517800235456388,0.31303797037267733,0.2819519854193408,-0.019919870872765966,0.010767115120253079,0.011766225866379517,0.012397434496395285,-0.019590863060799966,-0.002347575259670781,-0.0021308070265849614,-0.0019695476906259907,-0.006245726499808503,-0.005068098262103709,-0.003879384217106457,-0.004177714554979265,-0.003156888695740732,-0.0023165714159306115,-0.020979906415120573,0.002247091303593739,0.0027518350300914495,0.0033308765336169137,-0.016331488189636232,0.03520118467179979,0.04388927307926607,0.037200694885812624,-0.024708381269294217,-0.028610998104707817,-0.032015429502694606,-0.03294800481350955,-0.01911975617642048,0.016089514952349088,0.012638749290402573,0.007298057343843995,1.3448406428024579e-05,-0.008741868542599158,-0.006196493180522966,-0.0025913931897168364,-0.1780625352526599,-0.02763518316404673,-0.0288823780126199,0.03241026963574019,0.020449080340208488,0.00013266283022338803,0.04197886470631745,0.05409662940064932,0.0543292091464942,0.0014408222656701458,0.001295133871818499,0.15156861554534476,0.00013167372795799828,0.3228571205800432,0.30772330661420066,-0.0009875759795285176,0.0001727927425572235,-0.03900087623250615,-0.027084380248618038,-0.043225757770049576,-0.17400535982080023,-0.014788677424873168,0.04069797404883528,0.03808322859151494,0.03990034443209046,-0.0026823700877033805,-0.019401509728222535,-0.21806412641650588,-0.011439677632819683,0.03872129215470204,-0.00016184827695487237,-0.008671702992018972,0.00435989696655218,0.0026665616643814214,0.0068626018918416,0.0037993852290986664,-0.012049296554080135,0.03216753051834626,-0.015943508581177716,0.20348241658919572,0.20425758644776298,0.20297728476148516,0.00623732834055426,-0.020124646263811698,0.21833268749274518,-0.012782618877397555,0.029968513452491997,0.03710730670034022,-0.006946527641831987,0.03681956969225904,-0.010637693986765213,0.007202598756638012,0.3049426984214414,0.05908853520256418,-0.003948937595295663,0.021331734176211987,0.016087803736375653,0.03167689722836244
LIG4 SYNDROME,-0.014136529685223673,0.0075498341901551,-0.013035257853425773,-0.026827369548227654,-0.015433774077416943,0.011160651412228871,-0.014222249665606954,0.04012224643735853,-0.23806551100260298,0.005150268839038667,-0.005595142601611582,0.22910900166092857,0.009862041837668206,-0.028978959344789636,-0.014337741789760872,-0.013736196431926648,-0.00901054750987011,-0.02396412085330219,-0.017898374792498086,-0.008276106906062917,0.12724950767475293,0.03446807524378489,0.024369168780639647,0.024718881985086507,0.02189908776877251,0.003087922236657562,-0.010611849805861082,-0.007557697449111735,-0.004489219478576515,-0.012065659381113472,-0.007033995019041385,0.01491316052921448,0.031220199101532755,-0.005253078892876547,-0.02234373762935178,-0.018953503866400254,-0.01480776760733277,-0.01697910960270206,-0.00048084158664006023,-0.002025783672757303,-0.0036503173327428074,-0.01057721668854393,-0.011104592601310359,-0.011320558930143517,-0.01048609240611166,-0.012424501076221225,-0.013861190899630664,-0.0072788165653615,-0.017394464710609032,-0.015091701895205603,-0.012748157943788634,-0.00516466517248554,-0.019388258224622035,-0.010571118955401082,0.00032083932870245974,0.020674372710386597,-0.0007347563172836521,-0.003000892038653658,-0.005202972606938358,-0.024301253455832537,-0.00021903801079601825,-0.0014139908908533919,-0.0027359625685152303,0.0014766714441545401,0.0007012761306251028,0.0017683155589037572,0.0029778450216565375,0.007848388420633933,-0.016395511244920655,0.0073114921470435485,0.20692841044212737,-0.01729039560398419,0.04266638243789231,0.0025782335354449146,0.004017091686956695,0.003969811430564885,-0.0354733436735217,-0.0012492293733431328,0.01958693959891151,0.04248560737358194,0.003952144801458375,-0.0013704123757361012,-0.007927836439440908,-0.009395289534983036,-0.02789778411783215,-0.022389781575820836,-0.028182599716513962,-0.01708354556293523,-0.028794307017430878,0.038386696476130924,-0.02287145017335777,-0.026654297724724097,0.003999805579614274,-0.026422007972491127,-0.03730453785667479,0.009498981617759352,0.024225204415083926,-0.18080221101233218,-0.21864680435220998,-0.16791830529113944,-0.1725026721272597,-0.039205167772209955,-0.13088793774480265,0.01602680814014208,0.00631205482746727,-0.004832768249770126,0.008473672665354325,0.010090932044981417,0.011354090498311126,0.008054906527577683,0.005261809996488561,0.014968078500443419,0.16863872330378835,-0.0014481238983566562,0.024387476875204806,0.0006070238804746443,0.008499621628580324,0.030688201976128256,0.0352965922018652,-0.005745540460442865,0.040809707941640024,-0.2965433662714329,-0.00948368114265165,-0.012307631118401777,-0.021188628599072095
LUSCAN-LUMISH SYNDROME; LLS,0.004342909146612422,-0.0054058765930645805,0.0015456874698977817,-0.015661604570368314,-0.025452363826584057,-0.003175144810923524,-0.0026507619876283647,0.1720119008360718,-0.042905748938693505,-0.01148524487053056,0.002403328617293016,0.34005706650906237,0.020191825432909052,0.005929037583565205,0.029697584689905278,0.02725355210249668,0.015592718688208758,0.03918922397690775,-0.013743173518654181,-0.0017328408195804391,0.0007707699210343765,0.0024372301672221223,-0.29871106128051655,-0.2824917988694923,-0.24262436370360974,0.026260562177140612,0.005443096776327905,0.0017332422545990865,-0.0016215443451439568,-0.027310644977901807,0.022249817902813315,0.036575229067903635,0.026225283864364735,-0.023010015335101015,-0.007180958053195879,-0.005796680460044345,-0.004538720466808001,-0.02612781950140385,-0.016013503237467443,-0.015184647765241194,-0.013834502557667128,-0.007226613748933579,-0.006404607778467075,-0.005245737239850547,-0.009523715278052318,-0.009478588891662861,-0.008768876674906381,-0.004801485351093619,-0.005825268377953931,-0.004569653042681493,-0.0029622811666260213,-0.01992730522317304,0.004777626505161512,0.006385506366250843,0.00531398690565589,0.021793333489225197,0.019744781295086427,0.01574288994814141,0.00994377104804114,-0.022828005052358408,0.1274963687001692,0.11965362496451182,0.10001881803047588,0.003509160115128463,-0.08522852934414693,-0.09040908241955042,-0.08849443619962272,-0.021684148046050313,-0.017796438879559246,-0.008182728362504974,0.04128623562262553,-0.0090062210890278,0.2654258956682011,-0.0022414189284593027,0.020548884103529504,0.016000824039810634,0.03903407070489251,-0.15174646738778003,0.009900602829708012,0.2651390856516444,0.037054992590388414,0.21284886385496937,0.028028039656042315,-0.016402867838254433,-0.04312854498392156,-0.04228024047239276,-0.0297879899317696,-0.02811835647015458,-0.02626660141110128,0.08988106193202042,0.015377764277648668,0.011775883996032759,-0.014093990801819837,-0.006201609620494664,-0.031002097870896823,-0.0023558697453930845,-0.006221490467464669,-0.03238214729126356,-0.249343056778627,-0.02125948814555955,-0.02719499631827284,-0.011408418331902717,-0.010918612843627211,-0.02219934637909854,0.012558176415949744,-0.005618192743192263,0.15190644498823902,0.1572367211866006,0.15879189984066255,-0.028449558266406355,-0.004291236163902717,0.009668679274538476,-0.00017194748206177354,0.006091647723651155,0.025028915276602223,-0.021586350714776038,-0.010185144426101864,-0.021925079869176793,-0.0003977342042695882,0.027020940517799324,0.2909429391183032,-0.235930804782373,0.014783838353273722,0.011237722580147753,0.012071024327542193
"Leukodystrophy, hypomyelinating",0.03778423643814052,0.006902076805924061,-0.004876982657118066,-0.00408576569989481,-0.01834471639951744,-0.011298133369157914,-0.049076130044053194,0.020649124008695827,-0.012655728544180192,-0.3064773982951412,0.2884890426257019,0.012505585505060294,-0.005602820627247762,-0.00018404618203541275,0.24469314816728743,0.2846609573215925,0.20261765989716346,0.2054314146132475,0.013274719325786784,6.636326316191342e-05,-0.008471050802764528,-0.0050310613931355734,0.013453650902956193,0.007393975112294707,0.0017999108963374607,-0.03753047285130101,0.04521247491970475,0.16056513349217222,0.1739436307223593,0.00859245736274132,0.19807643430207,0.3305748627311167,0.18790290513806795,0.014674790119358225,0.04321274181680772,0.041708843435647326,0.037985867751895,0.020765039815585574,0.023170713336043192,0.014791577791005981,0.006651351280006543,0.008847873254278408,0.007107179609919134,0.005216886758283687,0.012469775676007098,0.010081809576388268,0.007990750676969223,0.022129690800917663,0.025720031880120044,0.02417139450157417,0.021404886272762283,0.01646378798965321,0.2783486532616635,0.32541015452481964,0.2520834301654928,0.02081331222090113,-0.025772206485245,-0.023131141208120997,-0.017362750536884852,0.042799377619634656,0.0026675035645911727,0.016598082392820995,0.026864153954280795,-0.018013112033106383,0.0025734104615862726,-0.02601103484262205,-0.04342767282847071,-0.0229576177399834,0.009055490720048546,0.02759259443187434,0.025395302963266787,0.00045463690409014646,-0.029062203402641935,0.042550006737922696,0.027369948984618954,0.03289229759239747,0.006808639913855651,0.03699754852724425,0.12353695299496543,-0.029382298429413114,0.25724183346535334,0.26923087177543986,-0.03686819407837396,-0.001670046943681028,0.021038605848979628,0.03884719648496941,-0.03576555575743565,-0.03996125933763646,-0.001183087392470443,-0.004169290804425046,0.024778964320074173,0.027075185429759275,0.035081746245688286,-0.012206255903344197,-0.34530164161543137,-0.01957485681398942,0.02014179627803612,0.04968826410660377,0.0194414313010692,0.17793695304673468,0.05101274262109945,0.04594295778181999,0.037883788619289954,-0.008525672588759478,0.006596038394169739,-0.15641125573944012,0.315868454944924,0.3232537657106476,0.3302618596031932,-0.01391010111223748,-0.2871231166799096,0.2648073558261882,-0.014619595653904813,0.3203067071080543,-0.00382028692762163,-0.01968099236618687,0.019563283836155673,-0.037493652690158176,0.1710616661112129,0.3731556949813013,0.1869550162329075,-0.013889342302440245,0.13647292065483488,0.13796303658803466,0.035791277752688304
Linear skin defects with multiple congenital anomalies,0.14697903182859393,0.031389156517081025,0.009868760172390951,0.018751024149553205,0.0002598177284705647,-0.023099596330513218,0.02154172184373621,0.26789693927648667,-0.0051756832950857765,-0.2548779745813668,0.23700033975945498,0.03870829695982196,-0.006200033607915977,0.005234512787139067,-0.030142470569261372,-0.020291419314533408,-0.0043181961032897715,-0.028339236976142358,0.00289388054289902,0.004046695713739672,-0.035128238160798776,-0.030546475030739303,0.031621091269289935,0.03021678360043244,0.02577799449309515,0.03973562773099503,0.009718832784813653,0.017275232915695302,0.02334845932621118,0.01077328061409177,-0.0012084702976261582,-0.02631920818469733,-0.035521372495726934,0.0725835715202388,-0.03221027381433285,-0.03790182028828034,-0.042481977001289285,0.0635523042855417,-0.01771886760248738,-0.028327859810654398,-0.03658927733960158,-0.0346977792154459,-0.03639477358495917,-0.03725927987600265,-0.0317908704357062,-0.03443622949499583,-0.03523274070335106,0.06864932687407552,-0.034850681300292445,-0.03817441378809111,-0.04265451498358905,0.0021478198981358717,-0.01958669811980664,-0.03413431488145737,-0.03393119388608277,-0.025750218638294194,-0.036986734790678495,-0.036067110745660914,-0.032973117762317004,0.07827647960535343,0.023852317980856613,0.010903216844395658,0.0031612603099460067,-0.07261975601294322,-0.01777598075651854,-0.045623457371216446,-0.06313538864652081,0.1940175447132927,0.00020822883808460443,0.032624098919793926,-0.007034039162693342,-0.00658239813858698,0.016995046657962552,-0.15952678833706194,-0.01876348379546216,-0.027687841391741862,0.19193152498890625,0.014023002656688637,0.06259677886912253,0.017443350997953865,0.005724617241841499,-0.02298832852019306,-0.013334612729773735,0.0009956666894105901,-0.017677830550917924,0.006052759493084027,0.02140692327057521,0.030539332379462623,-0.028171019810044048,0.10589654180271883,-0.00150310048319058,-0.011091535286023484,-0.001496824245469817,0.025989902410092112,0.024559466487735434,-0.017424125834599753,-0.030551197970636407,-0.0012809425893084165,-0.15186751805418108,0.009685197150934225,0.00032635377641618155,0.017950374488467844,-0.006856394243408699,-0.03661241205510621,0.0073811101670192844,-0.007821798542976365,0.008950729675386774,0.00898153245180986,0.008886976250225496,-0.1494689916175231,-0.2381463200079998,-0.02412414500915441,-0.03138832381055535,0.1439336172022993,-0.1940652336934259,-0.03049324094391268,-0.03452786532136108,-0.2400836385701099,-0.025485133917573583,-0.02437105641456678,0.3239984512341116,-0.27006731057916716,-0.005398149233940005,0.0006755047344230717,-0.005723062737335016
Long QT syndrome,-0.004460033148235296,0.0006622567280834748,0.006900435945920603,-0.024988981103272793,-0.028963692305562935,0.0007757406210958638,0.010208190912644011,0.16237819026625694,-0.0005803823616701373,-0.005020406985138133,-0.0009371781357399767,0.040369920189532636,0.020026476007996997,0.004331562979789857,-0.04824354677039513,-0.170465587248973,-0.04603226457334001,-0.02554963917124602,-0.010771158797258656,-0.02964837884703169,-0.044907634082029385,-0.00433522958880675,-0.0025029405238083256,0.008560053938770368,0.017145051950504118,0.03146298473603876,-0.03307756952526081,-0.0416218516987662,-0.04673683815794038,-0.009000483734543862,-0.03432416750130163,-0.04245568006038203,-0.025107663595320302,-0.022200905671582703,-0.022050935059413194,-0.021345759036436325,-0.01985605691067374,-0.025800854281903707,-0.006369907659308203,-0.010408476370030352,-0.013653664628909839,-0.01261251627598394,-0.016346526802965645,-0.01886892250232959,-0.013228508084969531,-0.018307691346317986,-0.022423032299310284,-0.02327219084801172,-0.01808575780856036,-0.01799397764901299,-0.018045114617557433,-0.026679913440561306,-0.025530260214933886,-0.017892525328712362,-0.004433005667429871,0.014373686112852757,-0.002454782029925035,-0.008841794874559694,-0.014246725164769276,-0.019637574552485933,0.017800342328697975,0.017370271707306248,0.015285771503739458,0.005675380393998806,-0.045875475433747315,-0.016457660493144403,-0.017636071920591755,0.05470453130385112,0.008195076456899777,0.014437696072300119,0.000770167480972108,0.00610110832755387,0.03498239087080172,-0.027105469601389303,0.007848870467945844,0.0010351281358869074,0.018341493265522504,-0.032594821664861606,0.03740399402818804,0.03516250376108169,0.013420225272159378,0.015588646839733602,0.008837626930511768,-0.021313384287377935,-0.03716926502515115,-0.025365490147245092,0.0048884629071608956,0.0017512417769184635,0.005314372706822386,0.05789096186054662,0.008338115029611721,0.005990703544129134,-0.019170753275891083,-0.009965215352169468,0.00492156955008097,0.01190670980832936,-0.009723003069031061,-0.02129424441477876,-0.03937705891020444,-0.017783073380942854,-0.018532337011417738,-0.004873484871746771,-0.001921251442756256,-0.004430171799563225,0.004058989459093739,0.03277248720937906,-0.022341322715057236,-0.029248073111272043,-0.035555887549759885,-0.013502167922607819,0.002750635028441446,-0.004981385980710756,0.004565007187409745,-0.014856340486674394,-0.02706545271639228,-0.01175479331951751,-0.010403572795381504,-0.010022536744188073,-0.017745732609015834,-0.0027081340303540835,0.02921470821743802,-0.029705063126365835,0.004327545593695507,0.005170185943166526,0.005763392264160839
"MACROCEPHALY, ACQUIRED, WITH IMPAIRED INTELLECTUAL DEVELOPMENT; MACID",0.008687698094696222,0.0040844545707727975,-0.030368409157831646,-0.029495470036967755,-0.02429725276588319,0.008642540200617608,-0.037038712481435886,0.15948481094851932,-0.03604386481836329,-0.03474111967319361,0.022123873279972162,0.2762426090930842,0.008071087506603505,-0.04009703069672438,0.019873692420951942,0.01671527128664307,0.008813489780709628,0.03222365023885237,-0.034815355980645515,-0.011180106621690182,0.0346035054560458,0.035053498775271655,-0.023004555440802626,-0.02184547773881038,-0.01906688941514736,0.021056693673153232,-0.004754083985840648,-0.00337490107988204,-0.001779984396266261,-0.024376846084666417,0.018036830943847445,0.18111333298375124,0.237856235638471,-0.027033908699624565,0.01367970211724387,0.017651374867030847,0.020741299239398533,-0.03070537966967011,0.022377304679130836,0.01759342925126432,0.012368834145709509,0.02137220252739122,0.018331705806293914,0.014624793264320247,0.022542923947402666,0.018166307672562113,0.013238975603844802,-0.022823839628028815,0.01743650614783805,0.018495539174964323,0.01946681525495905,-0.032958925576909895,-0.0024695415391439604,0.00900412351733716,0.020519274530953494,-0.014891520515926649,-0.0017690314964511778,-0.004463027238427793,-0.007075520284262957,-0.01916869165073129,0.046191167413060036,0.01008282287440666,0.0044155915700408235,0.0009340593099616402,-0.005293851947370819,-0.0029295629091497764,-0.0005607884040587044,-0.14603307329115522,-0.03372224889192774,-0.0035824736480905882,0.042877984534751966,-0.006136960001502014,0.04116578059307598,-0.013756886273706631,0.04109516738799333,0.030089048030673467,0.04812290893531673,-0.0086869132068229,0.029562128177976252,0.041373684972288216,0.031521987548828,0.031160983578159735,0.005154093764396788,-0.0029994226270520195,-0.038626644420264034,-0.03101675436134656,-0.04268804960746346,-0.04303295851353744,-0.02274060698625431,0.02763555201725706,0.018771733214167544,0.02218076403644162,-0.023058048078492783,-0.02732237447238688,-0.028937439814853683,0.01619061198829732,-0.004715241964953802,-0.016136373180780036,-0.020733478188059217,-0.010469274347819314,-0.012910937506304005,-0.0002084594510707865,-0.0028971366154744074,-0.019857787168122167,0.15723834041386495,-0.022205966682286932,0.28185289939103625,0.2872794590911475,0.2915179231153719,-0.16016139384845454,-0.025888005707613487,0.014435438434123838,0.0038634195945784038,0.03858739389606194,0.02854398422369661,-0.1791250526528314,-0.03338597338565912,-0.03871206054999035,-0.004426526417604798,0.025352030998471876,0.34564322721949203,-0.2203227802605292,0.01580342229448952,0.010070486989780145,0.017999839829904177
MACROCEPHALY/AUTISM SYNDROME,0.03184501062471116,0.27117063195750396,-0.010125469166443092,-0.00395753222302535,-0.03001519132281434,-0.021690730927644352,-0.02541306656297564,0.024456761935826504,-0.14956675485526155,-0.03070489019981617,0.008003928223783596,0.02417716965095638,-0.0019341468127620596,-0.1320081626809438,-0.006726080908136922,-0.009249575408053004,-0.009260781145251971,0.02318662461422398,-0.031596929187462,0.013300837555936985,0.020444400904637602,-0.00023197011763489913,0.013405344667244242,0.018818515323416034,0.021734943286572512,-0.0019376677026696216,0.017484695629632594,0.015225537541612872,0.011773149361091301,-0.03244625901602356,0.028216358403683157,0.032919655972043216,0.016890866229848114,-0.018993903742837725,0.003235454400376912,0.0017256009239967733,0.0003096315207812469,-0.018626376859005558,0.033826302758100286,0.034814932101621,0.03381180820732683,0.008064318925363273,0.009523862960272396,0.010779080256096042,0.011364563810883398,0.01328357953293832,0.014210424856302037,-0.011724731300848978,0.004176486130567145,0.003858388671647457,0.003290888597875259,-0.02082620006341628,-0.0059431108420499815,-0.01764365354805599,-0.023125548261549545,-0.03219840050511598,0.017733836017279972,0.02000470411508368,0.02051971404007234,-0.018801953907262154,-0.0011864881001710304,-0.0032348424923479427,-0.005266647259821224,-5.1823542623792616e-06,0.0076213017422523755,0.009664572553809644,0.011265403573686958,-0.017992439718456404,-0.037441273043496516,0.025656506275592034,0.13823746887660263,-0.0010308035716414192,0.0288651107433874,0.012841689658261645,0.01638912157810949,0.016386094138687572,0.043424857573569106,0.27119468997069407,0.005661429919553966,0.028594042988456372,0.04468691076026362,-0.017566955965062827,-0.03223598194495314,0.1359403828920161,-0.003965264028679808,-0.0021789166993710285,-0.02119811276887174,-0.021403647149557656,-0.02625875534600299,0.006045457179803349,0.04317393318985994,0.04387796331359308,-0.02638930305815781,0.0002818743620294675,-0.025289690396882586,-0.009387325974986994,0.0017738521156537947,0.026561507856910634,-0.01237605911050451,0.02934335687496473,0.028197519261086552,0.03673708796695168,0.008969285958805289,-0.026337262324357447,0.13944126344803703,-0.019061911338260924,0.0250766108558324,0.02696095223214221,0.02955073443692438,-0.021099034616583905,-0.011281154144311368,0.01528897883591434,0.002824323974547465,0.016543354101525982,0.029467896218584904,-0.021851552741345984,-0.005936568029296438,-0.01730166768819321,-0.023487865139073368,0.006720321373843715,-0.02021194947476669,0.0026246690248084496,0.04380158603902049,0.0474299592183401,0.047396557675475175
MACS SYNDROME,0.028640014549843242,0.02149881544681944,-0.015855983212030213,-0.019098913204911815,-0.02463434809220821,-0.0017645025516368627,-0.027269062501856085,0.27729799394998317,-0.007418324768512661,-0.04112057436817188,0.03466948910034578,0.031128897150830302,0.0013527827145651968,-0.026890768700955178,0.02388770544601761,0.022320364516251145,0.016784612428109184,0.017589786223719907,-0.03222679867983293,-0.006700778139380876,0.0036496898572693777,0.00964167886961763,0.026389276485924665,0.028837336909677307,0.02862973710153905,-0.0006967522370816691,0.024992625942708485,0.026763067430819718,0.027617437366653435,-0.03350190196708257,0.019680386750852916,0.037661924947235026,0.034662928838991566,0.00032870801773691343,-0.015732053090607642,-0.013750630935928959,-0.010918876009173163,-0.005965265518197763,0.001455600006078433,0.00015162007725367022,-0.000903796788604348,-0.00732468886321493,-0.00762660925682228,-0.0074531844306244596,-0.006135443858967832,-0.006601973368220345,-0.007001037640639858,0.005932928978095511,-0.012939043020117277,-0.011295015905276018,-0.009625310143601754,-0.13633586281188656,-0.012479760546309735,-0.006706581574342864,0.00018986787454688706,0.00975454387455033,-0.04538129422946032,-0.04587122325602929,-0.04287162987985992,-0.012204235525160543,0.0330625905873262,0.03276236870400607,0.02915354112185223,-0.005969333159377744,-0.021792128691490158,-0.02265049245893919,-0.022297002149333833,0.008093846727084067,-0.03792053600871654,0.014034582804456868,0.006721171580118606,0.01707649064247659,0.010852325649622518,0.00582683328267203,-6.027169419920048e-06,0.0009860525491017995,0.011186785081531446,-0.015720945708912904,0.14045829138920107,0.010148631187538726,0.04654084024522634,0.03439004591775903,0.00705435693458839,-0.007342698295459912,-0.013260493232043221,2.4629515340738203e-05,0.016788094423511455,0.007340983454949657,-0.10333539258600188,-0.0062558837594593785,0.00030268241634008125,-0.0018270535181294442,-0.030309589123510804,-0.009468001502537808,-0.010019509798086301,0.0041851062846025204,0.006464280570584388,-0.008291534611030079,-0.027468319162270154,-0.0021505765581397033,-0.006402111864825074,-0.0009327478465596666,-0.01916066259445809,-0.0007607762087731848,0.03308505674096636,0.004876577206572288,0.03463493301422976,0.036145832144500706,0.03774137522857913,-0.0010193443256234526,-0.037776111422027546,0.01804912529738127,-0.002844853627216802,0.039772224099239396,-0.0020224073173131896,0.0013715189581930973,0.01091259969984224,-0.026827342754966968,0.015565707609829046,0.016297367089248362,0.2717610294463379,-0.14287073174582565,-0.0007928977460808925,-0.0003118426366794336,-0.0011935487560300131
"MANDIBULOFACIAL DYSOSTOSIS, GUION-ALMEIDA TYPE; MFDGA",-0.017922753804232288,-0.003927429518440827,0.007386890240339058,-0.017244116771647628,-0.1352075814538861,-0.016064730992759412,-0.2616520583282684,-0.010174970932123578,-0.2687529986310148,0.003734253760101249,-0.03234537407234215,0.306500223159605,-0.01028229164390426,-0.03208984497577121,0.010355110573158702,0.012434135770470423,0.011425058023080595,0.2041034078527103,-0.025867899763512666,0.014714768184670227,0.17930991584636724,0.02132919337671121,-0.002725107280270539,-0.004194531607222347,-0.005426237364326864,-0.02430576902970405,-0.016220951559021264,-0.014101967085511733,-0.011672484174911601,-0.025870220904719833,0.14822506288279663,0.26996491335239153,0.16300908525855315,-0.020616414100464532,0.23478651351180818,0.17776566662199217,0.16251842992317966,-0.01936344788774975,0.04289312746211412,0.044469357214935994,0.04334030801218887,0.17209195515354073,0.16505754256766542,0.15229531920043357,0.17068888868953494,0.16477441492752684,0.15182890581932346,-0.021790754048922827,0.23351609397932993,0.17639176217261854,0.1630727906995831,-0.01333486546217825,0.03412328646260087,0.036373030498945434,0.02368027491194312,-0.017251158228814636,0.153687533521078,0.16015834847941585,0.15505373033808023,-0.08756577015593055,0.0006848588386997413,-0.0010508293179359819,-0.0031185899428885135,0.00017132733782054425,0.0035821784851871306,0.00587144947146116,0.008218996324465431,-0.16890154654125228,-0.0239018377687458,-0.13126080938280135,0.2772195837956717,-0.037216384607466325,0.03352659614356218,0.03378202208717206,0.04269023921930104,0.04302282973184908,-0.00201494639010003,0.013085498697759266,0.027824364627825067,0.033773567057753216,0.006061608361167893,0.01259307302755158,0.013701737194852582,0.028879405264112132,-0.04021549216094149,-0.03344669301332142,-0.30609629865125054,-0.27041410486677936,-0.01471503837673583,-0.0006715861704838662,0.036296017291554426,0.037606129589500104,-0.018435015853774,-0.006795189635462525,-0.21154822564641843,-0.009518157396715483,-0.0066436477751840835,-0.033405275861116156,-0.03156983275492072,-0.024802427888629523,-0.029206411308020982,-0.019857352823160382,-0.021176361770547034,-0.003424392295435093,0.02207281946590189,-0.036018576300987024,0.16907171622355133,0.16996215263873338,0.16629119261022662,-0.012829237176501425,0.03053155307925375,0.031568867613797624,0.26699568308745064,-0.008005426736391442,0.20042226111023292,-0.030569351760974403,-0.0066520608570251015,0.03023278007304635,0.0359955847277905,0.030975387879252775,0.013481167505177919,-0.15762841725015522,0.004248760322363386,-0.0012093498989173912,0.020790899249847526
"MANNOSIDOSIS, ALPHA B, LYSOSOMAL; MANSA",0.2510146808280211,0.007459461965751146,0.0049647916533592665,-0.15630598689622835,-0.14611278950725115,0.008361983879893812,-0.038889742746682936,0.16404756928295355,0.006674921291722648,-0.2164789539994416,0.17161755782816793,0.03657023571967519,-0.011322635350352696,-0.03737984644888762,0.036779103463113944,0.03627591112853951,0.02545297708380096,0.39986261275472496,-0.005256351881891525,-0.03303687818374771,0.0005212870561640978,0.03355226066501294,-0.034476461571233956,-0.034567408943124794,-0.03153279186835301,0.014821288059505904,0.027743777644867216,0.03444754614822688,0.04040782949799117,-0.00489851144122816,0.028791768997755943,0.3144591842888087,0.32811970573440336,-0.01608300830761076,0.02478154352075554,0.027741444117705034,0.029624867752508083,-0.02305242602450901,0.002643373312130195,0.00013541525118794135,-0.002028198522620476,0.009079391747182924,0.0034627579733996685,-0.0012730290535391835,0.01159188954283888,0.004945526037872461,-0.00039663812259398276,-0.014367272100312186,0.016889418135183548,0.015122701682599264,0.013396438654485733,-0.0163219768026233,0.029311303410867347,0.16604462264251948,0.17647590571122634,-0.025542444012418935,-0.03701641365194366,-0.04160764336908194,-0.04227519565823545,-0.00574786772681416,0.012378021360535478,0.011449270872042314,0.009550694762457105,-0.0027834284308691343,-0.010519257514521896,-0.008888734040008658,-0.006808529329124789,-0.030564147310897072,-0.01732245529800454,-0.016033023884826702,0.03221692221754623,0.33179067561710845,0.031613892276013,0.03508192249358105,0.352049890077205,0.3275618916251867,0.03948208515665285,-0.01501967772863523,0.03338398415383379,0.03197116986252896,0.32798726952729423,0.34569078039439877,0.013303428485714378,0.00040998329429202596,-0.019245481024782615,-0.009081476374110548,0.0017792627166775153,-0.05007936350716657,-0.010143498436701098,-0.002945692407584767,0.02166056214528062,0.021198831621001685,0.0004311934953325585,-0.14676511123963237,-0.27910592477567,0.017439827896657847,0.03442385203788009,0.012454192334401192,0.006993872948273959,0.018673588831055313,0.014568309956563264,0.014712529945312991,0.013383215660008184,-0.0039058922322907867,0.16112832469588068,-0.012572995546085947,0.19580443688711632,0.20457322370405195,0.2134211923290218,-0.015323854373416726,-0.2320780150965277,0.25866762748160244,-0.04499368937741513,0.2257358642931222,-0.0007464934242931389,-0.02908974949741603,0.012694114741223197,-0.168855208261373,0.009866474542464308,0.3386886344702752,0.3518182816081409,-0.029868959416125853,0.0036895560747426614,0.0022568970826282635,0.0130811822370349
MARFANOID-PROGEROID-LIPODYSTROPHY SYNDROME; MFLS,-0.16280835745585673,-0.15423183409228758,-0.001773190428531419,-0.006950503770841932,0.0018034287568731515,0.010804426990515559,-0.24335979104146688,-0.0322200177163723,-0.277991061510353,0.025344158994982054,-0.1401981304752996,0.1350990350608639,0.02265300810847175,0.005240890999626468,0.016980129606460056,0.01687559086986506,0.010629623275510229,0.014311947629981035,-0.002369066473574357,0.01635222575852175,0.2820112461159949,0.0386259371422981,-0.16782784536772063,-0.15465679330329657,-0.03963903288184939,0.008071512766004672,-0.03210341612666421,-0.032606431337569554,-0.03225279227307906,-0.0018987088094930924,0.03568682621073974,0.23199227194792135,0.14898664761294578,0.00031344889181906177,0.2345219882785009,0.2324948694433735,0.223325070956446,-0.007174861957492816,0.03568828376024693,0.03274400497213162,0.027658134966843936,0.21977346060211117,0.21178065734359983,0.19386371159468335,0.2109326358661671,0.19968077595585612,0.14093864127284308,-0.005974994375376568,0.2370074985021901,0.2314256070727729,0.2227422409373722,-0.001742986094566379,0.0358873646088466,0.14976644819506782,0.039675957117266826,0.021003504731683872,0.14902233738118598,0.040180810389484824,0.029084285534132337,-0.01984447093219876,0.0001850238469004972,-0.0027297217666580275,-0.006328579210521128,0.00012680085321611602,0.001592919396595713,0.0033259463911938254,0.005286563751630216,-0.2391476266919784,-0.0034725719446406346,-0.251918285777602,0.2946570366295435,-0.004225844810048579,0.28106850323551535,0.020947070772180925,0.25847332760124225,0.24118260746589074,0.18356557481469407,-0.2283222903132403,0.028146556910912335,0.28141103502952514,0.007171526999277974,0.2409587719198808,0.014531952610491053,-0.03682640765805855,-0.04368503797815559,-0.03838537801786116,-0.27393489241549085,-0.2840313563420035,-0.011504179122239751,-0.02313560719229167,0.14459110317795437,0.1527596331959027,0.0016173591463722041,-0.012785478577265728,-0.03222047035479834,0.0021457641154208375,-0.03126280786615257,0.009426614810167313,0.009989067902995629,0.012755772673666524,0.011768409628314392,0.019295228686666572,0.016443005374029675,-0.03155886548987232,-0.0049498238212029285,-0.012444507786909852,0.0187264385413629,0.020850422355187397,0.02273020942727149,-0.1522540565941701,0.14256739145666167,-0.019741801166529068,0.21246563220374184,-0.0301138826093428,0.1791331798499781,-0.25027564412761866,-0.22426665529310483,0.0037862878778964107,0.0034859582279992466,0.1375054180679676,-0.03867056707957751,0.005600749376712014,0.008434024777065438,0.0021577419708777297,0.030794242854619288
MARSHALL SYNDROME; MRSHS,0.007997353803014974,-0.010318331993392821,-0.1483984517739467,-0.025615037027810428,-0.03264998089795149,-0.0039532798468259415,-0.016351156983497483,0.03636016749832528,-0.02200006612423797,-0.010258672807804244,-0.0028401816159222258,0.2255647378499012,0.0014761403058625776,-0.03506145698603633,-0.0003769269245865477,-5.26178684003826e-05,0.0002771491114270994,0.1481307030606219,-0.1297362952668486,-0.009736916447998591,-0.00881245939324455,0.003034001862874177,-0.13710458557390265,-0.13520346736848876,-0.12109631047335147,-0.018201787448925817,-0.13117538160438588,-0.13014079614401164,-0.03940008569966444,-0.03878612551160448,0.006905574119415346,0.020301207084457387,0.0235429941448918,-0.011422896770381184,0.1487262324444281,0.15977377338899396,0.2099081603922738,-0.024820341896176008,0.027749158592842733,0.028284670030366065,0.027356180995631287,0.12552854518203962,0.13086730077652003,0.13234001567630574,0.1261101295506924,0.12903464810674875,0.1282370507975371,-0.0057132900549886215,0.1413889656193755,0.1500542881207013,0.19700160062955677,-0.034023592883936304,0.029556526346342503,0.04123709270949965,0.03919854331996458,-0.028137147745878215,0.03762460935162604,0.03808874027120104,0.03502140482303451,-0.02058059944190006,0.008106587674322405,0.005977109885374975,0.0033121354943172056,-0.0003456677300522728,-0.002359427471431411,-0.0015240287871979986,-0.0005501528181300499,-0.023721568121059185,-0.14422783006355103,-0.009445716076025311,0.03150021466474542,0.030409148658878574,0.21753892099367464,0.02147829064231181,0.03289977073543666,0.03253264705371689,-0.00010848102197554288,0.007227636290647297,0.02192131663222566,0.21739323652490194,0.0066739591295700475,0.020657906824682323,-0.007530214237218542,0.00025074896239409353,-0.2040333781897785,-0.18921021934830373,-0.0025994336707375904,-0.019785054526363706,-0.10789502164747816,0.006681247548555004,0.005912749032567786,0.00390599102615734,-0.007473919988861228,-0.016810675675228752,-0.03621293396956,-0.00045177091293622493,0.009671721233781677,-0.025302143769897437,-0.16762738384491585,-0.01930413928374557,-0.021506033742734954,-0.010047476309868216,-0.013905208697097793,-0.0002743441083273076,0.14446596716928214,-0.030181918198440492,0.04382094333878816,0.04412283615117018,0.04384116155717206,-0.003729870018775295,0.0006926954795377279,0.03234546276262129,0.018231778767326696,0.004372960319922186,0.020407207245780067,-0.02063982617499487,0.0034764654868990066,0.0014861501047550517,0.0073136338709341,0.03633180748303229,0.16577891185821794,-0.14517616932387456,0.0016579915291481662,0.00038522115837309984,0.002375530309289393
MARSHALL-SMITH SYNDROME; MRSHSS,0.03885026721497628,-0.0035281066098494275,-0.034421709194111264,-0.016765045649008978,-0.02205926626898186,-0.0028186809909175213,-0.3827048055735878,0.011790796036063844,-0.18993208204118356,-0.367723778105291,0.32067309813405454,0.05047095982807489,0.02259256375226332,-0.12425699442129755,0.2757285286596606,0.3018939522558182,0.2520591809900181,0.29486080242068424,-0.031952624207858625,0.005304757634051227,0.05942373487056634,0.03458412315794937,0.26155610452997907,0.1936438229055485,0.1617687129658075,-0.025844336753610267,0.25557418341152077,0.27812595939010243,0.2986643615138173,-0.032290951068001505,0.32827812464794437,0.4843532845028069,0.4127493683997268,-0.0023603316096835448,0.3337892027710716,0.32772986252977127,0.3131895031082374,-0.030909477467329513,0.2987691378798842,0.26986625794580266,0.18177574011722464,0.2568209736040809,0.22780004524794978,0.15119878762953898,0.2726324120111185,0.24029167659985878,0.15934986537561482,-0.010635831225655104,0.3008810933085974,0.27965932775074864,0.2585847461580593,-0.012378309159809196,0.24718819480154902,0.32573783846784254,0.2831783966915252,0.0012065699690492224,-0.03689645789008698,-0.03996550942216397,-0.03911920267090727,-0.013225848688948647,-0.006912361228201252,-0.009716612989511063,-0.011794501008111372,0.004378276380249119,0.014136738051672247,0.017735992631984415,0.02030773354310165,-0.17317163776299777,-0.025382550992214332,0.0014705936881113477,0.33086049796371897,0.0035573180423079105,-0.01081925492431943,0.03063346705978471,0.39275558919360387,0.3613219888471538,0.020421957961688393,-0.008297033166215132,0.02180988404379231,-0.010649836592065675,0.331414479504476,0.3871354977329173,-0.002935029675623144,-0.010721044942276289,0.01459404263650991,0.024864934121925135,-0.3614963265139076,-0.3968483814424453,-0.007796698926939013,-0.032079163429122926,0.4155765853789301,0.43423233235298675,-0.024835396073244156,-0.019152310267219835,-0.15727554926602305,0.0017243523291072104,-0.02426832582072596,0.3283170192621903,0.16034624960931287,0.35073100265264007,0.34359511754462796,0.3690898058385528,0.2815686311751193,-0.24514194652905613,0.1623476914273068,-0.023684098577293186,0.36248381813142383,0.37646888859624783,0.38855161341414046,-0.17511340539180353,-0.3349685653809477,0.04060844483907491,-0.026727323726749345,0.3636661421591168,0.0020974720643020593,-0.17723115655137006,-0.019774170005152455,-0.21548847589414866,0.01883661488560888,0.4182725838347539,0.18750113351274714,0.0368667118288239,0.3311290169612702,0.3313125205283542,0.4121434893310439
MEGALENCEPHALY-CAPILLARY MALFORMATION-POLYMICROGYRIA SYNDROME; MCAP,0.15418024553583917,0.01206309447994379,-0.012294387636603258,0.002470767619895257,0.005865731853717586,0.0025198228265903835,-0.030247899584453827,0.18366940795416992,-0.019850784750122547,-0.1622923269297795,0.15605337052015633,0.01997185928025445,0.24095895244359333,-0.011800972559257933,0.009293996376574418,0.010278931223021402,0.007948099297375645,-0.0008986244072330658,-0.012351939648366042,-0.011428683636203984,-0.00868088503036759,0.004260682774554189,0.2605992333367385,0.27718697262003056,0.2744249066065165,-0.002771287875362804,0.0022173246421859747,0.002534489980181308,0.0026035515709261336,-0.014560328771470114,0.012163917241622621,0.030783256503419395,0.02860250762441285,-0.0018393502023868443,-0.0005996205234932439,0.0011091731076122197,0.0031242115895737605,0.0027509860988594245,0.01551586888439064,0.019849531939129587,0.02239969049558331,0.003846246688903942,0.006666405497331648,0.009122602289374513,0.005016260231849996,0.008601436274755906,0.011474154608797063,-0.0005997809428265956,0.0008684986543742233,0.0027628973144515575,0.005060270572085473,-0.004105634204074555,-0.012516803782575352,-0.012865337956143238,-0.007100919232076392,-0.006982528313642085,-0.15750657335435758,-0.16911910148554013,-0.16781147092308826,-0.01754465066506601,0.00046015102050615976,-0.0017182662051485574,-0.0043120489889265185,0.00032229391472811826,0.004285213995503147,0.007168178012522216,0.010050035445843493,-0.006190691304776374,-0.004968000975330459,0.027949806382915356,0.00717218933087383,-0.02185724835542203,0.006716177734047053,-0.03626170269197163,-0.0034408919403859702,-0.00975104978429788,0.1999703277920765,-0.030192275173883138,0.014526721291115784,0.006466160821392078,0.15055631498103184,0.0404847448057532,0.03204832926647319,0.0032550950045449746,-0.15491666022863126,-0.045442036778208045,-0.013268739990799291,-0.00028341868066653536,0.012722508719745618,0.0017963737944193374,0.02687537312928806,0.028706802548101398,-0.009236847128414596,-0.005640127076630395,0.005622065128320013,0.008224409780691859,-0.004649575953968108,0.01975677497087778,0.007070684836417109,0.02646016262732008,0.02139437140634935,0.02568234464061831,0.00345683345063006,-0.009764991606350342,0.007657321044978237,-0.0029920656068214008,0.036231853518046336,0.03724568564746802,0.038428551756442976,-0.011708812781108009,-0.16278497285050897,-0.01828662914114229,-0.15347587797930312,0.14694139323065158,0.0004550429704803145,0.011620021346842131,-0.0006664713207084655,-0.16091570284230794,-0.0026623745405448956,0.013669840963012866,0.25976386347237834,-0.012800397055764605,0.011591583461923342,0.016154314518612666,0.024556882371219405
MELNICK-NEEDLES SYNDROME; MNS,-0.029111506590159864,-0.04043270172877011,-0.02331882342535366,-0.01082319540062644,-0.023738419895896347,-0.0056936492656442786,0.012361815358344496,0.1828199624818271,-0.19004973997678332,0.023686780952251397,-0.014661337266337966,0.041145610178901885,-0.017315435499274584,-0.018652974176785388,0.02046950502083385,0.022024247981762588,0.01736961835960969,0.010712651076524417,-0.03326685043278913,0.0005827643571461034,0.019064854021365096,0.009629479471464237,-0.04768388831493183,-0.051468491054545124,-0.04947513778548571,-0.01571281737884977,0.0014390190558711553,0.0015491204258591621,0.0015707678392296066,-0.022126727423640597,0.015975177225384492,0.026635915421170685,0.021924939530332515,-0.021956623960012668,0.016499387760151897,0.01883947536082253,0.020390894950617817,-0.02347978549159377,0.0012360785700937012,0.001367006387266189,0.0014189907944138513,0.011947718690440385,0.011546903206604365,0.010680257654352805,0.009113702082207999,0.008811907784331382,0.00794507083759928,-0.01668293472750617,0.01663421296597607,0.017918120394140192,0.01855619898332384,-0.028884417314260225,0.020959815900251654,0.02910507725557457,0.026977588936889188,-0.01840336213384173,-0.0009690522131095614,0.0026967326402193154,0.007205949488785099,-0.01697591680663436,0.0031437856486966646,0.0020272485880172024,0.0008304130824177149,-0.0003413884858888357,0.000829786532184633,0.001482468610176065,0.0021649432839244928,0.0033096498226761937,-0.038524347915794344,0.013016351957047772,0.17150210466282587,-0.01077199189954434,0.1825591394385405,0.005159050719701726,0.01173052010408622,0.010842967950043109,0.03847537348739643,-0.04587348583124239,0.00867613510519459,0.18177943264090102,-0.005705504493227082,0.03011782922138992,0.02857854418822239,-0.01443687646125745,-0.000793639465895514,0.001505602916854881,-0.024398899730031363,-0.01932031367143338,-0.107145702535147,0.048323422891762724,-0.026047191990590683,-0.02736185410368179,-0.03221580204356554,-0.003938249652691406,-0.00889860695390944,0.0010427760133781673,0.01819000425437979,-0.0492734559028097,-0.16501842867068528,-0.047174303554200825,-0.047804241637824395,-0.04080102349602256,-0.03754420133947523,0.0015395292131781901,0.03088527494762958,-0.14841795780470365,0.0014575853785530428,0.0015934916814468825,0.0017604947194918656,-0.016330204650945042,0.011979727560302808,-0.00580077502346382,0.033095214610556395,-0.007666519386304866,0.03461865797908487,-0.01783631494152088,-0.01720649497127509,0.001416595571528066,-0.016315448320375032,0.01826347898825424,0.010191406709386822,-0.23783579749115338,-0.02363178007169423,-0.02451278505009341,-0.027236940199392896
MENTAL RETARDATION WITH LANGUAGE IMPAIRMENT AND WITH OR WITHOUT AUTISTIC FEATURES,0.007940826549656645,0.001684021242532172,-0.015090725322312348,-0.00870480069566422,-0.03488584919873379,-0.022494485930819253,-0.0215910830210295,0.04041166954770272,-0.031212194595728646,-0.014862321116848343,0.008796195921150843,0.17526193678902383,0.006902317602671512,-0.02907120884879491,0.012440396898174248,0.009027579729556982,0.004351935943792303,0.023722121916949602,-0.033313592220730694,0.013447730410090267,0.024902302240103025,0.0018069027258877535,-0.010084903201211725,-0.00011141534554143501,0.009274343327916355,-0.0005418565494718675,0.0049962653639155094,0.002885934038215268,0.0009195043054357916,-0.032964860518440164,0.03684882033330238,0.043927667709604976,0.02626563480776764,-0.02817714011708416,0.0008854582339935537,-0.00016539445170792188,-0.0011429318566085276,-0.02290639906708297,-0.0006783021800735453,-0.0003714497232602064,-9.683923778367896e-05,-0.00213426411580911,-0.001420046873522542,-0.0007948606147560726,-0.0023928875238665797,-0.001736943700539611,-0.0010185858252475248,-0.022415916509161155,-0.000186639284578505,-0.0004430159557296898,-0.0007059405426976369,-0.029408423023093384,0.018086015850031764,0.012409929881154145,0.0027195754121182433,0.0030394457451289893,-0.006065409127378915,-0.010921429300163165,-0.018886008376816102,-0.024117970731022814,0.016598901029831657,0.01590737709824498,0.013440807389636754,-0.00026263330133174625,-0.008377163402194777,-0.008982254352268787,-0.009006070776088743,-0.027203910005940354,-0.0346553938247817,0.005138908018391211,0.04689328947937725,0.006074450881337568,0.033244776455430856,0.017640822836923795,0.1665239588938229,0.047711807950511144,-0.004306094541374504,-0.015507645597387237,0.013943075279688584,0.03295054908504178,0.03100999413853001,0.033961498710478766,0.006598193161145593,-0.0064954557254456044,-0.015258355476359179,-0.011423387572658464,-0.04207458125763276,-0.1694523229404972,-0.03250630341265373,0.022488274872336504,0.037251953494727326,0.03658045913671138,-0.026449722738461322,-0.003917559449014741,-0.036088405956063795,-0.009568904673136869,0.008005824680973878,-0.001857579782871659,-0.03557295396877323,0.0030021526463588793,0.00016215779270287858,0.007560834599785907,-0.006607576377115701,-0.01282433336237282,0.04132540672901405,-0.016967806113049256,0.04069408103449084,0.039781563466763745,0.038504389622020005,-0.009941843626678652,-0.011176951660364746,0.03581244914699065,0.011694822467313433,0.01986520571792327,0.031843030951087176,-0.024319265792141286,0.003042500186732439,-0.006861714354753883,0.001270175490074939,0.02715372904952678,0.03299515888376154,-0.030919929725646438,0.03388935158481189,0.03267552136576571,0.036716995045345216
"MENTAL RETARDATION, AUTOSOMAL DOMINANT 48; MRD48",-0.04008007046887235,-0.019982925202114615,-0.02303094398299214,0.004517376268183706,0.0005346532220900177,-0.0035006439025837316,-0.027054939257046325,0.0005723572915188462,-0.03047506747968108,0.035338684085547946,-0.030649161498048253,0.003970585108411992,-0.022260869071186355,-0.014268985250509398,0.004549181100553305,0.006471416722576111,0.00605765198261795,0.028116014934827117,-0.00410737892041783,-0.0004247844293903391,0.01846996972097288,0.010655857077265322,0.010038693038346305,-0.0015397053038770944,-0.014740764542100325,-0.01525134600735363,-0.009746248674644482,-0.004915056416593499,-0.0009724041325449021,-0.007147389222759514,0.017889121121051014,0.039814567066253075,0.034705432735312514,-0.005914999136178383,0.01684756278039029,0.019239940104181282,0.021085813472002717,0.0038757120883401957,0.010527855893793646,0.009856696624856937,0.00856689538450516,0.017579817912486858,0.017323650660028105,0.01635465599429812,0.016775612765353578,0.01527079430570561,0.013599044261603941,-0.012464844756528152,0.018118459193435434,0.01950802996338652,0.020884157644941965,-0.0011545145395091422,0.006888814120771807,0.017118805195525305,0.019153063217215553,-0.032296970812290694,-0.004414439947230992,-0.0005308974946571063,0.0030373335343386117,-0.007872132608064871,-0.0054628415513995185,-0.00934829158516342,-0.012336974939265695,-0.001042827665886607,0.005555382359033432,0.008736236475530639,0.011500156133689788,-0.02337608488417985,-0.004683104112483027,-0.01896670631747758,0.034735952860015455,-0.008590946971779508,0.02274879067683683,0.0013395319875607857,0.025679545317344437,0.02018499362408832,0.023899933456404652,-0.03400179962968055,0.03918219203474836,0.022194158011333207,0.014894018725194299,0.03882576882001886,0.01551931915370346,-0.01139977325469121,-0.029833772235580626,-0.017860085052828566,-0.035601998535388604,-0.03294345967619633,0.0129012660498571,-0.031215899034479806,-0.012882509068071537,-0.00941120586598358,0.003191294707540307,-0.0065786657733977886,-0.016773337012921354,0.0008586020554066844,0.027107060404502305,-0.0405923221267566,0.006650725278619799,-0.042022983768344,-0.04068187110646933,-0.039146997339163096,-0.035547186011978635,0.02585686297596723,0.008463788566129752,-0.022263958551728153,-0.000898140830950483,-0.00083650017471562,-0.0007369187222595914,0.014507753774839802,0.030504787590155992,0.005807115580098493,0.011091691044598066,-0.02455125305894191,0.04713637797554505,0.009908282396938174,0.010136448470331325,0.024162579365535803,0.02379609341762581,0.02334794494694922,0.0022950492061590395,-0.0265908058351293,-0.041837720936258295,-0.04447634589916401,-0.026033168236627418
"MENTAL RETARDATION, AUTOSOMAL DOMINANT 54; MRD54",-0.014147415278171685,0.03447194028947349,-0.03392435312252175,-0.03024950259603894,-0.004666538411651269,0.02204885068626468,-0.03837168082177295,0.002096077214759963,-0.2818377687402425,0.0025590010921783934,-0.009346207983194276,0.01923531742647064,0.009700764697243,-0.020092690064056375,-0.03377005678566071,-0.041874688987965106,-0.038852601923012944,-0.20159609989994887,-0.028780723073437875,-0.023150416353800093,0.01780191418124066,0.03421088114356947,-0.020614474334317193,-0.022433084193665947,-0.02176214335532399,0.024522986966695373,-0.2403175697672571,-0.1767698776670125,-0.15850323856526033,-0.006413543918554476,-0.046999189400872304,-0.024067934337577597,0.011137467460204512,-0.027600485240717672,0.024241679245986827,0.029530359324631345,0.03350197237287824,-0.13338753167491393,0.2083825934726256,0.18809550764805943,0.04953459467382483,0.16396116764059726,0.04687218801039767,0.04136745778767152,0.1722873820041677,0.04842437010635503,0.040700033188014476,-0.020435214723550536,0.036316812686226545,0.037901825918105314,0.038752768811339225,-0.027625674275393704,-0.033616144796835126,-0.01875283253467698,0.00132547640011281,0.012595402207061039,0.1850680458149841,0.17162285866127688,0.14328492165944323,-0.012957761246264719,0.0010417742848928915,0.0004774939067204263,-7.371458279350948e-05,0.0034382651190999307,0.0014473948069051645,0.0014168203489421352,0.0013432058433514138,0.022756523999641218,-0.02919323259244811,0.012645443651009312,0.05605466204960749,-0.015062732794313406,0.3554060795608556,-0.040379992881142454,0.009717225671810258,0.0010510910606451838,0.07135027855248972,0.2662563018943653,0.01206803917977735,0.35521672538655036,-0.04275510092442719,-0.3222050382772701,-0.2720888791576192,0.01570180763909066,-0.16457902663223695,-0.1571978930252923,-0.021346832695731014,-0.010558836269711118,0.006119398854746391,-0.023345164188656176,-0.019370803580567766,-0.012473008342893091,-0.031678755732291806,-0.025057966160087902,0.009022845799477042,0.02932380486875437,-0.0022735733514846527,-0.17130927971315438,-0.0003720360723997948,-0.053153901205423126,-0.17009468990025334,-0.04022464839723527,-0.1093855719297779,-0.0032010790896815204,0.025664803170594486,-0.020143761687636152,-0.04054561482981885,-0.03848260975134387,-0.03571743159181883,-0.04514276090526888,0.007915403823883267,-0.044669458981209206,-0.0073711303168936225,-0.019591741532667992,-0.018180724555640234,-0.039317310944853606,-0.050260228771784925,-0.025221654089745672,-0.025658938627656194,-0.04294704704513799,0.043532136276450174,-0.296419127219919,-0.16151595036957625,-0.04439232043133667,-0.028284466984687187
"MENTAL RETARDATION, AUTOSOMAL DOMINANT 57; MRD57",-0.012630961069549026,0.01020662540093725,-0.29361962856533613,-0.023281730235365627,-0.034433601698740136,-0.006307516174372295,0.00046496768955080626,0.2659182751405224,-0.23038214597674384,0.012348825059110174,-0.02177872552028264,0.2567257965399386,0.01366536819256917,-0.19704998313178343,-0.014646328456369005,-0.015887160477410872,-0.012190194631452362,0.013729319113836775,-0.2301979906751354,-0.02453439605277436,-0.032958351917527134,0.0022534910323363275,-0.03799770674257696,-0.0358782292914132,-0.030458045002793584,-0.021511145730886572,-0.14926777175137837,-0.13959452117020726,-0.12568191630602077,-0.22426190357104714,0.0022659250779703613,0.024899894690938992,0.03216268226789733,-0.02170356782662528,-0.004043370238644771,-0.004159487369705654,-0.004267771094625892,-0.03614250164984438,-0.010557005274934316,-0.013954679053938815,-0.016519060807861873,8.755856675875061e-05,-0.002067619501651424,-0.0042262248427476995,-0.0022231851541351464,-0.00533783217766848,-0.008549767301068654,-0.018866001977212835,-0.00075055438572115,-0.0014140549689394659,-0.0020764365807507765,-0.18402135000746456,-0.002374805506043748,0.0030435333723563846,0.008170732860924375,-0.034467224884581635,0.13516782328139992,0.1272795527439789,0.03393599326238114,-0.13566693075641115,0.06123102428758553,0.048506898867691606,0.023884982790572024,0.0006714710467667938,-0.025838134463430855,-0.016432805748354706,-0.011064922292247646,-0.14708087495817895,-0.2417902024933851,0.01944139111279063,0.1522851526539826,-0.009258707096701253,0.38230439911739045,0.01740699654899837,0.003605346473792436,0.006556016552785532,0.28587151864626215,-0.25643006405001145,0.1251526915106842,0.38204720180934915,0.32819993237310785,0.3377285973275129,0.032463183873370945,-0.026896958904323684,-0.258435722014445,-0.22251331713336978,-0.019622599116155676,-0.013835717022515334,-0.1488654185377638,0.027543060698063646,-0.006341756697018512,-0.00820397504924074,-0.19742396622618436,-0.020307334447270012,-0.14788371277099951,0.0022663340198679923,0.03224576221349787,-0.2096143953652535,-0.19904413821239947,-0.14776056386996775,-0.15773494948484112,-0.03420233172243844,-0.13980438623863237,-0.00017949236132841717,0.2420300830850258,-0.025191569055082748,0.03859059595417083,0.039919761710506256,0.13010785488181273,0.001097003366440449,0.01861734105096343,0.0299271237635325,0.01819976449737845,-0.009967966062033108,0.321488513687552,-0.009525502360256056,0.007381301742422739,0.010574177935030748,0.020451359024265113,0.15036060103393994,0.03732892524985687,-0.25793859888190984,-0.02643756212142771,-0.027870674234235174,-0.017824401356175117
"MENTAL RETARDATION, AUTOSOMAL DOMINANT 58; MRD58",-0.0026622617872786034,0.0035392459616503946,-0.015087100935302605,-0.025641041515859577,-0.004138541422746446,0.019547057870727347,-0.014804335729791994,0.14753277549472726,-0.018464367271116076,0.010777784423572289,-0.0007205718567600577,-0.0169453322153921,-0.028108811688698516,-0.020352989372523066,-0.00409100762619023,-0.016114305978189532,-0.02300525967759545,-0.0036086544155801837,-0.004921848433470225,-0.02335343061751106,0.004871413069518948,0.028069377346623254,0.02983879771323646,0.027824850876750257,0.02314349650508849,-0.007903754515582766,0.001276116231422011,0.005191966067984098,0.010057510838929303,0.00027699621782332194,-0.014692054527741265,0.007235072921090394,0.02793091620987897,-0.006440345979804617,-0.025473504697855132,-0.02490624289673079,-0.023656598196725293,-0.019108592693330477,-0.003222918044641868,-0.009556221766381257,-0.01532135314720267,-0.010890824550626508,-0.01725933594367761,-0.022084612702105894,-0.009408202038054774,-0.016927369823760367,-0.022451843264815776,8.248029353692809e-05,-0.020372040495937903,-0.022041331674888368,-0.023241463212872904,-0.01278870324156282,-0.03536660867726429,-0.027795729152833005,-0.008041729101782594,-0.004752456685057961,-0.00940739782593694,-0.014253378139251899,-0.016774751811789897,-0.01698604354275649,0.0071394116181139194,0.007232794653263974,0.006588733661284112,-5.340179534683759e-05,-0.0016555291968149742,-0.0018554120159568273,-0.0020467460741512887,-0.008377606312327894,-0.010873029433594354,0.028976165746569093,0.010531199068065702,0.00843597926009647,0.028396353607659037,-0.010891289437105758,0.0009742057041095816,-0.000996986619615736,0.027020847091728094,-0.02485510089868137,0.019426551074575936,0.028781800302043616,0.004657210956901476,0.0013070430117799845,-0.0007565966417891253,-0.023328961631788974,-0.040981307554717024,-0.03777068513228364,0.01322290993920479,0.006681546647453011,0.00201479795152311,-0.02634437757211592,-0.021295151363107945,-0.022669438446337228,-0.009247825550107103,-0.02793441331418164,-0.014755457100013634,0.02250917080303688,0.14710605039509322,-0.026591108519384288,0.0010018272821994034,-0.02651811414377603,-0.027793194088685996,-0.032714603845810715,-0.028588241173853706,0.04422188626070769,0.018378968069249497,-0.012656874109454829,-0.013569727965368993,-0.01202071731859634,-0.01042361822675685,0.027255513243259904,5.464105513084703e-05,-0.008682822406770586,-0.01825443279552485,-0.0027336725951421447,0.02411797238931192,0.038680712334205766,0.02246306185587386,0.0026311615218375523,-0.008568408810668974,-0.019233268324630265,6.110912838598496e-05,-0.03298413295434351,-0.03512981163853456,-0.03531483381899389,-0.02985785759870851
"MICROCEPHALIC OSTEODYSPLASTIC PRIMORDIAL DWARFISM, TYPE II; MOPD2",-0.18405790551454676,-0.00710690421111283,-0.0006786516444911623,-0.15396067749473963,-0.25099100975786975,-0.01446588411436191,-0.23062474804247926,0.0010959866346397756,-0.24630817031435132,0.036141192430241095,-0.12472159268419596,0.2417728327144509,-0.0026840359508741338,-0.03000312774939389,0.025718393054356293,0.028005938833789417,0.02288602794186378,0.16214980311603502,-0.03352429756785202,0.0027046963992158495,0.2514094525286469,0.1462201413211657,0.00843529183759068,0.005343364619914497,0.00212859574034936,0.0021824272913739447,0.00012923926569716976,0.004237154132235573,0.00901023338255726,-0.03310881715042186,0.1340306878946089,0.2958022242228325,0.28317673582361946,-0.023649773993240513,0.031373137726827365,0.0355698973913621,0.03885501219147571,-0.024588017922803775,0.020703852196922314,0.016278029921654863,0.010620848197777614,0.016688350052207906,0.014904103433231182,0.012863811765179336,0.016065467721803145,0.013123815840213061,0.009337242633490594,-0.015208382065547784,0.025944502845996757,0.028122907275719745,0.02977043676796249,-0.03350418373744046,0.038058525693018326,0.17767151796242245,0.22691120028443865,-0.029665656758701007,0.021276949690493062,0.021243537346420854,0.019428130146628066,-0.01869607507476755,0.00458933627163057,0.00295912077212186,0.00117707575941987,-0.0001169927993452174,-0.0009534604384485584,-0.0005937042968537732,-0.00013956298464783804,-0.15597480709222636,-0.14454501597362296,-0.026193648442849857,0.2764497789132766,0.0030919722793145477,0.02549905705527575,0.26644195772247803,0.23006947558798763,0.2520643825978626,0.012069859290164863,0.0018585061458787039,0.02180533437423306,0.025207412810547034,0.03921367838373776,0.17151233049816997,-0.015183738002746918,-0.012607560027735713,-0.016440828730716877,-0.009435858077818915,-0.24813606566671562,-0.2790296820654178,-0.10071016120966851,-0.01504191993121811,-0.009448530180784143,-0.006497647394777322,-0.02190720399768875,-0.11950177198109728,-0.3120110453378281,-0.003779788500927035,0.1582221036751237,-0.16656472459762434,-0.0366359146909056,-0.16472516424638087,-0.15903465065271177,-0.14938838412183095,-0.030204910127110785,0.03572389302418636,0.035167057194932815,1.1738821538283865e-05,0.029925692297058444,0.030667566998671375,0.031158287753117627,0.21975604014267983,0.03725923861405885,0.2662488124187365,0.30377192648259926,-0.01974660033217873,0.3002645185846298,0.031375981005362465,0.23240742648171284,0.3000664013876936,0.30346430673598107,0.25155949197217486,-0.021635158715860945,-0.019394227933300694,0.0010310074339418293,-0.007502308587066042,-0.0073396351216806315
"MICROCEPHALY WITH OR WITHOUT CHORIORETINOPATHY, LYMPHEDEMA, OR MENTAL RETARDATION; MCLMR",-0.0008167653489219877,-0.01728706159867487,-0.011603912300125733,-0.008165324429666184,-0.015697861610282398,-0.0024210286378149363,-0.020623295411663536,0.029032217412219778,-0.012687129262116119,-0.007224542593625198,0.007047711175910836,0.14496558197211876,-0.028205762625814854,-0.040349243465829174,0.00013018498940814603,-0.0015173009302593182,-0.0028957720516001382,-0.0025468028115977768,-0.02309871490479996,-0.006565606500693332,-0.0041463307413804286,0.003720249699090163,0.002100230736618298,0.0036278060160766508,0.004873973859950804,-0.007760027698876953,-0.012800245333288201,-0.013528304702474138,-0.013848056747823372,-0.021900321064666838,0.0039000470223976044,0.014497151953353134,0.01534570370054984,-0.014558028723458492,0.0027030874289279134,0.001384813106260338,7.82701265256452e-05,-0.017987998609014726,-0.002085035828319463,-0.002997456525741396,-0.003626079028990643,0.005144895526587413,0.002630594531478613,0.0007478872118040841,0.003931970808482679,0.001721942357645743,0.00018580915351763867,-0.01331310330484834,0.004226012599363268,0.0022134524788485106,0.0006068325062169932,-0.02751863230175047,-6.391290292769956e-05,0.0011343264997890892,0.0020090320149648427,-0.004594708197921483,0.008516193505020959,0.009918722828411173,0.010296251718294902,-0.020270738453179716,0.004849484066332277,0.0037457640467560165,0.0024686088652026835,0.0007379246051451775,-0.0018198133759061226,-0.0011959197864940636,-0.0005612415019072763,-0.024508914653293187,-0.030612370193936367,0.019704261199832866,-0.002186959043054692,-0.0276775061260874,0.005519399222197396,-0.0142819072127575,-0.02982361119163439,-0.028023090406040754,0.046491724095532164,-0.026219718233009025,0.016456081729606657,0.005593585418452112,-0.009701711142904305,0.005684675277512934,0.027793593922386207,0.0012693675798654952,-0.14628153825994364,-0.13897458540848126,-0.0005313021340483516,0.01762112573590734,-0.029765096765547772,0.015783048236144823,-0.0008741988042371816,-0.0001757680244247067,-0.026208736591130665,-0.003872978493819801,-0.003759855086814804,0.002329807886063547,0.005964167668157471,-0.029801166222269724,-0.016540458832710103,-0.024911964229974413,-0.027455213950662135,-0.02264111226852095,-0.018899535390366883,0.009584890082879261,0.03823110638216368,-0.010601280335683786,0.041240123334748115,0.04005887144130095,0.038258421385759064,-0.017803771868956354,-0.009476804060990024,-0.004467364196482198,0.008791836048011316,0.01777637985660554,0.027749856804904462,-0.016142022790165893,-0.0133816659301638,-0.009345838776280098,0.00643396918298648,-0.0031450624387331268,0.15509354256562377,-0.1460154854682091,-0.00206766062297036,-0.005474640632309458,-0.002596636414994278
MOEBIUS SYNDROME; MBS,0.04212909485960442,0.04699289856577149,-0.247939805705721,-0.021742212981027426,-0.019033950673095434,0.005013351702065092,-0.023767822559384283,0.17327504473963842,-0.045361019426835715,-0.1575949752757292,0.009688562194213813,0.026922761310895594,0.01281217080813686,-0.15999823172625513,-0.036058045521282854,-0.04172761000564387,-0.036549358780939435,-0.16887377001822454,-0.25232174244993216,-0.015105416617646633,-9.986714540086532e-05,0.013905390442839198,0.006626655934645325,0.00524846655144484,0.0034399751452337288,-0.018988284990188696,-0.18441315470901226,-0.17517681276967229,-0.16161023840386513,-0.22250274316045682,-0.017063343389667803,-0.00274903126636335,0.010597780943916358,-0.022599942997264356,0.012587187259634817,0.013207024974272803,0.013575279416396269,-0.03378402104717728,0.04639518234741496,0.043505103216678435,0.03820630060675406,0.03172160320700105,0.029011956162578546,0.025361328470365242,0.03574865762048062,0.03232186980416401,0.02767902988003871,-0.007484927846088035,0.020447140948862182,0.019489239968067232,0.018415560097185642,-0.22164186852725365,-0.028930810947600017,-0.026928929042165012,-0.01435234823125299,-0.008763951197671541,0.016199142394722588,0.012849562053100722,0.008848697104429403,-0.024804065188251945,0.04166232210869721,0.03236525989685028,0.006046068830768228,0.00012996110057582818,-0.004123780258223859,-0.0021913570877179224,-0.00031199347419264863,0.007723060989612534,-0.246932064781024,0.04051639606323913,0.03950333372536103,-0.0015576468967745845,0.31447249617942563,-0.018256297695779276,0.016514398554325172,0.009081288459538364,0.010793292980629322,0.29039658402787594,0.0401386123335725,0.31477798411772556,-0.007827421026243881,-0.19395737010956127,-0.034594893384099025,0.1252057219377531,-0.25185874549665266,-0.17252834717232013,-0.013146770806346415,-0.014034211120971871,-0.03219764020228494,-0.027291848847164908,0.03514656235971711,0.026724333088733995,-0.23047125195321427,-0.008044478512416686,0.019776737462961727,0.01713324577404313,-0.15176677150158044,0.028394527964449717,-0.017613907330985713,0.12487373805942306,0.030376714335312322,0.14606769511027756,-0.002046638890506834,-0.036587713932747644,0.26668756190301346,0.0015552612963142538,0.02772166679606949,0.032239540461695734,0.036319465521536656,-0.24481989356456355,-0.013428364624075526,-0.00635463977684193,0.001514315325308487,0.0105677505720991,-0.01101318397150635,-0.2513808679783559,-0.15801527709346022,-0.1498225451863678,-0.1387667264467158,-0.02700704980318849,0.031304005549416106,-0.16409816781695832,-0.0046814169520846384,0.005140277540658551,0.018314870300451338
MOWAT-WILSON SYNDROME; MOWS,-0.019696821750622245,-0.01291280351284702,-0.005995134699306497,-0.028472757681522114,-0.1275805382919415,-0.0002096352850616681,-0.017168937555263886,0.24014701305685168,-0.0006188240549856238,-0.0035267873562840426,0.02315672539854647,0.007947520307223798,0.015418896408493529,-0.01938271812233051,-0.005590298299872963,-0.005214752073901385,-0.0032700035201093593,0.03316396230611452,-0.01118978694455889,-0.03710652395195938,-0.1945244891982983,0.0049208272705004216,0.02249121825583079,0.023202638566639282,0.022018783520743407,-0.02330017616647485,-0.1450103971016115,-0.14038537628327924,-0.13252511888278637,-0.008184731507104782,0.008181201278319901,0.13179535080147742,0.1877952892159703,-0.014927315497368077,0.22110354658911277,0.23621165998272445,0.24808011146619413,-0.10028306942860377,0.034331515135537054,0.03244899287965858,0.028769859181846713,0.13023136834238752,0.1304497896316664,0.12696938492223311,0.1268275758319657,0.1261690760941624,0.037346243772210526,-0.01957189040441578,0.20159500309131279,0.21017735410296506,0.21631435107912095,-0.010341824730315675,0.13581213050307503,0.24401858415758124,0.23027259519486554,0.004331802258971754,0.0023643907075745936,0.00366422614899065,0.004626249592274559,-0.09129779598217524,-0.02243723742935788,-0.027796020669924485,-0.09745774921622113,0.0020186532058300744,0.02202743722431857,0.027742789485186957,0.1038175220508522,-0.03530950760418068,-0.018924280984601256,-0.00845173276302237,0.014609707516837928,0.11769693492219441,0.13710466446274486,0.020014566485809637,0.03029715508416932,0.03020132084549681,0.03153293641341259,-0.017007825755390074,0.028875566476994356,0.1368233629557055,0.21171373697977186,0.28823403218162724,-0.0030022221721688943,-0.01986904714428762,-0.17510695674436713,-0.11774269450765518,0.008507064560832488,-0.01256018326621555,-0.013163197472398242,-0.022041287372312736,-0.012109758071514922,-0.0132143046893106,-0.010095637155948915,-0.03010362530884885,-0.24364540322960546,0.005446931992177489,0.2309747409604292,-0.020674786512112034,-0.0011460813822298211,-0.014867510761066216,-0.0207963267036551,-0.013891710649651388,-0.02509114978636427,0.1233059178104115,0.026254211376182574,-0.02508662747574122,0.033920890394366826,0.03494682120379551,0.03572961205194329,0.03443812500793738,-0.02245650641753864,0.1527432908462924,-0.02044242324440312,0.021906224626755528,0.1824914986045465,0.022473297795112337,0.04260784042523282,0.00926661841362985,0.20099049689573883,0.29858655235783715,0.03511407235775786,-0.2095137563711658,-0.020619309585111316,-0.020134182128470287,-0.017282248170400687
MUCOLIPIDOSIS II ALPHA/BETA,0.24290775581427412,-0.006153469618237774,-0.16137697526637393,-0.02277789678488075,-0.0317254668296062,-0.0034852264402471587,-0.010331507492700237,0.38839194038834834,0.016679983412926022,-0.3915128886632499,0.4059122720331419,0.002590615170716285,-0.0053742001958406215,-0.14546792028525357,0.23428923813098607,0.26281207849975713,0.22274507832880178,-0.01165665422159116,-0.21555941812732846,-0.01922518759966539,-0.013980604041395785,0.008217545346618421,0.0023730430750265007,0.001592075527005218,0.0006155830526595892,-0.0002137539130169318,0.13598332830377044,0.18655175969249654,0.19974892523095722,-0.14294170458962763,0.008120874105163368,0.035728687834837125,0.1295649950319331,-0.011672050043975361,-0.01657565487808535,-0.015187019458129723,-0.013429106254859621,-0.014997505302725174,-0.0028047311244420677,-0.007381083956829231,-0.011960180047088199,-0.003359452086011641,-0.004169902250549799,-0.005044106242111971,-0.003137444201641614,-0.004491127248452285,-0.005617673328668566,-0.001774024656562885,-0.010999049118204152,-0.009956164781441196,-0.008927792592649912,-0.14024967247515271,-0.02969382466828115,-0.028143239997395163,-0.015039307904523116,-0.012721563679947425,-0.13624338402990235,-0.1242534586736658,-0.031466144912293124,-0.004896494519668817,-0.003267433608473639,-0.006280021318872389,-0.008589780084711597,0.027380292030820184,0.009002110493159271,0.01164071710987151,0.013653055799057014,0.030295457494083425,-0.2102106119507162,0.30330618715626345,-0.03246509958593055,-0.00999142917170878,-0.021704340277260512,-0.03971643573851723,-0.03479971317874222,-0.037933936583530024,0.17813634537714865,-0.15849174193545432,0.1179749673085052,-0.021834197985444115,0.00371328392572372,0.011193806941591103,0.018459114103621933,-0.026482051938163206,-0.016461735369725356,-0.004502053309542029,0.026490009940958684,0.12550001221869395,-0.02515262368839944,0.001727550367305088,0.015510505174513543,0.008013723416669288,-0.20969299238764455,-0.008093913274394272,0.009766891629772826,0.012541629901199258,-0.023329902028192514,0.14988796243741837,0.008055445982046158,0.2260634452459599,0.15235621904725594,0.20614224555975935,0.0030515029935784923,-0.014088266728245062,0.24291115211554334,-0.033819316367108505,0.22641011653480508,0.2365026347076172,0.2422584058472694,-0.22259379916883126,-0.4266955197255068,-0.025144753275531263,-0.2736384115847728,0.36105288078550485,-0.26024761108286926,-0.024030736811843683,-0.031132914778452873,-0.37235405312894077,-0.0010191776078683522,-0.017660758596718007,0.4225731122225122,-0.1939098290921042,0.016670328642266925,0.022505977240338114,0.015039670202530851
"MULTIPLE CONGENITAL ANOMALIES-NEURODEVELOPMENTAL SYNDROME, X-LINKED; MCAND",0.01743687945362344,0.19127806503609288,0.0010075028860291,-0.003259883086660734,-0.02017688993895791,-0.014274428440354467,-0.0441375632058812,0.008086167219510344,-0.030857885763666743,-0.017176438846242294,-0.0038159349907030565,0.042525714602095116,0.007116357966377998,-0.001665495759617115,0.015289287068660947,0.03161632841198592,0.035815499784697065,0.04312190218349197,-0.008641440894035131,0.018931987160271283,0.038383042065312185,0.006542718004487954,0.009163975646718068,0.012416652034442071,0.01442094401194506,-0.017331823740581297,0.028646075103220144,0.027644250840587765,0.02630533201083692,-0.02349534844970298,0.13258291488051416,0.170084710032948,0.03787515340301553,-0.005904944496731018,-0.0078697510341073,-0.007746189725870977,-0.007329342534153266,-0.019271123356715176,0.007601331421672696,0.008295461719863454,0.00854680844561752,-0.0037353956060939093,-0.003031090895963692,-0.002337274203380509,-0.002018021234492023,-0.0015355585324253929,-0.0010084821401455182,0.01055467261025987,-0.006774905662662935,-0.006121012271338312,-0.00544056486515076,-0.02346601151962935,-0.013654002221083074,-0.02090469407312431,-0.020113374141085112,0.00229404364004703,0.030632081864173842,0.02938986406363518,0.02559560681474002,0.005198283811275446,0.0017240958031251906,0.0015632303685957122,0.0012339904743009873,0.006033417667769488,0.0024733127546970077,0.002528289930842354,0.002272337383529941,-0.04164058825835734,-0.006828451702918059,-0.0061928368681356495,0.03168009528992308,-0.0032788975408600844,0.006618169060154354,0.029232347082769453,0.014510021005667267,0.018700002550639323,0.03400201549444244,0.1597974447744179,-0.006019165322783409,0.00666735605667017,0.22435457539607945,0.0008615967864926741,-0.021113119139384882,0.025610265451404598,0.0017085604759603805,-0.00029183779361870263,-0.028491011280718032,-0.02640635493154846,-0.01003229696869263,-0.006760509620013906,0.017002238129588534,0.015812201245555657,-0.0017928842165739263,-6.14483271348849e-05,-0.04100948102866125,-0.01481940116273112,0.005326898851812863,0.0006304636544467749,-0.008358523339555586,0.003485012032315211,0.002559504649502076,0.001134431638947948,0.0001630898044064094,0.0062381303874116415,0.017162175055653504,-0.11833357224632779,0.22044685288221724,0.22367977432723982,0.2259072030824123,0.038896072522759215,0.0019815627465137966,0.04551832802715871,0.02839317629797374,0.010073277130470588,0.048013405670328836,0.0390759512548548,0.15943463220191054,0.03958490712274453,0.029319983287413677,0.011530964349354696,0.0075798325119117394,-0.0033288120518186934,0.018234082317146932,0.01465376803821845,0.016574067744634383
MYHRE SYNDROME; MYHRS,0.0011363349305000235,0.1751933191253336,-0.2647533900758569,-0.006547578042464648,-0.011767112598308536,-0.0026357032856907303,0.14606753159543046,0.41207747195408817,-0.19300538829082806,-0.004262956111261602,-0.002320651361432135,0.038134911406181596,-0.023082936524403463,-0.15239654718596035,-0.02526708464312521,-0.025703028006904938,-0.01913844534057949,-0.25378152486070804,-0.27835306073177674,-0.0054134889840421205,-0.0028067430313221072,0.003219651024694236,-0.007697950702339961,-0.005473172519827519,-0.002734316901771526,-0.0009608618093671404,-0.019098835897361405,-0.019113343540304036,-0.018501485830562634,-0.22798069536750193,-0.030699272795015765,-0.03499965739155881,-0.017648268962225055,-0.031222219763169017,-0.14241587453643356,-0.13834329996386868,-0.12931674640936044,-0.004320137095199981,-0.0026049676644839897,-0.002528704756407593,-0.0023698765217475292,-0.012370920332631258,-0.01065596890568122,-0.008461032823638977,-0.011434982682945793,-0.010521932367449853,-0.00931659310081099,-0.0030318709884612086,-0.032628418839414544,-0.030055573303139255,-0.02713643393122342,-0.2627787298041462,-0.2730439119478058,-0.3151133547225282,-0.2519615644718806,-0.01854932916751518,-0.005275230644132011,-0.009788851586893878,-0.013975120377443548,0.026662815111495188,0.0035602707184465734,-0.0034946341177266075,-0.011894544596392992,-0.0013435914678986164,-0.009113324782049726,-0.008418862225907434,-0.007432949341733373,0.025849669602282684,-0.3176094086349986,0.29199228428804586,0.0228853987002541,-0.17175417127888598,0.3329491950611224,-0.23333722515849983,-0.14061403004217413,-0.15846360925245262,0.028103609251127492,0.03596692148191231,0.023222123751694718,0.3327101133670936,-0.01393508023056358,-0.2783842705730583,-0.023844183843474642,0.007191947925008957,-0.021076681064416857,-0.014063741040945028,-0.007313042206051241,0.0283929370751533,-0.22785219249306457,0.20355728433921122,0.00979311015311455,0.0014074870649658422,-0.28067395371595416,0.005799526159905166,0.17468776874715533,0.014618497217745479,-0.026699483081624613,-0.015010773263752749,-0.2525147299198544,-0.008987107687211364,-0.013158275602518796,0.007056681270825773,-0.03397341979196464,-0.03868728348045827,0.27595062107798807,-0.04174746481750912,-0.007557375888389764,-0.008012009645915226,-0.008543278444448766,-0.03804448291761462,-0.001534046268592476,-0.17150317747651095,-0.007969613910723625,-0.00969787162431885,0.021458961561496098,-0.011448362864738087,-0.03710932434606164,-0.03315684300180085,-0.02411412284920251,-0.2921954703432281,0.014916802226623406,-0.14277492280113893,0.0035918957745716333,0.009460911710676416,0.004973454932745497
Meier-Gorlin syndrome,-0.007071237602899372,-0.04013121024195247,-0.03573978337849739,-0.0022410447714080665,-0.013277459212255299,-0.008874194784195084,-0.34229237361370796,0.03350904768968538,-0.3995803161032429,-0.005578948903408364,-0.016838002127912897,0.34037981162036596,0.007422012518297723,-0.003893885595132176,-0.03331142535686037,-0.03497435459751047,-0.025992906895389935,-0.01542647655132012,-0.03010522638891559,0.017275973139170522,0.1631162769366706,0.013661270905565284,0.028353539917419568,0.03302897097266082,0.03421062444667259,0.009145850763288279,-0.037730699429906485,-0.03837577678154138,-0.037999003142912983,-0.03310437058811924,0.018585237357438444,0.02558896232542727,0.014279334339457354,-0.028970097265599945,0.04283822904548593,0.03971088943679256,0.03535791803932542,-0.01976516799634377,0.036917646816769394,0.036740083959402536,0.03422198996714406,0.040080961403098796,0.03749886222913866,0.033402512560611795,0.03975424687499213,0.03708617933275116,0.03253754037310825,-0.0247352096435858,0.043062304317471704,0.03955558625331215,0.035888685673915816,-0.017657980404542816,0.028039287059497778,0.028527225162641986,0.017252158397416575,0.014685976529853218,0.01695396588618925,0.01654345718257165,0.013886313882272293,-0.10253418006871806,0.028552260813865533,0.005071700544332082,0.001319367434773004,0.0011974259830263923,-0.0026574533668869524,-0.0003110691743488403,0.002341102711014315,-0.0068478159358258996,-0.021553653042933184,0.0033434882640104306,0.3432556814398092,-0.036067247616435115,0.34470629614545323,0.0035356231941249356,0.023611159376597586,0.020959668767475473,0.22396929733405788,-0.15635558906214542,0.13574206173086528,0.34560953349514784,-0.0008955355830481121,0.03897101070466011,0.029518130827540488,-0.014029455144447606,-0.29592782325385486,-0.26041934949980555,-0.267087575667048,-0.0485251369778865,-0.017972899433268873,0.03142956157426996,0.03542525963666932,0.1292041694302768,0.002156221076058023,-0.005402147299796946,-0.04308773581690572,-0.008404311201627108,-0.00322798322987696,-0.037008316877510154,-0.16908029509842257,-0.028844275334232148,-0.03232647946930296,-0.014951488945648914,-0.01722565372827229,-0.009995607429289033,0.024090550913160855,-0.017841253407902453,0.0238237429570498,0.025243697728679307,0.02608763260864966,-0.008145041411928632,0.015511479223889341,0.012054106336690183,0.2287201194553923,-0.005796511191987827,0.02560421108861964,-0.011548810930133492,-0.00016706753333918943,0.023389608252815625,0.001534523913825395,0.021742722976008474,0.04607298364376301,-0.2373178477042292,0.02630720057546025,0.01910239935284525,0.032582511586519654
Menke-Hennekam syndrome,0.018466242029889172,0.27311657748996293,-0.13156924720952715,0.000724672662121683,-0.036341741580300964,-0.035503178031907175,-0.005912836750581974,0.29961719055909664,-0.14130501410235916,-0.25526852931234967,0.20289554209335545,0.11869800782197851,-0.007845389139458238,-0.1282394587066986,0.008898374884002708,0.02360537851995256,0.09703180639516013,0.013095912813503087,-0.19488261305273846,0.008613117531717496,-0.0005538715987666484,-0.009069899222494134,-0.027219594973782114,-0.029465091510213398,-0.028223048365135648,0.01701960463047081,0.00328287051257407,0.0061783367776463375,0.009094800395542349,-0.0345134881622438,0.02458681986488015,0.02796566933344244,0.012378899905703074,0.008234336208221423,-0.004743896999234359,-0.00813578459790886,-0.01162713295810689,-0.01666388636103165,0.01236616577864582,0.008403051515643006,0.00428211606846228,0.01012186797099001,0.00887335395987358,0.007648085266634778,0.008863860065014183,0.00772316729682894,0.006123779927351656,0.0079875823628254,0.0018616906863521802,1.399011816054476e-07,-0.001788128833474452,-0.12702771630637397,-0.029716222976881836,-0.17788073703208124,-0.17051553200526148,-0.005323577318554384,0.029587293559889635,0.02965949422751524,0.026640193413220208,-0.014141832041861318,0.0033241057342972688,0.0017322624881940015,0.0002136835064896644,0.010490419599767063,0.0029854612363872848,0.0028425014254212545,0.002573874158785695,0.021396905490275377,-0.21060745593454755,0.12338653631954821,0.04200948156852509,-0.005922081042967153,0.21396787522891367,-0.014059333504661166,0.024760628851887144,0.016356560298956945,0.14819232890719225,0.021549887366110902,0.03231845317276469,0.21391122295553536,0.2733806746732819,0.008148927834699296,-0.006207835331064344,0.012241458493852175,-0.1991352335966523,-0.1308968319004908,-0.026716458900338618,-0.02571238346938002,-0.21519705787812088,0.12521232217197883,0.012324126725804938,0.005610017421890031,-0.1586316222139158,0.008288640666730848,-0.018528415040714896,-0.015970922598472735,-0.009803077036591393,0.0005131452987269751,-0.11210485639217865,0.009592609167787217,0.0019866990305969635,0.027927888510179903,-0.02307585878807686,-0.12147088635582462,0.19915969331258085,-0.031670989177911,0.11547393043514552,0.11342857695004838,0.1107828120820449,-0.2538099420221987,-0.21899134479960353,-0.004634519180554831,-0.020548502932192427,0.1746651346833535,-0.10086834642494141,-0.2504426695768028,-0.1954482143200076,-0.25100716710931814,-0.021428961003367844,-0.001969874509984199,0.3440283341811712,-0.31487651295895136,0.007647319456055449,0.01353628486028017,0.009514076586828492
"Microcephaly, growth restriction and increased sister chromatid exchange",-0.04183848945583373,-0.008618232644666013,-0.012982442665631823,-0.009633836810636074,-0.02183377372461765,-0.008643173582277114,-0.14477383151061288,-0.002265151830264611,-0.2566078624857923,0.030073771479191755,-0.12811229905284283,0.22235249921976427,-0.0187099169918218,-0.0019571169641631647,0.00546264489774474,0.003988474302633454,0.001592078271645008,0.12545973328254914,-0.014574036784000592,0.01793468859614563,0.16722722587716948,0.01825891936288048,-0.017654828187370075,-0.013438246257376031,-0.007575616721940453,-0.016423480695070384,-0.026613708077343087,-0.027011484251108085,-0.026552319034445954,-0.026282628985506973,0.03703828668531992,0.17055958717036462,0.13199826700626457,-0.011102053933039516,0.20990350679223047,0.20940842930914058,0.20314954546489303,-0.014127894690355046,0.028757024681037545,0.029788860305621195,0.028784712827983158,0.03775610050726689,0.1248715310162541,0.12319606452321825,0.03593594722584136,0.03728119095311911,0.036214052962332134,-0.014179464350286365,0.15433324385226663,0.1925129412226395,0.18969290571170674,-0.000783916855921719,0.15287615627857157,0.2143034536190487,0.13493328792570186,-0.025193992330630438,0.2098824898163806,0.21391735125411832,0.20516200725216377,-0.016889670207324348,-0.005290602046800092,-0.007822736471849851,-0.009676052327879518,0.0002640732617476683,0.00796735383835639,0.01039669751802734,0.012345842539271663,-0.22860584822966618,-0.011216118227813005,-0.04370078310255254,0.2722712986733286,-0.0026527723102157627,0.17843660339409712,0.21091338395458534,0.1738983182692877,0.1812890637989986,-0.014981370691706172,-0.0038325563793258285,0.010832561849054958,0.17853953042580428,0.0402457013887923,0.21896769317097484,0.003584907296403071,0.00021689321573429508,-0.021809377783269523,-0.019468927444109618,-0.24909079497413472,-0.2588136075536089,-0.0009858334025309235,0.036719778150618713,-0.0030173486941933183,-0.0016374111645653686,0.01814439086757484,-0.013694704725604908,-0.27220747966479414,-0.015034475516639138,0.03366683735695033,-0.15923672479979323,-0.10766139303462659,-0.1518361474314615,-0.15229250332728086,-0.1345422291581793,-0.029775014759139264,0.025145535106604805,0.005095331743867908,-0.016332986215191105,0.036208465313050796,0.035135183395667464,0.03368492740243216,0.016954930326109723,0.039100819195369244,0.14434876703079674,0.24867929971993294,-0.019049535317552654,0.28884491622234876,-0.006327853910217011,0.017892561722895065,0.20693682854218362,0.1502901878108516,0.2425940695522524,-0.021400442925056395,-0.1936490052849627,-0.0034432610612152082,-0.008931579127677254,-0.004827290147160277
"Microcephaly, primary",-0.013238760052607554,-0.03648188900298936,-0.004774498732396645,-0.03721312238200838,-0.016104179781426944,0.02292224218323735,-0.03980820690933126,0.024187965259359536,-0.005137006779357245,0.009383218458911761,-0.0075686237262487695,0.039153785053729386,0.11989683479959726,-0.028345885419253994,0.026502122356865023,0.01052445552121591,-0.004017601236355387,0.0020273324109248082,-0.009412815019977342,-0.03487662076749324,-0.0017449983709896773,0.030940395656626152,-0.027686893529332592,-0.01994630086577623,-0.010928411078808748,-0.0156638812504663,-0.018747528179033225,-0.01897361997619324,-0.019655682656331615,0.016816567468906553,-0.010093525298473446,0.015645417842184497,0.03287994150898949,-0.0020113854017025884,0.005528769706066764,0.010764678184035103,0.01605278982227133,-0.02852024762153102,8.910554380285102e-05,-0.004485600406249843,-0.009688817180408387,0.006841167960031336,0.0034260053285445607,0.0004657764414788321,0.0068287351200495275,0.0023838964617457726,-0.001294333009871502,-0.010382852597665998,0.0060069379492002474,0.0076505421843706435,0.009251145421594133,-0.0014497183422192313,-0.004531751239547426,0.014541321381171094,0.032690280419560465,0.006048637999215849,0.028315049144082866,0.019511970767364092,0.009926287567383245,-0.021849685597738838,0.010134526174443203,0.0065267564082948665,0.0028703757488446687,0.0020440473359114256,-0.00549339487685576,-0.003478640147231918,-0.001296031919143699,-0.03363534181745214,-0.015915009057342482,0.001410038013422837,-0.004606754155875372,-0.03415232459308603,0.016997852240339967,0.0006668425976852594,-0.029006482808131125,-0.024069170900472003,0.031442762379953436,-0.01581059619528687,0.038060762910209524,0.017345765021386572,-0.04372705899944298,-0.009846100240627426,-0.0025761033273687408,-0.0190065999666362,-0.2590227077220895,-0.22429134284942065,-0.009494368639518436,0.006949830511814085,-0.008386222485960675,-0.00787653412687699,-0.006500988893139498,-0.006097291183186459,-0.009423419347250769,-0.035432936470824905,-0.02331928031025951,0.026905740365494615,0.007688004585663298,-0.025061262637254028,-0.005226444622408669,-0.018898662994628387,-0.02318760136719968,-0.030197066378188964,-0.008855500888813686,0.03284612128653302,0.013473566122070721,-0.016235878864022838,0.03336490652848245,0.03323104771137605,0.03254873863745575,0.006039509370733647,0.009693224852713598,0.00015798374652604996,0.016473451911312095,0.000999405425128858,0.15660008811045276,0.010519975248191458,0.0072696078460232905,0.013534572323693686,0.03412936902425991,-0.007671851611010353,0.018937597043878738,-0.1405406811541509,-0.013522866080268245,-0.017978758169285666,-0.011723203100260858
"Microphthalmia, syndromic",-0.0033668212413924623,0.023804450332028985,-0.0020291375503410287,-0.007914487885966269,-0.02544868095709691,-0.012159487036035822,-0.15618830289987834,0.016564166632300533,-0.22539573605512847,-0.006176208076457936,-0.011030913688997876,0.31115930649791346,0.010281642303364863,-0.012263260506800782,-0.004349476034832979,0.0010547975802101205,0.006749268656958781,0.026476439937594232,-0.012462081528772333,0.011415905296660735,0.044668749241400595,0.015565207296424192,-0.026061114610851633,-0.03146480290456566,-0.033378487710691455,-0.009337871607828478,0.008296785453425966,0.009492949162675493,0.010389166411767793,0.0068079035192371365,0.015509401849933841,0.037249748454103324,0.036003939823814286,0.03854192701140743,-0.0015231080001050312,-0.0005779075867346181,0.0003807026311219921,0.013964643260313075,-0.0015486739603598617,-0.0010492119608946865,-0.0005887819306605994,-0.00299229714263202,0.0005352253940998582,0.00417345297781709,-0.001689169776602574,0.001293474265715376,0.00437325022187982,0.03403673030984181,-0.002677557653619108,-0.0001875546295565811,0.002257263718556893,0.000331543813728298,-0.0007770021735472407,-0.0003029725932696703,0.000272387400512867,-0.011455247217389379,0.013922224975681553,0.016168025082593417,0.016631619889031054,0.009258171263571683,0.14110129369065252,0.13773805175857232,0.09774037003426822,-0.017496019138610874,-0.17335030874339002,-0.12074534412913795,-0.028083096416464972,-0.0048163084376498175,-0.013088887006950807,-0.017446531386859164,0.19041821520732907,-0.00747992974328484,0.18757023407419848,0.01758900428095968,0.036712195527296286,0.03496270610815715,0.2799661068902585,-0.005804740614019645,0.012226692516958204,0.18553945454812304,0.048932960032529726,0.031672937418606766,-0.02198683318241744,-0.02627563343106793,-0.027822328953784073,-0.024804865309687042,-0.049833014433059285,-0.046947124223524275,-0.026451901477442405,0.02325418338524258,0.04335636435477299,0.04344160422227931,-0.00333362504797232,-0.008789754727619278,-0.04324879051949971,-0.004578774413086434,-0.01338353474794362,-0.003702340469631976,-0.04236804091403887,-0.00011644358294184163,-0.0005380042122971633,0.016631846839829257,0.015639527048882586,-0.036160715679151814,0.005707127516288647,-0.012633793470986837,0.02412558085750774,0.02562579922923775,0.027169104464542255,-0.019228733539932284,0.010599145661390679,0.02414701587951187,0.04271949868000313,-0.002542402451019271,0.003790343532232218,-0.034170697342317195,-0.008238089938507038,0.0069735309707005064,-0.002755488121324973,0.024081313087927173,0.03800457954013087,-0.013755060814624546,0.03869470680651,0.035594865518594296,0.041967219405858125
Mucopolysaccharidoses,0.2779373332385405,0.017318405210226713,-0.0164758357785021,-0.02194784408056305,-0.08783947202677232,-0.0018966711451576187,-0.011401618654946643,0.49038443058041875,0.022772866998806717,-0.33441143035085885,0.35913189937936446,0.028588940429891723,-0.005247615442200256,-0.02272613946443818,0.18555460488117043,0.2026538551508735,0.16259003344835332,0.1786296818941934,-0.024514592199295436,-0.018625004929917536,-0.0086819889697842,0.012074983843256525,-0.023808153302684508,-0.015174295810115021,-0.0057497702229761865,-0.07822116473003402,0.20088460904285363,0.2045751866602383,0.20392986386357922,-0.022119370484084255,0.10314247420359957,0.2527342376073945,0.2222501416075188,-0.014731616469580712,-0.0778792821134508,-0.08188135256072365,-0.08386692275176133,-0.06300374355872927,-0.01568165271033681,-0.07555177325755268,-0.11670297070022466,-0.07807968050915962,-0.11620986777662716,-0.12949499518582505,-0.07260728484312563,-0.11165755519173962,-0.12715609235548173,0.004056845750473144,-0.08277998540046097,-0.11158158093412768,-0.11883601637973942,-0.023349888475743787,-0.011109113717578202,-0.0053587481409708764,0.0015068500035250803,-0.0009309162764145827,-0.23681318665113757,-0.26901707742050474,-0.2774105859049506,-0.0016515657198967427,0.07222435603150791,0.05284485786218692,0.020685362864987834,-0.005624811286176411,-0.02778013339995061,-0.007222014945799219,-0.00467023254430651,-0.015484905802171624,-0.141091810039216,0.21303119547911206,-0.0133112342867973,0.2304969503013592,0.021787383159587153,-0.012534375342905042,0.012911374390791706,0.00739782955762575,0.30133303268657596,-0.16967992857517614,0.12449760988024024,0.021748676430204283,0.27000170041371196,0.2467123860649059,0.005606098834489655,-0.13162964224796686,-0.14909717617024976,-0.11638477378431762,0.2301015493853011,0.027452659678278615,-0.13888047828199146,0.01678776828890219,0.14180781267198628,0.1223915853925875,-0.018283478188862147,-0.021767057963614597,-0.176920027331909,0.004185859027464043,0.1506697457542485,0.02641078142556482,-0.010177777758218863,0.11167898712780462,0.0900318374861143,0.09426775834028157,0.003913575550455501,0.007993778167692893,0.21568548902490112,-0.028148705829610113,0.27856882365462504,0.28739745391132915,0.2939005212836069,-0.010071134814075898,-0.37400610975128057,0.03588204235113183,-0.30619587153429756,0.3375536856387357,-0.00696804596415455,0.00398514481997712,0.02264414890787103,-0.3045281312599396,0.010958782177064303,0.03429334074171581,0.3819392679582835,-0.19824542896528102,0.1382234833263792,0.13635246283417468,0.13570076203047587
Multiple congenital anomalies-hypotonia-seizures syndrome,0.03680026048946713,0.015547057619838307,-0.040809867463003476,-0.004856979913080813,-0.005587207029490616,-0.00021073816302126082,-0.2653670314593498,0.032228355611014545,-0.025346536224460262,-0.34252845992550013,0.27003818823182735,0.03574728357167564,-0.00033053437841293543,-0.007242439453805762,0.15583353370270348,0.18195870250825538,0.15544978372479232,0.028815136616647266,-0.018463574518521122,-0.008327558033069431,0.024012022522893077,0.023531570381964455,-0.020873786731429863,-0.022650780797146657,-0.021682821088235354,-0.01113277620330797,0.05441655734726748,0.18561336704685508,0.19356031823768685,-0.02008421806611047,0.03304853751569364,0.2793910374745053,0.2497392096568008,0.010199021248400489,-0.015802559076794252,-0.012811979410511324,-0.009245115028248693,0.01835133747628848,-0.01710751949409456,-0.014648823177774717,-0.011346094092469143,-0.018788945092050525,-0.01791600830608713,-0.016027285992414826,-0.015595608848927215,-0.015266978006099415,-0.014037173761576913,0.04167779235312365,-0.019222791769371916,-0.016555345304311932,-0.013932158131583623,-0.006812028969260429,0.0012402310302587543,0.005522894739518228,0.007542230193117548,-0.027122814455600087,-0.026656193734841332,-0.02749723567379273,-0.025808687147270467,0.04891379878132309,0.2797825664887306,0.17486007966133044,0.028979332498345126,0.020053063557723017,-0.24197173649981077,-0.22794311634940853,-0.06123347026762079,-0.031486738163753566,-0.02528191625499984,0.01263784710671925,0.030529708022234023,-0.023903392839389553,0.010410401017113057,-0.00037106460773302617,0.02707798023381761,0.0217678682299136,0.03062662469764119,0.011804887695656175,-0.006030546396602093,0.010343949474309493,0.026044414079027953,0.012281768228458542,0.0033901258685148767,0.01641926463707913,-0.005319307018066217,-0.007758902030519768,-0.1711838522362179,-0.14603312527719603,-0.013640081966984066,-0.0068893280354228115,0.2443339450232222,0.25364225374229393,-0.018208707593671897,-0.014807373501403223,-0.03078423931358934,0.004681440940681208,-0.03273920643942487,0.28092072122836775,0.044447709558632954,0.31599168153779794,0.29200937030267865,0.30332202958035515,0.16770191640163387,-0.036942263865688475,0.03402048482348343,-0.013877908600602723,0.32844799780317196,0.3361658153394511,0.34028846646919947,-0.23194048686667038,-0.28174681749231884,0.0046436127149126925,-0.036393987917399305,0.28918519703592854,-0.0038284395700927706,-0.15932941583101312,-0.030368332372718757,-0.25922282603900315,0.003294244473938748,0.018658005546428966,0.26054157972046266,-0.016508232652359064,0.0423389658501208,0.14779128573729877,0.23651921739032092
"Myopathy, centronuclear",0.010436555058671122,-0.04175730015858982,-0.044158394135338536,-0.020176427190295287,-0.020885724356395696,0.0008074407377297418,-0.012479185899215104,0.016946461916827405,0.01328495595146409,-0.013145748743221853,0.004894377415269587,0.04000122466158777,0.005033826209210603,-0.03860820236635506,0.0349848545848367,0.033957075535737714,0.02440371043801459,0.03764046734477322,-0.04284141012541217,-0.00782994502635306,0.02124153156794482,0.022264280488329975,0.00887946438206665,0.009022135575982203,0.007825070007397905,-0.03431660427778704,0.003260254529661867,0.004934215425175603,0.006560924266752662,-0.04428739226827255,0.03365107296345003,0.05756514862117571,0.053334166039300863,-0.11654143705402456,0.011401700656557651,0.012792827882020293,0.013582555308387553,-0.13068560436910812,-0.006210485835356241,-0.011387615477189238,-0.015717517622678832,0.005015283887524885,0.003232201939465557,0.0014841232884651113,0.002856014430609965,0.0007439759489332169,-0.001134903243357764,-0.02216840858364346,0.0094878312123032,0.009465631418785626,0.009662457836304327,-0.04734628346204894,0.014039233977192407,0.025098837954218568,0.02889226359021841,-0.014916476752032306,-0.004657210764191451,-0.007053491185278167,-0.009177181564096505,-0.08454670514205724,0.013807408701304959,0.011895505073517956,0.008509877660839825,-0.0011714905011983776,-0.009438395175950928,-0.008903497679019531,-0.007440021862438922,-0.18060478098599433,-0.03754560056937266,-0.019278874778255607,0.0024322756138846252,0.013341390450633794,-0.02011788177368773,0.03245077793659148,0.03369301002090861,0.03605892127430476,0.2278306677623257,-0.21475519149085295,0.025484682093089094,-0.020106368573115038,0.01807320686937899,0.056834226867803955,0.024030792696889822,-0.15020122819010603,-0.04202249961232589,-0.03731888825290097,-0.013532176063809525,-0.02854640100280803,-0.005016874180366901,0.009733768109195092,0.01962766751113663,0.014746354183450305,-0.040931857531915986,-0.012507129092026658,-0.010001983298228137,0.0068329528045451195,-0.016740125747433325,0.003743998456435665,0.002631779611424549,0.008241813786403951,0.005404226432936159,0.008566363923888902,0.0009160412718195472,-0.021979609632894,0.15967332363701078,-0.03529452388440144,0.055824099137029744,0.056508035443499915,0.057363191482883935,-0.044029950765225756,-0.007812198727470659,0.01119918866479039,0.02867327868105822,0.02956413378631665,0.17880637519456044,-0.16843397633969404,-0.03375841096441264,-0.02440075353564487,-0.002770193191156916,0.029240452708224354,0.025950993477961527,-0.016209614075136148,0.001762133145004121,-0.0007487514710097836,0.007057541317717596
NABLUS MASK-LIKE FACIAL SYNDROME; NMLFS,0.017395244351532797,0.03429083020582738,-0.022325040394366096,-0.020550258830261434,-0.01979516075749793,0.0033830806701086497,-0.027310007053602925,0.14542775275591108,-0.0052933514955270594,-0.020085624309151902,0.006677405608055894,0.026059263542199253,-0.010878868265489033,-0.00853319657138951,0.12789012304186811,0.13744967350811946,0.034566822092287834,0.02858391189848472,-0.026087550474307438,-0.009168507579075662,0.008854963019092475,0.01704374509607906,-0.04496453893584077,-0.04616006530756968,-0.04428497790313076,-0.005772895931939165,0.006960294600525551,0.009829790829019221,0.012150010089990308,-0.030517540411643132,-0.002104484020761705,0.013065071686286723,0.02060834318863647,-1.848774780666936e-05,-0.033339940928107666,-0.03293320696081166,-0.032223326810765326,0.00894544809573713,-0.025219913693606894,-0.028756991380274877,-0.030290045223334946,-0.01819015737968594,-0.021463626389096515,-0.0242429513321331,-0.019327445592618252,-0.02366530730399369,-0.026723801957799293,0.00793964463272543,-0.02722766751067726,-0.0282756614540463,-0.028534927889418894,-0.020940919835092248,-0.14182344187433163,-0.04135844931001758,-0.023221571981589483,-0.010624837688092045,-0.0015959994826100258,-0.005957790899892923,-0.010796621459938203,-0.014206030718503695,0.030606431752244694,0.028631370184117055,0.02392228386946197,0.005935764424020047,-0.023934084852714418,-0.02479843174731425,-0.024086532820946156,-0.00863682860646661,-0.034046148976845984,0.012844246621379084,0.008999651997233652,0.014222716158435495,0.0367829046864192,0.01715281798633482,0.0039681604656669036,0.006819495512495043,-0.00874439889376614,-0.004311674723282307,0.03133727852834166,0.036627790925848856,0.021651433175594908,-0.007219000002275744,0.005212187448053139,0.0009619993625938616,-0.02865751881526629,-0.01872284962067459,0.008002581435704143,-0.0002712095891888194,-0.004410605244765928,0.007179158456572388,0.01989690990428698,0.016507962312970983,-0.026277875346019677,-0.014424644771474609,-0.007112896753029712,0.011617954620255718,-0.01138514021496791,0.0030465688225522806,-0.0010377004245290464,0.009069383119268078,0.0045364159664331135,0.010477751757773558,-0.009358233222003355,-0.01584296301777371,0.038041645092372296,-0.02619683308971668,0.025677499765468615,0.025864551703510822,0.0258220733960727,-0.02634687562132112,-0.009356683642491282,0.006407272274974853,-0.0023802332871504174,0.009294720027103938,0.0062375263905664995,-0.030888038599635268,-0.016677283527598525,-0.02689479754912435,-0.01233083300430106,-0.02371987650567723,0.14798636566934217,-0.02830119995078548,-0.015845578822839355,-0.016505338733977103,0.0020331633356644434
NEURODEVELOPMENTAL DISORDER AND LANGUAGE DELAY WITH OR WITHOUT STRUCTURAL BRAIN ABNORMALITIES; NEDLBA,0.003370747477702275,0.0018388217544385377,-0.005143762088727764,-0.015480532016412151,-0.031954914324732915,-0.009329407475774319,-0.01904864967984086,0.030718009433833557,-0.1631186940927801,-0.004857849694985912,-0.011422560390005285,0.15925779192584197,-0.005319633961075751,-0.025997302173587197,-0.0041635281751814055,-0.004242920834193172,-0.003337988397082207,0.030623961638803286,-0.02232588064466621,-0.0005266677829169634,0.018614479226293036,0.012803582221347245,-0.008418185984615764,-0.00974867184277037,-0.009830612730152106,-0.015219477440363035,-0.022039694712932965,-0.020379015533532358,-0.018082632702849974,-0.01604017730550722,0.015389828640458965,0.029970903635736155,0.02491122226361292,-0.019742087395940314,0.03675607089463208,0.03582912068881341,0.03356364419521778,-0.031284157404401214,0.027443525355593835,0.024429831927818748,0.02007215634643063,0.033824845217810366,0.032038428947595614,0.02928624918827759,0.03356578002608363,0.03111446327272449,0.027510932303527174,-0.021618301499811587,0.03687135508295606,0.03538250126495171,0.03370118814584413,-0.020910277744388413,0.02167809827707229,0.02708703054186328,0.021984690149408063,-0.019132448866373178,0.023049475376074914,0.025843721352953476,0.026662486478424976,-0.011445492569600731,0.004225386962708709,0.002257081923257623,0.00041908520421514846,0.0015078499427601012,-0.00018941463795983348,0.0006143876921311309,0.001548892302185436,-0.018878400881573366,-0.033048252828482026,-0.0007467147323454939,0.18013801420950518,0.006720740342616302,0.16332183206592576,0.024176963148696294,0.04317778593672738,0.041809077603263696,0.03591483205992392,-0.0020401317055126476,0.026822250965029992,0.16324312576929723,0.0325400186001621,0.03528259991056556,-0.0009620094701202053,-0.0032824730749537435,-0.035926444097447524,-0.0277125327140852,-0.037286808077225585,-0.04443119486124417,-0.02976371552993429,0.010265896031032116,0.030978399084438862,0.03014056356795478,-0.02032901790318564,-0.01077594461971708,-0.03492219367337638,-0.0008341468841130364,-0.0029174452613431306,-0.0030307197268877816,-0.13817691812630203,0.0003567940033896824,-0.0009865161183370004,0.015003756769159857,-0.0006999626071802895,-0.031109938409952954,0.02238851029392408,-0.01863301186235059,0.02591780365202152,0.026907290716307482,0.026846311456600252,-0.023917675445692153,0.009613057879028162,0.020175583959347432,0.03448239974838062,-0.0009045041629553016,0.032972483074926145,-0.03915856100306356,-0.014584515396974258,-0.0012623079923589251,-0.010394238111984892,0.038029620482515826,0.00791434596670936,-0.019366412881563398,0.025626679809138884,0.02788946947256865,0.030495146502485446
NEURODEVELOPMENTAL DISORDER WITH DYSMORPHIC FACIES AND DISTAL LIMB ANOMALIES; NEDDFL,-0.2887460120160018,-0.006340480803404694,-0.037212121069332235,-0.02639378039840113,-0.18288944065773272,-0.014951754804547425,-0.1937668557599844,-0.006463043529933834,-0.33566150800373135,0.21377613606488688,-0.25101315368908744,0.2905437678202478,0.002758756037703297,-0.1318805445824337,0.00866860085426614,0.0099819649265323,0.008195155074909534,0.23805631476566022,-0.13348597128260253,0.026582181957751555,0.31460388937067313,0.0982171426500183,-0.030533577644589333,-0.03376814593272797,-0.033458771577099956,-0.01898673397667208,-0.004726317602358956,-0.0041272322841670265,-0.003457955057290782,-0.13613743126117486,0.24056298193150003,0.3253744251892735,0.2421812879946272,-0.026406667782261986,0.019665206119651106,0.01773091491013415,0.015237556555988139,-0.027623376734635365,0.0021693787905585986,0.0031869743417142905,0.00381282764540169,0.012688384882385896,0.011423331271100247,0.009956652171724596,0.009363129895490782,0.008100661063152631,0.006836934901171047,-0.02124085825664325,0.01858131524013384,0.01712627892611068,0.015127009974974074,-0.12776584361302987,0.027250456907919603,0.03091275262114067,0.02256546305839555,-0.12401494380484845,0.03347901666154007,0.038251232514481426,0.04026623310301794,-0.08939358782682093,0.08934285345147905,0.08117793922674149,0.05263656245249652,0.0006636239817160775,-0.04501049856157113,-0.042922840743288566,-0.03703767592299761,-0.3078386169197877,-0.14099264585436483,-0.2344509856851875,0.3703465776332969,0.0018057882546518062,0.2503974986443895,0.22680200847759002,0.29381631398523367,0.29408455964340313,0.0262052078412997,-0.03587558036730116,0.1213625866876305,0.2500686038541912,0.1491072932827838,0.24271132932664577,0.028675884943660208,-0.0032939753952759,-0.16377768825745687,-0.0412610716923041,-0.3038539587325888,-0.33384666195054113,-0.02549894154447162,0.021909249215497657,-0.02566942089238481,-0.022374285884760894,-0.02452596614585335,-0.01788211420689934,-0.3158924837448349,-0.014086052208450503,0.14565901327014605,-0.3040729598565169,-0.1937047243624789,-0.2980021478314923,-0.2928019498219138,-0.26818126287977057,-0.19881236866371635,0.02952323150270369,0.02833260257558458,-0.025913110822605192,0.15844245129500995,0.1556828726023615,0.15295265065877253,0.020593016348950333,0.24556123333423774,0.2070783209945729,0.35390916779349524,-0.0388949804634805,0.4237462452284029,-0.008685716253690386,0.019272536501234065,0.2946612976832674,0.287929122290377,0.15285311796622514,-0.01843354090202409,-0.20812797874159897,-0.028045854844216185,-0.0350880246539904,-0.02945595801768057
NEURODEVELOPMENTAL DISORDER WITH DYSMORPHIC FACIES AND DISTAL SKELETAL ANOMALIES; NEDDFSA,-0.012362322270715534,-0.004422444363061557,-0.038573644306792304,0.0012079994894181665,-0.026971385197307515,-0.027594975158344533,-0.0026986339385091738,0.252392404384215,-0.14933155126582862,-0.0037510082323329516,0.006044168452350514,0.1823932116528706,0.010159337243507486,-0.15932846566872486,0.1383781560052714,0.1709479051384126,0.161893772444856,0.007979270102820216,-0.15906509705758112,0.02089491029011244,0.032327259068556595,0.0008962188680079135,-0.01043904401534951,-0.0061572628341585505,-0.0019337042920043242,-0.0023268159069075437,0.006388912157962521,0.001580561914393477,-0.002541915507014038,-0.1375323445378705,0.23182093073046142,0.2668371633325575,0.03873732847136632,-0.018962423940273795,0.017437285420216813,0.018596991975536988,0.019635260785407112,-0.017455704671419933,0.004990286588317504,0.009458820311473035,0.013188580143643429,0.013298657942622675,0.01840181873599979,0.022361661605405567,0.011927529283368916,0.01698856243097625,0.020986902963752493,-0.003602474858751313,0.016114580831991604,0.01885305241683227,0.021188894927461982,-0.1363151353867201,0.008163583396472133,0.003439893111496325,-0.0015297801495911482,-0.11442457518281005,0.002428996353568401,0.0049086384111805,0.007187756092400063,-0.11821994124878009,0.002526372632098454,0.0007318523400964615,-0.0009393174016835564,-0.002589246511950559,0.002457483470936382,0.004045023761728485,0.005819142718679706,-0.2562144325617561,-0.1429415997994791,0.0032996312567972145,0.020744110034916323,-0.02982992896276762,0.024163795708806172,0.0006950472026291414,-0.01947430931925712,-0.014364702656581711,0.022885940088505356,-0.020979565225186063,0.0164048900611004,0.023787524966972465,0.00971787088038405,0.01690952413805347,0.019667505878613847,-0.00016040922910368104,-0.20419528716239566,-0.19518325104423928,-0.00977793648337301,0.007616605133175716,-0.1670774802142153,0.04246160506931189,-0.014060355057219932,-0.017191677682704576,-0.14799440756404025,0.002934823134760783,-0.026057536328497274,-0.014469550033698453,0.02511367004076669,-0.03812426313422243,-0.16506601435796092,-0.03180797329792567,-0.035245588488933756,-0.02984129731930628,-0.02925556635810367,0.019362712200385733,0.20755920443351594,-0.012050512664177122,0.2854524865887524,0.28509345628136024,0.2794736468802604,0.0005518375585248095,-0.00910272955447742,0.001057829823825198,0.02945237616151089,0.02925040156637366,0.334354742387024,0.003963129775979835,0.001960707507897726,0.006775836749732246,0.1409978162766243,0.006675216797258886,0.03058380327309412,-0.232679107141036,-0.007735433188141626,-0.008868950496871439,-0.014195963036978643
"NEURODEVELOPMENTAL DISORDER WITH DYSMORPHIC FACIES, IMPAIRED SPEECH, AND HYPOTONIA; NEDDISH",0.1742609247316712,0.17672220763208146,-0.005835729519229821,-0.009135778237143328,-0.029697986747351465,-0.013015076072866748,-0.034746818679306145,0.045361716357537066,-0.03521219603946461,-0.3217644475965731,0.2703657585821432,0.013570632193803606,-0.013955248384969594,-0.04383442882808005,0.03191416743286365,0.030497752833443914,0.019875652184721683,0.01541950829805673,-0.026211591281003883,-3.44454077032626e-05,-0.0017702365906402222,-0.001150228379175074,0.02297424140757663,0.029633969247304583,0.032208735540844795,-0.014834062074195548,0.0441587127588093,0.042586079721428506,0.04029916502568879,-0.014140032266156463,0.01984157428173304,0.03195507124103655,0.020196386944745806,-0.0018296181695148413,-0.01904600957471533,-0.022242614944136235,-0.025047051159792468,-0.01045981015387045,0.011484796383857639,0.008860058744004798,0.006362410522131339,-0.0061521985231834005,-0.008821586358195308,-0.01110363614778203,-0.004259587300702283,-0.005957766727615233,-0.007764676368158369,-0.006446848222470273,-0.014646981239457577,-0.017715290034252814,-0.020877921963514564,-0.015196033733770245,-0.025714325973976493,-0.03812277629129995,-0.035557474085542884,-0.026310803952828418,-0.01889840363720415,-0.02365385573692293,-0.026203128831105718,-0.0006004810137492029,0.004525413706327363,0.0060649807568855995,0.007053789155423512,0.0055729001209050034,0.0021309380622198852,0.0012030808443765273,0.0001150375481227333,0.018004663029729442,-0.029515506884157716,0.25375470533790495,0.021169859090763132,-0.032872908009966485,-0.0015087552982085521,-0.019036572817417326,-0.003633828345458498,-0.00694652726833485,-0.02616995040521456,0.040935002800076045,-0.0020244303843312077,-0.0014238880419701868,0.025349207702179213,-0.019176245541255882,-0.003941624409075255,0.028761506700589586,-0.006112354353357375,-0.007244158346753179,-0.029583494627360585,-0.00866493994466932,-0.00659799386848939,0.00043403510285858183,0.043984412786396004,0.04341044596141776,-0.02785931796208504,-0.001750632048467709,-0.006355390394231515,-0.00033018595665115536,-0.019724359298299368,0.047314385321079094,0.00900933055190121,0.17217034186954533,0.04842490422325013,0.2077192401905121,0.02065477714751144,-0.14481958693248054,0.0433085814816698,-0.019592989877305417,0.04245029353362496,0.04253221598718496,0.0422635075223643,-0.1719160189228494,-0.28621834396241413,-0.012684185426072784,-0.15552014573988593,0.24631873358871192,-0.04692988328376418,-0.03316930175352888,-0.030941840037435504,-0.2931224774371015,-0.02659658723557581,-0.014478614708657751,0.34271641703121325,-0.015449116729777536,0.03333424102122747,0.04238919648144845,0.045061585172716245
"NEURODEVELOPMENTAL DISORDER WITH EPILEPSY, CATARACTS, FEEDING DIFFICULTIES, AND DELAYED BRAIN MYELINATION; NECFM",-0.0039743772023632246,-0.0005129396794355634,-0.030994966798199297,-0.017088003675911012,-0.02862321612618788,-0.006216946527287285,-0.036278067054642815,0.00015822598765991713,-0.04165978565163219,0.0016438078308889008,-0.010651048007993255,0.032746268567385495,0.0016562467590783769,-0.02332954725949677,-0.00968098972433557,-0.0059409348295382716,-0.0019009174959231478,0.012697293673778792,-0.016394582512120007,-0.0019057679164592163,0.016716917472945857,0.012455956056667664,-0.004706662456278941,-0.011344953698177365,-0.017062760983432186,-0.0024440582889179918,0.010360670518270637,0.01434975583758677,0.017934550964773994,-0.009404583549368394,0.005157182677964016,0.024001313475588815,0.026742490910566866,-0.018062534920511377,-0.012309997424069739,-0.008517689557790612,-0.005341112730862928,0.03521285544558037,-0.013098839730987239,-0.016991246367646106,-0.019642093994397956,-0.027052409793429617,-0.028112093085671377,-0.029227428077520604,-0.021493583956172135,-0.023754658019843493,-0.024386222997047537,0.013833510556030984,-0.0216533437437402,-0.020995762276979368,-0.019313370805155255,-0.020824884148497844,0.020366064706045902,0.03136524403172095,0.0311538762029167,0.0005003656216189346,-0.02311549823413348,-0.022568052834570102,-0.018818627208787197,-0.013453452073425584,0.05229240750867107,0.051663530235953055,0.04782000720747643,-0.009393473793986688,-0.042669658938739294,-0.050206682301898946,-0.054864184856272036,-0.003915067672844944,-0.02659602142197697,-0.01042638923662187,0.16038102482467867,-0.012622959975699738,0.14909512235229735,0.037339051476904986,0.03634349181897682,0.03887996653775592,0.005051721333105442,0.009063661814483284,0.025549071930220605,0.14953450495909362,0.024011245112248683,0.02565773639878653,-0.014235273413346497,-0.0030944777198017143,0.014348189605838675,0.021460045138255505,-0.04977501518655803,-0.16724685839144657,-0.00861054151513676,0.019231838204401094,0.00732132019427652,0.007664734574120395,-0.007521342271294446,-0.015723410088918508,-0.04542377683134654,-0.0011297113163365009,0.014246917871352072,-0.011556759867463311,-0.010834751011986228,-0.006393369692836979,-0.010297489594069531,-0.009717335974202166,-0.01521616003406472,0.017495385896145,0.018566778129866048,-0.006350979227860053,0.0035139317430391997,0.004008246955637724,0.004363537388193869,0.009994144539662464,0.009528685293050471,0.03984959743034711,0.018100669914639076,-0.00779331773613366,0.01941596964508967,-0.0009724394047358508,0.01778906902032161,0.020563518383449893,0.010894345036070447,0.039217508823389265,-0.0031464719458670887,-0.03263506509827209,-0.001851177025637376,-0.002968520982144987,0.002553506055140298
"NEURODEVELOPMENTAL DISORDER WITH HEARING LOSS, SEIZURES, AND BRAIN ABNORMALITIES; NEDHSB",0.0017365217729335026,-0.03490500835534185,-0.030091872954111528,-0.019565131236929798,-0.02756308624135307,-0.0035183696250746625,-0.14719798297941863,-0.0011421101890002109,0.0011648602161985072,-0.027477824563268007,0.01651226128968121,0.058598082716149684,0.018004097628595606,-0.03668395073126266,0.010946383348072125,0.013762313226544762,0.012345868109203163,0.013619090587099243,-0.03939083272423664,-0.01132378702808404,0.0023826482482826256,0.01222908737782767,0.002088977963159623,-0.0007699992419201996,-0.003350824906348274,-0.0019631444481857155,0.019608393244149827,0.019827934709169028,0.018955270222828238,-0.03601069742030375,0.01677740944301922,0.036113646699047666,0.0338865349432951,-0.004171772042515084,-0.013137086279469218,-0.00986855579032915,-0.006750857227115612,0.005410581186332055,-0.034237578485724646,-0.027819548517059714,-0.020592401000661065,-0.019151540935175057,-0.018630664652759362,-0.01695665473835255,-0.02066949676083404,-0.01882108256793413,-0.017333619578554026,0.0028659890299851257,-0.014830593664990555,-0.013554573633863452,-0.011437555163029776,-0.04123013375127863,0.020981622953379568,0.031501750548183875,0.029811936720383476,-0.008941006600208154,-0.03929125301065018,-0.03238679251134805,-0.02230943132159908,-0.0004778770759996742,0.014974905667978053,0.01722792343455129,0.017540040710850024,0.012560707605135496,-0.019145291431144986,-0.01881195917305612,-0.01711199751690485,-0.032896961828532696,-0.04410123942440559,-0.0008342035888570807,-0.005738137931172795,-0.028372614046029362,-0.007295614450810373,0.02118176295755922,-0.014399895203133471,-0.005892714503493753,0.028617884434889947,-0.029559403637578325,0.00019004827857508252,-0.007359355728745862,-0.0037233016782094487,0.02653994014160684,0.04116844991957508,0.011340685016715793,-0.007628828919549731,-0.008039822659741708,-0.021327484434853494,-0.003112149168058184,-0.009168259613225633,-0.010227633090551847,0.17910604234924996,0.1790811468702696,-0.040676517519711644,-0.009115513751910697,-0.007500007906983352,0.005237458516581257,-0.03987294708288946,0.022078521385703608,0.004359840514216754,0.02757833362009561,0.02652686979188573,0.03157082184459207,0.02376594167488713,-0.034940490743993365,0.041257222129425564,-0.0039585014973121,0.18348819219540413,0.18645507720324977,0.18668211847564115,-0.03557112614201537,-0.020269395225255542,0.005778594503082074,0.008250327259038617,0.027020617914850106,0.021050215088443115,-0.03417674179999402,-0.021203589792194964,-0.015133464945680837,0.021082200307585536,0.023306936221677323,0.0408567950748725,0.013449554748933513,0.15701517647173402,0.04320680712745153,0.16897682949416187
NEURODEVELOPMENTAL DISORDER WITH HYPOTONIA AND VARIABLE INTELLECTUAL AND BEHAVIORAL ABNORMALITIES; NEDHIB,0.008423548140703268,-0.0014633359666857534,0.027294064914599764,3.2319244630244095e-05,-0.011315972182983693,-0.009527708983095934,0.006706643402770951,0.2571989063198225,-0.04097039682253297,-0.012876939556687991,0.01767993184523155,0.0011699215907662085,-0.027811617061992578,1.1245198462884681e-05,-0.0024809735841214175,-0.0012286635842186661,0.00012555651489611286,-0.026830427660345525,-0.0029770035569782523,-0.0003596738276705704,-0.0036009168244411655,-0.0016833094016377094,-0.011241607485681149,-0.013896027918000263,-0.014588283195541112,0.057401705692921905,-0.012383833565419876,-0.010538804778743598,-0.008595733192466,0.005506694701600331,-0.0028489483121708938,-0.005492932774254739,-0.003736728338561745,-0.006140679077873047,-0.0036330005204828885,-0.004301000705435302,-0.00479689714836708,-0.021126257061745514,0.010483264411763702,0.011326582807686926,0.011542218380584826,0.005559243473817324,0.005829588795068516,0.005953042943296721,0.005109517911314661,0.005438416945324259,0.005470316711912757,-0.01975302343254038,0.0005922789061235455,0.000431509695345045,0.00025607532312481063,0.001279108307276359,-0.015109609231832622,-0.023980279035247312,-0.02180273804414075,-0.02053994487979531,0.003252792391444035,0.007242248544707221,0.011251845598248997,-0.018680230529029614,0.009570099635762438,0.007188880968763307,0.00428781107961632,0.0014381590095511433,-0.001712666316281016,-0.0007895606676431893,9.778020577589772e-05,0.019696060350506486,-0.011443626437130896,0.03754264605876195,0.023895274745963285,-0.015693357826394885,0.16549712774044487,-0.14981271251476067,-0.008382497015042624,-0.01819833348910217,-0.002677277047641549,0.000436604511608033,0.020738805872343783,0.16529195571963298,-0.028385872478289033,-0.0324372948320109,0.01630242100905506,0.01794879069032181,-0.14645884311280577,-0.1311093089137821,0.0016933867086862953,0.011593393724568695,-0.015823163445535204,0.021683245617451816,-0.02876859075323553,-0.030925180701864414,-0.011379471294610432,0.002155327758273935,0.00953849877478527,0.0005908517911095019,0.013907693408332986,-0.03825025698863786,-0.02338498201901116,-0.03461446013062874,-0.03872560668182734,-0.030165731083864552,-0.1366976610575053,0.011808393271665898,0.00944799772056509,-0.01842270178879887,-0.01037909294480449,-0.010741902194305711,-0.011146734723482621,-0.021782680727013753,-0.020093167654276017,-0.034257724793552734,-0.026082645959210417,0.006408771236095823,-0.007616281553891749,-0.0034663754128140935,-0.020333829542568335,-0.03453710173425109,-0.023317975458546608,-0.03577481566322815,0.045274016664266226,-0.2777626625226914,-0.02416431341288362,-0.02185285288308734,-0.02831939803301737
"NEURODEVELOPMENTAL DISORDER WITH HYPOTONIA, SEIZURES, AND ABSENT LANGUAGE; NDHSAL",0.012390710832496066,-0.0172317995939694,-0.03312751963639436,-0.022029639861739055,-0.00382939140554245,0.015396984673445378,-0.006462926910041472,0.027850902913988996,-0.004893837312104152,-0.01646098666802776,0.01211122839167041,-0.008483614589884256,0.011990472487716921,-0.04298476210447245,-0.009717789453283209,-0.014414880152981202,-0.014952544676882815,0.0016241722241300618,-0.0077432879976312,-0.026408875003311773,-0.001157410194854682,0.024972576274815007,0.009754187539308984,0.013810307115989531,0.015632073296844802,-0.008152506211339469,-0.01051862130531104,-0.0071607631517310345,-0.004351342495434569,-0.00038437816003334904,-0.01025647680865978,0.02401009909487236,0.043616344662018976,0.0018701422910089548,0.014835816856524037,0.02241229004440011,0.0282034985339457,-0.003622255908597172,0.018012960954802943,0.015418013512021772,0.011422736330818733,0.014145967329260939,0.013023540792993924,0.011908990490935911,0.016023113540315378,0.014461667436093445,0.011762148213337393,-0.0011174824777350648,0.014843934078762748,0.01811743893814406,0.02074217951284941,0.0026019110816519345,0.0064063012091484205,0.03232929649205629,0.037769864273507724,-0.006535355491784707,0.002468777037726809,-0.0011140080260515829,-0.0048229267851783945,-0.020527157053951497,-0.005084186942609206,-0.008071828620673138,-0.010160439428751085,0.0008321970250660435,0.00922918273402814,0.012002583684483058,0.014242481123715015,-0.0027920972619732724,-0.007726208555310784,0.011490911302629258,0.014869217853263703,0.008516551755884371,0.014438752434526737,-0.021669799020139446,0.030793980152895126,0.020713232081420428,0.010550400925958159,-0.0002097221779399612,0.015979012323799207,0.014242182353749591,0.0017268248288277177,0.014121476552799692,0.01075486851478116,0.00868850396549172,-0.02804870198730571,-0.023377085362177415,-0.007837097504539862,-0.01952457367339965,-0.02830074139123944,-0.015197472405903375,0.007174767632612454,0.006446671649207691,-0.0065550196126949265,-0.026665561349309655,-0.013323021915764614,0.021473536479811196,0.011411418212860971,0.015331222931025068,0.0008041802238835323,0.01913410020679826,0.015061994315529351,0.012442716557313558,-0.012044160476023979,0.006540373164217808,0.006596911687836917,0.004577134652302167,0.0019044634781037514,0.0030323607254113386,0.004237458929629126,-0.004652588273603425,-0.012820108246858539,0.000621568425774584,-0.016949679816819982,0.00850300889999668,0.001588841846808976,-0.0020869380783840137,-0.0008326546536724561,-0.0204790218497927,0.0017847424428232932,0.0261914128316371,-0.00835523525682237,-0.01935596134169813,0.0011405768431670227,0.0037986696504059216,0.0056747535637534105
"NEURODEVELOPMENTAL DISORDER WITH HYPOTONIA, STEREOTYPIC HAND MOVEMENTS, AND IMPAIRED LANGUAGE; NEDHSIL",0.014524951370872096,5.866874225042675e-05,0.008055360660453708,-0.006276278121238967,-0.01343928826055505,-0.002362041139395098,-0.1689276541818036,-0.0004858444314410711,-0.0066969992499693685,-0.045499661438456525,0.0224908608057488,0.03252897054771871,0.01707850294306105,-0.02079852129289914,-0.015994700877542834,-0.010560231583048807,-0.003925301731539669,0.004705946330606457,0.003833604525200238,-0.003534033437916563,-0.01681124354023736,-0.004337906728636448,-0.011614718495303693,-0.00887291766524383,-0.00578119379109372,0.025032908140270694,-0.03542519641090264,-0.03655186793259434,-0.036294592717445284,0.01058679574711238,0.005973855228324562,0.012095239411998098,0.00884280903348529,0.0014642111749857752,0.03919923826621489,0.041293930633240244,0.042554450125413375,-0.0163308807523774,0.03379588114864616,0.03585678460077539,0.035792617573086265,0.03126611497519646,0.03366408738036837,0.03460141131615229,0.032013277776366277,0.03450637568410983,0.035429610961725394,-0.007659532803829605,0.03601841918382374,0.03788334454258268,0.03907757451560666,0.008256415901301734,0.02444494721965129,0.029741827610423252,0.022560586847995175,-0.018207951487495933,0.006846922296197966,0.009028525084887563,0.010850367548261285,-0.011435677480070206,0.01569843344096979,0.012981606830865008,0.008879313264275521,0.0018941731630050373,-0.008891890331423378,-0.007233503724334996,-0.0049173826049512225,-0.006476814874587696,0.008512037614684727,-0.025986850066835872,0.02146079234689863,0.0009825068811101549,0.04305953172741361,0.018825490442250035,0.029862865456398012,0.029783449878190132,0.0028794934117085643,0.030777200195591204,0.021418794194248046,0.042839598396857366,-0.0011890266249823943,0.0006018916629615163,0.00064523750907467,0.029204128772584968,-0.24483416321844925,-0.2268380260344598,-0.03328762336832576,-0.03441206309035744,0.010256195118701303,0.0034135098786820944,0.23700526059257837,0.23706977219569078,0.004560830681709664,-0.0014512120577521081,-0.026739013072512353,-0.006380750349619078,-0.039171246804933786,0.164110040966316,0.017404156172173307,0.17618072429833617,0.17230958740821403,0.1873004219746623,0.15328732525889532,-0.0389510624272957,-0.006156779902250999,-0.012783906607446873,0.04518388216543726,0.044758150214264276,0.04427159557839234,-0.026790036904847814,-0.02209601687930762,0.017462307055870725,-0.006389908096148533,0.025383531288661037,-0.014076635740325565,-0.032721259273929104,-0.007441158342215919,-0.023592184193482753,-0.0011380687468215218,0.02268018873603629,0.021790060913339286,0.014610247085175852,0.18080085979522278,0.18789899515279976,0.24705006494992657
"NEURODEVELOPMENTAL DISORDER WITH MICROCEPHALY, ARTHROGRYPOSIS, AND STRUCTURAL BRAIN ANOMALIES; NEDMABA",-0.0062841221242730125,-0.0066334492175272475,0.023252513405736936,0.005641403355361023,0.001530769988935984,-0.004421955255219247,-0.02598572455533971,0.01147363342892216,-0.04475974729024742,0.0060038347549233135,-0.012694735147003595,0.04459529326795139,-0.0009427297048695888,0.027844477165352266,0.0030043622344917173,0.017581667384397464,0.02253812905605512,0.027041612870229225,0.01536439889922608,0.008037562846513061,0.01640050324461999,-0.0010849565136668233,-0.02929122230808258,-0.03610362948412356,-0.038368196794886976,-0.0005847317097340378,-0.01201415084515823,-0.007400459001536112,-0.0034996796140509636,0.010266916634637793,0.01808015050470549,0.03328775749045231,0.027316253703394366,0.001638419092902827,-0.002177264854661317,0.0009471280656241711,0.004501538520176113,0.02113077824633471,-0.008879172011262874,-0.003577258265322258,0.001510110396678922,-0.005563161106280679,-0.0010340451996332127,0.0034067616956756194,-0.0056191759706091535,-0.0011229953795648547,0.003415575412677714,0.01062035644383596,-0.003511103133125626,0.00017578612389547782,0.004168103548531413,0.010281266478095748,0.00562219906844486,0.005063294368460772,0.0027366610716612776,0.02807355915596837,0.00031895463569096366,0.003306116080523055,0.0069715535369531244,-0.012629662037466188,0.009111676787346798,0.008766291616448697,0.007648860211762008,0.0032382977867587083,-0.005934262432539972,-0.0049772602758784605,-0.0033544654126423383,-0.0343860926319095,0.0032158818521679975,-0.02279215854799408,0.04284483057068763,-0.0035531294933793273,0.04670487630139788,0.0025970739171475177,0.020478293698913536,0.01771237147175042,-0.006195141455881595,-0.004250162983887193,0.005928019941659709,0.04692037226511055,-0.00026184634997154365,0.006050355798192914,0.0066772265577000715,0.0025724846835574965,-0.041406026145685185,-0.04205785454884146,-0.026495054721354997,-0.024605606616974567,-0.024550928617901244,-0.004177914841074114,0.03434788589934524,0.033640730159256775,0.009428840636374078,-0.0007260438775973251,-0.025126220350267785,-0.006075326500087093,0.005797568650861987,-0.0034954537109526313,-0.018193165384714688,0.0005590004800590444,-0.001513815682468813,0.0023539363875269134,0.002775188476903274,0.0008173471464756086,0.00029689335673156253,-0.001141159627484328,0.02913596097736311,0.031013537546381212,0.03301420908434844,4.176251882517361e-07,0.014171792866717629,0.0019577819660486916,0.003712353579253918,-0.0059711264790884636,0.045754925641170695,0.002927573077496805,0.0037739280909006158,0.002732651518516965,0.018828723333915717,0.004236351386296486,0.00015677260346685362,-0.019293749147321806,0.02357861871600953,0.017972210952858902,0.02789017218930412
"NEURODEVELOPMENTAL DISORDER WITH NEONATAL RESPIRATORY INSUFFICIENCY, HYPOTONIA, AND FEEDING DIFFICULTIES; NEDRIHF",-0.023961935728871408,0.017372345700234534,-0.018019509658101375,-0.004812065737154074,-0.026061441315511927,-0.016845239893381384,-0.031179795484160628,0.051113694818540945,-0.2895453617734963,0.001933752581666896,-0.005500058365405249,0.04204348866407359,0.021558363631234895,-0.042356329712636,-0.0035493733062588813,-0.0030010451453108228,-0.0015965675313996954,-0.02326143423384384,-0.035141676090600364,0.014581575610160857,0.03540676245425689,0.006730277199083582,-0.016306582903288142,-0.01416466218847707,-0.010954248615451766,-0.003640259264863422,-0.034524769753194365,-0.03543889512988354,-0.03559144671576849,-0.030846128840152254,0.03126993444540225,0.039746457969814825,0.022197610667062412,-0.018117455249491512,0.017126120600164833,0.01366614056516009,0.009885962513699047,-0.12954806246453862,0.034615770160437036,0.0285084898063331,0.021248185103271366,0.0299252820341836,0.027534245311563087,0.02482641072232857,0.030360703892101472,0.02734057866308666,0.023121475754152424,-0.023391144439048023,0.023566225136225215,0.02092388485126885,0.017935023747146412,-0.03107546826746103,-0.007063492000157829,-0.013937323183561688,-0.014584850659806014,-0.02396365483586181,0.022885068965541405,0.022794800484934128,0.02077802065398883,-0.0975581447440058,0.005808840454543439,0.003473404243197248,0.0008872080657020326,0.0007851438599366508,0.0005716985591638717,0.0017377102920756765,0.0031220272522811394,-0.036546402986711836,-0.03913491489878645,0.0044724935982721255,0.2523955119444747,0.002117362293163044,0.33290510491034564,-0.01112312920448314,0.027146219333798374,0.0195165077097919,0.03690629140485094,0.014038164542793101,0.028049029219045778,0.3346923015374906,0.0017539202405027652,-0.013238900976719653,-0.02018169747578987,-0.0041628987120155584,-0.27637300042639146,-0.2587318034239922,-0.01751447168920345,-0.01935569686813163,-0.010668546818306339,-0.002061463608652423,0.010173767910149276,0.009511243735843979,-0.028069734040044397,-0.0004946729644491675,-0.026560853265220903,-0.008282161086736857,0.013952949428565623,-0.02828504099701826,-0.01597619656558856,-0.0203791721355806,-0.026272501349188706,-0.008871009862593435,-0.039340299429110215,0.0014690567481486486,0.03657524540001937,-0.008437118065281302,0.020103138494233223,0.020784131485405997,0.02145915920101824,-0.025589877705124085,0.0021835948174299524,-0.016896769666639253,0.0081129543008321,-0.00112281689991176,0.20215073072953868,-0.02212790423362823,-0.025172620280485905,-0.01056586263223972,0.01164910887733977,-0.010636297848978312,0.006157303211324406,-0.2732798112179418,-0.017681936208560255,-0.015437704497191139,-0.0007223441804078589
"NEURODEVELOPMENTAL DISORDER WITH OR WITHOUT HYPERKINETIC MOVEMENTS AND SEIZURES, AUTOSOMAL DOMINANT; NDHMSD",0.03576933738170829,0.022066682155258577,-0.025500078963693863,-0.03217423650090448,-0.2208437935115995,-0.018421738904786468,-0.020884005614842382,0.26463850601090533,-0.007326748819281856,-0.04293557947631446,0.029614665747034488,0.03961941850941414,0.015695064920919405,-0.04007572612629351,0.021508289241342914,0.018029940004443173,0.009745186773618115,0.051224235296732916,-0.04618511504709074,-0.015861903424258177,-0.015115598809128905,0.003286682965277536,-0.0028560462142090417,-0.0009350444503594063,0.0009247749991149314,-0.014654075731625103,0.0032150522483957245,0.003361379721630463,0.003368247420619333,-0.044794056385459885,0.03084924552174688,0.17616190976591417,0.04750739095943087,-0.023948954214846455,0.02456289364228112,0.026897564838963325,0.02808917144632099,-0.01818951427925715,0.031381586125114304,0.025813426159909482,0.01810114661166023,0.022585907122676968,0.02027168920686495,0.017306182620133323,0.024606469141378682,0.021776983776474714,0.017611809563107095,-0.008669246312802635,0.02396579353204934,0.02425834166507737,0.02409803597989074,-0.04028296818425812,0.0117787325759473,0.0254145915493873,0.029174979201311842,-0.006197069397934381,0.01727383582779603,0.014447947411742818,0.009947207190204177,-0.010447492981390317,-0.0007055465262143714,-0.002650527716543938,-0.004712903284729768,0.0009946328120408346,0.007385177806448111,0.009513703291942111,0.011386511897440828,-0.026904472339204427,-0.04149135775980618,0.01586615434200204,0.02240224514886431,0.034472544938499605,0.029856812240364655,0.03474404822234902,0.035583883079270046,0.037870678491519316,-0.003006167521399932,0.00010343284768644332,0.009390112246382115,0.029710417317140733,0.27211709274163026,0.18842387447409228,-0.008670434411969916,-0.009335495048770707,-0.014210519681659104,-0.011340873458422216,-0.0013376171212922975,-0.023152155219544904,-0.006281411564711451,0.03202730561378935,0.015874576429945695,0.017270172076794817,-0.03595018953197637,-0.02242343026493494,-0.20203963051145785,-0.0029463069630770366,0.03485006849637107,0.0019446476913931186,-0.014698328734525139,0.006101378483187956,0.0036072842603500246,0.006271040631026091,-0.004721625224305895,0.006437587127354765,0.0484872321048821,-0.022284820870485434,0.18175119471335352,0.18616014616941215,0.18687040751359665,0.008664609559857478,-0.03324203733831687,0.1786753116083748,-0.00895727797457685,0.03998542079836176,0.0306731713634846,0.001077262058740936,0.03136512330553504,-0.010963748505411389,0.013269682925482676,0.18581545283487622,0.044172979180617064,-0.03283510886337636,0.021075316407133483,0.021950813216385343,0.02049231871018789
NEURODEVELOPMENTAL DISORDER WITH SEVERE MOTOR IMPAIRMENT AND ABSENT LANGUAGE; NEDMIAL,0.033267347050194206,0.009472279711838835,-0.023356194508365936,-0.014735639722383299,-0.033214369884341545,-0.013025350294270353,-0.17139986442329386,0.03187864977224609,-0.037176119777178836,-0.17077242626929762,0.03567717779820533,0.015979502696162617,0.030099625809520043,-0.014496084437178461,-0.023818862969152435,-0.02183366071010036,-0.013132965513541909,-0.00816661391755604,-0.022455841895332642,-0.008201973535804244,-0.00834851030465452,0.002226607848522637,0.02115471745888765,0.021730070682045983,0.019600924871090643,0.01997367560656277,-0.1728942660451801,-0.1631770241317023,-0.14812557478856844,-0.01838027519867747,0.009848988985400129,0.02798908168767875,0.027101186081186106,-0.03211845019316141,0.14054995270630508,0.1445228561159928,0.1427020587634195,-0.02754984353970243,0.2282651928626915,0.22847653600187975,0.2140458265906392,0.040122147203805685,0.04115656170397478,0.0405119966644704,0.13733778117986745,0.14134961885733247,0.0435639023432578,-0.02422039313242747,0.042303756760268596,0.0426638996602351,0.042504359278917964,-0.01687295320152813,0.019334018722284407,0.023797421963085836,0.0182538753431583,0.008508084744435141,-0.007813186320969116,-0.009127042923956753,-0.009529814849958167,-0.028025322055661384,0.0001984031802227906,-0.003885103085523159,-0.008946700215319216,0.002316293606179445,0.0063756091393870834,0.01109883708962173,0.015711052104551752,-0.007573790516837404,-0.019751215527610763,0.014198498661423925,0.047215547685823776,0.008020625315066858,0.22470181740171685,0.003740248019371539,0.16677841310847374,0.14380292131206332,0.02632168914959107,0.03391556985657063,0.03865291209968781,0.22596760687556913,0.01062941484236266,0.0023305472174653913,-0.01083288000066484,0.018058406506239293,-0.25435789187275953,-0.22007213136656456,-0.03547101879025968,-0.14711066487280028,-0.003833604231275291,-0.01621675536838575,0.012054230583012146,0.014153208158919755,-0.007335081954027856,-0.015512291736402997,-0.18357684164733537,-0.004377311934853578,0.010811319421456926,0.015414998027327832,0.014088804088845186,0.022401577249432224,0.01642313219681424,0.022104021196021433,-6.789246017124943e-05,-0.0013012163134570752,0.03803887886021622,-0.028400389293859567,0.029879748201948476,0.03322585648364374,0.03684526558329282,-0.01838592266274084,-0.03672893317503127,0.03247858716766278,-0.03181572001527226,0.03441456994274714,-0.0036735810503244004,-0.019228667210038925,0.0019693450968370847,-0.03763831609186498,-0.00078390823700085,0.027054066992376023,0.2604207153140994,-0.1526169273208834,-0.0016793212749744118,0.0009506091278102063,0.008482172459142696
NEURODEVELOPMENTAL DISORDER WITH SPASTIC DIPLEGIA AND VISUAL DEFECTS; NEDSDV,-0.012580683149715872,-0.0019195691725806948,-0.026962732530980776,-0.012273598366945825,0.002291979848226476,0.01647283473557824,-0.02810271855862735,0.0304139381016061,-0.259427251728998,-0.024623259658082812,0.011443687531742228,0.01734076148459805,-0.005736840258134406,-0.00496155722786117,0.01932675382753825,0.015252233947384461,0.006142690194671649,-0.033793936543047874,-0.02080341946715132,-0.00043643283163217794,0.2196460574808589,0.037167434925206494,0.0027227246771534953,0.004960332994923998,0.006922143348346724,-0.0059705492528758265,-0.001424556643516805,-0.0016994118520106674,-0.0020380919142519364,-0.020501669285549314,0.004784601049789225,0.033575095986155774,0.03935548426704758,-0.021196882886755353,0.024817786257252696,0.029027347201095455,0.031943908455202834,-0.0174447794755801,0.18021744856057062,0.14170187034970166,0.1314766603484,0.033673840623049865,0.03239107445661998,0.029922868826104978,0.11695248199563585,0.03460905620564785,0.03099236450348293,-0.019874524718574867,0.02878447970949945,0.029895890449443498,0.03091947441590483,-0.013319622450722095,-0.0020928151327611172,0.00510740208660734,0.011862661273993498,0.014093613118531571,0.030959947204569363,0.026215143475607206,0.018685935255338335,-0.11984087262020438,-0.001130286378926506,-0.002981827678428518,-0.0049657075772883315,-0.0029187726437430953,0.007753984888345206,0.010070622893774897,0.012158380878199843,-0.012322756418539188,-0.02341016391628024,0.02164965195936901,0.21653133489025858,-0.12939394101131738,0.046130473946200914,-0.03611420045333545,0.012886141783861535,0.003015931370720919,-0.0016910462976099706,0.19460642822871155,0.01428551921656609,0.04536515323101593,-0.15293086339047074,-0.16282945660737463,-0.01375070073688964,0.03029513643242019,-0.0271559296877633,-0.023972433244827063,-0.19766812207306383,-0.03071517687475509,-0.028700716120135885,-0.004434806548933043,-0.010315015043736676,-0.011947666619379226,-0.016990804793624022,-0.015518668376571239,0.00022693584744819262,0.015359582922830474,-0.008572136531860597,-0.015482369287495419,-0.004220863456227589,-0.010386444652872778,-0.014457870478838656,-0.005395545787282338,-0.02465631888272443,-0.00856234888362496,0.029111150667097793,-0.026451564957823984,0.01292568276640107,0.013996621292835541,0.015377178537757843,-0.12849013698496092,-0.012098546417412682,-0.04162019670017003,-0.0012090463072443843,0.013701634463521482,0.002758291580520563,-0.02154758937046193,-0.1237254507930389,-0.02996619795593379,-0.0034398689104297333,-0.021334334034565416,0.17039286946216273,-0.2392032412277122,-0.03511428991835999,-0.02999750465604334,-0.021279722859161236
NEURODEVELOPMENTAL DISORDER WITH SPEECH IMPAIRMENT AND DYSMORPHIC FACIES; NEDSID,0.029167066023834398,0.024073768446800398,-0.034636165756508436,-0.006616909766003493,-0.029962078404960315,-0.018579540749609824,-0.0010410399993198561,0.2965707767567666,-0.014284972095028348,-0.03652423938408172,0.02967491157237861,0.019157066399382323,-0.006095426038903907,-0.040543636508434684,-0.01724076436951912,-0.013201257023660746,-0.00589168848666103,-0.005382676727948913,-0.044865655917820144,-0.0018997660662665975,-0.008036339896195073,-0.0032340539028241494,0.030216734935893903,0.03547962072812957,0.037479711636967554,-0.02109945947999559,-0.02351476451329633,-0.02293353677977185,-0.02164669512220876,-0.047259808365873485,0.014441708785951666,0.024235516636207446,0.018619001563895708,-0.02735390990662517,0.0008473934003261777,0.00021461130988366319,-0.00042002626162107246,-0.02978799367937389,0.019839620878849346,0.018035326335447698,0.015705017930518095,0.008794911315074289,0.008324624292646245,0.007504955894924863,0.010775710176863944,0.01025855632611586,0.008974362144553452,-0.02168934870233082,0.003534936305272654,0.0030215861394554105,0.002294376724854562,-0.04253752070351452,-0.010845418116132585,-0.0167822338144674,-0.016146034732597517,-0.02452190456767522,-0.0026904596055945095,-0.00749150650297752,-0.012012937969961566,-0.022583165043416124,0.0032389729369207048,0.0017018806528201706,0.00021004864936284735,0.00016992536991252444,0.0022166999708396473,0.0038161455266040667,0.005440642814929741,-0.007258311575585905,-0.1760188472700681,0.03402184655027747,0.01691204706337495,0.006532167716083473,0.034989201583174194,-0.02623490758444091,0.022011119145732005,0.010765692411085298,0.01416882309848159,0.00892876231219663,0.023519848251351286,0.03511718301617812,0.0188155862246091,-0.000481426829924439,-0.00700147310201801,0.0013184777947058111,-0.16171905336216383,-0.1468022575358015,-0.0036163682621572096,-0.008721052017233239,-0.11462468426268993,0.0012633005156320119,0.010152922683207865,0.00719972696032032,-0.04573161576637935,-0.00011854859625773644,-0.005271367502820698,-0.001977103173661645,0.017628530131274547,-0.002177574172397767,-0.03257064676235987,0.003743858726890303,-0.0013185804757852946,0.0013267124565067869,-0.02506318931937015,0.01538170012147521,0.04919880517041127,-0.013969529055117459,0.03799967336245162,0.03789710312974339,0.03722699169300895,-0.009298393646933358,-0.03471019567808561,0.011664133201062311,-0.01977790727011053,0.03127601231589027,0.025149083667293973,-0.004507605390118447,0.0022241260527845383,-0.02742008895821235,0.0021701337108277637,-0.0011473220972976414,0.027062802049784798,-0.23733083595912202,0.01807611914895006,0.019852250411876445,0.013210485322067112
"NEURODEVELOPMENTAL, JAW, EYE, AND DIGITAL SYNDROME; NEDJED",-0.017417157816230024,0.02482378182094916,-0.008623509563774888,-0.03126619676860794,-0.22801171324942884,-0.0246914018922542,-0.15094138291747508,-0.0025881832934356564,-0.02446584156263753,0.007985211417619337,-0.011142359063351941,0.05162519461719785,0.002391864092742028,-0.008333347268359654,-0.0002541581271989276,-0.012073559545153533,-0.021394113958761965,0.2052078616249852,-0.03211394455051892,-0.0051596421708902706,-0.0022748700963022813,0.0034267136187626133,-0.01755871215423915,-0.004799172667224035,0.005717039606715856,-0.022626034647359357,0.004226064356535129,0.0030045424345169886,0.0015438264509462193,-0.03727399192868769,0.029958187750972785,0.04904221953570522,0.042429273973807816,0.031990490764686415,-0.004670161060164496,-0.011046819313538821,-0.017168016464201543,0.013471919801225123,-0.013719470897503059,-0.015897659321255128,-0.016625790658369527,-0.013408718566796686,-0.01955916128332076,-0.02396253435369036,-0.015699767898550786,-0.020498796712940064,-0.024484169162002117,0.033110588766088335,-0.007456370689765568,-0.01390149617767231,-0.020666898235985425,-0.024226960940437563,0.025422321353504602,0.030270875096787733,0.021060849079964937,0.02174876559415125,-0.008485881988545357,-0.021535382370409573,-0.03184540703718954,0.006400701954765038,0.017832709453287222,0.02141893974262244,0.0228972086860483,0.02470120602504335,-0.017827403598584125,-0.025185781675129047,-0.03164786801232944,-0.04254905349199662,-0.040755327686747285,-0.0296274797849015,0.04527792837130621,0.03427869750588334,0.0430530419086974,0.056518640656698,0.055284223528551384,0.05778002660595312,0.007757093173257792,0.003139057582200456,0.033475463039662375,0.042837913243818436,0.2047903519786809,0.18186172790978833,0.022365597391872587,0.025159521249133662,-0.0073117838733029045,0.0015859372992461796,-0.03320086787449168,-0.052055713275296164,-0.03161273723070039,-0.019126715153783013,-0.005413792394761738,-0.002736910935205553,-0.0044613557430682755,-0.023875093967982656,-0.28334249474781736,-0.01229977684911605,0.04418551011127953,-0.033615023651079184,-0.008199441523863656,-0.03158030825271928,-0.03146087021184536,-0.03077273223734339,-0.02233849941167935,0.0165005323541267,0.03212115968841153,-0.004818567246248836,0.04201802908000426,0.04071642844164275,0.03862446625109466,0.03575516680878204,0.009108861499787882,0.29078447726193185,0.025646833522847325,-0.0009369944721921916,0.16512227210648936,0.0010354584998041776,0.04950065106462801,0.039886519406581486,0.050391532681068864,0.19056919192469543,0.03940921140693284,-0.026110583439506067,-0.017854490012335304,-0.022761815894618294,-0.011474312285174055
"NEUROFIBROMATOSIS, TYPE I; NF1",-0.011671627543572585,0.030317705583031693,-0.176089574460032,-0.04786899381862806,-0.3212367757127361,-0.03698105735237933,-0.04738555087356947,0.01719249932383583,-0.008517385114166649,-0.010069013592230662,0.0024795915281158563,0.32889410191729074,0.033898061920189605,-0.04037126366119076,0.028856078198001803,0.028244892439379693,0.02023730720722199,0.378925254998443,-0.25235638659276366,-0.002463837305424748,0.027293587349635003,0.02276297111436011,-0.019801718642711925,-0.013630511050623392,-0.006589196462542507,0.007438075868935696,-0.003746651477650709,-0.0037112860352512046,-0.003421428293765508,-0.24624310490478704,0.25839205559327355,0.3759800201855084,0.31943871828975245,-0.12805648752994844,0.16495096764939915,0.052047066426817994,0.05151150625321922,-0.13473514665728387,0.028469358074849557,0.02385818427458351,0.01803837021997042,0.03493018906505002,0.03206220112183848,0.02841546088697834,0.03259233168264027,0.02934193710459044,0.024454538889270096,-0.02462603201719274,0.046214209149090274,0.04545378137072508,0.04400474524464267,-0.26177813238577474,0.1679212595286653,0.2693096354300933,0.24383003597735722,-0.003189320201304667,0.023839856122108496,0.015912858230779835,0.006692477626873689,-0.0144736799717008,-0.003933549284585,-0.005335985840806049,-0.0062483801786445145,0.0030586735997119112,0.005324556351142595,0.005583029822779565,0.005364106132902699,-0.32536853690709916,-0.23825462844029507,-0.055242802145602954,0.054312711975937934,0.2948577286858728,0.04737648139544719,0.3616453936408526,0.35315340048568156,0.36968504635625443,0.027560542221503434,-0.01093201384786655,0.004144841170178461,0.04734348446655058,0.42307187784294903,0.42632049275026057,-0.007788225662671771,-0.02366861228999785,-0.02883215984695907,-0.028369081935016263,-0.03276883195468776,-0.23724066641582153,-0.030932572105902525,0.009673030731894565,0.03640399640461269,0.03436507151870576,-0.13504625297790668,-0.037219561274593374,-0.4062845353941047,-0.019917299945069813,0.25603132585295235,-0.014841739624326132,-0.155341074157341,-0.008143394443449704,-0.009800400046182933,-0.004933972563767258,-0.0065305954329545005,0.02450026103193269,0.2775467776905945,-0.025887417995232,0.37373412678124557,0.37837037958620984,0.3783332177393388,0.27862622790855823,-0.005525898311802678,0.41815722423401686,0.027795018952529546,0.02336191894398648,0.23131016922605185,0.037449395747926884,0.36140279247598,0.05795485872791676,0.40432852180496737,0.4083983644412075,0.17294457739898808,-0.011266324458098831,0.04299893109415108,0.03312856262500644,0.035488931177555666
NEUROOCULOCARDIOGENITOURINARY SYNDROME; NOCGUS,-0.005312457386632493,0.1680210383378656,-0.033971790222122676,-0.004355606508149097,-0.011985120034953547,-0.006364522597131117,-0.015047326652273678,0.03157890529814524,-0.0338645972188503,-0.027390231800798543,0.027246597811302124,0.0017360501642939097,0.006963741617120591,-0.01287863666998692,0.00996690858020434,0.012447546347630683,0.01175933151125785,0.027232317244463906,-0.009322354863565977,0.0013999313143796509,0.00390997329603683,0.001043033737106622,-0.011124668682508918,-0.014528681271961798,-0.015442628081845367,-0.023857862157114124,0.03274266081527853,0.03223870480246353,0.03155644379244111,-0.006186609021706194,0.02135343719493434,0.029273602510298966,0.019476590660573483,0.008307982957399367,-0.012922701811014946,-0.011533228447483347,-0.010313383085867609,-0.0033196292391202754,0.003910697678915863,0.001211348153961472,-0.0010492435756123879,-0.011097057032104377,-0.013615653098926957,-0.014949362915260842,-0.009073180412860864,-0.01174235018870483,-0.01375395521291737,0.008830771638198778,-0.013203493683302932,-0.013418235422665918,-0.013481939199963424,-0.0037906609423731894,-0.0011503783381154975,-0.00012377715359891483,0.0009892390768093,-0.03162003848497115,-0.02452962862326505,-0.02353843989238665,-0.019953211283667078,-0.014792696496447271,0.0074547317424029725,0.004830701423105652,0.0021477621767323424,0.0016665897778627096,-0.0031509393869253257,-0.0012735304155178887,0.0006561564778896199,0.014898545799409198,-0.015743083599242973,-0.0010571569440142891,0.038291945886530954,0.013689718130708716,0.03361945420336164,0.013874580941959204,0.03140023088134322,0.02902390196811288,0.008976648817449324,0.04257008396798987,0.029377010550727094,0.03334456415477767,0.05580938604426585,0.014828454846994491,-0.02056807929124357,0.02166204103079547,-0.0028585856204699765,0.005302884213189034,-0.018020771429138275,-0.02516694154889342,-0.01558628753458189,-0.008835906202732929,-0.002318636697889805,-0.004325755388435537,0.0058616305829378304,-0.003661490734017028,-0.040484063489899025,-0.010268009176687501,0.020419827420465386,0.005168671547165552,0.0044527138861684325,0.009620824946982635,0.005089979080232839,0.01217582985657827,-0.0063622447572364805,-0.0011223741218116517,0.017480284567151613,-0.0043038726780466365,0.00501573242465313,0.004834845509058627,0.004532715326775601,0.00017783778727440937,-0.0289822396701871,0.02516264800191556,-0.0240700393231893,0.018070468593100603,-0.0023090219867494305,-0.005627043039134774,0.008344698111108152,-0.01198079556917075,0.01220925762781992,0.03161108526843316,0.03733001656882462,-0.03165444481585599,-0.023048167684950497,-0.01499288716176349,-0.008769263157330011
NICOLAIDES-BARAITSER SYNDROME; NCBRS,-0.13253551722658513,-0.21991311539910194,-0.01596421235659082,-0.012195319607964682,-0.14297529681428878,-0.01950255331673731,-0.42665069578269477,-0.026817128590271386,-0.08597808601773127,0.015000080745337289,-0.0031211842980193396,0.4186305275708649,0.015879068581126463,-0.02672833650179313,-0.004523667953420823,0.003250607430841084,0.011164157795165273,0.29021817347765544,-0.013044012793310283,0.007183957783191062,0.16209434848421636,0.017455307630665398,-0.0010980295790569436,-0.007482238203277791,-0.013447304283748789,0.0016212364702843842,-0.023758268501835635,-0.016479217146804087,-0.008615800401014936,-0.013514594975714354,0.24008833784671207,0.3631105909910485,0.2675312034899507,-0.018204059168212352,0.1146384114236933,0.11238374196615127,0.10659972757808166,-0.0051663489284769736,0.0012300125876349372,0.0013741416610539795,0.0014025512743549588,0.012046692810235822,0.009715575182352184,0.007035795941033625,0.011529549441101352,0.00926023752168398,0.006894279570173302,-0.016805921849491347,0.026258445609751324,0.024732999290565667,0.022578231214546506,-0.018417309836794175,0.22951433123589418,0.27623911546679547,0.22362897702639126,-0.008931432666478773,-0.10660133152248333,-0.10348211772305152,-0.028678310314110476,-0.03052855637727141,0.14519357443786013,0.10745289542016241,0.028750721098354543,-0.0015369683318441464,-0.1288434889508979,-0.10307422683251122,-0.017536654394166924,-0.36528015308375616,-0.017222483543783102,-0.32005234837588675,0.26153234147574445,0.09452953334030743,0.2015406846345226,0.12615290577842228,0.4084190354932124,0.3797755981614045,0.29369695221753034,-0.26914149873717214,0.17717651261676817,0.2017881844002032,0.028535644134159342,0.35320393369915676,0.16546104924141136,-0.02019349359200424,-0.2510010812783209,-0.20511034025688324,-0.3010806385850796,-0.3857949130049904,0.0043832074510129155,-0.035600238875689416,0.022268870621627957,0.10114189794743889,0.0032697159987007903,-0.02223190284868073,-0.3888265406512762,-0.015632991516506725,0.2348267740914088,-0.28173150833869626,-8.302145834814675e-05,-0.2552341458983919,-0.26213232238153245,-0.2648852543052919,-0.03268574013704235,0.2534117464229643,0.011522515292061596,-0.007747573383009994,0.2806198799472729,0.2841352182502856,0.284071868338978,0.2077761771524269,0.002135485606061556,0.3756704419759682,0.004138950437687512,0.011644275567898339,0.2548796425564679,0.14280957730359584,0.3046052569088603,0.17017747728824023,0.3525998950271204,0.2946507901120743,0.4132119194707898,-0.29290807172544703,-0.0003760394863642757,-0.02006891534625424,0.008509704745754996
NIJMEGEN BREAKAGE SYNDROME; NBS,-0.005004684620058439,0.011156788502606943,-0.022301449464109314,-0.022859237284135737,-0.032906907385549904,-0.005570418829956314,-0.2624750712792955,0.020940232842531707,-0.3013102254074439,-0.011271982296951122,-0.0095326599244103,0.440404791891571,-9.053620637167714e-05,-0.14984167233747975,0.009699460162088171,0.0032801543642964896,-0.0025507555154687936,0.005831803167612879,-0.03359772960890165,0.0002754826661021035,0.1514967381494513,0.03195799644405176,-0.009576344214753391,-0.008600523625889296,-0.006962417538451345,-0.035775857033381965,-0.0029364178512056786,-0.0014155857433408268,-1.3963168189231539e-05,-0.030041235471316527,0.02499303113818671,0.18258401113561573,0.1726578429154313,-0.0322517964695815,0.014846148974096552,0.01502891387870032,0.014433387631549976,-0.03301277359192603,0.032358637702349806,0.024218215083564032,0.015570579894084707,0.02109795565656435,0.015146437965083416,0.009215892313836477,0.02292922230028002,0.015973670397331104,0.009026668299142697,-0.027928168180873816,0.017597805502569105,0.015265387802246297,0.01261653490308845,-0.02988560103728161,-0.0004447368699540008,0.01043754040685027,0.018554415863985985,-0.0376816134889955,0.03695849969657702,0.038697844866163386,0.03702085975052942,-0.09741619524301344,-0.002695181254802134,-0.007037362273542442,-0.011198135419359934,0.0014333541787310445,0.006576170909765943,0.010965612967473648,0.015246911560517846,-0.023760124243968797,-0.04570928864150854,-0.017335237713997278,0.2529039525202337,-0.029468156534779494,0.04674530591026986,-0.00524983818628154,0.011037715247515267,0.007603874183803291,0.030479461531599344,0.018801271709785447,0.1445626368939623,0.04684088794537882,0.0087428121027553,0.0005972107602640547,-0.02286567770541858,-0.001614600334994184,-0.025037672848910376,-0.009464677533378879,-0.041597467807656406,-0.025932656864559343,-0.11528998199717011,0.004358660244908422,0.017706332076073538,0.0179655938727912,-0.02886529273706434,-0.0215509281640405,-0.03897246512021778,0.006069174585372069,-0.015119252297467179,-0.26448334584581945,-0.26602321789679534,-0.1797865068013389,-0.19509681328992587,-0.04267908054351762,-0.03807348028581547,-0.01609097891698962,0.038721400892935125,-0.02817056528632835,0.2681172022447784,0.267168767830074,0.26360803908958114,-0.024376047302770647,0.006475054005187613,0.007879074668274049,0.24126911396612877,0.0009320489215100798,0.02500177357298095,-0.02840063816050384,-0.01114748602452936,0.010606077608405333,0.003673467764968035,0.011549536968893595,0.39720176443836047,-0.3708134621553675,0.007094343589807325,-0.00030994448661296383,0.010087534676589035
Noonan syndrome,0.14984569010049983,-0.007074328745265166,-0.18332703931123623,-0.17019709297131907,-0.3182659073055203,-0.10631027010391403,-0.180837063746478,0.33092858004473935,-0.23564998945394985,-0.23540026551832047,0.19508514190348827,0.3614945220146948,-0.013644603177580353,-0.26874457360169024,0.1685783126436886,0.18911542586082786,0.1607319062372346,0.41022303953779854,-0.2661983067348482,-0.0001944303835129519,0.09146124771784374,0.06457636495005646,0.020492678101383943,0.08025089716517565,0.0864261990304647,-0.014066398364430785,0.08050706744217917,0.08109091229687347,0.07941340817011662,-0.266649523529716,0.3358065953925603,0.4929204537561229,0.3973253381381794,-0.167355515502802,0.2242694709940567,0.22837507942156435,0.22663572782910327,-0.18085904356668683,0.11973641686668002,0.03311480528606958,0.027381099275445665,0.03097952472556557,0.02784892968852039,0.023855749869773995,0.10100799421592621,0.02807902888369814,0.023578305935179407,-0.029541658705296014,0.18434357401875168,0.17927166738022302,0.17335322106229076,-0.25099845520154973,0.26067658267445276,0.3325896416303401,0.2958277307121435,-0.0948312596674345,-0.24449813038022217,-0.25835404236321496,-0.25285376740820403,-0.1525134899198856,0.09032291158441728,0.07559431123081593,0.052796568716498925,0.008333702438792483,-0.035138362799387465,-0.026225338999150048,-0.013571176831031814,-0.19141271575762872,-0.2978164001330068,0.006605793161389936,0.364672718153455,0.1648258802124285,0.18611506269730285,0.2594934437625129,0.4217671394737296,0.41148072202140556,0.32161551077737316,-0.245543309575521,0.20752919179538556,0.18541282303989834,0.4848028447094033,0.5579597352682271,0.11397918025174912,-0.12268344278366455,-0.274057383312841,-0.22246744887568068,-0.2947460026661131,-0.39828983929685335,-0.21769687142565908,0.2289130459672078,0.13881691615105682,0.12134595313696249,-0.16380746362254966,-0.1201648159852025,-0.39613169209749544,-0.012609950361312038,0.2431074605815129,-0.010396135106936159,-0.22224304010422338,-0.0004116275814459944,-0.005206759267362592,0.004702092759260474,-0.015508369483729953,0.009604928487568613,0.3362376921152038,-0.18239221512828357,0.36762597612803594,0.37276597277858287,0.3746608618392089,0.020982750409701274,-0.21753676177578823,0.43792755376012743,0.002424146432820767,0.26322476863829103,0.1800331096797223,-0.0064696078145760295,0.23478277993674926,-0.0032902413981607884,0.21536675205802563,0.5050869548987703,0.3861443282798686,-0.24312420343436206,0.14740872010022027,0.13049699913388563,0.13203338048951357
Noonan syndrome-like disorder with loose anagen hair,0.025582118822970353,0.002434056054980739,0.008933799297932143,-0.01837626512205605,-0.04063849020302477,-0.017160908299408913,-0.1727299726011185,0.018541865775194007,-0.226037591448339,-0.03804852019689113,0.007784514130706958,0.17935655022512298,0.015448130112210898,-0.0043128578288713585,0.01943622285263527,0.0344095824679096,0.03685334502596154,0.33049277110167774,-0.011530607913229978,0.02244518562654214,0.3123252172419098,0.0326366773294836,-0.008215825717228417,-0.019671919987946342,-0.02940011707727195,0.0008001817393570581,0.04552277150189335,0.1710636138997196,0.18890253689130107,-0.02040265712666993,0.1812492028102468,0.34136888784561575,0.23282860357085547,-0.02593980683035161,0.03546877299249442,0.03393368947051544,0.03189877461127049,-0.034687889919117795,0.022578376098660438,0.017095897093965116,0.011333100399302083,0.012731129133639352,0.008591531601820543,0.004254782593657732,0.01560384888218237,0.009754054308151577,0.004257646244022192,-0.015261771081804792,0.024382985682512213,0.021804052731854578,0.019374797539395514,-0.015135477477862917,0.1692380656925958,0.2048354853527593,0.17304158313842166,-0.012099316679546607,-0.02732180370292674,-0.032150576370513884,-0.03526951570781508,-0.02212123398084886,0.1329176420641656,0.10108642470940539,0.087328961340312,0.004964153812734892,-0.07126611238317268,-0.07180177943245268,-0.020675308540752904,-0.015764389848392922,-0.013906554274645455,-0.029045564047506047,0.3757960106059095,0.19102087287621938,0.17809961050549633,0.05603889022600115,0.4215892586929947,0.40725363919069113,-0.0016867702374097548,-0.011706728863371462,0.023458149985372514,0.17910173420322573,0.31378826897237566,0.33963853722702025,-0.0020199955768937274,-0.015416285247828666,0.002592404109772609,0.008766972773914337,-0.20624641443272665,-0.3742681288013912,-0.016441394846433532,0.005665591518642588,0.03517660723540708,0.03585049410648824,0.009008714863358856,-0.015858701408340985,-0.32030518279207665,-0.014573828353342436,0.026489440487252703,0.0012117908177660091,-0.014398530249145048,0.00409386929194223,0.003703624841477322,0.015996775788971403,0.0016377593166723142,-0.03082799710629703,0.01884608187347582,-0.03729261861381637,0.026566412796855662,0.02767512802159727,0.02854968867932426,-0.02081172771524781,-0.011023750900402265,0.21938189353704787,0.011913402957819662,0.01640947038164908,0.001135588418417719,-0.16186076833246235,0.0031695580636651476,-0.014039397339955581,-0.0013040336460116942,0.3483679717119765,0.04468630979327887,-0.01273397109579427,0.008512720904953032,0.006374816369721638,0.024580217098909306
O'DONNELL-LURIA-RODAN SYNDROME; ODLURO,-0.03546819328290234,-0.029715863024509383,-0.01308060088095463,-0.016024706027428337,-0.03473280733182698,-0.012248658901272172,-0.043827279772210175,0.012212657329237618,-0.04230587814067946,0.02499963832038432,-0.024245514623218892,0.02107323455204009,0.0008570127778285678,-0.03722090204309136,-0.01696011747203966,-0.01155671649681718,-0.0038430801516461974,-2.3511890623268967e-05,-0.04067257063376664,0.003009207933506946,0.02629258227198429,0.014089582319251942,-0.029788539008642714,-0.030874181658322827,-0.028359414667007844,-0.001789560493855482,-0.04684982188878356,-0.04300394788797367,-0.03845581038452218,-0.03557874497672496,0.011314824848298042,0.028475576192641763,0.02917477195545321,-0.028067779495429254,0.03333462014631699,0.03410238673610474,0.03396733813542934,-0.023185836525828146,0.021816664297393908,0.023158483112218273,0.02304845380848121,0.029364222271048696,0.028396485543004453,0.026798361017829442,0.026956379464123593,0.025877034710087173,0.02427486613646959,-0.02313972437455509,0.033723266786070155,0.03354427287486193,0.03286175145291435,-0.035056342273622046,0.026950265330788932,0.03263892802331088,0.02616178712456261,-0.012955676692184705,0.025542323056288896,0.019290158436399335,0.010774453389234601,-0.026586157486018138,0.008718671403275223,0.006670557961001234,0.003871583683663628,-1.3021200655752982e-05,-0.0037913677349666304,-0.0030084007600241335,-0.0016807188744775562,-0.1701905303086093,-0.04246339998426316,-0.018299234670810106,0.1829225897902501,0.007280125490284276,0.3265212496493604,0.009751738603156673,0.2086549655036979,0.18629351129279864,0.0258321640089607,-0.019741270984147952,0.0031331546724319595,0.32601752309909293,-0.005464699191712469,0.022430134911114268,0.013131665715111367,-0.004324656445292464,-0.15652285759121443,-0.16109888849381715,-0.17884875059728947,-0.20481445903236786,-0.02086202697539649,-0.0298620569783862,-0.01101648796815533,-0.007560254618281921,-0.03427175396528856,-0.007119880952395891,-0.025253014282737074,-0.0015249942183937102,0.019319519684868613,-0.020776936489046924,0.00775012995218619,-0.01861983788023545,-0.019788585560705105,-0.01959121506337913,-0.025971830071582366,0.026062630400377026,0.15738485169100747,-0.022612091167015513,0.007963933087765091,0.008762390391482765,0.009474855420220791,0.008063515520549456,0.02147965940132909,0.012136422010413825,0.0016647825265382382,-0.016815250339985963,0.05724680567010845,0.003049545365976484,0.008194984684346101,0.012209437107393094,0.012853816435883375,0.021112897741357217,-0.005375461382903072,-0.03567552244111876,-0.020466443233700487,-0.022512108045856672,-0.014277052858661085
OCULODENTODIGITAL DYSPLASIA; ODDD,-0.03790251695123711,0.032209224399763654,-0.2519984628209158,-0.005360002083788326,-0.016013124761562778,-0.007102817412602493,-0.002618061955566827,0.2746829560143075,-0.025601051870981262,0.0172246291297699,-0.028572160707174415,0.253693030421356,-0.014711668382842356,-0.2175268334155294,-0.015900360489612464,-0.02489620646911839,-0.026885215031118185,-0.14241446911844566,-0.27625736006425766,0.009215031150899257,0.03649635690092518,0.013427328712859439,0.001335545296199852,0.006875468793699045,0.012823319230979312,0.011073021091051837,-0.15764053834639755,-0.16358366929607127,-0.20589812010075564,-0.26407774090049196,0.003124077222721311,0.004018947969196292,0.002300243748388469,-0.015621453714691123,-0.021693176105057665,-0.02711690122149154,-0.03153882605161526,-0.030512859354160246,0.0007950639116219483,-0.00037362118906454585,-0.0014333361367086823,0.0017409055085988122,-0.00030557662190470265,-0.0022944007061022655,0.0003995980973918794,-0.0018473110530036582,-0.004268014657353356,-0.00601651826854644,-0.01004697397318398,-0.014193155470691683,-0.018269226173310164,-0.23397579093180018,-0.15532599174225095,-0.2557547142759944,-0.23115081168062485,-0.004380003735889162,0.03460716319062398,0.03319984766387734,0.028917532684614403,-0.01730322907987574,0.0004269555095211532,-0.0027915416019912544,-0.006672375800422751,0.0024556769518048935,0.0011864240045773077,0.003199245737688554,0.005658427023156046,-0.12510327639877578,-0.2803157922502452,0.00909913693475661,0.0081476141463457,-0.015151249723975923,0.2598681343110275,-0.0256857497046811,-0.017254013379525816,-0.019658089889482557,0.042916085451429734,0.022383239326456663,0.028810378168098307,0.26091148068109316,-0.03356190569920104,-0.27390263767106193,-0.0037702880097797353,0.016291250980212283,-0.28690790402801086,-0.2668803665251407,0.0031043954760848107,0.01615446963379471,-0.19447879265697837,0.018868890293536965,-0.02347524437686893,-0.02838849893083076,-0.2564629206806348,0.0029347545832351806,0.025469854493546554,0.005385529122864793,-0.008107332541881382,-0.2526756887413137,-0.18030168866849458,-0.22463458141192494,-0.24300711691636756,-0.1487423809660645,-0.1628767896793043,0.009701177898614122,0.25550098204520266,-0.03579567964952834,0.037435674983462376,0.036890527844085454,0.03608326159682249,-0.03224536754224966,0.025058113139698333,-0.029255238730349766,0.14995858369533654,-0.011755568755144583,0.28359822049733857,-0.03526490320785249,-0.12974861209615138,0.0018218813557738058,-0.0023318988036390253,-0.28619337955604857,0.04357008449056528,-0.36282102922017967,-0.13764337534523363,-0.041853523125603594,-0.036175596477798395
OGDEN SYNDROME; OGDNS,-0.01387453793534113,-0.07875638459733171,-0.005609477109027723,-0.014080841002255887,-0.005998843503587046,0.008220713393338344,0.0093971464127534,0.38654566427605747,-0.14073405198055006,-0.0010214011829949702,0.021323530859126555,-0.004384630707374891,-0.0021753152349257925,-0.011098363813220111,-0.011895224037683724,-0.06992918047120289,-0.07948249057613593,-0.2153629118152517,-0.004961887232975317,-0.07952947172257893,-0.020058268747310103,0.011408173701945867,-0.013896941069914506,-0.01936725427720408,-0.07263902740122509,0.023605880416945887,-0.16110635287339262,-0.1403178431783375,-0.11626946032678553,0.006873279945723526,-0.08750986055775374,-0.01576154094729592,0.005939631840398323,0.0013150829242749703,0.0019262313573768404,0.002719188791654667,0.003489057964918574,-0.04468467793941579,0.011558261533074148,0.0068020928825127435,0.0022768287718388106,0.01155018028602581,0.007121478085028345,0.0030804125058349636,0.010525832814662045,0.005524969899460432,0.0011223315739053127,-0.007285309477180414,0.0066168515671335545,0.005559633693871108,0.004454882510096021,-8.990526516673925e-05,-0.01568800067352614,-0.005760199346002462,0.004822576628888128,-0.005838526357175497,-0.012139223398996757,-0.010967172141279794,-0.008776423318317607,-0.0525664397868418,-0.01597162966695553,-0.020293591339002343,-0.07272545107124932,-0.011238047532973604,0.013398110805501717,0.017567232944157646,0.06756435636125807,0.18770683422929108,-0.004691063285731014,0.157689481700606,0.0672413872983616,0.01582180545328943,0.36912610663634915,-0.17935295405084495,-0.0008563368497568411,-0.01037630409417129,0.028225570240635815,-0.1224678433976915,0.026738769141001706,0.36856160370065116,-0.07945022306753964,-0.0045004399818447255,0.013912079477301682,-0.012677618290101424,-0.15274482923662336,-0.12461954093939911,0.11505688766965412,0.023553427093005577,-0.006877468966110035,-0.015388654634126241,-0.2680048731805052,-0.2897242480109466,-0.007010664038487984,-0.018636826930177586,-0.006140028875383581,0.016033046619987567,0.181250902838957,-0.22775373980120622,-0.1246010299982497,-0.2086135252821535,-0.23117277387695148,-0.1944277089421538,-0.24038402268122033,0.17886324124869102,0.011184895687477927,-0.003794075426167936,-0.16106180819737884,-0.1532079528697435,-0.14262850401327207,-0.0013689454349914314,-0.020466514070984453,-0.07868494013600665,-0.13689292055076446,-0.00029580304044649595,-0.01996877773572914,0.0132996088434956,-0.0038194809571362744,-0.10764842565567873,-0.0007153953938982092,-0.017955057634483313,0.263383320045649,-0.4348206573611727,-0.2934020697239547,-0.2696515102555278,-0.29442327898444737
"OHDO SYNDROME, SBBYS VARIANT; SBBYSS",0.012975475210292948,0.3004566628619655,-0.009676038773112128,-0.01528133165702087,-0.030756384481149767,-0.010142923018757745,-0.19481037684681105,0.1351350986894893,-0.25106557616206615,-0.035553032959325985,0.013857862377582558,0.1339108075181515,0.06870290912661407,-0.023324084091199966,0.02984151715622309,0.11751636377096016,0.10605592581550397,0.27644997466345195,-0.01313623167723427,0.005432124691971277,0.2245430423518088,0.029678705054639473,0.011706924878883602,0.007180673104185821,0.002476812361125849,0.0012282239472336288,0.10030876092984442,0.1169104648570112,0.12883996612196277,-0.013888941126077211,0.20322587600051648,0.3322876122917523,0.26730091652005794,-0.0029407316497111658,-0.023816049612389936,-0.02325490602778788,-0.02170840799438222,-0.1057982331619368,0.0029272217178100443,-7.670227333835533e-05,-0.002883431913985061,-0.01408531783853373,-0.01463246481364106,-0.014491017686496155,-0.011375344745056904,-0.01318414310141746,-0.014374797709909688,0.003856907757592077,-0.02106097801124072,-0.02047087334848381,-0.019431619993162542,-0.018529491834809717,-0.028995911598767753,-0.02812555754089557,-0.015577409002529801,-0.02422731597417309,-0.027394842089612327,-0.026702873740648086,-0.022991385884491174,-0.024912335107679755,0.07877423806929217,0.07355623994539359,0.059964177288100017,0.003948993195564418,-0.028831299359618354,-0.026414357173966892,-0.007057991404280512,-0.24412106177116777,-0.02734638081204896,0.010582062363716489,0.25376682655429245,0.0006063716553226728,0.14060375879291262,0.1485539623578862,0.032930786542855514,0.038244042962913005,0.007061581749567175,0.017846512313949098,0.09857545491372963,0.14112300443362163,0.39207074981782264,0.1500216659001406,-0.016636513304367887,0.00030941213587557176,-0.1431740649676546,-0.037242158820160076,-0.1322956604740564,-0.14274796202258172,-0.02507498970521831,0.0045257292057986395,0.17781565718807965,0.14075758257515977,0.0012148684623640388,-0.02157347385656646,-0.29898907153593746,-0.006350925530192464,0.02164165844338279,0.014161456771653301,-0.007044550432806497,0.01850735795053233,0.016740371387666455,0.034910114782761105,0.00414010520150618,-0.030225282388833225,0.12193448637913525,-0.02124792719680224,0.29178645106314705,0.30277985652973904,0.3109363139563159,-0.021323668037355723,-0.017018204230560944,0.1666195956972512,0.025753994721870056,0.11492396074887333,0.3072087293903847,-0.1377911672396752,-0.0013360798064531243,-0.007678916062842485,0.019124001681382112,0.03463824210689474,0.033428984876961554,-0.016943798332556683,0.016638691190672024,0.018682910177710257,0.1120309201773456
OKUR-CHUNG NEURODEVELOPMENTAL SYNDROME; OCNDS,0.030039166106103857,0.020621667447986693,-0.14796371796779836,-0.027352701058716927,-0.03867875104829228,-0.005585478038310797,-0.006676546636399022,0.3955457716671702,-0.018471535179162203,-0.30883581354539946,0.2647291195425123,-0.019046376422048233,-0.022267351579996153,-0.12865379413472253,0.014399964981613143,0.012007096282381812,0.006062646319691901,0.00790659940741859,-0.16678541409780845,-0.014506097079708147,-0.01610226380191445,0.002636001893140013,-0.0048941469832139714,-0.0014888632428184338,0.0013640961545948725,-0.01645033735787348,0.03217026448679113,0.030417546947637736,0.027441140053705886,-0.043874483214506245,0.0067440197464305835,0.02019208579943445,0.020702356736866868,-0.013097075205571811,0.002367626526069223,0.0026602389400714166,0.0028815347723596296,-0.09579000028582468,0.025023198653090047,0.024520264979941007,0.022364328048893666,0.008081610943111162,0.004680349558157738,0.0015333713354328663,0.009486707430292339,0.005815067288106375,0.0024809450187721002,-0.004810587393990581,0.004084982589275131,0.0029044140674702045,0.0018280289918605587,-0.15697596874283318,-0.007768978932900473,-0.005953087502180059,-0.0021754599402056527,-0.024295824706758923,-0.13161114468635313,-0.14511700071680586,-0.14687627253329646,-0.0006784079940618916,0.05238358955752281,0.045220207646739174,0.0330259238701074,0.007899830541899739,-0.0044485823213433725,-0.0033967119486058035,-0.0018527139348276302,0.17824738783260022,-0.22918832513721252,0.2200740796848546,0.023859349608018856,0.02078233304890589,0.04519547961021994,-0.015326676760910703,0.026895355194069676,0.017842722616231675,0.24947182838006732,0.005589188689558636,-0.010471988361292452,0.0447928777370076,0.027396341751411077,0.009775173156942615,0.006410519175357213,0.013587156523051182,-0.02065860945109384,-0.02698656603937301,0.0025780370671487623,-0.007418739287471181,-0.025133546774048346,-0.014734537963447269,0.000990515432204446,-0.005850139497693624,-0.13803064196562675,-0.01153119262870861,-0.012209754732261973,0.005397600414449599,-0.002628255648652908,0.04311565220439538,0.00262112074252205,0.04926039282306945,0.04256925764786257,0.16078368036349178,-0.0007168841957499239,-0.022280565281792508,0.2221366708997806,-0.019112179699542466,0.002243580402886803,0.0033168596313848555,0.0042012535879195154,-0.1304921596612033,-0.2850654190547636,0.000727258932437844,-0.2437566909228153,0.14592992110526604,-0.057196663541767355,-0.032035346171766794,-0.01830920825272755,-0.2999527448876484,-0.029098909051594086,0.008350071768288236,0.0474408795728236,-0.03825889164238503,-0.009624168977111252,0.0017891643409693849,-0.0023047890890911626
OPITZ-KAVEGGIA SYNDROME; OKS,0.0004245651404304151,0.025542168138092358,-0.008447102799030671,-0.0269457604173652,-0.015475185634013696,0.014734430212790311,-0.02824074252227664,0.022815629249750377,-0.1392826582705269,-0.020077510185448184,0.01268713195201671,0.012648595780972475,0.010976380921458233,-0.019182095304196324,0.019314058486251173,0.007659249677588309,-0.00338840431206166,0.004555535629983461,-0.02715352280743377,-0.01391899452702603,0.015798383873670024,0.024168027861069127,-0.00820217787098364,-0.008139705052252075,-0.00722104545744079,-0.01617166597971907,0.017317710391935977,0.016364098264401904,0.014989854471247436,-0.03058639557864054,0.0016211593843156505,0.02328069499378935,0.03236519411786018,-0.007508086143824661,-0.007817722681097233,-0.006526297826549036,-0.005224386420482813,-0.10351870792144091,0.012584946901800044,0.00747333851561733,0.0032969477733396993,0.002830207140756197,0.00046999430177952476,-0.0018482855884085555,0.00316990929755688,0.0003862494262809012,-0.002309361911441943,0.0028561552548942797,-0.0026286627705970145,-0.002947324487997287,-0.0033105248463941865,-0.029185439109948048,-0.026705994594460544,-0.019435934436783205,-0.004329506016557129,0.01042266403570029,-0.0003037832188433812,0.0007966267521128573,0.0019750936885331817,-0.009615988014486722,0.0184773027126384,0.013760076313868653,0.007793940256373498,0.0029397605222545096,-0.010989663173602086,-0.008381594911136396,-0.004991407338604476,0.0017186775363784376,-0.028123518728210378,0.004449411269680263,0.04266965999903918,-0.012435393119185073,0.03857662801618516,-0.002473696673276997,0.02217613889691176,0.017607404341508315,0.008012634959060213,0.00035440422870674197,0.021012356111746264,0.038562004915936005,0.02814094497003575,0.005058651247153809,-0.0013890737591556253,-0.0012104485710341063,-0.019535853315792235,-0.013763415596141693,-0.036682910013208794,-0.032205110826310064,-0.010670613932713603,0.005062749501893743,0.029075964405855116,0.030815898846634854,-0.023820554107955843,-0.018695810561311806,0.0014255004010775916,0.020220080505260387,-0.01118834490171494,0.011322569729636012,0.002518681708609451,0.01258072743275289,0.011705228027490916,0.018633139142382158,-0.0022026186351385996,-0.016392891385175443,0.029368517827095684,0.014931424988635816,0.004878418552963793,0.006701635123338677,0.008806097583448922,-0.023154929959464204,-0.015711050141303196,-0.01108831721936475,-0.011517726878002005,0.00782803124686985,-0.001462570736686337,-0.009562489807776199,-0.016277196946042773,-0.023513744449883783,-0.010558795492632124,-0.0010817686026286283,0.006551521548126709,-0.0025117110353433223,0.02001345996416806,0.020317924276372933,0.027852661254171244
"OTITIS MEDIA, SUSCEPTIBILITY TO; OMS",-0.0021327552014822238,-0.020307072627874644,-0.030836145956469843,0.004372381693107044,-0.0034213819105865543,-0.008530881070843674,0.01852469273765634,0.16858182885098666,0.009242668823970169,-0.001271245861416095,0.013685907143384822,0.031084071085513545,0.032288610158082195,-0.03760172649915876,0.01054746321905809,0.014738820221337037,0.01519274217311564,-0.002249957214383508,-0.031529156658278656,-0.0011225919501285562,-0.017215915905446015,-0.01027040545573089,0.010164105619971464,0.007446593174974301,0.004587318485306395,-0.00021056408807451114,-0.004847997609220137,-0.004095366393199901,-0.0032772807105308013,-0.03023724354222376,0.019498142785821265,0.020666508826358915,0.008725109214222681,-0.02550064145598078,-0.007734725420424068,-0.010457189660444411,-0.013232241773272329,-0.02598125102209727,-0.019418681821924858,-0.0209141473493625,-0.021028426011189278,-0.005451976752070692,-0.007324431172878648,-0.008853945081738592,-0.009171252046936995,-0.01071472214673697,-0.011827803008860095,-0.01865760190069223,-0.0054114939324009835,-0.007817991513020808,-0.01008101639173038,-0.03394242577534632,-0.004428296708256226,-0.008446663467574977,-0.009651225088422815,0.0008343233694711115,-0.013842823869596284,-0.012456057405561065,-0.009527864446153785,-0.0099322265387409,0.001048470674123883,-0.00027848371367015617,-0.0016403169157685907,0.00030098269109742884,-0.00035288616140689063,0.0005402335215786367,0.0016809386433960993,-0.029698471882316245,-0.02864382775062288,0.015401416769994273,-0.027204697120781413,-0.019561656801327387,-0.0015994651765291583,-0.02222874175817796,-0.040067055251410716,-0.03848877207719275,0.18148174944532,-0.17922594037975345,0.020146848565312767,-0.0015956935086863951,-0.0002038863881366434,0.020593572563640146,0.02891409397033916,-0.028616346451311194,-0.03448329435981913,-0.029453664574193517,0.018196981548316976,0.03594634682362819,-0.023137568843304427,-0.00809391672764108,-0.0059111684594331665,-0.01282061723373643,-0.0331868682838569,0.006480101259025963,0.01219684238916977,-0.0011935904585782021,0.001072187593675824,-0.016922711410417637,-0.028231745424196986,-0.013010217275633215,-0.015389612713232729,-0.008499590943044264,-0.020074857177750285,6.804309599725993e-05,0.14988509403280073,-0.024486912472165147,0.04739546814773416,0.04697327633457283,0.046914670029605886,-0.009369175321295964,-0.016060140710607507,-0.024351092201371705,-0.0013747341549364227,0.021678234493091166,0.04259910452260481,0.0016409658489504575,-0.01004848578162659,-0.013362441827240536,0.028152079376877123,-0.00649587545267407,0.0509679339596529,-0.036170851565776735,-0.005261252551883048,-0.00737465208551948,-0.01077543189987334
"OTOPALATODIGITAL SYNDROME, TYPE I; OPD1",-0.030749529271589183,0.00986897258819974,-0.2001775917018278,-0.04063106956047606,-0.15267065596085172,-0.002336343608264556,-0.012204465804891838,0.19525015327872508,-0.16083668153399158,0.008159069967692585,-0.0108785574596953,0.3056128385070521,-0.010475081010586201,-0.17544601124775472,0.31006430692486714,0.3206297101919163,0.26469439364406283,0.3664907304609108,-0.15957655303340001,-0.012871489851422686,0.02850661344012287,0.033318722300839466,-0.3158273166911277,-0.32901035782570026,-0.32162324612799265,-0.029292782964608906,0.020395346258520877,0.02450399982484892,0.02730212479672363,-0.1684791458638406,0.18639418015750658,0.3717576671284522,0.33962639799427863,-0.037358988318313816,0.03628438966776786,0.03896531722301195,0.04068918221584733,-0.03376252695886211,0.01950093762050977,0.015363750196550206,0.009991770540314138,0.030539323864249353,0.025322892489030593,0.019327336290615994,0.029283067902214868,0.023279627601814082,0.016275080695278665,-0.024478219216595754,0.035574151278080876,0.03453266200024326,0.0335495274864688,-0.21975650506880762,0.028013632509332698,0.04963556652466847,0.1719232526764265,-0.1440746709472978,0.012604129939068882,0.014698689433639523,0.01590841724676583,-0.011712260786100097,-0.009256148760871212,-0.014621398070272604,-0.018032814824655977,0.003081698334612206,0.012434378483655436,0.01666796506257726,0.02052541116599349,-0.26050760650369625,-0.2233759951391651,-0.021719251108584216,0.2629774951266603,0.04535785207739972,0.17856708605458102,0.2863701544390161,0.05055223798441159,0.058105332930735956,0.008844952866008808,-0.009973949149694253,0.03916742524182059,0.17722436187528592,0.25282464391207404,0.3345209882698943,-0.0005628446650982972,-0.010734545656068952,-0.0037290885274391264,0.008172825083171166,-0.014381395921485261,-0.04569708718896933,-0.10076753906002392,0.055650802263739675,0.03567447290614275,0.034009399625866736,-0.10958692553056215,-0.03684123972699342,-0.3072208821647211,0.0032269794156682533,0.16646728241633166,-0.022462133260930547,-0.24674212123022837,-0.014185064702834864,-0.017198319599435383,-0.005996441063519575,-0.010995254832000782,0.00165953088052839,0.22953971831238276,-0.14864451844917442,0.2550442368978577,0.26335932836532533,0.2689976484276944,0.013561517750563648,0.007922507822447487,0.2841687970299342,0.03806978557953691,0.00423984035505408,0.3689943861069763,-0.009807803941596426,0.031542481030460305,0.022297933536403733,0.2359550027253866,0.3259911348223281,-0.0024168350783731222,-0.03234057723055909,0.03907027974634189,0.03455889117736271,0.036073678334488185
Oculocutaneous albinism,-0.1965514994858104,-0.16377475934971283,-0.027006897646477564,-0.002858660094917948,-0.014980548183380243,-0.010402923325992046,-0.0017313185513468446,0.28781985709640523,0.0186673032899853,0.03002563101735195,-0.03596554284729427,0.36632102321726645,-0.009392703598405591,-0.012717768247003023,-0.3238031495378767,-0.3821882245257192,-0.3491506344933606,-0.02965233920400863,-0.032406916714294305,-0.0072924754197614735,-0.16830206138783288,-0.025051586731130504,-0.0013367171750692634,0.015697044365665155,0.031772558862464675,0.06181155567336611,-0.3698224075000716,-0.39767573115534033,-0.4169467103045511,-0.1521290374541296,-0.022768693949711604,-0.04396281861193451,-0.037456678026643174,-0.029657203488046218,-0.0002049020865208526,-0.004413408359690557,-0.009320243156455459,-0.01099400423620292,-0.034469335263720334,-0.030013804817619172,-0.024152894808908035,-0.005413093153867,-0.004348212693093377,-0.0031755221028014037,-0.014088688886936835,-0.01166270452677793,-0.008923857634667416,-0.027179389897275683,0.0004718031648351099,-0.001365878714916098,-0.0033237309285903465,-0.021201240404248967,0.02299470735599877,0.012628343161790598,-0.0006235264410397048,-0.0033746169113904128,0.0115352999970801,0.003272065779722286,-0.003287362933959762,-0.020308481699886062,0.005058688074061081,0.0040989997597079865,0.002664831686535644,0.006009682371065591,-0.04718486504245245,-0.04893353508290609,-0.047096023437789486,-0.031230888511257087,-0.030793613028361946,-0.02565222699702793,-0.012494900393025051,0.033590692732632675,0.36819472088661614,0.009394591851879465,0.00322412071457183,0.005075150425406674,0.4734451948299649,-0.36634571077058214,0.0033328211913685474,0.36843678289502746,0.0024564689212755527,0.19652094843994428,0.23194448322275085,-0.03438785331001535,-0.17554130956027247,-0.18288214905871755,0.029389040376190074,0.012410436405944964,-0.13320707720372357,0.24164490728822352,-0.0016583503493623147,-0.011544497957886653,-0.012568736037763702,0.0028720858627801758,-0.028230586612351033,-0.013291118341336054,-0.007974553630862035,-0.15498026932402448,-0.3259451008684526,-0.03795743461714852,-0.04395332651606939,-0.03065597092666066,-0.022711168121554052,-0.001144355471714713,0.021815271615427134,-0.025618704839538223,0.0419582943711951,0.04117602066159217,0.03975705324309713,0.016856478600871472,0.03398444659265393,0.1611178688646436,0.17432616299143122,-0.02930070812707009,0.2185577001191979,-0.001012352718577127,0.025408757711216232,0.044158644378395756,0.2062614754974276,0.012388785195779682,0.18122917790121804,-0.25109424198021335,-0.006549480781790707,-0.007893149983002718,-0.010602571534820755
Opitz GBBB syndrome,0.029787432242099007,-0.0021239778586300793,-0.01634863585965871,-0.1469350366207305,-0.3853705545576222,-0.16367426440601218,-0.1761413529099771,0.02828543804947715,-0.014763522226777286,-0.030198710093133272,0.029387709462703648,0.33194855728938205,0.0033708836362512096,-0.03722033463833323,0.013730003966716609,0.025145488621327025,0.027866898694431565,0.602186568254241,-0.03662354109954668,-0.022390163336736678,-0.3090041983059071,-0.03024443388999336,-0.3636939419547335,-0.3845852330714613,-0.37312484020573317,0.0049098065120678006,-0.0013571784400332502,-0.001318097555104311,-0.001262296021951901,-0.0323974049236392,0.25633456338723415,0.33560883023258364,0.22201997212810462,-0.02301178581795366,0.2644480004847052,0.26259145797904204,0.25515184306662275,-0.11550565488094722,-0.0006687884619382144,-0.0024974169102178084,-0.004337796706996821,0.014278392956093379,0.013060830164923818,0.011766106412161699,0.011540614068644537,0.010502586636853236,0.0086657552530586,-0.018298311302086857,0.14751922943899237,0.1451095653409377,0.04344204516311554,-0.03265887268908479,0.4489516597661871,0.49756767063008467,0.4147879365007142,-0.022101030343817114,-0.010196386362025432,-0.008500992997144904,-0.005916302292332836,-0.07319353260417817,0.005937067999138974,0.001575878115886733,-0.0028861148568689447,0.02134696753207603,-0.0016558883236478695,0.0008459852103628871,0.004392027132460492,-0.03909606074099156,-0.14224784850610547,-0.1389020315067345,0.31577067645255097,0.38928822918858047,0.40723669131913315,0.44054089268235636,0.49735073679598135,0.5050494110915486,0.42622344505230403,-0.28982487286235276,0.016697897461613775,0.40907957646550613,0.6060645673782443,0.6404320656121985,0.02274224437643681,-0.1892354599209602,-0.002328115246796655,0.0016815766261188984,-0.16546028417869946,-0.4208579012490835,-0.027950834851213874,-0.015589793843146557,-0.004805247922017172,-0.00304503851943423,0.00043100249496620007,-0.030303827747847865,-0.5519785018402126,-0.1281339529529544,0.3811275377595592,-0.22462710942758607,-0.03165072936464748,-0.1653629810172454,-0.1680807480525765,-0.1475489964658306,-0.039059434430147894,0.019693609047197445,0.2230298787667282,-0.025978296806834673,0.22549982491048068,0.2341497606019642,0.23956713831069,0.022230851166060744,-0.03441951817887571,0.5519852823367463,-0.04043885713001841,0.03097950830195748,-0.00901045663789135,-0.0361236587822231,0.2738014701075739,-0.012730835890802518,0.017068061225965173,0.632009514518736,0.5271313488446355,-0.24820270391118038,-0.014364440773335803,-0.02837636867167368,-0.013988791310532758
Orofaciodigital syndrome,0.014346559124277377,0.016672985882649635,-0.23447891531041273,-0.033124292347716286,-0.037621590370086784,4.071327880140416e-05,-0.02214680394078919,0.188030754871781,0.0030408846757422154,-0.04101447203632293,0.03754168553083154,0.1528666054659522,0.05044659585476905,-0.2335782728590805,0.0074655102676528555,0.009845492545275723,0.008698870015793137,0.29473555337676954,-0.14078095266885982,-0.03189066518793633,-0.03532597167756058,0.0065616321504222575,0.01130915173423983,0.011653158051316104,0.010398917623912523,0.018829110595775578,-0.0067481950632570535,-0.0017621386524613865,0.0026297152564203003,-0.02651339040235947,0.02302430047246229,0.26886378554943635,0.2744472887316715,-0.002311875666903903,0.030203700373900147,0.03516884149162535,0.03894009964553557,-0.1317984649900616,0.025237098333544945,0.022051116286904694,0.017713846541029803,0.025620020683526163,0.02441402268640385,0.022204207469199284,0.02861607350598696,0.025670834697568697,0.022259230455571957,-0.0008290417264241134,0.027901717206307405,0.030298531004439994,0.03251356489436848,-0.0378261769001216,0.013247190852225704,0.033975843607646196,0.04096551945698824,-0.012881994027855686,-0.013419131779037505,-0.015231003311757543,-0.015633146932482397,-0.019934387251819466,-0.0017406517454038692,-0.0063034166976824145,-0.010686817283687618,0.0020192753969372223,0.007010911176316265,0.01055929324869038,0.013990808484760428,-0.04617899617238825,-0.03943085709208588,0.015738005198738764,-0.0005384902745140533,0.023811093463069002,0.012003655916140664,0.008629108003519492,0.0033932035830756225,0.004945182281894948,0.046055681579339154,-0.00720684473242459,0.13909478085055335,0.012101404673386511,0.2514991171801454,0.2996834572297444,0.0001833928346774455,-0.00674008794214808,-0.2514760294870379,-0.1706570728398038,0.02043496991029862,0.006550173601951172,-0.032325425232605204,0.011486484820024772,0.016740352021274933,0.015551986248042488,-0.19867001198221249,-0.025944278207092938,-0.1671725065654114,0.0047765098510856715,0.04584118941645771,-0.0021056958974974235,-0.024066373505554163,0.0017932277009650467,-0.0003224902816420723,0.00590992087205889,-0.011662655094688643,0.010607312497932021,0.18702701823719584,-0.0170308479258851,0.3009791838261003,0.30660251337978955,0.3097853565961365,0.004050911666826538,-0.04073914883271681,0.17344201077167348,-0.029072750314019527,0.1473951419212328,0.03282786149274563,-0.0012085137284184007,0.02713532976068201,-0.021506406709333913,0.0296572029884212,0.28670739217748725,0.33722581049041456,-0.04104046465671712,0.015110278077509335,0.0151272418649125,0.01626027356778814
Osteogenesis imperfecta,-0.027227380797128976,-0.007994455448390895,-0.17120340765370498,-0.03437328716741003,-0.36466734451539984,-0.22769502279689094,-0.28988223606713703,0.01882090148662501,-0.41801102672699325,0.02186773153410627,-0.03913155517900627,0.2405906659836283,-0.021187075598096343,-0.24164683188472547,0.024053053219353162,0.029054875710000476,0.025454588722923454,0.3341406415577625,-0.32281501057273937,0.172954419094251,0.38325804746717557,0.02901939132989599,0.002030492518057214,0.004055771458321835,0.005634316762395426,-0.104021980279825,0.11540164721722593,0.036205925722710565,0.03581465688807817,-0.2833447946835603,0.36902565751309024,0.46370357750926583,0.32850745436954676,-0.12044769831507754,0.28808371499328944,0.2754837866710055,0.25704374995281754,-0.22761429393509405,0.17181632776790945,0.05044801066805691,0.04494149236329768,0.044409295973012505,0.04223520730825333,0.038682917379011465,0.043563801931519576,0.04105096657837567,0.037024353744646736,-0.029726817601793992,0.24777987646413105,0.23587413433047094,0.22059298302761376,-0.27656566588168563,0.308991800295586,0.34831680767112333,0.27789914007971767,-0.03734554917462385,0.021591828857120517,0.02074036125374678,0.01817441570997271,-0.029774179265572878,-0.0050458113865319105,-0.007908112391849942,-0.010124576573100843,0.0004666635116452706,0.010466804222360352,0.01326886600635083,0.015484216467594887,-0.03725034527622135,-0.3379228504475223,-0.016486661189604408,0.5047446530721449,0.034097451584304425,0.28884878289968147,0.30567007938610996,0.48839773874893166,0.4761869918270104,0.043218658471315584,-0.011537623424629353,0.02932489670065541,0.28738458097040076,0.3202578085399278,0.38930920639696726,-0.0066740886244470434,-0.020520043636674274,0.004806706928764644,0.01528404933703028,-0.3956625004209928,-0.48956877424880485,-0.1824101914909369,0.013468597897139212,0.019528504214390795,0.02493697745125829,0.11321400546323022,-0.017206650315439418,-0.4152520234549454,-0.03157252381079623,0.22515374472630756,-0.03219807940816646,-0.0629002589464548,-0.0342644141927764,-0.03003352879681606,-0.00919629030737881,-0.021581880828621496,0.021657372694253257,0.2929987437739334,-0.028043876138834134,-0.0018537405293534961,-0.0031777990722917458,-0.004628674271935642,0.05187778088250628,0.03497559987042028,0.32338034134155774,0.18859724896337093,-0.028143710102951858,0.29416124534983307,0.021096391133050823,0.19983703611139614,0.2332875116213054,0.05692051515723667,0.4252850155580163,-0.036494715888291215,-0.0019023219068672536,-0.002259709766508259,-0.0031293411969339885,0.011422083337078377
PETERS-PLUS SYNDROME; PTRPLS,0.029483179415005046,0.050075315779826,-0.03286760754039071,0.0026933605718794614,-0.02629465332617699,-0.028459553975671213,0.004935676665066385,0.1925446694845494,-0.010094636980024819,-0.18246121309724228,0.18400868432703427,0.0019865281538677124,0.0018339385890683722,-0.03956006204007235,-0.0009778246984190502,0.002959217795279545,0.006682118750642892,0.017587871977701012,-0.03677828808830048,0.011942870388890357,0.0036605261156551893,-0.008350760834214833,0.03473329895433703,0.04396349254314076,0.04722001931462863,-0.018776243207534855,0.04693848855726943,0.04661760273976725,0.045892631296966246,-0.035410329683743115,0.016220370066362306,0.008027674796010551,-0.0026213342211194005,0.025067983584751784,-0.03067363221415587,-0.03666136829377741,-0.041760639940995055,-0.014203760722963543,-0.006262849719372353,-0.01092889835361721,-0.015362743702613719,-0.025392909736591123,-0.030581785672248677,-0.034081919422506206,-0.023495392600926392,-0.02884562430976758,-0.032211799585501334,0.03237525522708311,-0.029840906060654135,-0.03524195830033228,-0.039790491430638474,-0.024163975708828722,-0.027126762971909676,-0.04396419235613269,-0.045875009173480454,0.025073592352905898,-0.045229880975290515,-0.17347975221079134,-0.1910329779340911,-0.01001837121923459,0.015739490361463493,0.012152739688572613,0.0072706995349976836,0.003079035798359079,-0.00828723778186459,-0.006352183308001886,-0.003491439177723961,0.04485103995991418,-0.028468259150721965,0.17532571551042278,0.005905933040779437,-0.01127437728016763,0.001236352740374858,-0.00445203796121476,0.0024507712876453043,0.0013497950476413477,0.006827817596920838,0.02761506875452659,0.009190048339486546,0.0012432031979317912,0.031032662210871267,-0.016582671993830587,-0.020697183011901647,0.006573287591438981,-0.008072844750129156,-0.005407938317646267,-0.013389605990923446,-0.005579643158108633,-0.03006931349775393,-0.01660338156350914,-0.024821507022083394,-0.03331573515466246,-0.035859835510584435,0.012566505014618104,0.0016138597023711329,-0.011641866003783375,-0.009985276589189934,0.00021089627285705642,-0.016316611874994662,0.00330585313910454,0.00031137139196709014,0.013619389098280194,-0.016963682892424635,-0.03465767363823624,0.04348031121964049,-0.012450381226752063,0.008083964853856688,0.006407704189521346,0.004469403452225755,-0.164939354165317,-0.19460874303538891,0.0009386532159971839,-0.026802706316331665,0.16288545457222106,-0.17071298555849376,-0.1747763601596838,-0.03915557079802558,-0.18546734252893335,-0.030345412829491707,-0.01580200051465007,0.32235045271863844,-0.04249807912111933,-0.017208147365301293,-0.006751623985426974,-0.02374468472130739
PFEIFFER SYNDROME,0.03746056066991951,0.006828298239859584,-0.25178902251606405,-0.01840443977321604,-0.036139871146116866,-0.01506977091923536,0.0013780331194530294,0.31687186274841694,-0.03443880066792456,-0.04275497068553482,0.03526735070736169,0.03249604093210276,0.0039305443818978105,-0.03247101969209839,0.0009321268338415002,0.007994661164389497,0.013012981781968337,0.028818527816529372,-0.16781168155701165,-0.0030623258053821913,-0.007072462178864149,-0.001121899905100174,-0.005268485108357965,-0.004223296988723343,-0.0025938264384206262,0.020638149173342717,0.18334138787569654,0.1884717894993006,0.18848027556823155,-0.04329415590566227,0.006917075183654049,0.017173621288477135,0.016980846233766445,-0.001611642964303813,-0.03623047188571844,-0.03398456418261292,-0.030815441504730562,0.0024367409797643336,-0.034183497268192545,-0.028218702844373517,-0.02064850638256606,-0.13789990122866738,-0.03989312175861261,-0.03491022287713916,-0.14025973981397793,-0.039961387258408344,-0.03453769827737777,0.016003628631919762,-0.04002016838891551,-0.03707301878198473,-0.03332249804138852,-0.1446399220512267,0.00628779892488276,0.005348401928898714,0.0022271782285868155,0.04231542393458425,-0.20309553029562633,-0.27076669663344594,-0.2656714878628744,-0.005819935352663473,0.1346904259293484,0.14179089208259132,0.1353604872977316,0.004893429168112952,-0.10509641425320587,-0.10975651086241692,-0.10761427987245797,0.043809775126151335,-0.1533258818887836,0.14484492897413137,0.033306583078071536,0.021945786527752826,0.1793774034616067,0.0250346901947882,0.01719284472276222,0.02094327729675796,0.05445742064036238,-0.041520639118878974,0.0053479470393383854,0.17942510830820693,0.06035944696432082,0.06227807257063425,0.03633145677925779,-0.002744614916383409,0.013267903060664868,0.01641298388040254,0.0005355785760942129,-0.008803565011204235,-0.12271854784551339,0.08315737877130319,0.023608534042414118,0.013697787895512403,-0.14250469224226214,-0.005024869608703229,-0.020039027845214816,-0.002936145113032371,-0.0014953011428571932,0.021119067697956753,-0.03578761335127153,0.027604868852779768,0.023594507080184596,0.0429788076908905,-0.001141263428328234,-0.04759307996180435,0.2342606891657873,0.0067201095323114,-0.004369232357769803,-0.0025649346480514108,-0.0007408948819901048,-0.026758037172723154,-0.039251307279053356,0.012875585159048384,-0.02742989472981074,0.02265627133083494,-0.033289491673581514,-0.0231440626207106,-0.006396189005763714,-0.04370750758860932,-0.13966933283960156,0.03783721271845237,0.25281247126582773,-0.005633502935451573,0.007821917053689594,0.016211656726757437,0.015507231135896618
PHELAN-MCDERMID SYNDROME; PHMDS,0.014217378075684114,0.021439405632423785,-0.0332931124648241,0.007060310229893624,0.005977964908593541,-0.0017969076615382445,0.0005989000131450238,0.053065776739579566,-0.04215220392214085,-0.011393265242844671,0.00434791982044438,0.025332699492560125,0.004315693953470592,-0.018094670426940695,0.042421714694458684,0.05304267200432457,0.1592346088561695,-0.014910130073711423,-0.0158696430631388,0.028688725538549,0.054512147860556776,0.006292715257265279,-0.007699271060547352,-0.0059595194643208985,-0.003469386794596767,0.03181309235358428,0.029207581306940785,0.026607790762911317,0.0226587922842143,-0.005868082158849996,0.05258930813962052,0.19496976253759937,0.03227022922545391,0.0008713201831366601,0.00794074325153797,0.0069178846551175045,0.00574554373375435,-0.010122329841617234,0.016097762947645533,0.019160569355931398,0.021027155203055797,0.01185397392472202,0.01330709300763233,0.014245394851097621,0.012069500650505533,0.014199151286523215,0.015570693644071926,-0.013171013295309461,0.009733889243522422,0.009460828405017595,0.008852196399868914,-0.003422521759406254,0.0025290318667302025,-0.007344327171307501,-0.017141160579431835,-0.030310296949510054,-0.006769638512194677,-0.006952262143133725,-0.006682683402763505,0.001975364891052404,0.0007036767376354605,0.002185562940424641,0.003498809227640848,0.00500470360845108,3.5493163515826944e-05,-0.00033739141128528966,-0.0007036779629295831,-0.0016052944908028996,-0.01642975241780432,0.01700243984830379,0.029012087710780517,-0.020241513950636364,0.01554711187142274,-0.02134915853880214,0.0033214911916681234,-0.0001809017948716863,0.23983352851883014,0.0113876085303381,-0.00920143504458383,0.01531721056176559,0.016790196210163946,-0.0017355133419535947,0.0003159115617424157,0.0141789247920786,-0.018612063528917863,-0.02717811176763206,-0.02299387924494946,-0.00819308061054444,-0.00655164154106786,0.028260681600377504,0.009233781898882928,0.0034347834286078726,-0.019886677165594654,0.012546080761725998,0.006737255453189892,-0.009745188223244884,0.003686307675745024,-0.004809590033089231,-0.026907182631720424,0.0001081009124421399,-0.00355640242554448,0.003784897464916716,-0.021434527672866244,-0.002849804895457663,0.014362885439074671,-0.020152464879296093,0.010004627374878908,0.012323513716340618,0.014800905652508523,-0.015129565599440493,-0.006304664407829361,-0.01902303584062691,0.0036802288029454625,0.011288581042850469,0.033958549368385,-0.007869861668560497,-0.01835869890801575,-0.012535676985564148,-0.007211663939451067,0.0012991278625792847,0.0025041779906389092,-0.041220399188488424,-0.01157515364758354,-0.006321032852345596,-0.0008052478821547626
PIERPONT SYNDROME; PRPTS,0.010739852148372633,6.529710870566828e-05,0.004836392908424637,0.009717663893040565,0.01164355649854639,-0.0012487763414561872,0.028305628432196195,0.2974833184088736,-0.019121365975245747,-0.005111218689890861,0.02119589322852409,0.019392257291691698,0.017456595744010196,-0.004907057445828634,-0.02729946519064813,-0.025153952079769837,-0.01712003031253096,-0.2188058186931579,-0.004625003281036343,-0.009176259819695708,-0.012487538044120181,0.0010482008504985644,0.058344615237939934,0.19769437805864776,0.19181029073465658,-0.02766152942272714,-0.0004529504526207002,-0.00020402389158304392,4.036300675334527e-05,-0.00459603673113305,-0.03440842173369891,-0.027360071591829346,-0.005454770783268899,0.034045242956522545,-0.2895721931999779,-0.2908575308115633,-0.28456785405054796,0.01809948797774046,-0.23741379900704326,-0.22481743944831767,-0.16160939602895663,-0.26934615248800703,-0.2609245871780301,-0.24565313715254292,-0.2701200140661924,-0.26172052139238955,-0.24475627304983094,0.044075653742894155,-0.28764066379789066,-0.2832506093656335,-0.27613780101560675,-0.0014396963675139313,-0.15873747506460636,-0.17816579553515327,-0.04261493842228491,-0.012583671902467312,-0.2810573084059544,-0.2927663284026648,-0.28629708562455414,0.030661354413276054,0.044135445686130696,0.03994177371909524,0.10066171151972708,-0.05126944813793302,-0.13432526446917145,-0.11716287573074079,-0.08681632403297118,0.01561978687229687,-0.006997482599363661,0.047210596949585244,-0.00930567512042907,-0.04307264175204256,0.028675399081845084,-0.19051628780044239,-0.044614337120586496,-0.0495953020490733,-0.00020271003014660327,-0.026462016529015336,-0.018491087164734465,0.029185345682921818,-0.03134907887257906,-0.03451627085217878,0.016538402268682237,-0.0042802316643625465,-0.011672127556029543,-0.020887937390115276,0.0045373567949654955,0.03796643037956255,-0.0231166496358721,0.0019334306617602576,0.0005128100098159208,-0.0032110684138030076,-0.008130896470500002,0.007564222642695378,0.043248430687743915,0.004881237197115804,-0.022924010237319194,-0.012394435297913182,-0.029927198622995047,-0.006681855468703488,-0.011084038550530603,-0.0063748058856172496,-0.017692103178843437,-0.005806815351644731,-0.0008972389219424568,-0.025217054633765792,0.009119586639007549,0.008583780772018023,0.008433299758172917,-0.01892701832630579,-0.022565633130298572,-0.03688922431491415,-0.011897495091939814,0.019115590015113842,0.01195684458169795,0.012310874402425329,-0.012950993492353359,-0.026639786568610657,-0.01600052680589565,-0.18924451583263502,0.03936738460153051,-0.15550119658998363,-0.006651239937144184,-0.00813383517551561,-0.005275473979055534
PITT-HOPKINS SYNDROME; PTHS,0.012988975290448965,-0.17517144990658415,-0.017236964303302762,-0.0022394671944067877,-0.020324062091988487,-0.016207922432727447,-0.08428374376034098,0.24180450096596157,0.026318400602280644,-0.02785186791854345,0.015743340831042573,0.030290594866444302,0.01685065572972927,-0.031246132055156438,-0.1654389699344342,-0.12309601389224217,-0.02505605861234575,-0.0002513906614974809,-0.01872899519253206,-0.018521419913797223,-0.262600181211731,-0.025040282650635577,-0.005508303115686584,-0.010194056821612786,-0.013829154990910883,0.0017900794895322073,-0.24161937993421176,-0.23406583165980813,-0.2210653901584992,-0.004950177097762849,-0.00621737916565758,-0.008288596591987302,-0.00490804397065104,-0.02315785592632442,0.00496171612538109,0.005202591645821878,0.005391636362339784,-0.009409888302574216,-0.020935529933091782,-0.01832469457820855,-0.014659746773574888,0.000479671364661175,0.0015253280885050224,0.0025688896305884413,-0.002320481540601135,-0.0008204852223350519,0.0005095226119791796,-0.019842175958856526,0.004811996982975841,0.00507874580407332,0.005296091947731179,-0.01887080516708828,0.02300914014595391,0.022438113258584975,0.012919598023908149,-0.00958369517281882,0.015221650375620815,0.021306245598929404,0.025049962236523664,-0.02422263082474089,0.003868932157260591,0.001068002379645229,-0.0015061885333855292,0.005131971238152724,-0.01421115487896692,-0.0009735323607160659,0.002637636830603308,-0.017894098289648018,-0.024826423407295448,0.002334012697174584,-0.028365127050241665,0.014274073238030005,0.2115726989338304,0.00395358741498045,-0.020261941813834082,-0.015314123327690278,0.04930577081837214,-0.19329169643527977,0.018442212619061916,0.21103226477586268,-0.01628791539552315,0.024365382966012976,0.026904482496541395,-0.0157971670290623,-0.23988559879331758,-0.2306190129468269,0.10568655664258549,0.02876978927273801,-0.02383266067628871,0.007068945707303372,0.19428220560152198,0.17367323015052039,-0.02158755193418706,0.003596223504847848,-0.023426099737931534,-0.012239094778357615,-0.004078981477969904,0.10351901718020509,-0.007318530214521303,0.17079898344721878,0.10978513462932374,0.08898855962484511,0.013493740121055475,0.011576229673576542,0.01827000302388939,-0.036336184086013475,0.19781791519514508,0.19855726927974965,0.20008859008921573,0.00015592344114931478,-0.016551620995979423,0.024249353227558314,-0.013567852979297003,0.016821396454630475,0.03583258919274686,0.004583370085636481,0.016614286518980507,-0.011280221771317395,0.022579135287776685,0.008173150050808738,-0.008323035139925654,-0.12092509529830867,0.14390786658992566,0.14122485855993644,0.16775402965233566
POIKILODERMA WITH NEUTROPENIA; PN,-0.002071983739044222,-0.15424339139165294,-0.1530217334074002,-0.018876362082014386,-0.0033991188136497335,0.013833079262038203,0.01363257644114712,0.2676342854927831,-0.030450140139078798,-0.0010480245974354627,0.002216091650264043,0.30958701440348135,-0.007692765858969365,-0.025485149643047558,0.01183810787093127,0.007544746122986723,0.001860139344027228,-0.004222508587589616,-0.0313803382322415,-0.01988789689273794,0.005139431187550246,0.023948484562890168,-0.14772866893228545,-0.14250640123671085,-0.12581767762496412,0.005868508005074608,-0.0237914611800619,-0.022783541917424207,-0.02115404787791196,-0.03576674948818507,0.017509456642683798,0.04852600200796242,0.15871765015034967,-0.024291167948429504,0.02426530776731032,0.02715168107690711,0.02962777591006261,-0.02481158869967442,0.00421331950006853,0.003200647733217147,0.00215164400885904,0.005068564748271015,0.002754202272419204,0.0006442573468841443,0.004307001213697422,0.0014471307510152654,-0.0009616929554399534,-0.01841920537756025,0.016578060157580586,0.017208298259630033,0.01762259945547107,-0.02273896055383503,0.19138401233104393,0.2798626160332705,0.26281063895744416,0.004355333897408446,0.0016833326040369947,-0.0029955191274373097,-0.008358477460303012,-0.023324011554358502,-0.005453981666253089,-0.007870182198543107,-0.009970357637146,0.0018229202376572374,0.006698189573795793,0.008318401187808083,0.00930710636308493,-0.1720722363805216,-0.1251442166404494,-0.008437363680735046,0.029086631176312633,-0.0028135334599232132,0.24803137472050737,-0.01898329238588791,0.01799436574289284,0.010081697156343026,0.04444341519738489,-0.04130090744037254,0.015034804926519965,0.24713205495815194,0.014965700746654105,0.2707564568109628,0.01954534533301739,-0.019173602612255845,0.005496562857381404,0.01144438858086199,-0.017980195804418477,-0.01784730135689316,-0.16154615820286686,0.23585700002186819,0.004058671567703442,0.0009904295283937115,-0.02624928335349055,-0.028074621596872237,-0.024869699667442426,0.01853712497187512,0.005403243019087099,-0.03164850684047195,-0.23590064923528553,-0.0212098950556526,-0.027080444269411877,-0.01479982785838039,-0.014536538335207428,-0.006728282244485635,0.1363725048062304,-0.026727758218477622,0.2461021023770413,0.262785121286279,0.2768795562470488,-0.015532277647945434,-0.004356312390644588,0.002854872846274143,-0.001001192947137764,0.017338917234357352,0.17127126712596652,-0.007926865178904792,-0.004070777836539098,-0.018260806756566047,0.008522348131834582,0.2777605840277826,0.26139044655468563,-0.25873454545342733,0.013119426798272039,0.009668684482445906,0.004551737224209094
"POIKILODERMA, HEREDITARY FIBROSING, WITH TENDON CONTRACTURES, MYOPATHY, AND PULMONARY FIBROSIS; POIKTMP",0.01713589219338024,-0.0026412477222891597,-0.029507584242560565,-0.02454652075839191,-0.03515247888195968,-0.006007731864292556,0.008287135988959422,0.18269058018336035,-0.0012212783723735629,-0.04359709888994887,0.037252420835251314,0.011087401704894752,-0.006341634649749748,-0.005393365816839934,-0.015650569830686533,-0.025133936267651733,-0.027350834489140673,0.009509475975397433,-0.0380918954338989,-0.02186015432268326,-0.036788070651202064,-0.003241103320445903,0.015654899514528645,0.01960639305963741,0.021597674437225347,0.030547881354078342,0.0061629911109982545,0.00423928940305341,0.0023517888976589555,-0.01512088732132574,-0.0056522567584909285,-0.007094511548113562,-0.004179775902953453,-0.024355482529064793,-0.01308269448367593,-0.011323016599430509,-0.00922260775498453,-0.022058324121732534,-0.011014041908778876,-0.01328617298727627,-0.014841351601938068,-0.015012571751256162,-0.016168627561324592,-0.016435979703975007,-0.014938441228832602,-0.016101953921628467,-0.016691396106694987,-0.013773865903209514,-0.01419180924051335,-0.01325522996667424,-0.012437286373442215,-0.0380948643112111,0.0026672301347527086,0.009848815781895847,0.01399575612001148,0.0005627798173911759,-0.031389407422990935,-0.0319219880015875,-0.029123891868194206,-0.00023350876700586334,-0.002727374556173117,-0.0024925971999300548,-0.0021315416164607776,0.0026553575664326804,0.0017675309726741333,0.003475694342618453,0.005187973825368405,0.036312205175296666,-0.039726790463102624,0.017197071708414752,0.005684972496166912,0.015378733832060534,0.02020546275627182,0.008312599772009984,0.011570590028762123,0.011454340184197134,0.029735168420338937,-0.008757832113659453,0.011507859016880333,0.02022534106954086,0.013370448230204718,0.018955309102810736,-0.0022102211893713737,-0.013268818147241066,0.02234598271300767,0.029050626143797453,0.002413178628272674,-0.004488907049109116,-0.028196940304168975,0.025363567559725502,0.0030990513626693314,-0.0009473564596504346,-0.03484003363496249,-0.010926139267802188,-0.011475385281221995,0.005354567571570342,-0.007386629345997643,0.0012365123242432917,-0.03182209041254377,0.007359986865902922,0.0018338669367303595,0.020656956702946743,-0.017373860410176033,-0.028787235438978657,0.034764051746303,-0.019716198440128462,0.007898415036767427,0.007788582561893945,0.0076787542817386535,-0.04034095555221069,-0.0406342979588089,0.01180103629925099,-0.006757641318093932,0.028491405637924568,-0.028849900172040577,-0.16756121489987094,-0.027797872300397982,-0.038880802790730716,-0.008616712314850769,0.0168746682336576,0.25300463632649745,-0.15663289431891522,-0.004534267348543714,0.0011995498056505858,-0.0001061429365260907
POIRIER-BIENVENU NEURODEVELOPMENTAL SYNDROME; POBINDS,-0.03712737494968777,-0.019352329640352047,-0.00622246985488832,-0.02622503228404643,-0.02478274770806754,0.0055531837530724895,0.02027729094557843,0.04113365215613064,-0.0013025799623016987,0.03497667651000846,-0.022949047849357095,0.00693434135049742,-0.028345345255940787,-0.009486972192261599,-0.007140499481946984,-0.017051485949180715,-0.022780509214211885,-0.017098302569936292,-0.023688315504233913,-0.02484405870434581,-0.01868936105632216,0.007396802341169793,-0.04298843484840095,-0.04039287213380961,-0.0344400982579284,0.018834492518426567,-0.13461196299142777,-0.1385925774787779,-0.13688761964381008,-0.020458458172564687,-0.03210079452973921,-0.022385422325093437,-0.0011562187756751546,-0.022879333822032978,-0.001201117438625438,0.0006847105768379669,0.002605715900954557,-0.02887152617004876,-0.002313942046057973,-0.005910394603766384,-0.009264125396787413,0.004036056979034175,0.001921498338070093,0.00010218836531154166,0.0022377726617268706,-0.00030905306767325686,-0.0029954091818246934,-0.015305427679662172,0.0013596282295238985,0.002017617360821736,0.0027301791930005675,-0.025557971147276613,-0.009767982773274347,-0.0009678180086999518,0.007073281690066012,-0.026008485024008186,0.030855333339120303,0.03167819163873016,0.030070298184355453,-0.015101497259970448,-0.002519237840456942,-0.0038300381305430755,-0.005099860003373633,3.887575798479919e-05,0.0032890234498387043,0.003985351053268663,0.004482626268957474,0.009024912237988333,-0.035697826431281804,0.006853718656841232,-0.005763916294551956,0.015651081628166058,0.166552310710821,-0.0016452442032046885,-0.012287386568022817,-0.010153311724592605,0.03946267774284968,-0.006999648097989254,0.009004464511095359,0.16656538312098376,-0.04155602522042725,-0.018292611789383007,-0.002446275755586711,-0.009745623315489496,-0.1225352098724878,-0.03753206298096787,0.029352263465767033,0.026137347193757456,-0.01839282016444113,-0.002428074295409592,-0.038855902886445186,-0.04126021756305078,-0.02385056860560139,-0.014243724142957982,-0.0006358133691897062,0.015295251575038724,0.025642590146770398,-0.14378926729110766,-0.026303899926701967,-0.14507785124687192,-0.14376224338523122,-0.135611473117827,-0.1306964639340919,0.031696871204890655,0.021992448266044164,-0.01700567751033924,-0.024292228879440252,-0.024966432514831154,-0.025908105406664085,0.0058843903915320826,0.020960051668663895,-0.014932649838030372,0.005206725710315896,-0.0327321525151922,0.01243594640886661,0.009957904982792747,-0.0016608769672896788,0.009279124146262505,0.008104099630642802,-0.02064166197032563,-0.004683486549038,-0.03912769319861748,-0.032764766087444865,-0.03582396519919637,-0.04056379822056593
PRADER-WILLI SYNDROME; PWS,0.16475449370290138,0.312014486557114,-0.028768274542683814,0.0030629843828190568,0.02006108552395948,0.014628347943574217,0.006241721538142137,0.4025718121285671,-0.28356779548581396,-0.2239400006786103,0.19067566901381497,0.0042132163285980035,-0.0021609685229821546,-0.026896639723641976,-0.01403888612690023,-0.014562307403268186,-0.010461494383346029,-0.3435122810604001,-0.021141699595732696,-0.0009801342382070258,0.02455787611644693,0.017216780839886855,0.008315025742203963,0.01204475929098787,0.013984743224764564,0.037946700199602036,-0.02620716144511243,-0.023810093593686462,-0.02057587515261691,-0.007386964646997076,-0.007130063430247661,0.002704619815112088,0.012779752036535098,-0.024842520892147186,0.009015222050088258,0.00939034320859027,0.009477883909680955,-0.1094873748373316,0.25299934319158174,0.24159401945128964,0.21856139053337442,0.1310036423356763,0.039196512766292727,0.03592860285760631,0.14181759842820837,0.13520802505949645,0.12183888700406922,-0.02694067723726686,0.02227198306475977,0.021567123564816458,0.020537054264188028,-0.014534308691568265,-0.21399814065825049,-0.24639191970186117,-0.18850363650708116,0.024797318516524832,0.020707903060270278,0.013953721039982287,0.00586556317289629,0.0019278736603318056,-0.009599299634211383,-0.011940113604952248,-0.012962403845443017,0.010126179239916527,0.010732666547887125,0.015247977382904773,0.019450310011190134,0.02503005776883097,-0.020065529900172303,0.241690489339398,0.11755201670858549,-0.02989856628523309,0.3547484975570184,-0.344845072816906,-0.017497860329337797,-0.03497626436547876,0.04061002482965714,0.2950675039364782,0.012512631797687126,0.3542956382244319,0.010403011780572737,-0.2602589468337127,-0.11989578389315443,0.10307178330417532,-0.21536176235012042,-0.20687298605453455,0.0033498753030765335,0.026706148595634457,-0.10244988746557174,-0.01534450269089959,-0.02684879038460162,-0.11706146205599338,-0.01858010206699805,-0.0021254315523356313,0.10693481070119654,0.014328323751209243,-0.0002244607169079987,-0.02059230481128472,-0.036379904137152905,-0.011017330369690544,-0.020547849112462425,0.0017433699410523726,-0.12816075438787694,-0.005194830820537452,0.033107475595287206,0.0032221205632688406,0.00015367086456170192,0.0022223199462257422,0.004682922225041676,-0.13380739357210267,-0.1964673256670293,-0.25354720270130643,-0.21480769685739595,0.10283628157448695,-0.03444184637636922,-0.006952279804318483,-0.13343893684641267,-0.2746961630225846,-0.12221855654624542,-0.1499302385104638,0.4050622148122229,-0.3873494458540162,-0.18726124841537914,-0.03237294122255044,-0.11737921081069427
PRIMROSE SYNDROME; PRIMS,0.1302959675441381,0.1267931305906469,-0.03184286551996612,-0.021272227614822784,-0.012709944997554843,0.010044123016196886,0.025342166366939763,0.3786751513060596,-0.2059926115523654,-0.204122938367001,0.136434298688048,0.007701456880470934,-0.015696837430455607,-0.12396132422981763,-0.026744266623108866,-0.03040839158110577,-0.025242234907266525,-0.2728223441759489,-0.1541693140165853,-0.014698432028623422,0.0051614953656239195,0.01920429880795209,0.1886876347693048,0.20253554728815176,0.19745637643698832,-0.009049031674587012,-0.013204271417400867,-0.010480617495964427,-0.007702869963434801,-0.03529231320098949,-0.02860480370634958,-0.016837950345459114,0.0028634660958158954,-0.021206314893014902,-0.03434624557255377,-0.03405035129253958,-0.032850015489079024,-0.0200864051722233,0.010342490422973999,0.007124975494130003,0.0038544826441580153,-0.005516789167304485,-0.0074318356031936325,-0.00896295980622412,-0.0033864906049906763,-0.006040631992378375,-0.008523506501120817,-0.010388054003710215,-0.02413580333370212,-0.023901406625073465,-0.023900987292210588,-0.03406281758517869,-0.27887436873657745,-0.30518710750614825,-0.22842603878667997,-0.0037787821473211527,-0.12388033889414406,-0.14919995386409546,-0.16060005373687625,-0.026744687810533192,0.07706316633009783,0.07081705843352794,0.0461433957382914,0.0033227453293470455,-0.02394004484345373,-0.02431965355946219,-0.006842839828110621,0.18346790479967945,-0.20599430793132914,0.20580583672055222,0.030367077130871917,-0.20741424850359924,0.2118552688083416,-0.33683146365730937,-0.00027411753897214853,-0.018394143311987313,0.0010873469859721894,0.011089337817616635,0.027781472944703352,0.2123807651470253,-0.01915317846072627,-0.2331709379661782,-0.002425052447561325,0.0062064342439779015,-0.25989814295970404,-0.23674849220387012,-0.03720961709436142,-0.00556272261691065,-0.10148231924000994,0.024340155496659844,0.006299744675371427,0.000195965777796717,-0.219640268796531,-0.0035924473730704473,0.25029650710696977,0.028801744192122218,-0.1447994859232444,-0.003273534388277043,-0.09927214758733746,0.002677035033618917,-0.0030777744958397748,0.013647037046211447,-0.02990279399122309,-0.1279907374290122,0.24490110803105705,-0.03233266682271512,-0.021225036856233268,-0.018537725788830027,-0.015215692455458061,-0.3233177309135406,-0.1925959141300264,-0.2739388176880116,-0.11562202231234407,0.024178465405141427,-0.1364562222426171,-0.2468227011397433,-0.30444724404933143,-0.32079526843609146,-0.2846679661445589,-0.28699060742461985,0.22657187879390528,-0.2713962748728568,-0.01389966379848164,-0.00486127563415826,-0.0019212728133962877
PROLIDASE DEFICIENCY,0.01775653908240614,-0.033727072209341506,-0.042408813310228895,-0.007689754441838878,-0.005781786919243569,0.001820777864889049,0.021591459273404116,0.04072310668500187,-0.02281333073741514,-0.01663438515320284,-0.0009305256345132525,-0.004038662716192096,-0.03299614945387297,-0.025558133196941297,-0.008052930911801578,-0.01173432144219515,-0.011966907858973254,0.011487527277270738,-0.037646451887540115,-0.006925194959378357,-0.011592799255193796,-0.0010163437291437643,-0.00013393095691489445,-0.0003944318162887869,-0.0005811568621451445,0.0024577049000384663,-0.021225357296414418,-0.023164106109358467,-0.02450949972715703,-0.03966121717242133,0.0026985933330370415,0.00815214311596896,0.009275906804918067,-0.022671254933716845,0.1600224367633358,0.1637863293912868,0.16689725226093674,-0.02743970878986152,0.037886719072243856,0.03783960887442608,0.035876618720677995,0.04112599514392589,0.04034834878089565,0.03802371730637338,0.04216223377793117,0.040764513729463554,0.038363636344735545,-0.01668160298038765,0.14883054192258607,0.15046740072119805,0.14900287465169065,-0.04148998861858733,0.0339224022931122,0.044715395898367136,0.04111174279558163,-0.003036921113489845,-0.000267203935722928,0.0006422064450147746,0.0015955650809932082,-0.01514979158047427,0.005504221486634769,0.00335872400730733,0.001054765677717634,0.0010165591064882535,-0.0007641806825049249,0.00032632401955946523,0.0018277792380851684,0.008933918290747439,-0.15499761832408426,0.015711820521702908,0.017141181827702263,-0.004568231944388949,0.03529293438001564,-0.026706814726576097,0.010190006412922205,0.003968638234387112,0.021590234086198378,-0.003316041787254685,0.0035638478229488508,0.035433473914970426,-0.020359940158288174,0.012645195185076714,0.01441749636011347,0.007347091832495115,-0.04141071489714717,-0.04036937793981769,-0.00852610951774919,-0.0058528288140584925,-0.11324071970160729,0.000570621037108661,-0.016357284262984842,-0.02672076246587481,-0.04036836338944264,-2.8583747439114213e-05,0.02694106358725938,0.009389018092880496,-0.015865095297858164,-0.003902051069731925,-0.011171001628046594,-0.0014139376563629214,-0.0040283954826099725,0.00122424237783715,-0.02628596128488899,-0.017076321660199307,0.035649900898962944,-0.014407109761163552,-0.005008883756302111,-0.004905749698684302,-0.004574444934293256,-0.0454016765583885,-0.0009144763839797927,-0.0335067897042492,-0.016961667679329967,-0.005693728199923124,-0.009047038612075786,-0.04014656976330419,-0.1442394786148389,-0.041056859605343596,-0.03811445094456991,0.031227428186900698,0.02315085385974269,-0.03982076695485934,-0.16001802828658004,-0.043766551646185564,-0.03610167507409418
PSMC5,0.02789905327837724,-0.0017363322700768174,-0.025320017278621782,-0.04144099341045554,-0.025225533102748866,0.01840677295892649,0.008114792376034354,0.28829424421410454,-0.14630948616498343,-0.03719964581120326,0.026359734050486635,0.04706541392779165,0.018035647030775433,-0.025216699401949205,0.011572359066618102,0.005600311841777235,-0.0002532246019753238,0.016659342738615888,-0.02861603682660396,-0.024931338842624315,0.025733219329607867,0.13322088624276102,0.021538303894373827,0.023648903357279445,0.023005509590283205,0.013232949407355846,0.0041336462573271825,0.008375190432402051,0.012764910512772324,-0.017925693806145598,0.002175341269547201,0.15365503330651173,0.24719706097796293,-0.020613382119130042,0.017448647441546672,0.023123904967433453,0.028750371418398115,-0.023918402483407,0.028923413905460035,0.021729052436530033,0.01352199734273432,0.014619155473511095,0.009405509675271848,0.004454193073230241,0.017539190080499128,0.011256090488420176,0.004885339847256486,-0.02446443231279488,0.014586119072552865,0.015832267017706438,0.016843771157274996,-0.023908696207968413,-0.00031954657304735195,0.02037330274977833,0.0366644002359004,-0.004038460968784629,-0.017233841114934607,-0.025096363582624317,-0.030734950036779535,-0.021593679596107553,0.0052620872629589865,0.004191494744422147,0.0029115655577721666,0.002237774050272927,0.0015821291386242577,0.0021135248446403246,0.002427164997359362,0.006174416674644855,-0.03491031982368524,0.020250111777334816,0.16363870197170327,0.0006128227509601655,0.03653379981336525,-0.006504561221798219,0.1431283489500564,0.0360242913779321,0.15942759588525937,-0.0124778309692669,0.015675448724144943,0.03652657346742412,0.02988367072030095,0.03859830029304644,-0.002602331931020197,-0.014425843579080814,-0.02043876115737222,-0.015736188288931304,-0.036425265277519894,-0.04148615515053988,-0.17623473505761,0.32549484479542257,0.02373493024166565,0.018296999253697665,-0.02884977994159703,-0.03616790026788002,-0.024720386154936116,0.026869242210753753,0.005436609646696268,-0.008231353825922522,-0.23211807807076623,-0.0006148771134235569,-0.0053648027787529355,0.00793677585582609,-0.0126419433514157,-0.0174338203097587,0.03274702626894959,-0.017451847881762447,0.021020405036642736,0.025588505214977325,0.029377333884611223,-0.032852127287032656,-0.03011009433460167,0.011917498905103475,0.0018246219847967292,0.02834490965520778,0.003941281443053741,-0.03279154024467198,-0.015195319370988253,-0.034024923568968836,-0.032722797560619084,0.033567543740768306,0.04405006575754162,-0.22482192931156875,0.020146148851811693,0.024207741256103536,0.02189548624445788
Pontocerebellar hypoplasia,0.007365151573654187,-0.00044497798371204833,-0.03204739572831234,-0.033355123183899944,-0.11696008151790467,-0.0002485070212015639,-0.12826644893512926,0.23019010721778513,-0.301379690870613,-0.01662648127866767,-0.001479168029306842,0.037722760411827705,0.0177856873742021,-0.036238354051682645,0.030689166962083493,0.03074811592563508,0.022473684318044362,0.02849556778390759,-0.034343443940277045,-0.0027437609042452286,0.18818813788663108,0.04304444450570825,-0.00477304927109357,-0.008527763607841327,-0.011420202035075974,-0.010552108350769161,0.004139944172021091,0.012218771967001378,0.020218123327400563,-0.03196048733255303,0.02737869298067612,0.262931556964389,0.2576790826405445,-0.02475943023094868,0.026495527961049627,0.028753971941523394,0.030085662670874702,-0.11175442771852027,0.03747048867264174,0.032771744993440426,0.026740135819277575,0.024703411490021365,0.019821808719086707,0.01397038302395621,0.026458002367425217,0.020950365148220147,0.014653397435600197,-0.02281196392742185,0.02585318648574658,0.02473891970409501,0.02345893254799366,-0.01904165206506889,0.012891042510618357,0.031309472715775666,0.036549700696159634,-0.024982257498463556,0.000387173979354803,-0.00036270516731412626,-0.0010992793620669564,-0.09421301973674234,0.006973975821046963,0.0046819233307570365,0.002109031338116764,-0.0002010810507547232,0.0009538507047664692,0.002314282143044825,0.0038214995504117647,0.00291417914938609,-0.03602938739298512,0.0240724823425027,0.3233055457656686,0.005021643870458769,0.058018032463684546,0.03795962208207372,0.2371518315976746,0.2323349177774258,0.033544408370415175,0.0045471326588237505,0.036858186111949735,0.05826478828026911,0.020258430066089194,0.02451462811932566,-0.0014216824525668799,0.0026834090460619636,-0.03615458192694481,-0.024760014153188924,-0.1731017073029716,-0.2572524846639047,-0.026582939576071232,0.01879597723760908,0.016874915002540018,0.013906717834859661,-0.022438003239811783,-0.029956730883559157,-0.16620912559694273,0.008827822124780492,0.014298489387772718,-0.004080920091542868,-0.03537811753968688,0.00036375769458095523,-0.0025861773795645285,0.004575286431175679,-0.015251604889504984,-0.014383907269591876,0.03528234733259035,-0.03780273805163312,0.008721632235647484,0.010747286980081485,0.012206463042747744,-0.02394424342150454,-0.0004946193630245413,0.025137080658317268,0.03751216655124484,0.0027532504195158843,0.03037646720176758,-0.03300206284947825,-0.009404035481385556,-0.002257049344084327,-0.007881774477365686,0.036692253164380434,-0.0008097219931110961,-0.1417398309849558,0.003973418939619563,0.007598644271212151,0.011592743055845319
RAFIQ SYNDROME; RAFQS,0.017591627537606316,-0.02314646140563525,-0.037301598687018926,-0.0060050702450992555,-0.005374106686279477,0.0022818109428201236,-0.0008423944519219142,0.16442305002200983,-0.02934949825053421,-0.020302807663121928,0.009956904997609014,-0.004327263985537725,-0.023198317479904255,-0.022213672752184083,0.007954150277782457,0.0072284518451252635,0.004283310577119708,0.0037809259571766588,-0.03936793380592941,-0.0010492822196302189,0.012876258497945036,0.010926773192382095,0.007135793722707265,0.007850545665577267,0.007112715543419923,0.01776695628418947,-0.0003186964784195043,0.0004179249656345245,0.001171802858996353,-0.034180875400003745,0.010304543503614334,0.022666040282013286,0.02177938877540685,-0.018855658517404048,0.015098280514027652,0.015679648759364156,0.015646361737384186,-0.030753163308287916,0.019661503688815515,0.016920484931293316,0.013930833276002875,0.021051029308186062,0.02063401513015539,0.019709885929460002,0.021123637298310693,0.020468157852161172,0.018869669809643563,-0.01510184043883938,0.01819719673202333,0.01844942847036698,0.018428242632376118,-0.03504426150247466,-0.002601676057477422,-0.001492404141986363,-0.00011651949224897929,-0.023250699233119138,-0.007189235002652934,-0.010026139009272723,-0.011479027308396695,-0.017133616189603594,0.010618602609372866,0.008861458714487248,0.006487498729301812,0.000919992113233303,-0.003429499668596129,-0.002778533194566208,-0.0018659122357007059,0.0035075219673406594,-0.13944901944272514,0.027860422912647675,0.026309308706072825,-0.005575057318081973,0.014274977970965844,-0.025681191484598753,0.016170759104275453,0.00796098217327288,0.005351750237687191,-0.023053342076397105,0.013446269758389588,0.014082941815267667,-0.026497016755822823,-0.005623917440796949,0.012718740628074831,-0.008411965161876553,-0.031703419607842565,-0.027798767071712697,-0.01715596034788305,-0.014497746255560957,-0.019321005441223792,-0.014501131408306034,0.008791078407523988,0.007151052776907079,-0.0375805596041456,-0.00020230384441516787,0.02663926520502443,0.010444937990292264,-0.007856102442552812,-0.006311329384504037,-0.00446564138080942,-0.005006817121214209,-0.0068622200581160255,0.0011328156943819635,-0.026019459358574935,-0.017335219509559293,0.04045910308077456,-0.021920618926517192,0.000997896880593341,0.0016661603988547082,0.0023486014736962693,-0.2270767370919378,-0.013953714712775457,-0.1287134404159583,-0.0005147467400700084,0.011688847922966863,0.007388141091819531,-0.2159353456967287,-0.22867043669912154,-0.14597612395231935,-0.1632987119127093,-0.0121386169300798,0.01147038012503679,-0.03882126835177887,-0.013439184678267683,-0.012457648656437675,-0.0007031495082859763
RAHMAN SYNDROME; RMNS,-0.028436162460321237,0.019053934845507967,-0.0029682048063275957,-0.005964187391202953,-0.031678480272198245,-0.020811258710583314,0.009671023580813377,0.402024633045996,-0.025681277777577966,0.024409890944733958,-0.0057457387271014635,0.02548943357724742,-0.002198269939651719,-0.031126928037534547,-0.024317647191509875,-0.02308784523973847,-0.015098770698355727,-0.013254315702073142,-0.02366514912521464,0.004476132455018031,-0.004803623514358215,-0.008708957320568908,-0.023420837901788748,-0.023504137632131543,-0.020894352745625247,0.013633194380699938,-0.19525283173306549,-0.19113146628666872,-0.18374231275718697,-0.0025349280946154033,0.012907549551049063,0.008404306044267992,-0.0006202872863162854,0.000449809377016485,-0.01605994858946244,-0.022379125474605844,-0.028177548355589915,-0.011310182705911234,-0.019129474164001507,-0.02111449583039347,-0.021303743070035304,-0.012176824000211797,-0.014439197619606723,-0.01595457098946272,-0.017084343130790495,-0.01813004805458783,-0.01849843967015758,-0.0045329206534245065,-0.012828090619783444,-0.017353678432178374,-0.021561574295106137,-0.010031773523666233,-0.002536184496830412,-0.012189399443659597,-0.01798025422526179,-0.0003663538577297274,-0.11709364959268952,-0.1134155483744916,-0.030729731735322362,-0.012616518228988039,-0.0012073768590310306,-0.002280278556745941,-0.003064476332686188,0.008396252474663515,-0.0043796850164355755,-0.002963980425273016,-0.0013674020379099848,-0.027233206299384784,-0.03152374838950039,0.013059786250166214,0.03633097685611716,0.29588613408684716,0.4500236013299477,0.004329131726560748,0.1377505424396101,0.03714398467773578,0.272792157916454,-0.12583309754467223,0.10747592720141608,0.4482786381432567,0.24506564536766398,0.21034842623655708,0.025012633434608664,-0.011046617967791845,-0.17651311341696527,-0.03500275616912421,0.18504747780403882,0.0017473208247283764,-0.03209719694632627,-0.006825315398960961,-0.011557990783486688,-0.018609523725630097,-0.02216570384681835,0.0005180357595527278,-0.03672239752491498,-0.013433332934764959,0.1943132081759566,-0.025681702580647524,-0.029409152248731557,-0.021105040868097783,-0.024721375860615392,-0.014633728512246725,-0.03144033625249889,0.007058327454739638,0.034256486098633125,-0.04074022714655458,0.008313589723300348,0.010315268217261097,0.011970541095698577,-0.0005042012019019192,0.003857768952576759,0.01383352818228709,-0.009819029720918736,-0.00229360228959803,0.28509434220506835,-0.006211881349120098,0.0016642331739228486,-0.013769434833047682,0.019581152929832424,0.022549613331666576,0.013739639482169577,-0.13641185931792102,-0.1432437468876838,-0.13125846689686912,-0.030225466615202895
RAUCH-STEINDL SYNDROME; RAUST,-0.04105651797465919,-0.19684556022033511,0.001215142365558272,-0.16197276577488207,-0.2413823231677444,-0.0009940063885595697,-0.22624380122387547,0.012253020443085103,-0.5327804281887013,0.02466505752674593,-0.20177922144335067,0.4284744100189566,0.007930797280510712,-0.18997457340124768,-0.001053046497163593,-0.004371103057591772,-0.006751647233381078,0.012382341524830072,-0.04584404176602904,0.01617652583449758,0.4483697395623588,0.262725403123244,-0.03522753096016255,-0.04000421640911569,-0.040787141803217394,-0.016407926456290703,-0.039963973795863535,-0.0362043842821056,-0.03128365094034807,-0.04003534341961792,0.032088937612794424,0.31165079406130036,0.3085496991810249,-0.03889118391133271,0.31993358848164233,0.341948308298963,0.3558090104232006,-0.2021726751094467,0.26047128746616277,0.19434771893537836,0.17317373351642062,0.30299849802888007,0.29221304177427965,0.274271175913735,0.2957395408263718,0.2816533933721937,0.25507430564283706,-0.03376751446989172,0.32403092108551157,0.33167688922688804,0.33682913247446183,-0.04910786438210627,0.14279041536270196,0.28629836860097946,0.2927560009231488,-0.21525141049754543,0.30660334992053934,0.318316948038429,0.30452472575619693,-0.15392153339310796,0.04733988816942237,0.03923134411286848,0.026889045243408977,-0.0016329619158183724,-0.004162060452181177,-0.003010105581596764,-0.0017682021290200464,-0.030268791363083945,-0.18168179096360992,-0.037448871771204706,0.5417837059516787,-0.042036689508681425,0.4720348054335442,0.0339038446817095,0.39915193886635264,0.3703331052741703,0.03848497658660011,-0.03944600858148082,0.03669158167646703,0.47514638167599643,-0.014832372461864106,0.04614194968984667,0.006409059581771283,-0.028687207531969336,-0.1881601610878138,-0.05084561938258065,-0.5018492261251967,-0.4841141600750775,-0.14930135805404096,0.13384059177261104,0.005359667371226059,0.00439128897458654,-0.032856023300391196,-0.03765596400087684,-0.20050596208495286,0.011538836738078418,-0.013494915729438823,-0.19572745976464923,-0.3193402308344367,-0.17227190506184886,-0.1791041229245666,-0.03160274755303404,-0.03619082793957816,-0.02561382273124239,0.03926625533816094,-0.034571565851688774,0.010501246151701293,0.014210828337383923,0.01783023084833532,-0.03187117881490475,0.19396170525570822,0.014049545860834328,0.3960222233565147,-0.0457147125864831,0.1953895384165948,-0.16765113078953853,-0.029585965610007304,0.04421631472184172,0.00018153683577244698,0.15478747472233623,-0.00729144469856152,-0.28740044826025907,-0.003646484245428407,-0.004652615988477746,0.000521726432423496
RENPENNING SYNDROME 1; RENS1,-0.3221749545503442,-0.3674024321026349,-0.1477363228356907,-0.03643972865813467,-0.026086363010130894,0.01292039539632747,-0.0336362944430152,-0.0016529535910993708,-0.00440820717306987,0.15101821441070978,-0.24031436476958662,0.5170434384976093,-0.001389447039248362,-0.24970997167485828,0.008689850308594838,0.0039046815363576147,-0.0009428294388053339,0.0417306438603478,-0.16633449118305732,-0.021008982310547368,0.01598195780168135,0.0341061739286467,-0.1618902874904041,-0.14915388677147498,-0.03828543078377627,0.0022848220372173474,-0.2614002997000849,-0.2630504862319304,-0.25999964515058926,-0.1539344140291801,0.027573645604897726,0.22120702961857563,0.2792341938345597,-0.136183402934936,0.2530891075906041,0.2665031103193067,0.2721074449373624,-0.17581131285073434,0.010385037247970153,0.007441859455781761,0.004337363456015909,0.22100426914610016,0.16397683394514218,0.14724638382926766,0.15510340613952622,0.04343358251108677,0.03652092566878586,-0.03139871632248066,0.2588251195833588,0.259339916435017,0.25796632521694196,-0.16858702671276005,0.2163209979645513,0.3145436887600728,0.3055036592138498,-0.021796109558079972,0.27930985374882733,0.2699179868723568,0.23654902380392634,-0.1556633566950302,0.0354901096140644,0.005245804375118689,-0.0001911826116838508,-0.0034458641820308655,-0.024517252445447477,-0.017058273853292387,-0.0024074067047938578,-0.47595492919412646,-0.16063938302618186,-0.38904804371461577,0.005759318793084351,-0.01976019835322522,0.15722369814984932,0.046017714019970075,0.002081443067474324,0.010512522530260606,0.4032148169920418,-0.3807201529376327,0.14778776172848448,0.15822055322716283,-0.01900792437518413,0.30454094748960325,0.20425132532878038,-0.1317953169971142,-0.3245360903227378,-0.2860742278261854,-0.03580451955681893,-0.021796343123448633,-0.11848195396749826,0.0254976948379788,0.03695620715768788,0.03369229830901532,-0.16604056809899287,-0.030614946898494186,-0.03261862945334039,0.016599477079849424,-0.027648661005427757,-0.0431028781049169,-0.2075646006642699,-0.03438587412834663,-0.03427607955395695,-0.026985834245194552,0.0053698281285410555,-0.021255061160609903,0.16894945201806244,-0.20855501685897387,0.432223832706525,0.4315336260053942,0.42938227948439067,0.0027625740159697306,0.22905312867023353,0.02029840286807261,0.31210786171775234,-0.027110138747044304,0.5015695695567042,-0.006663430167904273,0.00460738518570953,0.1851737980892707,0.3865540750601943,0.1688852057322986,0.03853836403413903,-0.006943728968213125,0.024115627279791888,0.005694038545585384,0.0228215841257582
RETT SYNDROME; RTT,-0.040184443582988325,-0.15853086950774364,0.0025197124305012322,-0.004616862557429004,0.0012048261702448592,0.006779700303675914,-0.04198557872531124,0.002002825207399943,-0.016998199693548426,0.014979675072351352,-0.021120216269165475,0.03739847750175124,-0.0006788603493254521,0.014563757080486784,-0.009512042257128185,-0.00995446227014216,-0.007108458453889777,-0.006486919319919369,0.004030360436467717,-0.007051035552268019,-0.002784472685159506,0.004772695233850521,-0.27146344877832956,-0.2764503023825736,-0.2601270202391178,0.00011633533313085564,-0.14954855209160361,-0.15159972191375756,-0.1503798210194045,0.010059392601947657,-0.014718233423890704,-0.010243779607503917,-0.00020112760851823762,-0.11037051994354102,0.002897644153117577,0.004467007705617538,0.006315474419446025,-0.009691162536655154,-0.01341265080549235,-0.016982263972451343,-0.018525981880984043,0.009176003381725624,0.00737902591773173,0.0054052675710761075,0.004308603709790331,0.0020207292637236998,8.478871275665234e-05,-0.028210942213115334,0.008593221506421394,0.008880645879350226,0.009344200932287699,-0.003576908444601066,0.0007730882289144644,0.010378244396581474,0.01675211262379418,-0.018414418306728967,0.04027460312761519,0.04014482013072653,0.03638221114330593,-0.022180249505205182,0.05126937002996445,0.012684296697653311,0.007847289559288944,0.001401976897894547,-0.04110304052068769,-0.011536303648083014,-0.008951004583757916,-0.014391141900495681,-0.0022643044897525935,-0.031144766600969112,0.02163675915885327,-0.0016162408449466416,0.3097278223381812,0.006461186608658866,0.017850765419795554,0.01614023539094767,0.04113588048715761,-0.181723667124563,0.0328183596845811,0.30984276305167757,-0.030944621745815,0.011346883945366497,0.0256044956254709,-0.026715419219652,-0.1639608040242443,-0.1398115878065229,-0.02046845651220107,-0.02074967550679447,0.01865508085915317,-0.0014131872107625396,0.03156676929618892,0.03362396221335021,0.00273098990538098,-0.005725214679040291,-0.005609608963666034,0.003516885979806199,-0.027539565243694344,0.004544559569101052,0.015615777125159212,0.008046410304126608,0.006619535799535255,0.009281049347303384,0.014186088338538983,-0.00869114380785095,-0.0023920067483368516,-0.030659392996611048,-0.0009708879929391103,-0.002170806201060669,-0.003739736229116543,-0.03600067124199321,0.020208330236544888,-0.024570157983593344,0.0024306771183763964,-0.023519450577388672,0.012228601935987439,-0.03981066478131562,-0.039420559947017826,-0.012201133429536555,0.002297267070487178,-0.0076030196750050075,-0.01820660592605153,-0.022540890150888802,0.004027261428535559,0.0013954701056750512,0.01970737723704564
REV3L,0.03548811745936101,-0.012778646945576667,-0.024320203507541053,-0.007000226309918226,-0.0011924718483682139,0.00625673445499531,0.015256621106289874,0.26979753138703455,-0.0068324222520953415,-0.030810794366762116,0.022262911868871107,0.174185126699789,-0.015861399620372186,-0.01389940477816688,0.0036064002891577004,-0.0012814792129390545,-0.005825917456869378,-0.013328182404621606,-0.029602241575481518,-0.013304677836576588,-0.018697519907339435,0.0018071427166063123,-0.006757033237705366,0.000836853373163912,0.009517541521270155,0.05382846925784595,-0.015869717900907142,-0.017035342939299623,-0.018159980367015438,-0.02561638127635935,0.002526204197761888,0.00708685865477071,0.007962118343871954,0.005014047721035939,-0.007956908167126776,-0.008534587044041355,-0.009048824817647549,0.005213315327162341,-0.014150106369430638,-0.018738543059823518,-0.021676384092974687,-0.007085855025821751,-0.00974535716749096,-0.011144439960821716,-0.007282745473041332,-0.010142461650482703,-0.012621735804056632,0.021039294183997602,-0.007181438940749586,-0.008443430451696453,-0.009473626974193195,-0.031043395391334657,-0.010784790388869583,-0.00547931284266164,0.000823269310224886,-0.02158780317524657,-0.005330113650174114,-0.009551883866753671,-0.013486137979283172,-0.004812216011897391,0.007539950945895126,0.0019426533201759336,-0.002365239467360632,0.0023948171141868865,-0.004017119604930114,-0.0008637037771076639,0.0022968487398557797,-0.030680572754033405,-0.022219881504126758,0.026129715610946635,-0.020415583128984408,-0.0162276819300823,0.026847837124995135,-0.15689048137784736,-0.04609807505801405,-0.15577072475122375,-0.002517561352483885,-0.01769305252952854,0.0456769719180977,0.026701339172132504,-0.016390562347714608,-0.00844110774968854,0.005157078150977471,-0.010524503852091147,-0.04077091207976174,-0.02419887323902752,0.03924005953357399,0.16709893826506036,-0.01773675859535507,0.27903382856108805,0.018410182106312786,0.011465621501584138,-0.0327797016286561,-0.00504142679725017,0.016151831094306908,0.011042392111064487,-0.012544300274629324,-0.0002443400059542974,-0.2093911393048096,0.0073361307215389785,0.0016935943935730052,0.00979506773441615,4.7621854347252744e-05,-0.0045391436108591695,0.13136941658028978,0.01752876174568557,0.05941029959165471,0.0587191497122313,0.057906660559874215,-0.03524390223559766,-0.02575444929253817,-0.022032956800402483,-0.002315358790538294,0.0342276774270618,0.029908661975340638,-0.022476377244310848,-0.02514077527172191,-0.03809259916914847,-0.006239875699510071,-0.01812063149724912,0.046301110375686585,-0.17182652527947442,0.027143803099962567,0.0284037917455202,0.020130233691453944
ROBIN SEQUENCE WITH CLEFT MANDIBLE AND LIMB ANOMALIES,0.01483110491020954,-3.760812273640038e-05,-0.16205017734321614,-0.028757894403168702,-0.17969546331965533,-0.01344157662288356,-0.24395926303222895,0.011270200138425956,-0.020375223696738387,-0.02152035931388075,-0.0007676740535014064,0.33520372084429606,-0.012426225732503585,-0.02506448941190574,0.02914488692925011,0.032087850323437694,0.026538304183290097,0.16174114974996714,-0.20009850489827555,-0.006554987427295471,0.007959707063401435,0.013576212184045365,-0.03879980171967592,-0.035938572244490895,-0.029350892075276882,0.006007396380142432,-0.01581285733774651,-0.016805091757029007,-0.017493512249679724,-0.21779372830888552,0.13619297496131885,0.25088452169337977,0.21483199523360383,-0.11357397508366969,0.03582384784018222,0.03792420858527768,0.12493106079295745,-0.10810578340901035,0.015349157000647158,0.013077267275011196,0.010272593399389579,0.027630277090575982,0.02638076126888219,0.0242889799570941,0.02728678062594165,0.025243983263456275,0.022010635266339215,-0.022821308221972397,0.03341540229614597,0.0342971337098365,0.03458621396119353,-0.2044700373853686,0.030561559800815048,0.14091102431119737,0.13598938075014577,-0.025037515480016245,0.03765445608617731,0.0368686572736213,0.03315040468587474,-0.01911120629686171,0.009263584143321029,0.0061167896354737085,0.0022270449100489894,0.0004950390936108328,-0.0026578073362273353,-0.0014693247445440249,-0.00013398036925673358,-0.11853370672085614,-0.2180510500793118,-0.033371508090528995,0.1301605539717998,-0.014511645779754249,0.023862266312144467,0.15726018076186307,0.1450267870097361,0.15751560480869956,0.026150652699079804,-0.028606657717096837,0.037313527732403116,0.02384250123523807,0.2383956748683727,0.2600199079829791,0.008002061386826149,-0.01852943054643293,-0.19804543874366967,-0.13213164792460555,-0.25851722768147484,-0.25410291481956054,-0.07112398176858988,0.20310382874205382,0.2277057902299166,0.23038050812221827,-0.13985989390540335,-0.02076916229061746,-0.21667656943557032,-0.002296049572581612,-0.01913861183198317,0.0137641859339036,-0.09463469928755172,0.022141693263813496,0.02160223724174728,0.031107830188351577,0.03439168466593138,-0.0249652515630926,0.2171386139414381,-0.0236236566241522,0.28286904814582947,0.28058584987382873,0.27931850248293155,0.004819194506879998,-0.0015710059748277475,0.24636762843915413,0.15842148263280845,0.024403276536502806,0.14400686293314016,-0.010468326543679431,0.027543669506521103,0.026694240891018642,0.028705474163579374,0.24552814139575152,0.13885121337278516,0.00791606989103392,0.24685618285823094,0.23643499978952992,0.24261566882335875
Robinow syndrome,0.21479944791666417,-0.013854034762291979,-0.15443557152939963,-0.03046201560994354,-0.1942923486273309,-0.01369797303306693,0.012778534292498143,0.43423258881040094,0.009672178916687736,-0.3557066191916638,0.37930121006824813,0.03878646523424678,-0.0351970686890604,-0.12885049891972564,-0.008354581174021358,-0.008972105349444351,-0.007003618958097769,0.20093881843711686,-0.1803360148294272,-0.1382041299822848,-0.37165494501009816,-0.02180757973544429,-0.010348730371423445,-0.01195368061764315,-0.012028099593029069,0.014166676850018439,-0.018433421325471315,-0.01539402403237505,-0.011702055842786118,-0.14786231439002584,0.004671890837806927,0.02369362235251945,0.028343639134825946,-0.15424996884522885,0.044692444261143466,0.04514157096710104,0.044298427151276354,-0.11049045305194863,0.018855952453387493,0.013777288169771137,0.008781089080697354,0.022458025064707336,0.01851531523341261,0.013911981599759626,0.02212813700825062,0.018244024737274593,0.013328040529777128,-0.02719732609310317,0.035843083535816264,0.03397789376759476,0.03176043228977065,-0.18814949231303493,0.20125590513982972,0.26569989956072854,0.2388944333672459,-0.0066363588134948975,-0.11154865061645823,-0.12149048102432461,-0.11888710546652392,-0.02216631427961155,-0.0008645025906847443,-0.0027610793675948582,-0.0045958776233613755,0.002391925916954464,0.006426957827749913,0.009000738785998115,0.011341370146133813,0.014096346190004785,-0.2256415479089441,0.032304235713087465,0.017255962185773445,0.22937811841345512,0.30786125909374557,0.015851011641957933,0.249117948810914,0.22631111107357932,0.3641017075665771,-0.290362460533781,0.005100680571926154,0.30723930856398723,0.4086198340858347,0.494742055914102,0.026719102946478192,-0.1332868991918555,-0.01715269571534505,-0.015828251682277684,0.002518936291638165,-0.09881205104279964,-0.1650142988579978,0.010889325903722477,0.005513842562859478,-0.004742781974058988,-0.10522128211600885,-0.021525982775102863,-0.19155815490015105,-0.001580469213004274,0.0419592184375997,0.012757721962010736,-0.12773326280779804,0.028122549118763555,0.0149509705737798,0.02728518921878928,-0.021984730367205045,0.009587030251342799,0.2671898650420174,-0.12026380336747014,0.17315537223635755,0.23097097403067693,0.24345129794048043,0.0033135142622069606,-0.40028203187138245,0.28992825418424867,-0.40765235171204567,0.31046625035619857,-0.25548561268180087,0.0027934644555492865,0.042945193579486,-0.2921703961259301,0.01257554843400182,0.4126786933448201,0.5147155743388052,-0.31639235222293705,0.005696921734238231,0.010222600473391685,0.0012562232362827285
Rothmund-Thomson syndrome,-0.017848355600024318,-0.016000057730007167,-0.03731713562091398,-0.03488461770018118,-0.041357181257891146,-0.00045797827329171657,-0.02697413969285835,0.1542759698690318,-0.03113677230883756,0.006031926283138389,-0.032511311859165136,0.3559580965085351,-0.019505717093545816,-0.03387330557062029,-0.04787956735540736,-0.2509298806893804,-0.24349248725650735,-0.014087732006987583,-0.17444914010340573,-0.01232998374318368,0.006613162210171632,0.018741604762418478,0.010552337369423423,0.015683024836013873,0.019163316580501036,0.0078035929925128564,-0.15692300152326197,-0.16116544003032407,-0.163696180716569,-0.044017631707295744,-0.009196798155240193,0.00013038109927791477,0.010012597082829155,-0.020448688492844907,-0.010264064006727603,-0.010049383550009939,-0.009690139298601581,-0.008735774381262938,-0.02491845018045076,-0.0294715803866518,-0.03180095300766399,-0.02431075073676275,-0.026376038592115906,-0.027094045327145905,-0.02642401917890142,-0.029518225197713542,-0.030877750151107643,-0.014677611325289995,-0.015534651837524439,-0.015387425389415092,-0.015578824743503795,-0.04308609449409896,0.019477135039309933,0.03650762689450056,0.03901676241891501,-0.007508782756146231,-0.001437317980911483,-0.002887039423394935,-0.004141279348956104,-0.003217464342033239,0.0023100025976519776,-0.004625520318163461,-0.014186511863209841,0.01632808173723276,-0.006938010909121668,-0.002023236350236159,0.0031542430324059197,-0.18302587704938234,-0.17535702421839117,-0.013972870159004001,0.034454303795441225,0.006003368715511101,0.3177912618478008,0.012402879449168984,0.021746305592445208,0.021003253515054877,0.024692880167036572,-0.03778328842462073,0.02904097236125163,0.31691864685677584,0.03615806543926706,0.19581043968567444,0.012697179238401107,-0.020887587422174995,0.0011537940564562029,0.009582734256834473,-0.013249415266857549,-0.02131395849435572,-0.1339357712744139,0.241697244368255,0.02053948790376689,0.016871292173311306,-0.14989502325981127,-0.02318977199531509,-0.03158650287337712,0.008876820831554822,-0.0071880157991260855,-0.033958632056045004,-0.23369239619172696,-0.02436695684229448,-0.028896658586264026,-0.018126161649220422,-0.018201671515788886,-0.00926111169790128,0.04250253944933606,-0.036392160449703,0.24442118339303917,0.2561755784732834,0.2638502215740965,0.004317816815659647,0.029579089417870904,0.04288511583556738,0.05291357471236811,-0.01354970549364296,0.20545182620068214,-0.010472729232805747,0.01285545924298014,0.033978085587102594,0.026863742749373677,0.16310826851870652,0.04477342863314421,-0.24076668288086742,0.015636588517637055,0.011366009001928188,0.015209682593188386
Rubinstein-Taybi syndrome,-0.3544972569132602,0.019869564724031688,-0.20432179028663053,-0.024987292792092393,-0.20614135442592701,-0.02183549769566882,-0.024621989045217205,0.11736786087314655,-0.31477038639584654,0.2732198576611221,-0.22957735695761,0.3448765497476956,0.01050578313749242,-0.184369353425621,-0.016341128310298207,-0.010324563087230306,-0.002429149854989823,0.020842551218911452,-0.2683936943970291,-0.0009673763600039221,0.01651780968539467,0.012599222336678416,-0.02606009835513782,-0.027968284093540043,-0.027168300647649316,-0.011433541166966588,-0.14880563229927649,-0.1113015565012465,-0.10097522236302453,-0.24499974481399223,0.020440800848671076,0.15989107373168707,0.14117593355487307,-0.052307674494252,-0.016399108311550163,-0.017854006356245535,-0.018855590603764186,-0.01567902328072955,-0.1255737732163171,-0.138856999087353,-0.1435625291779446,-0.012438389156117027,-0.01432654513006384,-0.015781859829188276,-0.01663691611133592,-0.019269416648541697,-0.06721172076466084,-0.003484000225604188,-0.013184664523880561,-0.014405152778162702,-0.015301804025421497,-0.23110649801788602,-0.012071714744267423,-0.012691430764560297,-0.008551463720977691,-0.11006160501245713,-0.010585334388516093,-0.009331120387074029,-0.0071338532990549396,-0.009252295289171238,0.0016000720748956959,-0.0006100701921710878,-0.003100701771385115,-0.1038665831770451,-0.06120532379628028,-0.029869098666879507,-0.00161613671661366,-0.18618815263847782,-0.24819864412051335,0.0053549499366445505,0.24831685662664219,-0.023765972789073723,0.3672119574318975,0.11799597420026875,-0.001489320135173872,0.005601909909140911,0.24682392449252866,-0.20311076049125656,0.022841997327674373,0.3672266499333564,0.2824629649008634,0.25492236905084603,0.009507465904396512,-0.1424516187369338,-0.3211139421856853,-0.3139932202128218,-0.1079801335881399,-0.019346277803270428,-0.15691531745365592,-0.002790685212880786,-0.019133035887347976,-0.013905318212700348,-0.21990927341236186,-0.014475069261545221,-0.1906579922286414,-0.00360776994601748,0.2097517503162123,-0.3939397926975813,-0.1877611534514997,-0.3871556879435336,-0.38213644096292987,-0.32169591404722386,-0.2684779470226521,0.01271800027744029,0.23613304414088415,-0.10510382051466016,0.003922933295746106,0.005110594412119271,0.006130034050044121,0.006004277193438185,0.2212741264711592,0.019513530538351413,0.24470576415853845,-0.1837536763608517,0.4257585325676992,-0.016865925132718406,-0.0013198116811705513,0.19844990494758366,0.20896506463472247,0.02745803921591311,0.01049152853729,-0.2651145487007487,-0.2012694522978107,-0.23299235745148505,-0.14343617256530478
SAETHRE-CHOTZEN SYNDROME; SCS,0.0195243515291012,-0.019242534401414102,-0.16135113563311332,-0.1568763451780088,-0.21665955848741508,0.0017410969438771697,-0.013007176653264995,0.2696324023180111,-0.1371676188407597,-0.16442106644204676,0.14252284466971307,0.25587348030250995,0.058222910398809044,-0.20996902967225953,0.24460028925025384,0.23352245380898293,0.13104621317146906,0.2509568838105219,-0.23835122272919254,-0.011331927905128913,0.1419600864734322,0.16530166009217875,0.024453073177317982,0.028666476610990973,0.029530583584498754,0.026829174815155565,0.11584564176129702,0.11075014192021825,0.03210462219436716,-0.2203209070921701,0.15902753628882188,0.3332432603921139,0.3127639412019689,0.004509895948241843,0.027000153791502644,0.03450381688734541,0.1311915636090297,-0.04566751412392822,0.018100284996528677,0.017719416052103823,0.015962502702088897,0.022130084805212943,0.022140133882141234,0.021588076291943023,0.022462833488166703,0.021390072387459862,0.019868731446606516,0.007072384702267252,0.025376604654725087,0.030239522951157945,0.03456449955093748,-0.2266604412871494,0.020287401659392943,0.14370277647467986,0.20805244203352957,-0.0062471996539336305,-0.24488755249381752,-0.23317846554862978,-0.20210174865383618,-0.008242788311975276,0.022014425289163517,0.003702756566531406,0.0003782153206719548,0.009567385386083748,-0.022529239734119782,-0.002657924546805718,0.002072444362879205,0.0006997321676469269,-0.1522967580703746,0.03260906795037671,0.17984949687486884,-0.0031558812299569616,-0.0013283216479559818,0.16324115258879235,0.1547489416613037,0.16563543754545632,0.3483603368100382,-0.22489578410905212,0.02629904073708971,-0.0013546344890549948,0.2397130773422972,0.3479590106281754,0.02851889690836312,-0.023690010057148117,-0.2433909078218384,-0.22193440165469489,-0.18733236816554671,-0.19926615244674728,-0.15085676360010694,0.1918918440932175,0.2151406767081639,0.18642717171443166,-0.22263194903488517,-0.03057652690081794,-0.03745059110836765,0.01577665044160258,-0.005191018609918719,0.0225827813124651,-0.19193238859503345,0.03342199911913587,0.026682245352662497,0.042482777725846355,0.010008395267032285,-0.028359915747218727,0.271797688823561,-0.011489695871473578,0.16482703645217076,0.1678888116638737,0.16980161896986115,-0.02414669635664808,-0.1586705244778633,0.20951232420086466,0.02584942087842753,0.17802215923924242,0.011345528165753389,-0.13009574852481595,-0.0006403183439547622,-0.014829935920972289,0.014152019520391296,0.28124520129661684,0.03407008153081015,-0.11912701659168251,0.23098467117531693,0.23398073301449446,0.21791851527821532
SANDESTIG-STEFANOVA SYNDROME; SANDSTEF,0.016118994661058903,0.21805210433748695,-0.007209314314453503,-0.007912615088829362,-0.02077045596281526,-0.009246181024494883,-0.006912844281358699,0.03412892317689637,0.006431805988006249,-0.031750087460195316,0.038037981093382287,-0.004061428554824288,0.020601186752950085,-0.029233512590103546,-0.006892658700267922,-0.006103152876749722,-0.004217702252191088,0.0476330371988987,-0.00939335303180175,-0.012157266052690529,-0.02875567075305387,-0.005161308834616129,0.018216538691662922,0.019021041136008138,0.01741677673822346,0.0216492746178545,0.0434309203814049,0.047197921539778004,0.15889307400591726,-0.004376276386724495,0.006473110729943451,0.011291860961058274,0.008544940703040193,0.0642016591114364,-0.2553186253476011,-0.26148030757338614,-0.26017231567068827,0.03312023165834268,-0.19469376092682208,-0.19677281454992657,-0.24219582784649307,-0.25424853643288325,-0.2651960270149914,-0.2702598655933649,-0.2500938037848558,-0.26355892515538437,-0.2677163794475732,0.22047692144351858,-0.25972979233417487,-0.2662400138554116,-0.27055790348597447,-0.010902547149957122,-0.00824795093106536,-0.013934242843213662,-0.014534962926105705,0.020107604512087637,-0.2585573081346343,-0.27667237651057597,-0.2748962785581497,0.07378332221281084,0.11919173168575718,0.20226855848810452,0.2356057311576221,-0.07431074307346694,-0.224388299755757,-0.2303747565887958,-0.22818717135172284,-0.015814187128659733,-0.0010604105338977742,0.030730767085950385,-0.008951826467442973,0.009018235744850884,0.00988877238952755,0.021148019197742063,-0.015589857087551739,-0.006911771109811953,-0.015731944525654285,0.03013639880275858,0.015514577770510546,0.009803433215624109,0.18704452929845874,0.01896561075469642,-0.0036382855270718386,0.02010873300177677,0.026734907472838552,0.03504614922262456,0.021319757263356755,0.016799211337186478,-0.027481989783673177,0.0047802317135921014,0.040384230877253804,0.039744037404888195,-0.009025669597047032,-0.006710493406291432,-0.030748195082699378,-0.003307949589186401,0.01205444544726161,0.0385855740065344,0.006685105648762772,0.03622179114227799,0.0387894015450416,0.04490448344913725,0.0335643308693949,-0.031717351661068274,0.012721132318923805,-0.014021612781672724,0.041668830800339667,0.04313503329028917,0.044028843118395104,0.0016317047972433257,-0.03821620376587528,0.02652042136260965,-0.03098866734150281,0.036436122070625736,0.003956157291065244,0.00464897281949167,0.017754777261421353,-0.02066125807604678,0.0060621252166797234,0.020155535447263968,0.05142599255380984,0.03583417989514441,0.026106933693522332,0.029948102646887957,0.03742329448973998
SAUL-WILSON SYNDROME; SWILS,-0.012963629914730605,0.02616790866539,-0.03299101011369478,-0.01604154717170009,-0.02030003437195406,-0.0008375457038233444,0.018419235091778192,0.32894832146102415,-0.4071480101063498,0.01956101001889806,-0.013087515281045814,0.0017971934653823558,-0.012574734501209758,-0.031757838059471265,0.004787765411097909,0.0056571110311423424,0.004708942872240257,0.016020440999589644,-0.03487221785340732,0.012182122580577943,0.20416931937094482,0.031237773541213428,0.0010418278274603534,-0.00048429648438919016,-0.002023015932450917,0.0019312719099263819,0.03468950768771233,0.038442927678713934,0.13306106473872611,-0.026887843913562554,0.0196416456639001,0.1505004622476225,0.13998038881614658,-0.016172749165636355,0.010400879597838577,0.012933265533955308,0.015388974543129826,-0.12282913313191984,0.041194662453326265,0.038830326525140534,0.03456063814165891,0.02361194628425076,0.023666817970014763,0.022821333322400612,0.023969032005485835,0.023634494244647003,0.02240587057227515,-0.01185477056566411,0.016801718586073638,0.018266897999621307,0.01974633655081169,-0.03219520423065763,-0.013814404227929747,-0.008850378779010754,-0.001063395194855162,-0.012244616827365468,-0.01640451938472221,-0.0121354217503001,-0.006382450613511424,-0.028705606348412568,-0.004103325021537569,-0.006044268715126463,-0.007397335576869355,-0.0025405821590611176,0.009386805452871731,0.01187080298492085,0.01386965392506773,0.21236973675963733,-0.03858090809857113,0.03228160650458263,0.3825788198355755,0.005693423884585617,0.34288234571661663,-0.013723003583369878,0.1575242373637755,0.0380583922046959,0.15333958173158746,-0.03701481717864862,0.004757150708234571,0.3425619457966648,0.22288735927651473,0.18786862551483707,0.01594824484813074,-0.018874904424987096,-0.011038972531418027,-0.00992586727813685,-0.03127279914848082,-0.0429882033946773,-0.02509805464789663,-0.023015056662682304,-0.2944546503191872,-0.3075868654429645,-0.02533551701242763,-0.007039900742485782,-0.018933411779544034,0.0008078561697349966,0.17732948905975315,-0.323239021621865,-0.24953196565050512,-0.3305510641997511,-0.32481857137623404,-0.2642426050423657,-0.2822818681291148,0.0016465898788695075,0.02954062173645602,0.022265684816860618,-0.2914694979741825,-0.2801974076237156,-0.2640976347668278,0.0004839411630556293,0.01040265174555506,-0.004155336644872564,0.01610570338005261,-0.027398669485078214,-0.016144127518010237,-0.0009908924862205178,-0.0038163596142004974,0.0029095146502653305,-0.035391824667311556,0.032803524756239,0.04218904506292917,-0.2977598980999227,-0.340485107514212,-0.3251997028702018,-0.32778824944206664
SCAF4,-0.004257869661991614,0.03317765299051332,-0.01685532133290095,-0.004189152552499524,-0.03296394556011817,-0.026072855903124338,-0.03101496339227204,0.008638665968471581,-0.011835116200260362,-0.004449696010653778,-0.003412659298848902,0.04760755555268065,-0.006556750745558988,-0.017360611356047682,0.018205596625665635,0.02444201333216273,0.023450767454559908,0.051561434299392576,-0.033716771205876225,0.014484145335568622,0.015904736327795415,-0.001289062890549502,-0.024189885539063018,-0.021621375602490955,-0.017774039287753614,0.035917603782796466,0.0015748225326631066,-0.0003514021520465992,-0.002484443500922699,-0.033013879006500185,0.04751789973608519,0.052605222927757954,0.03072317396378279,-0.02327474020672221,0.020941748029210443,0.019724200919799234,0.018504287216791294,-0.012276691518039383,0.011988176213826965,0.014670402233832858,0.01667868909158703,0.012865100572828159,0.013072372673990503,0.012975974206014441,0.011566299478871904,0.013408861857835882,0.013946463051391163,-0.015362136656523076,0.01820624909446674,0.01718731759051843,0.01598081417035505,-0.030964787708758174,0.019354643752336264,0.015780001201547714,0.006534944314980575,-0.026970363541823975,0.028866562667598974,0.028211831272678404,0.025262492034068225,-0.0049594405385661785,-0.006450297321316861,-0.00915086782496267,-0.011208510298613193,0.003548995501119509,0.005613694917590017,0.009256140375947138,0.012790984379113244,-0.04415006162511138,-0.038545030333308895,-0.026228573551830402,0.01675723550682638,0.013401724954198281,0.012027806849634755,0.005730435092493065,0.024105278947662113,0.02148848141670067,0.019090493270195234,0.052617230945746225,0.020875332834502814,0.01215327944482249,0.022629390733387676,-0.0032470461222548204,-0.010616860007812605,0.03805557836031453,-0.010410283417745537,-0.003869980797543319,-0.007943619371464624,-0.015191482010102704,-0.02601580030217401,-0.010955265770376274,-0.0033364702039449913,-0.004858156084119798,-0.02225500936777061,-0.00021641390996716744,-0.03996283708539182,-0.01617538178436551,0.023595370132039658,-0.025203809840493224,-0.018731018152684957,-0.02041690834034258,-0.02251812365016307,-0.017652068449883852,-0.01893184939406324,0.015553582183226443,0.02596092519101195,-0.02593996782416787,0.04812822137010521,0.05002097131847954,0.051775987273546,0.0146657695496836,0.00162556631064682,0.03910814686074691,0.007559435220763858,0.004664847649895169,0.04028141434914115,0.004622662272170596,0.027711830104252214,0.01118727249115383,0.04299113315951184,0.022743401406091265,0.05007638057801859,-0.03354785359100521,-0.005197453937471598,-0.007506086007660564,-0.006226336511651343
SCHAAF-YANG SYNDROME; SHFYNG,0.0016805471129445193,0.018472573686267132,0.00042317695853244974,-0.00022821214065567994,-0.021552584367339037,-0.020054030891680247,-0.007622045096601696,0.4225384441937049,-0.23804410290005243,-0.030770410693570484,0.030560581834885504,0.0217335236078032,-0.017168936461042932,-0.02142223964002663,-0.01653246707740253,-0.003006579517305577,0.0084802385800246,-0.026440187106583912,-0.010375810140605618,0.011639109076289574,0.01505824174451995,-0.0017366902385845167,-0.012532981935602223,-0.020412453613320336,-0.025709976543426993,0.0010277702052105383,-0.015696140394279582,-0.010598641165617106,-0.005370521472537389,-0.006529799408207253,0.016227393797682416,0.020771752358830813,0.010203516660679536,-0.0014453556063678517,-0.09590790558927483,-0.12894963940274348,-0.1351379965990985,-0.01629824377650902,-0.015609616509962709,-0.015486125283936177,-0.014616552899736535,-0.0762983620625834,-0.07523027457318365,-0.0716089027056486,-0.08142877541313831,-0.07986092330803227,-0.07523989384104365,-0.0017876579355413447,-0.08621218558945926,-0.1122745473322337,-0.11554658523290029,-0.007213650247304252,-0.015686257874862455,-0.09344760359565836,-0.09918667521070389,-0.0027132920186341294,-0.020365513728952376,-0.017315266536896592,-0.012658418343683975,-0.09690313741535328,0.09654795541669269,0.08986875389428886,0.07473729516441496,-0.006818508333176323,-0.0641168697301003,-0.06308519403631149,-0.05656679824377977,0.01282773126652994,-0.022015220083446755,0.09394106890739795,0.2162019020227657,0.09134228856893957,0.4128207828026949,-0.024512909876709923,0.11336710689456211,0.024099260458227485,0.13866258684332206,-0.029717245199931488,0.025855204057458045,0.4145134286470201,0.10351173552865763,0.018239994145233824,0.018161992241180595,-0.007591900850716886,-0.26455261273657293,-0.24508283940498166,0.004529179817986409,-0.009882182705910413,-0.08638192717523303,0.0047640665648633835,-0.006575182197152182,-0.013708716064922974,-0.004095760053423962,0.000828616922003333,-0.14697496407109442,-0.014179591795247607,0.022032137814190406,-0.01294607649092358,-0.13793924128557156,-0.006726629818259307,-0.012102897616996934,-0.00145310071671068,-0.01890241468938231,-0.0018283787234852553,0.1074271814032623,-0.12016361644626142,0.007314701344473236,0.010211920156027069,0.01292975827112924,-0.01341804842368583,-0.03162919321357339,-0.001975870186940939,-0.023120023838095912,0.018930972505903868,-0.00032370474527283635,1.3009814983097672e-05,-0.0011253705240676418,-0.1006040472105956,0.005502350595154301,-0.0065230797546443455,0.27153765805371666,-0.25455936372223087,-0.02690435668854001,-0.02229144003130437,-0.01846807069692234
SCHINZEL-GIEDION MIDFACE RETRACTION SYNDROME,0.04034533472261874,-0.03550834041704889,0.02110806297260944,-0.1371374620753123,-0.0053030941596504556,0.03980468466654618,-0.026991024484215222,0.021539433506840594,0.0027682705110583764,-0.1402256870589472,0.1514737103188904,0.005116192864545593,0.008098534442859882,-0.013803792879406787,0.010388977454681286,0.0006510591475043135,-0.00963651498877576,0.024683023748018732,0.023398346050936564,-0.15559801919650595,-0.006065582003154203,0.04321776095180827,0.004836092864730405,0.022619578691305157,0.036228775842888236,-0.010260524192961161,0.03149927665978692,0.03089144625728826,0.030697556490438295,0.0237442514496409,-0.015959670434691722,0.03410705750832133,0.1799504588578439,0.02434200064823192,-0.024792922630307152,-0.02363039419719445,-0.021745403476308746,-0.005585638527824826,-0.029445030890428332,-0.1125211865866274,-0.12303203139398905,-0.03393370233061871,-0.13043330813499157,-0.14557212298978614,-0.03495003593576452,-0.13406308327125294,-0.14868041959736383,0.014109517781312761,-0.028713423564608365,-0.03139915597547564,-0.03327021960621147,0.002546207845241508,0.01576982628710026,0.1444117853343921,0.17283403306616707,0.03710276631904977,-0.2540203909105096,-0.2897132883783615,-0.30591523899169065,0.007288680103682419,0.01297342897140516,0.010529630394611817,0.00707099273553573,0.0034931344795103457,-0.0074150971201543195,-0.0064677792846865,-0.00505180270253627,-0.010554738757882235,0.015790986631366164,-0.0031257670809651792,0.021417453948915435,0.03423231943749615,0.011438506663687014,0.011790900026860332,0.23533534918575127,0.17218529969932544,0.3167133214236574,-0.29695589276779516,0.00037926706886944804,0.011380818380327022,0.25371864007405687,0.3237902707166841,0.1652329857604771,-0.03437521433092921,0.1378415901875147,0.14252276423041746,-0.020973892296829198,-0.1466767429861648,-0.004169786119464211,-0.019308548708367013,-0.008168736357663589,-0.0019095606714510764,0.022074655832484223,-0.16106244136357065,-0.03992157202175884,0.03887609868553328,0.0024584302834583585,0.04284162324083605,0.03795836185799518,0.0417524249728386,0.043877067624697036,0.04014593498292052,0.047539891551208996,-0.020154028338876008,-0.0007069530579571708,-0.0072914697844032855,0.04087320920600337,0.04057635509910088,0.03975859845909632,-0.01802528333428489,-0.14930816485141357,0.041957695213007476,-0.035287500861851374,0.1541172982146815,-0.00519990552754969,-0.02662804747206883,0.002094705412158065,-0.1398149163977748,0.00890628775427656,0.2687108486828727,0.24388571996493355,0.016505778941748494,0.0061685809505568415,0.008416866496357749,0.0025711499140417785
SCHUURS-HOEIJMAKERS SYNDROME; SHMS,0.030824906201018194,0.28763946764376996,-0.029672271478435527,-0.036283616726607466,-0.2619595113225334,-0.022476239412669265,-0.2507415162641162,0.04643201478132374,-0.2651761657129778,-0.17622311168480026,0.04167776033401999,-0.0025205355730204635,-0.027965331448416446,-0.1782166565286592,0.024117452900602167,0.019734798505338488,0.010470602165745998,0.26208359434912254,-0.04424898557906274,-0.003135140581331656,0.013744022244375844,0.012929542783690918,-0.01436105452226326,-0.009414891190832362,-0.004550471383959436,-7.179953152988786e-05,0.019597224748878574,0.016410792754060325,0.01253156622925515,-0.03785319090721083,0.04186713208521469,0.26125287291993626,0.16327451929676962,-0.016986812953569165,0.03391300787374715,0.03196429062176552,0.02927543603104867,-0.03502155371642317,0.2181302357053857,0.14727533737187415,0.03525599575760782,0.03482267024918673,0.030680324440565947,0.025374096012135312,0.03878933654737694,0.03383530040997774,0.027230928432207358,-0.027068036473361232,0.03331700351220108,0.030682435838219446,0.027635749427088966,-0.03569581605666804,0.008592011047386038,0.013793734768375218,0.013507298031343942,-0.009907168863048718,-0.006406598378538531,-0.012454144478609375,-0.017872687451821127,-0.022296097210753988,-0.003299678865568928,-0.005161328970843567,-0.006831900488894514,0.001052298893897131,0.010736078974755937,0.01308729034881245,0.014812997698397192,0.029803687761433804,-0.15842916517561242,0.04148612776376266,0.34374426271481484,0.006920855005582333,0.2574459122630065,0.16038610536616504,0.3320371969131063,0.32145940514043136,0.017090013468113358,0.04911692099239009,0.0005677211479831485,0.25653434849922657,0.3988399738427044,0.053192132386446066,-0.19191097176228586,-0.014814899505244722,-0.04339281097101152,-0.14753350058726933,-0.3016448769477325,-0.3613166296009445,-0.020490847961559627,-0.02900108737954047,0.0043750500982275495,0.00486846392825006,-0.03636872193712994,-0.020577744995883756,-0.2542514408547755,-0.003435056233273093,0.027943514506513323,0.011271494878603221,0.008153482465238079,0.01897812049895299,0.010773956473797763,0.023029287347235552,-0.023135737518443954,-0.011942756202276856,0.23080654513436688,-0.028631589813787675,0.006321499036502889,0.005889080373874143,0.004994337216940096,-0.03773956904017159,-0.14989873581098367,0.23427761743885508,-0.016809385865050926,0.03695152500013087,-0.02531440265672587,-0.24621947567267916,-0.012065926684491206,-0.04573102056449815,-0.038233600391795845,0.2758428513472508,0.1514579426908228,-0.18175496029352434,-0.024584038566453473,-0.0130613325063892,-0.002001905913002405
SHASHI-PENA SYNDROME; SHAPNS,0.030836742310107204,0.009078658376636224,-0.0042785059861631695,0.0027840052297714445,-0.12435346614484469,-0.04254856927733986,-0.011136140147197243,0.23322832719844877,-0.04846936645143794,-0.039679542267077796,0.03547471616571254,0.015615749048858313,0.0009770503772557066,-0.003248761631378421,-0.010914754162470378,0.0015040412934348027,0.013227497062682135,0.19283511877075915,-0.010583520094826958,0.02545610429159333,-0.00038226754539296884,-0.025276514594403707,0.03250690937610507,0.02969101686203118,0.023116382718008942,0.0031738517193443568,0.038803576221510094,0.03699576612654554,0.033344824693587995,-0.003910775621742228,0.17333274531904733,0.04600150881508715,0.006587714874062638,-0.002459038624471254,0.04011121747071076,0.037173812496819086,0.03343821469617739,-0.014397290808139899,0.028380087025198775,0.03422761914364346,0.0376611484653186,0.017786391440396267,0.02482866842730072,0.030222121203822918,0.018327296216311108,0.026190331206414064,0.032284264717792395,-0.008027405519660349,0.03077270554670035,0.031821834240537736,0.03222374487803086,-0.0006439121133332828,0.15899266734330803,0.04079567875639766,0.013072869534425338,-0.008242167155836038,-0.03361291230422406,-0.02112007565918844,-0.006326992947408356,-0.023267079941014346,0.002765657047807206,-0.0007568584243007883,-0.004727125788788436,0.00028187075501780065,0.0029370612392197824,0.006786362718960344,0.010683031461719223,0.045634914434587774,-0.013047992175084667,0.025800171949243292,0.18715441142475575,0.021167352661625533,0.029863099925850352,0.029024216003651928,0.05461114087468283,0.05250217838966233,-0.015802630727039163,-0.00952628351176175,0.03649418158021599,0.029914617136496652,0.2731270185532484,0.27836508370216745,0.021000650536948405,0.008664702269088921,-0.016713072299651504,-0.004681821278730689,-0.03262846671841991,-0.04837782704366478,-0.015073398680125442,-0.01259878014610878,0.025520133713247985,0.020604162031393657,-0.0011664679074334025,0.0152349800169058,-0.05327067281482663,-0.03659317642817686,0.02484612475771031,0.000879043730454567,-0.03379906847536193,0.0031786243968247975,0.0015856227727269084,0.012651564679576425,0.00014469099840383194,-0.031372247367297074,0.0273394762132574,-0.010404944210995516,-0.010385756407288857,-0.009421511655264503,-0.007984936579905724,-0.02640244720764419,-0.03491430701929208,0.036682254228857784,-0.006147821223010385,0.023531168076995103,-0.022706756725817154,-0.04081418443488519,-0.0077263815110105525,-0.02957471801118124,-0.020027140596233922,0.2730020307850228,0.030008800968653805,-0.02328774610247977,0.010914531596066434,0.013873482256664621,0.018275370093890533
"SHORT STATURE, BRACHYDACTYLY, IMPAIRED INTELLECTUAL DEVELOPMENT, AND SEIZURES; SBIDDS",0.005921555218423776,-0.011176513800874588,0.027489235217441503,-0.009933478638670706,-0.1368753354931899,-0.02730093273733693,-0.14518633905881786,0.005629869458739998,-0.03852094359601831,-0.005645925337362797,-0.011978897855723269,0.17828652049534668,-0.0002852513899288552,-0.027921593304228717,0.009854171624207094,0.009781139493788844,0.006780064684563971,0.046577651192058485,-0.0012960872047851815,-0.0015757528563410342,-0.00809589159976247,-0.002694435041462388,-0.15644349281178013,-0.14944709063864814,-0.04122651533918476,-0.00512598214828408,-0.026335231218230757,-0.02698166482550742,-0.027316609337680833,0.002444077400777327,0.030432913307363446,0.045034902128092115,0.032750262479336746,-0.009319645487558575,0.034963656639175986,0.03546692903193395,0.03491249495849849,-0.00896517485264822,3.679148622725554e-05,0.00014598534968902972,0.0002368359855927831,0.015537494887837401,0.016042801846791455,0.015625861014425445,0.01333784771709154,0.013293406187119014,0.013142740497717482,-0.019119918674738206,0.02842904176054692,0.028605513865362357,0.028118919891174477,0.0017408662542987632,0.1444469883641946,0.16720876856174677,0.04321106387259776,0.0010555097152611045,0.04016078037072072,0.03786480485794724,0.03229554260221281,-0.02142082289987851,0.004383902464306916,0.0027064729746850516,0.001144236619209391,-0.0006293025734253764,-0.0006181512872676724,5.0415165913695855e-06,0.0007360287875136852,-0.043627267533503156,-0.012025298058163684,-0.02120187683552628,0.16803053086849234,0.006833067567058285,0.23918407402627012,0.16228723842983506,0.15956505203948423,0.16665406733350338,0.03314899902782144,-0.042698660269683705,0.008717248731116829,0.2391744008141549,0.256109148773093,0.29404663861390457,0.014411158856176897,-0.022823659608121535,-0.01835775392355571,-0.015948281546289387,-0.15139643092438293,-0.22972075020185032,-0.02112224627956285,-0.009855506641932231,0.02741366818022842,0.029874748069860367,0.011580744865270798,-0.011071140236298004,-0.25010045597967,-0.015524112289987613,0.01736544254567688,-0.005319553487647232,-0.012947704989403824,-0.002244457337640803,-0.002663853424506172,-0.0002573729200777242,0.005897898140065637,-0.0030548577340902203,0.011285217763625182,-0.02204904218180107,0.16430947746851943,0.16359255411244084,0.16111531474199436,0.005785787291281811,0.009387223800479825,0.17849687203520165,0.02262236113707844,0.0035652774543062744,0.04616456791336373,-0.013853385615688066,0.02225768721083104,0.01606194319938667,0.014105866848480395,0.26820670859911244,0.016859358371966927,-0.012204268770931042,0.022056147522190872,0.015042095537334713,0.025122274482086916
"SHORT STATURE, ONYCHODYSPLASIA, FACIAL DYSMORPHISM, AND HYPOTRICHOSIS; SOFT",-0.15571317107077104,-0.014346475753429164,-0.017488320129681375,-0.002574963032453623,-0.003930254317956394,-0.0006752492689929813,-0.14818264299509618,0.011198598076032571,-0.30791301443033614,0.043642416852678736,-0.16687302727831738,0.28776128749744306,0.0020778379709423564,-0.010452811781282982,-0.001944259408554673,-0.0071615323216157245,-0.009814493478610095,0.01818884550483409,-0.02376652742904354,0.020861615071945193,0.18675949912306636,0.017378940316976864,-0.027136265867402476,-0.01485103813185263,-0.0026674604549595084,0.017870472842532858,-0.010812270272001823,-0.016692006076974537,-0.02163818885399116,-0.021490891791229687,0.15324403679394802,0.2008333932535701,0.04232399763390568,-0.01884072996282955,0.03393343152656686,0.03526200969994175,0.03621598948325874,-0.0011935320191485037,0.013047713845598913,0.017093058877741218,0.019591703319625856,0.019202374630356275,0.018369091622953936,0.017459384812953862,0.01859966135251757,0.017697487710790598,0.01703971463163428,2.2887348769835992e-05,0.028821921229596023,0.029203701752480063,0.02881915886901398,-0.022045085413471763,0.04370080948688581,0.15958389274089407,0.03874275990326356,-0.019313589814852594,0.02032983457785005,0.01352696928691464,0.006017757537382247,-0.013053553716960792,-0.01479053578611439,-0.017491936444122665,-0.018683709097333537,0.00286557713959377,0.013702553368115664,0.015308772786183193,0.015988186552381087,-0.2753651594386467,-0.024741965215699765,-0.18233254753914085,0.2967580768818768,-0.03131839780272145,0.3076345963499888,-0.0040165644521918875,0.043392893973380704,0.03461338522964222,0.03899527136172855,-0.013385731097670961,0.033747513397440004,0.3082945403253894,0.034641339956017314,0.17542272659940766,0.03002772381643152,0.010890177477325666,-0.00283042985477429,0.0051874623316654185,-0.2711990590418761,-0.18639945209998063,-0.01714123685674301,0.011204403998309877,-0.0053573617181952825,-0.005752155005628498,-0.015389601603859852,-0.0014716159395119644,-0.03658481359840946,-0.009202114110896943,0.025945438539172236,-0.17690135721848244,-0.13227600239403203,-0.16501482505947776,-0.16626607862602097,-0.14591660244245303,-0.02607504211339245,0.028270316762110975,0.015840118216765904,-0.020730602629164836,0.037814779619109964,0.04068352361360464,0.042507259411625274,0.047714053519536045,0.1691588509173892,0.011384645248151122,0.02763502156811123,-0.03934168653222396,0.3301847743898041,0.05391262032649006,0.04632443514669316,0.18216757456050742,0.30378833970826835,0.18563124576486956,0.030758776924876087,-0.034616398484629045,-0.016130556013365483,-0.023050217812797875,-0.013109870569659336
SHORT SYNDROME,-0.04374247259335709,-0.03506667985551063,-0.011378046589079593,-0.03986952229846553,-0.03680888241609305,0.005539802202690295,0.03305520528092836,0.046266729529456346,-0.30259378229195244,0.03156128306445223,-0.047840431449604676,0.021308766120040127,0.009612279775476705,-0.03147092996071692,0.018548974406767792,0.017445931533790707,0.01175569381377589,0.05384210406543394,-0.030641912391337164,-0.0024050081041664907,0.18038913832381587,0.042406874761158654,-0.047451024186898005,-0.05026015149078166,-0.04788814823828088,0.003103137600993025,-0.002573588714697116,0.0013601021799767013,0.006039731506433216,-0.0232264032930715,0.02998128567423915,0.27599158329680296,0.27015443402008665,-0.12987778357970836,0.15870185170072149,0.1619968538618601,0.16163135039211324,-0.029822799185643796,0.030678130163791006,0.026369853382274024,0.020471462803635047,0.03755988594275154,0.0326524060225137,0.026192093865915228,0.03656887059185247,0.03044813577145616,0.022659772382372746,-0.028962602138438015,0.04619386034184676,0.04436698068756763,0.042367335446284064,-0.0321234270388555,0.042514976142566475,0.20096124680561,0.25189949680167584,0.00160087690922248,0.027401230083544687,0.021050868600488784,0.013544285243392011,-0.020114565467269977,-0.0066001964758688626,-0.007987526436544745,-0.008504193857266484,0.0009170400119624528,0.010283729669477548,0.01159422245428568,0.01224505363436433,-0.029692144681383755,-0.04216126762546346,-0.04009062655770551,0.3233424181162384,0.0018072605065701742,0.2932274023368033,0.01467751247824272,0.21565064386589175,0.1975111862435248,0.02375592833325022,-0.045393422516276705,0.01150383652180438,0.2932473271914593,0.04239521686375053,0.30094515033345326,0.011808336145829495,-0.02928139841800031,-0.004347822419641398,-0.0009823294720946883,-0.26395638790469084,-0.28181906046918354,-0.038213689863489726,0.15108043667428792,-0.047157172466445546,-0.17354491891875867,-0.03048895657022206,-0.03185316300356949,-0.045669819711718136,0.012234518576018191,0.036248589101336846,-0.18327783437809744,-0.25163442469934444,-0.17450462207579323,-0.18095536641093934,-0.04422603923682258,-0.16562789303709363,0.008311867099576379,0.030620874184187366,0.001008953062865088,0.00025395469225587597,0.0002856309678546991,0.0003430271124460396,-0.011079213939343257,0.046416011152905015,0.01848186883722206,0.04301244449277325,-0.04121517092723577,0.06432916278219475,-0.03669289513663545,-0.016409168989088344,0.020047799591843597,0.010065978667679831,0.22234415270386432,-0.019671307968445205,-0.2661156199104262,-0.23965787394637422,-0.17784789289495054,-0.1852125473511909
SHPRINTZEN-GOLDBERG CRANIOSYNOSTOSIS SYNDROME; SGS,0.005490672544488576,0.005821008745809552,-0.010660478010418846,-0.03250498421121523,-0.023020070940269182,0.012073953590068324,0.00020447689598887154,0.04171868097006904,-0.011069999788428974,-0.008775891013626741,0.015740376363831417,-0.00911311853649995,-0.008794800194970273,-0.026723291838716277,0.038717545562585436,0.037684404769794726,0.027097332742276114,0.2510048284838737,-0.01270957912916606,-0.020750456428705093,0.016339712144338346,0.03092115770635865,-0.022590316840523456,-0.028283047988430017,-0.030596589799458493,0.0021057363663144727,0.02306238820034055,0.029638924497802366,0.03511356861087125,-0.006235773834223811,0.013600529288914781,0.05264197564111984,0.18763324465691833,-0.012596151608896452,0.028402427547364273,0.03180791941570752,0.03445947626307007,-0.11049308686679492,0.019113083257371353,0.013182761507974022,0.007300997506656686,0.02728807684836792,0.023054412998231275,0.01819816905278371,0.026973013140657757,0.02231835622677524,0.016408789777086413,-0.019715078146953294,0.028786476103591037,0.02914759661263323,0.02870588827884489,-0.01629245053850462,0.014645932976200239,0.03557208890713975,0.13323787313058857,-0.019863811359320242,-0.009755200066819122,-0.0093279382523025,-0.007533258151120411,-0.07627308735010045,0.0036660247801197374,0.001906619052376934,0.00015335405237898754,-0.0006817208692655005,-0.0004387239937081116,0.0008924274778019638,0.0026193319523759354,-0.013927937934857665,-0.012556237650056314,-0.005094241323826047,0.03157740582280648,0.1371049098569864,0.008977316495697774,0.026107424266413454,0.15424043106169236,0.1475823356746696,0.027284233195039788,-0.02206544083826954,0.015429511315089284,0.008852402462345666,0.2598742284619789,0.2644479680348438,0.0011686717354560657,-0.01984432370442363,-0.01441736884085967,-0.009438559312115914,-0.0032463053711358964,-0.03283319829341335,0.001148498177243821,-0.028004730419705904,-0.012151862280354638,-0.01608907910944784,-0.013068069221409415,-0.02903091036073437,-0.029501466369528974,0.017196457105361537,0.023166654601002142,-0.005456520561555509,0.00344520890666425,-0.004342223872308848,-0.005864498391863741,-0.0007372884888238355,-0.01382776860287892,-0.005026998786610063,0.02362845904327675,-0.02210298160363478,0.01476663452165038,0.017182432804561297,0.0194251644647385,-0.03365900196222464,-0.0182186948815882,0.017028480335003232,-0.000564803414970438,0.022254750919593176,0.014958035888018877,-0.16838455874437683,-0.02992369262828974,-0.028940027734899385,-3.110634990407623e-05,0.24738670342366145,0.005206965917706249,-0.02861091598861322,-0.035305388701667745,-0.03288513444686958,-0.024812864083212743
SIFRIM-HITZ-WEISS SYNDROME; SIHIWES,0.02867728145257515,-0.007237754744033035,-0.04219406733603796,-0.019624567312280725,-0.013515524992113509,0.006614353739026788,0.1640037593642932,0.325303364572621,0.01212327045676407,-0.03268869241962189,0.04477862978543031,-0.0006027174199717295,-0.008258682452034887,-0.042372569756568786,-0.019096260684271376,-0.022240275198765133,-0.019820917247750914,-0.003999558457673505,-0.1388392006913524,-0.03391343346149444,-0.1851301703974498,-0.012346205899436257,-0.020224553723720385,-0.019220461118241352,-0.01558515223329459,-0.008877427233769747,0.0002495499422179884,0.0012509296358361633,0.002366976897304243,-0.03586096686224248,-0.03385008071863966,-0.03341133967284079,-0.011898224573375683,-0.026588640993982872,-0.021599094650553437,-0.021465569959400795,-0.020294039569691884,0.027735743727302236,-0.028481838022039675,-0.030493777484552426,-0.029824789202991055,-0.0182595749603183,-0.018880985512092663,-0.019666603973208404,-0.019322072764573716,-0.020573307394646852,-0.02095381668699981,0.008159741983252006,-0.01992105040961692,-0.01949176667066262,-0.019631712250979066,-0.03287454307570398,-0.016128154865075888,-0.006437543859054184,0.0026998067098778075,0.0045676083461721325,-0.039263119770913964,-0.04123774561855988,-0.03952789469815867,0.02337143216546254,0.040102434884270385,0.10379751991062162,0.0632901338111907,-0.02100850177116975,-0.032948301501395716,-0.03266326768310084,-0.02941067617458362,0.20448287303669055,-0.12750507166598726,0.03054943114828927,-0.009522758433820439,0.026964112921327898,0.15700480918535364,-0.032627734295472825,0.00801018894340994,1.6508119045689334e-05,0.20412842340005194,-0.24233309056677116,0.00044914663888766287,0.15738294460724445,0.03830820426767582,0.16782702110151046,0.029884722250198163,-0.03461429253854975,-0.009302723538811442,-0.00952601348965721,0.032736002908798544,0.01776000120854058,-0.14690661740586222,0.015265606602947098,-0.0033263945769932105,-0.012416000996799447,-0.12838908621305392,-0.006928983040737017,0.02792406913793383,0.01980359748720858,-0.0048484208917140646,0.007047585959077195,-0.03561327436936561,0.01030383194976905,0.007082946233133987,0.021362942061549543,-0.014196699620295409,-0.02632364141940118,0.03289748030120871,-0.01706921076008965,-0.03451286008532566,-0.03263141849159437,-0.030558050065349916,-0.03723884157073105,-0.045385309820373934,-0.015078925879252785,-0.16642690322261658,0.014470197688604722,-0.05180031527308093,-0.03512253903928373,-0.031539758123163834,-0.18542552941424637,-0.03826519249634712,0.01718615560619812,0.043526081285283236,-0.016418146552669294,0.0013744663869209286,0.007316582594623399,-0.0027581592859670656
"SIMPSON-GOLABI-BEHMEL SYNDROME, TYPE 1; SGBS1",0.1589232729445808,0.009393635098776328,-0.036623207313811065,0.012061603604104349,-0.02845766986785397,-0.04166093079516238,0.0058685526375215034,0.411259721162306,0.22802224210271765,-0.30213382975404884,0.2937678561212746,0.026509662138214443,-0.012069586611810028,-0.14361164305636587,-0.013900099445793493,-0.0015662900302465814,0.009157657237641613,0.0351318548951025,-0.13128549610886206,0.0014778649137151428,-0.2150308921451674,-0.03802330698708889,-0.00692413910065603,-0.01201009673088093,-0.015416227410640151,-0.003214097483866438,-0.019418764573118377,-0.02315982367219515,-0.02635439153290623,-0.029462779921210693,0.1136483137363872,0.0249848660277246,-0.0007129272103784172,0.005028146495131435,0.01030093776362444,0.008271668016576753,0.006197606120247063,0.0029797718604839133,-0.006164595635708233,-0.0018427747167348925,0.0016903752460302548,-0.0025718332152252026,0.001456556836280811,0.005842899407097912,-0.0034438912467035037,0.0012120812141052887,0.0060549616764844485,0.0016537399127462106,0.004698229199804426,0.005481037974357105,0.0063774603159706626,-0.033446143857443954,0.11853261411215321,0.025363125891339187,0.00292333872087025,-0.00687566731755026,-0.13446430142408236,-0.033350234187653635,-0.021382610673995547,-0.008679916163103355,0.006604324365829123,0.0008177702109777514,-0.004667669025514232,-0.04154358621651665,-0.01141455873438373,-0.004742440301726959,0.002003432981276218,-0.10139376527973054,-0.13302380124637367,0.018983860844652325,-0.04459491551734034,0.20148206038119257,0.13572612279413224,-0.028733160541256735,0.008737773267945139,0.0019616592459705796,0.21440787911961157,-0.00037185411316222023,0.13351687122705658,0.13635871822430098,0.1481282986776131,0.13774687517501666,0.0119583268975454,0.01083805382880814,-0.04093905386267166,-0.028610050273307305,0.1678453117491532,0.028740919373703416,-0.0972515659359221,0.018792605575821398,-0.01736144781080731,-0.02960893689136239,-0.1309320796342947,0.018834702459074346,-0.022351468883873536,-0.02738431941442619,0.026203326823563806,0.0012039457841190129,-0.012998473182769869,0.013068964911615412,0.0023664206350683726,0.001289734763011362,-0.017871653113268087,0.13316600275761428,0.17886569499588556,-0.035512816338936014,0.3472231973252504,0.35180253060120253,0.35062919328904424,0.00043140915472009844,-0.30836569743428266,0.03898495096186495,-0.3067543174333563,0.2738479062653473,-0.007786944400978292,0.007326388581373526,0.0257623795979041,-0.23836400547299585,0.030193984340560517,0.1520549010414693,0.519957129592899,-0.3483305015268983,-0.02843160385176777,-0.02487683490787193,-0.029000127200089938
SIX2,0.03658916020264297,0.024884230077266197,-0.002044796401790833,-0.014230320404781121,-0.02647279768577471,-0.004356874697386807,0.04751492468272683,0.21343922132350732,0.02842298727085211,-0.03336962559497938,0.04977154491476298,0.023754249456799974,-0.01143480896946059,-0.03214340213327647,0.033341519888811254,0.039763133100271866,0.036420897104699264,0.3014201947252167,-0.003200528228966895,-0.007566009639010384,-0.005374890716409823,0.003274977006884723,0.02556744822551243,0.027152257022413764,0.026673934490216742,-0.03238074270775392,0.18509779768152673,0.1867156877833731,0.18485719140493032,-0.005082839162900635,0.03971093162697247,0.19941848116604954,0.05192641643310096,0.04444359438330342,-0.04572299183897722,-0.04043288648196603,-0.03394930268535958,-0.022573120530807147,-0.04212040315256732,-0.04514360364630769,-0.04591780428855683,-0.04699425858499622,-0.046026933805132224,-0.044187336803123305,-0.0459669791910496,-0.045681979170529734,-0.04374437039434171,0.1612248536150138,-0.04752783598210013,-0.04356098407732503,-0.03930671930880316,0.0019273185067360122,-0.00663719159413012,7.292157842717343e-05,0.0069667803763166685,-0.15413876822905878,-0.2777254272613901,-0.2782269262289746,-0.2684441897515707,0.020919108245860067,0.027376869685054706,0.03563524944488137,0.04076225990286751,-0.05321944841276338,-0.01773722314717933,-0.0254643221462031,-0.03223476646706186,-0.012258924644638264,-0.015153817689480245,0.01367340059020712,-0.006669649064013764,0.16895477445331783,-0.024479661370910618,0.030703972124029668,0.020103888237230333,0.024085516825304534,0.017636532303933982,-0.03182974810708618,0.029282112456266926,-0.024547584761680535,0.27977655210573793,0.26178829203761045,0.0044917306930197035,-0.021203352214556007,0.011604426301076314,0.021035777814190054,0.029922245265073182,0.0006856274938353972,-0.019551253873559635,0.21393874526317055,0.0052602505453985616,-0.0012774005037382802,-0.0038530571619906804,-0.012285938996660932,-0.1490690941207548,-0.0017968450166092119,0.043092380492282124,0.0006342180181870435,-0.15872089466199454,0.006379319929959854,0.0017182159799846422,0.004881577915258522,-0.007065947322542618,-0.0010127580966485972,0.026345334577857763,-0.02791774146203894,0.050047565894504084,0.05047263077515777,0.05087074016397792,-0.0004380239560078297,-0.05186011921157546,0.16540711484144713,-0.021105782811437403,0.17492976315241154,0.035780707007804245,-0.00593452509338756,0.024975258755453332,-0.034505312966889856,0.02758419234740823,0.04696875176539723,0.04287043507229861,-0.03949292811950719,0.00836710059657496,0.012422525442850838,0.0037189106874638317
SKRABAN-DEARDORFF SYNDROME; SKDEAS,0.020438508464832205,-0.0038678791618624257,-0.15960628791753417,-0.027112837553247424,-0.21399888415702514,-0.019633695908473355,-0.2597217318113051,0.01906272784666259,-0.011935710909160598,-0.021908830098370944,0.030808763557829334,-0.017292436473181988,-0.02656433854551341,-0.02659408462287465,-0.02741743249202429,-0.02530808154084603,-0.015455355938258518,0.007925090496773615,-0.16299172665695633,-0.01764714422506784,-0.03776391849547627,-0.004936883804977002,0.03153685705606391,0.01952314636816556,0.0062599163035957205,0.025418571581236258,-0.03284021186342886,-0.026236950631581286,-0.01855450679267018,-0.045094430158157416,0.005383140396636938,0.01796507710871576,0.019615497895018538,-0.03380487298876326,0.03786849771782806,0.03925818468368136,0.03953985674138226,-0.02957461623545522,0.030409592099082644,0.02992795590173251,0.026930629750577164,0.02844200394158988,0.0282821045916031,0.027215999870044884,0.030167387756461796,0.030035577449039473,0.028064254397404592,-0.030131466792349283,0.03358476509056445,0.03450822431111904,0.03483472175892485,-0.04116555881645804,0.02673467769384765,0.03559539757002969,0.03134751243273139,-0.014726048614787757,0.003183336714601951,0.010795030014196497,0.017843461499417037,-0.030285694744612762,-0.015493978648807177,-0.021479227381712623,-0.025339209554372,0.0006677691812366006,0.020128500221480137,0.026101118201626045,0.03095630643900172,-0.003794498450417494,-0.2186374598177589,0.03705364156028881,0.01953714794379246,0.010280629538251587,0.03668168440640758,0.011831335305290559,0.022587554345547035,0.021255335874370552,0.019169360636976312,-0.002693451658668302,0.15515678228893387,0.03663882346836623,0.028474081021802895,0.03930310084466269,0.0037023519493706255,0.0010617224506828758,-0.1751728532186826,-0.04210318220678883,-0.008567152248831806,-0.019418707995708488,-0.011755516522287615,-0.01094875926524549,-0.01578830819645138,-0.010358003197346297,-0.14788050278327222,-0.01398576710569976,-0.14607564660754385,-0.0017751167530690724,0.19068817346770803,-0.00015212840589407943,0.03015169916291855,0.002027131105114298,-0.000892253279087225,-0.011903826651072313,-0.022430341715270977,0.2695179107327028,0.23179578252287497,-0.012279362279113552,-0.003011301716094871,-0.001061768329436872,0.0007650599931919101,0.028361840851019483,-0.0344925504422724,0.025210059984456377,-0.04942039654086677,0.020485616454133753,0.0026329375697267073,0.03211255593610943,0.03662526879952512,-0.00962813569260736,0.0030777390170115683,0.04514914726731654,-0.009264536700450009,-0.03817251087820739,-0.005499433466178893,-0.00370556209124632,-0.00779780770289461
SMITH-KINGSMORE SYNDROME; SKS,0.020892944759321175,0.0003324507537561455,0.007675192115555559,0.0122786709041037,-0.03172189858457477,-0.045185434305766464,-0.022226712168952098,0.04720730846255844,-0.019778017801445544,-0.021838227045142163,0.012901102590919509,0.15903934647483609,-0.03006856662795957,-0.00951613948878374,-0.021638580444615182,-0.008832531128116538,0.004264451253600846,0.019716251710701516,-0.02059470688710939,0.028756793672057458,0.013913715872388002,-0.017883384114428486,-0.0015970018750801115,-0.00251914037063353,-0.0032546881835435384,0.005920131885110153,-0.024686922987123147,-0.021977053922273643,-0.018941295141973794,-0.020414557381989117,0.15533467693970426,0.044228466821213015,0.009315616322453096,-0.0013272803568136478,0.032613114179537085,0.023397611451415598,0.0124740018155906,-0.0005767618498403554,0.014959270451785923,0.02402373039075383,0.02993737380498312,0.018710499834176633,0.02002564399729236,0.0201644303666037,0.016482414852997042,0.019889366685452603,0.02188115417763356,-0.01571403329795747,0.028648890578069054,0.022458608050925196,0.01548775334501611,0.0013362306523947729,0.04258624853379119,0.020389032270318696,-0.004924330322628892,-0.040633380792888626,-0.027009205450588877,-0.02819268605249943,-0.026571137864755064,-0.022871960229568118,0.008864373185366673,0.00831389760734999,0.006933965005620846,0.0006004398009207628,-0.003916127234363552,-0.0028113080863446695,-0.0014914308759532086,-0.05079748072485149,-0.030427165174615935,-0.0007153844080474534,0.04029202765109925,0.048113123525786824,0.20629344222180168,0.0230055723324241,0.05264168981442535,0.049856016363510114,0.011723084060636137,-0.025185063071118993,-0.009556638723723993,0.20633974954429002,0.0523668160740457,0.059338683254589436,0.039950019168743856,0.014488273486680144,-0.03983916001539867,-0.14638829243740267,0.0013002542499731618,-0.030562206412823752,-0.02912350883022574,0.022467551693116927,0.014272882940788887,0.013761824042995606,-0.0022895967004246346,0.013804685782331636,-0.04621193400766227,-0.03341388232573986,0.02667108866613212,-0.0034521477640124323,-0.01369436653107236,-0.000858287057357186,-0.0016006551846972396,0.0020253861207367124,-0.004717305162057234,-0.002721796898509037,0.0327382026523441,-0.0287018005739208,0.1795041454758639,0.17963304482803388,0.17834919745817715,0.00606076639016118,-0.015971276280775732,0.053438339509590864,-0.014121199121427922,0.02504752470587541,0.04588967385202429,-0.003839745552451708,0.027359377290231843,-0.009836114173401406,0.019517702989734643,0.04673581406552951,0.18103004774986856,-0.02816141465437927,0.0061051594017881156,0.004893220344854809,0.010562898865585889
SMITH-LEMLI-OPITZ SYNDROME; SLOS,0.17993396723650865,0.007039618015238104,-0.031243697078067654,-0.03423959657061971,-0.03241931904015183,0.006287051094050168,-0.11989993716572078,0.23292543998446996,0.009431055238717028,-0.3912439465599155,0.3790288259472988,0.010612984039481594,0.0023433768171760836,-0.030431731105787157,0.027402699393433736,0.026224428982959094,0.017415184142033937,0.021012601342326655,-0.12272107053259165,-0.030521547936569873,-0.022411540718612424,0.01532683625608326,0.017881641730736735,0.023427476217022833,0.02595914176331348,0.007099203435853668,0.10127620203764656,0.1017292456125346,0.031148484851169125,-0.11695039381444905,0.008378040041616552,0.11945255108437434,0.17373497037383906,-0.006030279955745649,-0.006263422778781174,-0.007190773449417044,-0.0077214695826232985,-0.001572048420821047,-0.000781422315433895,-0.0062960915042473975,-0.012000360972719339,-0.007768672946245723,-0.011873090215907808,-0.015347429081931497,-0.0042912787697988106,-0.00877828221927626,-0.012653929700888453,0.03217138020420221,-0.008606110211156459,-0.010719974788041667,-0.012351554766010613,-0.10728784008115894,-0.00705675883976133,0.0027304761330712297,0.013373795610651077,0.020062622728902805,-0.25018690770123125,-0.2837303607526276,-0.2911311944350026,0.02950606207901461,0.1420981757177424,0.20804032737345557,0.22716231319449345,-0.0004183834729199713,-0.16744400876921905,-0.1771726240487295,-0.05953318506115665,-0.010343778603535756,-0.11989866418852074,0.13550446313115813,-0.006243307587235576,-0.023281340804027346,0.00499054239645922,-0.013250322145416868,0.006660646831611916,0.0025913122741250015,0.20633272161256389,-0.005701243280415011,0.12494933162641914,0.00499432578776797,0.02573987745637763,0.022110122388924753,0.0019655058574081707,-0.0028548594336941634,-0.14553007693009015,-0.0787888293387679,-0.030206477919824,-0.018457969126556843,-0.021359738414304677,-0.003193428796285711,0.005167177879202559,0.00227397732468882,-0.12199581530805721,-0.026574622557453676,-0.013553289154263001,0.021004962405981795,-0.0167703413089026,0.19147428440071804,0.024758356492732312,0.23264595495994225,0.19647755899438152,0.2105597832657102,0.00979104126846314,-0.011639539838404673,0.23740453466023537,-0.009916057806750237,0.3131824996320364,0.31883551934308807,0.3213764983964098,-0.2097875993149571,-0.39285523598715183,0.010211396262794136,-0.292560890050281,0.35919709736291766,-0.042764663683656515,-0.1729314848381837,-0.024756279964010194,-0.3495930147387131,0.0006225356282487659,0.018289121315117646,0.518701451377057,-0.22173966360541952,0.0042571108116821275,0.012702460940671043,0.006916474212205184
SMITH-MAGENIS SYNDROME; SMS,-0.002600719643802848,-0.2072369377778956,-0.11017667898221882,-0.013064613608415099,-0.0036907570681520264,0.00990276967468681,0.008599460007099746,0.4109668300194868,-0.005058798858575372,-0.004100315672409883,0.008475775285019195,0.10243994231081009,-0.006648114697111009,-0.09719816120694837,-0.18863622089723314,-0.23930247563574322,-0.22507040940534193,-0.33779347392131664,-0.10394643586863142,-0.028431657733547736,-0.18255662746593487,-0.0011107528480221876,-0.03429003572372941,-0.025187958846205886,-0.014019211317178048,0.026736756217446006,-0.319222164076586,-0.3316878041148189,-0.33705771289688113,-0.021326614355466473,-0.16269518024119073,-0.17763369958446446,-0.019776971286656234,-0.020220737319086534,0.00958425854680489,0.010946156860403096,0.011886538905240105,-0.08055042201984741,0.00420462760286273,0.0031139057669478535,0.0020530982928044367,0.02126861437567709,0.01814570838652052,0.014560434976440292,0.01705960801468161,0.013589671641297953,0.009891101947853179,-0.023513047088880204,0.01720297955858157,0.016619850452016256,0.016003726873545815,-0.10180742841178639,-0.0055741704072184385,0.0007526586576359589,0.007081417816605099,-0.0017184947876611935,0.149973955693832,0.10090908152130791,0.022338174552123866,-0.12022753221932442,0.014527036151707444,0.00027491828953766975,-0.003877591814206556,0.002089320374382147,-0.0035712527358519675,0.0012923359023156342,0.0046457476942777165,0.020753879618230206,-0.14200547526302643,0.025341776780305775,-0.005575334879557931,0.015651904647718432,0.3655711837794995,-0.2698826695341578,-0.005648476307680835,-0.020576657467775802,0.21634940734834487,-0.2098975835010581,0.14660754655630903,0.363055801384845,-0.2057320595027014,-0.007715880970044007,0.09633647431453696,-0.01685965931315954,-0.20405441740676936,-0.16593422547589418,0.1259659629814859,0.11795183969989219,-0.10350733571000124,0.014805884495932984,0.0048627027461951855,-9.719825008594963e-05,-0.15523055678487813,-0.007040245192283235,0.09750582102674438,0.01877603911508128,-0.01881149954138003,-0.009375505267778172,-0.11464180107525196,-0.002614564968199298,-0.007753484838689066,-0.0001794927862753153,-0.02257977171058737,0.009638450179262998,0.13571171051240416,-0.028889583895130713,0.0015027360805832883,0.0017696472899077862,0.002013531938836237,-0.1264228014080436,-0.011862112611171927,-0.19772042767296671,-0.018693088047561587,0.0009777170797539171,-0.004662937018792607,-0.020058392135804605,-0.16366414087724118,-0.17287637572286896,-0.018217308753862866,-0.08696687696915134,0.014651658749965737,-0.30349368675150223,-0.006232868267185133,-0.003771003600426179,-0.0017573219747844951
SNIJDERS BLOK-CAMPEAU SYNDROME; SNIBCPS,-0.0508466977402075,-0.002089880204655355,-0.004874527008098577,-0.0336853394704184,-0.035368905533685574,0.004485800757046915,0.012871161719884925,0.03841743036321526,-0.03854397323141709,0.046323832247540594,-0.034649666243056654,0.009526366301392844,-0.002467326264954084,-0.022133816869110597,-0.030272982082411866,-0.039454421946629716,-0.038209409581390325,-0.002656580133029152,-0.02020567060594437,-0.026489648050963308,-0.012643042740246328,0.015694976982036504,-0.009989594482735932,-0.007506092589283745,-0.0045619844117614945,0.0043756266652467705,-0.039341453927508985,-0.03761373431892329,-0.03519587873712023,-0.010482593347889708,-0.01352089824343123,0.002520297396087103,0.01951991593153492,-0.012180592469380795,-0.01063562704533764,-0.00945385522504387,-0.008043097126442503,-0.028555372678804744,-0.016789997065143485,-0.01943367216336818,-0.020786440619739166,-0.004971633227258226,-0.009328957268861631,-0.012946418989640494,-0.00823746945312401,-0.012272100306882666,-0.016286232185189375,-0.011294055866460501,-0.006379430409759582,-0.007547618466448621,-0.008716328909005292,-0.025052671089141994,-0.0028609152121004478,0.00741912550611213,0.01799116941237303,-0.02873510181406872,0.004614404252748403,3.6606720774699414e-05,-0.004345850581175924,-0.01920027259849423,0.013941747112453171,0.01176932348789792,0.008368415264171201,0.0008537164569589003,-0.06032021491715574,-0.06360726821854544,-0.01970334927985385,-0.009662045841535117,-0.032631333610802365,0.0008347424942653075,0.03883513177560584,0.024459614331444474,0.31556059689997706,0.010795215096854747,0.021854339186795683,0.020927622557385873,0.05307227352112009,-0.044681399549243245,0.017369139577660123,0.3139910488958807,0.04310605882686297,0.2224013583680251,0.033954096863221275,-0.006166359468946747,-0.031169970156704675,-0.02635114652018037,0.0014236659708204427,-0.010051799875620073,-0.020674321180424435,-0.027663151939615827,-0.03741227202029343,-0.03745832728965991,-0.026953079857269413,-0.024828342575016715,-0.024552657383452345,0.014853050004452376,0.03781704681284395,-0.17718437976233153,-0.027997887950321744,-0.1767065177909573,-0.17618797752980409,-0.1580992213287038,-0.15619922792781837,0.017012083302623805,0.021636046123248074,-0.02438447706904073,-0.01544486192203256,-0.01419221226931211,-0.013807708509941313,0.006836956108393386,0.032150760814765526,0.01103764414003322,0.018026640961143463,-0.035157595021500294,0.05604966210629221,-0.004847649686011336,0.0009332753343458421,0.021240333804804272,0.027771322547208006,0.030985703441449543,-0.015301076063322986,-0.1485653813838833,-0.17324019823141798,-0.17617035113966653,-0.04687870749416636
SOTOS SYNDROME; SOTOS,-0.006450294113211242,-0.24537206838935466,-0.009757411645358682,-0.012412424947000036,-0.006375824292935846,0.005831660312144511,-0.25001213903418734,0.15428861679903816,-0.22683736226712875,-0.029531593981912022,0.01786004181048805,0.25293651082952967,0.0829866837431395,-0.019186114909171836,0.019405565681504155,0.023970614463669982,0.021468036518216903,0.028662221625222525,-0.02575419048510491,0.008845901483171117,0.2783799962011321,0.14957424399042415,0.09407259142158868,0.10010296204474212,0.09540619117015882,0.010602799503925682,-0.027186841233252327,-0.02320410116293202,-0.018425348217457716,-0.024621711276438793,0.27385119673221175,0.43643983219611543,0.36340155553171855,-0.030977519851445465,0.2919554134876456,0.28990985192583446,0.2831670863385127,-0.10211563242998863,0.20280369491661457,0.18212200368583384,0.12142295964946336,0.21444300106091432,0.20194599840506278,0.18279123288330767,0.21656472954239314,0.20072752794471918,0.177593219166974,-0.029520167737801303,0.2619962454114501,0.2561514130749429,0.2460340622524442,-0.10421484837052708,0.23583425084967105,0.30256170528252807,0.26402573545758623,0.007663979076965028,-0.15424252759475915,-0.18788244899775708,-0.20344243503356982,-0.1378554084653958,0.026167829255682555,0.0014404496975313748,-0.005600563353640323,0.0038451589313852376,0.003957523386242725,0.005221469022162286,0.010166678331900098,-0.4193544001970676,-0.09707510289491024,-0.18203655341541314,0.3160207591066182,-0.0028525777611442668,0.21015821417289005,0.00170301086261043,0.37718583414221113,0.324226978050336,0.3787585398625619,-0.31547069542455486,0.1915472309757206,0.21097163881406278,0.11841806428368783,0.4016700240982486,0.09293223913804755,-0.17924246067075764,-0.28744550215866316,-0.2387681574051128,-0.37257885249548145,-0.39120050056039657,-0.021589849247054253,-0.0007369719716133812,0.2650621353074072,0.27005860656134356,-0.006891853993359447,-0.01735565315964109,-0.038430497443344036,0.001999921790370346,-0.00871197078369196,0.11192652480519456,0.014615084712522507,0.17104884664877304,0.15489109228195352,0.1704351691480685,0.1213420171125259,-0.026336479603186146,0.1682539495619242,-0.02159502489986196,0.38155608972488353,0.3919213893378844,0.39896674908138724,-0.17674697352086347,-0.021267492031220532,0.019341363523969413,0.0010778904532704875,0.1862987848457392,0.3980915734196356,-0.20785828334212061,-0.025974696747218248,-0.11879577342571773,0.025057279912033298,0.32991384984777383,0.0243580882755442,-0.011350551508017915,0.15145707009977472,0.13635960684002257,0.22367017327501892
"SPASTIC PARAPLEGIA 50, AUTOSOMAL RECESSIVE; SPG50",0.046864038359242625,0.001019688386006406,0.01465210684888352,-0.00865021868427875,-0.007649631765048572,0.001939755156543838,-0.026673143293333753,0.18042756543657165,-0.008846610992700784,-0.17810587469397196,0.16114805301338664,-0.023713504403800857,-0.00582100520033611,0.016513259145461482,0.0007905190680070727,-0.0031037361477691205,-0.005754839315399097,0.0035422437861214575,0.01674929218562282,-0.018220243770093982,-0.034186281316678245,-0.0015325465365751514,0.005104118609675465,0.012128365078367188,0.018050790141665454,-0.016993429441857215,0.006891112428355639,0.004178501727206243,0.0014473091565501536,0.012505885764619707,-0.003550186843408513,0.0013103865466481959,0.005394680650986306,-0.00635437818045844,0.028676675704911215,0.03026302709219695,0.030716323494122105,0.0009289233598033132,0.0369428598110367,0.03613681897488353,0.03193148818324417,0.024098844957494234,0.02298227759102709,0.019737754911841442,0.027244667576064977,0.026226433785138042,0.022970399572562743,-0.006159525836975347,0.026158437331507224,0.026029310495748807,0.025355326963841327,0.023182941224761812,0.013159154418195361,0.026396295397052377,0.023336941056090146,0.0023416379138905892,-0.019805634070817743,-0.025343638817331902,-0.027325383253405645,0.004873901855229874,-0.0077177066372500274,-0.010126717447376874,-0.011259702069719732,0.003592798571323015,0.012538030439315674,0.015116211154118082,0.016681502870487617,0.04957119110084519,0.01244246085333637,0.03262555386500798,0.013020424242668952,0.02816829606951843,0.022488365300423585,0.006511640760231033,0.009544457747788967,0.009364681937533412,-0.022283974942186844,0.03563081827359959,0.0033747719294424656,0.022679687507132368,0.00129588423485613,-0.0004548336931983223,-0.011314361834404983,0.01621262147864266,-0.0002626404454161877,0.0009036327315539059,0.020510791445464707,0.003634581867488206,0.014439178045714398,-0.023891061421620893,0.028194273236695013,0.02610370061406928,0.015632942430232714,-0.01047874220653155,-0.022551520390921283,0.0027939293533271762,-0.0003212017817933377,0.04640158766362559,0.019264568373125034,0.15834822859561312,0.04576707935500275,0.04744368366747471,0.028805243870591336,-0.02647892015049311,0.00459424395663506,-0.011053256981165657,-0.0041220560006179924,-0.00362612280536326,-0.0029148587512859,-0.02701094658284457,-0.16347216501276443,0.006448438107847585,-0.03468717401659777,0.03769970697751627,-0.04076181438615078,-0.021176619950684056,-0.007581976481155094,-0.16638977630906482,-0.025915744091808125,0.02154202585862621,0.01717029810732646,0.0006428760991888828,0.004806299728750541,0.012888778629042036,0.022181145061237476
"SPINOCEREBELLAR ATAXIA 42, EARLY-ONSET, SEVERE, WITH NEURODEVELOPMENTAL DEFICITS; SCA42ND",0.03893679685077504,0.025843268362883507,-0.002308849705897354,0.014350323464869797,-0.02515073462311754,-0.03955578808701946,-0.0033686658999101935,0.17588839815723684,-0.006713714512294208,-0.04521144914946755,0.04923223641663854,-0.0391946243129818,-0.0018079430430192707,0.005731966996848511,-0.019274210768895194,-0.0023296892507423702,0.013395305155082518,-0.005991320041020968,-0.02252210848617187,0.005919605863714828,-0.034255051676887076,-0.031095798612807177,0.021379275331599272,0.011656315246872901,0.0007915363159336504,-3.0013960438988782e-05,-0.0010110663482849483,0.0034670517058467683,0.010188505883793978,-0.03124004734223805,0.011033750350285185,0.00019318569943451266,-0.01096787643410737,-0.009176031795078114,0.017563867463077497,0.012449846728809555,0.0071699070264608245,-0.01880225683914091,0.026543352977844204,0.02171788145013218,0.015248118738505952,0.009609879320389904,0.011802515417279393,0.014152296074993903,0.011932203387282951,0.014218676516690143,0.01589171488478463,-0.01004132824050318,0.013071575486839973,0.01145384800900987,0.009681091207848052,-0.013213237766890635,0.017425340133688433,0.0026692915732911544,-0.009382688796461746,-0.002891295292102709,2.2368247387378052e-05,0.0014602039240910216,0.003140744007485039,-0.0020504727756162342,-0.024672077276487115,-0.029440666322924112,-0.031458483258046184,0.0025214634853627667,0.025003054749711182,0.030244207156274856,0.10808921589110819,0.04256081909847731,-0.019167413488420194,0.04215967212346208,0.003539814503501068,-0.0133333431275805,0.007227800231179268,-0.017006250985895602,-0.0007838140585437872,-0.003684892719779904,0.0033917037824665558,0.04898022349972473,0.016845866772329975,0.007137280418065615,-0.0008314344847804985,-0.022800416043362103,-0.05067108114301125,-0.007019082437726017,0.006408882521966749,0.01441535736926676,-0.011733050743404683,-0.004277785158596005,-0.026824791639891304,-0.028995908940945912,-0.003893789083570205,-0.00815958571596956,-0.023039512298294755,0.02272345239676681,0.004298531709854792,-0.020774637756148958,-0.006707579670619621,0.03665731780795711,0.0165563433500408,0.040777680994551715,0.035018199081885186,0.03634108548371933,0.007212083254643281,-0.006905066069385699,0.026621904910289502,-0.01307952853956151,-0.0024095339173751677,-0.003709243067394373,-0.005518576663303383,-0.03536377000116317,-0.16619298448220501,-0.017626253223241774,-0.03814697884010268,0.036517262610203126,-0.035844390577758255,-0.028839808022389175,-0.02792930494631819,-0.05185173978991434,-0.03338869817052617,0.0018987900794607826,0.011189431381002365,-0.018167749429104763,-0.01107179355806754,-0.002328245154989617,-0.006206317211746206
SPONDYLOEPIPHYSEAL DYSPLASIA CONGENITA; SEDC,-0.01873361217183941,0.023152267556962185,-1.5790763783814006e-05,-0.04033806219053073,-0.30078311557890186,-0.044080211475506656,-0.20763262538603242,-0.029116091644131155,-0.3025489453169649,0.0189537705748018,-0.04270882579416834,0.27757756045220655,-0.016519599997282496,-0.03657219967728123,0.020252101876012934,0.017297862853693367,0.009206077961593347,0.3327899394332334,-0.04543080771573903,0.031680781000386446,0.29049212765697724,0.031983241432463116,-0.04679825861692089,-0.0434164503352367,-0.03639587608404417,-0.013976249291175823,0.01177761251574538,0.00857041959993582,0.0049098373448203106,-0.040981027744941285,0.18373522558607933,0.2991929892809072,0.19051097029116,-0.026864299811546925,0.04561995542078079,0.04502863640357371,0.04374154911143605,-0.02915556136891065,0.024501452308210717,0.02353935533227711,0.021599086699501262,0.02450281367278461,0.02282692434620275,0.020500905191011203,0.02210437293961783,0.02049825647243738,0.01786919628940691,-0.020320320343390166,0.03846460550272735,0.03735105980175743,0.03581407670121229,-0.04199422134058023,0.18796159466888432,0.2776489184513508,0.18646679622631596,-0.020345557217850852,0.1704561948047239,0.17240125047182364,0.16148670738771814,-0.015715601696357877,0.007537933876597293,0.005689162368854154,0.0031787867983992355,0.0009216724680815738,-0.00362198357992108,-0.002698909124114481,-0.0016863177486708062,-0.28086515353471486,-0.04550726951695536,-0.17878625399380624,0.36493146482319405,0.16033588814429597,0.28073420627735585,0.3313414325242387,0.3619732706901279,0.36384041406265427,0.00015728221288954236,0.011632562027658631,0.024596114602219513,0.28015243955873476,0.3144390557174381,0.29019249525444896,-0.00785913167111089,0.0038502085424673275,0.0007148125314403534,0.008081644806517024,-0.27785658939165075,-0.3546373547114025,-0.028548048608838243,0.017257787843286045,0.031220870679490618,0.03493605480339984,-0.018062745819315402,-0.03154074602622577,-0.349566996886888,-0.029301950170928445,0.1890530304006995,-0.02839349596050964,-0.12060903888477846,-0.025593795534713228,-0.02478024524126348,-0.021248032021970602,-0.0076284185941367325,0.03512388685453056,0.04039606719300336,-0.009576956152442943,0.048536500636060874,0.04754642506515511,0.04595618448748543,0.2107641455663131,0.041318979235694595,0.3473002475602574,0.2604216044655699,-0.019149289206843213,0.3193340420505729,0.033966877158023524,0.3083760600501055,0.3029409890525045,0.05957045487467535,0.3384575393088615,-0.031460994476572614,-0.005772642801607378,0.026442011380884516,0.01863817030307658,0.029605587646875646
STANKIEWICZ-ISIDOR SYNDROME; STISS,-0.03614325966992307,0.0018404092220119222,0.004362455449803609,-0.029115239680334137,-0.031009342821121957,0.003156084917220666,-0.0036699705304791648,0.019686278785605738,-0.03625532110307924,0.034529916317306925,-0.033784501309626194,-0.003198360234325652,0.0009845153525222085,-0.01189705240329866,-0.01340113728308605,-0.027307631798539227,-0.03211758596663074,0.002009617184835335,-0.01739014743746589,-0.012881001536390279,0.0076214670338883485,0.01923831402588137,0.016904475822281093,0.01776313457456426,0.01674027529116997,-0.011411315392337756,-0.03528538046652598,-0.03587523925774125,-0.035512999450183165,-0.01585089777898917,0.0004544204212859538,0.01904097873745333,0.026176044295170158,-0.007092189807343031,-0.0009325282418472648,0.0006258192816756119,0.0023514178483738683,-0.027216032189842882,0.0028825334069053203,-0.0008564184156547177,-0.004869903806898869,0.004045935438299485,0.0022020277840344217,0.0004410866894924016,0.004109045575135252,0.0011427946285369184,-0.0013785395339547687,-0.010802580799782618,0.001315069452626397,0.0019257696927131077,0.002596811324735026,-0.012390944924931445,-0.010856769132064644,0.00024177510892706684,0.009636244992757271,-0.004736669788065472,0.009680049816814083,0.008163387046228666,0.0058853190258232315,-0.10338745524804208,0.00818526343645578,0.006363584749193393,0.004027124858696956,-0.00037154265174578737,-0.002660775967104787,-0.002685396562798027,-0.002643889917506301,-0.04089992691378999,-0.025078048110310575,-0.008278139668608811,0.03982972788207571,0.01816700446424706,0.16592564104723323,0.013114438225033153,0.02977325085908195,0.027847963532559444,0.032776842033325676,-0.13818295172326314,0.01680390502086952,0.16618036364753752,0.04283022356062619,0.15082966863755193,0.01263854955322915,-0.02597772269386351,-0.2182956727340929,-0.21007802891741598,-0.008348230610857807,-0.02132791000218575,-0.007019013769769516,-0.01817540849705622,-0.018945533500195,-0.01679912503742891,-0.016208416991864868,-0.021504765858173777,-0.031918406713163414,0.008772329553152446,0.1492100568774011,-0.030638317288798626,-0.008664543352140994,-0.031215973369581745,-0.03140637334530317,-0.030579795046190912,-0.03178160867658984,0.02775345583407633,0.018728109751970576,-0.023410574665826807,0.00015927392650806645,0.0004751678308897754,0.000792583502694235,0.031022075414734285,0.0334996042291245,0.015780976269521598,0.010046013880811272,-0.026958494041241853,0.19787220429478153,0.025327300780486214,0.027163753616492734,0.03244500442390267,0.027197452385820785,0.022502952235254423,-0.03459119578569309,-0.01757234882521788,-0.01506229407342534,-0.01803343077504371,-0.018406293553377168
STRUCTURAL BRAIN ANOMALIES WITH IMPAIRED INTELLECTUAL DEVELOPMENT AND CRANIOSYNOSTOSIS; BAIDCS,0.03180974003559787,0.0354581169585375,-0.009846314138265436,-0.029317169285672285,-0.021311805831702682,0.01080496650111349,0.006992528241097052,0.04993985156902212,-0.04779343531321117,-0.0403490890351254,0.025285228658465917,0.004189048966542497,-0.0019161553280731894,-0.008717092411655162,0.008342054736354085,-0.0009763003983349981,-0.012193515486547716,0.009672145433785426,-0.022856796133447405,-0.026014744718683907,-0.013924945821329889,0.012330071971719668,-0.031951253721321245,-0.02385875985673822,-0.014357116888973903,-0.0002589236043244696,0.023344715708471082,0.02285928442794517,0.022354903972581965,-0.020799622082092926,-0.009706374620054995,0.0005492235357021893,0.010495185974417877,0.022477466270240824,0.0024549355878565418,0.0016344348960660809,0.0008991926244907238,-0.00893421768136355,0.010606626568971086,0.007302218147981975,0.003866167890930846,0.0071177509095585265,0.0019363396425340596,-0.002226137422230742,0.009020782929158002,0.003713854473949027,-0.0008913276606844998,0.024673556919862307,0.003636739210044894,0.0012699723138372486,-0.0009090396749529576,-0.026207113320547627,-0.010020964035388583,-0.0033262685368086937,0.003403577182767854,-0.0021702520097157427,-0.007208549826685737,-0.013914645921665018,-0.022111714961771375,0.007052510584466027,0.010942111244462992,0.01462871257616707,0.01618539047860029,0.03409602007238727,-0.005307465113313883,-0.00902417056749675,-0.012300586407267543,0.05289295958043647,-0.019117555758640842,0.010030891970764648,0.041115640111389885,-0.017017970883297436,0.0497215783877264,-0.03666028954551657,0.019899647527173523,0.008104781261309292,0.010277998438510277,0.028957404696182108,0.034930538061594914,0.0496940023009527,0.02519110419773225,-0.00023503073519009118,0.0018774425654140945,0.029717645739323034,0.006752427039584263,0.019183771669916732,-0.036753422824517,-0.022818694066365167,-0.013326013007100703,0.01858240203593028,0.020592208833010116,0.013082086613785479,-0.02337998879468958,-0.015295334212285587,0.009544042814221922,0.02202438686005486,-0.012643789607797178,0.007103884014289966,-0.026273821779560814,0.014919311515865216,0.007847994457737524,0.021401131431829336,-0.007622748192484065,-0.024219304100462007,0.03287795103391099,-0.01112947418890118,-0.027592768914571065,-0.027363538520731683,-0.026999586163667644,-0.036454627988957086,-0.02735243969804322,-0.014529376853981084,-0.048045194981040894,0.00046371284775797425,-0.05143244526427868,-0.02605452159854797,-0.021944159442977448,-0.04901152911962538,-0.0453340218582409,0.009347691549999709,0.04250771440050689,-0.03662838372611565,-0.007090567135487936,-0.0032332389304019888,0.005512727811003904
Seckel syndrome,-0.046000668778267854,-0.023324322956123904,-0.043467476838548076,-0.02035186580628415,-0.24547970547102352,-0.03588065658684982,-0.31949559490513996,-0.008406654385973263,-0.3303462793094742,0.025005434423605515,-0.04524004388060013,0.4289927015388786,-0.005272852870143118,-0.0347691935660108,0.005927942672146349,0.01654445417650853,0.024209374293223836,0.0466164656310154,-0.16915240949881027,0.023578360253449875,0.29513610724866157,0.02612029356021047,0.016452430997669843,0.02509100109154866,0.03193260559211472,0.005445610598101632,-0.004097654119605241,-0.0032972103724118397,-0.002412676879249565,-0.0435902089177111,0.15963423610243044,0.2979091598290241,0.1771247813715245,-0.025979664049510257,0.03468814401555263,0.033286520066370937,0.030814334237565716,-0.019463556552551872,0.016744808963429687,0.016893241893669992,0.015826943977514548,0.013762052669805387,0.01239883740126522,0.010399394236707401,0.011459646621264469,0.009659447432444101,0.0080163267107505,-0.02139176300323948,0.027551067407558773,0.025743294224017096,0.023493976605226997,-0.040733657243575,0.17165947944138368,0.24976697505640078,0.1577849559517558,-0.0024831115496550767,0.015804128784656257,0.008356811600750339,0.0015407142263918244,-0.02518610687074258,0.001868827701362635,-0.00014580951495723248,-0.002212188530322292,0.0010202677619909378,-0.0011516363292708963,6.0493381644097074e-05,0.0015250453630299228,-0.05306027546327306,-0.04735908920389329,-0.044246686678879085,0.35298484916158446,-0.03129983214852795,0.032118282482370426,0.3003254049777559,0.05072521895642608,0.19017863184916692,0.1724811638658308,-0.0005467196860197936,0.03271692456946761,0.031902701155054905,0.013257292647716828,0.04265284604167028,0.0026901070381882765,0.002071208902512764,-0.02836468515227715,-0.01825917208922154,-0.36755821552598733,-0.3425753604708683,-0.023438338401851656,0.16381185535531456,0.15246872060255068,0.16779963376362284,-0.02442256589089698,-0.01316636657245447,-0.34669612517446063,-0.021482367730913124,0.006960673856269168,-0.040273942908408904,-0.20423122997587567,-0.03019692631391414,-0.03416893676184527,-0.021803785861010165,-0.019181514460235936,-0.0009058788144688571,0.030244615314754305,0.0001665027476432543,0.0530282969552002,0.05010992013748675,0.0469773288023489,0.013899639309137908,0.042174996304655744,0.20682190670145598,0.4169388126910456,-0.01714577563963909,0.3640850482220952,-0.012328429317175631,0.023174637034836465,0.24532403509176817,0.24274203098514222,0.19177370062889632,-0.013203125766336385,-0.04377341487469352,0.16407594737062245,0.03955507079487664,0.15772449604597394
"Short stature, facial dysmorphism, and skeletal anomalies with or without cardiac anomalies",0.03811515175686209,-0.038650801282994064,-0.04861378873297866,-0.016102676570273047,-0.012504414686984034,0.004273420630820242,-0.05510496008008801,0.021740192256999122,-0.1921355723603762,-0.16332497268893756,0.02527557779131745,0.36224819760761245,0.013714147325704347,-0.0422453725474803,-0.003058920441421324,-0.0015504313698890269,6.860023608087054e-05,0.012505862363968945,-0.050428068819272524,-0.011984275253532904,0.0010183875326504495,0.013021808992496976,0.009102686060780739,0.016236075988623203,0.02258203172498602,0.005302894770915834,-0.030595195826285556,-0.03109663024231974,-0.030918223824423947,-0.1801548188944345,0.030576288462855705,0.17905988852714672,0.15737643610794816,-0.12945061479721998,0.28464313859179796,0.29005129437288796,0.2907612923346085,-0.038127375356655974,0.1698908005528017,0.05272749703984291,0.04972141034561921,0.17659632823480043,0.18033174638495703,0.17774098906791042,0.18116855890129055,0.1844199908125278,0.18067910439396026,-0.028317416325532627,0.20744820156661203,0.2637715895115682,0.265393938306941,-0.17781011392382107,0.1705478177094829,0.2009254273450908,0.05328900088743648,-0.012385403093238495,0.023254979794111053,0.017719304966362908,0.01053546152672181,-0.029644216953637555,0.004042831304068012,0.0012032666214341538,-0.0010988254794457935,-0.00013966487184603288,0.0019914903446070424,0.004039020515122232,0.006125014930282069,-0.04370422356567813,-0.2510472041294298,0.0007504044748654284,0.048645403068107815,-0.18858944459352345,0.035823400516970964,-0.02968848989776023,0.013462652219369091,0.00439546364442257,0.020119685326368,-0.006977042792235347,0.015399463862551591,0.035837000024851566,-0.001132709967571639,0.03789247112461408,0.003873913078450718,-0.0027468109244343153,-0.16118666850169697,-0.15401953229895374,-0.29103865724832334,-0.04388773332023192,-0.037262999981258385,-0.0036644678669533292,0.007737728415401647,0.01029116935501223,-0.04099930801205977,-0.011236650832477962,-0.0038043217182570734,0.010579135088278659,-0.028564959030347354,-0.020348731389634694,-0.02715159858790249,-0.011555456581189666,-0.01339861182383962,0.0007884092112799721,-0.00472130999304746,-0.03322247657278343,0.19027467134544251,-0.04462045985772751,0.33781269003542674,0.34270845561914554,0.344924467578033,-0.030906787896823818,-0.030591331166702068,4.45727378027214e-05,0.001779404834715054,0.04266380110130566,0.004518147319034683,-0.010324992471236102,-0.0072556738309931855,-0.02364814059828821,0.001575894209745952,0.05324464063008,0.44389096395516003,-0.03804428560724532,0.022968847851953304,0.01624226090330282,0.013554100837314832
Silver-Russell syndrome,0.007655055338143506,0.005775339678310315,-0.01477058681335289,-0.022806531421444638,-0.2381177802617077,-0.032936658040843864,-0.02913816696333856,0.019124091533951584,-0.28749020896754557,-0.02643091091135132,-0.009186385448728091,0.1987701188715214,-0.007493373377687453,-0.028706121447755358,-0.02290476438725629,-0.026987334494631778,-0.023329439386264975,0.035042160269218546,-0.0429066930840165,0.0012500704605137023,0.01064204712155712,0.0066300137698401505,-0.03827595516703066,-0.032794974098761344,-0.02386598101991999,0.02052257902244646,-0.031087910187208363,-0.02809683553012221,-0.024579912776662886,-0.0454912252347521,0.007983579444218961,0.021120784485069852,0.02111719066194121,-0.011205578465029441,0.04363099832169818,0.0399550642664471,0.03471463656365689,-0.0018277003155129905,0.027913885555561197,0.020134740858349525,0.013514716953600545,0.027346628310290902,0.021053889403744818,0.014380502857706848,0.02700360053972178,0.02027114773341251,0.013493430274632737,-0.0007789700461333605,0.037867722827815316,0.032462704437372696,0.027246787821498183,-0.03853216042895513,0.14333936286857396,0.18760581548093025,0.16472380423050242,0.00721183593465213,0.03703836712794722,0.027919515023989,0.015150920236278809,-0.028946761024200313,0.007984277434382923,0.004682173002240448,0.0013984892962194322,0.0030640975556844112,-0.003942809972225655,-0.00427955545972725,-0.0043050927077571575,0.02516535522861681,-0.04467156770267055,-0.01949885945160383,0.31956917759936404,0.003194373560626707,0.32693462158668907,0.028703420756046483,0.2987384119793308,0.22164502630988137,-0.007966851986296342,0.017093450954285317,0.19660301717431306,0.32861150373699444,0.052729780853566305,0.17659727220873359,-0.00996498713312411,0.004693536167918812,-0.03356191289624028,-0.010327082546191704,-0.06753679577748349,-0.23952943536196536,-0.13016177471581003,0.01985776831135387,0.020069684098110024,0.01424238570307136,-0.03036339166410712,-0.010002127050546277,-0.054827831106373695,-0.010281915196532768,-0.017078241212439612,0.001454960444871636,-0.16935001684375584,0.008986426009665774,0.004114723315108715,0.020314862326569167,-0.006718984336111594,-0.045393580998772325,0.0379353010056532,-0.01764373617436282,0.0011144574297551305,0.0016787084779356254,0.0021629075638208753,-0.03657583639257569,0.006275599240610944,0.037101046089038726,0.032992480050641086,-0.009475920754877213,-0.03275576813854436,-0.18633413227643647,-0.02089079576469237,-0.00518609452470618,-0.014442263687180549,0.2846769884075246,0.019748717147661958,-0.04768351457637582,0.007981730822931524,0.018430643644141303,0.01760896541149018
"Skin creases, congenital symmetric circumferential",0.013318438895109192,0.009916940247099751,0.03135916268238742,-0.007329023188537604,0.02287443614884196,0.031797640846333734,-0.003172986453621139,0.045811814926072815,-0.021520778092102736,-0.019971048847193702,0.0036895010911480873,0.015159280760552172,0.04675212304048577,-0.005719277129957748,0.0045401894584129006,0.001191383500278142,-0.002006139271520678,-0.050938213516144006,0.0209470541417718,-0.002583819777402531,0.04353111512098168,0.03387830451890867,0.02210927636884638,0.0156281220205443,0.0068418866833562944,0.020281883451036164,0.0010452905978813115,0.007442888302295525,0.015050409328721485,0.03236766144713245,-0.017281939560706464,-0.0008557356819981004,0.017941765110131284,0.15433704873237036,-0.045947758969763525,-0.04106047813168382,-0.03565570414693439,-0.004879362644298058,-0.016672813838360653,-0.020251712846465285,-0.021258760038876723,-0.037457007433514634,-0.036368695917167924,-0.033930105044461596,-0.03500367748266393,-0.035695188668727944,-0.03422822319954943,0.14352318701510994,-0.04407258958738459,-0.03980310130959925,-0.03530371252574175,0.025296058096623456,-0.05166034677949767,-0.05000008013949044,-0.02920554820136429,0.0154626463616759,-0.0007981542492637868,0.0019419574981596908,0.005319198235617598,0.001018987496922296,0.02548110916473979,0.019561508707832364,0.011487651017846311,0.006446791510540461,-0.015833366663311033,-0.012228465473963746,-0.00730932096117325,-0.006906485419808412,0.01822259113554299,0.005963564146047843,0.0030119812741153697,-0.0108188658439777,0.024509985960611217,-0.04522256338734174,-0.026006808877972437,-0.0320550988764786,0.029766476195821717,0.02412283756660886,0.0047336267008611385,0.02463050079823828,-0.18165323876204323,-0.268754901822009,-0.1290811296211764,-0.009972090797538314,-0.011295084919536564,-0.01018289710209165,0.018572223012125102,0.032359159941641624,-0.008836246652482739,-0.0005114583033829188,0.04339858439575262,0.04076246478980014,0.007082321703863715,-0.011034866805893252,0.025683256416690572,0.020448971830087537,-0.03624278012623018,0.02699939452996712,-0.023355507925551824,0.03168362726435824,0.028972021810258174,0.03863049775565382,0.023831524888177493,-0.03445349144601646,-0.021895267177240014,0.0279757385109322,0.019584278419506707,0.024651559534080904,0.030961617359073185,-0.027510447474878245,-0.0024746841868560896,-0.04541432924784689,0.010685615615763089,0.008863259341324783,0.024731906104858512,0.002358019380400952,-0.02300475768714656,-0.015544765065905585,-0.00497585423250413,-0.2623711093839956,-0.004850514918445937,-0.000133788894730377,0.14478823057832554,0.1537653408209337,0.14735282827860285
Stickler syndrome,-0.005375199100468128,-0.16418584467073133,-0.2908651916892136,-0.016743489108572186,-0.031817380578476294,-0.011080127634649894,-0.0006649440410271082,0.34586892496233745,-0.24783904648838617,-0.004728891570132926,-0.002387867697085346,0.40528293584169384,0.0007664421343844,-0.251150249455642,0.017352422143414085,0.013688366405122072,0.006405820557132241,-0.006031187922696983,-0.28391112171147037,0.0037211908911970867,0.026837481906476356,0.01389583569364312,-0.03215873995593986,-0.02513961332153751,-0.015253080740522706,-8.711394783550471e-05,-0.03986462357478065,-0.04288361529201205,-0.04468677066575233,-0.2806596133384746,0.043745309070523264,0.203794594601953,0.047616873220705236,-0.026278452431494854,0.053828813869940983,0.051582530352886596,0.048365095038203985,-0.1764428886831567,0.03346894957292591,0.02612563833017079,0.018584888935131112,0.045354876435239735,0.04289873876821259,0.03941331839188511,0.04502540624369142,0.041960831442416455,0.037136846236879247,-0.016204913760063576,0.051189752453643496,0.04880185842329778,0.04600146287953901,-0.2585095932137425,0.03290711111323631,0.03778669486792249,0.029623242763865142,0.007474649508334225,0.03493625115387489,0.02993532039246309,0.021575260844340305,-0.028009120344195608,0.013400769043716126,0.011625958825293756,0.008677624232716933,0.0032389598996132975,-0.004485091444132821,-0.005176783354022704,-0.005560114702068108,-0.16278593129195404,-0.26261177535260055,0.009701452735941253,0.04154407932927578,-0.025927947175978353,0.26052239073373223,-0.0022366515417597686,-0.006160796861240524,-0.005180934407304501,0.026374787085349478,-0.02772813808715954,0.013495330782040052,0.2590942164523154,-0.03220476003253148,0.006734064010279123,0.00243678246028593,-0.023213107547278563,-0.2777221080951906,-0.27516992990692585,-0.020744003616866406,-0.0027808327500759024,-0.215558070902633,0.4638153935205391,0.016166391324605227,0.010799621914991626,-0.27141971392513703,-0.006072936587430522,-0.015622730841890411,-0.00022615851930879875,-0.004527580505233277,-0.03490146242088201,-0.3123479579304754,-0.023404202438811507,-0.02843097127126047,-0.0040060375742303105,-0.019363786363665487,-0.020744175413536087,0.2769782683016549,-0.13746456030422866,0.30773775198869563,0.31239991709146925,0.30997556931598824,-0.02592811965730008,-0.0006097704098203254,-0.011050030170942833,0.04749653728735716,0.016295653144638288,0.3348519624673106,-0.022654545575253315,-0.020748748892290756,-0.0011579316486904784,0.007947574222719068,0.010654434840015459,0.044129676670110606,-0.26576459478542835,0.025033819389134186,0.02240085043739522,0.016445371749944374
TAF4,-0.025306574848687636,-0.015176588393291075,-0.043239213221605115,-0.015546429934318208,-0.00448053695450332,0.007970567422954948,-0.01578545230861044,0.006408370319952062,-0.014030871319697883,0.013141956570462188,-0.01079507135471175,0.029974797417320804,-0.0001130765362478907,-0.028854916229640707,-0.002620013509608275,-0.01159773400445599,-0.016398861176863604,0.030396483529621474,-0.01446792488505887,-0.024546676713914223,-0.0070411285974075425,0.017060790536761676,-0.032152071715739826,-0.028774844656266195,-0.022536422122368303,0.0015263776991773696,-0.021274497712989917,-0.021544993125308907,-0.021594510682415028,-0.01084104204070481,-0.006551608992877531,0.012636116867155002,0.02682432654454194,-0.014489715226270015,0.0002826657941060375,0.00280024214049391,0.005638409397303054,-0.02187063023725242,-0.008112528151821416,-0.014099179337468537,-0.01805391595679165,0.0033148690430212947,0.0010720006690907726,-0.0009127022182792243,0.0021853036069924506,-0.000693595326511348,-0.0040824150303840215,-0.016345184019962086,0.002207502347146356,0.003212205987968297,0.004119383165992443,-0.01160621296814639,-0.0026797986232157075,0.010464288472589841,0.021182616809891707,-0.006304776372935316,0.0074982829709489655,0.0058694036354442905,0.003287890961256034,-0.021812230673342283,0.009902853056328504,0.00896107452427934,0.00721804289591389,-2.2183163120901695e-05,-0.005896965292728379,-0.006173442584390793,-0.006019734908515174,-0.036830388457357026,-0.01451211194896055,-0.016374987336881114,0.008803355577133085,-0.020499037242314107,0.03762464983011083,0.007015202585048253,0.002070945756879706,0.0035442064620919357,0.03232043762674572,-0.037799502512078635,0.011208333923574629,0.037751636755394405,0.010807106518791439,0.035565672280408,0.0009079451924623057,-0.03360512263881256,-0.15009499521826875,-0.14889672731654258,-0.02553675057973789,-0.010471722796071786,-0.010071568801586538,0.02028635947778577,-0.00598515203264245,-0.0032464109198693494,0.0004969358648237613,-0.02648705577051338,-0.0334088314388151,0.012258661412191842,0.020137544148290932,-0.022437588287040088,-0.008050276090454694,-0.021093241313601484,-0.02089057058037992,-0.021903527705603863,-0.019734012761207412,0.017342220425009765,0.014481608434289708,-0.02048694030138213,0.02398611988840948,0.023387361370996666,0.022916437851346946,0.00023207607841875137,0.008498700702961949,0.01118035632927354,0.0040941973125747195,-0.009327885728936757,0.03798800967803357,-0.004208610493958386,0.0007386957160484732,0.006133110819337642,0.03284380563281492,0.014768899889537689,0.0073057338774663895,-0.028315507703920013,-0.0056107575233568475,-0.009354873802579378,-0.0057738561292798715
TAKENOUCHI-KOSAKI SYNDROME; TKS,0.011794563755861517,0.17049252206925725,0.001949485470524401,-0.044191938009797274,-0.2773131183547111,-0.017868842945219714,-0.014109530392224508,0.2772638496836789,-0.018429552945006863,-0.03606606200917413,0.044460541233063006,0.03131881207845916,-0.02480964535592035,-0.03133216219188444,0.007152423451664782,0.0038019910244631895,-2.8090686426378263e-05,0.17650072581326426,-0.04046659501213951,-0.03096437075927136,-0.0374040974751585,0.0029769708433114643,-0.0009335083961677348,-0.0024391900581305303,-0.0037632260042952926,0.028847173652824572,0.019004527781340097,0.02179068271959774,0.023504381575590105,-0.027884489122777596,0.007004464303686388,0.028859315275167222,0.03351522759155851,-0.006706689844696209,-0.0023659751122768607,-0.002224151445324988,-0.002024966462411821,-0.010337371136444692,0.004883535731997794,0.00021186542318229565,-0.0037642937370436468,-0.0053925723522825104,-0.00876075036029576,-0.012007880698622169,-0.005406338651763502,-0.009343765962094098,-0.012488996029962255,0.0016056811450616574,-0.0037716541588262782,-0.005170039382106596,-0.006407759067222106,-0.03422723204327111,-0.0006997200963409973,0.0076527376356108475,0.015222491510773624,-0.009365006625744026,-0.017846544313113832,-0.017457226240851238,-0.015163020103809143,-0.02379946486309721,-0.0025395016978117233,-0.005923958642923926,-0.0092329434444462,0.0010519584097979046,0.00835227858019353,0.011316721911929072,0.013853099140362318,0.021027284910968766,-0.05152246669000324,0.03111586092881044,0.03216991946574873,0.030955033906172696,0.044686036230141606,0.03069371153353748,0.03720015063684096,0.038692092864860216,0.015225488886629193,0.00517080193209118,0.037331509033793446,0.0449343713711814,0.38734195130838095,0.21750231288785066,-0.0017780565437722712,0.002772300281914389,-0.020944965523542202,-0.008759687542358325,-0.0065975184069332025,-0.023546928401036792,-0.029957069161887045,0.03332684878088675,-0.0015265352821512588,-0.0029872734427635133,-0.03160151379060732,-0.026103086913010783,-0.19462726685255505,0.0015679163827193663,0.16860529360695797,-0.026890333355865055,-0.023366683899162407,-0.0225506231970678,-0.024715355306582577,-0.01495367929064976,-0.0365085050158599,0.016646685951012825,0.16625742135088795,-0.021132222280166015,0.008640305577031967,0.010394113594190927,0.012365060270180833,0.022447384505114854,-0.04920778290727197,0.058150658078512406,-0.04031180705757269,0.026199348502143793,-0.018530208754517864,0.01111855802507633,0.04125841552776706,-0.018352463867047645,0.018241495413884718,0.19773729531862239,0.34482193938011513,-0.14550605759865795,-0.01595784078716261,-0.01439398482956614,-0.00807344142775743
TATTON-BROWN-RAHMAN SYNDROME; TBRS,0.018196628271482523,-0.014645060522865974,-0.26749121351350313,-0.016607142316630633,-0.01993409678146887,-6.574694466611201e-05,0.0075221357160550305,0.33615885217878483,0.015409196719386453,-0.03713206076973697,0.12786874402830045,0.27172838474998623,-0.00018133342092637562,-0.24239739926586787,-0.1098688357496316,-0.12584285859173047,-0.03381775106771299,-0.0286931232149571,-0.23706201526328619,-0.031930445211098335,-0.21206441459620537,-0.003347527990111445,0.006676693676292965,0.010462768086526466,0.01339188427850711,-0.009512309981208125,-0.23619598007392764,-0.23358316959017097,-0.22451248233683502,-0.21562616416879649,-0.003353852343471258,0.011535904732542493,0.022137532503738844,-0.02535529263571276,-0.027950959861846994,-0.026985072822322202,-0.02544034740459434,-0.13886579198168103,-0.01803534485543156,-0.08086689958858162,-0.12058164462244515,-0.014859022247978006,-0.01804954190012835,-0.020498312086601182,-0.015391801161383153,-0.019917270724151358,-0.07466438218287776,-0.009321400144173477,-0.02215311375046375,-0.022007173005202225,-0.02170311322793577,-0.2194241494061105,-0.029484511526071698,-0.025413341511487154,-0.0108687948179277,-0.02895400513279522,-0.21333791168953703,-0.24215385921794796,-0.2503346946183343,-0.026553135572092216,0.1028097508061916,0.08952086061545543,0.06673520692452081,0.0025176683525530217,-0.07889659871068617,-0.07669273467934773,-0.06779960489074294,-0.04012780969969806,-0.26821533540747033,0.03086039219567115,-0.028265465076897707,-0.026215308509731406,0.2252448618281408,-0.11833084289426031,-0.027541575119300256,-0.03138698419075399,0.2304061712257712,-0.21354886310823015,0.13412168827944265,0.22429267275611697,-0.0014637140806856442,0.011771327755370731,0.0116058698514502,-0.11480227754586964,-0.36829233131737704,-0.3379057908632919,0.0029437835989670935,0.022003147966517398,-0.1756951479135286,0.02258607974208565,0.009986068546025977,0.004387544126226303,-0.25182291799537726,-0.007290617701529759,0.011387937888687402,0.012513576987853688,-0.015287735021379346,-0.008138126672538281,-0.027631608697935555,0.0013954148496029973,-0.004732945862649467,0.006324582342525517,-0.02152562975913759,-0.005053760402202344,0.29888932351460296,-0.19721222128795046,0.30980196737431803,0.31623043649377514,0.3201327574536266,-0.03657961447688817,-0.18165496405520523,-0.00037604192514251026,-0.13493000626202592,0.17789700139750897,0.0344262062898636,-0.026378113264612098,-0.017954765370300555,-0.2173186698408665,0.005992708485334264,-0.019225367534043223,0.4405218733707772,-0.3021228503650365,-0.0017325787271740775,-0.002077157446284812,0.0014364737459759826
TCEAL1,-0.004069571769554645,-0.01969787965943504,-0.005453831203637035,-0.0323374756024771,-0.0040653969497512895,0.02996286039413742,0.021390556348824242,0.24978946756243806,-0.02529406539190403,0.0008074121314160945,0.005358987280896327,-0.0016117615567938135,-0.00875093396535005,-0.023703465495450316,0.00808419654215701,0.00032904417269379087,-0.007972052336098748,-0.027800669586928933,-0.004713059515873693,-0.03557503212118944,-0.009608644490614719,0.028777336500549356,-0.0076187795018213805,-0.0033119771403254767,0.00041272137616399157,0.0029689122826969875,-0.021888637442707484,-0.022061860448486986,-0.02057304914867723,-0.0043322039531705145,-0.0225700802849956,0.0015047541254805423,0.025258456864333204,-0.018272714609647453,-0.010153173629846636,-0.007125603999440715,-0.0038372455860710593,-0.0021121919935566578,0.0016955557517243634,-0.004099217975097757,-0.009926364876254496,9.729389754036163e-05,-0.0029699298772728933,-0.0063414464655497165,-0.00012168225335931266,-0.004393226991363652,-0.009003350696592579,-0.017738806708640524,-0.005160588722020677,-0.004369638996878989,-0.0036467555794044704,-0.005296346586256646,-0.02120810883731568,-0.005798012919997977,0.010382755055828783,0.018932490141275345,-0.008002292631902294,-0.01625606170442974,-0.02227958039727685,-0.017633951805566442,-0.00018931404350303751,-0.000539886562587615,-0.0009163074243669431,0.0018491930055500024,0.002765273218974225,0.002700254749366468,0.0023684313490933535,0.010959779809560205,-0.010062508415467894,0.026418718664942317,0.018620647900148113,0.004690862530852423,0.1583862747623645,-0.014286135694820214,-0.0018342100853024081,-0.004677775817392671,0.016919930478594334,-0.03460414568666627,0.006411311906326701,0.15741583102956566,-0.01011256264753536,0.004113100811441097,0.008661900234479911,-0.01577191100707398,-0.031579507991961214,-0.03144248612809151,0.012857751619094818,0.009513356290045962,-0.02181539470318325,0.013046810269994791,-0.024971049921224783,-0.028567751032795904,-0.012194398209045939,-0.028579373270581524,0.004144098809720728,0.03141811567046825,0.01709246903228816,-0.011724951777805723,-0.022227028059666983,-0.007355458177941796,-0.011974799057984731,-0.008868125978564352,-0.02807274959934325,0.018087330864579098,0.008186107448885156,-0.013185278390028215,-0.0037615819182725612,-0.0029625587767170836,-0.00214898279847755,-0.0034125499919321297,-0.004162338032076346,-0.013293887169230615,-0.0057805688971642,0.0027807434824025606,0.013910117918078982,0.002264468759851244,-0.004017026807107064,-0.009268657645079666,0.008248135543083368,-0.009598359121239578,-0.0004687500977042505,-0.19654632713943485,-0.025889808983303255,-0.021097037866532838,-0.026896147421722555
TMEM147,0.03572615245822915,0.004726807439947659,-0.011749455076859323,-0.01703209134192217,-0.03401372158628596,-0.010980728014182956,-0.3184914956941214,-0.0058643517274993015,-0.00048228990996335456,-0.18679645691628977,0.18189200705731157,0.0447106955203844,-0.00013072973305707384,-0.030534851970549955,0.030943755177101292,0.04183206575205323,0.13126820132462905,0.18053420305032652,-0.02055005108330727,0.0019584540324673896,0.02642076550655797,0.013724818833207711,0.03843694064634043,0.03555995342724767,0.031011550904148505,-0.015761720211673047,0.02810931988886324,0.032862185657709216,0.036547469723743,-0.029530226349676888,0.18472111003171532,0.3406914374095191,0.2750462646415718,-0.02673310030660471,0.0010341612457576866,-0.0007477389310106316,-0.002662310010949365,0.006930068073106974,0.009917039941077226,0.003465237753748512,-0.0010299506984539288,-0.009681938016702323,-0.01231988703437329,-0.014246137350617322,-0.00732023465821326,-0.009695550292805832,-0.011236863423104423,-0.018002520653136175,-0.0035824846376861065,-0.0063193405899053924,-0.009070301531175292,-0.01338781099842918,0.014317593445341016,0.019412815868487796,0.016168375721986764,-0.01902880059565579,-0.25497968839364976,-0.21583118379929808,-0.2132159893504404,-0.003341552424537943,0.0989457162894765,0.061262754629375964,0.011124993635791579,0.004003566993829979,-0.04240715627098012,-0.00902970704015982,-0.003708609584586205,-0.21732380350831973,-0.0240594617261827,-0.01467852969517105,0.029606123313284,0.0016591400255663244,-0.002134844726427451,0.02661899701818367,0.25831000262199194,0.1942474047986743,0.006054848561154681,-0.013925663790476321,0.1482657365258889,-0.002145471046968062,0.1735319117241465,0.17880369140107422,-0.0036016296543612348,-0.015782509991116057,-0.14963411445694846,-0.03320462996964484,-0.24741341137396933,-0.2797786348407371,-0.011593259064418483,-0.0324435043525515,0.04470372156688704,0.16878969624332296,-0.01433512789781078,-0.016348079751600044,-0.18394055931743872,-0.004129848605124465,0.011499742339784819,0.16120423034710984,0.17393025789067018,0.1694254654055864,0.17017746923873364,0.04324475260122434,0.04326810620621711,-0.0008255635241322577,0.1597486008281603,-0.030473416542715,0.344820586561838,0.35135652278606183,0.35564469741249044,0.010708999145728447,-0.19296882707595292,0.26636160260835745,-0.0412527445015501,0.28167155668454064,0.03659605218973479,0.01241321624622565,0.14933340832336636,-0.025634133468727335,0.0366814712052087,0.15218120348782804,0.30542195227715463,0.03162801384775985,0.03912607414463408,0.03572986359272697,0.04796423880718754
TOLCHIN-LE CAIGNEC SYNDROME; TOLCAS,-0.021988122989834796,-0.020215507265594863,-0.019446571002656208,0.0017085265041624019,-0.021043826276844754,-0.02077614847912241,0.02535498285786924,0.2619678694113569,-0.02012099532320988,0.01669881636050267,-0.012837612218896692,0.01841962933908266,0.0008995719371039207,-0.02455141947257501,-0.0036163233178298504,-0.0030225906899559066,-0.001714995090509156,0.015125787620837274,-0.02364180033727603,0.0010975734266900916,-0.02292598565740457,-0.018707072398880684,-0.03468477303024348,-0.035194354588068986,-0.032518015164818045,0.0017870358489179244,-0.029037333330898373,-0.03011363642573276,-0.03046877710505013,-0.011734032640972863,0.009263848609263334,0.0030799040751615385,-0.003988270991121591,-0.009216400183808647,0.0019467540500086305,-0.00013724224580573567,-0.002393075261106281,-0.016467955635868968,-0.017797681379305413,-0.01636326735365498,-0.013855576464215829,0.0032408903679611175,0.003173756598952914,0.0030280940780032344,-0.0004932016981832271,-0.00019593518859781724,7.891923471055387e-05,-0.0088985963568765,0.004810523807299057,0.0031372188789143616,0.0013558938946665402,-0.01847918656323336,0.009240246974461092,0.0033481590776831016,-0.0018793609803744256,-0.019314613326107132,0.01944368310748076,0.022052593488155803,0.022764427789403564,-0.023350470041397092,0.00018095152152828057,-0.0010611813542310293,-0.002434647079674307,-0.0009601815992188585,0.0014927395891667667,0.002628025248808645,0.003953770645857745,-0.001833721116841813,-0.034112134416833,0.02119896637354848,0.01252069097534749,0.022106195483760232,0.16069685495153083,0.000809752848159802,-0.004485961385915568,-0.0036704164524335057,0.03727749982061787,-0.044744213033226045,0.015952676494922206,0.1602001618752457,0.008007595148848417,0.029521366387796778,0.029670057799623308,-0.009675440929837935,-0.03866454593456147,-0.036358386895038834,0.03400412723514078,0.021137273667925966,-0.03179942368942194,0.007199109521120836,-0.027915612307067787,-0.028719803382283516,-0.026003390782812694,0.006178922391917824,-0.010736566591991665,-0.010345668712784143,0.03401159051126752,-0.1623332287505897,-0.14475494713778428,-0.15733066787524352,-0.16068769893161314,-0.043171554956542194,-0.1438172159643788,0.017276100580527556,0.024141364872297275,-0.017837719436470653,0.005061450403301528,0.003561477893346119,0.0022144629408667594,-0.0039857249683022825,0.01096409571561321,0.00027515975526689544,0.018681713391479348,-0.009938238703438242,0.04047965748153296,-0.009456285346675747,-0.0068011494286165115,0.0012352747227647428,0.009306752765718457,0.005219394855938114,0.007654134739553877,-0.2321583662122928,-0.025559938996169748,-0.027988674973084063,-0.029957606724056864
TONNE-KALSCHEUER SYNDROME; TOKAS,-0.007846053120448386,0.0006761841658951141,-0.002960441439264393,-0.006565372088090485,-0.015270450300193146,-0.004483769766080341,0.02307007223293668,0.17657010576274337,-0.03726748747284289,0.010828682435178847,-0.008089998143434994,0.016131543849727998,-0.0074513062204725495,-0.016904587633898925,-0.019726877701367287,-0.022068977423403975,-0.017778651841182616,-0.009723809132170103,-0.01916366005769927,-7.236617848801196e-05,0.0005750496851918151,0.0004041143683532697,0.0004386044937884853,0.00022029278927558933,4.66767529540639e-05,-0.0009771952949540303,-0.01160648008520428,-0.015339532695455585,-0.01827938749984862,-0.014536300650898549,-0.0021095250346382113,-0.007878381404270749,-0.008841798823693613,-0.02731850715565011,-0.01339866998265439,-0.012869553311245749,-0.012453391649362005,-0.002328812897825455,-0.0008582322955319474,-0.0009574026754344617,-0.0010316908385062814,-0.005022616004679923,-0.003712016491806673,-0.002496541555834647,-0.00513629678248231,-0.004104696852482229,-0.0031404938429779195,-0.017111328087465256,-0.00978220180650513,-0.008794145958127133,-0.007404495695746295,-0.019925704896956383,-0.018543732903796503,-0.025434976928761018,-0.022399694614248063,-0.01336237227233271,-0.027811315843291957,-0.02596881156968264,-0.021506421413071537,-0.008118682346836516,0.010840213259170697,0.008581833470239759,0.005089175136188434,0.0009356048583165461,-0.00426472014454153,-0.003135742472359414,-0.0013724743568956507,0.02842229028057406,-0.02746324726763767,0.028767846264649403,0.03152357362160419,-0.0007102928735229647,0.17359035062604908,-0.016811251534171925,0.013455075391276836,0.007409302571247777,0.028254542953655815,-0.026178711367420077,0.0063639476777294715,0.17309310722630217,0.0032860647078525513,0.0022907741209836183,0.007744644176304173,-0.01352560815039477,-0.03327740282728866,-0.03430964967349261,-0.010445628475703014,-0.010284327595048708,-0.03085466909259838,-0.00020674575027929628,-0.016857017592768715,-0.018925021350224072,-0.024190015316059046,0.0006206563145008031,0.009248265670262084,0.002190410342802556,0.012481618773010865,-0.03996324970134755,-0.12103393981526764,-0.038268761227620254,-0.03929299388277804,-0.02840079564384241,-0.035308841317428674,-0.0018034066015585402,0.01392274351230853,-0.020324983004216823,-0.030894195096918868,-0.031928351544386266,-0.03287063768532588,-0.011601652667797575,0.006555826943292236,-0.009208696378759047,-0.0027355177151301823,-0.016696867751950634,-0.0004890175304297653,-0.010626223026284137,-0.0144949234961152,-0.009990490468830864,-0.023342850105720684,-0.013248135793534314,0.018854605798917717,-0.15650822720044869,-0.025923723429817004,-0.02192376870010999,-0.021635616073613764
TURNPENNY-FRY SYNDROME; TPFS,0.001696560118081814,-0.00312776900890001,0.011727751667493999,-0.045965054352701165,-0.0064339074081439795,0.04050764890986765,-0.04141009112085983,0.01715437848313275,-0.03680001436990253,-0.023087077642274953,0.00443080945495352,0.017316008138283445,0.006677739248194276,-0.012288683023353978,0.2384727841319889,0.1533160024884195,0.02096327279065813,0.1678886776393942,0.00018438074740965242,-0.020404466219078543,0.332879520179923,0.2940690439206173,0.005677576304369807,0.00582482070856814,0.005601171999931113,-0.021398252855939326,0.028164016513376113,0.03101052114137702,0.03256650021529372,0.00019191344922028336,0.03112839175450485,0.3720059491769294,0.37647798653536535,-0.01914680164411713,0.029923015814576338,0.03430923579667785,0.03789159222440903,-0.026729423631858013,0.04373850312869168,0.03194887158085357,0.017143381247184283,0.04243468281105762,0.03311613821237302,0.02227108421910751,0.04435880667968577,0.03307855159995363,0.019719893827840257,-0.022043460858205483,0.03556106938212509,0.034420564657157475,0.03311420385685801,-0.003094213757330309,-0.006536122518181083,0.021025265276330658,0.04305690735811511,-0.021084919262300654,-0.003169368542476324,-0.006122799401276753,-0.009420882025716656,-0.08704543315372601,0.010771724501572986,0.0065461729885446795,0.0022454032029565977,-0.00010377239007388858,-0.001556140323152034,0.00020527763282188872,0.0024967479297127067,-0.17489327116960843,-0.014096347041986307,-0.04178925377361577,0.1934772151628272,0.010412492024838509,0.0009448832691597331,0.01510482870237729,0.31337072078323436,0.282489563075222,0.04222185348521391,-0.03348672932587754,0.03848251498249347,0.0009255881736644295,0.15892980447522462,0.2427218978870087,-0.007439479669570946,-0.03923931182694712,-0.14385932105489313,-0.034708733457058515,-0.20392124426264602,-0.3031134437089069,-0.016831000064615513,0.010343340851138966,0.23193006702790236,0.23921625076680042,0.005510399796266016,-0.1629433514402768,-0.037344209858255574,0.03860649879049838,-0.018067605658045414,0.034868759644898245,0.013265911090010768,0.03724753087370669,0.03660768780069084,0.04743742061769865,0.021223392824819148,-0.04401002881149693,0.012039512829852245,-0.0355483551477224,0.14864244421002845,0.15031906567566297,0.14928135029747766,-0.18461633885570083,-0.007346273307853728,0.0014302068403152712,0.026437948748463364,0.02651092896078692,0.17037585133501107,-0.27082027653464036,-0.048912965045684355,-0.032665921505129716,-0.02089139842666667,0.044854788883422085,-0.018843511466872905,0.008597201690164548,0.04116285807861553,0.040391005122439746,0.17426390216321205
Teebi hypertelorism syndrome,0.026317382403393694,0.023061548366916998,-0.024909407057576813,-0.1566557829904826,-0.3370581683543494,-0.036622139008762336,0.030508282908572482,0.30605945725944195,0.006409884550981272,-0.0348167187560413,0.2633399673267604,-0.0019962058842582105,-0.0022438302722884973,-0.0424613256046024,0.017673373204402376,0.02359679657097592,0.022959719175231864,0.43771449416146774,-0.15574160950595647,-0.039455558564822586,-0.2652239827634418,-0.007691292262831053,-0.0006261986963314052,-0.005072779537190548,-0.00965620459972183,-0.002130769178392616,0.22038064452920844,0.2530323865537896,0.27309390057369515,-0.0415361413286824,0.03590528973380033,0.2863821229593409,0.2734837255017333,-0.0184348866570784,-0.00039188278540009877,-0.0006168870702479158,-0.0008364961488303966,-0.10344606431346177,-0.022578546749286152,-0.02734979484615789,-0.030485845212923603,-0.02528600202825041,-0.03034378206775686,-0.1091597297344683,-0.02668784302532445,-0.03151607259975517,-0.11170168209048204,-0.00439820579350196,-0.00968359284950187,-0.01253040197606483,-0.014621471251269861,-0.1553407480349648,0.19221543668825003,0.2626823242036557,0.24969591641933256,-0.028488561762530125,-0.2680573736091885,-0.2810405328570245,-0.27452599073069983,-0.016951337905251013,-0.003159801299323684,-0.004764495031264514,-0.006010865863217231,0.0003107848862638558,0.005003975847674633,0.007893072237795088,0.010570747076358576,0.006354937616355166,-0.2225551587441726,0.038767708553600025,0.04052309236746146,0.31608836119792305,0.03568399601242985,0.32562479038428116,0.3427951256498839,0.3545771499486447,0.3277987478333966,-0.3157071732731054,0.013554502766408155,0.035754682362591994,0.4891297263283659,0.4941083078012028,0.1385987196307326,-0.037079958369150456,0.021246361164163678,0.027175926767135844,-0.008972725808176648,-0.25979173939800015,-0.027889551086422742,0.009985956468878792,-0.029524542009864003,-0.035494019934761284,-0.02813141143402806,-0.03450668577115927,-0.3969459119171017,-0.015105969460217514,0.37391314547050225,-0.02088189747824146,-0.02206980276042108,-0.02005617255402098,-0.021424084901136536,-0.014267043591046236,-0.038989171094369,0.01912392617686643,0.23178078215466572,-0.04008122108466456,0.009023372540135181,0.010952922103386891,0.013387891104741971,0.030859635108144996,-0.2842169598130859,0.413552194068724,-0.2708940253714279,0.1682353994066037,-0.007840939493136597,-0.002549523080815862,0.2518494754587172,-0.03627009373099031,0.03526523769147391,0.4526041593622953,0.32512140608821244,-0.028890965046620407,-0.042037680634446156,-0.039273729427281065,-0.03897384764140606
Three M syndrome,0.03663812688205711,0.003921824595716774,-0.02857132223147435,-0.04128091459395305,-0.27553789596931616,-0.025434863921688918,-0.051501493003495324,0.005704542330802184,-0.18878918685156598,-0.04008519078892951,0.008768446228651524,0.3892430946730594,-0.005493303103003252,-0.2284911930958484,0.012795775663591292,0.005815998647508389,-0.00042881355567957956,0.27900967694545503,-0.16545257249925216,0.0028366382315492683,0.048227454605734195,0.03022779729542189,-0.0033278640297753764,0.004814027991646139,0.014528549837677674,-0.0010206772715222743,-0.001429031873991059,-0.00336045121632755,-0.005374722111990195,-0.16747095281398897,0.26342396890265796,0.3723514364696715,0.31060769288564716,-0.0329445940046305,0.27427973796701927,0.27585488816706133,0.27032507758944263,-0.1197750316847499,0.1587863822695411,0.15449753808147323,0.04487091132826969,0.037356005073906594,0.03469835489585324,0.031033636124436617,0.0389081899870923,0.036112313512783205,0.03213539933491002,-0.029463294678573188,0.17787307426149107,0.17373420443790188,0.16853693151976568,-0.046175527341165735,0.29745290027441024,0.34749876778468486,0.30597857560304287,7.610451040475428e-05,0.010250476489955676,0.0009721625926942831,-0.007253048203274288,-0.018739916560754175,-0.003648237524393129,-0.004910744437986161,-0.0058118298164604835,0.0012927788521349777,0.007873959447093582,0.00826066870143217,0.007916912017150488,-0.25994424507616043,-0.17291858428043844,-0.03665459586981564,0.35191853937029505,0.021990793842022086,0.1844312360757442,0.28744554576848175,0.3973148162908824,0.3911615443150314,-0.029459843794097093,0.02232619889555155,0.01844515706731622,0.1850259486515677,0.32475101245405025,0.34335806227853255,-0.010193309781135362,0.008056278648962863,-0.002472922850875336,0.00204668243400876,-0.3571477882838543,-0.4055607158381186,-0.03502180871153424,0.27380875841565183,0.039076277206159776,0.03759059338805691,0.06606277068813822,-0.034567371657529655,-0.3665011337322016,-0.01030936314169329,0.02954050738787567,-0.010348244015423497,-0.20994688099858672,0.0004290837139830871,-0.003677237385216238,0.004325186605875285,-0.00032295642726965575,-0.005395082669798898,0.17069573248409065,-0.03899997106207645,0.3430740927788187,0.34545449015897967,0.34241519952758726,0.028197792532506896,-0.012999294927435054,0.37550618769064453,0.022772685328193112,0.03430099356737899,0.0377405563453094,0.001436111334147958,0.2454194376558385,0.023990607496388858,0.1767054058027824,0.40117231780637586,0.303215734548921,-0.040530486916301366,0.14240290623292853,0.13355174420630977,0.13270042363610768
Treacher Collins syndrome,0.004047578521008914,-0.18736736666876005,-0.11384712463125582,-0.040501705259131666,-0.1527945584562133,-0.0005063243812206313,-0.11059537706299526,0.30314968696281946,-0.2665380571737259,-0.008467005022640197,0.02203334625333469,0.2188254725603751,0.17667200486798426,-0.16239598283577567,-0.004053651694249572,-0.014900373086469555,-0.021487523646217834,0.036936231036718066,-0.19567672125544983,-0.014088746403086029,0.024938619294410574,0.10040421902315753,0.2553993165635414,0.301207331466465,0.31459622300769063,0.025979332822682846,0.028105124724901384,0.027120381032600855,0.025686422696247595,-0.19563926926197073,0.02176454414234916,0.21537476152575938,0.21363327485973274,-0.0927660481840116,0.013536827198365946,0.01173727076816164,0.009680664596698786,-0.09257680691334688,0.01976381342362876,0.01218831248978104,0.004804086791250654,0.007049392893905696,0.0005820676625350158,-0.005370883906795741,0.0071822677883680705,5.648036366800996e-05,-0.006508564187267536,-0.009754825285561994,0.011355589450428135,0.0070277943948776666,0.003124000083790628,-0.14441963086831752,0.020782839457756854,0.12344109524420098,0.1667859106979606,-0.0018803084193712246,-0.3785252319017358,-0.4214691616842725,-0.43244101554619124,-0.11796819008526768,0.04608570545917554,0.011577153749258719,0.007526811961903533,-0.08464113334854591,-0.0048095148749613785,-0.00410727181390426,-0.0027975934081102,-0.0019371830064701557,-0.1977660922409047,0.10349506687985764,0.29698856637373033,0.016484771104783337,0.24601735438806885,0.02411816510667526,0.2358609745965941,0.22205327378881756,0.5269179362575958,-0.46393262407972574,0.026588134005632393,0.24555726231918545,0.2737118286709689,0.468331007305636,0.26552805294652604,-0.20148185182869302,-0.004218011617526933,0.0027974919761949504,-0.13407889163801093,-0.22146564506820152,-0.14873476158099058,0.11674834103099474,0.0009819508899747925,0.002623794492629006,-0.02426162681184964,-0.031429676497346425,-0.15271835881195048,0.012166339875579158,0.14194898126613642,-0.1960132861252082,-0.17108320472955235,-0.17117377554955837,-0.18597480911139994,-0.031436763888160635,-0.19732087353748093,-0.00010195483326968229,0.2261024514784102,-0.027026066210934393,0.009974454528525148,0.010627767783308432,0.01072386756386858,0.0090656554060974,-0.027526728164137867,0.2176523494824009,-4.301069904089635e-05,0.02249418177822634,0.007257796262292452,-0.004054880394157623,0.0258464160971103,-0.0036195142708183377,0.009506243577410249,0.2803758500552769,0.36587131163823444,-0.2821672974054324,-0.019258636928606895,-0.021069150570404552,-0.006639615364447572
Trichohepatoenteric syndrome,-0.03550052589892365,0.027985136774164615,0.0003277549882495097,-0.01987084973447787,-0.08803266088244938,-0.0050625829168801095,-0.02570026155663095,0.03911385678640067,-0.0426307271928252,0.007161291533157219,-0.011789347332126625,0.16217534598578975,-0.001976991211880634,-0.0011683744957423708,-0.01795375155627525,-0.031193853548347555,-0.03449287855270209,0.0025715187219718756,-0.011103201978963896,-0.008253277620130006,0.029681630382885012,0.029242899636087807,-0.025351472036660522,-0.014831257139297858,-0.003262766396329553,0.03184080691859246,-0.00423792402292352,-0.0066479509151860855,-0.009151302490955618,-0.023118840194664713,-0.001795587654716627,0.02407623532498233,0.03602908553311475,0.0003340785011716554,0.002073182191606932,0.0017331665910732205,0.0013202161460219818,0.003294875254674143,0.004793348355996244,0.0030069187029169216,0.0013301174652039127,-0.0012589746575329573,-0.0037256077271489267,-0.006303257603942453,-0.0020342074249034207,-0.004881809705326736,-0.007846153721194632,0.0018796435947475707,0.0011584612596532253,0.0001022393685974592,-0.0009011967668597267,-0.006310140474922567,0.01740601088946491,0.029892838666587637,0.028869273651606537,-0.00046798242173209763,-0.00983432914453528,-0.017678259092823747,-0.023406688889732772,-0.00629192151744635,-0.0009809699989268587,-0.00574525452929431,-0.011152983323956714,0.002160973784476181,-0.0012048380054659085,0.0008688801275138528,0.0038274945819205676,0.006072810106457529,-0.01671633101183973,-0.01758459671659791,0.26568173459005634,0.17758218618220079,0.3490070714760121,0.1304507558744216,0.2943531206959094,0.2841225870772696,0.01585179552620812,0.0012610953269221758,0.03044077606738836,0.3466863280019361,0.30375203812999385,0.259010532527806,0.0071555321879480625,0.008932773618447533,0.013637876866788976,0.028270688389950588,-0.012626527048160759,-0.22103470604914244,-0.021495166358275142,0.02822532119548366,0.0038792714530815364,0.0027167363170769775,0.00024076327894174428,-0.02935993881983274,-0.2694537526054627,0.003034666076468824,0.02685550132116346,-0.01065935063615155,-0.029838556112931208,-0.006524763154326956,-0.008164352228104481,0.003241738792806844,0.0033440519871707885,-0.012617847628794405,0.010234216449838776,-0.018341661039284776,-0.004343865724612774,-0.00269828094359757,-0.0011781610038790855,0.009317407940798937,0.011029987100714725,0.15211726645915333,0.02074270546550304,-0.016288705196423732,0.0065504826833411205,-0.009010559363240273,0.014865020055463647,0.021086788987670205,0.0411883282923816,0.2664207084951257,0.009974026106367584,-0.021321709487272713,-0.00611813406047345,-0.000816839071139327,0.0010936245614488885
Trichorhinophalangeal syndrome,-0.14584500179443805,-0.14432971950865944,-0.24620233952390927,-0.009980546432057927,-0.015886401138086842,-0.0035629551745468163,-0.020073302447880283,0.22312099923007708,-0.28965989801294656,0.02389571554928609,-0.028029421109981478,0.5164669913573707,-0.0050778205956813595,-0.13872340357476245,0.009502069846287462,0.01513282364352594,0.01589314358703415,-0.014066962526740693,-0.2544081448463073,0.0223105926259534,0.27839353865222727,0.025894038637636885,-0.019939432112638447,-0.02218983585952517,-0.021820880168147025,-0.008420805878322479,-0.017314409277165436,-0.01558289580451543,-0.013721542782319206,-0.18704577770523903,0.21553265521198028,0.30963134868108355,0.22687748377103448,-0.13040573662702604,-0.003320712383934645,-0.003391035453593478,-0.003065319247147279,-0.08615306797643063,-0.012879931629927715,-0.01447409583348236,-0.01504205114043478,-0.01594708885158489,-0.015170473813683773,-0.013814364063320723,-0.01755567579031455,-0.017933155647365768,-0.017655758358390058,-0.011827786976494191,-0.007764662547866585,-0.006827478090982918,-0.005961878045957849,-0.26417244243510646,0.030935273701919605,0.12422891998158439,0.032511896997453896,-0.01595106189953107,-0.0048090978450016225,-0.005106472499355684,-0.004823609636648146,-0.1304707483966162,0.09848488996698444,0.08500375201583148,0.06338939742718659,0.011637236090148545,-0.06960322683935402,-0.06222796387412506,-0.03751273820861852,-0.4310939753351397,-0.24682291010607388,-0.03011264550126448,0.23229179872853778,-0.030433166160666613,0.3344344435728543,-0.01927009828224899,0.005982278836041642,0.0011826785777959451,0.2901292545818285,-0.2048740956657272,0.03746472152429869,0.33406549008643543,-0.0013844607843206914,0.18396973202219039,0.015080254352985233,-0.10232997537488474,-0.021338127375753736,-0.008703653241405217,-0.036057584968877676,-0.02027657540952711,-0.14764155863563816,0.020251045189180455,-0.01645224642049288,-0.017965243951755288,-0.21094991718014183,-0.007350952801764844,-0.11911181843632478,-0.004652711085286805,0.0127649727059511,-0.3394228249538257,-0.30558819375270085,-0.30715738773757406,-0.3149836021136914,-0.2552955631801277,-0.03979173413940476,-0.00030058795595360024,0.26062151854820126,-0.10700831283254997,0.43852748888826976,0.44781411915435004,0.4539439081851947,-0.0023493567807381013,0.023682117106445483,0.01686671375872047,0.24355140199592926,0.00900150275110365,0.4833079261673784,-0.0044542222866199325,0.004790942821350317,0.026904123526348828,0.17715112597992674,0.03241920370152206,0.4201264432388725,-0.3489473125913398,-0.0219884788727772,-0.03270158965991157,-0.025572918143227152
Tuberous sclerosis,0.007141072265310631,0.013184223894679234,-0.029940308682030507,-0.032613055356294524,-0.018552169003102945,0.012804500893957372,-0.02608017870266701,0.012722267542109637,-0.006243965217381202,-0.0032251846653595442,-0.00127577892842117,0.030112649685163122,0.0020640489626197857,-0.017118497397781696,0.009873009133685327,-0.001007505830886811,-0.014804803166567754,0.039889474291606795,-0.020520798454593252,-0.029784179757334873,-0.01050191687035297,0.01756964259647248,-0.002343821204049123,0.004515862230789749,0.01226139800125348,0.009197763099698202,0.005350717433438531,0.0017780252800323436,-0.00112132926967791,-0.02364966910384293,0.008916188456326534,0.0378677007443672,0.04225423772199145,0.01429466130609749,0.0021608548308592046,0.004420957044370778,0.006803031439375649,-0.011591941454813797,0.0011238261702398906,-0.004013778000399132,-0.010036501515505133,-0.0006024764642899899,-0.0035175386927109287,-0.006808049123434567,0.0010368105177973052,-0.002858380528538639,-0.007136715153104403,0.020762649575110478,0.00014647489018391885,0.0004517146464334496,0.0007546482224442037,-0.015297969400598016,0.013210373326554024,0.036389196210364634,0.04445602629175286,0.01262331528468614,0.022711423984569656,0.01712360493432097,0.009612526786059405,0.0011196439844138406,0.0008102447455583795,0.0022075772123714707,0.0034633629766833147,0.008590903508604919,0.0021518951935628147,1.876067628022915e-06,-0.002375090500054629,-0.17125783480481296,-0.01446856343085127,-0.01730592638303254,0.004156779862599307,-0.005003062291231456,0.012960349308841638,0.0026801951088962802,0.0005240810323903314,0.0009576951187061019,-0.028978601115351898,0.018135989041989185,0.008151053816008511,0.013212634248634173,0.04241135513310849,0.036594325294083394,-0.025513900606607954,-0.008758711051410665,-0.010509328787607046,-0.007913188687398917,-0.005692067947263768,-0.0029094429636502485,-0.012071918331979821,0.010795908323621138,0.013026518954777131,0.013145587667769501,-0.02029522059229737,-0.03133991531168537,-0.04108676697828827,0.013795139384906783,0.032520056276506934,-0.012705953745973757,-0.014924899266276725,-0.007813590352177636,-0.011000906856718874,-0.011187919119224208,-0.01091724350213391,0.030752879921935736,0.023782326294622663,-0.00012353135265214798,0.04793461461241697,0.05016829725552643,0.050711411202118695,0.02947076892093662,0.0010200396066266633,0.03667273067577966,-0.002273013173431042,0.010438771624367738,0.15971943207514072,0.028773157817901025,0.03993556360411954,0.015434686964497337,0.03668520080172419,0.048233782266780864,0.022597653406639596,-0.026313811006139977,0.01613088612910435,0.012132096099843195,0.013353064763936493
VERHEIJ SYNDROME; VRJS,0.1961824827240754,-0.0035247496368455066,-0.03970370362419628,0.001734286216610516,-0.02327632781180684,-0.025918949376683573,-0.004026536166441374,0.4006880455697922,-0.037929425563830985,-0.3062021357059126,0.2546295106861406,0.25641338845171496,0.019962019602616312,-0.03838587601670318,-0.01121393945019012,-0.003089345379261185,0.0038797665236769865,0.009739766676970513,-0.16242115761537212,-0.0027402149305792278,-0.02930085122887922,-0.01523209684076409,-0.01122275358918177,-0.012923260126174806,-0.013227093567277875,-0.017327471981512417,-0.017959695966406838,-0.016591862207014117,-0.014053488329323441,-0.1595944508348652,0.023996420068194937,0.03265121332763076,0.019885805537191478,-0.004970520605741808,0.022309564045330358,0.020205033527119394,0.017257423439154023,-0.03462728111086001,0.023419647312365514,0.020516564300770146,0.016631768800747387,0.013590687955659497,0.014217444257196156,0.013752128220582298,0.015539217544673566,0.015570690741755303,0.015461606963385872,-0.007975323728435098,0.018022657758814356,0.01736088096843331,0.015924911132677265,-0.13465588699052314,0.02273197401294112,0.019534350825669372,0.008283652541474593,-0.010254913853214446,-0.01311219182618191,-0.013693394016910056,-0.012514385724867906,-0.018474718877485728,0.10419015948315817,0.09162895505069518,0.06960801755569881,0.00471882066983348,-0.053992964553201045,-0.046702592828827584,-0.027128008433206632,-0.001953150591170787,-0.14910831081836587,0.16239654385299504,0.029392188834064515,0.0006217889213299072,0.2695450087194716,-0.14987631099404536,0.009262364449751165,-0.000912741044876828,0.021393050846499295,-0.00020275106667424697,0.03559296381445032,0.2702804259437316,0.008823955269416563,0.015977159734389245,-0.004609636544733848,-0.0044554220252327114,-0.3062417757942357,-0.28192337370738146,0.0017712611657274956,0.001399895158203092,-0.037534057727949516,0.0440458572745934,0.003722545181846986,-0.002468764181151052,-0.15283430406389975,0.006597182492956548,-0.0077590588218015,-0.010241765118309553,-0.005599992171346155,-0.011049993033862544,-0.18093881568747747,0.002022742742197941,-0.007419792248649207,0.012545600821660194,-0.028787035878797978,-0.03215450616165363,0.24314167117950428,-0.018576185798416016,0.2804828268572853,0.2875762055152936,0.2894178113684914,-0.27783013868952006,-0.2727599327569058,6.257452228063057e-05,-0.1319772670168254,0.24515030994239378,-0.027481913477543547,-0.2520269260130879,-0.14616755698630304,-0.3334566037420933,-0.022934769262164086,0.02328768926096913,0.5100938997134062,-0.4002841139486501,-0.014416609641986888,-0.006759854339830458,-0.004534139000537454
VICI SYNDROME; VICIS,0.0307386743414887,0.0280754681219616,0.011485999086142461,-0.013771653427434562,-0.10810516145873302,-0.014646298052370256,-0.027654083897375184,0.02360654465648668,-0.03257291605371229,-0.2415999199160862,0.22858714176286118,0.023966126071651637,0.027902653478360465,-0.027795839402453497,0.018561869268144595,0.01661512905124279,0.010043745948967392,0.143522725549783,-0.0013376257566008974,-0.004183766529536559,-0.010378216670509612,-0.0010100657780244074,0.00013777979880966017,0.0015354181427161679,0.002768855455457387,-0.0008453515519669857,0.14120076246741434,0.13554639868187626,0.12680953402302833,0.005141907861484223,0.023144430490360177,0.033314504535017817,0.0208360907236888,-0.0004090217078469863,-0.005499328183462432,-0.007503176620311663,-0.009218858943668617,-0.0011520298722043187,0.0008454169553762992,9.739948761743206e-05,-0.0005531595780578753,-0.015974645922874668,-0.01670967079876124,-0.01649261337087895,-0.013954263857138853,-0.014767527743950133,-0.014536642874928838,-0.0034635720200724526,-0.010937168280257871,-0.012376510419472646,-0.013846713878995201,0.012966945077278887,0.008533086328834663,0.008266593632624828,0.0034258086692979675,-0.002301980891344226,-0.1388963268539047,-0.12204740670649833,-0.02954611298353404,-0.0029274274499984515,0.005773295898913296,0.004880840284782392,0.0034838570226557565,0.004713939946697678,-0.0008779542122635464,-0.00037329006659149455,0.00017897389279446232,0.01820705435329021,-0.003445915903005459,0.03485373572465922,0.04133154440223174,0.007676865146870763,0.014643388509057373,0.024694301534563267,0.034607547373930105,0.03443625787868787,0.0019769254230099483,0.0016516406596084523,-0.010807063688009143,0.014450105395458981,0.23591390375916554,0.14798327129003921,-0.0046123259572615925,-0.0021885992117214137,0.006150898273836219,0.0028732921759531916,-0.026049408930436946,-0.03743642081269175,-0.01865817752241224,0.001507817104294187,0.017692088311646828,0.016211262892257775,0.002095923859823038,-0.008539507789433786,-0.17061086856870705,-0.009510740793899993,0.011411336125848185,0.024750259297134296,-0.004651307399014088,0.0302001104728332,0.02673190387701745,0.03301196142966016,0.020972185990756793,-0.031494133479676785,0.01555874708272092,-0.027103595364718215,0.03506265705268832,0.03665901895611396,0.03731297410123557,-0.021093994851784086,-0.23203323078636595,0.1354052443519481,-0.029555015875666394,0.17001854438332867,-0.1493483200118527,-0.02619562197869835,0.004475957384214243,-0.1349487858186879,0.006959318009427313,0.13941202761199106,0.2990928848873383,-0.018302799419771174,0.02232803052215652,0.025326490584490078,0.0208973487216565
Van Maldergem syndrome,0.04176760535906849,0.24206479713257914,-0.011994560938924466,-0.018622209915150997,-0.02488578646832629,-0.004096762110238673,-0.02120220957616582,0.03776404361639774,-0.03557924848209321,-0.034190506319817945,0.012609498937383402,0.031726118495336283,0.007578447613802088,-0.03476219165122629,0.04038421384397225,0.03791438247520363,0.02675315383825672,0.2575859020172126,-0.013006297435247203,0.0025665405097489474,0.04681336118699907,0.029220717684221513,0.15491332581000553,0.1650133102780196,0.16162879997302848,-0.013484347538474824,0.04138128296663866,0.04200563562904153,0.04132150557932431,-0.02129583869128332,0.17243474577272025,0.2307949166222655,0.19790972075148627,0.004600931922203682,0.03083868888706489,0.03330371775745803,0.033958361194512086,-0.016031525309152618,0.03965692208398247,0.033069500417092154,0.025751124499833387,0.022355716843618575,0.017370340524467533,0.011528214390132902,0.02680198788921189,0.02099961407154639,0.014055734705691884,-0.013208795926848068,0.02589729786353656,0.02446345586977673,0.022810848966501596,-0.011230774090987715,0.020876657541050964,0.03742469962513062,0.03955001018300653,-0.005146935350329687,-0.03439347902847303,-0.03846687209294579,-0.040372014117954935,-0.011420477443035157,0.02262349599109166,0.02199226714389198,0.02140498756019306,-0.058630655918269686,-0.011540360369382363,-0.01536060648138529,-0.01882582559308682,-0.01778699627339174,-0.017809384491832857,0.001789120667640487,0.18500659265987526,0.045462587210403214,0.008236518691458562,0.16166021879270076,0.27150395516267284,0.27186838097993965,0.012968863018555496,0.2536203672134476,0.015752587051117165,0.008362079268433022,0.3086981001078748,0.047050659972283845,-0.04087893670409616,0.023059916006454195,-0.006520206192840516,-0.002002019361424126,-0.031062976195556466,-0.18790568807144284,-0.03139163940298237,0.059836995042769646,0.1798844352998185,0.17731882779679867,-0.004443599059155754,-0.0215399985289303,-0.1799486770245708,0.00028582512908969257,0.028570059825303137,0.026354770950442852,-0.02000588130281072,0.02812458475690785,0.028727759152204345,0.040904148745288145,0.018411341374525766,-0.036407708062476556,0.030527689866114253,-0.0002099530665202159,0.028483613032838223,0.031744207078338006,0.03528430920092946,0.0015169468011879527,-0.015368034892435168,0.25282355077489094,0.010051273599479727,0.026225795444628688,0.03338188477018993,-0.02231607722759102,0.02261296383501383,-0.0041945519638544385,-0.00037856478927644966,0.2759009270497296,-0.0024189222808082378,0.022431737752975568,0.04097584069659942,0.1464684450226226,0.17203654441963415
WEAVER SYNDROME; WVS,-0.018144659428120918,0.3648128442390336,-0.02295467117848735,-0.022643727778519883,-0.004867058224698124,0.017547180209296322,-0.1323465228573478,0.0354128660961157,-0.22299387138188753,0.00767168647857923,-0.0006639434897104994,0.1450004084981442,-0.0006252318026313239,-0.0028865750964286825,-0.012357176389107166,-0.023848786444205374,-0.027695832893859882,0.11542168897539709,-0.002865509323203216,-0.024692798475378572,0.017923608472577318,0.11981271949511707,0.014580438256533958,0.01876214696593678,0.020714082776474612,-0.00926033299824146,0.00651657202700575,0.01088365017725063,0.015248118502244914,-0.0012623931350408024,-6.313388144433737e-05,0.027341546614382435,0.12324569721416863,-0.009863481175797552,-0.03337810542545778,-0.030709058204992673,-0.02711932092984046,-0.014454098914726791,0.005864925663232625,0.0016396088105454058,-0.0018939557594859046,-0.013129055774288703,-0.018141332096894988,-0.022218596457395552,-0.010245991535735986,-0.016151717288729887,-0.020782482606984492,-0.003435330765669526,-0.026469516303255922,-0.026525905668091567,-0.026301802425376625,-0.002670117507100395,-0.20077395028660328,-0.13114249707787665,-0.014397068385867212,0.0059146350726698325,-0.03383373765379229,-0.13706939015092393,-0.19094300773426096,-0.009718034541840859,0.002778070401137027,0.0016427538906537945,0.0004260131105992585,0.0035168224063456092,-0.06551118953474047,-0.022244558357550813,-0.022971010363908126,-0.009551006487005888,-0.013902588770376494,0.0019873144170073523,0.2521710196485024,0.002751836250397189,0.3172546723941755,0.006239640048107931,0.2001633719831917,0.139572335399316,0.0560026109569816,0.04084203280001757,0.013934711843154306,0.31667113810792313,0.4100132412822791,0.029236606419959458,-0.02588964377537954,0.011396755403786705,-0.124681137782819,-0.11481526749562979,-0.13720501645925787,-0.20565674250833843,0.00467095235137756,-0.0008255513991957165,-0.009310537365296226,-0.0081152755898964,0.009071750968401304,-0.12427552574119796,-0.2227793593786046,0.018151730036311604,0.12801766458151895,-0.15267285763852068,-0.005881151137547393,-0.1356292441101021,-0.1469871170790574,-0.03473784880161178,-0.039806863024199425,-2.0020244405601712e-05,0.0030779046700288764,-0.022126715997444195,-0.006996597778238367,-0.005141715908261716,-0.00306609685649285,0.0014623683149706745,-0.00026611197565299874,0.0331700238413315,-0.01519216452756075,-0.004632703392150299,0.028586396048557214,-0.005275294721141272,0.011286868454896229,-0.005209004052693071,0.021995503852301583,0.0250975424475574,0.23433336329109278,-0.2095085735458362,-0.2127783506918314,-0.20185152156794908,-0.029037242182139794
WEISS-KRUSZKA SYNDROME; WSKA,0.006922011997891679,0.001850713922396206,-0.16501851315705743,-0.01590135963556738,-0.030813486411665723,-0.009794318343127056,0.00847567376328103,0.3934440758408992,-0.2855814094701691,-0.02624631835453565,0.03482166657585881,0.00558009361402702,-0.015970410880929688,-0.18394412986082595,0.22875820490503895,0.24484521670257853,0.19527279002991862,0.032088486628771264,-0.20704358334785494,0.01450644753372152,0.1785848157460198,0.021681819641676755,-0.17449770426660516,-0.1595168791936318,-0.13055616169200246,-0.004132111506025245,0.25839439286382887,0.2621861955262739,0.25857708734029106,-0.1546245049447418,0.13854632831475086,0.27022870889701894,0.20699794965510593,-0.014591928709493763,-0.0016242892012877832,-0.005786144845523598,-0.010551996103986511,-0.1832818754457531,0.026132741696450572,0.01884942964510394,0.010721366763741566,0.0023511394589358107,-0.001672305741254781,-0.006033757052304992,0.0030683051994054304,-0.0012650148835689325,-0.005956500146662241,-0.011932708441018377,4.9943884342850935e-05,-0.0038356841936488437,-0.008284093594333793,-0.13499487757652326,-0.008349397367997054,-0.01135036333668541,-0.009374855902723401,-0.017133928424738893,-0.14655772084986252,-0.22231030918087968,-0.24195724211150202,-0.023667993167090572,0.07573044858960486,0.07410322479859688,0.06545676844681748,0.002927417456636759,-0.0057201102184052995,-0.006480965919851661,-0.006842906376401434,0.0410810914809433,-0.22270790196193838,0.14728332155879578,0.307766108814103,0.010478935143739872,0.24188762387145799,0.0037174179771677467,0.2310802370887503,0.16022180159107113,0.030354740562041946,-0.01855205433303882,0.030367049223543573,0.24238848914759165,0.011632716605866969,0.01104329295265432,0.003818560760254359,-0.012503614118405705,-0.011846402271583345,-0.0024438303154977426,-0.03768747183613611,-0.20958187743671153,-0.20322470897486467,0.0031491257040932247,-0.01272584706826974,-0.020554244554239116,-0.17160437136445045,-0.005596577220040215,-0.013102796658729135,0.000990847227791791,0.039191242527751004,-0.02214505866610886,-0.032604368718016405,-0.016130096098131468,-0.022226663003789362,-0.003361512121347048,-0.1521624211252426,0.0027496183687022694,0.24833792406266772,-0.025743548659335282,-0.021209071575407756,-0.022693083531764763,-0.023755579699023113,-0.0165598217923667,-0.03981525535437615,-0.0007993422825910001,-0.030309315649383634,0.019859259288031027,-0.003783282123721704,-0.008385569147742047,-0.007069545919067467,-0.03995899321017428,-0.026722966188744538,-0.0008815211990598189,0.12696024600392838,-0.2602491595354926,-0.034464321489035415,-0.02777003289339314,-0.025356085926889108
WHITE-SUTTON SYNDROME; WHSUS,0.03581659527622287,0.010896381105533284,-0.02397690052041723,-0.01916253115487885,-0.013019696966372932,0.007630321512214118,-0.014119706131282952,0.353558911354388,-0.23472485195640336,-0.2761252008127544,0.21142162679256885,0.019215838840597445,-0.0018662604663160637,-0.02586941891738846,0.011970981690425405,0.012567331721152881,0.009236558070357895,-0.024921077392939674,-0.025568356550038134,-0.011377356031048084,0.011157001854698872,0.02016857437611528,0.004297920117107857,0.010072426297792278,0.014867018134397553,-0.00384693845864309,-0.0028171797510033415,-0.001062001512468643,0.0005408617613966582,-0.014688329307743454,0.003733784473219342,0.03439607910716049,0.13429296730441628,-0.015838465278084638,0.012004091294730955,0.014964542872463632,0.017326310888117636,-0.16740577924887604,0.04359025289027347,0.038496959092996615,0.03135388869021223,0.031230378915684413,0.028170971854984628,0.02418919883067426,0.03226895163719257,0.028317003680992547,0.023162200955112806,-0.026551778430800352,0.021222540183985682,0.02169949425609842,0.02166639009164461,-0.014846380075969631,-0.01962612284008283,-0.01169965530823602,-0.00035894658233222103,-0.020965320783169435,0.019958057097772007,0.01199862917955075,0.003674588813267331,-0.020854184574693267,-0.004853909536580302,-0.006694153570210211,-0.007919622828334675,0.001997313861780649,0.013350812906337705,0.01509000495174837,0.01602665174945138,0.012279561054637806,-0.031211280956849163,0.17750572304390552,0.15156201479189402,-0.03234093484658407,0.16911686558319944,-0.14768703159608973,0.01510997803305818,0.002429665103993663,0.037146598758149484,-0.008449990363087677,0.005941752449573322,0.16871523050661405,0.02003072354732604,0.009953473859312459,0.005098333403594499,-0.0022984007939186655,-0.02879237131831546,-0.02782148622967883,-0.12746917389114884,-0.022794383723158885,-0.01852993466924116,4.94154494660554e-05,0.015402870363978749,0.012726092166039616,-0.02930139712334528,-0.012353116088595373,-3.335227857739853e-05,0.012394535874387255,-0.018598806677388776,0.017206097874327357,-0.01686698204906246,0.02705571158334874,0.01856614027317846,0.0385476625556967,0.0020395450149892796,-0.030107316458491344,0.11977470795069663,-0.018325037419221226,0.11646505315321948,0.12169270524701839,0.1271033001588342,-0.2391437239951191,-0.22822735319195264,-0.024610726416784644,-0.0300911699865886,0.18953806764378311,-0.011277649708333884,-0.1404833357791401,-0.14380292228041147,-0.26724089445542426,-0.03168373554925224,-0.0001523155829061703,0.2600639906670978,-0.2560560044559745,0.003937466925720598,0.013929706650111855,0.014002050335198366
WIEDEMANN-STEINER SYNDROME; WDSTS,-0.005228434056779127,0.26618343964641994,-0.21237958901961929,-0.12019398583832511,-0.278083018455689,-0.026087777850862442,-0.10225673740642692,0.20610454294817188,-0.24165897638969622,-0.016073789041018218,0.007276159152363456,0.28446465615300526,-0.005482104952857045,-0.2067873647119099,0.003422588779352719,0.009905803796245333,0.013951270196464232,0.2817808812364892,-0.2558350897114091,-0.0032723499287342834,0.01843514210867808,0.016952160986299376,0.0073120535875809845,0.005110990863032593,0.0029001222711488783,-0.010262901578517144,0.14139487050285235,0.14841421190368015,0.15213403634989248,-0.2246497547035037,0.19888938320471078,0.32577472333031154,0.2679625739145913,-0.02023179652836656,-0.19227363951958124,-0.18708633266911717,-0.17753514376960453,-0.024279065321290677,-0.156227040009423,-0.16374527554118937,-0.16137685716489256,-0.2143219408444767,-0.21336544122650053,-0.2056987977534905,-0.21120178722185884,-0.21257624982266837,-0.20450350892335195,-0.003827190046963701,-0.2067368708282495,-0.20142362910049386,-0.19362625613634754,-0.21346907866954035,-0.004668069692223865,-0.00015805006940009764,0.00433800401132264,-0.032197031620527096,-0.1966449750580038,-0.1962380654711964,-0.17856155372752658,-0.07774180247212704,0.08566391698366947,0.07293175701905559,0.05194453034158389,0.003977180590598037,-0.0677286213782231,-0.06127383684451917,-0.049006358414917545,-0.16587717271540361,-0.2728003541844114,0.009758833636623535,0.26515413619886885,-0.00802899064397909,0.22975520636676844,0.18975405462159176,0.1808485737219624,0.1936685374672731,0.034913033462763476,0.0040982892483618335,0.18370079360119762,0.22955867856772866,0.47152766741047114,0.3191071512558901,-0.004675853650914434,-0.0005123993597717359,-0.1711821060528128,-0.09487232793448613,-0.25036942778189913,-0.24509422203286402,-0.2009669032909606,0.015536549809532755,0.01784172349795341,0.01651773167189196,-0.1429476703925251,-0.07895476437836207,-0.33535920043635464,-0.009344644785889875,0.1486362409064325,-0.09417934479206225,-0.16108892761161137,-0.020490986232697458,-0.02584557068837488,-0.005311336673406331,-0.03298147950631242,-0.01030011896006664,0.27741468712672696,-0.1852070788043079,0.2451430746249927,0.2475897093743454,0.24928721839106238,-0.01618106409833415,-0.012956842272711634,0.23926807976363024,0.018859428566996895,0.020478150063459787,0.26008652908121577,-0.16670783371837333,0.0023310240004456606,-0.003740421146387059,0.029367543593791203,0.27567133780927705,0.24582651510038686,-0.26123922873408595,-0.004249992991227087,-0.00436389500715092,0.006731515015453878
WILLIAMS-BEUREN SYNDROME; WBS,0.08057966944628753,-0.00558793869085964,-0.14151216905842467,-0.18741565074801644,-0.278838348468139,-0.01579154636819867,-0.521511721621906,0.012919789204193064,-0.159179288664032,-0.2145396721756277,0.1723764423365585,0.40505799662582637,0.050063339546967636,-0.16843308879165836,0.13108788334722773,0.0800934250897803,0.010313990868090341,0.24203618087381312,-0.22606041315829334,-0.01275505418088574,0.018054006983891646,0.10367839629511819,-0.15671684031851602,-0.10556739856417804,-0.011191946333188046,0.011855069578102817,-0.015262871650992927,-0.019493604912893495,-0.02315930040439696,-0.21909278920229514,0.20254879364794467,0.33313629226047575,0.2823599502043495,-0.16921594420321204,0.2587607063884188,0.2626285243317988,0.26040424759923314,-0.21740262063395277,0.2185805635624404,0.19891110222583672,0.16969671831973296,0.19619653403342466,0.18043755804464973,0.1591838508707008,0.20215284160222297,0.18448334459602483,0.15991060660279116,-0.10038787861449883,0.2342260490935818,0.22831073399531174,0.220045069154251,-0.22292793690908536,0.1893519703491858,0.25882433005162864,0.24555585640375605,0.0026610302182962097,0.08732760470485242,0.02151714723500417,0.013515222746549477,-0.11979266117418735,0.02915129787856503,0.007979479471293406,-0.008608330422949317,0.0003810488363405134,0.005753774099934531,0.012865586379944166,0.006920191346155414,-0.25925430844040426,-0.21221222027646322,-0.016945282936685714,0.24619256290237584,0.052624055937993644,0.25405768748097235,0.15297160700187215,0.3166136474583446,0.30038048752200175,0.2441515455130586,0.006516452587161356,0.16352169716750534,0.2533302193223398,0.16833098913023634,0.22479100126611312,-0.008496958422086807,-0.0011481438719739179,-0.29513164945243736,-0.2578365269905963,-0.2653444453161183,-0.30826729147625853,-0.01777985125649902,-0.008056020146892247,0.1863786235593448,0.20693237895415306,-0.13760748481372123,-0.14767991854781373,-0.3582937676987544,-0.0007221990040076006,0.17236607225806946,-0.01976341584276568,-5.1241308348496516e-05,-0.008075278814702587,-0.013739730900167363,-0.013285103063345462,-0.012835583580203706,0.21665292157312913,0.2743555486000489,-0.08441625885793425,0.38552127061654,0.3846973857047877,0.3831015672109266,0.2164166021283438,-0.19164932811186988,0.37749268784659756,-0.02205467297425828,0.22836257378783453,0.011091161908740313,0.20879130021380077,0.34689272217302153,0.015436695724830588,0.2796567375158947,0.29501457270416,0.5031908998922964,-0.2524975904371891,0.18002681071075272,0.12863044876792226,0.18165420563521917
WITTEVEEN-KOLK SYNDROME; WITKOS,-0.04318226517039708,-0.005326816213139199,-0.26815723768285843,-0.0181891019886726,-0.023100326057472795,-0.0014750730509727682,0.0001790877657533391,0.31125845831282245,-0.44830028556682283,0.030128056177514545,-0.03935050924477577,0.03519948397417758,0.01439077386502409,-0.22154218975742834,-0.00047224545233346044,0.0007581514459646909,0.0018517954267705484,-0.028578037770470424,-0.2708818658492162,0.028496338077333528,0.4020981174807588,0.18873815048939535,0.02752116853148784,0.03521637209038389,0.038835011507358526,-0.017823280218238202,-0.023968357485966794,-0.02087761496949559,-0.017062649881589564,-0.26834167746940474,0.13817712033554705,0.29155604940476465,0.24445642423965722,-0.12326763851127501,0.035408964344690444,0.03565786252264419,0.03499873551043546,-0.19047923649666243,0.23475326001740737,0.22988626537801657,0.2148274938910651,0.04281782424078809,0.04230292620354432,0.04051358142052549,0.043788823751382225,0.04291877604634051,0.04009571812947194,-0.03205393660195287,0.0396470802296204,0.03954553830474746,0.03884629411733347,-0.2182540081612607,0.004681872836881461,0.006951202066155051,0.006293445659029795,-0.023417681968734328,0.014480484729887787,0.007773293367273799,0.0014909961761983856,-0.026134498266189566,0.008070851524763134,0.004846688842967295,0.0014424380617521317,0.0012915075683374206,0.0009946735791386103,0.0029380109517300273,0.005188352266974416,-0.04407917162740083,-0.27438008892217086,0.0012136235800596406,0.4206111336429579,-0.018831033285827026,0.3718368055065267,-0.028865487356425603,0.25002633700506804,0.149004775231962,-0.01913098362260343,0.005438989931645935,0.03220892953096328,0.37172553182102713,-0.008344413335707393,-0.004737479124275908,0.0029142120314813655,0.008257012249758397,-0.270532844427051,-0.24437188367443272,-0.2828616316736105,-0.26183807942529885,-0.21313721400926838,-0.0038139542715385534,-0.2199374335178867,-0.2411929469371348,-0.22780524676431876,-0.012255713829896793,-0.018497715399830163,0.004219615196550353,0.03607295083341072,-0.33180309909576994,-0.25739928895504777,-0.32277876926056603,-0.32645197972859596,-0.2511594952982277,-0.29503027508720014,0.007740770747916016,0.264003489420191,-0.023956794616941023,0.003714427226770687,0.00649699578417857,0.009204094478333097,-0.01878038381677133,0.03582292918230935,-0.023466280466940527,0.24052031586292125,-0.02235430250535466,0.35244199184620373,-0.024138169967683892,-0.029456247369021252,0.01673959554292098,0.011745596498779003,0.001102450405414816,0.0140489799341836,-0.37801132387482184,-0.28549616162027885,-0.2641127875037201,-0.2638964646800779
WOLF-HIRSCHHORN SYNDROME; WHS,0.027298455189164184,0.002699937352558104,-0.0017685854254942783,-0.010634896656711936,-0.04781579554433242,-0.031946860821832165,0.03342510336617715,0.33937083822838876,-0.05866654980523076,-0.04721619362394419,0.04107357121875588,0.0166290644950768,-0.004557549319865897,-0.027943321254544323,0.046964892651534605,0.18962732094556708,0.18056844953242177,0.2934681033120525,-0.022092898577133434,0.018810992361241653,0.04433498829596541,0.00841210733858706,-0.008052320588777124,-0.013764124720463764,-0.0187311266490237,-0.010697577759448986,0.047614502719660015,0.17538331632285994,0.1897680480067828,-0.01510512923155594,0.2088581851986786,0.3638688995468989,0.2981354026130116,-0.012738902610777453,0.04961051232356181,0.04977071715569295,0.048362494130820104,-0.03654502713382829,0.03819576138237011,0.03457342302602081,0.0291256495043156,0.01816358482995579,0.016662763494311086,0.014863589499344784,0.01942551961992578,0.017897959377591633,0.015399416824867796,-0.010695461367099585,0.03608527878515446,0.035499042183546166,0.03352159422160725,-0.027339548626705568,0.27864247442846674,0.3191725203192941,0.2666179464749156,-0.00220233615993996,-0.054297532000028126,-0.05590763356425054,-0.05268359326995108,-0.011945693629947577,0.007806170240398318,0.004310037139910842,0.0010860544769434933,0.0038537508209997573,-0.0006973889788205628,0.0012989572413697964,0.004050834803402773,0.03317922171668082,-0.031728737210265666,0.008275125119967903,0.34350919608372044,0.2825659714169681,0.057187950177631765,0.20278720559272823,0.4006041537608773,0.3923814613210267,-0.004300770490739194,0.0027452071607038005,0.0222251668770259,0.05662803119939328,0.33337762762683076,0.36370814299171017,-0.01647260680811063,-0.011705024487231456,0.001444263064638555,0.008250132913593859,-0.04693716170561866,-0.34682186424331607,-0.03506786329026481,-0.003072887001187038,0.023184556676825372,0.007986859627938561,-0.008019610151410327,-0.006339639247304423,-0.19752257923292693,-0.01581499963960775,0.01865807563184371,0.046476305588770334,-0.18120854597483396,0.16745637791311543,0.04797866809861806,0.20128209282012688,0.015161777099684965,-0.17099236694209474,0.029453493124439418,0.011157924104605968,0.001145637981128175,0.0034337162451012677,0.00593225153932632,-0.04268769276667064,-0.045609889203800165,0.05019955402851435,-0.004351580015962154,0.03402999117574302,-0.00301203575086352,-0.2590985313325429,-0.0181559650449197,-0.16743699006522605,-0.0111119209696843,0.3946388564295806,-0.024113767554045606,-0.002961140936946643,0.00667721409736646,0.029253373879730694,0.017694995538237144
Waardenburg syndrome,-0.021293072273961686,-0.008557941281636349,-0.031281112120314016,-0.041192062745145586,-0.2742097852563817,-0.023305014401276785,-0.019397633482996484,0.1821232904795903,-0.17523547531460687,0.009086809794988125,-0.032831418460589686,0.31682346140752443,-0.03229538000408871,-0.17566058124573203,-0.00895455550022112,-0.01207451935167496,-0.011883207891128175,0.32793099087424443,-0.04066906668626403,-0.018318382435843973,-0.014683931747316345,0.006492330359642481,-0.04645132951791781,-0.1528970534050131,-0.04478860557726773,0.030268834436054836,-0.03787741605353527,-0.03589412031440732,-0.03337190626278293,-0.01892486544858238,0.00846545835399295,0.03527939185940127,0.04033056709358359,-0.017638009187536576,0.025963588401797934,0.028709237909415798,0.03084432689210242,-0.03943738742112288,0.0006239106883475598,-0.0025599949127559436,-0.005906157559428065,0.01129772163468513,0.009973596401395014,0.008246209104369613,0.008254713267460197,0.0061055726892613295,0.003724255228498501,-0.01753207794579722,0.02191807632606188,0.023712142253204588,0.024410714371719235,-0.029987758104738388,0.041554181906926495,0.25059584807815793,0.2470522572968964,-0.24094959439413358,0.017401318019061595,0.014736437384931796,0.011253550470849161,-0.1042896220350335,0.033315226164551605,0.007255930943719609,0.0034252043477690677,-0.0013189036079583143,-0.004914150386290192,-0.0034566901301281102,-0.001619825294043539,-0.00402994968391716,-0.15289177850262323,-0.0126482644308248,0.32215842350615775,0.2565424295322523,0.43336973490327035,0.3672923702106829,0.32089001296930975,0.34950605970477683,0.06033046141071518,-0.21314147805434552,0.036684326325139564,0.4332110348963991,0.3840487281734033,0.475668468564153,0.016663779066352236,-0.14290049497616716,-0.04637973604253438,-0.03600470360154269,-0.024145597329657775,-0.2193949848752031,-0.13253229165444272,0.22347558074515875,0.014750197499529525,0.011801345376404627,-0.015929755965738344,-0.03415372846163439,-0.39063481174490833,-0.006841692960195738,0.1632001569517554,-0.044321859695340714,-0.2930201688016161,-0.03684925476279181,-0.0403138341059618,-0.027164664045788912,-0.03129696502877132,0.007610599244683436,0.03156246838345223,-0.02218171591088192,0.010098151458967648,0.01226704164405863,0.014155959828970173,0.020627660970917047,0.029833565859443023,0.3675993196855025,0.04129911589610635,-0.023363203425396925,0.038759987346186374,-0.01789630275519931,0.039625225472896666,0.036156039043914755,0.01872751639631246,0.39934221075608517,0.011607515133042225,-0.24441615621263887,0.018614070160560884,0.014394413876440084,0.01371124668687924
XIA-GIBBS SYNDROME; XIGIS,0.013125832446076516,-0.035475772682161046,-0.013755199769276156,-0.019745625052496957,-0.01176631570137309,0.009947972991449932,-0.02193899575957425,0.16090326651098252,-0.15298954241468488,-0.023308858483395534,0.02444160574185268,0.030619366122494898,0.011128715233640228,-0.027333846482720855,-0.008926113892982665,-0.008403455827754093,-0.00582459953802183,-0.008077010247756153,-0.02366340933935933,-0.009398470953964443,0.0036549574723334123,0.014149042871195462,0.004482659061670706,0.008750569839620363,0.011588755024509144,0.023165247986054134,-0.014065476759620447,-0.013355033836501273,-0.012192298412150032,-0.024534324622071998,0.007038216247489761,0.026270290272856957,0.02909961261442683,-0.018111434358871633,0.021193333672154327,0.02054755627086424,0.01883971115701446,-0.014139446210838853,0.019789071874192793,0.016934659533139548,0.013587086303967122,0.013927103142800826,0.010953515554923212,0.00799439724043937,0.014783453475100015,0.01182542050268854,0.008726064653921851,-0.009912357566248317,0.018166126974318124,0.016436758363573317,0.014159073014348498,-0.024810109264675227,0.020590707712551642,0.030014948552286286,0.02721532355324501,0.001291672639617992,-0.02227115568959097,-0.03149177292334145,-0.03679896037986783,-0.02050258025887246,0.009797343475250724,0.007475033361119238,0.00450539633327953,0.0007255518242512251,-0.0027719568717585272,-0.0018764900424697733,-0.0008604175302575792,-0.004800681947202275,-0.02263827130384317,0.018935842481332607,0.04402797933799659,-0.01982209400847859,0.1699672436600661,-0.032630278243969364,0.026800979928504734,0.013308667810805511,0.006435167724009064,-0.033988983212016086,0.03540346567828713,0.1706089321390526,-0.0020356591121560162,0.03218365283224397,0.019374456472763896,-0.006329108854133997,-0.039387149410304835,-0.028139242140037574,-0.03773201973953711,-0.0310091284266726,-0.02057006904665447,-0.002475174031489632,0.01962663805111178,0.018178546653193333,-0.030110812348826163,-0.011836457770393716,0.010963895123490792,0.016086607474102604,-0.011662063032180488,0.004276228475249988,-0.002983208842892285,0.009705866304720123,0.005862277994002636,0.018812486467850654,-0.004401425838364833,-0.028150766438929938,0.03630846102049128,0.00255060373461362,0.018157094279933002,0.02221173928392993,0.02542768006548355,-0.043213061778781696,-0.02767230723856695,-0.01914987109382733,-0.0167793103655263,0.025464430235334286,0.008253274356307308,-0.03251327168343208,-0.03306110685713989,-0.044695358282138914,-0.01941631640139901,0.026020032051133,0.04773349329760112,-0.03330818734128739,-0.005784808853660578,-0.0030750623646051394,0.00796103450706435
YOU-HOOVER-FONG SYNDROME; YHFS,0.005240259030967526,-0.015969755978027682,0.007009884572884607,-0.021881185493295537,-0.016272840913907998,0.009394365971279222,-0.03209633367155667,0.0024535376956305015,0.0052103245151203246,-0.01944822085588333,0.007430929214762621,-0.021931076096071075,0.003558127707787808,-0.00048734212877113057,-0.01008957950832339,-0.023277972304307854,-0.02861451842957356,-0.020676713078822996,-0.005296673591101918,-0.02014069676097798,-0.02661952668676135,0.0040088428866768494,-0.02378593121196594,-0.018725940796142673,-0.012103054269143706,0.013179040761590438,-0.01679429789933988,-0.021483140460640007,-0.025628888661192267,-0.0033120788614428706,-0.028082668361245604,-0.03243143330434613,-0.012918214519407233,0.02866938917818456,0.001621944427595504,0.004959996680381732,0.009479305041488311,0.005266350539767312,0.0005038511953565426,-0.0004964625652371583,-0.0015470668027377774,0.0024583902890931066,0.004077455072459231,0.00605641922035668,0.002325707447871569,0.002776949789772035,0.0032681166139985605,0.026491557118972938,0.002155225186487469,0.005481364943966167,0.010037247581322769,-0.002031239874470688,-0.0025562721606743107,0.006787993175414578,0.01731687507636523,-0.002592575822237192,0.009512100908291637,0.010472213091600685,0.011249800590774751,-0.02031568953488628,0.006387184710222532,0.0043334462150531545,0.002055725673012241,0.004717200392295107,-0.0038334269359899392,-0.002513890301923579,-0.0008290366976010752,0.00788961346283774,-0.015610055054265153,0.007488486312889334,-0.007056494100763957,-0.009302522154476394,0.03528600102841308,-0.010534043699779389,-0.008054043334785306,-0.00941521321045769,0.006207764469996145,0.0029516488831693335,-0.023641032139959432,0.03559517188403718,-0.033799494368543063,-0.023031025830683564,-0.02845116453493214,-0.021867596125550774,-0.026402804652301846,-0.037880399299510405,-0.0029967598956614715,0.0017001487236448774,-0.0025047241690233655,-0.026277469590204834,-0.014963561126554326,-0.009528280313265556,-0.016498946968397554,-0.012270667912573354,0.0172808538053113,0.019170644591520253,-0.029895345529787048,0.012255490558118613,0.03721089997339725,0.014488505458238498,0.011575630653699936,0.007110943194217275,-0.0016334931242196903,-0.005678983073734815,0.01271791895672624,0.004575831497690467,-0.014252903939157758,-0.015559299139430837,-0.01719848782689407,-0.03824593262023014,-0.007923347567605887,-0.03216411063576433,-0.03280038820545762,-0.0015812472658346618,-0.032138344501081696,-0.032922355761847474,-0.03906962815199756,-0.041834238118953114,-0.040822147797082986,-0.013753851046021505,0.014101009644728752,-0.01904112949426141,-0.033737033960561345,-0.026545821094142875,-0.01867922139076943
YWHAZ,0.03070969770680875,0.019528456832721756,-0.03681417363388513,-0.0057073439471093945,-0.13437798271109427,-0.03402541843058397,-0.04445915898130104,0.00023813372387959038,-0.000336685279028271,-0.05183851974012825,0.04161259468522133,0.03315554793313745,-0.02724426978544398,-0.040328540084005736,0.027485289251647504,0.03394070595603114,0.03128132653057399,0.04960745932500448,-0.04142976268105215,0.01517320258626782,0.01685702624730528,-0.0042125698778795575,0.006292890654260431,0.00879495890899898,0.009938939163911873,-0.026090072204011387,0.01296508437607169,0.012413623551888934,0.01166720154156294,-0.0449436657095942,0.19802507957063095,0.28918757219272034,0.17868255138394876,-0.025924710215670946,0.029891717312529594,0.027193643992345994,0.023795749148405924,-0.022549665553003435,0.022587284871788044,0.021761558384309203,0.01988702860135663,0.016023096678347098,0.015383446565592363,0.013808463675648213,0.017623822142627085,0.016820193524649786,0.015924321271799602,-0.01929541332742881,0.023931007188063128,0.02141777413128749,0.019454896544126757,-0.03753787200578001,0.033636431500644375,0.03377293854694343,0.022451359539600816,-0.035738272648483824,-0.0007021122573841904,-0.0015162727393338692,-0.0021842908591427498,-0.011853891071832412,0.00019965199179616537,0.00010347039199713378,2.7143586594346442e-06,0.0006519753122843933,0.0041284412490394246,0.0045312792734700565,0.004675034184782164,-0.19796158667226,-0.042429063434175976,-0.021902789655071052,0.020482304688067037,-0.011279332283166873,-0.007838287382656366,0.028791966257958487,0.050372733217919255,0.04927660408322534,-0.009030840990897501,0.02070848686256048,-0.003859138863786791,-0.008151001817670455,0.047446500049511404,0.03798113635867822,-0.01237847682293771,0.0036588996937586644,-0.014232589029453905,-0.017168419370832782,-0.1883943968926486,-0.19411913319796606,0.0032204211131895244,-0.003865818348381485,0.022873425722915678,0.030055107985710476,-0.03721384975436795,-0.002569289522592252,-0.17403808112240798,-0.01974795529185545,0.011078989556625016,0.03442504277605954,0.01650344944643981,0.03855701695116996,0.036958219077842185,0.026737832963330637,0.035105961316886376,0.007752426879328975,0.15812856389626864,-0.023056020355460307,0.2909711510797519,0.23392543933281876,0.23076139604243656,-0.003980730646531634,-0.04472645533523086,0.16234451692931387,-0.018358770419787642,0.1809133022991956,0.03559221241509128,-0.015230097881659473,0.016467920313137655,-0.02170170801912722,0.03106335230937861,0.18029709726891316,0.04215045939307068,-0.002096341742631943,0.03674280248230392,0.0357620292035367,0.0346439430607444
ZTTK SYNDROME; ZTTKS,0.02041765261551018,0.025254624884028187,-0.009991246715545271,-0.006582448388097355,-0.032853072946721865,-0.021546548234632888,-0.17121584526575542,0.18119619819029265,-0.14481275102581037,-0.1545087740057789,0.038656209032346525,0.03669124677875157,0.04943515326439918,-0.028303661967191918,0.004834696301783092,0.014133590925080338,0.019657052083336905,0.010094216623274805,-0.030570887763707547,0.01420331540732654,0.02607708027458676,0.0010631611687058752,0.011923171552156053,0.018541823708687073,0.022706662171027743,0.005511054665738832,-0.008358899600566018,-0.00692527760939926,-0.005543868582253257,-0.029174984079394582,0.19245606649141853,0.2707860981358542,0.18276315540728183,-0.017653209903017195,0.04239746239714287,0.03913428465098483,0.035008402077304865,-0.023954703081521655,0.21623163164843193,0.16115724739827209,0.04410594502480711,0.03273988892759066,0.032296358816197905,0.030523265418638902,0.03628789389180847,0.034822778259387746,0.03216401804258732,-0.015502730419971342,0.037704231925734355,0.03571143263320721,0.03310834354784941,-0.021279642392543777,0.030013053870973343,0.028916402629654052,0.01610565382825806,-0.002049669314060014,-0.018494155155334036,-0.027442880035200623,-0.03430975433075137,-0.026289262244246603,0.0006301742876017912,-0.001906126124784544,-0.004980689515431973,0.0015363311381016778,0.007986992749856103,0.010283836026487978,0.01207768551170832,-0.144977795097104,-0.02465456819499393,0.01721141966955044,0.23689601202641505,0.02728090830577539,0.23880727069699104,0.0025146383215575606,0.2528401685517731,0.21759651566281296,0.02963790969991032,0.019732910188249558,0.026823834867001798,0.23994521846551273,0.1840107679084465,0.13414531568350802,-0.02943206111486113,-0.008233018927694374,-0.036593464693758807,-0.029265919707758072,-0.027042361370327908,-0.1577776294448915,-0.029719369271075272,0.01708911983585102,0.14653062944219766,0.14187775455833648,-0.023157117447547174,-0.0002553809814642672,-0.04417935677495521,-0.015364853113748229,0.006813708028620653,0.0380889278904055,-0.0002741626821534446,0.04549356982207697,0.04085381358126699,0.04858257424051061,0.018505687951799125,-0.01515332577385286,0.03157138309336571,-0.08283782695109643,0.26774744708654935,0.2645038360780095,0.25925331539822716,-0.015644608396568817,-0.041521386363343175,0.033070653071557904,-0.018784145116014478,0.15056965594441185,0.03813363602196579,-0.016727847061604403,0.0041166193301784325,-0.036095495361345084,0.020274868704108575,0.22239220247628372,0.04167008595360682,-0.01897526143359537,0.021351345327918228,0.028598208780842498,0.03960537599341841
Zimmermann-Laband syndrome,-0.00549908971841492,0.013751044714516767,-0.006497422288592427,-0.017136207197570644,-0.03756228684553159,-0.013056941971274064,-0.046183156252308954,0.020889249599475572,-0.00026263560569277984,-0.014598187862130017,0.010037925032474833,0.1601003250205636,-0.019765268329209294,-0.02349929675331599,0.0015978416745863245,0.007717101915966797,0.01246375293396118,0.016063458405175524,-0.028733373095781046,-0.0029457939767431585,-0.0022351919287074357,0.0013941602010769253,0.003434479892792631,2.980314689058124e-05,-0.0028764643745632697,-0.005906766939636881,-0.010230600738854066,-0.00675066299454063,-0.003722088555933681,-0.0341156862642761,0.022041310368383336,0.04260510361579572,0.037457748585059666,-0.014794039951756672,-0.004916784099541913,-0.004121156209569261,-0.0032322605517502608,-0.018219865376483662,-0.003206201225094848,-0.002127111684905293,-0.0010427377004784393,-0.004780095842679785,-0.002985394152047877,-0.0012731770425411437,-0.0037353779453445967,-0.002559539009154276,-0.001354134775510416,-0.01177096935477985,-0.005334962118173945,-0.0037087211692894448,-0.002077908897864157,-0.030509416938321345,-0.006095057160600114,-0.007182273975561203,-0.005533049264560026,-0.17342464106588865,0.001616600474766916,0.003667472475745162,0.005588331740600729,-0.009919956971988955,-0.0014149927614043082,-0.002206510954203424,-0.0028358330656760213,0.0014283064567412692,0.006541487244823813,0.007546984859373953,0.008010229618062612,-0.19381745933374026,-0.040475829963428474,0.0019088773286596275,-0.004490775414855119,-0.009414935646955551,0.013853763980588244,0.0007405216709894373,-0.009284466628290319,-0.007181946280581235,-0.017514995894509364,0.0016432618148373068,0.015376656385544002,0.013500592316957466,0.016159158259987705,0.0035107072383232297,0.0029012642364582703,0.0053866922075749765,-0.04084490837275287,-0.03731340487693837,-0.0017219015707309587,0.004477565684152994,-0.018253212689245065,-0.027206075669833202,0.02155363601040494,0.02685061680761676,-0.028773071329422056,-0.00983813217466676,-0.042749602900036765,-0.004304221758478726,0.02153928197321284,-0.01271243532008293,-0.0017183899649021836,-0.009484388726303625,-0.01030981434051953,-0.0134138647814888,-0.007110535377194175,0.015389889128843717,0.04021380261277253,-0.0399885981109431,0.06596338727690054,0.06752533534550205,0.06933346433940547,0.013753832608939358,-0.013543893313121898,0.04178501844312424,-0.0005873513297464821,0.028195621147364094,0.17788063406386806,0.009749150636086302,0.029482480307612188,0.0025064080591023622,0.04724882944243395,0.001256762056665434,0.051952778095380896,-0.023210937982818175,0.022331120143653127,0.011956971985961897,0.02173297191882422
