syndrome_name,ala_flare_angle,canthal_to_pupillary_ratio,cheek_area_asym,cheek_area_l,cheek_area_mean,cheek_area_r,chin_height,chin_pointedness_angle,chin_width,columella_hang_below_ala,columella_length,cupid_bow_drop,cupid_bow_peak_asym,eb_arch_asym,eb_arch_l,eb_arch_mean,eb_arch_r,eb_inter_distance,eb_lateral_thickness_asym,eb_lateral_thickness_l,eb_lateral_thickness_mean,eb_lateral_thickness_r,eb_medial_flare_l,eb_medial_flare_mean,eb_medial_flare_r,eb_position_asym,eb_position_l,eb_position_mean,eb_position_r,eb_thickness_asym,eb_thickness_l,eb_thickness_mean,eb_thickness_r,eye_area_asym,eye_area_l,eye_area_mean,eye_area_r,eye_epicanthus_angle_asym,eye_epicanthus_angle_l,eye_epicanthus_angle_mean,eye_epicanthus_angle_r,eye_fissure_aspect_l,eye_fissure_aspect_mean,eye_fissure_aspect_r,eye_fissure_fill_l,eye_fissure_fill_mean,eye_fissure_fill_r,eye_fissure_height_asym,eye_fissure_height_l,eye_fissure_height_mean,eye_fissure_height_r,eye_fissure_length_asym,eye_fissure_length_l,eye_fissure_length_mean,eye_fissure_length_r,eye_fissure_slant_asym,eye_fissure_slant_l,eye_fissure_slant_mean,eye_fissure_slant_r,eye_lower_lid_to_iris_asym,eye_lower_lid_to_iris_l,eye_lower_lid_to_iris_mean,eye_lower_lid_to_iris_r,eye_upper_lid_to_iris_asym,eye_upper_lid_to_iris_l,eye_upper_lid_to_iris_mean,eye_upper_lid_to_iris_r,face_aspect_ratio,face_asymmetry,face_roundness,face_triangularity,face_width_uniformity,forehead_height,forehead_taper_ratio,forehead_width_mid,forehead_width_upper,gaze_asym_norm,gaze_asym_x,gaze_asym_y,hairline_height,inter_canthal_distance,inter_pupillary_distance,iris_offset_x_l,iris_offset_x_r,iris_offset_y_l,iris_offset_y_r,jaw_bigonial_width,jaw_to_forehead_ratio,lip_midline_x_std,lip_outer_to_inner_area,lower_lip_eversion,lower_vermilion_height,malar_bulge_asym,malar_bulge_l,malar_bulge_mean,malar_bulge_r,midface_width,mouth_corner_drop,mouth_opening,mouth_tenting,mouth_triangularity,mouth_upper_curvature_c2,mouth_upper_fit_residual,mouth_width,nasolabial_angle,nose_ala_height_asym,nose_ala_height_l,nose_ala_height_mean,nose_ala_height_r,nose_base_width,nose_bridge_length,nose_bridge_width,nose_length,nose_tip_elevation,nose_tip_midline_dent,nose_tip_to_bridge_ratio,nose_tip_width,nose_to_face_area_ratio,nostril_region_area,outer_canthal_distance,philtrum_length,philtrum_width,upper_lip_eversion,upper_vermilion_height,vermilion_total
3-Methylglutaconic aciduria,-2.771813837477138,-22.726979125414793,-0.04402702688000828,-0.2595250226213327,2.0484877365423295,2.293302052867034,2.7216101411453515,24.76242022354568,-3.138543317692651,2.028131792772164,-1.3832982390882675,0.9775302944467842,-0.25992564683738806,-0.8963269830341569,-13.779529500813343,-15.61617085481737,-13.613109195824277,-28.605026214641466,-0.10164391265986869,-1.2722391085052556,-0.518960327685734,0.7316661073820095,-0.6253658235257471,-0.1428507481846847,0.2321512614634285,0.9204041075158346,-20.84447949527253,-20.57279348133035,-19.74817441398218,-0.18882983865444758,-13.029758198063938,-14.069323846805004,-1.8295201093393096,-0.98443463353827,-1.3914618900721412,-1.2640484469496345,-1.0925689392846798,-0.8074779640177578,0.15523726883419872,-0.4772200466996458,-1.21725262270153,0.2037033338940581,-0.07217568796385475,-0.4004030830871081,0.11319066676330249,-0.2965119823610136,-0.8212649656067605,-1.37803289240357,-0.5401637471298428,-0.5824641034541624,-0.62176858099871,-0.757192650692457,-2.9709232576934532,-2.497144882229256,-0.9079744828986828,0.4142971685561968,0.7964163239054366,0.063060576949755,-0.5654314884163647,-1.6623222219679272,4.195055393373563,1.0715043095472954,0.6996847668287764,0.0380899961632779,-2.613578863944716,-0.8579538244402791,-0.8221949635870262,2.283148191138801,-0.15470701380380308,2.5048660987862674,0.49883464140284023,-0.14770715131050535,25.41094340611269,-15.586943650850687,-3.086302619657044,-3.696899091899861,4.716004414144329,-14.895862632847438,1.9810610015326247,25.557108710922012,-29.023082841332727,-18.913943641648448,0.1366483786194593,-12.830829640881273,-11.94584443895124,-3.3360342906329046,12.053139022359533,14.091112830478181,-1.2315313277667346,-0.04235557843528021,-3.1287005757656394,-3.546005041388033,-0.6046163755909382,-0.1622639627752888,13.244926424656937,1.6453246807382003,-1.0253972100379134,-21.479480698345853,-17.18409176068919,-21.24261759708536,-21.489884431858194,-14.344073978705573,-19.714645624500637,-0.03715397861186641,-0.4512148285319667,-0.80628339585344,-2.9434321135779364,-2.8554075173462063,-2.7270388934953886,-3.3745599975599694,1.217543884578106,-23.014877057569027,0.678163097802607,-2.0715763645145593,-0.22753392545649476,-1.8395072491983886,-14.11712776045727,-1.7918600855573903,-1.69042408575681,-23.955456042213257,2.9827404297246205,-26.350057256977173,-12.81630709736475,-13.210337806764501,-12.703323819060744
3MC syndrome,0.7196802646014595,-0.20470921322330551,-1.065234129328418,-4.039566473197627,-22.296578547462296,-0.8654565834339848,-0.043584272214370105,24.30116030756863,-23.791026895476897,-1.3780700502250862,0.7919600186954021,26.44107248705993,-0.15726813015714552,-13.934122762127135,34.776443400706256,37.66802174897293,33.263835023233106,36.99621596342147,-3.8707945619308495,2.7713198542647777,40.96054504648904,22.964571508025664,-4.601248703651057,-4.367069173875972,-3.7406568616610034,-2.1130188291971432,37.77661233219632,38.65093507678414,39.17253850825577,-3.0625752485001,34.22112062308471,45.8444338253156,41.008088094481025,-2.286334497568525,1.2427838959315214,1.3074784512631454,1.3365269842032974,-11.281645433931347,0.48449663329363557,0.0886940397883606,-0.24915394584476255,-0.012584588552225728,-0.4692815118829084,-1.0231469730189706,-0.05104319555302079,-0.5615305219454662,-1.1597768426505368,-0.9815925980506682,0.6955601975916464,0.48531580100082516,0.3043933724273637,-4.00869576109738,3.118416287194191,15.338747566226196,15.729791251016845,0.5640161285043226,-20.83311137394636,-21.594046363803827,-16.473364329778295,-2.093792839713143,8.544831542923156,7.6553322601738225,4.681377589176073,0.13037199349885284,-3.3706819664470955,-2.93126155492545,-0.6743772538130741,-3.8828751388442466,-4.023176175893398,-1.1899799400020152,31.764220449460606,3.0073554660128554,0.15636782264510632,18.278679561210375,33.72648711427637,33.48080340275848,4.156465597268425,-21.532683344482486,15.534230877060324,0.15788585873910266,34.05179299655989,37.82391192617654,10.921521080345867,-1.5289868426742066,2.2709851226382436,16.56079778917931,-26.86407519980784,-32.81228684319647,-16.93816670609093,34.252861720321995,14.105227616366573,12.003077180323524,-1.4821226380788692,-2.8740482034619346,-29.250674586689197,-0.19657031878164113,3.572441605065043,-0.11101593118966657,-22.645207779258186,0.46652247589699086,0.16323637249867842,1.1580010145518125,-0.2516341065558387,-2.010640488881516,4.157386281044186,-1.704898335111259,13.993848402680682,14.493539188129342,14.711336933931848,-1.042345329994075,-1.1273940949402135,25.736508438620337,13.11694806496262,3.0450186144689777,25.167988722635098,-3.9103855962114618,0.7764835633256046,-0.01141485315110121,0.09174050777682434,32.738683433309504,-1.555693759903868,-1.5559535343520872,13.14520436802013,12.353474650594457,12.804476815819573
ACHONDROPLASIA; ACH,-0.6564400375716783,-0.8595312716867722,0.7989200167836732,-3.2347821753772785,-3.314572905727374,0.10851162424422184,-1.4744636292806585,2.1472971400268497,-2.56981608934716,0.24301935518539255,-0.1563038209753111,1.886830025653727,-1.9397714429385113,-2.5376154757631975,-2.1029230362074833,-2.458732460859765,-2.1786224251094404,2.658447804596403,-0.5851259054057689,-0.7904968620653761,1.2782316178503101,2.012465105673513,0.579378666429322,0.4805351302310236,0.33795769306914397,-0.44715805731888586,-3.3471196656341373,-3.1854779153335255,-2.996170834076966,-1.5746442632235433,0.7903860660815134,3.018884382959508,3.5607676792973013,-2.3676951088556963,4.154819577485385,4.386923198332196,4.46645223599248,-2.065819271751197,3.443135952238066,2.9522747089356547,2.3176605453883736,3.3411089208818043,3.070055727806963,2.693425195553574,3.420277451240547,3.0406227728567012,2.522400873680828,-2.539534179667528,3.8258617458854864,3.839996746027578,3.8666674100734135,-0.8893878900178546,2.4444806235276766,4.153436645912981,4.405227076172872,-0.5373023151400531,0.05555044561922706,-0.10448464339840287,-0.2662794678738823,-1.2394923808402383,0.38146001062584217,0.2181228144808973,0.05780396803796121,0.06615672953981283,-0.03450307163121268,-0.004424309215600385,0.03346146425569754,-1.2971677369386347,-1.0760882363423094,-1.7896437570185983,4.429341207137066,16.848577658613127,18.333318688884255,3.1372287349273513,5.931035527581057,5.788869664675608,0.5349940468867023,-1.6904873361413904,1.6426880588521424,18.35840516747907,3.9144059521883934,5.346220410579827,-1.0432374535235045,-2.616136600642853,-13.522886859407809,-3.9752462926333045,-0.9227216498515698,-3.9675270821759723,-1.242526090069258,1.671651887561061,-2.317480486990299,-2.526445918342186,0.7404222532908639,-2.5439348592703075,-4.881527843356135,0.14845213580584105,3.4979301634529953,-2.192508218116717,-1.0588063387572888,-1.8373594748476714,-2.0386888660281706,-1.7470091113056117,-2.5675229180627386,1.3771182338996928,1.3912986516980184,-1.9769604649392005,0.39015373619765015,0.6088612956256871,0.8391986697231412,1.531868926629836,0.01538589921098608,4.138616569164767,0.660735615982477,0.06551569611535198,2.1025355924730795,-0.03236850119019756,2.167015157408956,1.1008291365613658,2.400978781591125,5.1702486372401735,1.3671775373538027,-2.3211033064944897,-2.538366183172164,-2.3992586280223365,-2.616622226886844
"ACROFACIAL DYSOSTOSIS 1, NAGER TYPE; AFD1",3.183376006051152,-3.2439783658286814,-17.812875780201054,-2.6543804728339255,-3.153064259601361,-0.04561201089783337,-18.370451159498757,4.029327011254605,-3.943423855321825,-3.175398976249945,1.1240244895345843,29.98147938550692,11.685774777045275,-3.9962411982628248,3.1291726703900813,2.6528942005930487,1.388114980508611,1.6398407004753215,-20.51955676661533,0.4291861943496733,23.630741018387088,3.5832479215575503,0.9780872288460113,1.628108027852906,2.0564458930191303,-0.8981242319186902,1.9661286970426932,1.7791447326839516,1.5669702789960902,-3.788842412906926,3.5048876397916304,25.40358414536999,17.850950023869654,-1.7264731234391724,0.18941726237307902,0.3250833010965656,0.4740563256524618,-3.318882579297794,1.7664668872585734,1.4031231984044419,1.0342628695332063,0.18369929606093122,-0.09178443297315876,-0.39503438433163623,0.2905105793821796,-0.049251112034401856,-0.413021099316561,-1.5482066225761282,0.17408024794693677,0.13574997315289547,0.09341680459227472,-12.846723132535978,0.2925595205836713,1.745864017089192,2.5669261269837196,-0.8336020285087545,-14.75511598713032,-16.46405454207661,-16.682040316850745,-2.267886246008827,0.689222737567087,0.37332191245362134,0.06617360830371347,0.018201063205398788,-0.05912381579651777,0.10567445090092586,0.3255273403143906,-2.2262955802873545,-3.749367769335601,0.08089471149194123,16.183353213934524,0.24666919864010636,2.51491770610748,2.26800927725257,15.001544330801819,4.438501448795705,34.528119555820425,-4.098642272186663,1.3330332811758279,2.487802458028982,-0.5154950018012463,2.940240950016194,1.79525931231106,-2.0507818407956915,-0.0791633912692696,0.2779514257998723,-4.320782984767453,-16.41116991688812,-1.228769384203437,0.9750627640517129,-0.15682076873444084,-0.14831603060173632,-13.40021938961787,-2.199386149778427,-2.972377867156059,1.0423608250706318,-0.8562828027424604,-3.680116818245791,-2.726538995331804,-3.022430670626209,-3.240241205689292,-1.9065152569318726,-1.7965420239741485,-2.0380750554620226,19.4626318690653,-0.06959282631526678,18.94562466159172,19.167922630394536,19.142216079447998,-2.156810462179546,-1.3207161471935267,3.428978387831451,3.8928469044766967,3.224944961439162,1.6430797859044863,-2.852355764462246,-0.18707060653709276,-0.3880486582387645,-0.22754764566116037,1.3086583531408138,41.38849511669892,-15.410952263987854,-0.4203556451499651,-1.0578476523368727,-0.5083009846362695
ACROMICRIC DYSPLASIA; ACMICD,16.137884689428954,34.05738917305695,-30.323066204978964,-1.2608779197815823,-2.2293722841298056,-0.5899307161136526,-3.660204361805518,3.3810820570269544,-38.39058104216174,-24.77173504396613,2.070505210596225,29.38968572831872,-0.02510965676576496,-3.9855796013600244,3.332316912347439,14.268820202456354,13.691775809530702,-2.009337917743026,-28.49908231914687,3.1477902779277187,40.753249977621195,14.970906399950234,0.262712839846787,1.9008289485999739,3.23043679827638,-1.177417503834496,31.83740270859261,31.32498743182275,29.736910340542554,-25.855555241584373,17.590126580665288,29.310658878673436,23.944470829044338,-0.4890930600705189,-2.348031879023711,-2.1174690198921415,-1.7312030576949848,-0.6781596541922509,2.702882710585944,2.8362057012889745,2.7529643634731973,-0.8013946558417395,-0.5741078183083709,-0.34588958679784554,-0.3452594663415079,-0.16902502839146558,-0.018038897083739944,2.705958800135662,-1.923373212171382,-1.6314513099482495,-1.3217083968616057,-24.606026201579958,-3.7259154078609824,-4.442382432737813,-3.59494567664429,0.2976655970240927,1.4507128937434266,0.05207176993222664,-1.255680379597685,2.5518597932906064,6.640767143168431,2.9528776179868257,3.284725615806874,-1.0697110373676395,-0.6408591807035054,-1.424742948600692,-2.087952414147175,-1.427639017617165,-16.498100131174166,14.215513586252484,29.743861512490287,-27.9531089601085,2.650216538967661,-3.5344857730316614,0.6384000619788989,-0.027404428543062385,4.219591272657045,38.12146555705173,4.034461124023397,2.6466805987510975,1.9992207738595447,-23.86109686641038,-3.4619193331120424,24.02995901511838,2.3258045547952166,4.101434182980015,-29.744371799877552,-3.7172752705383063,-18.434020714291442,27.55334381304862,32.463592532497394,31.786462842542495,-25.450830650690133,-0.4566953562706904,0.2246551216788007,0.5710307088819175,-3.64965392766801,3.1344764935355873,-3.9937937477757273,3.9510200444726835,3.5822954895932555,19.019408151531074,0.8059904489126426,-4.280323236491937,30.06094634491312,-1.386015542319306,15.998232266114265,15.165442576519805,4.461039208023812,-2.0894042420262555,-2.6625501256490955,-1.885856347255734,0.44445758091778864,3.0002750315043625,1.2697758535499597,0.5589726948134669,-0.4703768391653856,-1.9282805188041934,-2.54457208340007,-2.4817486102112074,2.1482204940360017,-1.2313069088065103,31.673655900652765,32.82698585372251,33.59311858561219
"AGENESIS OF CORPUS CALLOSUM, CARDIAC, OCULAR, AND GENITAL SYNDROME; ACOGS",-0.0954896687443448,-0.8980223139982325,-14.655949394245368,-1.2879845290254721,-1.0198790154459911,0.13579288249508117,0.14184940545895275,4.006349294007904,-1.2372782523401438,-1.3522533186808259,1.3754180665277693,2.950607852588269,-0.767957292821097,-1.407839971258967,-1.349339530645113,-2.8558681657707563,-3.4707370517211373,-0.09453198298028313,-2.7305157030806155,-1.678551625387038,-0.7199617903876026,0.8169284224386805,0.9179442025247536,1.8018743111726714,2.394473828408445,4.553537091609216,-2.2895636160219497,-2.8856222827734714,-3.343588079358232,-2.6351280296016704,0.11033673597697227,0.8836729227095367,1.0880762674020539,-0.15531890253777544,0.08441558567017633,0.1370851985300888,0.19198301686073327,-1.7594328809197688,-0.09828561376977211,-0.20871194854697653,-0.3115823575135684,-0.15294791390847112,-0.36131554524784076,-0.6068945611129792,-0.13228160218451843,-0.39658175144059327,-0.68027122403017,-0.08078957233716376,-0.015232309084754017,-0.05087442850228235,-0.08740521530892496,-2.014295979648301,0.20120433866673967,0.9996480988401382,1.523820447309384,-0.7258325559817733,-2.562463098846167,-2.876557692678233,-2.9056039454797364,-1.13063500620298,1.0943794763737145,1.0304131635004865,0.8549576495073982,0.42176809145435007,-0.6669113418045068,-0.7236042640194288,-0.7094282568515541,0.28053463361598396,-2.939319899583809,0.22759090057665243,2.3468892151300063,1.6756777671500336,14.979143618060595,0.3633277093184212,3.19022645002875,2.7787383010737705,5.2281594805263385,-1.0558239665451348,0.7117596113527086,14.957128436357506,0.13251939053388453,1.278671122269188,0.5058179934690902,-0.45595850732614557,-20.817320074046595,-20.836617728248168,-0.6840802759164618,-2.0267617065937897,-2.266539205320551,0.1872934273144058,0.46744761965714826,0.1528521684143817,-0.7448510198962657,-1.629510791402968,-1.3313685280152274,1.0065903004702483,0.5280594286897973,-0.4777784650941732,-2.5903801947574254,-0.0636754322771755,-0.3538057554122148,0.13576625859153998,-0.8337234740161453,-0.3715715176684351,3.4657066470106703,-1.6648389684319476,0.9553972399043632,1.13117747736099,1.2281491738902712,-1.04145185887279,-1.6382017374153999,1.2480276416093479,-1.0445928390554688,0.8334766030068698,0.13125980529131834,-1.027213466259678,-0.05155896822107519,-1.6603423055707827,0.3389535233124082,0.9766085699763246,4.055447521864731,-3.2234553817024136,-0.08850894114735708,0.07082156168221522,0.12670609738799687
AL KAISSI SYNDROME; ALKAS,-2.3890905869487318,18.099825938864246,1.1289166572214204,-0.5407479275787681,-2.096016344706344,-1.5303940317292029,-1.9262783591072898,1.8192530192243608,-14.359350043288346,2.1331337340878327,-2.6602418754977357,4.029452436055915,1.6083294992049326,1.609616829892159,3.871090593056528,4.607188630506305,4.011574394644348,25.691500217384938,-0.2627895968705871,2.025566687737428,15.638814679045277,0.7180236403811725,-3.483891723821247,-2.99668855397646,-2.2723244729840495,-1.496434348383874,0.19777791220948462,0.10397503994501518,0.0082898833937838,-0.8346712684741875,17.854614494771177,27.330638591422463,4.786135791275701,-0.33268711777437493,2.5717980079569025,2.2114790164679046,1.7693523589167957,-2.2946926999785635,2.0619107221822737,2.012375935791862,1.8492128695412189,1.9426402322919318,1.9801400881778817,1.8951953408289843,1.8827901651612085,1.9162635895667353,1.825930178776323,-0.5523516826878281,2.4187169806390463,2.1939119173019805,1.9392243634817503,-0.25526592365104234,2.484836473288249,2.10590131205803,0.637660712202259,-3.295063382607793,3.2776368355213923,3.6156640374398634,3.6272490062903486,-1.5867921240451972,-0.023774715197099266,-0.049230517539218054,-0.07457276430033845,0.011236330888524132,0.29156886120173797,0.3032341137317734,0.3087447460062029,-25.470604719492556,-0.7138656817403017,-3.2369538596617273,23.429437411944715,3.6020071949947288,4.552678505218285,17.064453249437154,16.824614894973518,17.79995597880304,2.7879517505432143,5.210530885192916,0.6302564643343546,4.52447333312654,27.745554117133036,2.897153181214662,-3.1363185196705863,2.2125135974739165,-13.314893234758085,-4.105634965329134,-2.5311554397409988,-15.635115189754758,-1.4253283156710115,0.3687153197009811,-1.1559102171371116,-1.1449550218914715,1.357166548626969,-0.5773865785832679,-30.52459179571677,-2.396526073961768,25.75424816323075,-16.43524103965468,-3.4121431973391974,-15.920658180678588,-16.059399430828776,-14.926439286286966,-3.695721225371275,3.5018262493507835,0.1411530226508162,1.795051411682691,4.2956668795365465,4.153625279765404,3.924702803638553,15.894390278702094,2.6728365507605663,26.359940329366495,3.758934002468286,-0.5377459728537888,30.302628424000122,2.478265366005504,17.425421900234795,16.679704386361852,25.05647671871469,17.16138138944922,0.1867435010921895,-14.185857041446475,-2.2890986806113656,-2.8170449062510516,-2.0330155939997803
AL-RAQAD SYNDROME; ARS,-3.1409909728596226,-15.309032001475206,0.15273861635392771,-3.613307634983318,1.3834030571538405,4.870509364250367,0.6487067774034071,2.858821401547555,-4.330760913999608,3.041864873847745,-2.4786178832159806,-0.7001538285165554,-1.6654480436571206,-1.236852233026371,0.21286681849502453,-0.8659617758531573,-2.043377432628101,-2.611439541771559,1.3997838119491208,-4.27743991783894,1.287858744436633,4.911818482185552,-3.5365903780547012,-4.100648434288139,-4.1677290150039035,5.022368000083908,-3.408623132226242,-2.8730478300923643,-2.1055352395079985,2.659124686310652,-4.658097064938889,-0.9085662139184063,3.436895992083999,-0.014401890189918078,1.0033493959131612,1.730802032667555,2.361036418741552,-1.3786534831455592,2.711658023142028,1.1646980826137834,-0.05564294993515482,2.3632288831325563,1.4635396810887875,0.5681765810346985,2.4575814943811247,1.2863227488269993,0.13579926813936843,-1.271469072030066,1.6332574182131114,1.7677968362537397,1.898209801708757,1.773188513625712,-1.7085411778606456,2.2407830767045707,4.618786695671513,3.168614834501731,2.858068183650613,2.536870932390518,1.8916584307390498,-2.280978081671634,0.735953846344584,0.519572114627984,0.2569400200472737,0.0904825386426627,-0.26334738708241273,-0.3037932168574845,-0.3325349073092116,0.4135639177936614,0.8585072720001197,0.12004418924709478,3.351572002159929,0.8723267649200912,20.021740443591025,-0.460541448654122,0.6024754177068145,0.4002517744156547,2.3253605389584058,-3.724924575494834,2.6286862765474583,20.12873716041268,-3.401902875781189,0.6435375208373231,-0.991386422698466,-14.264756229492006,-2.4268179784031516,-1.7302378453295968,0.1668695955640162,-0.11053134406972874,1.4486661933169513,-2.0101046959134115,-2.60827850215805,-2.975675675804397,0.6129955126256016,-4.462487687307832,0.32807814392511453,4.618487806856076,0.5283738775556502,-1.961060214917344,-1.3573116662771911,-1.710776179105891,-2.0345612404571756,-1.8697041921023865,-1.2924209830204725,0.22470895311060565,-1.9842603246530797,1.6812067726906768,-3.5705940333383666,-3.1906922920513177,-2.719593167841359,-0.31661440661515255,2.5972272638230374,-3.2563464591489106,0.8510678525052652,-2.781571295840223,1.6710665745712874,0.35653936790414215,-1.186519329059582,0.4025388188489679,0.31373033893705693,-0.09945868686180331,-4.531626964880266,-3.0098555411426977,-2.5340962267347975,-2.109969863156141,-2.7378840260182886
ALAZAMI SYNDROME; ALAZS,-1.0305027188644216,-1.5557181571217868,0.3171907126236206,-0.08517704290545017,-1.0259944104970402,-0.6403684467656605,-2.958469383706177,-0.5675638517367154,0.511901037447681,1.0070392450187333,-0.9191410681319196,16.700526511729407,2.1582571786400395,-2.4590814683356355,-3.950506712591261,-4.283867723879862,-3.630150299668003,0.6173003352665517,0.2647843036655545,-1.3503658151041613,-3.859747087817939,-0.8110295251864208,-0.1211510519488299,0.11631823642357784,0.36210916745308236,2.351284581667781,-4.732500470999979,-4.649828899266831,-4.537327505430231,-0.6876572170787101,-2.2630362279633025,-1.887284980307677,-0.4246110596004296,-1.7341977881471522,0.5989597632384077,0.4501422234223892,0.2854040999123402,-0.27974065490074557,-0.25763981847219203,-0.3908593495491304,-0.47808347193685097,0.08356240946397518,0.009208849458918436,-0.05991861339989217,0.001589703430889312,-0.06562878879817176,-0.13418894374285018,-1.6855915617396637,0.4372760948531579,0.30305605624415366,0.1724624702513547,-0.4048396337085848,1.4329679109467142,1.898692149602868,1.399369783150038,-2.5943015505598557,1.0681944057058685,0.7597176927973325,0.452360159873063,-1.494573527425083,-0.059360197671268,-0.22015448293743697,-0.3776573693823057,0.02317661389258824,-0.050561783585344904,0.01901647668473446,0.10241521316936755,-2.9992877452404136,-0.22678493977211853,-3.6794134817935626,0.7408095973050277,-1.8737110600865408,3.7870496768731767,1.0759105581507282,2.6066678313007463,2.4706734871093863,0.08656543638055453,-0.6217609082252411,1.5307222133713467,3.743326253167758,-0.3641734503998952,0.969066183261722,0.6395515018034191,0.08126815884025754,-2.0080603004727795,-1.4461558715397234,-14.154121976071199,-4.115927537117883,0.05256672833664529,0.40018082647421926,4.300669301097481,4.351632931500398,-0.2128228271964972,-0.4073822688840135,-2.0336143014510553,-0.03186094312877656,-1.4469875885164856,0.738634440907838,-0.5935918605668674,1.152945671095615,1.0528687454994745,0.5080126768244156,1.9344998541828906,0.13619943109484592,-0.47695786009699004,0.013938137680955207,2.87227708806426,2.8033091730110935,2.7600880965901893,2.773204375610386,0.8310741177617487,3.6963987594100556,-0.7317089767745277,-0.37014282439391905,1.9483675398296831,3.2107938571549393,4.050747866029963,2.060176152421515,4.003682632883938,1.2911288291156335,0.44696586811431727,0.9207818175869843,3.5999048874139508,2.7432149095188643,3.8513350098224644
ALLAN-HERNDON-DUDLEY SYNDROME; AHDS,0.021902966016377246,-0.04778786974805433,0.27960987919682484,-0.3120201206145651,1.9253709932758898,2.5007717117561468,-2.3406485757053153,0.471149646410613,0.617299684541869,-21.55996573684175,5.869785924106173,-1.189305898760318,4.390533266563756,-1.1731607540432896,2.260916031702134,3.2074743143894207,3.2702128909764547,-0.049939132344961404,1.7803207713046993,-0.5232040459906848,0.8457088773126586,1.2016824549794711,3.3473510397535633,2.6481462574413257,1.7101201096919834,16.21009342100929,0.48550238552613945,1.430481785864969,2.45071009241351,2.3463223792649663,0.5730912900958609,3.331247981937488,3.576846103402294,-0.6172265306947452,1.4913442572548026,1.8348117600103013,2.04785199083482,0.9794712608191352,3.2525008465922998,2.7190882429593386,1.8209877958168035,2.2030332006327775,2.104487119512541,1.8177461265582031,2.339974041556772,2.1755511625776203,1.7668012288470096,-1.5455541897469909,1.8638265535280776,2.0093958666968903,2.098725518527835,1.7343356509843284,-0.13072965621791968,0.5452362657177404,1.0871256261606637,2.2043525383090943,-1.1059995047844615,-1.3055709792396322,-1.3319413715899753,-1.488458764897213,-0.2476748199537527,-0.5648521201439591,-0.8500910469042432,0.10224018477479659,0.6797085837515923,0.9855996849045741,1.2674906979390037,-1.7809344831669147,2.550574967036562,-0.3149610128780973,-1.005255878275923,-3.1600454438308647,-1.4453013140959659,-2.1760437363422156,-0.18042235900838083,-0.5425116719976755,-2.2380993060007635,0.012097215555500047,2.332307467151817,-1.4215088907554825,0.9402097060299285,1.0805799382368018,-1.7910980687342328,-1.607912116662865,-2.949154018765567,-2.3848791299639687,-2.983657735201489,-0.5482072110553616,0.08957010866312033,-2.934355434388282,1.8576095863961684,2.2474111111372963,2.7183120373097798,-1.004639583257216,-0.8327937053162081,0.5899103386824109,-3.803070356938277,21.476707565974447,4.89253141721535,21.9561555205993,21.49456922450504,27.728445146322862,19.040471824182482,-4.083890301959028,-1.0065481197587407,-0.7560495048898191,4.963635825919084,5.1728020220749436,5.311536016023086,-5.04348434180079,-5.700458184560042,-1.87864218341424,-3.9966703009939777,5.64327223361081,-2.8594210746662925,-4.104179212575496,-3.6811182826085997,-5.126076332069377,1.2300048388622584,0.9261163093527034,4.279573973088793,2.079490402856802,3.2065389338334547,4.188772806567698,3.336628567158437
"ALPHA-THALASSEMIA/MENTAL RETARDATION SYNDROME, X-LINKED; ATRX",0.8785250466222583,2.2521075931435317,0.8815960494203374,-2.228427058878631,-3.0479286112659736,-0.19388861354385184,-30.56850982343755,2.903567702239746,17.244446992011387,-37.80413223338269,33.03234625615604,-1.0797558463922006,2.6651800224619633,0.8913934290919584,-0.22197533184192242,0.21744867374150245,0.6419581918588327,-0.9186330928195553,-0.9808277229843858,-2.531019454361552,-2.810817230033939,0.6043896145930957,0.1275316408510985,-0.8100474813423946,-1.9079242239859093,17.179768155334575,-0.7278089767699848,-0.02375234031945513,0.6504961383509106,-0.49057969387957506,-1.4562911094757909,-0.06591976880963354,1.3582218310851506,0.3629510751109833,-1.9147517771130174,-2.0079353424597417,-2.1630002544965587,1.0123725405650386,-0.5329835777249063,-0.5192478984298878,-0.45330647525279705,-1.6098359668635807,-1.736825229785062,-1.806024901259515,-1.395680149971399,-1.5666436226336313,-1.6530369204669173,0.8706800829573001,-1.9703118855678352,-2.0340535552782804,-2.0996627085288826,0.2228796510874396,-1.301950997538252,-1.5700669932800486,-1.070725123645785,1.1582108815437153,-4.416913756090511,-4.2632265428914735,-3.7173708536594248,-0.21432124492423923,9.029999355992512,7.978957704733608,6.126708836208501,1.1961296936840478,-14.945218438160463,-4.306878842489912,-3.539616757316987,-1.2603396163397846,-1.4040957599924275,1.5087327366256693,-4.0078098671473015,1.7044941195208856,2.023931444961365,-0.43931876854483654,0.5861206897098187,0.3705794885393467,20.986325979319247,1.4665080332229357,-0.026654370200877707,2.0276144172811637,0.9788433266828664,-0.6718818379323999,-0.3570064339991129,0.8374141081982339,-2.93180699448849,-3.210892196457115,1.4987080357184708,0.45966008652868373,4.577666232055019,-3.007242490004146,21.987243403835457,23.958377054554436,-1.8969109735670329,-1.1399425532242144,-0.6074411306487744,0.8220255168804794,-14.112032643027852,36.66014993580431,31.67500554931567,38.57887027249829,36.800440201434625,34.06165455002516,30.475032964201876,-1.761543323295947,3.0146694675243726,-1.8767197469088153,28.70094213246366,30.407845077532862,31.95948271084545,-15.800299599877135,-33.73223953097862,1.5809991758606423,-28.506860416805996,29.60032184490249,-3.757808064172546,-15.055336296579059,-1.9606496268755713,-30.060450787008747,2.3648667910806576,-0.4505050648207162,25.174508862845464,-0.5399784711570488,3.9393882483681697,15.223644915697143,22.99919962625653
ALSTROM SYNDROME; ALMS,4.047877464158459,48.13357796763798,-1.589159601153947,-0.263536126269816,-15.165943418684213,-4.1722317707732595,-27.245229000478894,0.9612051397463214,-41.5525253357775,-17.733553344879258,-0.773527487443286,38.48443618978614,15.072096866040962,-3.9941560975267882,3.9348230605647245,18.337613248228692,23.873376735809533,4.002647130573385,-4.758980584227145,22.646137492738948,44.93180244994847,2.899093725697026,-4.046776179433975,-3.8570893360216747,-3.3328194345951108,-11.984298213609007,26.499700310493253,27.193746979306017,27.276818275185665,-4.303749659237202,27.776424207470075,35.23351811220984,22.77007508843533,-0.5902395325247132,-15.736865806456423,-15.798425773569832,-15.445517126750252,1.1308348018291148,0.4223843806268224,0.8237406444794572,1.187927760444321,-3.1129573333627016,-2.6737799854629185,-2.180662036816925,-2.6980205152520242,-2.2063647369068806,-1.6160373311442062,1.4306255005445383,-13.914937814990322,-4.202597061164821,-4.029343414606836,-3.5841275690441785,-14.400915379484177,-26.023453338812747,-24.798211413806502,-0.08395114123163665,5.27414478204232,5.1529066931322784,14.52563685850325,0.04584756447831141,13.974413240420116,15.305435892993508,19.26640247588714,-0.15843240510243958,-3.102351019787321,-4.481566786457794,-5.546706835744622,-3.544609148269831,-4.066387705212001,-0.14603478907012157,40.14909570408426,-4.283527362844087,16.7325304563048,1.4339755592715926,16.599018831593224,15.188469405005234,6.905016193960346,46.506936053640324,0.5507539845579249,16.729917656760097,20.943406529409675,-5.352351973543333,-4.544167899935587,30.890216182803176,1.5959898681886648,1.976503811116396,-36.25114048405464,-31.243970456132608,-2.823281355898789,9.002477848359932,38.13110438892177,36.81332234695573,-3.4344591736921957,0.24841321489869364,-4.606297733654158,-2.222180361639411,-17.688046684377976,22.911186444462498,-3.217358375637705,26.065200147700267,25.389184872294873,36.38495340362129,18.7330749261596,-34.84245603787546,23.548301584025662,-3.6755059978632487,29.4932347843354,30.464979361116978,31.129971949842787,-16.781880645049135,0.41115384195959287,0.9198043578225892,25.115697693076584,1.1077668740252924,17.43037072756491,-17.733491529949653,-2.945003644530542,-0.5553564001533389,-1.5599595217177151,-1.8432260167491215,0.1403811808104648,2.4525148002843795,30.0788384558558,32.9765202238794,36.77230376366898
ALZAHRANI-KUWAHARA SYNDROME; ALKUS,-1.5457117306168524,-1.770284040166922,1.2694020288667593,0.158726233093067,-2.6676620564151077,-2.4900117843472964,0.010253740389302164,1.7612247347376204,1.561634825535208,1.7617730832102472,0.42018029458112327,3.0431023287031893,-2.0463983765672884,-0.48360383888411235,-0.19407110045204642,0.9838300889615471,2.2273624828992746,-0.8362347998505789,-1.0418208971159133,-0.4385188217676148,-3.7081302935585327,-1.8043022339075725,0.9320499036329554,0.5856847312923926,0.22807904763842515,-0.6312898579041617,-1.2701864945107366,-0.9230210281356118,-0.5679475694665214,-2.201804173637941,1.5215465696946044,1.69819516019282,0.46450875198131614,-1.2943591622397284,-2.144197485917377,-2.2846524908144796,-2.365680354024138,-10.836776453320095,-3.14611141047081,-3.360789419560352,-3.371672043421308,-1.9509504741541432,-1.963549766986727,-1.8665311036582546,-2.346309145054438,-2.3821894174881555,-2.268859961588494,-0.4966908917706122,-1.8909917718231126,-1.9705157608398256,-1.9989986863953022,-1.890496885870093,-0.09414485812863309,-0.5773821453010399,-0.8211521692578321,-0.2932739514400055,-0.4610187231636312,-0.514269785460732,-0.480839526319093,-0.8671794454280131,-0.0943256324052405,-0.45422335335885644,-0.8093501668155735,0.040050880319236835,0.07720043795524958,0.36271999840817293,0.7069206279583297,-3.4045807327084647,-1.2185885137958374,0.09255894400985773,-1.9410448649471446,-1.3732365814185912,0.0755446982144774,0.6989218822522952,-1.9835017891738904,-1.3856366578508226,23.6347394227846,-27.470237343013228,2.9554438899999016,0.07103492785504967,3.3260637856022415,17.208187252957703,2.5071571582982144,-15.201565380089166,-14.081658093333782,-3.86769327458609,0.2931297005303603,1.1034450806963583,0.15849529869843842,-0.5837934213057558,0.27622290058094084,0.34353090371415207,-1.1367806175199902,0.489307701122534,-2.3394448108842596,-1.3630309303225066,4.1772275282752895,-2.031548370149377,-0.5849368280349065,-1.8874544873213024,-1.8717388684592555,-2.820927876444131,-1.181121573670498,5.120824569334129,1.8073664073566749,-2.4603480322728446,1.639872326437701,1.6708090929842976,1.696461137964203,18.24272581649406,-0.5173958330443154,1.973281876171055,-1.2238592457335158,0.24087724284858986,4.971611868894713,20.1964549093924,18.534531007104444,2.8908808663763437,5.685532908017256,1.163428582805968,-1.1802591075677606,-0.5291401002782892,1.3954756082353363,0.5084214340200862,0.4420609935673704
ANGELMAN SYNDROME; AS,-30.122103895991824,-14.066911490568188,-0.8919491789105177,-1.2890171103131023,-1.3946451469766965,0.08637540030989264,-13.55508839435653,9.555927753439198,0.3456217322029115,27.60293881695846,-13.990582458055265,-2.321453416040735,-1.4531098349208194,-0.7350709324609483,-17.22219713923945,-20.19333960478569,-17.47943443727566,-17.22932056836854,-1.3200061117191808,-8.821182338042705,-17.869799943869115,-0.10670628494151425,-0.8052956168584402,-1.2941804712097222,-1.5975040012100539,1.0197794242352374,-25.880351716142442,-24.58399509458897,-22.856582428092775,-0.5619688979247849,-15.064383780714822,-18.027571772254127,-2.3344906464180304,-1.8977516521864555,-12.766068919169763,-13.537463922076315,-13.91943885143726,-1.8845031674198414,-15.661383711284383,-16.75739230393537,-16.754775996675328,-7.326741133935427,-9.251618716299653,-10.749823843295788,-10.119222721368274,-11.881730198424865,-13.036057478137913,-1.3427289637865298,-9.408514673292947,-10.60564518046519,-11.66866053606768,-1.7392954521959891,-8.768437341815027,-8.809750022870153,-1.6579005633881487,-0.5566233688514285,-0.26452739601093295,-0.3063870449465769,-0.32297703216618334,-9.770370411770509,0.15588052507746858,-0.30637444579716594,-0.6986324486838856,0.5480563495647379,-2.627384685430978,-1.081714148247847,0.11292719917176744,-1.1592727687087585,-1.928655579367453,2.46511162260262,-1.2119275762960207,0.8921106361259817,30.431060217554112,-0.9597108734511319,-1.6382791172060782,-1.551378503583181,37.05346454681674,-35.3049128992377,20.52735131188496,30.434612193444906,-0.6029753269505355,2.611472401464908,18.640089618758054,-14.474735916001999,-32.988216657254036,-28.203155118778373,2.8419594667629853,2.8014441913732693,1.2204708830848,-12.896589283367547,-25.4839943525674,-23.290717877851684,-1.560502481211743,-1.1609724569269784,-0.42463991462607587,0.949024302112393,24.390285656780115,-25.636618590841167,15.908473935288322,-25.929327445261052,-26.370377838956692,-27.80759252895943,-25.0953233673114,33.198704617483,0.5792357048168022,-1.0691927389978386,-24.731925177505815,-24.631226358652913,-24.12049382534141,16.672799449255198,14.47023542781374,-2.7388562547945883,-13.102052020220189,-18.941660977689644,19.42536415957123,20.68634360396338,2.1508206108666617,2.5853699764987486,17.418458375827992,-2.5910725160174124,-8.531520026988366,-25.194668023501126,-32.125703808590266,-32.33305240127695,-28.542913239611273
APERT SYNDROME,-2.172868522594341,-0.21803073233213488,-1.9158250672834023,-2.982299394740129,-1.8405283537819463,1.504556488872163,-4.161896124881791,-1.8275348253168622,-18.638662326785465,-1.73992397444124,0.7651103856675981,3.1938922540136034,-1.413810550540069,-3.017465629209972,1.3887671910617376,0.8011536171765917,0.1343787043975543,0.5029668809759653,-1.2444503613431912,-1.9473908231844816,2.128772573388053,3.56672123715219,-2.9165784592306796,-3.1467707920221284,-3.1283447890402103,2.803596183247912,1.1539936561529633,2.335785359265474,3.335006475799108,-0.6617358417067603,-1.4646835667600686,0.407843033004841,2.2674317379611617,0.22484878344857165,0.8641946382203068,0.8587265445017648,0.8701612705235473,1.162832566120786,0.8563708369325098,0.05686358407319676,-0.6019673455646152,0.687041846302404,-0.04171124928031583,-0.7127049087436477,0.6193352942037287,-0.09127296585097196,-0.7985157865283029,0.43592961090695853,0.841857242905288,0.46839566511795916,0.1432306287125261,-0.4590150062742623,1.3030660162996848,3.9665928897383322,4.860956067296058,-0.8622075232418832,0.1832509795065524,-0.2693076241062386,-0.8211723890535322,0.2610551571229826,-0.2842612025372473,-0.6820234932538518,-1.00966488115,-0.0834809360210714,0.013809410659376943,0.0805873086661221,0.15992900368972535,1.6063467991469886,-1.7227141076920816,-1.2357022801115154,20.108039326485503,-3.5810873680011084,5.309960969527062,1.6154556823760262,17.110828948199437,15.945910747560067,-1.3073155824599698,-0.7858447282517633,4.53781967107887,5.310293143169974,4.250500385139542,16.72360925289433,-0.6604564357382768,-1.4916305476218177,3.387358385539516,4.8691045094464025,-22.47262334795707,-21.35582620559079,-0.19667175676863596,-1.9395830545361747,3.6152828096666867,3.6734664414206994,-1.3816081577267694,-2.663995572716258,-0.9241823225136401,2.3803046860197727,-3.9590392876648632,2.8636524401985994,0.3409724737946996,3.1017841052582895,3.0478322274430756,4.228119042613954,3.035810107237481,-4.634914858648762,2.5464720233266718,-0.6662226866612814,-0.3250863426617166,-0.15990162261798932,-0.008921032439924668,-3.742453182333173,-0.9634104912464381,0.03698652715948156,-0.4670070580540474,0.2256060545265102,-2.9064057730660595,-3.85072607199992,-2.8054585168780126,-2.0107622831953242,-0.2969379097771516,17.25947966546297,2.758437257384292,1.2287911784054344,2.0704127629249296,2.2320718792571426,3.1753399462853564
ARBOLEDA-THAM SYNDROME; ARTHS,0.1316049013183653,3.516684075523531,-2.520272562289115,-1.3927706653493308,-20.034997985793975,-3.189282210396986,-2.7353449432345665,28.589099655685114,-24.89947174692372,-2.4938170815548677,1.669613914032348,3.101826073441816,-0.8823188977177501,-2.364864201357558,-1.9383144067352114,-0.7796839955245325,0.3153371292229569,-0.24001190541046857,-18.909702448923845,0.2063086414664348,0.3015215846967552,-0.004249641513626983,0.8801478173425161,0.40206997144389284,0.02190601543669234,-0.06423135158844362,-2.924527765046544,-2.635522895326695,-2.2921860428879235,-18.442538819000344,1.7851205391647973,2.8368152177002455,2.1377656776938014,-3.0445336619370993,3.224717159933837,3.3224823493257256,3.3329785160058254,-2.088483331406263,18.08659520989434,18.55680649741886,14.387457890731623,3.2111928257945683,3.463630571285339,3.572628541694852,3.3431604892828934,3.5606030114987384,3.5922885182110447,-2.2745071773756127,3.2511137423956677,3.39434777804123,3.505961335103373,-12.400548861448948,0.8975398973012807,0.7947811614737945,0.401125482367712,-2.0035747324282696,0.9273726860952874,1.2551947361299687,1.4559499704632997,-2.2777053049829905,-0.9545117199506941,-1.2194468319989922,-1.381592917596809,0.260214541888452,1.417851732683276,1.7286597173239333,1.9602878190891766,0.19980901506282356,-21.020787071339328,13.107658096037959,25.52801300065629,2.8017655964153434,33.468141342186556,0.7187718133846993,4.323286695540441,3.818815876763205,3.0137096976779136,4.037733835237701,1.5009305898713154,33.19552755237358,3.3232519934301394,0.27626067249840236,-1.393396396977385,2.1699021502136193,-13.198687570935174,-3.8261939075271014,-0.7495032998971249,-2.8508268964265064,-10.361610834740787,1.0708618964482883,0.0279006910841116,-0.10985132505471511,-13.991307098597558,-0.2101546703320276,-3.926774450396057,-1.1970057317681013,2.5990088002763136,-1.024388294534005,-1.8996124948908704,-0.46840007600613476,-0.8719186108331473,0.7410223367959516,-2.3606228498124007,-0.6553603490571525,21.701370592580442,-2.2955074705510694,1.0971392010766952,1.286002942309845,1.4090991584079806,-1.4836898313894484,-2.0686875020069935,1.6313213218990905,-0.4711047578423828,1.3556116278663706,1.4977084845779998,-2.402098708436792,-0.4750287148495598,-1.8978576195223438,0.275932151230939,2.3111642109660955,13.699150999404367,-22.67044371669675,-2.038329661290444,-1.1500492266007856,-0.5421967967584804
ARPC4,-2.989272203669102,3.412008239492655,-0.7321423967410562,-1.3254234690108706,-3.0017770866314843,-0.8937430546762385,-3.054153549353068,0.31931554895347264,-25.698455456500064,2.8832084886381373,-3.576968678500013,2.624301225793179,-1.7438216055438345,-0.3790915178712678,2.0690303517344244,2.5673744808014805,2.3697290285613284,4.195366269309736,-1.6973192439410596,1.2011756155914632,4.157911583061526,1.5074019743621099,-14.53181968056287,-4.315342823135452,-3.6074121798587524,1.2186403462801703,-0.43268393910875685,-0.39138240774026684,-0.3614217816151475,-1.9134278769523259,3.336314382094624,15.134744574127614,3.5935438727779117,-1.53600598243888,3.9576959609745104,4.012023306858023,4.03788299630531,-1.0937835146503911,3.308708366050485,3.3357154728826965,3.2510020366642327,3.732569641412923,3.8033813144360655,3.7554281095441877,3.714171874093091,3.681210513826432,3.602655306043757,-1.2709165697950942,3.957114831740211,4.001793385018908,4.030004330101581,-0.7175157752727873,1.9471415891354285,2.154325069464098,1.5481415880611706,0.7404123594809353,23.2386067037487,22.724442566269154,16.435541441769296,-0.45136417870177337,-1.4829528740163003,-1.547003897642326,-1.4654445076980487,0.2812616859386529,1.10313102948084,1.2423487461197324,1.3020634694550604,-0.9436799525137667,-1.5607536898840648,-0.1812172034053994,24.391580458392937,0.5802637438977727,22.27253038775061,2.9074447830676977,3.0128926774046554,3.1519993569115536,1.7683543238052128,5.327378442792723,-0.9431098235829855,22.348981576922963,2.5325205832488975,-0.5261975834641804,-2.5469553301946957,2.8634901965258854,-1.9268877434682432,-2.5098871266742253,-2.5435770363974557,-3.2500155165613402,0.3289029689035073,1.7156306591255417,-3.674684678383764,-3.7301746699956095,-0.9225991404027147,-0.8439356596757522,-4.153642065188222,-0.5073322952084741,15.520378495756598,-22.460502712092776,-2.8124936588175045,-18.047085067725025,-17.84969950968385,-4.427062575319516,-13.975889631650858,1.6892383089885448,-0.23529884860992986,-1.7008551634488556,-0.5972276078333257,-0.6129252111649444,-0.6346450539975289,2.136377724931217,3.4455828782433655,2.6522859038906383,4.280302130963114,-3.030904176731058,4.699187776430896,0.4699355892085649,1.7537899026555097,4.042801624256682,3.1056710256930526,2.7511893550934343,0.18386610774051662,-13.514409882385902,-20.976507073732385,-15.736081406599423,-14.325766130221702
AU-KLINE SYNDROME; AUKS,12.37568433139026,-0.9032108390802772,-13.228384622387859,-1.9936749766660988,-2.516369093442826,-0.11784238401523603,-32.40358379945558,3.7689181055120273,-2.528879542993525,-23.054713115613744,12.628427551266094,25.63540993494296,10.197404163009354,-19.383026990904252,25.28173627522158,27.570849111532382,22.88885303988792,3.9074024812429804,-12.322087552347478,-0.8135400152769472,0.9785851026823102,1.6165065095074285,-21.409495297400984,-15.35205011784442,-3.8347974499250537,-1.8172471678321078,0.3587899698644476,0.739162702366625,1.1824042508843697,-3.287431965692099,19.26376205703148,34.03377931397627,29.251042977865726,-0.6404046116669991,3.349306702640681,3.192423626339723,2.930167521920457,-11.865820564943155,1.9937663034103845,1.201369940713546,0.43801414651438375,2.6538645440315567,2.006566808646631,1.266129747700225,2.5525811281642174,1.8673385993722666,1.1319526308111967,-0.2986989596086365,3.1792865741427296,2.7827525285985235,2.3087876958123874,-3.067621637922496,2.6474208181847643,12.876432109665492,3.873818752883513,-0.48944071811056816,3.1886326652016588,2.342638369666343,1.2714706596545138,-2.79445746224762,8.723502050439064,7.677905882585135,5.822103925819316,0.30793675547843385,-3.5462764631816386,-2.8942712897925285,-1.5249831328334438,-29.442486428984637,-3.254203048799329,-0.286068421030078,2.9885472920472766,-0.7294050518014971,10.287184427901463,0.8626893636953566,2.6772976490429268,2.443904249991984,0.5991389643288889,-2.7944147038545384,4.021307801219913,10.223701572547766,14.111062830147103,23.997485530502306,0.1795901912587114,-2.17130227305361,-24.288978189551464,-20.06063562892671,-3.701290011031655,-3.4148797216303075,0.0706675122223397,-1.0163050619858756,21.96318109331861,24.433146590640487,-9.53566439491167,-1.9493955542397297,-14.510276607503267,0.22392879874117894,-1.5893231318270036,14.271546149035604,4.2363155018925385,20.45660133938934,19.31983222961937,20.944995656850747,11.788257403222557,-2.645223073172563,21.722848540099356,-2.607677998207334,39.18938293160369,39.49503841776736,39.11214386363308,-20.161072548173443,-17.78835510521269,0.7249190818982016,-1.4631763770793593,23.64020112777325,22.875439915565153,-18.58572165041091,-2.920748798910113,-20.373114409718443,0.8089762536765143,17.274881027084238,25.32838593126524,-0.3936514141939384,11.398801729878492,10.732549426386392,20.660926510581547
AYME-GRIPP SYNDROME; AYGRP,2.1362672023736797,27.231388226706244,-0.04129403815797199,-2.069677494198311,-0.6108209665431596,1.5361680951011207,-2.460409271949138,19.762342185582472,-33.638299466600266,-21.90340140478768,17.349005749005,18.10849261783388,-1.8980066726735245,-1.2374283468471543,1.2918641845136423,1.1119987637041882,0.5917367346923699,-3.6974438256470106,-1.0081541849576663,-1.3880332074730768,0.9054514478123845,2.165722139303387,1.1271590997194447,1.6550026351241989,2.013177388179761,-1.1009990841687751,0.17857287763022725,0.41348048400575976,0.683091598051039,-0.6774971662289268,-0.9011630114225606,1.0236244364190454,2.711153659323533,0.012724123095301737,-0.7799931412297628,-0.7450135128333656,-0.6881747417477883,-3.8037280314955386,4.861850064541812,3.848597069549235,2.620605614114634,2.1718761979630576,1.5378944844009323,0.8008307765697565,2.5422062218173154,1.7437829478813418,0.8843568051472007,-0.3299376447517744,0.24140445580476355,0.10018606246743982,-0.0327404656004832,-0.4249344746101396,-18.031762997310473,-17.54784482896388,-3.2117967513627597,0.2110935330286962,1.0783044042491094,0.2530318118630423,-0.48083220572320967,-2.7311093221092797,0.6437946786770143,0.28899257564349984,-0.03345571555553529,0.1286843601109601,0.35928811139287226,0.6390134854795898,0.9697245119243121,3.3096135159376714,-1.3175876511413473,16.972388679809423,26.17243495675626,-4.808593433359714,20.23984502476176,-4.212812705359411,0.5194427853175113,-0.30042963137336914,-1.0491447121048767,0.7398928608807767,3.059102811560015,20.199423187787087,21.49199111827677,0.8904317065516882,-3.0974294758890797,-2.176890947692076,-4.796179434921901,-4.112758941928046,-5.139443482564488,-2.622892005105285,-3.0224867964950426,1.1870006110708111,4.514333450096555,4.395892274705142,-1.0361649430238733,-1.7556620762859083,0.22013715906765355,1.8557065926175496,-2.5969752066105625,-0.045521899402373084,-3.6138741501969496,0.789950474606387,0.16075757640550947,3.400191785096989,-1.3799383104009644,-24.312727628445362,2.8422282567935686,-2.3366728965203136,1.3340966725043009,1.4818502422925868,1.6703068285953422,-25.89307322102068,-18.723317649956943,-2.651800567483495,-3.301857472597527,4.585852288978218,-5.332268624696782,-4.984605846942438,-4.920075750096477,-28.01813950798751,-3.7316490613553563,-0.7835682994448468,41.04203690627622,-27.15535999546002,1.5703495227086375,2.4677060206534587,3.7319907466300566
Alagille syndrome,-3.7312383914814578,-0.17847559690300324,-11.029614743015921,-3.21464445581613,-11.737179370476012,0.013186063699344061,-1.2276034301221743,30.156284175212928,-36.37284199316659,1.3750022441405925,-11.794947769551744,22.772241394195643,-0.12134533595844176,-12.538985003597233,-0.44054313783040117,-1.489460672719972,-2.059445553833723,0.15870042572850473,-18.03909490676543,0.18612105621153144,23.7610978518234,12.269818645723294,-2.6329182887085,-1.8786896005838112,-0.9766360399131735,1.4835013610152537,-1.7742535104149324,-1.8108991284812435,-1.8463950501999449,-11.814120715553189,2.2074612537399396,20.815127934208018,20.00024692015146,-0.39994552559325736,2.538654157862378,2.5950709978789015,2.555596436730954,-5.922790969462986,3.2473568459166797,2.577758636014998,1.760757105667767,2.516226142471027,2.003685895527028,1.4490735482697419,2.442115889133539,1.8218777489076659,1.145097825209518,0.0810752850101372,2.667668599929417,2.5108498751398574,2.3248935375153845,-2.8751257904648413,1.8321523162414934,11.466421960619465,15.621762370979711,0.08670384221609838,12.109065214287103,10.407305176257156,2.366682186434694,-2.8117644113806834,3.968158686873487,3.1267791977135078,0.8302481406102586,-11.366817223636765,-1.183365773484157,-1.5821014694704028,-0.5769801556481712,-0.45940202529596896,-19.07081048764436,-0.33181970854804255,38.969788761164274,16.178876208032534,45.17362492337371,1.774784318896037,31.31833399292619,28.211451331871594,19.564901914511015,-1.0833501866601998,2.4094329109119195,45.226079177420395,15.793170410873866,20.120859391766853,-0.812961806432638,-2.0519131797967405,-2.7766977960622614,-2.062775245649335,-3.2241048991988404,-24.23819495757875,-15.94148862584743,4.9058571623835086,-0.1961751677515011,-0.9233967169502262,-7.315776182650986,-2.838140362113507,-18.62158434495056,0.9745969283133399,1.9913180954990153,-12.444729533890165,-24.695121605075943,-3.1211450656457,-11.60971093483157,-1.065280679320656,-12.942103117968125,-1.3766400976801356,11.211042326876422,-1.6161919632443813,-0.4482011981948521,-0.36810964369085153,-0.2768751613317667,-1.7526264225297141,10.950317627541907,0.9639432698454227,20.620961338239173,-3.3040843555945427,23.783303338895827,-10.832000961969927,-1.7322542561186125,1.227959655002933,1.1182903098589676,19.62859145336805,-0.9142865511062637,-29.71466996760272,-11.398167999616193,-2.620664114720329,-1.777609121976898
"Arthrogryposis, distal",10.883083951473132,11.017274210398986,-12.01893220638939,-0.8786110605206522,2.314596298771754,1.836376941973907,0.11362905467401258,34.54513927766845,-0.7692498427997359,-33.23025303167676,33.16960508357077,29.935919206880417,1.8302693304212474,-3.0129746135971898,-0.43260555610729523,-0.3710898640327409,-0.22163420410766482,-30.133541170914786,-11.769982242652812,-1.0243239522349656,-0.858704089629312,0.418957423792664,1.4781390301753177,2.325266012014374,9.06293276716464,1.424806988059341,-0.46700339728113105,-0.31060279376747896,-0.1438023699817411,-2.7750060391788556,-1.9990421217230065,-1.9870066939366473,-0.6387432225020367,2.7543024904942794,-16.98895353434494,-18.113957895729353,-18.91675296578178,-0.5150084592642017,-0.2911697384407387,-0.5763953120347459,-0.801950458063522,-8.16675341644724,-8.6577134977836,-8.828971074326454,-2.2836179462321926,-7.839841133679201,-8.080814004180299,10.407883548444714,-14.881680455605666,-15.649652023722782,-16.296928617715842,-14.661739197767329,-24.378674259761095,-29.457245464600973,-24.47057219683546,-0.7142546908043724,-18.296735043430655,-20.97115163087524,-21.97499025197653,-0.6506537524294521,8.248533820037286,7.813669831735087,6.693330108092395,0.7120981054561385,-5.210074636735279,-1.6174133968039153,-1.5269769447686061,1.6889653643168256,-14.448828956673726,25.338936501187632,-3.2161650082627857,-22.947379849342845,3.334946070935021,-35.08128977296074,-27.693455396965504,-30.819691583249053,13.485801967772796,0.7863065943975921,1.7208754113558593,3.33997712394576,-2.3540832718809557,-23.82910839213071,-0.3982099491508977,0.29403836307900166,-11.504411416985807,-10.110379643387038,1.721810894526871,24.809450893925483,-13.509733870425505,12.529639218378835,2.80453487584766,2.484927681038677,-14.915869682924951,0.17828988834139126,20.2384984739859,1.5938861886662354,-22.125860283187873,-0.1419472609943103,-14.826749681099253,0.9159730985682331,0.17696857560045492,2.922119702296647,-0.6541785408251692,-21.99764780767344,17.634406386999633,-2.753039604630635,24.110954053698663,24.68406414805956,25.14875789189791,-32.61714323662602,-34.44472656833979,-24.082265646971084,-20.925684978531596,29.490334712752965,-20.827729808971252,-21.783677266516666,-26.78104829181973,-36.68770891670081,-2.1448467048238755,-28.969656576156382,57.84178534377467,-29.981809523680624,12.369949572511644,12.2254522291995,10.318581533518577
"Autism, susceptiblity to",-0.8907460206468064,-1.587348113343734,-14.22286395318912,-2.5083472201063626,-1.8500952740350105,0.8002018501934324,-18.37177662194156,4.222833308518811,-3.8619681912739705,-1.8052126476677237,0.20265576705675875,35.033622829030385,-1.32154415983416,-14.159714382886287,-0.5549965374715021,-0.8495412213701505,-0.8874257738853681,0.85705049974418,-14.438346500350033,-0.9720146845904695,3.753349613340389,11.525385078566034,-0.3570135566140173,-0.07445584309508822,0.15730115675799503,-0.17026450139481855,-4.0786831575323275,-3.685870676632367,-3.167041944214577,-19.700689221738248,2.5004417339764498,25.19601124619331,24.995383351253565,-9.869097482486083,2.883867238952431,2.968248007076325,2.9655599723595314,-10.776442492129018,2.3450112386583446,1.7823074015883698,1.142767181587736,2.810628447378323,2.129790654172195,1.3989538388879794,2.6369709028490917,1.8992832263109314,1.101851913266923,-2.100191968981615,3.0372000022156906,2.7994722821975064,2.507124072119961,-13.512603476891627,1.991200415073227,12.618291487285733,17.480639652408207,0.17424387382697612,0.5670956938355917,-0.24417478270822393,-1.1752837663784392,-2.0625452589373694,2.6832170140093354,1.212700381767285,-0.02663643872834939,0.28426567427229266,-1.381105074292549,-0.10145360999447361,0.23581512551799033,-33.49383912157465,-20.063517697748903,-3.5495393630328893,17.75939322644203,-0.3519165610484271,25.91465798832568,-0.14900360958457035,27.527014770853675,18.55842431412365,5.774235696914677,-3.2977663350855044,25.382320797793806,26.022659591524615,3.8395733809123445,24.780703816757775,0.7074842787270229,-2.1487826540555726,-17.302058105007045,-3.424366675977761,-26.770929796096897,-28.308387387148642,-11.359212077959823,1.7604681863851894,23.937665706447216,23.45801666391659,-12.93073932490164,-2.5324887053022347,-3.0428400716505424,1.2827797302274455,-1.1044211024566262,-0.3844578884993969,-2.9070226897114066,0.47679940603383664,-0.006556157297705812,1.1431571243182688,0.034044692724063436,-0.8934182798648974,15.062152896924369,-15.50561523332887,35.38054707607359,35.696835035779344,35.25891626192897,-3.666000216159336,-0.4350532732360645,3.104616356120695,1.412097260554007,2.362569902098927,30.934189808914468,-16.631036552799493,-2.0965880029212522,-1.7668430713227399,3.2388531729975347,21.190210541730632,18.883993006307207,-16.001419220332778,3.514377437033996,3.0942813789227657,15.763174991243305
BAINBRIDGE-ROPERS SYNDROME; BRPS,3.3085138171947714,-2.1098594760865326,-2.9723735435932563,0.1577321673315738,-3.2757095686270157,-3.3677271589116016,-3.5111620851952035,23.991963141044558,-0.719353988783505,-26.313738153988766,18.118344648628447,0.5735445439804987,-0.7551726314578037,-3.2595686544952827,0.8731528461539718,2.1114786452804903,2.6644150388230545,2.3096823503166832,-3.5938593006053865,0.2907284302909551,-2.1047690988902623,-1.7083211195030443,1.8923929180857275,1.9120135545288033,1.7622106052268591,-2.4405435259475783,0.14550058872564428,0.19290718913764704,0.2229670806861488,-3.617813122671687,4.077687668651896,15.779031956466621,2.6339597610098213,-19.56991032074003,0.8176033440865189,0.6775326754539707,0.5325249269319021,-2.3011502938428516,0.41820229434644807,0.26771002934151367,0.1297204545308206,0.49622227359986604,0.6336322270328872,0.7658845096165119,0.41440466007633253,0.53038989711728,0.6145249225313449,-3.429486864881073,0.7625395991980182,0.748383148774396,0.7461231119205847,-3.9973546045322053,1.7558079933077873,1.2619124265366437,0.3655615865120282,-3.1255518882479407,-14.337265513855735,-12.598887767559026,-2.987102197465031,-9.221082795737521,5.195579325477622,1.1042978008714792,0.5102337634738118,0.22798437402540722,-0.709282507700029,-0.3478251972764344,0.01479345184487516,-2.3244520093954124,-15.795269700036343,2.3677759828648712,0.6317297612745058,-0.3856019407843033,1.1060772847688816,-0.6938059805375397,0.811449947507812,0.5179366981260938,6.137944379692535,-27.47070879760009,13.329043247114814,1.104145040154583,3.9288771640058,21.086165058272904,1.455277380351634,-14.79841199866579,-28.42659234438821,-24.794960044009926,-1.081407980866985,-0.7830832548356974,-2.7528416134710203,-0.4904415886492879,24.527459705156783,23.39021568120377,-4.026375769247281,0.8276173636773709,-2.054675370570059,-1.7695337931834283,-1.65825964517867,25.815535430696396,2.3333113075451704,27.821200472971775,26.18717679137314,27.244383352414154,11.419792701697812,-3.3510422661528114,17.581280833654418,-1.5773632414495273,25.12653782043046,26.373898215000164,27.21679693014766,-16.6894551402406,-19.3892019589503,-0.00042891054833762965,-2.9019559675910394,23.59437088269185,1.6730860506248488,-4.454381681550902,-2.9860834117089228,-24.24382777263472,-0.2678205932069616,3.4529755293151325,2.1226648363382554,0.06942956469519784,3.466542854011715,12.141108456146938,20.89645100990873
BARBER-SAY SYNDROME; BBRSAY,-1.0097726673905316,-0.036375309692119856,-3.0484819983238465,-1.9809738685030351,-14.465709052717127,-2.4602239471590446,-1.9869053754647492,0.8891135403730442,0.058071603475229654,1.4659920202571435,-1.840716361788756,16.242555966691093,-1.949748999494599,-3.1046299004570463,-2.0870326779881725,-2.9197621909963316,-3.0518086552040797,4.365079487772174,-3.5722377087282458,-1.4697856285560762,-3.13854515775834,-0.5545543233584932,-3.0046816845789266,-2.765184090276231,-2.2745071020374277,-0.9214218174535302,-4.033127252124144,-4.116618957877972,-4.107369729905495,-3.6781561895767525,-0.6917806835287424,-0.09571857569201112,0.36226760674946945,-3.2454424544055027,1.512670204407006,1.7415798525436554,1.9412260765150076,-0.46949782909549603,-0.5650329305257689,-0.33411639093667617,-0.12510481325368256,0.4629030525287062,0.5473502716765042,0.5795247138191572,0.18765630950913012,0.19668212751551487,0.2021841932261732,-1.3525750972577315,1.2834676738500337,1.4323265112091723,1.6066289250438726,-3.5648500224693986,3.2158750902300137,4.016277046387408,3.5465398638452226,-3.365954803325972,2.4155505741194263,2.745888176198638,2.8677598639132516,-1.4819471889454885,0.5263855794494893,0.4431599486510616,0.33027038778209006,0.11677356446703174,-0.4440100168499353,-0.47223357566870144,-0.4663558340178723,-1.941551647646519,-4.3782004684006175,-1.8443512576803,1.5446377491180714,2.2250612574688193,16.3077080482243,5.230747787633601,2.5404532208547987,3.4192845042522193,1.8701986489390345,-2.921727652030621,-0.34362222818851934,16.229028626869134,5.660154138608216,20.259090549366764,2.171973327388286,-0.3869022357428173,-2.1464288703277945,-2.4590313053298614,-0.5069705032624072,-2.731411123500718,-2.479513448470632,-1.633990836964486,-16.175315949231717,-16.649360011848163,0.4389542805494976,-1.7893300864120665,-5.880785572899676,-0.991172221129927,3.7126452675494686,-26.344105210981393,-13.243048029718796,-25.797294027160085,-25.611458586388864,-23.799679052860988,-14.132990436514659,4.333750485212906,3.5625866103876005,-1.0217893512210299,4.245627808701819,4.17199296931489,4.056285141637636,4.5816575661993655,1.5707544034467595,28.566522828736012,4.380714912315951,-0.2144249641804346,0.6668832159071995,0.9275121553663821,5.315853659609995,17.48932814985659,4.229917426756031,5.783788979372773,28.716734112380976,-27.035518824805255,-4.756117328254465,-16.550029252217545,-17.18263861752122
BASILICATA-AKHTAR SYNDROME; MRXSBA,0.9789277606335371,-1.1163796123581438,-15.134367277391888,-3.049855079770942,-2.869116575414089,0.4517649372357489,-2.9027849986021947,15.78674868682268,3.3080196761641525,-2.290031131304803,2.3950055454996835,3.958726294221606,3.6881744365503186,-15.214644767550379,-0.25741086647459044,-0.6930546730640939,-0.9715688270497174,4.416611322719068,-4.1902350025302,-4.086639228611374,-15.212332364658417,0.6163175245940324,-2.319042595770017,-2.090021248529831,-1.664320425382226,-0.23475616783540976,-4.198118016056631,-3.8699052292514384,-3.446047379793629,-3.4116040850140092,1.2459433004125446,16.369237187829736,22.750741078915233,0.10639929007705932,0.631441439156299,1.037032663691091,1.4146696337206637,-1.1228226609775218,0.12755469391000912,-0.3909283197929818,-0.9809102501764059,1.2096168064088275,0.7934524296081849,0.40518265678890253,0.968159124775172,0.5261534825271377,0.1282922932180936,0.11755350562023482,1.0524314113009214,1.1319493839944021,1.182491267976649,-3.844395949628389,0.11956558938059404,2.0747977173923537,3.257765494875209,-1.1383254224879467,-1.0037503719301304,-1.6327860352245653,-2.146353356636782,-2.443133777962935,0.2011491868458143,-0.052989967462619164,-0.33849540896333097,0.21617832497760828,-0.43670629587976495,-0.20033360882345386,0.038224254546158735,-30.728618986678303,-20.782875451539677,-0.7148142430553498,-1.970758935962807,0.6203639371716191,4.004781894355733,0.06257018954253167,1.238810101573284,1.036897042519195,18.880897615163473,-14.267369908330762,3.545614027736709,3.9884114727513866,4.305212966448212,19.33871462518308,0.3349694612609709,-3.410789334374492,-27.574927643668758,-24.326672288684424,-0.30287787848394837,-0.7129245282369273,-3.350679300023201,-1.0822007382635934,1.2299790846258756,1.369831187426366,-19.670171670307177,-2.4975580908582895,-2.229032610765063,1.5287633792142625,1.6188759353149833,1.982081581115469,1.9174274048696112,2.5405662589501885,2.264068506794564,1.643230592186261,1.0994912577567382,1.2477292193127367,24.667963696633414,-0.5822136958765439,31.70411962830662,32.543203314889546,32.873893679350076,1.1986976944292924,-2.717354658593836,3.5580929056514927,-23.67142586274498,3.030444279303315,5.401738995373704,1.9156428138242314,3.322166064616365,-2.121429142018539,5.086485195718596,4.150877375601429,29.810580844757357,-0.23969268977285735,0.6005555801712704,0.3837913856562907,0.9703778548331888
BEAULIEU-BOYCOTT-INNES SYNDROME; BBIS,0.2565447419443739,2.696094779600423,0.08883448126955622,0.05481594803153302,-1.7620697786723558,-1.577603270424409,-0.5330055239750631,13.084234123626196,-0.9254558618207192,-1.5395773684895884,1.2601074000164179,2.9692183824931377,-1.1113822442351695,-1.420307590808605,0.45252540257416973,1.6125768526502209,2.332359664394702,0.4159573406430755,-1.8790786383726328,0.8578991852704018,0.9075194465060653,-0.16505664338914713,-1.7004817441170879,-1.915131592457097,-1.8861184796475632,0.11117438758732269,-1.589850256089242,-1.4676966321420648,-1.2922954649903815,-2.3194812600752104,2.566455347829648,3.2975699508473526,2.00515857476907,-0.9312627494659272,0.9301951392742265,0.7945134095302762,0.6114747862330981,-1.3462172928681975,1.2498569328837286,1.5404789706327302,1.7347646208605176,1.0278073357266782,1.3821355581579569,1.6913915357852853,1.0489296047381167,1.4636946327284421,1.7472513153788074,-0.90048596344155,0.9493845953079243,1.003940317274416,1.0248474847327735,-1.802078905907274,0.10580532735326445,-0.6939150604468355,-1.5573721885199845,-2.1847689305225426,1.704576107488744,2.0875875663840517,2.2379618962005847,-0.9324061022891915,-0.6631735409721461,-0.99675688215867,-1.2279819449916174,0.1949032024799675,0.852261625364864,1.2294256252559428,1.5775814545860771,-4.258259563789879,-2.400044510466896,0.09558877031594329,0.4585208106967488,-0.6506799192842799,2.9616031819598967,-0.7501921585206754,-0.07780170128019777,-0.21864451436865348,2.617516009858192,3.9558698525721607,0.5199074674899283,2.9701358274031775,0.14213246440785973,-2.434674757179855,-1.6344750959779453,2.0589700838037897,-1.7462659317860372,-1.6447069253372366,-0.3414484810125903,0.016306917239107415,-1.020955419098166,-0.677000642166741,-0.460819422803305,-0.9122243592595053,-1.7486123051909785,0.18906314217799947,-1.2120805580174394,-0.6758642462731432,1.2711774478698448,-0.6511592576758487,-1.7869772728282451,-0.22911987007841,-0.546035202082004,-0.44751366229006523,-1.0307344186763518,2.5346539564481043,2.851718132364876,-0.4191221909801819,5.493603271709509,5.534283220919998,5.584352652409311,0.4281858693377925,-1.5902038446890359,1.0513697889652622,-0.3661826861839931,2.597368394382164,3.9298824311302023,1.0523240515212149,1.392677565607287,-0.27868193628059235,3.699280358057053,-0.546346889352618,4.98999480274964,-14.462014607206402,-0.4985987961022751,-0.5944875489432133,-0.8266047158790757
BECK-FAHRNER SYNDROME; BEFAHRS,-2.8127712599803782,-0.47145174104142795,-0.8222630517395418,0.423457186664564,0.3717049232047878,-0.12140052736759964,-1.9313685383323762,2.317876814897334,-2.1836528000407243,-3.173543066457323,2.6805731482727873,2.714954403508186,-2.1287245477388392,-1.3994951599866527,2.0609652777083274,2.36581751884983,1.977432275210107,-0.8401432069158097,-0.8165057654113979,0.32587963188716984,2.5337358677541744,1.080676494691567,1.5297799669329248,1.650233765535888,1.6132516654488136,-2.215512066810017,-0.07965081850848131,-0.061864010400918705,-0.04356598675220002,-0.9256062401454355,2.5217013339274246,13.279075948690583,3.34607454007987,-1.725026280046248,2.166955407484274,2.44330176839167,2.6599642873632945,-0.3895049017062724,2.3963824056512557,2.749375939698894,2.881313293871547,2.552256013334134,2.715387630056155,2.7634995728904617,2.494838733860678,2.7346171039720426,2.804491737156477,-1.7279547675235012,2.4451161863042143,2.5752723304941405,2.7267063539958043,-0.6014628617848226,0.31491894934493386,0.45273825617408353,0.40476671075249987,-1.7673824999178915,-0.12882026635079258,-0.043199714562313515,0.045307889641110016,-1.6412858294611457,-0.13134794238717828,-0.22340334884506682,-0.3009314088829356,-0.04076125878253578,0.27593004952470823,0.48306094378980124,0.6999500325657105,-2.84830872366919,-1.508026118897718,0.11641638316322508,1.5650543597299882,-2.194110631684425,-0.2530074041265352,-2.698384207462587,0.8171459477099465,0.152788860971211,11.370895562804833,0.8377337029213894,1.0143822181648507,-0.250798114275001,-1.772644830548919,-1.1961566256630114,-0.14268197738468613,0.7694552251337933,-3.3038642636661586,-3.142669190653629,-2.9211301460899826,-1.4143491035789935,-1.2942773785002641,0.12925411879054266,3.2112999992184923,3.127271014485717,-1.113015900805389,0.017226460895605998,1.0657002862208924,0.36296018198821417,-2.484965440106028,2.6680953779956087,0.24632587228652883,3.294984330461178,2.8100702721239514,3.827363411427582,1.6962943658670058,-2.3736892081852106,1.7534706534602083,-1.6563364248293226,15.40614580895197,15.412637017847825,15.497551487562497,-3.9795177487676545,-2.919002673539857,-2.4278742491389593,-0.08861540693133577,3.1812573207776222,1.9914042903369937,-3.409415134611979,-3.6303872651775384,-2.689670933835997,0.3521325048327212,-0.317996739157714,2.488784776140959,-1.32086868827073,2.338124905338921,2.390385100146678,2.943288333175814
BECKWITH-WIEDEMANN SYNDROME; BWS,25.223431299239742,3.695340469137948,-2.019116305569035,-1.3727259919732469,-12.040490778956494,-1.9337492542692143,-29.43900869744185,29.730463822071613,-1.9355347554662654,-36.85095933069755,31.346171576852466,1.6867697705216351,-0.6299840053538878,-0.8554842286886889,2.0464246072957604,2.173483126177512,1.627855388298961,2.4674030067755486,-2.934114044420429,-0.15888018764432857,0.24230278678812417,0.3514844508996585,0.6649475335686538,1.0450855740834168,1.337511195902214,13.152286765002733,3.0996361731102025,3.0454234812817425,2.9081205838717863,-2.422526839784454,3.0983930120260776,15.927450579026223,3.7675379764655936,-1.963964361466745,2.677465324786281,2.599931232301087,2.525855286279037,-1.39205327933476,12.0824205509264,11.26116113363289,9.913238236548,1.0887257691300105,1.1015865227168251,1.044946420239889,1.910859742574294,1.9193869902790588,1.76491155314558,-1.2514998227496608,1.5846979407667654,1.527584543007724,1.4689133625752788,-1.851663665439338,2.7732731074949446,3.4739537961630886,2.831014718929099,-0.2571522597147222,-3.3453084402751965,-3.75927672376362,-12.23573827960156,2.3130390910647556,0.7596976929458795,0.435924735076247,0.06347449433678648,-0.13427468077271362,-1.0774097287576223,-1.581375983377265,-2.014536562222551,1.1931414664816355,-3.3417691014180657,15.103201453100873,3.416393616257568,3.4835713768389716,3.3057289482278285,-0.005164802475606284,15.712643862110465,4.130459142369965,14.388954981172835,24.860949783735048,0.442707750421729,3.2996860094946743,4.391685356612746,1.3062724458374442,-4.0696509546051685,1.4578248324665675,0.8834427498790813,1.081068411559084,-0.4061140749225491,-2.718538887419377,-2.190720259333892,0.7866767514201342,1.3661484311723988,1.447829576272962,-1.970164214212929,-1.2076765128915607,-15.202231641667993,-0.38313665603417,0.7423738438757426,12.76311302472741,3.495762852803562,19.550281434276258,13.310774053931599,12.20796005394474,0.4505236011833868,-0.34315839875643267,21.428609678188977,-1.5816794007513795,14.301001551960091,18.729051816593046,19.110972969138746,-3.0543906874637448,-33.011045038865625,2.3921543066042363,-22.841990564717147,27.842763840182823,-3.2638540385759716,-2.1788957819741017,-0.14847533988029946,-28.024242824862473,-1.2084337558134122,16.76665541180709,37.003068920667594,-4.209088365541047,0.7997021053526825,1.5360185905386252,1.5728159177851377
"BLEPHAROPHIMOSIS, PTOSIS, AND EPICANTHUS INVERSUS; BPES",2.2256132090293237,47.15084000343398,-2.684468773853481,-0.8386127728155999,-3.9647940627796516,-2.707717917660287,-3.870469335103971,20.046633400774095,-2.71106535015499,-31.37633032511663,21.21440748395878,16.48626929195759,0.6488841455265759,-3.0565205662003634,12.95294678821258,23.835866743735615,24.68202148894801,4.511432704587107,-3.9119075572125785,2.552006641274152,18.53848807055461,1.1834274014343904,35.023119200116255,31.915210260771758,26.003913106192527,-1.7548606478487712,34.060786642993335,36.89816019042725,38.800124725369386,-13.430931118115977,16.214819667800594,28.735797624289383,16.218584227596764,2.3062691488241254,-30.7655590037753,-31.06091433301335,-30.50100976002199,-1.3723660624785847,-0.5266445467703463,-1.2599840120351022,-1.9068960990158774,-22.35604047463746,-23.012211730056077,-22.835362673273206,-20.96184852596019,-21.72813438050713,-21.879081685952347,3.1561129342922523,-28.447174300631378,-28.53499362756935,-28.245686158015854,-2.9428145072146683,-33.127358869656746,-39.2540170012936,-32.16282803516827,-1.3913141390764017,-17.57366006507638,-15.956114087386656,-4.100812900813859,0.2527499210783037,10.759790592230432,11.36481579116392,10.824151350046094,1.5830177826499976,-4.053836650064628,-4.792419497622225,-5.340394501365414,-1.2796224763919175,-13.24591499399079,3.9561775395107377,2.2083271800579682,-0.9452859070385693,-2.4455532704207616,0.9760111713023912,0.6904106188279289,0.8177463028985411,2.18515147689745,3.6757112140750876,22.341022612941778,-2.499933148267636,43.710494357355536,0.9210373889381847,-1.9347855897270294,1.4367971727039397,-0.3262976942660704,1.421691434822943,-2.4685822038827543,-1.7070631356207966,-2.806339399298543,-0.37447741932719103,2.2034587751862267,2.0056451042938903,-2.779199197835909,-0.032390993086790165,-5.211881332073754,-1.9333231670039455,0.4667078536159523,1.2866081857327698,-0.7636510985612804,2.134764242002466,1.623631482017834,3.1270758705690453,1.061784041031175,-1.8738124887808627,22.841496444791137,-1.913901507861844,33.37621468850218,34.38250992930097,34.782552081042084,0.4781080754583146,-27.694981263568017,5.134067789561709,0.012325572664547913,29.35862839827226,1.6562914827777244,0.4147448440044863,3.1465744606736368,-0.9517840269443247,5.051759110403618,-1.4930606343772812,38.01889290070711,-3.1021597892703285,1.7877129788068662,2.3575675022468165,2.3138583317198225
BLEPHAROPHIMOSIS-IMPAIRED INTELLECTUAL DEVELOPMENT SYNDROME; BIS,4.433895499345061,41.75223242799225,-1.6930899085431148,-1.2498980578824486,-1.5300738964712826,0.06301726129879548,1.4407688365161064,37.20131176705152,-3.6649857304962197,-30.845713643429644,31.07640581834879,-2.9893198311271725,-0.9562829186569687,-2.803000914834115,1.3316805784345218,1.8394723015105505,1.7517667680061084,-3.0393201316246996,-2.44436698369877,-0.7772454317138751,0.8466287096248016,1.476216981225373,-1.6838652983121378,-1.6918369280026286,-1.5611941131149336,-2.3676974251934984,4.248429853869784,15.406533137909136,16.821386195944,-2.0184575575491213,-0.2677739925104806,1.00434862994059,1.941495056034783,-0.3154045354464229,-4.3427501943157,-4.416984975652104,-4.3925046885359285,-2.14759592923018,1.652109324435827,0.9887114649444337,0.3792679432013426,-1.3428205305586352,-1.859430980591522,-2.229634749139674,-0.9356816328022408,-1.4238306915359376,-1.9348125934120208,0.23759022122923112,-3.374247184460688,-3.5125078984862586,-3.653811750085726,-2.0787235173389775,-27.611433357301866,-32.68957288934387,-25.8569817948637,0.9605017480757647,-3.1579695844998286,-12.542486169097286,-13.69552328579173,0.509188537218811,2.2715300103159626,2.7929663040263635,2.969439942875184,-1.3270165804391787,-0.8197651378814764,-1.3489251246858052,-1.8724497762259584,18.71654310015336,-3.4494761504111753,26.46805087449879,2.023330741663363,-1.3408198401262572,20.62224781686064,-25.028624204737316,0.4810262121353311,-0.6486305483095608,0.4710749066335434,37.292486180447206,3.404749175949484,20.550947863327785,4.077052561473074,-26.012169201381546,-20.99386010898656,11.997585650354461,-1.6056674025722064,-0.5294741555391306,-0.5732959238545291,0.20505328312389148,-11.714395026394152,-2.689651060392788,1.3851508981314142,0.9294622582979722,-2.881066660644498,-0.3936156007813862,1.9959357010859633,1.1832949046466734,-0.8883941433530381,4.235264365381825,0.6648935743070836,4.7549950868487105,4.107278944830854,21.63582911293076,-0.9742503965214387,-4.141992284736123,13.53472592124501,-3.387229431427026,-2.1768316613479173,-1.9829570133696781,-1.8100939961203277,-30.94229722499895,-31.992411174424202,-23.80602854611098,-34.878277766374005,15.05828229954658,-20.814020661211746,-17.28881176000659,-27.07106668729729,-40.8669773266405,-22.52120961998918,-15.320795228100998,26.77171456496326,-3.5832737098265834,-0.7068066137991704,0.5708837400002955,0.8060737647700166
BOHRING-OPITZ SYNDROME; BOPS,4.450865941278509,1.9813955001370096,-0.021828379024238762,-1.910987663665151,-3.878815595738694,-1.3836310306468254,-1.2764850331089366,4.800775094801483,-2.7403737840925437,-27.86047509671689,22.574876458063322,-1.051166592126115,3.8068726412369345,-0.48115109007755885,2.5348903673698313,3.1364461709917704,2.629172762985962,19.645698840473514,-1.303750456008193,-0.765128426096204,-2.103988525495058,-0.3682781669170844,-1.2300773034344645,-0.9132518333926247,-0.5421203188237076,2.9468334834501637,5.080629103408882,5.142471629005246,16.235859505295604,-1.1262429087495405,2.655564654577526,15.827427785153553,4.042924540529692,0.7811721450389314,2.5974632526947667,2.4197903248717596,2.2166009282674484,0.42840571915234504,1.6876908423375259,0.7407400871586246,0.013827797463871225,0.7003101072717453,0.6365032201015909,0.5384052665464174,0.9994789542104393,0.8737779074341829,0.6965111585652013,0.25775251472160543,1.5835185042363555,1.490060825165806,1.3512736661138192,-0.1582470957958165,3.141566505634077,4.186050730712097,3.6643558532856666,-2.059255420030117,-0.7995061665643286,-1.0965325135707347,-1.28461677201678,1.8553512402240144,0.29745267066296754,1.2025787085024984,1.974314722952317,-6.9571958166992,0.27979131217785647,-0.4476505016369359,-1.3142597664643034,3.0301716454932106,-1.5278252051902073,2.214105039645266,3.5934060189305934,3.3464589729080196,1.29639907333938,2.7320116270146566,3.288022016377635,3.411209631043576,-1.9549632122994602,0.3696721920740814,-0.40726250195293456,1.3136665204179225,23.20699805292641,21.29898728212276,-4.418003457033323,-4.087948692861091,0.8733365261742967,0.7699508658164285,-0.15203159924957996,-1.8722568796446637,-0.05162588090753751,-0.19081496962202454,0.7666357797174588,0.4212919248846357,0.08810472647085507,-1.4421719523738408,-6.171947971116314,-0.7243955794443386,1.6829517690562248,3.7094741696396976,0.3627744942033186,4.167376803297242,3.7473892820647303,4.690605794898955,2.3603851078139977,-3.2539936498044617,2.0007288785877266,-1.5867866968769135,2.911450236529989,2.952186934497963,3.0541802376681773,-3.186897510251938,-23.357117771748396,2.8851125470780454,-4.267123640614247,19.296356070992786,-4.142870348087607,-3.6688436025847966,-0.5364252461475624,-18.973505737379114,0.28071645578347776,22.719782351378747,5.829176574584765,-2.008887609566954,0.9191485466922109,1.9830928826764724,1.1120351579327326
BORJESON-FORSSMAN-LEHMANN SYNDROME; BFLS,1.53891084056871,-0.13636801606456617,-3.8860545455935362,-2.0002746158422813,-2.754066292192908,-0.19641640665420002,0.39217807943208954,39.955483810793915,-1.7148783077649832,-2.0754458908176945,3.277478036095729,25.972393986121595,0.6437533353291758,-4.536089635252729,28.93249608652722,30.267990302189617,24.258443684685844,4.8483821797634965,-3.3766376761018164,-1.8860901518150346,-1.8272205758465985,0.5156390046336015,-32.855441007438685,-33.095770820754275,-30.72778761577731,-0.04449251970732944,2.436301807541949,2.492623792132794,2.4551668208996493,-2.428194596673543,3.554898460785495,24.859083252916275,16.415501368597422,-1.279412677078638,-0.6098695963753411,-0.6937921787286917,-0.7585270310951613,-3.018179422196768,-1.5300833521502073,-1.6927066776564965,-1.7597139565688158,-0.1403191718237672,-0.3744801142175531,-0.6370713155230479,-0.2745268251504161,-0.5328449479477407,-0.7867567820584183,-1.275657024877988,-0.33416100552004824,-0.4745697519034019,-0.6320026344801827,-3.0664106133742552,-1.0813126558255832,-1.0648659212164626,-0.5999125596097429,-20.151452201638406,-0.13949459165590172,0.09364077494061172,0.3384028210538103,-2.4713813118119394,0.10028608003709416,-0.18655852835245337,-0.5311823987336323,0.2017011903087199,0.4319265243918681,0.8065329253800784,1.1873600741672845,-3.8648707995820084,-14.182625995543418,3.615205771383714,-0.23420052308049333,-1.708978818526953,3.1897723821100454,-0.29309823336089513,-3.8029539732739037,-3.175241772422494,17.799589734449047,-17.336195045167727,2.1787895759956313,3.126467205116603,3.4728709273809786,4.166164420619012,3.4529387312584916,-1.2856851485755167,-1.387971958205173,-0.7205602845200888,1.2877056287055848,2.945413009235146,-12.367573000975899,0.75286180741094,-1.3104639012884758,-1.6347614417071215,-3.998796243229647,-1.3522782383224268,-2.6663066792907033,0.32103851789118965,3.747331358790077,-24.185788424148885,-14.629285924433546,-17.196974963838223,-18.56200628199043,-4.860684137333192,-17.384150202423204,2.3270338991214192,16.71492796957291,-2.322099073864754,28.819764436366174,29.38578920231052,29.407641536126118,-3.1706379648255774,-3.7021358089885013,-0.14678371632384535,-1.0043837454816362,14.540533437352925,17.89185709624035,-2.654289680684959,-2.002308646876826,-14.160105059201006,0.42557312952315357,0.6470967552531252,40.57139571185843,-39.256106238202904,-2.7569689623756966,-3.665531368503422,-2.6595786563410226
BOSCH-BOONSTRA-SCHAAF OPTIC ATROPHY SYNDROME; BBSOAS,1.870031573999538,-2.533729636238707,-3.0956075915426,-1.8379328492239104,-0.3226728071390879,1.4587495023845727,-1.8248813321030506,23.549037292552434,-1.9364706483165572,-2.4624057787087006,1.6200228772617158,5.139461464621628,-1.1550853988798953,-3.5792057184853086,-0.10364345178842954,-0.8972439767728647,-1.5873216834934156,-2.80672265650905,-3.309468579366031,-1.7857397965740163,-0.07856073956148146,1.6240947684678395,-0.8443141828110432,-0.3748185596895061,0.0204899671232015,0.44550106098753234,-3.7072262301721843,-3.893585883050335,-3.9706720264148334,-3.4264078084777347,0.10511952774138067,2.667170447364268,3.5168249208704947,-2.347477153459686,0.06079664918251901,0.41493761087043446,0.8505612752891717,-2.6185223802152042,0.6803052652126615,0.21570936322479473,-0.1542094157996275,0.6514749502995747,0.46802269986633577,0.3025684285787316,0.6297882647081157,0.3618509466398666,0.10929643764727999,-1.3074141163627815,0.3382168869109593,0.5472983715404566,0.7274603876582224,-3.629222565154123,-0.9802872155157114,0.2793001979914602,1.4366593463246173,-1.2824826209063638,0.6846199722872249,0.44562984002235295,0.1847139840526803,-0.6379148089765366,1.2650704060527385,1.171914084135123,0.9778574642607454,0.15359683103609256,-0.686780605104708,-0.7642029735291628,-0.7695703555325547,-3.8245057797220614,-3.7233002819806758,1.113350949792105,0.9965534495759059,-2.1771918388341276,17.117154876993137,-2.6931594283416596,0.19017318915554635,-0.28175204366274476,2.653210638514374,-2.3880040875768107,0.9479604479870187,17.08565734487644,-1.9349482019866062,0.010107878308867571,-0.2926052864006459,-2.717355182166505,-22.15120536476336,-22.0208486229414,-1.9175951294282405,-0.5735036771427752,-2.573220765899506,1.1323397552451202,1.7043401027564544,1.2879172297689971,-3.843965970404542,-1.3319907358479486,0.937506784174956,1.863225625217482,-1.9710479188567942,0.7223871227741367,-1.7519894196267916,1.7220871135892435,1.0811352255652427,1.572023616021703,-0.16367855435663597,-0.14345377804662712,14.926974755165745,-2.8110124115291804,18.842776686111453,19.192281438900626,19.495425001157717,-2.282707312056077,-2.008769696243282,-2.141380637983076,-1.2971877474547,2.5495890335059146,3.8606174324442377,-0.21614807127628707,-1.364983487146032,-3.032952529367096,1.5058290790111606,-0.6616235648883352,15.71238533377765,-3.420016697575993,0.9337502755922277,1.3865218721471781,1.4503743528564343
BOSMA ARHINIA MICROPHTHALMIA SYNDROME; BAMS,2.6649626535163313,4.4219077716176285,-0.84423852211903,-3.2728202594942357,-13.563337172981669,-0.2221689932679192,15.849861541915141,5.048705166506343,-2.4167710128754742,-2.2580924210645987,2.8424491088688506,-25.357893208952724,0.9302777211515323,-2.0003125026271995,-3.0677863792203643,-3.3933678049307283,-2.840637635568034,1.1902986222968637,-2.247621807685761,-3.130738545529519,-3.9333809584356594,0.2034964670305121,-1.9353249872765332,-1.8047020345547844,-1.5265128033301918,1.9333562090988883,0.19146141151777576,0.575235551176378,0.9884739060693034,-0.7887128126309805,-3.513804600176079,-2.3091131332153583,-0.010107496577958232,1.0515464771731498,-0.5046323042909566,-0.1961005360118776,0.0665404126647173,-1.8273256133797762,0.8940442299613718,0.6988013837077623,0.5102508364016618,-0.1978643298075413,-0.19083022006833994,-0.16736351331850546,-0.08622008674461382,-0.11696652111288681,-0.14846506944822116,0.8445393525691458,-0.4082300996156651,-0.22210597654775968,-0.0422155900928657,-1.2101241924419859,-0.7746288560740531,-0.021995158324310288,0.7196884751951198,-1.0454780146449387,-2.9173659771330063,-3.4007028835179303,-3.49738023329826,-1.051806432712698,2.2195653791039054,2.011484374284979,1.564584772754599,0.3150654188087255,-1.3210508471402804,-1.183570553092584,-0.9720301841502452,33.789882820692995,-2.802939568337717,2.8382923710446457,4.447754652945712,3.249658855144826,33.97939713311423,-0.2930140877595411,26.3564237894171,17.75143476077598,1.7475420568027793,2.210632510454447,0.19821680743989156,34.079334936064534,19.457469035855855,2.745618156870172,-1.0540240044038949,0.919291443734251,-1.382555157526932,-1.2872591856061018,-2.1854781424484497,-4.656223640816575,-3.1440759313136257,-1.213414604066442,0.6290324572453073,-0.05230202769862072,-2.6376431393982043,-1.7035603186762969,-0.09646072110695239,1.658811723956664,0.5914817381435761,2.0258407175028017,0.6548598319933339,1.7058159665877433,1.6600249017385764,2.593729413957296,-0.7258544303333508,-3.691867000128832,3.042140008009946,0.9589025291863179,-36.38812029128242,-35.465080047405905,-34.47531056531436,-27.22795668452222,-3.1305496293122093,-2.274379209672862,-33.05056612306805,-1.2861700511577843,-31.06599387236415,-28.798672899268375,-25.472306836243476,-33.64802715108982,-37.03713819051766,3.27292594403552,-3.599136284818541,-0.12098432630596265,-4.9282902342212145,-3.900467257543616,-1.7402277260196077
BRANCHIOOCULOFACIAL SYNDROME; BOFS,0.037410441489395915,4.198008916801027,-2.780184726009291,-3.0209422180110264,-18.759551181538956,-2.7420713123994944,-3.4654551177919672,1.6827831486049418,-1.5890197273449294,-3.6741352927562367,1.9850522435684785,3.170168915055306,-0.23570978041992735,-4.161234894992001,4.0836847889112855,4.3785771896820975,3.5810890583136965,37.95919108416333,-3.693565141425923,-0.2932499148243296,-0.3815662260578139,0.016425360225730275,-4.669840193651221,-4.281116399125859,-3.5771416655352195,-0.0018872739405821053,3.650957427388061,3.2301382784205717,2.696225348070102,-4.47140708228434,24.733807896887363,33.77537149175446,20.86016699381513,-2.600129207235295,2.611362968474552,2.7021694083051098,2.743621624773824,-2.602002173558086,0.08794857116787404,0.13911192300104505,0.18804345117117865,0.28623133734123946,0.34106241008849253,0.4075719474707193,0.3219365388157338,0.3758889305009432,0.4099560340690339,-0.8987576716246513,1.4887838541613467,1.552479321911828,1.569317540611392,-3.899735831240303,18.914987503575997,20.687808705732174,5.016133306405959,-4.276368166406881,0.22321724930776324,0.0856182238842587,-0.047319733493408164,-1.1974076728345935,1.683403490766071,1.410587761642447,0.957352164331109,0.395963352806427,-0.7944831812077058,-0.659653735096017,-0.4633808785748054,-20.215802007682516,-16.56148997496471,-3.0636221659994667,4.161600248762652,3.7112121038820147,4.461222171910064,4.9593065479989304,5.985606768653081,6.170707999386046,1.7194017647162791,1.9088117880005182,-0.282655556354813,4.530618984754955,38.836570672404775,27.534323297290154,-1.2760051672840544,0.49752017065907583,0.07549675642798373,0.0025407543989746013,-2.8680875302164033,-5.1541281012838365,-2.4515595205223257,1.5100454941938937,3.3237161694013695,3.1383539200957538,-0.07956608938934538,-2.4339834276282066,-34.79058491277844,-1.795393184296681,4.9715522200085696,1.3785432607711823,-1.0302059092345917,1.572493217770941,1.6165816713680583,1.924339935187838,0.7305648703891933,0.14209644386979003,14.7108028719518,-2.4764915954942666,29.8199052658973,29.653174463589448,29.18073568869272,1.6986965466504185,-2.4582331302056524,32.9010394148726,-1.9915714619501517,2.850559124258303,3.554592087286581,-0.3410139950129176,4.603788760916894,-0.22643646863887124,4.855613095896836,37.58778987285001,3.9781455099993464,0.09025953288493196,2.592185169632541,2.5082938353379376,2.9716767859562148
BRUNET-WAGNER NEURODEVELOPMENTAL SYNDROME; BRUWAG,0.412786151876119,-4.348264665913743,-0.276594095638614,-1.3133900325846573,-2.418282604626358,-0.31237926382709713,-0.22304831712347925,3.886366999926494,1.8727626513174764,-2.6084498117562585,3.177815461498052,0.5508076433618052,2.029380043260353,-3.488129241374491,1.220053702133537,1.618973559262025,1.5131220038644957,2.1630449954870032,-0.9116113469089089,-2.4659048673615547,-4.898909364298722,-0.6633819078188563,-0.09989983509933234,-0.21379403901148766,-0.29961096753047145,0.4920422945425911,0.11843946612646915,0.42461547367112035,0.774141002815261,-0.10596310529217871,0.04551556593515594,1.4869093844695063,2.2378431162408106,0.5068151531102483,-0.3177654684584436,-0.26157398194799786,-0.1976680687643951,-2.0060886910994955,-1.3731460870738428,-1.9050474446803478,-2.264760487039359,-0.8656950880902401,-1.1195978145640115,-1.3426750898413506,-0.9181578484362917,-1.3153109789361956,-1.6113540665801693,0.062206699064335784,-0.507545606245388,-0.5247949992320452,-0.5197754907827489,-0.7242257877724423,1.8382212162410272,2.785792604604823,2.544244774290477,-4.289222680267691,-3.7431597316640093,-3.5154833957510476,-3.1166271513137658,0.2827759769525715,1.7767459981804838,1.082795319930033,0.2136761579777231,0.5188944053933572,-1.1321375562316407,-0.5956174127646272,-0.024571845174560302,-0.016060130913834694,-0.8691181050162435,1.7140751610349472,-1.8405506418795583,-0.2040774461885976,-0.803455074305068,0.41736538441974413,-1.094083870553374,-0.8510774295032337,5.523287582813422,-5.408808159751292,15.840744213995665,-0.8144005535003381,-0.1988187739020958,4.144884136674594,1.409403618564812,-3.652747510966607,-2.084742141953607,-0.3004951628339572,0.514412957090591,0.7215885392244192,-0.18574665188661182,-1.7153389956517366,3.1470696817260224,3.180197071990243,-1.3355427526774086,-0.8821343842253387,-1.4686196265149325,0.3554344320862052,-0.4220041124276483,3.1853281647419296,0.61013457359402,3.389507222558767,3.270026420267162,2.930180040184012,1.9606861523621972,-1.2741306467261344,0.31587065739504566,-1.8847098383930703,2.981802062657047,3.0077459328320395,3.027917681909204,-1.1310003093833612,-3.406431388172029,0.9686776883038501,-2.4071780362905577,2.863108713901155,0.14555013655103227,-0.4092579998866478,0.09764030205155383,-3.0095874413811887,0.8295419030369323,2.290328935524208,0.5959097575910263,0.7211592764758887,3.195603600359492,3.0142037360653138,3.2449759523081276
BURN-MCKEOWN SYNDROME; BMKS,-1.7499942501649755,-1.4407374578313752,-3.3543601588310814,-0.23353313161516448,-0.30995809897543797,-0.007942967408293191,3.576410978113096,32.74663308938581,-17.017569071309328,0.13100513025148278,0.7369992683197291,0.13367955192748754,2.470175628428559,-2.815896959978936,0.15455693294581294,1.4117446519205257,2.4000543469654114,-16.564234965019235,-15.045708252650918,-0.03687572099239459,1.9340813436576614,1.3308712766982023,1.6117293082402495,1.1040929779483941,0.5511827903314137,1.782550833924231,1.1022957115873089,1.6716847212190942,2.2141755130219787,-4.293919146427864,-0.16039909535204647,1.0587216805146331,1.9374328189747838,-2.2723012447175592,-1.4790874947379118,-1.3599291504653812,-1.2264319285688554,-3.2267292348508994,1.056988417793071,0.7998059937046069,0.548386445754635,-0.06141582860896966,-0.0917633075777757,-0.12480741164343444,-0.0877269016624575,-0.1752495228845592,-0.26851110163104364,-1.0292704088855817,-0.8180389213330348,-0.7686751288161286,-0.6819091287049587,-3.9485760383113884,-3.369162254749044,-3.596998258747953,-2.559892995891908,1.0318376622542516,-14.89793482245373,-16.32662255093963,-16.3045733118585,-2.244996974719813,-0.07209954086755575,-0.4023175590084123,-0.749351397597373,0.07769680328283624,0.5716348749502712,0.9097146252905318,1.2261137872719603,3.098915296933644,-3.9756768649052936,20.278256935150942,2.8703274078939107,-3.646358060032729,3.0877153838157696,-15.853924296707184,-2.025865714859877,-2.8519179002814807,26.938872563695977,-15.960402391264783,2.587291445362004,3.109069672864164,-1.805056271202139,-0.6084090759055882,2.8005514933987925,-1.8381402349985687,0.12007608230444268,1.0187536244992645,-0.8673227298638619,1.1558521288857246,-3.3331042725986832,1.2727182743776697,-0.2320963338872837,-0.46221165739465514,-13.612340565045821,0.4868044887351264,15.178815517661675,1.2223820323931147,-0.5222189259806239,-2.1287300871467756,-2.998965757397951,-2.036012588870648,-2.1075657101132936,-0.9170284347847573,-3.107845091056928,-1.749462123637196,2.6330819267443237,-1.2297442017077367,-2.4311413761871536,-2.32649021418126,-2.207893143357987,-4.36743674318964,-1.0202635406085796,-25.089897792809463,-0.3089835716389897,0.047430438516175344,2.1083113308246717,-2.708856174961337,-16.773126373106237,-3.4515098350583058,-1.734782037876296,-3.8205969462305602,-0.8027425845278654,-3.5903318394821375,-0.835016054190277,-0.6577757304378905,-0.5751587786581015
Baraitser-Winter syndrome,1.8380791599775694,1.4148034627575714,-12.214205057293393,-19.60204965910996,-29.279451417632472,-1.740273637836855,-11.872218956116818,21.533677673644487,-0.48554355866830773,-16.422665689903496,19.233129880498566,10.923519409516867,-0.9666181110448693,-12.955469568969407,1.140187859932541,1.4093480508353795,1.2394347626993967,40.11741544566164,-19.907628662803376,-3.210931839377645,-2.7432632233766148,1.3153519628428552,-1.0361029753697424,-1.6950420932595296,-2.155740066296104,-0.04157993983839467,17.97500701504981,20.633465912518197,22.771652595160653,-18.402424688923727,2.1524767768390354,25.38309880097352,26.765171607017425,-1.121851015442366,-1.921250660245848,-1.8209560945482313,-1.6568016327105486,-5.812827746611263,-9.030806760844746,-13.449537067486997,-14.636254194075754,-8.926659512407776,-12.872624654047543,-14.046540503642508,-8.784410408268997,-10.333194037043967,-14.129499192821818,0.5100629095743809,-2.3596275122793284,-2.4678024263428693,-2.551961013710948,-18.13577359902882,1.214866267325794,3.203360045343173,12.53611390809878,-2.7216994799277097,-23.36708450629198,-21.371088449408617,-17.833684540671584,-0.43143920532727,11.311644191513734,13.382400995538305,13.767039205645387,-1.1077836294380792,-14.749199882677372,-14.582041505775948,-13.394440333566438,-1.09693766525498,-23.51619051484229,1.1933396794713156,3.4691554452673112,12.417173106192998,3.4474013046666614,21.137010111599146,23.99162166389153,24.83150416464703,34.07429494226977,-21.616141324272746,16.084162306720227,3.437100202304847,41.18513484828092,42.07226267540607,2.5892949027962278,-2.476828394114575,-2.399003094934673,-1.03253969371094,-2.448090089780488,-20.35727425797006,-12.571225510376324,-0.6694224404066809,-1.0099480624622177,-1.3503939402828626,-14.362795641444826,-11.076395177883475,-33.418176796816624,0.062571785383635,21.599452853512542,-1.9889123244155604,-1.1311391906022217,-1.1011910205387392,-1.8386999616628505,-1.233405797489754,-3.175294578320282,2.4030088414049255,25.780656830547233,-1.876133113597974,18.36299224184398,19.353316235142636,20.20881113055973,0.07951270195145825,-21.57505548080949,35.884991886919195,-3.2241642924863583,18.177923684859287,-0.566879369641294,-2.567451123533308,3.2446243719104197,-2.746187225729666,1.5156815082966566,33.18897921251361,39.43906834574706,-31.57539479029745,-2.6830481996169673,-2.663893677195915,-2.03839010014654
Bardet-Biedl syndrome,-0.2674385393228844,-16.9813053527563,-3.2817079783904544,0.3262476236847097,7.043722600884053,1.1017585272435912,25.39044932263711,42.26456679938346,1.470283347309133,-0.10623880370662049,1.1545292022062783,26.196158521122943,2.4572221870113276,-4.269997189172929,-4.742349708917977,-17.308185871257553,-15.15776082808293,-38.109952653753524,-4.03261567758662,-2.0478222399403823,-3.4497008718623783,-0.1563436082543353,-0.1410628286682918,-0.14533536478182288,-0.13199122891258064,0.6383339233230623,-14.536255579118121,-14.301340600506334,-13.657785461803277,-2.680172937870236,-17.240430769354983,-24.073085266791935,-3.056714518045635,0.1143507242925742,-24.58959006376017,-24.47427438160872,-23.87730116292269,-0.7066345098956612,-25.69880074703092,-26.02326810112806,-25.07134746024857,-19.70863586803084,-20.02094980648512,-19.855159909417267,-21.7044956216874,-22.2187841761958,-21.79556551441917,0.9974249156605568,-22.258116175792725,-22.095402943936268,-21.700700989998403,-14.981952411978503,-22.85656349306594,-26.124438565714726,-16.476748881231096,2.600387398704677,-12.53062266398359,-18.058397115111593,-18.755214396061714,-0.22525694798579432,6.113752304104132,4.31872001152772,1.029244836885343,0.7285113020405942,-8.748092365272395,-7.5537348488319,-4.350907905156539,0.07596795149395687,-4.421430720436299,23.027604281418615,-22.47974620827411,-2.4372252744636715,27.96993954111786,-29.99721249197101,-29.63561947820726,-30.56108571638574,45.14504264986885,-40.977754716482835,2.161714957413323,27.998405382346807,-25.441038576927706,-2.5987373502426125,14.245246094938846,-23.17894086701818,-2.4921534541881325,-1.7007672998908658,24.409533601770597,34.50296557227387,-20.20869790425725,17.16077184619541,-0.2602055069578612,-1.83939768067934,-15.624376415042374,1.2313081107063277,34.076647488588804,2.2178827782330526,-25.373170763801994,-2.9029913399258698,-20.96463358220265,-1.967357770970073,-2.526423330796088,-1.1488455492249874,-2.7613500408998517,-4.239574989712632,15.518626685819276,-1.3683938350147762,1.9696332365120892,2.1935051572966633,2.420382440609735,-25.645551320990297,-1.5800637279604464,-32.389902470895,-2.741149582786486,0.6600483691534165,0.8642539438046661,-3.047395101580207,-26.561222640998118,-25.240839067627952,-13.32638988019745,-32.66605949249494,37.70319522067074,-24.98608176704505,-3.7818023625916393,-3.65837715783394,-2.7792911552501387
Blepharocheilodontic syndrome,-0.042528602186364464,0.7270651764656441,-2.15257666556532,-0.6001176202919027,-3.370460716691176,-2.5408017266473975,-0.5660243368595573,2.958359667777027,-3.729615092573176,-0.13969646880895586,-1.4178797437187407,4.336176332672076,-2.1113471432774666,-2.9089707892122103,1.031099135278548,1.655520482461147,1.9210105390667878,3.4988500818191937,-3.4253904782633486,0.6349674109983829,0.3077164247869901,-0.3769802374800565,-3.524949121812246,-3.762516840477833,-3.649902562133004,0.9543450356111144,-1.6194356345602865,-1.3754200613918277,-1.0933175447180834,-3.440913545083209,3.15324551244713,3.6165009034052966,1.979161939151959,-1.7109058636757004,3.9387799830413988,3.713337515793528,3.410661753219747,-1.5838304306092919,2.0252050967384547,1.9595743874645632,1.7842472074377003,3.4247975125688264,3.2946276082623247,3.0488417545065936,3.202219795223092,3.094156525434148,2.8799406875554436,-1.2763681812023981,3.9117369667485997,3.6848186385024984,3.4379637771696308,-3.309234493613523,2.9625998997426266,3.07340735669633,2.1167227734364515,-1.0726397523546272,3.20563441205839,3.6887172110644824,3.788111862990714,-2.2125530543698417,-0.7221139224527632,-0.9925827171568271,-1.1675051626455812,-0.3736525570539637,0.823196838856312,1.1272011585743904,1.3998070206496305,-0.45765317588722004,-2.5561200547157292,-0.4881452376673002,16.065918013155205,0.8188708045970762,15.438960335725676,2.4505416095882193,3.785340288003462,3.7234734467426347,2.6978126140917182,-2.917269812427133,2.6119988384758233,15.467122846268452,20.65486828540653,21.065384078900458,1.7439529320910714,-0.9086730174475918,-2.2746223500075375,-1.3188229268600062,-3.1200284976235966,-4.06897058900172,-1.482596763165035,17.813754230235403,4.088864708530326,3.9949017515693304,-3.1602082421939763,0.005643560836700851,-2.7412393988324655,-1.1970283623104654,0.26770667327173797,-0.6811639728315065,-3.856116504391771,-0.23121954571468534,-0.42347627029581547,0.977866937370969,-0.25126202422050414,-3.2152219716469137,2.7714949886679214,-1.9741857687491344,0.5739605574917739,0.7927587640070661,0.97123004164633,-1.044132069659562,1.2374231519550223,2.8400481584388415,2.69914040342385,-0.9292757859186346,2.854278160462594,-3.3408753945610146,-0.4724262132508602,0.5266541185304356,-0.06593915014778444,18.71714212835344,-1.0086918883174445,-0.6013977200092692,1.8064084530118745,2.0261350233035933,3.4126775854401887
CANTU SYNDROME,16.03548404745264,16.45875103729028,-1.9605638006053492,-0.0928289959327841,-0.07362778722587185,0.030083713986411197,-32.9493848542105,1.8212191114071197,-1.2862899477021383,-28.37014164574432,15.15437499926404,35.5933173680216,0.3003692790043619,-2.0680561041314953,0.9270091954097904,1.0168494066781582,0.7651447508910414,4.133828874309746,-0.026591742141359034,-0.14321760940321285,1.0949296480260802,0.7949745982379232,-0.2802333487746289,0.2899005255523261,0.9429113251112611,-1.3301805337399473,2.0062479361996317,1.7899577638115727,1.5062468702325211,1.6423965420344417,3.8580432610034148,18.587616281271018,4.039361186070132,5.24445808267058,-1.5938525227994857,-1.69320182306157,-1.6831359930444842,0.9794540423489045,-0.18468087036511158,-0.9326725545613618,-1.716669444802121,-1.9833341267657747,-2.334653355483822,-2.617660030495803,-1.4505343028560884,-2.0007969774634837,-2.4787881839515413,3.5076494051402083,-2.045239337487529,-2.168849555477697,-2.189628279867521,0.9233764952440731,0.5264536449528001,0.5552208042570859,0.32013227161243624,0.7851937949288555,-0.8984259477059701,-1.4711850781319946,-1.905575171089944,4.906531036038239,24.10179540911228,18.506606741113902,2.183419260535341,-5.729224116708854,-14.137359620370276,-16.181960732207568,-5.369568326087525,-22.405845307093173,0.25585552213435603,-2.152641374524187,1.720504334267926,0.023950458857150702,2.8979589657487663,1.0282442863579793,1.5934894236593222,1.5743916785451042,-0.8387866407493523,15.169719127506509,1.9921870155136845,2.905716110910021,19.004932052908806,1.6541854934332059,-14.406387126371548,-0.17107627668114384,-2.702220159490375,-2.0818579345656127,-1.5802229991923564,-1.903463865959237,0.32873145202571613,0.11296036399881411,26.90812432854257,28.000313714554153,1.8243327808274428,-1.1397659224210912,-27.854555632832685,-1.0702403197575494,0.43885241280622894,0.5998954566259618,-1.6034958920551925,2.035303791335853,1.1450726082434142,1.2683240301544718,1.835257888236485,0.6590810896319852,1.485120617073795,-1.070103777053105,41.5646218886546,42.31382247798244,42.78306855920089,0.8366674055717662,-15.998870115863257,29.827450924642868,-1.2283616414940848,25.921614419448773,1.64158939831384,0.7647004821156936,15.061376375181506,-1.2728268629970727,16.94564789237376,3.8019235021541786,42.0081898552423,-21.31829375036163,26.13325221923558,23.61769856635791,27.242250093114066
"CARDIAC, FACIAL, AND DIGITAL ANOMALIES WITH DEVELOPMENTAL DELAY; CAFDADD",3.863409307864775,5.135267358592052,3.782585191649207,0.6553603410911686,-2.5796753372358117,-3.0449108499514854,-1.2425662158587008,4.53183381701366,-1.7469807919061757,-4.829639925973125,4.334246696486909,1.0079803776452967,0.1468231451957294,-0.3451126449829272,3.526208182101074,4.61912368987115,4.487271750885589,1.4505681608382393,-0.321510119100948,1.9560173609379137,1.8292984056370472,-0.4344470679618524,-1.196066193017273,-1.6497724473489455,-1.869082278024567,-3.79359703274158,3.282690539478043,3.335643619367481,3.320546889763438,-0.40141040475339534,3.9383923036451782,4.1101883869138405,1.6145804033709836,-0.020950218851833312,-1.8385252030873207,-2.093861168569917,-2.2766705837365433,-0.4068970025382522,0.14452659257538494,0.21078268447781343,0.28148654994918154,-1.252025192738676,-1.2083878925075855,-1.0755731106015944,-1.1582073856209638,-1.0498452209865858,-0.86458348680876,0.8470193114537314,-1.6288888831481236,-1.793474360657265,-1.9043378520598115,-0.09030771961087475,-1.953966371648591,-3.47375016994471,-3.6119016915274518,0.06293448082877093,-1.0062080453191609,-0.6270390420127299,-0.2319805547642428,-1.434841804505746,0.9504552864802057,0.9938231591152131,0.9155834009065056,0.008883585978054168,-0.34932946415350913,-0.3250129387485266,-0.2838586819935538,-0.7716456112258975,-0.6040844532084337,3.376092557563771,1.6675112092974893,0.12182513368917693,1.2651654970269695,0.2133983513186099,0.7159058119771575,0.6447488315441061,1.1406692969316565,0.9944765293439477,-0.037019917162784535,1.248173856825708,18.160361457437897,1.7586258877141543,0.0302861391499688,1.207797383918541,-1.5988016513031893,-1.6191192462415132,-0.44894994411900413,-0.825082171552612,0.6307122294569719,2.9056821910447663,0.2461927978264321,0.07070242372657626,-0.0008086752528462342,0.8927475275154119,-2.5208072978384535,-1.914096651319142,1.0765330793087562,2.19266524576937,-0.4066028538849362,2.948044065215437,2.2784382887776036,2.58619775293495,0.7378668749405263,-0.16204545511498855,1.3413649361145852,-3.0099815836010806,4.632016799165732,4.628725978153376,4.55614237384576,-0.4937543836427782,-4.5310220646109,1.426525888197662,-2.337040828245528,4.569077066672221,0.042734177782212834,-0.14047472222125967,0.4228335570014645,-3.293365887111801,0.38112961553430036,0.3638688800539079,3.8013142263979685,-2.8654707431643534,1.3783907564381508,2.139792654965936,0.8550316408149852
CAREY-FINEMAN-ZITER SYNDROME; CFZS,0.2527441602802137,-3.1855852395227533,-3.7352129616493515,-0.5911887357423637,-0.23932621320950828,0.3229341651704488,-1.4333559967640603,1.1615213292039654,0.7048774234977218,-0.7406021078294077,-0.7064458372635971,26.090357559824923,0.9774188457764091,-19.097305498155766,-2.2269100918973326,-2.486816794363024,-2.0866498478761315,0.6614933921467225,-3.4420226143405634,-2.1066589121437764,-3.227611045380306,-0.06796677191640038,-1.0235078963649662,-0.7176614598950988,-0.4028907298479994,-2.3820864310121705,-13.801159828356232,-13.54329642529845,-13.067417254564154,-3.2899516844965073,0.27966985851141035,2.0132456684897377,2.4947850174358726,-1.0972413229260716,0.5507429728078694,0.7170629160232252,0.8676509454371215,-1.1519445007425113,-1.4519530674047165,-1.985557316074014,-2.334895322472099,0.4803901352098552,0.30784626868320464,0.14338102838639083,0.2582426012495203,0.03359537516638282,-0.15661621570875273,-0.3510731367218121,0.6557709182966156,0.7203574520088039,0.7636018739607099,-13.365962341322845,1.053486671577244,2.4136311852951247,2.8703986086453406,-0.8618019082911081,2.358246825885354,1.817816735279888,1.209495912666308,-1.6897681461380032,5.111601299781095,4.4484848203301075,1.0438816223568055,-0.4102295134882796,-4.201706804628599,-4.394093022228873,-4.282114193011904,-26.36161277519051,-3.639107378932069,-3.826431133847863,-2.1860983197144295,-4.127374922810561,1.939625443119154,-3.105091026241063,-2.3975677944090776,-2.5948207035216946,18.59049299676742,-22.63275697004715,2.8795843245469825,1.9115094373911137,1.7667993593557536,16.374939956365914,1.34976386236739,-12.081592372946206,-22.98651467787824,-20.68677066464527,-1.5575754723960662,1.0146103343545012,-1.5445468455709936,-0.2911928307203584,2.926682308852794,2.4780737716995755,-3.8329849047181495,-0.49163731460544174,0.23474086261555288,0.6103139961108581,-3.1843871304035605,-0.18577920399667885,-1.6050367982942313,0.3051414637439418,0.07972889495805352,0.5751016910624385,0.1667753400778557,-1.5691045629260005,14.217372202584485,-0.6861044000957585,28.315778240761098,28.36836219643257,28.51301691347798,-2.7137599520109026,0.45618161018927317,-0.6007434932686071,0.4339890528187303,0.6737936812137953,23.15117117782474,-2.2812824437804906,-1.8685200079965023,-0.8664840078632974,2.132105444864,2.787838266960373,18.40482509602046,-1.8050273345181551,0.6361056506763736,0.14428093691419291,1.4781090783100508
CDH8,-0.041910552647725426,-0.7954954486111316,-1.9556282035283805,0.15810926986095064,-1.4856228870665316,-1.696925103060532,0.10389537852045123,29.555694937284176,-1.4090106659400279,-1.1676760949649967,1.859934332425343,15.57803132412281,1.1758384792774306,-2.300380334371043,0.19197898859084533,0.9390044777537792,1.5455951600629334,1.3525174394870219,-2.765547103947963,0.8306081794594791,0.33358261847800835,-0.6034069251684714,1.071025272746727,1.322179471397342,1.3972958973312075,-1.2011648497597716,-0.9595804889276138,-1.0294072486813803,-1.0188746703789588,-1.906372694886236,12.43542942628009,4.32533880019946,1.9583879750877393,-1.9783813406845339,-1.0262058124064803,-1.2827281474357835,-1.4949241821608092,1.2353169390079979,-2.662331942644617,-2.2637928651516175,-1.7234562500928707,-1.7931445970097586,-1.6892942641306026,-1.490668625828581,-1.9099807391524715,-1.792321229318308,-1.5894240515756934,0.6542440142942773,-1.3369581954230743,-1.4307840123039979,-1.4594256462043007,-1.780554126089678,0.8614923822537323,0.2906857915733766,-0.25277430909623494,-0.6061758637747555,-17.267234354264403,-17.222094514207182,-4.941208831030424,0.10628053914511473,15.212304837745213,12.877254204253907,8.960055284701435,-13.216637902752856,-11.87840332887906,-10.31123818584405,-6.11093561622527,-15.648870957152585,-2.727175728111904,0.3356922439947109,1.8187449580498258,0.6173906444702105,4.463724851395547,-0.667265658986174,2.414263912733287,1.8285405621130246,4.086346162870846,-16.857393501590025,2.4861990596702244,4.443626644616855,3.865677688701589,17.05454608809418,14.77211715257623,-0.1486772819108879,-21.188459772652585,-19.265774786316644,-1.2043375553961229,-1.7000432672473142,-2.6544890001807655,2.0100423219548507,0.44551288708441883,0.09796148630271254,-3.0279114690606863,0.5350835257444534,-1.447293956661257,-1.153659991125422,1.4488482882397,-1.776981985712472,-11.703454372199387,-1.009461698899479,-1.5255794430971787,-0.6679848309372769,-1.4775014293614053,0.7923192869633775,11.931291486410787,-3.164184581334948,19.627521351213748,25.17995813466099,25.390749340031267,-1.838695584393676,-2.101204191024145,1.5606624971573773,-0.4967755346320342,3.19411027195066,23.956532618898848,-2.0382703816387697,-0.6008485826916621,-2.6199862570125956,2.8474799516853384,2.403353616607347,24.719458798112804,-24.303506817046326,-0.2412742437185147,-0.3890179310154475,-0.10354384574649787
CEBALID SYNDROME; CEBALID,2.4854024670110975,1.0938539114316521,-0.6819299157062413,-2.887552294813289,-25.956402359876847,-2.945884080102976,-2.9668370206343218,18.954173614545695,-1.1873573469702179,-3.7474439147847955,3.3914200762689815,18.511936412149257,-1.9753163921973622,-4.094497422701291,3.987693218413671,4.715778944536441,4.182474001132046,37.11822907326982,-4.436694803103596,-0.53867772763524,-0.25932640621420977,0.29971566493573537,-3.3327170021560297,-2.5649136368986674,-1.6333264216785734,-1.735156173398725,2.401148032733378,2.3212163052052373,2.171230431189358,-16.359739416368107,25.19872889228561,38.6655795915497,31.322098299519475,-2.055545430431738,1.61151331426366,1.5995973892096362,1.5766578560300344,-3.2122430636387653,0.035484513565325546,-0.24539515380318871,-0.5206378246050046,0.2436732634543239,0.09759603632256567,-0.032794320359643976,0.1653341077291882,-0.010982901678993668,-0.17845654611793788,-1.0061953891164483,1.0871896326614938,1.020374685991667,0.9266989363593539,-4.657827842381355,3.6009973114479337,15.2147736628724,4.22425146855098,-1.4044424902474937,-1.4070807415296487,-2.0613368337381153,-2.559267125922906,-2.832537472351424,1.2253795902157116,0.8302490020272838,0.3348879773927872,0.21842294124043232,-0.22407186189651565,-0.05567180441673822,0.13019294924983754,-20.030493285726003,-17.03302454523461,-0.27902065082423083,3.768265814770031,2.9979844890117997,2.582696299647287,4.013340517047883,18.978846083593957,18.84836764816679,5.436871091128758,-16.22613554648321,2.991408657642105,2.6144379118287393,42.73756124965954,44.05126849780274,1.8774417032273591,-2.6758938852808263,-14.809114881809515,-3.8723849197124487,-3.073956732869191,-16.96075377470672,-11.412004213211317,0.7899457409600004,4.336510031242913,4.428684495319295,-4.133707935041668,-1.5729737961357582,-29.033646815589293,-1.1106633218750646,4.078084632034223,1.007015074259174,-1.148296537411779,1.4790381075905128,1.3216750799007027,2.2695975771555,0.12386230032214365,0.03525529834577901,25.25481141927456,-3.6145104995306863,31.823431336348555,31.65205954404387,31.513990532252617,-0.3503111424732451,-3.974028829499062,19.70020067725448,-1.9463274024802544,15.082291622147311,6.43344669842705,-1.668331345818147,1.8612285321212292,-2.353299294138434,2.1569661013546835,37.7132789479444,3.872500710902683,-0.6602911995153243,4.682569091292757,4.339746141043343,4.607670418347467
"CEREBELLAR ATROPHY, VISUAL IMPAIRMENT, AND PSYCHOMOTOR RETARDATION; CAVIPMR",-1.2356066094970313,-3.5192683077420392,-0.6809997226995591,1.5546463690984436,0.21260404743386266,-1.832509798103037,-0.7736401842522383,2.355435632232615,-2.405534425727722,0.024065362136063254,0.05990211215703747,1.5660701586938532,-0.6726449793881198,-0.6127365251534082,-1.85377840942735,-0.6743341939354245,0.23081145178078621,-4.18681650419399,-0.4838695246319953,1.4418871870467254,-0.3628725247136365,-1.696475794867491,1.6722194193813142,0.6784311898260035,-0.248694047809485,0.32049859315690865,-1.3474773494727321,-1.0428649445216114,-0.735579055451726,-1.5528384039699659,1.7007284146953496,1.117126649619681,-0.15364894310990473,-1.5625784315655395,-0.06687785496252212,-0.17809434011555964,-0.30633800654866306,-2.6665793159876343,-0.39646994377068817,-0.5681305763724721,-0.7998253293178674,-0.6279759018071673,-0.4397239052365555,-0.2644409588498677,-0.5548776737065649,-0.410670048485537,-0.27368231268731713,-0.42676090987421234,-0.30549577074649453,-0.28484441442689884,-0.26278128582393934,-1.215128511342201,2.189569719826075,1.5843022657554127,0.3400755715029571,-0.16066206922780987,-3.016305711847044,-1.9054402601619935,-0.6182177751434911,0.47072056400179396,14.368889565275959,13.050215274376473,10.446760656416519,3.6927720734017933,-3.5527413603921496,-3.417191081483094,-3.0109994991049382,-2.1793241779591823,-1.0994516787017632,0.02982549497500616,1.214162449076859,-3.1184733967093368,2.094972841058031,-1.4118266639791128,-0.466215952737484,-0.6890949482851703,0.8319565469129724,-2.1478922713445368,2.3396239023066245,2.142092455281945,-3.2478882465526016,-0.09298856738176742,-1.414169895025536,-3.5253104353418654,-3.0794518986962447,-2.5588189430504933,-2.6058651747822412,-0.794720984322052,-1.1884871334900322,1.6621177537973626,0.6101469137739879,0.5457717289967715,-1.1375439518660992,1.6636716575459403,0.3525795866239325,-1.5229540156834345,-2.2525100959395963,1.4033831852919953,0.1454711971902917,1.745636806340209,1.5852889264473826,1.213852326703671,1.161018280662293,-0.2948292218674883,2.98319753638109,-13.840945390811891,2.5165538389310025,2.6267469434289556,2.7370180121767644,-1.4793475143363746,-0.05632441638261708,-1.8985433723964118,0.9148548760432281,0.5461487267891169,4.151097010892619,-0.5362363163389944,-1.4710937816239797,-0.3929124528280553,0.45128588681569065,-0.06704499935218397,-3.3746836301901553,-0.5114719525455462,0.6409067134898657,0.7542048356486033,0.6679328618878196
"CEREBELLAR, OCULAR, CRANIOFACIAL, AND GENITAL SYNDROME; COFG",-1.6846946166134473,3.3102091865652037,-0.45662596623977725,-0.6077946931396537,-3.339352221838431,-2.2083594880736435,-2.9655154565278252,0.36364851890767064,2.8033601095106873,-2.7909081306479027,2.3488183494834796,18.860665370681673,1.3075454456744038,-0.8299255985459836,2.266403500211294,2.8461781553162515,2.584199582880167,34.67637103449724,-1.4094832947873477,0.5657894080068862,-0.024753233620276233,-0.6268154724189656,-0.10703726939474226,-0.11880964812652749,-0.11241501222414528,1.4324527074860867,2.948183497064723,2.766190406152575,2.4774563338161055,-1.8648630938055757,4.866352086908204,20.53410788300079,4.396107176378488,0.2855515227253352,-0.059532569499533165,-0.05985700763338191,-0.05841743857806675,2.945265219924563,-1.311394424447015,-1.2622433586692292,-1.1168285613393862,-0.9659232379371021,-0.7506216475182048,-0.5071560259520077,-0.9565672078192178,-0.6794940061251113,-0.4250562524238919,2.6136891569843774,-0.4238339420499412,-0.35303379572431426,-0.2697801466906623,-2.0838162476158897,1.2269776267352843,1.526251581573614,1.2870085743364086,-3.1872100701586645,-3.3764634575473296,-2.806309963226579,-1.8664021984194232,1.5784877485493298,1.6507060679112295,1.9355396701682495,1.934275299889379,-3.4432712677612374,-1.3308449150474515,-1.7259220221545313,-2.0002356496801643,-3.4555485773136163,-1.6107728370575187,-3.0889711051977944,0.22229482246927465,3.96277471674783,-1.338266441856225,3.9733676788513237,5.25280689869255,5.270411832049463,1.2852115367327508,0.4311450165765544,1.643129575375575,-1.3538963716301124,21.48319480739893,4.827855423882329,-0.23564595550489023,0.09986728004992655,-3.4741625992848126,-3.066617784887021,-1.0977580536971678,-3.9579315802905524,-0.8236353856998951,2.863877773842724,3.8537980608939164,4.003800625672627,4.00357103498455,-0.26368615975165094,-5.54208244052528,-1.7925928320569118,1.3253191221513134,0.3900911017454205,-0.37402465783129885,0.8262431138260168,0.6992777522141989,1.0387116136994752,0.9021544462925073,-0.13001593072521386,0.9610824356122996,0.448111897929776,19.20460769069134,19.09504468369014,18.78825158174695,0.43197607623488316,-2.7035799813783887,21.167650954039228,-0.22215236679014838,2.754086512804755,1.7366673958877956,-1.3437755215306113,2.7652657615015976,-0.1504506049028708,19.530692306060242,4.9906471071681295,4.399001818731095,-0.5091740409814391,2.4188896953696983,1.69573380447627,3.181064148458803
CEREBELLOFACIODENTAL SYNDROME; CFDS,1.6679783606724619,-0.10052806706039269,-1.4840672696304669,-0.6303812116165869,-2.0308410118222358,-0.784092564798753,-22.483823597798803,0.8855758911461231,0.6860153036635364,-0.8208558011878013,1.4293400843922033,-0.6245008739455418,-1.1129411829159264,-1.4547527526815323,0.050958373138367444,0.047760364491553575,0.034535670968277705,-1.2330458758623564,-2.391286563491163,-0.5578911729410092,-0.8749505749284835,0.06883627222323392,-0.5695276753001333,-0.716914216850642,-0.7870334767964983,-2.482808109565766,-2.0377002979296925,-1.813022722561135,-1.5848374898764173,-3.160735665361073,0.09071121212614554,0.9874658759194623,1.1727561204495263,-2.7308258030837735,-0.7825335475386087,-0.700116616043081,-0.6525420924640957,-0.7095598242069422,-0.9136446427655277,-0.6989443672750769,-0.482054779870873,-0.485564300664059,-0.6113021637077969,-0.7035809608455308,-0.534430864992286,-0.6084450182954854,-0.6407500267293391,-2.354097458410194,-0.6578814644261546,-0.6995553171705335,-0.7167264136739782,-2.1354693419812945,-0.99225364739874,-0.9454615540651334,-0.5337373402689344,-1.6756242001383803,1.2626824056713262,1.2707875980610805,1.1406707637561837,-1.5486793650144146,-0.04884337741421574,-0.1110495644268276,-0.1795495062366917,-0.016572590077224073,0.3300671309420375,0.4795630823140602,0.6214300308415103,-15.85454979241891,-3.017065095566494,1.241695592464159,-0.8405343163373552,-2.4188023461395316,1.4385222154628154,-0.011261994292462654,-0.8348413329054304,-0.6821909790259867,0.6750834018603981,-1.1262470537895342,1.9878739366675617,1.4519195170734764,-0.7970514328828658,-0.40877293851291047,1.586455028335507,0.4242951737109971,-13.908466090282182,-3.9452911861997015,-1.6004603291876098,-0.373518104330373,-0.8228339768786626,-9.049529025901652,-3.658568245057404,-3.32689416173921,-2.354359967984251,-0.41878874158481566,-1.8918602244950062,-0.08172461217597693,3.0820732683653227,-0.6239439845086857,2.970626179230254,-0.2979469546079229,-0.669160018886158,-2.4367642515569137,-2.4871103095904603,26.95370788351466,1.9705878081751191,-2.051963902040264,14.524913815011237,14.678012971739937,14.700008085461802,4.634122608760456,-1.6063175551807272,0.5418994599638062,-2.5472111462900897,2.1544281780254164,3.3477888539835297,18.086139645860747,4.694543176313732,1.492786286678333,3.5653059766635478,-1.2201859603026388,2.4471728598611997,-3.782328225786073,-1.277058493924911,-1.2713654629007154,-2.5745966608277993
CEREBROCOSTOMANDIBULAR SYNDROME; CCMS,0.31213289105916076,0.791522039431147,-2.8469432682339044,-1.8785490736383574,-1.8278379116710566,0.11723479080412713,-17.307677153876373,1.6784189796720201,-15.965968494072222,-1.3974562786837503,-0.08027535771389352,5.303912159012867,0.6563979145359599,-2.714717379399517,-0.1747904577774836,-0.17329562483391575,-0.1169429491274355,-0.42234403763127093,-2.294292482595003,-0.4203234171318169,3.3813340488950363,2.848703778486513,2.7861725415048335,2.2725230381941333,1.5568952558032976,0.5301994281896598,-2.630246907610669,-2.0341068369708872,-1.348838995486434,-1.876685432477913,0.83110775714946,3.4454204838027773,3.963332877281161,-2.1397625277481946,3.315563574408457,3.471614998725086,3.5155914556676784,-2.6799318375439207,4.213418673813728,3.8015699316092735,3.1823556286146246,3.6558323981501566,3.4948522540859575,3.24219490982375,3.911319043835151,3.64249739213314,3.2585741455772275,-2.061543437289111,3.4265742335947804,3.4464299380733863,3.468243856611993,-2.504558092626882,0.21877984148207666,0.9504771598740823,1.3250383645325574,-2.360606191230544,0.9366524491404228,0.842386198640727,0.6791980826664792,-1.7724727067293933,-0.5241980691124628,-0.8682361593660943,-1.145611167232907,-0.05369630841293852,0.867367976109793,1.1323994748425878,1.3645603790461545,-0.6604578892042449,-3.111879924088259,-0.6991275056166184,14.840439054245008,-1.4655526523177622,3.4385065790255473,0.47258647297270023,1.6177914791647745,1.4663330865413646,3.2196288417004864,1.3988129933304139,2.1579845716839325,3.4393570676270175,0.805794312689859,0.2804490068877217,-2.4848941950265777,-0.9219884664665553,-2.565564680119185,-1.9750588987714808,-3.824298465119788,-2.9711288868147445,-2.51017778598104,-2.132702582628635,-0.4870163601105146,-0.2563304505857278,-0.8583022262742681,-1.85878464416293,-2.357043936011881,0.7225819355857329,-0.34699667167493126,-3.142851733650925,-2.525536655616997,-2.656608119723535,-2.8208658879972965,-1.4847509149714793,-1.7585380625314457,-1.0679824370726922,3.1880742206114303,-1.5598111986454237,3.8705700033076518,4.001008707161364,4.121759588815201,-0.23791204835755833,-0.05503622894665542,2.0794068799884737,4.347271408442775,1.082669982697119,1.6002589558489262,-1.1770862911843165,0.2884631878206472,1.6381598581744488,1.1388911289892323,1.1491194724835068,25.700541990172436,-2.9654021495308394,-0.1378501830959128,-0.5513127528424582,-0.39635277453857526
CHARGE SYNDROME,2.807078750694557,0.7120700259362767,-11.551577189251871,-2.026521054041802,-3.2323832425027073,-0.637979322396775,1.2159749429216598,39.44955673184556,-1.9750507708273228,-3.7154715215956653,2.607562394795931,12.40574116203322,16.620161307905295,-12.206909922075832,-2.06788059724101,-1.8529608310021337,-1.0849523759967168,-0.2651323189923045,-13.493586289567194,-0.9215191801334371,-0.743113093121184,0.350480274537114,-1.746436943410285,-1.2001054418167179,-0.5454446055109488,5.314528108906135,-0.04865692420615655,-0.4702349398375124,-0.9399020336871362,-11.5358611630552,-0.1598706397406191,0.8820819962726955,1.5725028297032064,1.4405271950722542,-2.1765874345088516,-1.5504732338670892,-0.8850476875699181,-0.8865138942565934,-0.8547676899830875,-0.5526582255445613,-0.24171402247742052,-2.135635751922089,-1.6358089574291994,-1.1021182217914582,-2.0873934183946554,-1.6856338025678275,-1.204680828397329,2.1109900291281423,-2.204299856768302,-1.57647365675498,-0.9271658987443232,-19.167560059085055,-0.8103956593169043,-0.37715802581556,0.08235978078618256,0.05064421333030193,-18.272257765927392,-18.465508608963578,-13.55933592173087,-1.812534357890042,0.6998008517321733,0.4723811685013797,0.2220633034188633,1.351361567339284,-0.2906951528168482,-0.14642287572428606,0.02419223245812277,2.161466348302114,-3.009319102376788,10.973281928834322,2.002591532651079,2.3691036658164477,26.77037032381658,-1.7223661055587849,1.4606333778709668,0.7927013408534522,2.2159863810171903,-2.351542393508785,1.6844401301827219,26.81490168120727,11.235751682594202,3.1775063074625596,0.6456338220242216,-1.3013898742792909,-2.2030630954884716,-1.675282462866734,1.6489420744644674,0.31074465131928164,-2.5800247888084535,17.62527020855112,1.9778126838892143,1.164890129377197,-17.356323848016938,-0.6837699111020372,-0.7747390267518962,0.3475621517884805,0.09993507592746893,-0.06870639177850098,-16.864747944572393,0.7001722394036364,0.0870631971533655,1.14168500719397,-1.812470046769572,-1.2880706410157887,13.944368732775017,0.2565217779865717,1.0166896848359803,1.417728722080929,1.849544189012728,-3.233976534386116,-9.475305535057267,-0.5227173977034438,-2.1171196620794484,1.820242531563835,-0.6656903073085965,-2.809539742412749,-2.3758875594257343,-18.12108557410152,-12.508788576428504,1.578448709968737,19.04517689863713,-26.58231973911862,1.051256071668307,1.3939658712608283,1.338654539503815
CHITAYAT SYNDROME; CHYTS,-2.335460459943781,-0.001056978591183451,-0.47822814914460593,-0.5838357430557933,-2.7280504154012437,-1.4305219376894032,-0.8449262013187288,2.2031568523172638,-3.8345130874970703,2.3129553901212727,-1.8228927180970675,-0.14936942226567917,-0.991738848484204,-1.3921626620513314,-1.165740880467665,-1.0577642169230115,-0.6496801803755806,2.5669933146406003,-2.3017580796123536,-0.4417169370372456,-1.696182220603508,-0.3335322403070143,0.6151015839363403,1.1834196073718373,1.6250450693267888,-1.476028106502942,-0.5499277991122926,-0.5301566861776814,-0.49438540437792156,-2.2057485549423257,0.7031892242467207,1.6920979757549162,1.5366642228228262,-1.246474427735796,2.4755745189937515,2.149194430650384,1.889765527068938,-1.6711214437340975,0.7213619298806184,0.6942066724704414,0.6252505792403567,1.816002047144253,1.6740458361477344,1.4740150856073475,1.615302520055871,1.4661234985841987,1.2234448835474223,-1.2446364966689014,2.300329022676607,2.1187815608833214,1.847629028071745,-1.1411671926318803,2.4050787602570702,2.3835264235707863,1.3791298763964706,-0.4323160855589269,1.345818616697733,1.0745781582678942,0.7547314472241616,-2.2954593126082803,-1.5135405602047358,-1.8573459565567,-2.040394754118733,0.007440581019238196,1.2451653354541798,1.5333873927816934,1.7533071932288424,-0.17658388093772848,-2.5821968847727543,0.9628707899123524,3.3280047134424553,-0.4599597024843839,1.8745102259036712,0.1700918188888981,0.4209497871820139,0.3871073885943973,1.1060982207046388,-0.49440638804225734,1.078275412470485,1.916062456732115,3.05370547871137,3.5867001867447366,0.719362438064773,0.18121923360572897,-2.583189397486696,-2.3102662014742372,-1.0584189819754042,-0.9283234209659597,-3.244559523270966,-1.5642051817657008,-0.2621690723167267,-0.3764350056453783,-2.0983148964053426,-0.10724358240578409,-1.9695580679396685,-0.40533350561335735,3.1442390060441916,-2.3843801856695936,-1.1492228071738866,-2.4949514708555323,-2.424534745988129,-2.028104027772856,-3.0186392235829995,2.0773679799506564,2.4154375234070216,-2.3592080902693744,-1.6402499747193398,-1.8478255111114499,-2.026891269916165,1.3607825444002748,1.8014784365904621,0.2305414516369045,1.3343555308156048,-1.903194014358393,3.610211014294986,0.8649400605196164,0.7500987157136614,2.015670007406807,1.6055869597198746,3.4240772233254217,-3.5923620013474924,-1.637829329909182,-2.148285261876322,-2.1741421178734917,-1.1787614192635634
CHOPS SYNDROME; CHOPS,4.663621153470643,2.0442138514849066,-0.5913872506183977,-3.31210333632937,-22.813632300048898,-1.7038723846556758,-0.5867941334410268,27.210680568078804,-2.274909963222515,-33.62168117702737,30.56151333637581,0.496604791703906,-3.1488831181234294,-3.3811032547993136,0.39639983120577543,0.31661730731643994,0.14406918092955576,2.1995943152318933,-2.8792131660106706,-2.110288878002171,-3.7594439281440373,-0.17920014922368716,2.0572919666799563,2.1747883975448237,2.0151122674936865,-2.914679903337608,17.5124329993069,18.093933756605082,18.47650336066477,-2.455349603126948,-0.6958267407630281,0.22678738026187714,1.163071708044558,-1.4579838743212892,-3.9473123390554967,-3.9528541007936124,-3.854656525065529,0.7776605343529853,-2.9950502947061155,-3.5086358030153897,-3.761618409607909,-4.055545960926037,-4.168293493684374,-4.168844279543492,-3.8980294884270523,-4.110106795328552,-4.137386559922232,-0.13626286457547937,-4.137942582446241,-4.123589394674049,-4.094208505190889,-2.852704198023998,-1.1673365373840798,-0.545145749445192,0.07841288093517514,-4.562171754333452,-5.19786928257194,-5.519174242750548,-17.42458312468384,0.13409359670330304,18.20803922772262,17.170182794683008,14.77376859402736,-0.29490377819828967,-4.181258844481664,-15.226310528389837,-5.085973994117853,32.952902639049604,-3.729749693785258,24.533369961072232,2.952264597827149,-2.004913995657579,1.8173570431899475,1.7579800394970406,2.2229608617844825,2.2722800587426213,2.7106953365307564,-4.372621916734509,0.18034317160785918,1.827779095294651,29.014042651739675,20.537788920347786,1.5763957130761415,-2.204812503629408,-1.7404404016270858,-1.7420651587251694,-16.424746718842677,-4.376630943767743,-11.59200593558096,3.8370421250338307,1.4346527783787086,1.1521750961816382,-3.1904135133752463,-1.3029037677928355,-2.9064053945002866,0.20156819414079274,-1.2394992982564341,3.25319695428996,-1.3303442968529804,4.175575641938602,3.3268220412390663,5.260109756577237,-0.5924023364238562,-3.9856185061950407,4.350017369733353,-3.3548712306279413,-0.16901065471234336,-0.22539755166992495,-0.28483986090395136,-18.50944707018094,-32.108995170076746,2.4131609517295916,-3.8674444064578264,18.01336014738716,-34.06229565843362,-25.279625752735495,-3.3449471426056108,-28.657009539458905,-3.3447237030616437,3.4925825024469654,31.123343082248905,-4.83310833556555,1.1418516848625382,2.3799600404768375,1.7872937721666964
"CHROMOSOME 22q11.2 DELETION SYNDROME, DISTAL",-3.712774904147995,-2.2035432065539644,-16.68170617766387,-3.844100397533883,-32.665092154047656,-4.02506193216001,-21.263541215509367,-1.0833332818883177,-18.889539091380396,2.5868600174310976,-22.460232796434383,40.8498075084205,-2.1577852268825946,-15.94690364614679,-0.8999060290041758,-1.0383210700751826,-0.8255257347845262,34.483929737089404,-27.10141629347078,0.7061092757699096,3.4843356960142917,1.5273192348190598,-2.4055359765521036,-2.1065191970383035,-1.6444588049670361,-0.17554018390693438,-2.4870631909924907,-2.596235867450554,-2.646723019724765,-26.81620033808286,25.323098725416465,36.96189980902493,28.510980409449395,-17.395265181999605,2.1898520848040195,2.0730980183355276,1.8796567397110893,-13.643967823036501,-1.6805897257149527,-1.814263344931046,-1.825593488586226,-0.08624026984999535,-0.20044427217785316,-0.3123907447043199,-0.39642261917909005,-0.5738904545300306,-0.74111499286218,-2.9991053013941964,1.3240842773297443,1.1835999497691319,1.0375050503236452,-24.654186730979408,23.95379338361241,28.497807710526384,23.260248516538244,-3.49352544132001,3.990947492068437,3.814967370457119,3.2747061297104945,-14.246659339280656,12.741463907272049,12.158962404656094,10.406401215972728,0.07189367551372391,-8.933530270535337,-9.479064477461858,-9.305124232135908,-42.37322583339211,-29.51385046954553,-26.3875662255038,32.776103907348066,2.0466633636331095,29.262147618499316,35.945000424660805,31.01423825582345,33.82063309290008,39.96266734485667,-32.04907861609347,3.6419522724964133,29.253990181837636,38.86411291393195,49.44249105433464,16.71746751928532,-11.5870812992932,-31.593363122191327,-29.040916760013722,-28.17434107445856,-34.84222595642453,-13.433671632890823,29.008311789773167,18.21757560055518,23.199784913200286,-20.104592904644562,-2.8087685503599755,-44.50779960019447,-2.120396643282251,4.391644762414409,-2.6587699275338923,-22.529140614344843,-1.874694454412615,-1.938587400309252,-1.0846415888001135,-0.8547675315119869,1.1656853325944216,26.119062784365642,-13.916329847867544,34.41795073782219,34.466786199480836,34.522053263250974,3.8852051361696045,16.899626773251434,39.953473054920686,30.709891948754226,-2.030869269303239,50.99880811645687,-0.1919225446459359,17.67437916621855,30.126395649572924,29.292869694163315,41.53930703262479,-2.5213974433693602,-2.6196505030661634,4.362157246282223,3.449506320186783,16.155461201469336
CHROMOSOME 2q37 DELETION SYNDROME,3.078340153176607,0.8396603182664257,-2.1129769750015006,0.14074862981951988,-3.097452067659688,-3.103739843606859,1.7181355932133662,4.758455496204998,-0.9339810251669436,-3.8105497167866953,3.2550240852596315,3.1005555634916595,-0.31920112232659825,-2.553183521049505,3.2768423982518717,3.8746495251716806,3.511915683717068,17.030909390642197,-3.354188039599379,1.1393255423127588,0.2150718882134592,-1.0860160619618504,-3.845061642250882,-3.0949007872530734,-1.9393425620065137,1.2659133517456769,3.4509607737711154,3.074628919811144,2.5428988009482527,-2.5694473859318556,4.232510342220705,4.364527725819892,1.8491727943674787,-2.179398797345761,-0.07320387283519046,-0.30428657306620854,-0.5685244388701759,-0.6323423204360344,-0.23760897454245125,-0.06798284171288868,0.08365257262324481,-0.5681731100380298,-0.3490164627059455,-0.12822390939553238,-0.5545814024187724,-0.30306579115626586,-0.03510122232533669,-2.2463937787111856,-0.250140844771911,-0.3390981087937237,-0.42228858614396947,-1.7737676366991824,1.3407022349144135,0.01735735506644932,-1.546378314057196,-0.5683447403189469,-2.098432863367445,-2.2858405023855477,-2.272334758676128,-1.5149123564905196,0.8165399254111247,0.6559860157612788,0.4296810480695523,0.028671265670803133,-0.47134586058212674,-0.3085027034578876,-0.12988276715434757,0.0017843382035282206,-3.108081155719919,2.3767808797259513,1.573259194423533,1.3098942203859554,1.894099422604997,1.0295649844369934,1.882514030562685,1.9067332713515721,17.990184182087656,-1.014337268681204,1.5028555057108084,1.889162674176588,3.6266345297186016,3.1033412014536745,0.04730423357766838,-1.0092339426960149,-2.0011013476306205,-1.5095906066670228,-0.4736579013207528,-1.3381781352720608,-3.1438387693769005,3.755491815547362,0.06132220692675339,-0.6874869312896558,-3.0801143022585418,0.68027283948238,-2.371116288287845,-1.6118726269067327,1.8965201718894635,0.03165905636063554,-3.7600014413254756,0.6320761060721283,0.16237483719441737,0.7407647453963045,-0.863980872231813,-0.13436592499782168,4.467904095482353,-1.2895946863717223,3.7430260013403465,3.6644025472864454,3.5111746411744638,-0.16719499778587052,-3.5531142301511625,3.5140835380027906,-2.2404044368138596,3.1532684262102046,-0.25235820926220925,-0.12335407166391557,1.5912721147045346,-2.4926595866736676,-0.47045163914592725,2.1849655600479365,5.89921586897716,-3.8442054392116667,-0.1892436788996935,-0.06403933993284645,-0.4167333536140942
CHUNG-JANSEN SYNDROME; CHUJANS,1.9778412844835984,0.087241240796742,-23.099538943887826,-1.0021030402339015,-2.985743810515841,-1.5588910494181754,-0.05714131974420421,35.06534892764343,-12.943526836465924,-14.827388844659605,13.108980215462198,37.53535972236975,-1.1468126826293867,-14.463245030803588,0.32727010254952243,0.5286023094997183,0.557838810863274,0.7385719316416421,-24.741148567578602,-0.5998000022257404,-1.9455207005307618,-0.5848617844231551,-4.028063760638754,-3.603151294559169,-2.848885335834282,-0.06867843051473502,-2.4014839396975884,-2.6984422220654833,-2.953114665499883,-24.48203231176236,3.071440041129228,4.217471986125026,2.74867008262366,-12.67637304453084,1.1678844057102828,1.0727942333868714,0.9852896004370901,-20.09552800731648,1.9321374332965375,1.3246308623130438,0.7153753354878242,1.249681743289452,1.2425900392238,1.1954331697793878,1.3567672585663808,1.2399851314103618,1.0711848435461544,-2.7913686139603553,1.2076840365702872,1.2046651695238118,1.2139217871082586,-22.176418713020247,0.22428647012052183,0.3193129661866023,0.2964649727047538,-3.784367070587576,1.1892822060984838,1.0938638548246629,0.8673688589021566,-2.5104361398214854,1.8663972300863834,1.6009279994229255,1.1776947809669118,0.33038570587637045,0.1843082022117097,0.15118678807675226,0.10812276844960533,-13.995507423010912,-26.047172542547735,3.2587158173029445,1.4399156205594237,-19.606756127422074,23.771997301638688,-11.775386864177339,-1.683226467690775,-2.176455491906105,2.7241705562697445,1.589234923379149,1.230663335871602,23.710629096922485,-1.231960276095842,-1.3743042363278206,-2.226189430698208,-0.4125784840705138,-21.02863584459895,-20.53612202576642,-2.9729607795460833,0.11141635687156021,-19.756479654011805,3.6681614642477656,-0.5951607100622066,-0.9060100150690624,-21.410192820472346,-0.19496538911278105,-1.7951832348050063,-0.39092534360472275,0.9563061216327899,-23.16172251758918,-24.650412264701224,-15.17299693205056,-21.39034177923546,-3.5318615227034713,-14.40402977974239,0.8445697018107828,27.17223611430858,-2.6132252383511405,36.93544909534431,36.85766656294965,36.2698717856455,-3.535861732884027,-15.050633664647464,-0.12044982515355909,-2.1002424582194634,19.300429208126996,3.7673698365887733,-2.159778276370273,-1.5667476233679298,-13.782872123330788,1.2771882476608372,-0.2961617436206114,51.52685878831449,-42.51422375805621,-1.2108780052916936,-1.843473003581351,-1.3757128357689665
CLARK-BARAITSER SYNDROME; CLABARS,1.7030877396958986,-0.15968533537541835,-3.805361150067071,-1.922080370281453,-0.1264781116980037,1.921379653429423,-0.23959620722238087,34.17170296711223,-2.7623491963628712,-1.2933568563255042,1.9004710149067725,4.272355285889706,-0.4964601981423583,-4.303408893852283,-0.5426122131883777,-1.1596611874539535,-1.4421685365194523,-2.1870662835863848,-3.3928338677585974,-2.968880776393374,-2.3588546736532425,1.1633851757703682,-1.059207899158709,-0.4267514644493938,0.08922354007627134,-1.1148267670313234,-4.034974370446628,-4.172839731380662,-4.180273399604824,-2.742059443351061,-0.34658664608783407,1.838603163923915,3.2862752483670667,-1.3851762127925784,-1.4921278634659152,-1.181899843118451,-0.80536931706012,-3.3095149497577787,0.5856870644834345,0.08195151227875754,-0.33588778483354015,-0.05824148176820768,-0.1519364207617835,-0.23482641619678507,0.1106634248244709,-0.07035879790658635,-0.25137516763628687,-1.0205289035056706,-0.9004333640959563,-0.7169412942138405,-0.5001387171508179,-2.5370557977054697,-3.4934126531310286,-2.606317123402382,-0.5672254264866539,1.5340639794300974,-0.027244799351541674,-0.7939927008791622,-1.569883013836658,-2.3613506825975064,0.39989307496440063,-0.018324806017102728,-0.4526653656244029,0.19757511323435836,-0.0021086442856179384,0.24922024795033657,0.6005820849128812,-3.7880641315274923,-14.154256658101946,3.624412937378281,0.0356613403073776,-3.3737582387175475,25.92981702971386,-17.81939581161479,-3.443491535449302,-4.1504585884495775,0.8769290536381903,-0.6896852338240942,22.7327066040963,25.988662110954557,-2.104152628037483,-2.1748106033740497,-1.3490504484868702,-2.1301267355808355,-34.04112117398315,-29.119560067910854,0.4209858923303355,3.0591464858368385,-13.150347382778474,-0.10615854806238538,-0.15429997791913838,-0.433625623440836,-4.117032435682073,-1.7288578137096888,0.8722207177916974,2.1382786115006094,2.8279309427386283,-3.288068876995827,-3.8331505304676585,-2.2729510896270644,-3.0974738623676727,-2.2414095357334434,-3.478358413617202,4.001661040223741,4.287885290104895,-1.942833085031681,16.79037638029343,17.253295839101963,17.60755107739588,0.49744678617825655,-2.1355579440595447,-2.2113665607621593,-14.611886786098092,2.1700295253149373,3.920832703912526,3.9627478635859443,1.4190145798574103,-2.6265866397490627,0.49352820193426394,-3.2257314956778957,29.320748850156043,-31.910761808751438,-0.39717461972488605,-0.5619794387705949,-0.5166962275508159
"CLEFT PALATE, CARDIAC DEFECTS, AND MENTAL RETARDATION; CPCMR",2.1825371420313435,-2.2465236965186683,-3.6027874857280007,-0.5713963910013702,-1.415895611299245,-0.4628308941514719,0.6149254924291131,30.806045103393465,-4.181856248917104,-3.472724405962195,2.9339529609792594,1.1242550845438597,0.2949046323002421,-13.475462941375469,-0.7005693692013772,-0.3113143286634698,0.0684967385942593,-2.8310204138229036,-3.6049332741767657,-0.08882152888838013,-0.29087396241408564,-0.10713317146331121,0.9199194108470556,0.9893582898170707,0.9646158092046817,-0.22624669984961784,-1.4855116251395275,-1.3639575701563191,-1.2403710124358265,-3.1806489574424135,0.1321137792912508,0.8734736358740135,1.146263186834602,-2.334824744308913,0.9423899495853505,1.1724102283371822,1.39123745114077,-3.290216059771333,1.6960033612770926,1.6988251245732735,1.576054912757872,1.4181816932743285,1.7440450395278786,1.9684960115959893,1.429382584119923,1.7413215395520025,1.9441585009063147,-1.6272343227221315,1.1724774753544138,1.4678288115851532,1.7480535548025473,-3.3328966411358887,-0.3504463632912193,-0.3761399522092428,-0.2722537372778336,-1.7419280944590287,-1.8253244411627918,-1.7421658547693508,-1.3981887073579131,-2.72815829092993,0.6216466764077601,0.43992460305335496,0.2275050105712878,0.04906033959099996,0.00018350791036086386,0.07423032100698532,0.16434077919240345,3.5273599241133713,-4.10091526834519,15.979648367294732,2.3678971410119507,-2.8957973111231925,4.429423926776583,-4.117721777682661,-0.2440061112044875,-1.0010575844623357,17.275488425888163,-3.224134934985437,0.3823013275075464,4.412551806903102,-2.2070019318055336,-0.06857293530812675,1.2383305292959026,-1.6761407693559742,-21.703438178983177,-22.170958878685916,-1.6307335220486316,-0.0377457518444415,-2.2674264314644437,1.6292784893399466,-0.3687335463274713,-1.0573068103066663,-3.9474091688598176,0.36749952329224467,2.1627916607155564,0.2569271403608963,-1.955134076467965,0.1918014436387119,-2.4983766100766984,0.8110429025178454,0.24662396154469907,1.882830467016848,-2.090947202511943,-2.6838925933583972,3.8628907398094747,-2.1995194585542843,0.09768558413626315,0.11610225352205658,0.13273994090986307,-16.84282725603171,-3.3335784913546647,-3.76061622559149,-1.5213775327892758,1.9801827583750047,-1.8945915614840314,-3.7137250738817116,-15.094634865594566,-16.555631984084094,-3.730419706171236,-1.3075271404932864,15.674322390029575,-17.329145795584445,-1.98534449667912,-0.8236027562628567,-1.0048712184289077
CLEIDOCRANIAL DYSPLASIA; CCD,25.842541556001553,4.296160723408773,-30.18903335108615,-3.6079099013071305,-18.357505312580358,-1.7137771978954626,1.7076352860559751,47.448888317148565,-0.7453836981007957,-24.444435773773005,25.148059635284735,18.718588162244757,-2.404712628862551,-29.941647869305125,3.871337055805958,4.433819077246873,3.815636948017789,36.61324310366675,-32.47694501142777,-0.4640887617712105,1.6781668974514454,1.9072462991630261,3.802340408288627,4.277643173122807,4.3140532461457735,-0.546345702661191,30.38948269731641,30.484271790906735,30.113976669889926,-29.489039388179446,24.346525191114278,37.297482121649104,31.240957773599504,-2.04121366597844,-1.0228809163878432,-0.9999929906668956,-0.9378400102229135,-4.5088421825266485,-1.4764879767190415,-1.9152308220560146,-2.2776589329484476,-2.34005321326865,-2.696397235223806,-2.994315798019944,-2.077765391258494,-2.504587764817747,-2.8458450150944183,-0.12526247401244972,-1.7363310245586339,-1.8614260393149524,-1.992942088823915,-30.710946268076327,1.3435336689921311,2.6705837498951226,3.0433639027928345,-2.0620111704729025,-25.278261995404755,-25.640087660821216,-19.216392924776514,-0.2605221702401056,7.4454531299378885,7.583636150325751,2.206285406209763,-0.26778188355116267,-2.0871882232903785,-1.9088980221308942,-1.5075162427361197,-1.0965245943960236,-31.423126327763605,11.077660523431865,2.9840002772659,16.982025122104588,-0.0966980850949489,1.6691053199581078,5.761192734834797,5.34423064999476,2.1347894748511504,-0.6883152769703508,15.119016831553896,-0.09498789274398436,43.22552500865738,36.17304372877355,0.2916620721920742,-0.3475366223212425,-0.29008558442945837,0.9295535420374639,0.08961392767380005,-2.92985979777569,-22.38292003026345,25.027292220644785,4.280592753360673,3.089908008499661,-27.76258075366009,-2.08336315590763,-4.688832209218046,0.09110816079290937,3.0785241404541828,1.5875204876015312,-26.722292260386745,2.9756037654088243,1.959776904065861,2.935496226931068,-1.1306816629890415,-0.48430991095088327,33.32591493076675,-15.027662854537333,28.787116658509067,29.687325837925943,29.995573228942817,-0.04596688497642389,-27.98723977963709,5.949325478555719,-1.4702138231254005,28.521425711661163,3.449059155344146,-0.7628894261607132,2.3888597062829966,-3.816138473481713,1.4193390892992346,33.17566933707307,3.632614026854444,-16.301309453491687,22.310916651885417,24.211274858922103,14.946395299788648
COFFIN-LOWRY SYNDROME; CLS,-1.5054017011322331,25.67223626675645,0.06253152067269277,-3.5475862276559784,-32.81369678369334,-13.540754840087383,-43.76425323056805,-17.003778229848137,0.44461198320732864,-0.2963582267899832,0.9050105881806227,28.472925519109932,-0.4819884320798401,-2.3027637092365953,-0.3688060983808134,0.2762388920287376,0.9045008165980288,51.44241094057617,-2.80881227160621,0.0699474944766934,-1.2157383050640511,-0.8687285795944738,-0.9310269887481782,-0.6553262475811281,-0.3242085895862955,-1.5696901649240875,0.33269624286630134,0.41724348715126963,0.4593366988503436,-3.4494854392750276,26.130173710447156,31.831807424036185,14.942626563213423,-2.2286995382889896,0.5894535435897144,0.05786966708251675,-0.46919571343340394,-0.42897068931749993,-2.128060205970294,-1.8978814552588998,-1.5494438137110194,-1.0937079243020853,-1.1557141017956638,-1.1443088389210703,-1.431773437435657,-1.400626939798631,-1.3008805170159317,-2.3955053802411372,0.012182888110006085,-0.3062038175261854,-0.6679262042947013,-1.5633623908181478,3.906305832314362,3.3287616813841967,1.33137962533044,-0.6764252610122515,-1.023734086185388,-1.2362816081995482,-1.3625095240324114,-2.141793404782937,0.9496448251327689,0.3398337611644532,-0.1502201551757462,0.4306191613346568,-2.954509881038223,-0.5464772815514468,-0.09668486266129832,-38.83294350248052,-3.3193955171512877,-22.295662486897953,4.946577765975079,15.14342475287025,3.771011830863048,42.81169033375729,40.44302089346802,42.82526580307193,6.3509567654636205,-17.420961854144785,15.594854217056945,3.7760804620541566,61.15854433126145,57.59272456471164,4.045545751986986,-0.8060294312030962,-28.917576022685353,-24.452277546648087,-29.59928764653798,-40.98885332018741,-0.7879708876048934,-3.311129405429919,3.2114909465589085,4.585139433123262,1.1212645679908027,-2.3894089901956175,-52.21931677992937,-3.7648160713372043,38.17143694072489,-1.8724488142959228,3.64509481618636,-1.7255722251309236,-1.4806129161221604,-2.0765442735979174,0.0794106331017182,25.922656377788737,3.165154733356464,-3.148925694844382,29.694427358656,29.916186321915745,29.87910222921165,39.83591477226883,-1.1428112976676401,56.59025984759969,-2.3778446865457785,2.617170626946345,18.513759331298914,23.883251276883758,49.0088265748649,19.856664088718418,46.312936680918526,49.09462732386872,18.304550426604823,0.6187874555548643,3.2340628646664773,2.0652731688116672,3.679685982717599
"COGNITIVE FUNCTION 1, SOCIAL; CGF1",2.666870618413418,-0.8155135423026474,-2.0703968092656857,-0.5495056544549873,-14.426126583687982,-2.8932365562476017,-15.5628935736755,3.8897565839161445,-15.629503058292716,-2.805477213359921,1.9723594088532908,26.806855862661997,0.8872820961254173,-3.896984402170827,27.563074754451506,32.447588083684344,30.332213721649914,34.10493706619757,-1.774763471062536,2.7916473994303375,21.20045756763671,1.779104558682195,-4.63339472964431,-5.228492397444566,-17.067575730288674,-1.1632005008135011,23.09690826867876,24.73288104043471,25.51812341730684,-1.085710278231667,33.45178933587288,42.977289460665325,32.586803455127836,-0.8772984609894832,3.89409271082884,3.761949866111595,3.501158065927897,-1.2911972964410983,2.105048396461264,1.7446188882590672,1.2295644642457686,0.9398429840639415,0.8421743174790812,0.6972278820941091,0.975681915297575,0.8916734873966641,0.7401470527928454,-1.8568813786922207,2.6681294620442872,2.541037238042806,2.317533042421643,-0.25468998764009426,23.985712617587506,28.859742266648595,23.140878465255053,-1.0547601195343825,0.8276642633851922,1.0088051049745026,1.055829828224534,-1.593058886503437,5.330841542878535,4.4571575799615655,0.9579213405021672,0.21637861078706877,-0.47634655465575126,-0.3193526432758311,-0.13467567583416848,-27.24103294470372,-1.817742977967145,-2.563573904844406,26.752326931271163,2.9793394495005554,2.327495953238605,24.07367209480346,28.311011362244322,28.69409757742984,-0.12917304217246595,-1.6482144488830686,3.7709790090203787,2.3290635293886313,29.01613428196263,35.84760568520104,0.12565337606976837,-1.1573532106500088,-1.2051543042687594,-0.03235704416333581,-15.938547627812483,-27.599258674611654,-2.7479827220586244,17.253347391828626,15.773661154547627,15.880947191381251,0.9860932144809929,-1.5326226260530458,-38.92939590098343,-2.749594487497834,26.00921414536334,-0.014555092946975842,-3.9482638857335965,0.47985552026239164,0.2697083827263854,-0.045707135972274486,0.24105247109950131,4.114475580036876,2.8829282467688007,-1.3882751925777623,31.0596341258642,30.980003032367588,30.56998779814335,17.550155803307906,-2.2111145424472656,32.39013287728959,0.752973433991397,4.276240234593618,27.40832698163857,14.370238196207483,29.959834431106586,2.917490472674501,25.042584382381268,36.123048963579194,0.33151658911892573,-2.594667096084466,25.23480104469137,22.698335740399404,17.520560982154485
COHEN SYNDROME; COH1,-3.1119742246198454,-2.201436812662003,-1.4646595039613053,1.8106216873257281,9.149376501603538,-0.02094742421249072,0.03776136818139938,35.59938462274168,-19.54381231160186,2.4910042193636657,-2.036890482251754,1.3645068291499074,0.13130406424594993,-0.7761782948130619,-1.317567453757227,-0.29865869739637063,0.5691160734243841,-36.076120098138055,-2.3524763852775585,2.904975274999521,24.386882524247973,0.9681269628687114,13.769672994104395,18.044778926185977,13.675106476011663,-0.31083715525501004,-0.39154165418910397,-0.18719942276578017,-2.2789882520337863e-05,-2.4276397748434624,0.9341233701499514,0.7101144975733448,0.051334587386528074,-15.384680785876375,-18.130955925817023,-18.81845881385645,-19.1063935938452,-1.7355776583538092,-1.8783106666612044,-1.7784271234314617,-1.5662187453205356,-2.310797560150189,-2.253541679928521,-2.1255125536352892,-2.398455986513808,-2.38313795978084,-2.2162992278137503,-2.2249492649428597,-14.453146496500938,-14.628725261113834,-14.640298392638728,-2.7506071154011944,-21.995156029787815,-29.467349516668946,-26.48048702668265,-1.6275057995465718,-10.461909609590487,-11.181716550402598,-10.877131709997093,-2.086922371740482,12.862521102299365,12.061394949470635,10.151480204830154,0.06780930066663732,-10.955263338238954,-10.197584765562933,-8.353636536265865,0.1319393885366303,-2.9161464062349105,13.22466664995574,2.0733643206145933,-11.330508442836159,18.802879528952275,-26.82283254479746,-2.8228220914481352,-12.566781724838934,4.9662124561445955,-25.353348098426565,12.296227231770835,18.786557773824953,-23.939399860764464,-19.253597788157315,15.817556279541353,-1.8274357508661694,-27.69760609525298,-24.360908822100207,0.09270621961230079,2.514617479834895,-10.51002918985727,-1.9646841819210528,10.87188491644277,10.493548411538061,-2.717239865422141,2.3703010611344837,26.111921971616358,0.03444145076054798,-3.1175174366327956,0.02890548585710217,-0.11238615265500766,0.19154511340792008,0.08862342793175075,1.3701136698825636,-0.9175168187742553,-3.0513444214360157,2.959786931895442,-1.8443073976555278,-2.5504099665600117,-2.5456702166719487,-2.5027274152071075,-18.850931605682415,1.769766021189731,-38.83912061666373,0.9017216227190424,-1.6085770768894805,26.80578291479911,-0.9845685744631145,-24.155801244712322,-2.971037687333478,-11.609847937708642,-35.33470526368572,-25.23806246760174,-0.3013707957605567,0.26507739433737443,0.37927587095707677,2.132790889333551
COHEN-GIBSON SYNDROME; COGIS,-0.39441767274267947,0.25399320999907954,-5.228148116416851,-0.06645635343494413,-2.109346979337042,-1.9915001347510595,0.0913987180851854,3.789066940460515,-1.9946899539292013,0.6022646503004898,-0.15822795730351366,3.9182597168093616,0.711423228808503,-1.852756893964076,1.2198202106489668,1.8113498608456224,1.698398226655069,1.6121431061742248,-4.934632199070472,0.5561794356043126,-0.02501722108485502,-0.6483432076860565,-0.3961187538004612,-0.16919062234603643,0.023599011150707307,1.6714254583170223,-1.087604299175614,-1.4797887698419603,-1.8024238528312826,-4.782716663213231,2.551737603469623,3.3427595071785263,2.141091742114951,-2.1531812481858905,-0.9322933341338948,-0.7650624605895168,-0.6565397937804016,-2.5340934407750817,-1.3810121425658228,-1.4284751737878747,-1.4041182893897308,-1.0111757912656512,-0.8272098656741028,-0.6442055423821925,-1.0589170727307105,-0.9152369196192464,-0.7528876113352811,-1.013739469345718,-0.9089076367409987,-0.7436845586811921,-0.6043955933869731,-17.72590918844043,-0.3074843253048758,-0.36542121360915863,-0.2769001596408605,-0.9682906683959323,-2.2656103727171106,-2.0917390739291477,-1.6859739787981693,-1.0497367252931897,0.7018581277168635,0.7666683651466628,0.7415046805782155,0.08464433953287984,-0.4278542800678461,-0.5181714819726249,-0.5752764573826693,-2.902281554475328,-4.2572963874654155,1.029051421331112,2.0529993000623548,-1.528540027294806,2.6091023081124023,1.004906298849216,0.580593047818182,0.692344092158168,0.0860920069987312,-1.649005963109231,0.500610877012177,2.6361402096363293,1.8697524217666832,1.4152460002952612,0.5538043835511074,-0.8557561971374077,-4.390488796394836,-14.53232614281712,-2.6576440929284066,-1.8847201868932846,-2.3441399219988757,-0.867480557434473,-0.274376037603877,-0.5869260534277378,-4.44226018258494,0.28832848458103266,-0.9455298694765216,-0.7907485595746049,1.441343724992033,-3.2641869455977184,-2.9549681601737308,-2.738887001839332,-3.0760991230809265,-2.3899546154288585,-2.867046090589302,0.8254404440319232,23.01415485867712,2.2997879476283187,3.898293118888178,3.9466751365872423,3.920969992078147,0.29011671983586007,-0.03553679700589372,2.0464129922397847,1.8590714296517017,0.5830380056918165,18.734976787321532,-0.05717401540807354,0.8205274324075723,0.6952081817380251,1.9836291042770837,0.3770551514452173,3.658802754497615,-3.918846216523433,-2.538213448188481,-2.721031855423339,-1.5664702562521522
"CONGENITAL CATARACTS, FACIAL DYSMORPHISM, AND NEUROPATHY; CCFDN",1.800373113269783,-1.1117061877250363,-3.2140942406276274,0.622265109258516,2.070866269768912,1.0428819208580844,-2.343298417202973,2.5617055483353206,-2.210648366265786,-1.507606727821039,0.8039416019446713,4.008344784644036,0.6116843398169838,-1.1681134164600724,2.4689926373850186,2.9540474006587494,2.484890312102345,1.3860268895618895,-0.23824293543086872,-0.01848159754425637,2.3645695111631415,1.3127900180393508,-0.7675176397485745,-0.4186096616764194,-0.11388895934354341,-0.30963483075639137,0.32453602142945376,0.3163243591155464,0.29657142097471906,-0.21817022937220248,2.0896782207578957,4.00515130123286,3.130160223313631,-0.052696681888880555,0.36143670296700664,0.4074323841108746,0.3839838032746787,0.359898699214254,1.0968131503449277,1.2694661928049982,1.1969176234307688,0.832864762690406,0.8785989229198038,0.8462651771464612,0.9190244868887847,0.9835291534380051,0.8924166857251743,-1.5583783393606099,0.5806934487530298,0.6235695346193663,0.6499611605806641,0.09040659907052259,-0.09416737544683022,-0.12843594411694198,-0.10575142336735838,0.7506123987974311,0.7548843781875735,0.6221136156321615,0.45231717354812767,-1.4729455376507055,0.7410110064919717,0.7621205757868389,0.7105827139628871,0.1725105358333618,-0.124801893661627,-0.19170132795150674,-0.2578515806205373,-3.333770614806044,-0.45170602090846984,0.18840857939837002,1.6877579017892557,-2.4417774033203585,0.47076141465028304,-0.18450510534284267,-0.25519854760333177,-0.2709054534670371,-1.4913356301357596,1.6491442426829408,-0.5944521278581841,0.4666006109007572,-3.9852720919200397,-3.3857527740434143,0.2610691759972075,1.687712441773985,-3.5215401248410467,-3.892695219530926,-2.301377719975881,-1.027472809747184,-1.986252282028872,-2.0482225213145315,1.3650991832443453,1.3553489205560096,-0.5585079936411586,-0.24091581439044016,0.25308531144135393,0.34102884761375407,-1.053882541424959,-0.254097582190541,-0.4995107540058821,0.04160268755136403,-0.09638833095428838,0.05145334841307402,0.545499401927198,-0.3746011846287832,1.0277755857362558,-1.9814479660446347,15.260175722422604,15.322355357377774,4.778641085783513,-1.6379113888518027,-0.6827410715747961,-0.5672745729698642,1.0522945959481764,2.164936428630888,4.151736707398602,-0.6489014843812858,-0.8820840988311194,-0.8466693773938917,0.594550722908393,-2.343779681386739,3.4033855046357724,-2.686720945392093,0.8104004940011887,0.48181042976458655,0.9814429167960209
"CONGENITAL HEART DEFECTS, DYSMORPHIC FACIAL FEATURES, AND INTELLECTUAL DEVELOPMENTAL DISORDER; CHDFIDD",-2.5600128636240194,3.8866639573933464,-0.6334418147327423,-2.040748516205303,-10.611113226975617,-0.7597618489991605,-2.631863323920772,25.6489590328631,-29.33197834755839,0.19412139693184283,-1.593812704763901,34.2873084321787,2.704624360138725,-1.5777140563773686,15.245051551298348,20.48033806274658,13.265153443927916,30.201988345836423,-1.9879910276123156,1.2489877486342837,25.91925424507532,2.927431628023589,-4.022455835813032,-3.8442771742384934,-3.2578848741507147,0.9973657036114374,1.5831838289050988,2.1105050155019502,2.5469593142645164,-1.000978786176452,22.455310476607558,36.983808158355984,30.427377618332034,-0.7442397852909516,1.9847131672760896,1.6206036024725017,1.182462207804084,-3.2337927974044582,3.1624421183738995,2.2992550861958043,1.3562642644660574,2.303862423917578,1.8195051863694918,1.2419602985407059,2.351801893775419,1.7665381780876173,1.1417826655804217,-0.99734505350551,2.2033886066657726,1.8026258420388324,1.3789508943230617,-2.0950015915870432,0.2559802572425758,0.6183531848777796,0.7361961879392884,-2.9178321505936275,2.289952716699577,2.3125143253904343,2.1730139780006477,-12.676281353773533,6.35704202135946,5.601724937600496,3.4412716608700094,0.11270199727133848,-1.5363071322429263,-1.3242622459447413,-0.3043233762755947,-24.06214899936939,-2.239767605035603,-0.4090522283533193,30.041229199100606,2.7335044395310084,24.024406156630175,3.8877656888256507,14.291416056568726,14.729183960945708,3.4512383198429952,0.6690767219818418,3.4501924414101928,23.92925947600765,28.595511387689232,14.91145896857855,-1.3400399794302882,-0.5876609525207237,-20.855419232209556,-13.91091949607379,-1.9092552386074275,-3.7358396094431097,-11.354810347190424,12.75351488353813,3.2516232645332863,3.0286556857151554,-0.6454028439751114,-1.9964240488583838,-30.170416141263,-0.7200204129970813,3.910812411423767,-2.9451428492063747,-24.721473578518317,-2.129223907093175,-2.4803494529992385,-0.14616136188639064,-1.3598538161161828,-1.587935988908193,2.7344415277924505,-2.3222688340543693,25.417565541368987,25.843171018087347,25.883518844283753,-0.3281838858974347,1.4485035286500731,4.662529764619228,23.57648919117312,0.5667787914545327,38.2965848677727,-2.107784218222929,0.7747694354840448,1.9162699612393437,4.1273255328704925,14.182788219031659,1.1679567141079603,-20.096940135640388,1.3646009195089128,1.4436719647309495,2.460898104943911
"CONGENITAL HEART DEFECTS, MULTIPLE TYPES, 2; CHTD2",-0.42773428318401097,-4.445037561121946,-25.148612150526795,-2.582824553259494,-4.326685417173386,-1.139957129405945,-3.7278644086797175,22.321532462560114,-3.3439313619773885,-0.6459232310265973,-0.024757468533025146,36.928002216507835,0.9591820229382231,-19.26302884890708,4.01144286672493,4.035611933275563,2.967732768418863,3.7388474985772286,-26.817849272732147,1.4727752099347398,32.49876897671193,4.162218788250802,2.5233035774118737,3.120210854273103,3.3455346892939617,-3.3427238110157567,0.7678620945319361,0.5958478525555829,0.397913794228535,-27.628894678271525,31.25388932807453,44.6621721012171,35.858561129200304,-0.9950388871893048,1.1201395628454012,1.232818695569694,1.2960953794843024,-3.2398638988023887,0.12612135591458765,-0.19445099628740695,-0.5155617611044572,0.7036025702662206,0.47452037401509944,0.2932749331595098,0.5929787922197078,0.30580854966343785,0.04074914355621285,-0.32004678629998706,1.0494311260953606,1.0769874979588738,1.0246239615008061,-27.639161083641266,2.1011579415185797,3.6311512876479886,3.773319787966682,-3.37115369963188,-2.175842630481056,-2.4546530910889306,-2.51653659085782,-2.026514582042339,10.500046530302651,8.026876613098288,6.739838586798206,1.61893964694291,-4.193548069134077,-1.4799720716437395,-1.5664387837690172,-40.18078205164053,-25.5939748593271,-2.777447701780081,5.346493047257654,3.1636114157854465,2.3417395998181547,3.4921121460735254,6.017224462476077,5.845098532335986,25.642722347824847,-33.78891857606979,15.219983134011667,2.3446957581641663,3.393315583237191,32.40781000590648,13.274118609944887,-12.962639883655886,-17.447664085252413,-13.455224901241975,-3.000994731302084,-5.125942623882778,-21.346228173426518,28.05778085100558,2.594021576242948,2.5015083085931464,-16.764975399665595,-2.312732037340072,-18.987602724924436,-0.011465542394913346,3.7960769857027157,-3.3215858814115866,-24.214813369458067,-2.1483118663495557,-2.7693593948870823,-2.3634737669916572,-2.676202053114063,2.45505443727928,30.46988232456077,-1.9054108086934196,44.81504338354287,44.798359550262354,44.0969884013108,2.2632009871376693,-0.3752639016835368,26.524263090780853,24.228384758945612,4.105168044057995,47.62768865137904,0.41687829540025517,3.952318584328189,3.396892431051399,6.098998987594595,4.742727500011607,4.140390409768057,-24.381124247481285,4.198389648793434,3.4711477323480704,3.052090770809045
COSTELLO SYNDROME; CSTLO,2.7632043031446063,22.7094900313656,-19.459285811718473,-1.5112036639747457,-19.384860946839872,-3.005587430704524,-11.03201817061985,41.16275774711584,-2.271012609104453,-30.001261151588686,31.136374664877835,2.7537592305807137,-1.6274877408592476,-12.487172143034105,1.7990056401718233,3.3467186543657075,12.364169471213344,12.82751371373085,-21.38178409147376,0.5785400184691782,0.7747876363690605,-0.08097645198478994,0.10832744963831778,0.2740226570268408,0.4029988573193346,-1.9575415306139394,3.0253567736279243,3.150451394770563,3.2076926956202776,-20.806835223789754,18.06339029077339,26.369750824316935,19.17356557659813,-2.107042477757286,1.118610196403067,1.091241455231895,1.0433783624525856,-9.914730380755728,3.367720245480744,3.4388508357781697,3.322774095964399,0.7003890769970428,0.9730653814797032,1.2411488011992158,0.9619162407419317,1.266052709689901,1.489636994371322,-0.41049075556568865,0.8590547846934429,0.9901478238805264,1.1083873294621822,-18.571544721319412,0.5981892556267431,0.14881930005465036,-0.2959289251610567,1.5573488042700523,-20.865934629642073,-22.757264170047208,-22.717002494276787,-2.382704850615607,-0.4877356428948311,-0.9821071301109883,-1.3938093712742996,0.2712845552716804,1.2345585433591109,1.6266187043597118,1.9519327624316196,0.06066519583536807,-22.39054057878032,10.999029368125818,20.862530382910613,27.15384380122325,19.690236000237057,0.5261114181413709,32.328534738016955,28.104354897751264,2.550638815371824,2.605902140608817,1.1845201621350618,19.819355042265236,34.86247374880106,15.21560546500303,-0.5278116616929415,1.76384965002305,-1.1644238590129425,-0.7810486473285723,0.1523685623624511,-14.272972529425443,-13.401225924095279,-2.293056094155795,1.7838010375105648,1.1286951262008513,-18.035297669657602,-0.3523426853290515,-21.136540727144364,-1.4861909763003207,20.95184077525001,0.5526745039626558,-1.7616706026444213,1.413689202977038,0.6931965456475844,1.4034334874284853,-2.0146732238972183,2.20340120251239,28.210945781427217,-3.4083709506330155,21.1660184095713,21.653930773236482,21.89492871533006,2.2181109220705735,-32.760465631162525,27.458861849085636,-25.706507351433,27.413815832169348,-1.7127478727725336,2.454622314146535,21.61013996560323,-17.323976316987928,3.617126003563971,20.777795251685298,45.692075195438605,-23.817466887670406,0.2316157524630647,0.40746715676150436,0.8446594401299063
CRANIOFRONTONASAL SYNDROME; CFNS,24.671005902803557,13.364300254398632,-15.013196902413158,-4.247617026847744,-40.41594325488587,-23.773066218029662,0.7921675119992675,34.66411978397473,1.4576746209441505,-37.96617152978782,35.52792632157892,2.5585883592674636,21.191573489871008,-2.9754552697606145,-2.308797264631582,-1.922327808283908,-0.9363499124507679,54.94601736467705,-27.4216813262668,-3.5788772072987944,-41.28331203193017,-13.752005250133095,-1.153746655890197,-2.0492083466864592,-2.684463211638086,2.750949975626449,2.875968678044518,3.2198103560332427,3.503840529881947,-27.302877828457135,9.600486395929794,14.040718409753506,9.812010567689288,-2.993820515249653,11.651632788635307,3.2436890897327872,2.752678606722573,-2.620882313380117,0.45296332281597956,0.06674189327484627,-0.2612976150765472,-0.22160947649098317,-0.5047658648439326,-0.8064023913188935,-0.22085792411940083,-0.4929265877750978,-0.7554291816950174,-0.6757104057120756,1.8565070236812249,1.4124455497250872,0.9718031887024133,-23.204706553403486,32.61810236226076,37.44343717744877,30.33060633306585,-1.0142349473053556,-23.02594052791419,-21.51650005033239,-14.493442016432493,-0.31245294821314673,-0.14386522053252043,-0.164766504060328,-0.17516702280250995,0.46898640106746503,0.6400799278768567,0.7528562208829257,0.8140509700059471,15.92995810627221,-13.673426788432494,2.7862353678511123,22.617516745608643,42.33442452682205,34.13755270725727,39.606479588570856,49.58303382738932,49.76074774377842,32.81872799480196,-18.675754330577092,0.716433043330913,34.041830151857646,63.85130682256358,63.43582833184749,2.286001786873923,-3.1860674392250115,1.0785164274635712,1.4422033795891283,-2.8838457533304562,-38.28675893289123,-0.05775607522106047,20.85595361557881,21.68558720069213,18.1503997529146,-20.362951961149186,-2.2432094729906225,-47.47698830504671,-9.873683870914933,21.187756166024247,16.85101374473638,-1.691059223728986,21.578854406009874,21.89891656194078,28.56669855184232,3.578815049323735,-23.952276542348862,28.081025384248086,-0.3690171891089823,0.9036642933046222,1.1404052547946426,1.3452291169046502,-3.3265227322008526,-37.52225202275147,50.01307531804987,-36.763990054705516,24.623708216986437,-32.89972321919396,-29.614202613383334,2.3544017610470647,-35.92788216789498,-1.4312143225237337,60.622685485050354,40.26894022434805,1.9334232054854021,2.7187499089153975,11.768337850360583,17.51131406676324
CROUZON SYNDROME,0.22641531900205983,-37.4869880627816,-17.306920976522917,-14.124918700989758,-30.96491640523218,-2.908938004497534,-18.18467288213697,24.501649629172874,-25.531453088751714,-0.47250499261483325,2.0907725299657556,2.9359806560692774,0.6975752349384943,-19.399341548801804,11.282378778423297,12.829600823050846,10.931786208078007,46.25279116900639,-21.389934454310744,-0.5378445340176295,1.5270125847406717,1.6839674836278025,-1.7615013834237068,-1.6715422822623611,-1.407579470078861,0.4951303036810392,25.51368734925405,26.829018854983346,27.674181350482385,-22.042213603855355,29.873886266446263,46.47317445593835,39.84611976138475,-2.5864891597933517,30.113568323819518,31.396376495292493,32.06603091326863,-11.465798499551292,0.945775524368135,0.6587827709980654,0.3583691896487503,2.117163422527103,1.8684785879199997,1.5512694975190728,1.834988564084716,1.50668654060861,1.1143137407679347,-2.2458256975247943,21.56494117478157,21.801437594299237,21.737652997462796,-12.888273374058393,47.592759997552484,56.029037750308596,50.34354568560009,-0.39682906578262234,-28.355421048753378,-30.079393005816797,-29.37077191234528,-9.887812909232236,1.6773022498248347,1.4967179745820496,1.188888620305462,0.4181867005850571,-0.6938494265034713,-0.6102201174806471,-0.5031780261385437,-0.24960261752557858,-21.677979924476514,-0.13937456690139283,42.80074233417219,28.364852334250905,24.19960299381458,33.56147518839953,52.739629413237964,51.467711673899764,60.99752272838561,-57.1355693301489,0.5188371290069298,24.179355035123766,48.57839385853435,69.42999716969884,30.451840400091985,-32.48995981881059,1.9827231256179745,7.42901193605656,-32.67690052579361,-47.532192822759654,-2.2577042100977005,1.2662867542824432,25.352042293263594,26.031564733556817,-0.0301341808881244,-10.700380794143397,-38.3949191492858,-0.8519454428067131,16.41384361609396,14.152138417797225,1.861642306418874,13.036211499449122,18.452256078029077,22.212926322315763,12.157487678091194,-3.193432937176942,28.36240924574154,-1.3684092962132424,-1.4507018042522004,-1.1672288819792775,-0.8546661538554349,-0.8265791914634746,-2.680254496337386,28.295225625822372,-1.189896738003599,1.9431326547866605,2.418032971002806,-13.031657527077472,0.9837390159248091,-2.0138970535449894,-0.6210304254921704,62.899366579443104,-19.078889614312104,24.527701158632517,2.1946928931231047,2.4900934207921672,20.38291829574223
Cardiofaciocutaneous syndrome,14.30404012383658,-0.5123218033232563,0.016131012750369798,-1.2275191957687392,-2.562186892041963,-0.7632818657128131,-12.311324263880385,26.42085833840587,-27.40769305010946,-26.80729883454147,12.910245602675005,28.015839747520527,-1.3008104284210729,-1.9319297372066266,0.21776362737979726,0.10023497257523953,-0.026298773786357893,3.045795409760696,-0.9975019234123462,-0.1761225384684503,0.32939601813652414,0.406041693373434,-0.9669496122145155,-0.5405780639666781,-0.11640491653565571,2.588349023123411,-0.8480751438988114,-0.6722257909932854,-0.5008804022420683,-1.2957894770830212,3.1943458270569067,22.132325535528203,13.927674089035824,-0.3909869934126914,22.93117074452265,22.38900102943165,21.297051801646237,-1.1569188233991923,22.000707700940627,20.565641888769544,17.832517275855682,13.28516078224101,3.8228662661893993,3.364118006206665,13.773179258679486,12.709900068885169,3.474691348485795,-0.7627606716074853,20.459580020290222,19.3151296939766,14.444548597328996,-0.3907709561894791,19.036247562766654,24.861330463319973,21.183705130240536,2.481456959619722,-2.3693012024392215,-2.9612778225400485,-3.2095939001687106,-1.6047747286232155,3.7809652054236946,3.090134531327782,1.628214290678485,0.5746931604534317,-0.06385653049869566,-0.012099367196912184,0.049315305434426644,-11.486035044967158,-1.8942535259659392,1.5549334043369711,31.696809283950707,1.5276714469814823,38.08420618385652,0.3131195916016591,29.317122572995075,25.20402289661609,31.316011436130847,-3.688680908073938,2.2832986149621584,37.97447205652442,33.93430782041156,40.07140493822368,1.7984288314301589,-1.4717192713476326,-2.2335995519934535,-1.418532190456583,-20.860281096285327,-26.567260610998183,-12.532790466360662,2.0288520732780415,13.127682356681644,10.853178728638502,-0.8232666151982232,-1.1573896365102743,-14.286057706497427,-0.29362961992398745,0.3035976399156183,1.080275782380106,-11.673188504065312,2.3888379881241284,1.5218606675626776,3.402807743988271,-0.029718037008347995,-2.526924569107421,3.0075726028598826,-1.4639268765578302,25.468520484343195,26.460809227514293,27.23663078616964,-0.682658267875915,-13.688430622279736,20.596647664465053,-14.325618506030388,12.991466564705409,-0.8008656438331142,-0.48527744477309664,2.3162204657032888,-4.171416463570312,-0.003798507197492721,37.68321391606996,44.00646101415581,-23.811878014127824,1.3441782655533046,1.9587088757514703,2.9358131469552355
Coffin-Siris syndrome,9.709628656782087,-1.4182362399323283,-14.550861756864245,-3.1619857234351962,-16.893333055103586,-0.44535024964255654,-25.214624392256766,24.53544107332434,-1.2754400943585293,-20.81819734383985,16.410094057318915,26.11354207807821,0.24416597831397702,-20.391745234792097,1.6667093074253254,1.4347081288065848,0.7843350745226013,16.55879704760318,-18.880420823319437,-1.7910254626194353,-0.12260857109196852,1.6788717748177824,-0.6475301351876303,-0.44137181069122294,-0.2111373109294765,1.3480111833781623,-1.18924529280958,-1.023171907240298,-0.8258221569414118,-17.43449926719449,13.651629474793953,28.308309970880934,25.777373268134955,-13.484799639129022,1.8449587345293297,1.9114454582658795,1.9243408601135967,-12.509684953432712,1.557509002704006,1.2259285211961168,0.8776627155470251,1.4043450406984805,1.171358907729578,0.8850830594678462,1.5181439174701015,1.2152660117530618,0.8912816588387842,-6.3619139083317355,1.6759514045871484,1.6148752792618835,1.528736023276723,-17.577211856203597,1.9239394516409671,12.70850559700245,12.958047927514176,-1.7384464739980277,-1.9619382322264118,-2.0467862587656085,-1.9489327532467544,-9.188873926032946,6.95596874428881,7.141381794360188,6.346961801412567,-2.825850015442568,-2.4821006389687805,-2.9656559781354863,-1.0871214881297673,-21.973408298246408,-22.350334146395983,0.30323880915606966,2.0791189180543963,-0.6602604292985265,17.160966182385256,-0.545172681976435,13.442468756332884,8.649383090719958,20.003932078252404,-8.40244206239116,18.566822218583575,17.173997936467618,2.8704198610912464,18.764668374460676,1.7839583527297895,-0.6115741866812012,-27.81917390313435,-23.267856069194004,-15.522736088274424,-14.006066234504043,-9.848913940504413,1.143589799010178,12.027735409411296,12.42506032044499,-16.912732369428166,-7.444293083837854,-17.72588765558295,0.4994463609016172,1.565707751945627,-0.24262464319100624,-0.3849011207341235,0.6012386901154539,0.04523393424578519,0.2872515890307212,-0.9774263424338613,1.9595603231981409,24.67756814162381,-8.57517146018149,33.14717512110412,33.78084547561724,34.05995602403066,-1.224825526826685,-18.061035809735262,15.365856669361468,-9.98812236336252,20.038207768684753,10.021705778082346,-0.8784037777616882,1.3153547628453455,-14.140122005969927,2.573768656609101,16.417440877151428,38.24159383021912,-24.580197068835627,1.5258434874134243,1.10184713535107,7.579846213310064
Cold-induced sweating syndrome,15.254076686160639,3.0457575995920525,-1.5542588498844838,0.20303961806230078,-3.083115127576228,-3.255850521576842,0.07921651049808735,23.305666808879305,0.48473745820630393,-20.30057583133961,25.84263606616893,-1.533558893743236,-0.18815454785002375,-0.9041464647170124,1.2773167856777583,2.7355503929908225,3.2314916404714693,1.551571611939371,-2.7037349784856035,0.07044137781944403,-2.9499473663686637,-2.2039447619428953,13.784146172386269,13.276109988285127,3.694253582943148,-3.0738275015903596,21.553988715549444,22.250755936841728,22.449551847922248,-3.2218296477163957,2.644000112428552,2.9691829306402986,1.4898549301668456,0.3700381287220323,-3.0233519526916037,-3.167376632882595,-3.1991944478917698,0.17747903084462358,-2.9737036767304232,-2.828547635116645,-2.580787857784933,-4.003863564692856,-3.946924628815186,-3.7323435067118353,-3.8758781465535486,-3.7988289434578055,-3.5406091637204993,2.6289028232173766,-3.5384700334048405,-3.563401979090651,-3.592813929305657,-3.3483865521097744,0.2091049155240501,-0.1479036349749025,-0.5322787295374349,-1.7027231037568142,-25.52110217179252,-25.08918772345727,-23.16315858979763,2.391722301172681,3.1491649063915017,4.143358786763076,4.617826201880808,-0.13974470775787864,-5.211812904093951,-4.995770326015685,-4.271277146369995,1.1599335501306687,-2.9962566961830293,14.647112550633246,-0.3905250984880483,0.8803162123509253,-0.2664077669593411,0.4000452363413344,-0.07614169809916219,0.021310702996399703,3.704156029444178,-0.0550731922922418,-0.32953433078820366,-0.27429662134220784,17.610712777773912,3.737367762815235,0.7451428937127647,0.49812786482218696,2.7411624608688414,2.8198253233350945,1.116874249713571,0.5470063589938192,-2.1282315160892997,0.7984064785419696,1.731930980821234,1.572536151838289,-2.051342371716665,0.8833034399246992,-3.363989770591627,-2.2276853107096657,1.6819025831879428,3.3007852850739954,0.017601208109124487,3.271379198976712,3.255246622938142,3.8058620084806196,0.661301103102609,-2.2749082319630927,12.317973476580507,-2.3940231030614454,3.2349969998413406,3.239650839862719,3.219385790968008,0.01342010178240244,-26.53708245079433,1.9131498456837814,-15.030851318647686,23.576184715513087,-2.002649741037945,0.8685620832229738,1.688529621441109,-15.073358411940237,1.487360076773198,3.165088301807501,24.164527761683548,1.6833183279528046,1.9392091413312524,2.78058797422302,2.230844997771579
Cole-Carpenter syndrome,-0.9177646985665927,-2.8729801141572815,-0.5836713639567561,-4.278906134866953,-15.08070373211556,0.05552415063169671,-3.4736274454809397,-0.17123865573683258,-19.51467986784904,1.5548352842773112,-1.433754232991279,3.8517594816445353,1.4879842655368305,-3.1994597600796775,0.6237840403290837,-0.17496309608249933,-1.1631646632673092,22.913503062314238,-1.9042243995054946,-1.870687633512055,2.383987091328874,3.60925234671208,0.36799207686019125,1.0949188033338952,1.8127000368323383,-0.10387083391159105,1.5149605562450077,1.6730093647890096,1.7257356829169335,-2.000640339824088,3.0170644835844036,20.71043546766273,20.775612739500694,-2.0373922795897994,30.974044329834143,31.54376676151735,31.603365520830707,-2.9074229863116203,24.981231386635645,17.59277507006445,4.485664412444511,18.948472716795482,17.138378323241184,4.574025945614871,19.34094450476701,17.14587385476029,4.487545617170556,-2.22422721724506,28.228041498261124,27.965422463734036,27.39170892638611,-1.2846426528426607,26.66699724350588,32.696570088637486,31.93536633386002,2.599688539046537,2.279968591111913,0.9119274654672731,-0.14851900989108555,-2.2915169651956075,-2.4393405276574462,-2.845271234341938,-9.543408814725616,-0.4922717745010692,2.349526898401583,8.88899171342404,9.782739517212725,0.7808523059918786,-2.49111688632629,-2.0061848976801753,30.16879141651528,4.638360800087801,3.7228657519835386,5.286218326577924,32.469843398211395,31.72637685236702,1.5596575923190734,-2.482406507736627,2.0064301059208676,3.709680463057864,21.5420248553718,31.92442613402519,-1.0306649229476292,-3.2696194255696462,2.7217693054639955,3.641660673290629,-19.012371611863767,-30.38064884480048,-2.6364391160266845,0.4128631237651957,1.792852384407642,1.9450414328583026,-0.10958848683644293,-3.7655054426205323,-19.762707809754435,1.1224209070314906,3.8803157681436558,-1.5148533735264762,-1.576788421228832,-1.4765308137643742,-1.3280756080797265,-0.6976465221461681,-0.9894160938327832,-0.41500782571733413,0.7254337724246336,1.2490552504235535,-2.28812526926085,-2.307651384922748,-2.2235406171527132,1.954772499438365,1.333564052325715,17.82974677185458,2.4126542090226697,-1.2699636051749215,-0.05059088886745939,-0.06257796354227739,3.1064911835113533,2.4772875953971165,0.8397979488341132,33.26096311685185,-1.4336754178126874,0.6240645227918253,-0.8529648681474196,-0.7655397948498298,0.6367875417756034
"Congenital disorders of glycosylation, type II",1.9541915573014725,12.803683940634459,1.5729079273302007,-2.002817583356472,-1.068397852373249,0.5421701623345189,-19.457842971083874,-0.6582973948517524,-2.55271276604746,-1.81159048140662,0.6058767038572913,20.796943044896313,-1.1940945489730972,0.11943081384927567,-0.8404105703802579,-2.33135365398283,-3.0428193044403784,13.529599996777472,0.013491217583741312,-1.9777419379347585,-0.3162661351136267,1.5579391379916925,-0.8216060485304288,-0.28022246284115204,0.14873537094380257,1.6133752952960319,-3.354046835406918,-3.5003661063646234,-3.5448079931463283,-0.28129241153649315,0.005289410435103583,2.210763503788464,2.9532145969713426,-0.6936850591810121,1.0226389041305657,0.9997074852639812,0.9054082289462316,-1.0210485935237874,0.23182113157912185,0.0010072004072811678,-0.2107306864933682,1.4552209077408957,0.7416993724637968,0.1353925213500163,1.3980295580560405,0.6808696084459016,0.07715086022655605,-0.06958790948527964,1.3094399883736592,0.9425843538144496,0.6285977118154185,-0.17866497208273122,-0.027759237871255005,1.0879223544661407,1.9904968680151094,1.0696961052632141,1.4683713637694493,0.3785730533429485,-0.4060976380382857,-0.19319350465470417,0.7651313448392941,0.3874243786109312,0.029448704930835602,0.20994610554989881,-0.6676666989721871,-0.547596541622602,-0.33549346380224115,-14.002985070394338,-0.3081060515831125,-2.909713638772351,13.651365189834456,2.5086613552163164,22.858184677743832,0.8500069571237466,22.470145731133297,16.036054544697162,2.045998406814439,-2.613029034631359,3.1222709861656517,22.8666322903725,32.45680144766566,30.08351012610411,2.674531718571442,0.2329512563407894,-22.80873967615114,-20.666537084824245,-3.0630972519042627,-15.323697511767081,0.3362264705559914,-1.1891664796023382,2.063934114364968,2.4574162381126015,0.7035447954813243,-2.8506316303109993,-16.059443845260326,0.7312467551934161,1.159720462471641,-0.4060481811007618,-0.4890352605127922,0.04443575295487112,-0.1756352834564401,0.3020945107066942,0.8193903720135629,-0.932066324143343,1.2460847805182658,-0.58322712620328,15.272742106182937,15.11794529536703,14.844446606494468,-0.22563355699687457,-0.8264202686911682,15.174350074862044,-1.7022157171423014,1.6727936370219902,0.3619987103317065,-1.63137673994833,1.1081438038883813,-1.448488950518133,0.1514962664118748,25.1252175338755,26.78045806050595,-2.19839739143869,1.2288237102800352,1.1004309531475036,1.966041726344527
Cornelia de Lange syndrome,16.601836059686658,-0.10467319644631269,-10.910819519790108,-9.595779421340128,-18.553765789024084,-1.1231931990647392,6.065290484407758,41.30585215630476,-7.221685130625019,-32.606955493122754,34.860344343725906,21.53322637657178,-0.0174430806773179,-14.900286995111085,13.135040002815176,13.633260928635238,10.41505175230624,11.905729372787356,-13.65875709597087,-1.9910622524758257,-1.3923847680367005,0.9749055450632091,-9.007089758201463,-9.058215210317975,-8.355069885658018,-0.09495248037074432,15.075664983815118,15.859949199303255,16.290619049879083,-9.159447760292654,9.319211812181056,19.766516529739334,18.4172261366118,0.5012852234938088,-1.7279441877147799,-1.723264877957114,-1.677280376608064,-6.071841876712293,-1.2431211872556671,-8.374150748573307,-10.911971376377188,-9.806230389425549,-11.147969734544116,-12.067710123726117,-9.274655130082365,-10.930156497442164,-12.086179573008875,1.4347789447689325,-8.612330638214457,-9.013362752581827,-9.2671081022817,-10.44788657778562,0.618280522329156,1.8079645003952487,7.281799796960507,-1.8979028998031438,-30.802000003816627,-31.137934322529837,-29.18071229412666,0.22926867031826687,13.164005933064782,12.810883817926413,11.299251024566034,-0.27078387541187354,-8.84314267108561,-10.151282030175933,-10.561035560297388,16.335307380829054,-16.71301757993354,17.0840882411418,12.343071059947262,-1.1379381425321475,19.26385090738418,-1.4748575107669732,16.77563248564606,12.91487336565926,18.151402610963405,-13.29479254677895,19.29109124851024,19.277034500366494,18.785045922157522,21.892066188721444,0.3349857008974965,-11.167611154005783,-13.32613082098358,-7.27112386644615,-19.24250683871432,-17.695427374263716,-17.62096036138965,7.571206083535249,-8.534099424177077,-14.935930785271651,-10.404809941101357,-6.5309926313112765,-15.065160896882643,0.4419631762132654,0.9161830183593572,-1.8351921757639291,-19.455136516019344,-0.2994120583725572,-1.55309120773491,0.029450351723473926,-14.37543120244961,-1.2175993489199775,21.096135435651593,-13.014775515913174,16.612057465293613,17.60318585544068,18.471727007046006,-20.484237912142095,-36.11110215475927,8.68749028608526,-25.077128824718777,28.652043324063868,-22.99667201361396,-19.895624175743993,-5.958845115278049,-32.376987283571495,-0.20119977260732316,16.40431097117374,57.97633398097892,-44.841005052132935,-1.9467705242510858,-1.6689052626015863,-9.615608154551563
Craniosynostosis,0.9568325788572017,-0.3463363028993952,-13.177321242686649,-1.759137501816681,-1.8229365085611915,0.13788433350484014,-0.9314169704318304,15.06499165361444,-1.3912809990869761,-14.941914795941349,4.192885155207883,-1.2587600181221725,-0.03083437066128637,-3.2087762853746935,-0.6396702820671641,-0.4809745188805045,-0.23439410951904693,-0.6135782114118432,-3.1966920912785706,-2.0126262141120272,-2.4294113753754765,0.2528196666950097,0.032069764554784684,0.19229518301849863,0.37152871379310176,1.8836338997341928,-0.2075815146847683,0.02932147571393132,0.2675820943213935,-2.4759151618954682,-2.039639312418855,-0.7279994557322046,0.8044612292058672,-2.366299323614793,0.7271933492584027,0.892197340024604,1.0043189211134875,-2.9593798682750805,2.37765131420425,1.7619938791506935,1.096436923302905,1.6422523319733453,1.354280882788978,1.0393724956871517,1.5698538213524893,1.2395236138907664,0.8784225841002181,-2.2856371867522935,1.2260179093950603,1.1856145800792832,1.1627258515885857,-2.971370312921763,-0.539825550832299,0.10982485894696094,0.8245182547211609,0.6538638283506382,-1.4338215931371898,-2.5030690730852503,-3.287208565896954,-1.6997536590893807,-0.25449856893426553,-0.46569134009741303,-0.6572503320828702,9.448723306342052e-05,0.45721178982854205,0.6004369460419238,0.7182392581971586,15.428950394178317,-2.8632915955971763,3.5413795854195045,1.9237713437318071,-0.6788058910951889,3.365800321033114,-1.4705699626429802,2.533600774628192,1.6374773608696915,4.021763447906144,-3.1805816762317196,1.107727921892987,3.3376182544935684,2.2616947400795393,3.1250136287086505,0.5202183373672048,-2.424089415313403,-0.019425242656684657,0.3049957759075268,-2.7301159221704743,-2.512915664414342,-2.5328949172337625,0.021865620560653148,2.4610336083930124,2.2188481659654458,-2.9217320437827143,-0.9398478001261473,0.9196929609407881,1.4505762392202095,-2.9159401773102513,3.4806276396640023,0.8894841194239423,3.6217547686471128,3.552373481607434,16.789849074705277,0.2613958010607938,-13.843461044249386,3.6682644766895303,-1.5713433269903123,-0.8336813268886659,-0.9492253046769045,-1.087525125724342,-15.44575039283722,-4.4667637027517175,-0.8509156526286868,-3.8975341829919117,2.4268831151968926,-23.671624777549106,-15.58209511800647,-3.9612555505102294,-21.163858837136278,-2.7080249433471892,1.3538109075757945,5.045358803246247,0.34989223194525637,0.7320872333476036,1.5208471788239168,2.05479419670719
Cutis laxa,-0.1623229406890473,-0.8364308159340672,-1.5136053667058864,-1.5953071169448114,-0.774844138670868,0.7046002608550934,-24.16200626526444,3.4546522472766545,-11.704236173806985,-2.8435229875821184,1.5835073763112026,31.088194291121223,-0.4642622298652389,-2.8689186780110445,2.151324900790238,2.284872041061275,1.7525075161307235,3.1445892175342016,-2.6500815523301005,0.12239820298769936,29.247341074582035,19.056540902427983,-0.6527160869238181,0.0434888613150131,0.7051333820642105,0.8910308260600566,-1.481122239419102,-1.228867552366266,-0.950111854903099,-2.598570886547476,20.900449416505744,39.473636616786514,35.425143537889134,-1.62453818769887,24.22049298960499,24.828354481202368,24.921621403453944,-18.61095804792726,22.037333029479136,20.618839285689646,18.16606533930412,21.710164735014978,19.72802236407877,17.215071752040206,22.23105906595405,20.207416458436086,17.386888883900845,-1.7592046525150933,23.250956987066946,22.731817051384503,21.899020546879143,-2.126315361635266,2.6694229790693305,19.230668385256998,20.41843746033382,0.07381469638617302,0.32527747999444556,-0.7656178022463875,-2.087085897219803,-1.126140558133159,0.10796439294121392,0.03534159930884462,-0.034845474064370156,-0.21621738741168564,0.29957266224079987,0.32521358192665384,0.32734021640645383,-35.00816176622215,-2.1587633851938937,-14.959246972821536,24.254010259568382,12.92922702549415,24.45852884911057,0.12730352968327918,34.120798307485614,29.29403311322185,23.374233538457272,0.5416862706656488,3.336980330644304,24.526398941804693,2.0176659867852784,3.3712531603132394,0.1779471797291504,0.7715615535034798,-3.3123690969933532,-2.316474555322592,-3.644184124777234,-25.406948075823355,-0.002983288187286327,2.4453300802654114,1.5826318235749541,1.6768781595038424,-1.9891590242059103,-2.7789474928208695,-12.532597220894365,1.2123726843793525,0.5121187465024519,-1.395816014695318,-0.35441712180176255,-0.6875947893288966,-0.9445093379327467,-0.020555222197643632,-0.27317084168334427,-0.48313669974859336,15.722266244511474,-3.005377817560536,36.73483512474264,37.123907948717374,37.005416353818426,-1.1920993580095776,-1.9704212389927585,2.9149136528089863,0.11603143119120662,12.5616269587603,24.706791022430828,-1.445195002168994,0.26655707312141197,-1.6550027326968717,3.995893260170263,16.354922477186275,40.208583447262626,-15.599810611200517,0.027511282826617103,-0.32224256707828275,0.7218991154022872
"DEAFNESS, CATARACT, IMPAIRED INTELLECTUAL DEVELOPMENT, AND POLYNEUROPATHY; DCIDP",-0.8863641914932379,4.1917500636548635,-0.16505098788299583,-16.143237480799247,-22.98327820506307,0.1978608316852491,-13.705792910180165,3.4447593726035577,-4.1648532898103126,-1.9631153888073585,0.365426188740813,16.890829345313747,-3.1204222105664385,-3.5301091670673386,-2.892791464356682,-3.9491361472416555,-3.9424358999020312,3.3539047940425544,-3.3590580696408843,-2.5794242889934083,0.7222068300582543,3.2051981814970403,0.8676668562560101,1.007129987358732,1.0048597466520834,-0.7846983438733866,-4.620515615830369,-4.42413569167793,-4.094532719530585,-4.242460811036162,1.0586832242489563,4.62313990478209,16.37132646561695,-3.892423516297831,3.3498863013459252,3.5222741485231897,3.604972579423804,-20.270352882411753,4.960277490720968,4.5634598645118665,3.955844135771592,4.352817449603796,3.82398969877343,3.163790716138549,4.4474805024853294,3.8739580720358373,3.150001273623816,-3.3400541717877035,3.9133343548944266,3.76856627771733,3.570721212828334,-3.992715031158669,0.13430777712094286,1.6742525418479641,2.5999283631527645,-3.2341268188353935,1.3263759603874754,1.1352368644851987,0.8680974828635307,-13.418748185086057,3.9184808735801457,3.359854593198926,2.507071772847634,-0.0799304757869156,-0.4614687013923515,-0.38031815174383776,-0.2553771549369909,-3.527811875697236,-4.8165613562750025,-1.1199637288915936,28.197953119039955,17.34527847488267,33.5738677262802,2.8910582804200002,35.4983423989326,32.76743078420105,6.341052163985528,2.602804322861907,3.0130072451837155,33.67360444994288,26.56459289408938,3.5399941563074777,-0.6717549388490841,1.820636373704421,-26.6965768241841,-19.823367418460034,-3.0057342918822205,-27.365958098451355,-3.331413527635413,3.160057128334265,0.9709839059080816,1.0046307132243602,-3.0723834041480704,-3.858895433839867,-24.574261848672634,1.494425116369203,2.037281085007336,-1.1551651011794668,-1.2897237156929868,-0.5557258407077467,-0.9166739330347059,-0.009604271696807887,-1.3309771222073372,-0.3563411245086082,4.534651547395104,-4.181459423895028,4.135345214892361,4.379061541882052,4.623461445391877,-0.9265224062133891,-0.6414313600948951,19.681938678539904,0.3675702347348653,0.9476955362312821,2.4961458530845246,-3.325026517777449,0.8538417115723287,-0.5135447047086648,2.7820444228825543,16.227423513578472,4.664461944901399,-15.99767415161355,-0.5766543509996653,-0.2696130202682329,0.40580495986344045
DESANTO-SHINAWI SYNDROME; DESSH,0.9598879236353676,4.5881985138028005,-0.4410520832625325,-17.743365167364523,-2.7136326334727285,3.4666823257455794,-14.938424730072994,18.922045495589682,0.12875980384494037,-4.4715994801017,3.704291418414292,0.14931033529056467,-1.1655002476039522,-1.5832323993665718,-0.28821544687065964,-2.6080557078218396,-13.562794077250787,-1.6705860472501297,-2.364992411981721,-4.415015328415533,-0.2200394031773748,13.786263757054604,1.408877376705018,2.6639297487313236,3.5767458480457557,0.18151476734909047,-1.25821228813638,-1.541822276639446,-1.7579676976792036,-2.9610261898610766,-3.456650592780831,-0.5332064094228005,2.72495618530231,-2.549427997168646,-2.745854688669469,-2.1941592688545866,-1.6525952001328146,-2.6651975570797335,2.251485504119095,1.1849844292831666,0.2660418716383287,-0.08021777817479031,-0.5007893601690419,-0.9962440755947344,0.17744729186476338,-0.3842023565944238,-1.065915437373547,-1.997820549212763,-1.7175331887507912,-1.5545545061933423,-1.3125021609122547,-3.0310799269095954,-26.29433250632286,-5.221845968685825,-1.6240055297633949,-0.8566994139627505,-0.990453987379841,-1.8997361359167366,-2.6451711053141618,-2.129035938758283,1.0381624487570849,0.7226236200383382,0.3484030451284105,0.28294599558311795,-0.17075210442516606,-0.08972066542960551,0.007144371387725867,0.2776580868707551,-2.883977827744348,3.26856241993745,-0.027297694547030495,0.7446279800086549,4.223639027231719,-4.084099699672276,1.8118404599763178,0.5994320816452249,-1.356613095208145,4.0832695845808615,3.134283734299926,4.147527409573279,-0.11267310437986454,-4.6600625641250835,-3.5398688609712,0.1093461351323113,-17.586032918664763,-15.22773863779989,0.11501576017204683,-0.17492860746735775,-1.016449796963551,-0.7247170000366293,1.64179728299295,1.7407300361269022,-2.7813213785051514,-4.530153497753239,-0.19813773756911998,4.402167450151913,0.290332295673673,0.08400625412267314,1.451946759585708,0.4642895762346154,0.09620592522163446,0.03870112679909661,-2.6587299623117993,3.1427389749661168,2.4318597779759212,-1.6835510820434822,0.9214253322730858,1.1308223553299097,1.2609494390515452,-2.791995577888962,-4.059356921500102,-0.1105356811975464,-16.33323080328939,2.7405937530581923,-2.5807800569062573,-2.1550211377204183,-1.4028075796625488,-16.75757796211686,-0.7533210885541892,-4.3280139860177815,4.304881793225341,-24.826958735922926,-0.6689296306408277,-0.6388854447798883,0.574602394599159
DEVELOPMENTAL AND EPILEPTIC ENCEPHALOPATHY 28; DEE28,23.358821858458,2.191413415971664,-2.96964191920915,-0.7367731190299751,-3.3418818622621838,-2.1977491878362994,-0.05093194042841345,29.97641319886283,-0.5800452405538399,-25.719460360711842,28.10566687703177,3.579297051937591,0.1780325590159932,-1.943541886876228,3.4144633636354413,4.785097182339025,15.39098469178275,3.1122524712104873,-3.214904002393176,-0.6386339903017603,-2.1305780026804317,-0.5612267826060048,3.845516109923905,4.313931958809018,4.424425242097098,-4.113750298361488,14.960462371662928,15.879901241047822,16.56061686330757,-3.0212772337649656,3.4435881791478886,17.816943404507146,4.276981058647592,-1.109450814458062,-1.1633225156283782,-1.4115196664548566,-1.6724201234274243,-1.1698620005285643,-0.3807044733576947,-1.2752916438283837,-2.0527752238458756,-1.803817439873911,-2.0932088258669603,-2.292503532857268,-1.5526963781722645,-1.8688482511565434,-2.17563910953108,-0.1510875984893023,-1.5817109852002131,-1.8499811356586344,-2.064892584770831,-2.016198844732632,-0.20802816355307333,-0.048990506463250844,0.11282691332024253,-1.810193633756203,-4.58810949975862,-4.930645141236182,-4.892706885829429,-2.213981123426731,0.4399258560854692,0.2809289740653385,0.11782169744388075,0.2640339990686819,0.15565466835491665,0.23419908403830617,0.3247134563089696,-0.9169232585472679,-3.4780623583300634,13.584405048625806,-0.5792998063725745,-0.9768993816927564,-2.096790608090508,0.10540878399846731,-2.2956260986188854,-1.7289998961212278,-0.2969818369926202,-1.3829834256347615,3.7191259397243375,-2.07681305443167,23.82235437850133,4.580341443044114,-1.9789222038748204,-3.30809346246822,-0.5510801474123681,0.2759693585437226,0.7912461646989863,1.9118447004870993,-2.6634236737483588,1.3289403391348924,-0.17145623324458786,-0.3814931206551193,-2.258783685132176,-0.5888177068293452,-18.22685488089519,-1.351435402207461,2.0634143318127136,0.00986896414758387,-1.5773004229860184,0.5564379297479036,0.145025948872555,0.6960919261293138,-0.6445951483709441,-1.6907168473829237,3.774582297365834,0.5319870927428636,27.742351877556402,27.427458452104403,21.462645158578102,-1.7871525862649773,-29.273421018379402,1.9438942889115618,-2.1066174102792226,30.29807982236629,0.7342763144194796,-0.6416201526399973,0.46512308461737345,-14.824743995295833,1.686803230544395,3.0336599222182983,35.75620753304675,-4.19521561812746,0.432567667106148,0.5821258677036009,0.023975275017620652
DEVELOPMENTAL AND EPILEPTIC ENCEPHALOPATHY 2; DEE2,3.3047125883696666,-1.8481323727445338,-0.8364990977926661,0.9705519456784826,-2.5547363200094284,-3.6351133640633924,-0.274711275195377,15.811746761456483,-2.670560098886929,-3.968988347748047,2.735102534719058,2.1554183120245507,-0.12646542918589226,-1.020006425413813,-1.8107630197492082,-0.629150059889536,0.3336929582686229,0.14446574215115154,-2.6153939850807473,1.020912861153961,-1.7808656963894085,-2.3659967470203425,1.8629352659107763,1.3629342589930786,0.7724997441196553,0.36081446241077575,-2.8965696174845257,-2.6221329896092183,-2.261925322924148,-2.2093780090826547,2.1432448977373517,1.367519033814301,-0.25588843816408324,-0.5931281981448226,15.709743947032859,14.200362313237347,3.8063165025295556,0.5244265042882524,3.205510332772689,3.5112380789650968,3.5742353911765044,3.54995938562871,3.7638953253156804,3.874343737749384,3.5501549681615,3.8686151250780254,3.9991785261353114,-1.5747829326266753,14.13908280184425,13.370443702038859,3.8813345104274735,-0.3356747698237144,14.22408932442579,3.5549465218357486,0.9618368045795772,0.045676133130201454,-0.037875547960555075,0.7247009153249385,1.653893476432157,-0.28266268776914133,-1.5509504441364836,-1.8520041602721495,-1.9582770974273431,0.08242060863181412,1.540693401900795,1.9461510338934638,2.2401814383450347,0.5994092378893681,-2.1147573498778764,1.7247582598797224,3.26976243727645,2.4615338575702026,13.466740683090443,0.14997480903578297,2.5897985717057455,2.172889088616309,-0.16574279149973428,-0.41857838883124177,1.3218390969922338,13.434822804272281,0.6944936771341415,2.5666963822536597,0.9695440351919696,0.5615212569793213,-0.9281705685671656,-0.3640129958205991,0.223884038842691,-1.032640670719938,-2.995583261965962,1.6461369300663091,3.190488486841588,2.185238219328004,-2.656272649194124,1.4074267563496585,-0.8575323391511991,-1.8642711054590047,-0.8682439840593298,2.19605862998416,-3.2332460763978608,3.2169759517944505,2.3400464381444137,3.1899771459997206,-0.042485140768945405,-1.5675352353937768,3.140148990079887,-3.416843973031821,2.521370618220696,2.733613465913236,2.877599105442088,-2.417839900917072,-2.985013931887551,1.1536027368619106,-0.42186956510996304,2.8852603301094644,-0.6518723536656387,-2.576986298260489,-0.9323209072133307,-2.8473517035952516,-1.0083578795685861,3.3549318950934346,2.2362646068574166,-14.56703810843824,1.5144149364147033,2.154369871712471,2.302889447322045
DEVELOPMENTAL AND EPILEPTIC ENCEPHALOPATHY 66; DEE66,0.29970661885066424,0.630410989828364,-2.3700957513403664,-2.5464127550500297,-18.772161990071268,-1.6942320096208645,-2.5755588239978735,3.9192124990717794,-15.909926373131853,-1.003801242511896,-0.19311770881921447,3.1766951957053853,2.785103564690581,-3.34076042153358,0.3621517939430597,-0.0022524807180596285,-0.3409401385987412,3.7805206977633365,-3.4800272606178675,-0.15458929747801767,1.1101094762465318,0.9254023950367469,-1.0245455330912556,-1.0948181885423358,-1.0414385783975362,-0.8573287097829039,-0.1946057647542229,-0.18901033084741942,-0.17656916334152423,-3.185976446963147,2.176680428090838,3.4192420892091873,2.687727608260577,-0.3918481849990727,1.4956848963072495,1.298800988312087,1.013957120798216,-2.279260825972642,1.6688018484141907,1.384728333144681,1.0257046678640742,0.8947080127472763,0.5651628780055729,0.28026865711149274,0.985284424254058,0.6156465180270309,0.3015126170685123,0.020658986198771306,1.281173317603669,1.000138852626875,0.6977464466388967,-2.7878715879877327,1.7090644066721588,2.278245563682158,1.9018398138425898,0.5481334281187754,-0.8471225525815397,-0.5879161680025334,-0.2766208984905095,-0.995220339789026,8.512507805829376,6.747794990902128,6.05465669133819,0.2528406526371595,-3.88462920299553,-4.222608902047197,-1.3284087092711458,1.9911761192515118,-3.5502072588193387,0.4350840270181434,24.627498507858842,1.7746277321080886,17.32650126327545,3.735225800806018,24.859313078287286,24.063487195176,-0.4032945629168013,-0.7623141674864924,1.6347753332634802,17.209484769036706,4.593882013723761,14.773938643712988,0.6136643439475022,-0.09334479744896043,-14.685686977363686,-13.92971512636386,-4.693210037875098,-23.58850726311383,-2.5522941934112575,1.1816190506836108,-0.261583613322461,-0.5881270050399651,-2.8337795074643184,-1.6591223927660497,-15.158572981733945,-0.21175172775248605,2.0738427996379922,-2.114306457771778,-2.953460992852127,-1.6821876707394108,-1.985079540060219,-1.662005722171591,-2.4072183146122046,0.25608222445199025,3.286167436580346,1.2740223674922395,-0.2606900544440665,-0.2196588022228449,-0.17118762318955782,-0.5101658735822961,0.03281317123902615,14.548273366032149,1.8976879612211643,-0.1698175089347794,-0.05188332193697573,-2.4437977270349465,0.5312045461300892,0.1341703200246793,-0.8903776897567925,4.280358633856322,1.7821855747783073,-15.772736200944829,-2.137754602159488,-2.0525601858120064,-1.2982114547425003
DEVELOPMENTAL AND EPILEPTIC ENCEPHALOPATHY 70; DEE70,-2.170960086424394,-1.5034575898939644,-1.3650224708995007,-2.6806579596398574,-0.710766926173839,2.0127851210636507,-1.4434214214617218,1.057117191143731,-17.109766378059575,2.33887615424383,-2.652705948596173,-0.5366739257517089,-1.736309134027359,-2.6862546948094823,-2.667259828254463,-3.9203840711182982,-4.137099348763236,-4.16784298532076,-1.5209785750806306,-1.8475222105380968,1.9291293803500358,2.929220270301243,0.9230125780472458,1.4458419893980778,1.83214480086651,-3.350009444156417,-2.350591548947097,-2.2787692086898415,-2.2060023580207053,-2.166822758068848,-1.6537667347534244,-0.14252393284720172,1.344015203581734,-1.6518965217732389,0.07165442503773892,0.17368141824178968,0.2743557976201632,-2.3990882915760072,1.3170883256633081,0.5986626576766639,0.022526275416153367,0.1449279732959668,-0.1713315365741297,-0.5397118702538811,0.2357191164683661,-0.18113688685639887,-0.6970148958714197,-2.021936915362539,0.08384869235254795,0.03325341114362826,-0.016713353932674774,-0.7211713274680268,-0.34861983298576105,0.9738622863959429,2.242557983724945,0.02171303057803098,1.3387268905083796,0.661162209795904,0.035385188432169264,-1.6196833976995877,1.5409802770154626,1.461965619321179,1.2554215758246996,0.18441903804809848,-0.8305921841294586,-0.9122996021401313,-0.9224411444876601,-0.13011701483064037,-2.25298317644778,0.7652891822683433,15.911374252210738,-2.713750678557043,20.27198675248237,-1.1595447161032528,2.3014423128298382,1.5908475657977528,1.545314707108648,-1.0251355117004128,1.3242812349582627,20.247531524239186,-0.8279370943338129,0.4491031097294424,-1.0930296920520377,-2.6097519279471193,-13.720855460041967,-3.9421121729420014,-15.42755244758859,-3.8926239079927893,-1.9195200452214716,1.8431325388467514,-1.0837866284346411,-1.0176202150272882,-1.2521652736803912,-2.565517213334721,-0.28331134426297394,2.4639990763552984,1.141377514310008,-1.37012939316607,-0.4178116109370456,-1.1862974866517273,-1.395704851278826,-0.9384944930193555,-2.301665029907579,1.1765693847491894,0.7056945901864483,-1.920946707485152,-3.9020143187451275,-3.9391887923156106,-3.977228699666773,-0.2602122139938391,2.565742859917809,-2.709117274345659,-0.33857479318580264,-3.0839973694626552,1.0781048003713478,0.23196457495700085,-1.0731833824087744,0.31742056232597354,-0.1369305270451179,0.3001135466914629,-4.135549823749366,-3.2714974100628904,-1.1994916178591783,-0.7719889436616556,-0.9365455461159432
DEVELOPMENTAL AND EPILEPTIC ENCEPHALOPATHY 83; DEE83,3.605572191754832,1.1586967553379168,-0.6293720495621862,-1.876701111010638,-2.868872142300339,-0.2804362750377511,-0.3013200904794579,4.196403398209651,-1.8405594557800025,-4.582679717352678,3.734907367728136,3.9667279065988166,-0.09246919197602105,-3.3334431497197827,1.8724307826577302,1.8755600245363016,1.2630319683280105,3.113344579698992,-1.2845094555064247,-1.7818194784458297,-0.5097037867272889,0.9354264672193086,2.093209258763832,1.6612961050434032,1.0506576330937274,0.6622546527028697,2.3168753276414327,2.7802266279073797,3.1005977784568666,-0.8927448299573737,2.115922302556052,4.8915540136279185,4.679480532872816,0.2369399800450743,0.0865556567065494,0.14944250750210153,0.19870457513683965,-0.06495523100772047,0.16327548764160993,-0.2014203088502254,-0.6285740952148731,-0.3720639802127567,-0.670182211362459,-1.0133473309852405,-0.2413009002713876,-0.5888861462685331,-1.0034422801147687,0.8692961270479721,-0.15013990533302307,-0.2231979999273351,-0.2906614667886672,-1.2088282789854958,1.1130884961848575,2.5959984723964706,2.9203011455338284,0.8393778674549329,-1.4519045061095401,-1.502655135666834,-1.4117709208828073,-0.6663240783369465,-0.2779508945328143,-0.34140151047192785,-0.3685690513511087,0.23161331897326282,0.6544689537077666,0.7410563244265613,0.7534850723041171,-0.7656435224763537,-1.8208456534077742,2.754849614475832,2.0712568154766307,0.7352362873963667,0.5551274007879348,2.846848173502367,1.2651898327119275,1.680096435913012,-0.5632371824064547,-0.8620896996941265,0.007534081313732901,0.585973146001142,18.464377047144254,5.51745947051196,-1.713099024785394,-2.9922604757090805,-0.42251083793357164,-0.45652589011598377,-0.9502659136425666,-1.4877056502273274,-2.8063581113256264,1.3518219029080225,4.860531321470299,4.5722821364407435,0.08910569623631762,-1.7679025464512752,-4.3223713187292265,0.20789119160388048,0.3353017060941986,3.4912990911644752,-3.2533844573138104,4.0683603118851615,3.7241041050823647,4.672770677825335,1.5070407835193589,-3.127297895039294,1.9976724581059109,-0.1889791273526112,15.66773839869846,16.3707087347415,16.7836957683574,-1.6574223152692253,-3.865084251940111,2.7574615316521705,-0.5610626309488522,4.296314995633375,0.7103463022037045,-1.7163347204338306,0.18768334344261917,-2.8634299664847886,-0.06345931062634345,5.313443401699202,3.5273913137485637,-0.2851119220930775,4.912941626856777,5.182765213218261,16.213649711571264
DEVELOPMENTAL AND EPILEPTIC ENCEPHALOPATHY 87; DEE87,3.7581835687900806,5.248662199506805,-0.33175699491533267,-0.842483762772733,-2.4152662995575835,-1.0505562890161873,-1.5873318803942709,18.875146477939197,-0.7437600465440135,-21.67901011474895,5.222918388734513,-0.32204995851427654,0.3939780326216786,-0.8820490794309818,0.04697036523798506,1.3405467942372933,2.5866722824731987,2.3432622886410375,-1.8135225632947511,0.08392632149951913,-0.6349849390719807,-0.5701058192077509,1.696602275415773,0.9807050666232162,0.29950114717695353,2.3775829928083287,3.2941374028773556,4.302668300086642,16.497738756075357,-1.4789588948449357,2.522664805807577,4.2829710020033485,3.356775344599404,-0.6261839051166435,-1.475956239553048,-1.4758022000034743,-1.4508334758026222,-0.5550140920691841,0.19907552719418978,0.10117563846030105,0.014654803956367528,-1.7445951105246014,-1.5536500819997494,-1.2947641490942707,-1.5883718090023473,-1.4357511526496787,-1.241638607609578,-0.280276681572388,-1.740279645996615,-1.6011148079430457,-1.442986067313173,-1.556872876844505,-0.19410229417195599,-0.5433153348610046,-0.7102479904099637,-3.3162802532991904,-0.7972447905071465,-1.128132039046554,-1.3573020688247153,-0.07975757529363116,0.1328832638337489,-0.2730048798885953,-0.7654897318775465,0.31021886211027166,0.3601497876802217,0.8108049029070832,1.3019273423640545,-0.08530815554571583,-2.3527895039881184,1.7279101952916518,0.98097918921006,0.5706161845991944,0.8291929862930921,0.8460522050631102,1.2750506582114303,1.2366885172103683,3.0728800347730454,2.934482292394451,16.77812766269919,0.8348758337067411,6.411368242922304,2.375079669095993,-2.9571659876958742,-0.034835699915462114,0.4639291316883196,2.3195769306293577,-0.7664841079497801,-0.9919727151144772,-1.3186085970781816,-0.05822065335028264,20.51915858714478,19.004832070204856,0.1598217686452102,-0.05986101283633539,-2.910442940010085,-0.9618433559599862,-0.873159269277895,21.762449062659247,-0.0851903650978969,27.823120090304094,21.826366524186575,23.75947365588413,4.09601255155555,-3.3135968165526477,3.5912692970063014,-2.5680842043463312,4.560891891203893,4.779676491873805,4.966770478682278,-1.9967027510569904,-5.598786873721278,1.522136859827685,-3.3450597697818822,4.964282483302506,-0.43727764218372284,-1.0601353122958228,0.11158862415958039,-4.425151789880653,0.2153404458776748,2.8549674229387922,0.6901985493181186,2.3431948439547283,5.0926201621868294,5.952346794536177,19.75421705261999
DEVELOPMENTAL AND EPILEPTIC ENCEPHALOPATHY 94; DEE94,-2.3451529475565547,-0.8884400384220106,-1.9483869090312005,-0.7560071523477725,-0.7390917661416899,0.11294928188770538,-1.4704388961674415,4.074121606534196,-2.2224473517793317,1.7841470227381566,-1.6670142236314287,-0.12807263325397192,-3.1010070372145226,-1.8391089622994887,1.4286907641568187,1.2603762553421005,0.670679033628066,-1.0375532889290224,-2.739630977194947,-0.9034818392694985,0.20890889780415112,1.0683599239657289,-3.160545008779699,-3.4504689937654147,-3.3112294437342658,0.09498710106885623,-2.1344051368333394,-1.7825122485326899,-1.476669365356512,-2.3110479390067495,-0.07707515436673303,0.7179507740058276,1.2293994656556397,-3.4505516306961366,1.6217897740712166,1.5113995387801158,1.396607046048864,-0.06544664758460314,1.7646681196240621,1.1822207696408489,0.6606613545966694,2.1853252403797945,1.6537199433863379,1.071241186410614,1.9360563190720472,1.3746498291703868,0.8126051931471987,-2.0123747968688463,2.0298139597187874,1.7670732656631505,1.4693782995959044,-1.3528113053100628,0.18081093401047305,1.3256544538656705,1.9550486853046012,-1.0277661987764066,2.852266807651768,2.9139404739347885,2.73298689892103,-2.4092419691976477,-0.36558407533144804,-0.5781093175238967,-0.7438483228560381,0.4965468760488973,0.4661663371127011,0.4698251504511496,0.45822085251912686,-3.174187147886922,-3.2608387060459245,2.738882919939449,1.4517069611125,0.1114195913575628,17.737418759117816,-0.5207505431869656,-0.17947796782622938,-0.2553513075208999,-0.3805006210026467,-1.3465415143486534,2.58563777255011,17.624801338566286,0.5352292289254675,1.6662253357598515,1.2517623091105248,0.00394954677217595,-2.7919564499698177,-1.8199495677735718,0.38600361230576896,0.3921608757326775,0.7520380821653402,-2.3562199125824073,-1.897726972491981,-1.755568514877883,-2.8232126535403435,-0.8089990990769383,0.12007233290387341,0.8594493968355953,1.865882363686822,-1.033125817057473,1.107522913786529,-0.9404932790671165,-1.0493716140230314,-1.1329538082750765,-2.535423923796188,2.094434553582696,2.849303906298959,-3.84601849201775,-0.56184825361811,-0.5090701562228132,-0.4756196225072829,0.9755861118157803,1.4487781393874488,-1.7819963142187503,-0.8116443699859641,-1.5833841176812313,4.7187277143060875,1.9811388621131618,0.25213218014065203,0.16615818313696154,1.4829201746468597,1.1432378902036995,-3.1748291227615097,-1.6320829245182393,-2.6013163568767412,-2.2488929940758227,-2.083609766733771
DEVELOPMENTAL DELAY WITH OR WITHOUT DYSMORPHIC FACIES AND AUTISM; DEDDFA,2.5764522130352425,2.4753383573665024,-2.5755640596704836,-3.680233177820466,-1.6198764733022917,2.4840931168489178,-1.5885242119244283,31.583239148639247,-3.1045703905395636,-19.00586225284241,3.906220616448482,0.6390037903960636,0.9622429492812004,-25.796850731583554,0.28353310113958563,0.07036078669202674,-0.14066663273849103,-3.496777191799205,-4.114443850096077,-3.5379150271992685,-1.180166755356305,2.5829015740434924,-0.00302140420890982,-0.028478924106617166,-0.05146620268570454,-1.1388894480546732,-4.224085813847305,-3.5358260046012893,-2.718544707396749,-2.284447503144989,-2.944760459468073,-0.040296048111162996,2.8938201773121484,-2.1898437989983184,0.27125386181688094,0.7389895175494146,1.2904961419501144,-2.825859213587263,3.3623713616630684,3.4651531367503936,3.361599845239463,3.6992881486700067,3.621045185471901,3.4060620366349728,3.7053264671264805,3.5696979718263084,3.267112032018086,-1.4280657545440987,1.7736175185747598,2.118661458678596,2.4161401293326756,-4.123114436541649,-16.332316322202853,-14.828468384472002,-2.4029184208955954,-1.4231350727950338,3.1920527524374047,2.961050678497602,2.451416520569776,-1.468674733257128,-0.5043464806665838,-0.47911132437222304,-0.42232276974419547,0.16248065541517454,1.02327038744014,1.1317989541411335,1.1436822726851,0.7778875692444978,-4.194585471258485,3.5525552573318366,0.7217439108331707,-4.302140521809599,17.61160897596464,-23.173154469978332,-1.4351800560031434,-2.4109660250680247,1.285771412154698,0.46687351189605264,-0.624048236472028,17.558788677411574,-0.3555710547695672,-3.222514403920682,0.5986657413363248,1.2494995601175924,-27.02827427126299,-29.74764609445088,-1.652926476385018,0.7321009227956796,-2.094216408678212,0.15387008107164385,0.2810723473380245,-0.12186371751909061,-4.555922194075992,-2.130892037360604,10.396999081720022,3.468194106230254,-2.7701906378800505,0.5629784119209948,-0.8961480155610485,1.316691450115492,0.6087741339746955,1.354121795621974,-1.2065991747041522,-0.7762767747524256,3.8482443666213855,-0.5665939299069735,1.7779243684227226,2.2460451013029608,2.62983797902412,-17.80861504394392,-4.3977527796106735,-14.58138343233478,-3.5286148103016655,2.6722373515149576,-1.962994960290452,-2.9563250247150927,-15.526180498683454,-24.78714448748245,-2.91942692995661,-13.79586463006413,30.473115196334145,-19.41691570149847,-0.8500752460549241,-0.22264484365473383,-0.16847742470936283
DEVELOPMENTAL DELAY WITH OR WITHOUT INTELLECTUAL IMPAIRMENT OR BEHAVIORAL ABNORMALITIES; DDIB,1.9631003956525936,-0.5546811268129206,1.276521063361902,-1.5096690524568355,-3.17768990491899,-1.0171218095600918,-2.944026994277465,3.3703219209481867,-14.407351528414708,-1.7930496363138166,0.5009534065360999,16.77638552180057,0.002192868479344843,-2.4462825231210434,-0.026139940433194613,-0.05896900907387154,-0.07920790422291446,1.084211273143279,-1.9745905681266904,0.4023023421746487,2.939580994868414,1.3355571287128392,1.1230964690254979,0.9535775178646965,0.6701341509707165,0.10402606511346874,-1.9254232546415,-1.6963457188610647,-1.4228251421089886,-1.6509024605073073,2.8487250312916084,14.053692428986036,3.395680590242335,-1.5209672025496275,2.140450232098716,2.128885745616482,2.0622774497981022,-1.6115311968681805,1.860500821519484,1.9139229419597337,1.8672748435616786,1.7562008326250755,1.6095885837839194,1.4197425858672044,1.8268523024205972,1.6791400534336747,1.4458174385985965,-1.6662249372665943,2.0136804209392776,1.935339757563034,1.7686922714819284,-0.7040757643299147,1.5140543261557253,1.7912302745935809,1.2552138591920134,-0.7356097980546822,-0.25658718605790604,-0.453287891761348,-0.6171143788342114,-2.0549186643512694,1.009377255350326,0.8412888661445974,0.5827743207569024,0.041052856784649434,-0.24176186319581927,-0.14732179577673035,-0.04330565748864809,-3.742139464467305,-2.385508740026826,0.10983278625056996,15.304641094516278,-0.6089791830966925,15.387566101649464,0.8297765687477565,3.79839598079642,3.453967661100916,0.43873871165171685,-2.5515942584271754,2.2927470982740896,15.349564377601146,2.9724199206240676,4.070794683126575,1.8097375717869952,-0.2780945310815992,-12.104791295209935,-3.2305705421215936,-14.30089544511538,-4.46961899106682,-1.7339220901899506,4.31023635702492,1.9977668111511446,2.0881454710404395,-1.6810337100203667,-0.8179838445056042,-3.5036743169726616,-0.3414283516860263,0.6496537495866888,-1.184561571448686,-2.913124133975609,-0.41535953557016353,-0.8125561731320922,-0.2353920122481232,-0.6179144807658421,-0.2779990515191179,2.602365908041406,-2.232844839432911,4.593141518697917,4.621241439112568,4.5787006855493955,-0.9527322428005393,-0.7749754013828071,2.5977536961907344,0.8025658747301927,1.9374828601051972,3.6853551713804,-1.2739657730366758,0.3089694236235285,-0.7386957397046328,0.1393057756367722,3.0816469599290075,12.526132184547766,-13.43553416380267,1.6717261245157762,1.6079831508522393,1.962802506392721
DEVELOPMENTAL DELAY WITH VARIABLE INTELLECTUAL IMPAIRMENT AND BEHAVIORAL ABNORMALITIES; DDVIBA,-2.0959773660172303,-1.7592998810142626,-0.9755101553758364,-3.7996258974914836,-4.0510048551307625,0.26684050110719437,-1.1686463789291162,18.50833105725532,-4.481858475665226,0.15981875675531235,-0.8840253315460227,16.073061204003313,-2.512925364684673,-3.8176710687132935,-2.856383438459569,-3.451082337386081,-2.980133481088755,0.34692168340589036,-3.5188128131999514,-2.06856648065886,-0.22381907894881595,1.828603020194032,-0.7369235261989672,-1.028089126006107,-1.193618143526706,-1.60684490044723,-3.631042261652505,-3.409138829403688,-3.0434024394221937,-3.949297380543219,0.622195549064973,2.4385506060249056,2.794294041725962,-13.991504887307805,0.41415386233939044,0.5962195212304605,0.8135719800597367,-2.7103507587694926,-0.26938920794942495,-0.22137320250118953,-0.15709035434108556,0.5099551243835434,0.3258698286891308,0.14761153501533655,0.3066848971743394,0.13703626366579658,-0.02794400888633829,-2.3171866356017308,0.5505435252139531,0.5924991046479963,0.6100828898556988,-15.944657928609814,0.2903142519869144,1.0709357478916333,1.5954620499887984,-2.8833455011904032,0.7648877990922208,1.1883098799546725,1.505454317893654,-2.5589813864369786,4.503062549976869,4.257615387045935,3.486976074165423,0.052086550779811544,-2.846015021023401,-0.8029390393632105,-0.611042261432797,-1.8110834317918922,-4.982220696219276,1.2632602809024123,16.98092429714216,1.2417787766739594,31.260562875777886,0.4960542713484767,4.96755744996565,4.2982967352213635,16.230729804358138,-14.565392438744176,0.6393593683474078,31.173745774233286,1.5102130304889778,3.9565864995043656,2.9304640793136225,-0.8653968008438736,-17.7969601072136,-17.942014518217945,-3.067473685731361,-4.1452980464968165,-3.507464667262626,1.6151677477012225,2.3672022019704504,1.824554600278926,-3.864446698417609,-2.3672031313496853,-2.2729443349542935,1.3148859131358968,0.5976020581935765,-1.3648407126716537,-3.5341245489780273,-0.6107386913766255,-1.1007396568692698,-0.13455019721360584,-2.549987537533077,-0.03331598400259536,4.153425652743068,-1.6017932330442364,1.7806350927695853,2.0254206680141205,2.230233317358283,-0.6689992346846294,0.5002318965281095,1.7759979953900555,0.9021180085619492,-0.41225690648209157,4.779418768585658,-1.1400394990905875,0.06396893797266269,-0.31478111852571666,2.520351773046994,1.7684995061056457,0.28945881109341015,-4.9488718490899375,-0.27567237210430845,-0.1969258309411464,0.8417449635388128
"DEVELOPMENTAL DELAY, HYPOTONIA, MUSCULOSKELETAL DEFECTS, AND BEHAVIORAL ABNORMALITIES; DEHMBA",-4.123307498847991,-12.915074132037565,-1.301914315867977,-0.6313951063279909,-3.1321908764319617,-1.9469052515482006,-24.665176834273794,0.7537177712411045,-1.4507524173952013,1.005747416974796,-0.919560849316579,18.936609499169236,-1.403099953513362,-3.7718223032117635,0.6464528774220922,0.8691871264814423,0.8258800847913568,1.1774579795598499,-3.6608739659332303,1.0352308014036258,2.3998743984147612,0.3675803811948666,-2.884414903332363,-2.630514524471102,-2.133431532872317,-2.5916892273300904,-3.4446292097831477,-3.6804351432985403,-3.800827419604149,-3.9863688023107127,4.461193977980928,19.74796479394488,4.449247522897312,-1.4010341060377316,2.014876201509522,1.9947422901444425,1.949026231770548,-2.7534768217473746,-0.04232515518079775,-0.13392562311654846,-0.2203509114392392,1.0088990073382895,1.0845774960058743,1.1518760979556308,0.7342695797953724,0.7488462201681144,0.7368413016378601,-1.0681487262018172,1.8135355099414485,1.8598953990895573,1.8652775317654777,-2.892601677795201,3.4619163050146504,3.9155921775052276,2.8877332209740008,-2.1587936802255236,2.373874219913663,1.9295772973455958,1.25424852729105,-2.426679411745648,4.321734129650078,1.2752967092499692,1.0742470915850084,0.08508798318475681,-0.9464006788549375,-1.053555512011169,-1.103856350088838,-35.31284330393269,-3.7406662757247293,-4.488072321301674,3.7855165187701774,2.651782678335603,4.567517696760179,3.7892585853640535,16.66012345981428,16.66901701025415,19.225946648441628,-14.976842242286983,0.057620564386711794,4.580366009178659,0.2921527290749271,14.658997542605915,1.228075591980795,-3.0296139704184624,-21.72634260778713,-23.121497571383294,-2.8333330601044895,-15.299369691635128,-1.597262526217338,-0.6053263087804794,2.081336001914709,2.6650995986898627,-2.741165944183352,-0.43367799889425485,-14.018713472932074,-1.028645874682021,1.4388886429313748,-0.4675591712472318,0.8685219724621052,-0.09018999072864839,-0.21476604265160343,-0.313576656568672,0.07045129189325247,2.1603094808578556,3.8123323291899687,-3.459978727107757,31.305224190270753,31.34278817899636,30.69214460958434,1.1760603782213024,0.642183383531009,4.147873324298397,3.02660650843632,1.138242203015308,37.13978560515789,-0.14695800860190938,1.860715016224252,2.383625721236699,20.992170846358714,3.3176323456889416,1.1815867345112272,-1.5713194555683163,1.352720824907276,0.6158793858227147,1.8819912825134975
"DEVELOPMENTAL DELAY, IMPAIRED GROWTH, DYSMORPHIC FACIES, AND AXONAL NEUROPATHY; DIGFAN",-18.18009528548359,-1.4436791754022815,-0.5268579579952717,-1.8274497024812482,-20.899764611103336,-2.9537107677808443,-15.452404166780095,-0.22093944117920358,-2.2287505753721493,17.105729765214505,-15.486881246103646,27.831781173375624,-2.2658322477167685,-3.620727725353104,-1.1372351988042257,-0.8034512566331848,-0.3121040455245505,3.4197445686176713,-3.904664461723527,-0.006860084723472019,0.3106811540529177,0.2240024099556697,-4.318911761165537,-4.828786120781128,-4.849060239516931,0.9370932387350308,-19.16714652567733,-19.71056543928704,-19.915623176310316,-4.289527405750364,3.038723548352384,4.735556942956501,3.5985044487738502,-2.565166170500449,4.265253066021859,4.442821020167749,4.525070543483171,-0.827772064934461,0.6395737057296758,0.5760267235731893,0.45466436900806356,2.909042001019607,3.1113234392896767,3.1277916159100396,2.496062012737632,2.550000290678886,2.4771860691677,-1.3090305748216022,3.9569034312434943,4.145792255206992,4.306261056480173,-4.003989297543075,4.409176103934166,17.663513146889652,4.794030943187934,-1.0518882319815979,18.661764787010203,25.831719432791505,26.149024055897467,-1.6202110547721662,-1.0496205037696549,-1.6241121153832152,-2.025405337526611,0.09415703113695294,0.7946066612226079,1.220444497781434,1.611711996654858,-35.46775462649446,-4.803968807122657,-16.15950131703434,3.840514936686954,1.5267708302695062,30.01030984084196,18.21808622968598,4.281248206019559,4.787478597474528,3.792756603695885,-2.1129525643160023,2.874492377744982,30.061378952906797,4.265746148224142,26.41159200527521,0.5954707370429398,-1.2118929717432856,-16.45670816240149,-14.06669222416287,-3.178151222148252,-4.720312455109968,-3.1778530654021573,-0.46308477671425125,-1.323437547315952,-0.8813729908564353,-2.5354070186302557,-1.4265353042005724,-30.052278079797425,-1.6480978150679084,18.466115931644218,-19.23876049693427,-2.136223840406937,-18.672796584072117,-18.30604601446828,-17.626787772090317,-3.5441755957201155,17.975779150451498,3.0367659580524893,-0.773871960328619,17.717905930029275,17.825895861537415,17.790494336003242,27.061520350653478,4.675588478326063,26.968562710016126,3.735942870833607,-2.6852223300864515,39.670006827241984,4.936892604375952,27.356654956644444,29.63162120967931,37.264177552678845,25.36299436221965,0.682897951766329,-3.2135458987679,-1.5596339909944021,-2.6638097514742567,-1.7385556817269592
"DIABETES MELLITUS, NEONATAL, WITH CONGENITAL HYPOTHYROIDISM; NDH",3.5739916590524534,-1.4579210497433084,0.609099463512223,-2.752952663706645,-2.709952303236227,0.3905833437983008,-1.500542550937051,13.725083531004653,0.040533818785958055,-3.1332405654777093,3.4867990862284213,0.23463735749329412,-0.6609933906119112,-1.2869029734272404,-1.3795233549355053,-2.0126810246030202,-1.9405404058119202,-0.4607066329326436,-1.8455123408744927,-2.5818059652434213,-2.323620605346232,0.8167300597343676,0.260970287043251,0.6263197863599675,0.931774699227274,1.2084199018114612,-2.2672429051412157,-2.096554527338414,-1.8514437881511778,-1.6698485654595443,-1.5892955351437605,-0.13848279213871958,1.2800480414719622,-1.4129676320222266,1.3979772928143548,1.774057281534663,2.079526497249008,-2.4629482123422175,1.7554773667532633,1.5880265211750393,1.3406713392032497,1.4013712577362705,1.215937969441992,0.9744884129408108,1.4927943005845263,1.2891902480304112,1.0180674932992546,-1.2916732194382492,1.4019046644766997,1.5057374678488509,1.5919954463872332,-2.164560019532607,0.2881989912450276,1.462737969568616,2.2187142874192003,-1.6946070472862875,-0.5190282185983411,-1.109661169909327,-1.5898942305675172,-1.3980332567089233,-0.7297011764978927,-0.781204831968421,-0.7815219764189159,0.004251173626144734,1.0761356904310906,1.1932416875605387,1.2417924586591487,0.14834207536315672,-2.6539638704741324,2.364088007783217,0.6352166986456895,2.4892930967052274,4.058178377960071,-0.42477905572432023,2.2107498499736167,1.5938903977942958,-0.7294350636561265,-0.9744469197463853,0.5545494005867768,4.036069852607389,0.0003777554855515442,1.0757818536880708,0.6414907902753882,-0.18656319242643768,-1.2665158672254424,-1.1684488566626687,0.6682037553454863,-0.4316589406964885,-0.45924515091170237,-1.8633193535270407,-0.24816388991470104,-0.4206203711973419,-1.4378410228909042,-1.8411472072655823,-1.069663546073203,1.3379832418599982,1.3767710635776114,-0.10949541145204708,0.15466007943109827,0.12723325415473077,-0.09636073711450222,0.03544844423328046,-1.2151721101372583,0.8701327424100501,2.9338961205737313,-1.9167732553678551,1.2031760367080582,1.161446481798868,1.121557056621542,-0.09095235354228519,-3.7244714882666985,0.7278131301147803,-3.974647954544766,2.7485163666867543,-2.682048711939389,0.30048690355179414,0.6921807557653725,-3.0265890174291026,-0.2968577894405214,1.144498112446599,24.180487157416934,-3.0816836614902394,-1.2618102626349113,-1.146888064933097,-0.7435462871299297
DIETS-JONGMANS SYNDROME; DIJOS,-1.77241180046322,0.04975013226311728,-0.8106144985199454,-2.7040632492509404,-12.796007395011488,-0.8701305831503444,-0.7000127484761379,3.3026946598200575,-3.4187934669910063,1.1557334547680416,-0.4396815136350272,1.491103920414261,-0.601114347383811,-3.432920149029379,6.244268520892487e-05,-0.10969778143035658,-0.18899842583837484,1.530476236955686,-3.269597634361877,0.027400596507882558,2.6529483334376973,1.8438472101145087,0.5382936243134941,0.4174342679297562,0.29989210245469844,-1.9922405934450982,-1.1527405552708934,-1.1266413090321328,-1.124898896259158,-2.7515268272958004,1.9581534401466292,3.9339991833989036,3.582191135898658,-2.6824760323130645,0.2858244849175342,0.38554794361321004,0.49828029640791055,-2.8358362201020513,0.6796516302700474,0.3972259718981852,0.14305789625153767,0.03941787138007556,-0.03330577155203347,-0.11021229792494772,0.03287324764564788,-0.09437468814302978,-0.2333096186324118,-1.3936409528175735,0.18889049873204314,0.24311626897419902,0.2896233195572047,-3.2378878730775864,0.7791460033110446,1.6224662485918746,1.8911392550456554,-11.594203864563305,-0.965071265973287,-0.9489032433646685,-0.8205899967320237,-1.2991760024905068,0.17352054557745147,0.16036936500301202,0.1234050926926959,0.1773561669333131,0.09239316782648743,0.0442309849753618,-0.008083039810141248,-3.076572757359039,-13.018832706307132,-0.27896238617797325,4.483599777997298,2.9797722601946077,15.243540745112469,2.2093608325006344,14.905405214007727,4.445313573802775,-0.819157257249275,-0.3084505400730034,0.8696644120644023,15.350398303248259,2.212599317472581,2.4599433270189435,-0.04643766015253339,-0.38400418260951924,-2.8909133889092975,-2.7431949591632545,-1.770355701697977,-3.6907110858528576,-2.2296979804621295,-1.5069371416328654,-3.296055206683453,-3.4457015485243825,-2.611580763188955,-1.8502389827653916,-4.3769865314110135,-0.01958911557516889,15.3576228535487,-3.744424151925627,-1.8253749223616795,-3.624045285388934,-3.7125018026893906,-3.586498081950537,-3.7072210168074604,3.643868517320553,3.3936596759614712,-11.692543589359108,1.9852519444196113,2.125096374855961,2.2663072719719577,3.33865466801147,0.22353973807537503,4.471974673726904,1.2984476197739543,0.06525640984907376,18.09335387802226,2.2844138818721422,3.9746934391086475,2.6458458974108887,3.3879907260898596,2.539178237880577,1.0551224923583578,-12.986874172301505,-3.4295328933814173,-3.4884225435756546,-3.626763569286901
DIGEORGE SYNDROME; DGS,3.0524893525973504,-0.8574741508818509,-17.36107980741784,-4.505994752429211,-4.113527965049339,0.9277967980719839,0.5129095138884927,35.33196207088204,-3.1032724542021906,-3.1861588047342417,0.6511975964328156,4.775091121286425,0.817221825937249,-21.49836129213595,-1.6560450034810332,-2.950770197715221,-3.359606768202853,-0.31424825491317104,-24.489702040076953,-3.5205140011519918,-1.4229441876525244,2.3625864226047186,1.3255025272053278,2.3131072422431167,3.070916641060948,0.32806618923295616,-3.2903218783204173,-3.5003072671380706,-3.6132673409524174,-23.932972650235715,-2.562991594834674,-0.2104164525268667,2.1252506112365284,-3.6785728261193826,0.08106937310124772,0.23751745665060287,0.3921788377326949,-19.087264842577135,1.2022130291855135,0.557880912461447,0.04258569126322187,0.7601402962044048,0.26467829204562243,-0.1254038448767133,0.7013193305609802,0.12004659020267505,-0.3804404617089523,-1.8501995423470747,0.4117361932628373,0.3404547810598728,0.2784422191006834,-23.032919677590584,-0.735251054544509,0.48473468636292105,1.8028681505077087,0.43143365692345487,0.570100696480429,-0.16584420485987753,-1.0487681585010753,-15.175446564372896,0.8828966153124654,0.6102089157729574,0.31224384250159515,0.13530408939343708,-0.33746169681658955,-0.253686595663782,-0.1365471207071718,3.009167774733872,-25.526272042701397,3.9228791682533632,3.727729095346382,3.9379440337327964,20.981310364781002,0.9378048002212157,2.8606231438774548,2.633068909127648,5.364072477156031,-4.897605182167137,1.5076696013749578,21.099480899552205,3.080338028922985,4.745512605619559,0.6527952674451513,-3.694468895522366,-17.30517506970678,-16.66990940746308,1.5077014574868395,-0.6543381469341402,-18.48490054616022,35.705999141277466,3.51686752399034,2.735737418449469,-13.4499610250532,-3.2288843770481273,-1.4685627271368147,2.597155864466038,-1.2089677638911434,-0.07967685566468935,-28.425201783210085,0.7076947369905457,0.10973029271504299,2.551780313917693,-1.6514026905102612,-3.6911392201712516,25.858007064907785,-0.6658420099855529,0.600824867982613,0.7845129803816048,0.9562504698939069,-3.665526974833034,-1.0670562488746786,0.7129109396785253,1.7816260053563442,0.6400676321867057,-0.9701553803331634,-4.347059559476542,-2.2194846472761407,-2.619928944143919,-14.674100738301652,2.031133372623511,2.9512201693808153,-18.47109175079371,3.0429818613421373,3.8103585569046166,3.4036392187009303
DONNAI-BARROW SYNDROME,0.8290698801703167,1.8876670890705696,-4.5029924822675005,-2.380819516712938,-4.033685754047303,-1.589716188927834,1.8553168628651533,3.2065730710541787,-1.4845446127054052,-0.3761450263962257,0.4853071620831046,0.8927309009551193,1.3674826113343719,-4.3591662139721254,1.0978771654026254,1.0583020333737576,0.7611990758128336,5.279087167362295,-4.46558856745971,-0.46981099607119065,-0.23234755113518543,0.3139304568887459,0.5247616270937352,0.160003940999377,-0.14969858409943324,-2.607697647285738,0.4187485545441473,0.5966831033753748,0.7905588508452943,-4.287522874771478,1.4241061498898806,3.134465339481923,3.21123490197509,-3.5064867346903577,2.5027756413674425,2.5994137363617473,2.6191166465309577,-0.23040562907763248,0.7377239449203302,0.6457907666244797,0.5542257969689598,1.892348323115636,1.562443360082637,1.2145046033533644,1.9123537589025412,1.5264932497647579,1.1073308674600693,-2.148724546072132,2.2822986280193986,2.237682258159172,2.1442920968401227,-4.396200726199647,1.9226769480114962,3.0447826868866277,3.232115858810973,-1.695255365404699,-2.8142062203163722,-2.1233274213852638,-1.275754047779413,-1.922559490229446,-0.06246949498743172,-0.3292844631770394,-0.6357217379155774,-0.10365046383277805,0.20362290671551544,0.43261601620797846,0.6804757583502458,1.1649848432119947,-17.03413431673039,0.9844860317137225,2.9919647395366544,2.943408515977173,1.1991452748686766,3.8184841314404716,3.2536587832383987,3.6847662120547566,4.452321986030719,-0.10064749642427338,2.341788375655603,1.1719475461856597,5.922617389947056,5.106446331774396,1.204305015103385,1.119256110239027,-3.097725741437933,-2.4475565822310474,-0.3796475768212911,-2.344076752007035,-11.853372588383564,2.1185827123429584,-0.4268062590671641,-0.6563528328418216,-4.1560431566298535,-1.4396149235044846,-3.5067699073703764,-0.22533263509734985,3.2621963495104955,-1.925329708102549,-3.732400096344244,-1.6124812914128692,-1.873892046956908,-1.0621292635921826,-2.5919344283374053,0.4304789614491154,4.190175254455053,1.0176851146629229,-0.25986484110143326,-0.168175889666351,-0.07466225906254455,0.2340394151514882,-0.7830370549629543,4.124807179769237,0.5635588638067495,0.3694421054150391,0.32912904286389266,-2.110327429557862,0.7929697052166088,0.09325853738833809,0.40631799443893,5.439365897745383,-0.7360619384545383,-3.753926655380243,0.014658923339972126,0.09313132113410055,-0.3010775906215228
DOWN SYNDROME,18.401309404161616,37.90780903444328,-2.8921850058296426,-5.134590581657847,-45.63562375302634,-26.256711747760164,-47.467143194533094,-1.8921946676166708,-31.69301796300304,-37.37568713191845,4.430128596990786,28.067972315922912,-0.4094194725849652,-28.277006388841674,28.516575133134577,33.59151084735653,30.231690616470008,51.543349355666145,-27.310269976416336,3.7408376685603715,38.06556208192905,3.3826971746660264,-3.5735206356244253,-3.3379511596622744,-2.75284516797195,-2.516509165359099,29.96790512318134,31.226636988485335,31.58722594397411,-26.55363340922695,42.93631346384046,54.990966351403245,42.39459112601103,-3.648680704227012,35.96318278040208,34.89673610787705,32.9904937960323,-14.709342757713022,35.24115395126791,33.91863469955679,30.842064669111824,26.60864188869866,25.7491100725534,23.880621492589377,27.90896618794474,27.071391283763624,25.27400291528486,-3.3973254272566,32.024968702241374,30.574054348103964,28.964532511476733,-18.707710990255684,29.00247556578438,32.05479615593031,24.448400762955984,-1.1645216548144777,31.621440754034243,29.520981260386552,19.71113681558667,-1.278475063917318,-1.2182907913756698,-1.6245818332863502,-1.864987007246453,0.25250451693048126,2.128783036690076,2.54087256445739,2.8483342666194784,-3.8488584501819223,-26.274075630499294,-1.5646415555364483,48.19656310728478,17.174645190244256,2.428787913539651,47.21523688175915,55.70707484204894,56.05838429570176,2.6533424819710967,43.412657602931056,2.5158437988961837,2.3703277445257696,52.570932150635116,31.73438607511442,-29.040488270934972,3.311830159325093,2.189224844610652,3.2615515138940907,-46.17796287493456,-54.87346838996682,-3.1708636869631124,0.2191294466795904,34.03932461764588,35.693115172467905,-4.566918371152777,-3.2633349523420847,-54.94755932524949,-3.7952532263658254,3.3470869651650617,27.528681997131706,2.669960978308998,28.707132549110376,29.193944206222007,29.760925528970635,14.206216822124516,-3.0812985365831844,31.534206832106342,-3.4955643230329194,35.34353433671275,35.35455855097548,35.00078296436373,2.578653963498,-4.996705505684574,49.85041696982016,1.2431169574796417,24.60124091557904,-0.6224757185669209,-0.5240890675483297,28.77668948037771,0.6798490090619083,4.184655063136752,50.10439644093181,3.4508098730520618,22.37582638490204,33.18367768344468,32.54048270150655,35.985502342455476
DUANE-RADIAL RAY SYNDROME; DRRS,-2.6647504396038544,-0.13985444219373433,-3.0341339945344195,-2.5477466343143456,-0.016005862832304377,2.6646221347282557,0.4473562297037517,3.6454230098978053,0.3318112438885413,2.2131916932141045,-1.931283373088595,4.796989790950478,2.57480376373453,-1.969668802838161,-0.022011288879261803,-0.35861258787200895,-0.6218132998693814,1.3034684749479348,-1.1627495440017637,-3.0611126934871455,-0.0001433532101896628,3.0048094216943264,-1.3925049455517198,-1.7193839607714283,-1.8396433173727613,-0.6414635709976058,-3.0291950950277986,-2.5343240154792763,-1.8823272595570133,-0.49279095399196143,-0.8603764296282824,2.341401647032386,4.347190337329953,0.5625604766147413,-0.8740147944819164,-0.29126238309676616,0.17615218058878251,-2.9878312789402552,-0.8155289680310308,-1.277972136117711,-1.614690920108563,-0.11977623545391237,-0.23927156483977996,-0.37145631264509094,-0.3116904660598652,-0.5589233398914764,-0.7959984963883701,0.34989457761957043,-0.46070378881496027,-0.14449440068345856,0.110376829634951,-0.7559735501233509,-1.219582844723631,0.4553038068969238,2.239966450699805,-1.4810350214377326,0.40085789387986914,0.0008199881882139862,-0.38333404622013906,-2.154415923112236,1.6155905585835406,1.4580558352383068,1.1515112105387086,-0.023296809914166373,-1.3921138537897015,-1.426399493263215,-1.3907721106884363,-4.956786867215266,-2.101495952903404,-0.91860464025345,-0.3054355884890454,-0.03343196613128404,3.9116871661432664,0.4593949583372758,-0.23118877799403553,-0.08039952596363656,2.0120969148100567,-3.0626929135810683,2.162795260428693,3.917604741644381,3.0972925606511095,3.639815351844691,0.044356655990698525,-2.948032204528031,-3.283650022956916,-2.6711080557023146,0.04524753482973968,0.07125875373092526,-1.4788659256239263,2.3355029682322797,-0.5560037870103622,-0.8780155493872572,-1.2050612865106105,-2.8082540008317265,-0.9080958315145946,2.439662250490123,1.4329664607763155,-3.7791345559192635,-3.168736977911188,-3.492327365288768,-3.559782093412827,-3.1510398082455615,-2.518743570276629,1.1674513221489207,-0.19453914884019635,-3.160496126268714,3.5537634988680886,3.7454909659999154,3.8680633578155534,0.8470139008459453,1.7073833293732101,1.6909341052544362,1.6661626274419237,-0.6109602477018836,19.850264786675513,0.037711906887352174,0.8603968305246645,1.6273641869053581,2.5030166090336388,1.8685010529839337,1.9260649491989226,-3.975008939602478,-0.8605544372158134,-1.4234716363803892,-1.1237522107419318
"ECTODERMAL DYSPLASIA WITH FACIAL DYSMORPHISM AND ACRAL, OCULAR, AND BRAIN ANOMALIES; EDFAOB",-0.5203460348572765,-2.169934443988266,-3.8829698034360405,-1.4018695164165305,-2.5825270460649197,-0.7351441077817966,2.08376995882101,13.49754598293231,-2.2215093727618243,0.04169962846253306,-0.6173558418028303,2.9675835983103003,16.385083326054893,-0.9344407545226203,-1.5321231731349156,-1.2332713304037952,-0.6649449252844516,1.7464159396600054,-3.9289433843819963,-0.9283788948293145,-1.1648909060263546,0.014027772357574186,-0.2989550074746418,-0.6328104366560644,-0.879544056385528,-0.7304095482859658,-2.533322825799407,-2.4793232793218234,-2.3922659659908474,-3.907478574612621,-0.20134960156046494,0.6075147752119666,1.2395820700877096,-0.741119323588377,1.3163967842654443,1.7206274825312968,2.0518920152615285,-10.357683293728012,1.2476441410907206,0.7944037240428022,0.33933062050681567,1.221824239052474,1.3024218371803942,1.3468521083742764,1.2430066842620096,1.200084512193714,1.088705668840567,-0.17036635627489907,1.2762023354952945,1.6124969858309117,1.891759939998798,-3.47057114950279,0.5135140192350448,1.386486506364973,1.774155665692432,-0.057342567952961124,-2.03368248476131,-1.7991059450414724,-1.391579818626264,-1.8553798657318994,1.0205523967857448,0.7490794908773771,0.4118660309036424,0.06881829835407434,-0.5235189850546537,-0.4260195928795522,-0.28509381481390067,0.132555746846276,-2.7870502118565876,0.8139605708953576,2.0874096047087907,0.21403814638809326,13.422875911138929,0.5249001678741253,1.110381551327451,1.058534566586377,3.357867217957808,-2.5104183073131714,1.7414782526707768,13.484874591782662,-0.16225226457909875,1.832400028614738,-0.6293214453738453,-3.4473429952661956,-3.8906654423013998,-3.6154178057390074,-0.7841583095315239,-1.0549465454631148,-10.201557012983598,3.4293339813813684,2.6741147038406337,2.393819191487506,-3.918446960715168,-0.36582806000522466,-0.32968568088465594,0.18702998928190356,-0.4299119804451021,-0.75842624377015,-12.912843344268982,-0.5404454727730028,-0.6385029414048661,0.33554284133342327,-1.2375552495492608,-3.3834549922454245,3.7477998264864136,0.40555173940231853,-0.36836791966125165,-0.28978584456832374,-0.20351617196162375,-3.358462229756618,0.4146147465845942,-0.4820366654350116,0.03574778456052838,-0.9322900551722415,1.5830925909998863,-3.7217951449407844,-2.8523928185374956,-1.7790571355447597,-1.5929068875498313,1.097336397103839,0.7535810089309959,-1.878801744497242,1.1307360496272219,1.3796551200363958,2.060549284806132
ELSAHY-WATERS SYNDROME; ESWS,2.85024307897641,0.27940116253180525,-0.2788397048281041,-3.728703866498415,-27.221649227269367,-3.902483617419053,2.061287595663283,18.903626234895395,0.6342075928129419,-2.0970904861508175,16.378935560842102,3.6267424712326,0.06327092461319146,-3.1066830572401614,2.0067324535449953,3.2390675012796457,3.574551077640172,33.58640743728179,-3.528442310386063,-2.3052962193489996,-5.062956543954892,-1.4425829300566462,-0.15378863924151487,-1.6594581332163965,-3.1158583389236645,-1.0431032948914114,19.86576039064783,21.08844150136012,27.29063253568256,-3.2193735919238096,5.134939735787956,22.355049427783722,19.244173681983185,1.8582649438452299,-0.38968777831124585,-0.3623635761617089,-0.32392525464943334,-0.26728098460660854,-3.529701873324437,-4.106620361944572,-14.30007403705621,-3.399637850968504,-3.719939773303683,-3.914307525167965,-3.4417148126751504,-3.777164962501494,-3.9665744243458874,2.306613515549677,-1.7240564420830207,-1.9198371246646966,-2.011318165980842,-3.529732015504223,5.087512211788532,20.596773370520026,19.797175530616514,1.3588146784880082,-27.907563219785615,-20.38438084866336,-5.220629502482844,0.3292913202385425,-0.03742793403565331,0.13744990298586757,0.35946134889618303,0.20472761491682326,0.28536663593814415,0.20789499177325169,0.09579395341243002,-0.9879174841420821,-3.4078600980855174,1.3503547319994174,2.9651706831958884,5.4563200997091545,1.4218452472872845,21.118071443295605,6.2885217870428365,6.563770875247907,25.071517655507332,-29.45078867924823,0.1991350689584858,1.425158395179516,34.415978492880235,35.31490013887754,3.6302520801452736,-16.206858786615555,3.5696224003458186,3.71955498227987,-1.7930929773229225,-5.274720816731741,-3.191260107261656,1.073169345041012,-0.5850008232420145,-1.0311338118964084,-1.8082803136065344,-2.6751601420075533,-31.44858105297429,-2.288399947810479,29.598311525316028,-3.171829129161073,-3.0447549705901022,-2.9346460136009886,-3.011221244059195,-2.7699878861732903,-2.7784093328943174,1.565238846504637,4.402838223975221,-0.05977243743542797,2.7060039989120757,3.2144995945068158,3.6840996622886606,3.498573268161706,-17.190520941069877,31.45440150168326,-4.2727419175691495,15.961040160083053,0.9121868005452709,-0.10225713397009019,19.2918182446268,-2.0015397497580443,2.886017783124708,33.816339679761775,28.35272257782072,-2.4570883128480525,-1.3203769444793823,-1.8142426856048042,-1.4420623414277467
"EPILEPSY, FOCAL, WITH SPEECH DISORDER AND WITH OR WITHOUT IMPAIRED INTELLECTUAL DEVELOPMENT; FESD",2.1185633396652057,0.5922574429179368,-0.845022481111746,-3.5822897695032907,-13.572271437216674,-0.044478458850897226,-15.575469032927048,2.010694054389824,-1.5957804771216075,-2.583473119061285,0.9745098594546795,3.7138164327011265,0.9743204007076938,-14.38592830277231,0.800614690016866,0.589353891743597,0.2647353250309295,2.062200336015688,-2.889475122664542,-1.6674866664897754,-0.07268660343828857,1.6114635423044266,-0.10230011172396869,0.07281864283318268,0.27282377926826573,-18.942839123779866,-0.5290349799210105,-0.4577079503143472,-0.4046869878325615,-2.6270980509408823,1.6350589582684725,14.417618549424843,14.79909974100565,-1.9644200964050007,1.1213712449932118,1.407350603039346,1.6421831102481892,-1.1301968873800128,1.3675526343021789,1.0614130064427816,0.6700579256569779,0.9993436549421262,0.7890546593464715,0.5575245505904196,1.1434618379586639,0.849066585479168,0.541511628354172,-1.8781732629329344,1.0588018154298673,1.1409025947417206,1.219888472104626,-2.859065944535996,0.7516250128117489,2.1969097642609925,2.6624087466376034,-0.5385502158358588,1.8364843173340761,1.1280377804864623,0.38460652391332295,-1.4436829088825578,0.5166779889309461,0.5281454820538964,0.4805367871920831,0.1736675752362846,0.0027179077644613812,-0.025369618925511702,-0.05888671015625582,-3.714204909942978,-3.2163487996967444,0.8248381751009399,2.7420369374918185,0.17310961764980531,2.3808421137858993,3.050178206669327,2.831631826804687,3.074491866218928,-0.7025424488169761,-0.18730957126977096,0.23192229558199806,2.3600763717288373,3.715956897648006,3.6081775657362702,-0.19092849789787603,-0.3738535862678478,-12.234154815103317,-12.785904980201677,-2.8220814308851776,-3.5268924942809554,-1.6928278428553383,0.36179113662889034,2.616587946021724,2.993598165340022,-2.6387259768124562,-2.667635352806797,-15.500923744232015,0.5316417648853071,1.191357069865689,1.3581569822992803,0.38472327938730433,1.907889045739457,1.6216544558047687,1.2649705197848926,0.9364719626186253,0.8211126837729038,3.3576514697924025,-2.8708519516017863,15.156461441272317,15.334778986166024,15.39063720138525,0.9177291978823042,-1.2155562991323305,3.564282006594441,0.039433969382338833,2.281816254164292,2.6013513206268835,0.5364185147878913,2.2335510653246438,0.11067965323072508,1.1345753007412287,3.643554382098033,0.52746051587445,-1.3957735723044766,2.4099356678724075,2.381705012282696,2.908606846721663
Ehlers-Danlos syndrome,-2.5995819932696054,-1.0583549627635824,-19.86665667446078,-2.255517098494767,-2.3524303921004543,0.18001760573802816,-13.067070352676758,16.585821480751086,-24.703232775060545,-0.05833647068017075,-1.103913282507043,40.0774730746886,-1.573124121641509,-3.3796913216721314,28.64069166450009,28.764083301274585,21.66251010165929,20.92746943700639,-22.086309445611693,1.3898105274312698,39.317778570256486,22.177698328891196,-2.7271724986688497,-2.8818546847523536,-2.7855743224324865,-0.6205055652186023,1.4961693637551723,1.9906017823018978,2.3829903434681117,-18.28946831587403,28.6685654061405,45.6280987350172,38.35997409469217,-18.594367648447804,18.267658249332687,17.940475098941214,13.729431496247477,-17.024269406713955,14.68719498336296,3.9976765972687005,3.2599189868885494,21.479672652088567,15.072304189147035,3.8926754518637448,21.172860210173226,14.594534086502604,3.6320776287085015,-11.269144775669858,20.339818298544163,19.014698565249304,13.948820372053545,-20.51727656303694,0.7725869282007125,2.3162842422216228,2.9346300573422335,-1.6563258983347924,2.572033147629471,2.429859516678311,2.050868820650725,-14.469860624289879,-0.13321716841176884,-0.6804562385778012,-1.2444962734884188,-0.1339159747797912,0.7964570864732092,1.2655081723813153,1.7123069092443703,-32.80413811308422,-23.847047636193004,-2.843357867708159,25.243611317149945,0.7630103707088671,2.512116932097373,0.30126091558108986,11.62098924500743,3.113527767503744,28.649381279763407,-2.9710615837631122,22.597660226444244,2.5128706815238764,2.39944047934289,13.806243711490945,1.8384682585876937,-0.7790478685446216,-23.833894510871488,-17.69084427966033,-2.188971070450243,-3.238567983603276,-17.79037298416385,14.746816112964153,3.1772544399260525,3.0790758566811296,-19.33423120450464,-2.339778224755032,-10.291421648221153,1.0895217549240044,1.6263891851068892,-14.116422460990318,-22.873188088220235,-3.5778188593532607,-12.354300534433904,-1.7262028084969485,-2.5366239700174478,-0.24728544398159932,25.146141768906453,-0.8593782576245294,35.77987316426619,35.96291959571572,35.692588852795645,-0.8716490153130285,0.6692897250715966,0.8388475700201996,22.954290428876227,1.553146795669112,41.736063131006205,-0.9132590316929343,-0.18649017690382436,1.3491087036095146,13.79310966242848,3.185221548742667,20.075662806709317,-21.77790667971374,1.520930072514732,0.8776520013448941,2.271670900953003
"FACIAL PALSY, CONGENITAL, WITH PTOSIS AND VELOPHARYNGEAL DYSFUNCTION; FPVEPD",-0.5306264966580283,-13.581567010395501,-3.3309973187345236,0.015712794963730608,1.3783512222941552,1.025058627617257,3.114507107481023,33.234046781037925,2.3812706858568062,-2.3628582264773517,2.5428200944375243,3.569691834214555,-2.4297146161968426,-3.886986837782489,1.5610708653442915,2.2643584114309427,2.345600534163387,-25.44774572365774,-4.095524971423628,-0.08381925449914181,2.694908745514233,1.941233040965567,0.7056919135850769,1.268988741785255,1.6815116616921717,-1.1517454846619615,-2.2864503739050317,-2.093654440190118,-1.8122409619423419,-4.024997338958644,1.3928245403909396,3.673110282710824,3.5554497983352564,-1.608949100080934,-1.2694403321933259,-1.1826868958481487,-1.0547870207184482,-2.9483458044758555,-0.5734224611128003,-0.9383359889507794,-1.2000047790305883,0.30892030604013965,0.11516737895478875,-0.05324136745008284,0.055264581946957034,-0.17054545944065305,-0.4521616796212983,-1.312018959842558,-0.2750380576507373,-0.3036303083282509,-0.3194776999327155,-4.246721322376655,-2.116613384348608,-1.8153572120723165,-0.7400298477464419,-0.029118541700228515,-1.7348846719332505,-2.9171490550133514,-3.712918671176465,-2.108006258476369,0.3880207337466135,0.29510387410832206,0.171077226826128,0.02404613869448737,-0.20718944372346434,-0.20594149409370385,-0.19041561343558205,-26.254698445311114,-14.538715735652724,2.096144606258726,-13.709363704020634,-2.5719096760403413,1.3388637033109945,-3.9979030384031082,-15.090372206699804,-15.645970239940766,41.89389881788739,-31.741581661146807,2.641667568825836,1.351326793439752,-1.874620250481852,2.4134005988688068,3.348374973201966,-15.484523536336074,-20.873878569106502,-15.108868873281434,1.454539457265672,13.032658988038701,-17.38791036696018,1.0190304271823742,2.0201476075453515,0.5247450459868025,-14.146502845232364,0.06444499325830236,15.232188025393414,1.5754677619346074,-4.133430364723542,2.0618210656992515,-3.522211354216015,3.021039952089066,2.263946554647514,3.0911831222252633,0.22865738527687948,-2.153792003064198,3.7180958382311933,-1.7856161485054323,31.945377795338448,32.298312715243284,32.269913346731904,-3.9235467936869766,-2.8814374203237976,-3.9199178165601727,0.4667934857229039,4.809950425088694,26.906581785682242,-2.8258840907411464,-3.9535489492657785,-3.5448469522240025,2.216225500057596,-2.3925975000741078,14.753950022128162,-3.510777979063136,0.9840813243558809,1.2395572159054107,0.8762931567972624
FBXW7,0.5136714850058355,3.262102207915511,-4.396580911044998,-2.3464296016467294,-16.491099683043608,-2.444026333281958,-15.818091193466872,18.245267752826944,-30.26938867523604,-3.0805914856275476,-0.002948681580146261,36.335373874762766,-3.3254472792145178,-23.021514255406554,1.4219497671842047,1.3472166448600669,0.8810370877472248,4.008937325170985,-17.863466557220274,1.5446187505560272,15.851258568461429,1.5797988693598022,-2.245113318496459,-2.139558123000643,-1.7583337369574403,-3.06738383543366,-3.247267850894241,-3.269194909776127,-3.2124117051718617,-4.767782586163334,23.605942729790236,33.93164795459022,25.198005508536887,-12.784223275565939,4.223994742178545,4.234816487129647,4.152697062065179,-3.4453904007279226,4.091883439752874,4.025283804089046,3.734705823784163,3.857474301582993,3.8851033719381407,3.7956776336154956,3.9193970558767064,3.9313495176612334,3.7780413564051054,-3.2451911763197194,4.138317374481142,4.14732619708689,4.088786497109136,-13.726898674623452,2.2580016129728295,2.7173551828122298,2.0327421309706177,-3.7596806044343603,1.3401211588582995,1.6165622502660713,1.7503011727409095,-11.217140478257713,6.767105425247884,5.995062173414978,4.627241231791833,0.028310227657488893,-1.6872306345023353,-1.303561972812451,-0.24533436235857894,-24.660376883387148,-23.616919738876316,-0.15682071401843523,36.181998233496834,1.931510809842189,36.30340269723028,3.6913052807556017,33.76000405814208,31.759899277064346,4.7618065795734115,1.791863947593509,3.171826979475987,36.28304836853978,26.58119619250584,4.5203018099790135,-0.8093661656141997,0.7823908223458323,-32.39740208177176,-30.480712226897943,-27.042224376403805,-33.58177235415555,-13.212301198294504,1.8380270342964549,16.64182140027051,16.273547031234813,-14.075764033545504,-1.4127773465766285,-22.20285344395547,-1.2671697073742259,1.2703311258256083,-1.466457679158242,-15.340582720294202,-0.5629754724090713,-0.962775055023485,0.8901180284417061,-1.4552273613836944,-3.412430538997232,27.165605654502595,-2.910542264315342,30.765569594766713,31.373274208845835,31.544817930136464,-4.020271650184106,-0.3426689294621347,18.89090034644832,3.3867313498497102,2.1465943686144238,30.167455458177333,-26.42112134323606,-1.4173078608592067,-1.512057626728683,0.6189280637794076,18.20272640837681,25.06598321338851,-22.545685391085673,1.8156594629746128,1.722747567967291,12.534841097007018
FG syndrome,1.142629017063994,2.6804502319756516,-3.517385127704503,-1.5540965522566563,-16.402959099666283,-3.411356696816904,1.7054868739816713,21.424749214404446,-1.9992115852051426,-2.403498184977319,3.400678298649572,3.561014288694617,-1.0968468953315924,-2.66621631109723,0.19330693827250967,1.0997359924129027,1.6578951566041809,20.12943583600817,-13.388877187761583,0.14536377203917933,-0.05021365141730223,-0.19874673581431007,0.29810171922589523,0.5339584175422044,0.7337207211934544,-1.7056122267056089,2.3949752806887687,2.563770101758292,2.597484890124409,-3.9538899584883325,3.4781124299248947,17.54091480081431,4.249197575464812,1.26074208652846,-0.631536829721988,-0.6974753337949923,-0.7204515072234419,-0.08913041860143221,-1.8687288677800613,-1.7339270223137586,-1.5276070827467478,-2.055847650276198,-1.9443021910957172,-1.8179191026088666,-2.138991162104537,-2.0601525052734395,-1.9458635602890146,1.9430943337725313,-1.2045117883202576,-1.2231841290634002,-1.1578585165853597,-3.065763526265858,2.4723571289274426,2.7913494073447698,2.0061577996790114,-2.1431740960308523,-4.441176714747296,-4.887049346127383,-4.996794735294545,-1.7345935077850423,4.822987392555545,1.147547386385008,0.6408299288656093,0.1714708789461799,-2.7719922421590883,-0.7230875837288032,-0.48531612845657635,0.916656407161094,-3.708188191554733,0.5330309889598386,5.1147758812140065,16.495217999608048,3.9354031019999804,3.905146977819074,30.126926796232567,28.952230770495042,1.5015068313044424,-2.1614884283001845,2.890328808271924,3.9900093161273547,35.08582403382932,32.17630508277081,2.1195160922033036,-0.01758310371713012,-2.063030097491762,-1.1223015063325086,-2.652023249039553,-19.16177547658848,-3.0879058289085277,0.8069990775089216,-2.4563365544259823,-3.0984857016781673,-2.7049183628904983,-1.131748550860732,-20.888143251466072,-1.4071116766663954,16.3496695352433,-3.6372909450587985,-20.3953982976626,-2.9879972345909236,-3.4252833273732186,-2.400878035173834,-4.0076633819127006,0.7395719125070764,14.151386102017085,-0.332571349566658,2.3491634508330015,2.120887377261791,1.8910698737638245,1.3281243344976434,-3.883371748612599,22.61737321334817,-1.081239761930873,3.1791259242139285,-0.5909508132127739,-0.6995006895323669,3.4480376627372618,-0.6978830587196634,2.9256638474040333,28.6301706862224,32.05349751596371,-27.362536101199588,-1.9612422413595298,-1.9864858970696948,-2.7715717883919484
FLOATING-HARBOR SYNDROME; FLHS,-32.617474685926624,-19.40620649366466,-10.756264027866427,-1.9617696192806309,-2.928738018341274,-0.5173690065587279,-2.023874146225263,25.582285997557303,-47.71032031599327,26.597806832120924,-28.303354856370415,22.658990846695147,-0.9859481432073948,-17.530399686039345,-16.727605146417403,-19.18909233775948,-16.47449631971093,-16.64214773464734,-18.175721563034255,0.3666380248106433,18.330293164110564,8.448978549879572,1.9902150489702977,1.6643391035599253,1.1750333403439395,-0.4500530197171523,-23.153604818529637,-22.579373040019902,-21.421323169419797,-17.84200845784376,0.47691690162303785,1.9531718189864624,2.216889360486273,-7.4627348788051915,16.95770618371312,18.059151876790523,18.703817072046576,-1.743240340778475,12.464478493626856,12.585481972127264,11.985685209243972,11.712888573663268,11.409894525904114,3.3554347561692497,11.542501001720916,3.4684787594997886,3.1910796827719983,-0.7484459291176461,13.200003376107707,13.474338717053422,17.04107384895869,-17.3014326425594,9.028418664982928,17.20834736082582,16.94177925351437,-0.45846895113475444,2.2969683059493247,2.78808468447068,9.602851289874728,-5.333851845240265,-0.6562828676271464,-0.7043208942137039,-0.6694795594406646,-4.307002218270863,0.960241254892589,0.9457728601684092,0.864323823835479,-0.3940071149191684,-21.467476013734917,1.0764597762984427,39.368873050157696,-11.990652496748261,44.53769919136734,-0.8230238011174944,0.8123507485887906,0.49166062747719186,3.2105055176581576,-0.01677664559374581,13.359871875262105,44.38722197417345,-21.280353798155215,-1.201905178562935,0.39613911529763407,0.37303562223477443,-15.062903909758829,-8.873423915460304,-18.870163264799395,-8.913945795488283,-16.70920324876138,0.7943688906753186,-21.37154559037144,-22.937938330544647,-15.020527700273714,-1.4127310739584387,-2.3327112711013274,0.466077746670494,14.784406792340635,-40.10497047497853,-30.391180790874863,-39.5767999233665,-39.48294668694902,-33.32749086365903,-32.597946700271926,15.468456237923997,3.2283841889800358,-17.412415014681166,-1.9867609697037916,-1.9374833607845618,-1.843439221663813,1.686959695205785,28.017446432535515,-0.5925849700569504,37.34327818577479,-25.75154725435784,33.52812076522443,0.7909317053036401,0.1638690893307686,28.74607882209822,19.901473062369636,0.595458358315459,-0.3637697815207337,-40.8460924159701,-28.83330209830329,-29.632284999017966,-27.13977632908643
FOCAL DERMAL HYPOPLASIA; FDH,-1.2264200835905978,1.5962185967961524,-2.6459099243907507,0.914833651521231,1.1893683956434749,0.06898427680585939,1.893641768695497,17.68997125734556,-3.959744854208189,-0.9404569511705884,1.4475182191475287,2.162939762975915,2.201624197737802,2.8022132812920866,-2.2521765738797344,-0.6029252972416341,0.8115025633080614,-0.9975978096958842,-0.08412158656052386,1.543296740072931,1.4469336607466732,-0.5335503389702131,0.8354742902267451,0.5116881758592841,0.1801833904699242,26.427419541852927,2.6692492715125464,2.845147588898693,2.9406609076703587,1.7183857962686677,1.9554370195934596,2.2861432810609923,0.9484548768227576,15.416135405858986,-3.833581955180596,-3.8393771942560266,-3.684191810716105,8.126337454263139,-4.604759125451249,-4.479102941105909,-4.117526692587324,-16.046543269806957,-15.54157517877056,-14.573182456470866,-5.097359317884867,-15.936042407756053,-14.922912860041698,25.545664761714143,-4.40487010071017,-4.306153248209976,-4.129190005637263,1.7652537427143913,2.1780803487700546,1.5113187102411232,0.11920933248291152,6.170410038889686,-4.992873097802014,-16.610710204514646,-4.815209564422519,7.363833472285726,1.25202508360529,1.6282078807080054,1.789960198338314,-6.7820926605115535,-4.797861888972521,-4.60573177902217,-3.930428359770187,-0.4006240678998993,0.9801539924192023,-0.3690076374805085,3.0854322844748134,-1.4281699699683963,4.496979886366774,-2.831288181995587,0.9671171001821367,0.23852488830506327,2.052787106247758,0.9896899178612962,4.412157619474557,4.4997670349452275,3.777409120375826,2.5376378405672617,-1.0230503236781539,-0.04256665426762965,0.701376286662946,2.7134210581229707,-1.9750783625216122,-1.0905437955158164,0.3551614272565941,0.09962290292941008,-0.6156091935590395,-1.805549749868996,0.4074831816820484,1.1124125820712907,-1.0262170968819515,-1.562283951479055,0.7890137954700874,-1.6053052045590335,-4.546660780292249,-0.7016070035161329,-1.5115451518820473,-1.2392199653263656,-1.3711235275379445,2.104229295094627,0.10866791381567126,1.4283798959140404,2.3083599610906598,2.314358983403912,2.179365881980643,-0.10080994419745676,-1.4982435784358543,0.6657081602162215,-0.47217008147950845,1.0741863545290185,1.4902099033011134,0.09425023690997315,0.3452033785531296,-0.44713046510295623,2.2682694081510557,3.5238319335863855,1.7744849516817123,-30.006192993153096,-0.8127477234876844,-0.7873702254753112,-1.4400563928491186
FONTAINE PROGEROID SYNDROME; FPS,3.440928280828755,3.7944709693459,-0.5056035683392492,0.27179875910596557,-0.42647277763271635,-0.8020297439603851,-0.3383947743912063,17.766190901232658,-2.8605993872214146,-18.156033384947314,19.396187485959395,0.6909303162597232,3.5071771495761963,1.5798591481049462,0.020513332534655766,1.2232248021356231,1.978929477721712,-0.3172075620404612,-1.197193530430852,2.082505883061022,4.282010652442366,0.49888622085659834,0.4005966267767581,-0.2015382458038361,-0.8237288331410655,-0.29975037606060323,18.093851897338453,23.996748790800364,24.77740788655769,-1.6338327429390866,1.914774993241082,2.5389720086442096,1.331462335278772,1.0072085748565862,-1.599961466027813,-1.747634096891351,-1.8756734343753265,0.11322085164813477,0.49081180109211153,0.41844621504557944,0.33703733079332554,-2.1834655090914423,-1.801679963754056,-1.4007052804935436,-1.9923483283471284,-1.5683521640419757,-1.1564558709505914,2.470036542899902,-2.0472532511786774,-1.9277156297574483,-1.8374421268385572,-0.43079320682573474,-0.9141595420198888,-1.7190205710176418,-1.7514902697848538,0.5314680972496209,-4.281404929733546,-4.669303484913513,-4.763331017661942,0.5073948314427097,0.9245444247351411,0.9026406481662049,0.8052193320114797,0.861244858806968,-0.23429682735474805,-0.2779754985368321,-0.29206299711251,4.410969665495562,-0.8454189180688477,2.332207680436654,3.426457384635611,-1.8871723822964481,3.2160050646344454,-17.854728338017313,4.941609275701757,2.8343040680229135,-0.9742066783307043,17.45916423738225,1.7583945191062762,3.2232415974882045,0.575298231026985,-2.838007849650403,-3.303419074991041,1.8044226241540315,2.9987779076251373,12.553255823935302,-5.251820189442798,-4.594791123553362,-0.6571800981110667,-2.8194517052185004,0.34515262883793535,-0.10559272557212418,-0.7455759753881643,0.988377150932767,1.060548424357377,-0.5020806143299505,-1.25757408988014,1.6949874832735565,0.30432218939560474,2.353745037910422,1.7761882387253025,2.620529576412774,1.4457536320951492,-2.7293840965593854,0.735667206124839,2.761257224157608,-1.117642562726629,-1.2533005997161637,-1.353585850490154,-4.269399934116986,-20.024932585120887,-1.6117510051518475,-21.089135702645557,3.8095270471304814,-23.84899903808161,-2.4226285141794754,-2.7577828731125615,-21.458397502342557,-3.375745422828053,-0.6881172087972925,36.75133117871382,-2.9455074758906754,-1.6105064505526667,-1.2332938459926979,-0.566871242936475
FRA10AC1,1.841877300849462,0.832882982591465,-0.32747032098090517,-4.170350046214572,-1.899811543975445,2.125490711226475,-4.8740250036053725,-2.0839689254132305,-3.965594665161946,-3.0807423836024803,0.20908571864917597,21.378599874023372,20.701650632531933,-3.359660218288739,3.767641935012061,3.307305810721535,1.9302082278579455,27.46392018550222,0.5196991876636717,-2.582207912336887,18.417671413332375,18.970772283565594,-0.796447085277039,-0.20377732398431936,0.29768017200159114,-2.804348100922573,3.9234081498561966,4.245154835877098,4.478992570941167,1.2755069387292826,3.319364275874428,31.55788423484215,32.34096739071655,1.2306599234838898,-2.382809850736405,-1.9584932034855247,-1.5383110437423144,-0.6060424214171538,-2.4039739564226257,-3.2602536530042254,-3.7293142933901575,-3.4516365421550983,-3.8111574363226244,-4.050363184537752,-3.355366120555621,-3.8367326915211684,-4.1262809873685296,0.9470035494821455,-2.9289348144658605,-2.9220703463609743,-2.7357776383525354,0.8050152866468455,0.3615542660883573,3.5942298925273763,5.086653561893693,2.8445785232524856,-1.581778944862926,-3.169337553232216,-4.310802920732535,0.057819748789217744,14.159876892308379,14.794366540937423,14.362325538766408,0.6876089125628303,-10.706686163237697,-12.186948224040506,-13.115089738240018,-27.926521241004682,0.46393504044798684,-5.494661157079749,18.590257306610955,0.24622588628884487,2.058209969843437,19.55466379609804,20.52886599930256,21.131032493178544,0.14773339484595457,-1.13761351702684,1.8635395555602774,1.9996674613208938,26.42073836106836,20.920637660200818,-0.5695645019038165,-1.6660770841984984,0.24230738099046495,0.850713144871749,-27.465538835989566,-22.677999079295624,-2.0504947730811147,1.8491629110897683,28.16838863830609,28.11423366463662,3.1057288490281043,-16.843103485125265,-28.447976093807835,1.893139974806861,0.10884578109049248,4.596713872426086,-1.7579001313462346,16.470891920214306,16.108290959609256,4.8264018581219075,16.208023476961312,-2.3028451359072064,-0.11280339879476169,-0.6117342629082196,31.43049729243634,31.817433586686988,31.82221145434424,0.3509684231216802,-0.2116699979879286,28.722830819329776,3.5792944466863568,3.397302429599868,22.008116701150403,-1.7725855784273457,3.4187127627627976,1.6303459421515965,4.6484548542164,19.977650469885763,-0.2200190339568581,2.0121290427760927,28.334958934516507,27.777690992515318,28.539645001112714
FRAGILE X SYNDROME; FXS,-2.9459163690502845,-2.9734769039094533,-3.585915214556619,-3.3405381553867035,-1.7749032708340935,1.7801499993986825,-11.360980007152707,3.7741262904551016,-0.7742374005164693,1.5927918008415416,-0.4118536667751565,22.9900186270963,0.15922862988621803,-3.2538951088059966,11.043677564643335,3.0445801950237947,1.7075055542221222,2.6871528873147454,-3.079430469111072,-1.4012507867564854,20.513889313366413,19.329706092061855,-2.1828500568307887,-2.000525638342152,-1.5838340207596957,-2.453073870767344,-1.0296554097667039,-0.7381361718536585,-0.4612916809809432,-2.20664966456305,2.489078222971524,30.35106298214091,32.30334776791849,-0.9688133336396568,0.6487342236134265,1.0332345998712609,1.4222261730351387,-2.3167599123132647,0.884254139416145,0.07979801784860543,-0.593634599141535,0.8124463080937545,0.3223017088953604,-0.08138050183476989,0.7472812800896507,0.1535790901604128,-0.34646429196173806,-0.505106216506276,0.8055973450730891,0.8515828018048663,0.8520779388659968,-2.907382268487125,0.25221232623164747,2.578663216482674,12.453551184230896,-0.4324461902847778,0.20828968138634396,-0.17073907691232043,-0.5950117770269739,-2.1500595193092975,0.7435820946084329,0.2023910044524358,-0.25462294631376325,0.4474137934845513,-0.2731810539790487,0.035918682221412646,0.43881711014786934,-36.64458192272557,-12.164841033356097,-2.6284275120002163,2.7862451003828888,3.0261106861399956,3.9723462850896682,1.7254804562542372,16.003270100935836,14.7510669087781,1.3048321953759738,-1.9464727073374173,21.179397845628518,4.013528992247633,-0.8555479074424719,1.4839909389910013,-1.3474849225329881,-3.1921394986157767,-22.599707396309178,-13.412148203924248,-1.551125073603365,-3.7677648943242734,-1.8189074426681706,-1.8584515484197774,0.47431570077411817,0.40109366843565597,-2.563740846786608,-3.597986609347336,-4.283401276356518,1.9419446491338126,15.898216870908799,-3.4746363299452123,-0.7680357786528735,-2.7760942830201425,-3.2055921077305,-3.0775060115149317,-3.198068027022098,16.487930956990994,17.81732263242268,-1.6629763269789377,25.018294200110315,25.97915664727017,26.566820686079907,3.4734515812100457,0.18331920900959098,3.2765751631560693,0.19504227677206296,1.4327939710585456,39.59210456978165,3.246036124067143,4.075505190814637,2.1363252553948953,26.9471362731363,1.4843909670033482,2.955788462158786,-21.61260470167863,-0.3670234449794619,-1.0464552495259851,-0.16645239231239423
FRANK-TER HAAR SYNDROME; FTHS,2.7499488045315403,3.1994350807176697,-2.9614258472829964,-2.9440080571212723,-21.484865834710405,-2.401653765682062,0.2979485252133327,25.400839999058523,0.6920956329060961,-17.244755753591217,19.48556441050785,-3.296070335330613,-2.052501941258158,-16.56026887131312,-3.3100503356471958,-3.848675541739144,-3.4412911613051054,4.39572210560869,-3.7448213371069525,-2.2269773700100197,-17.840958945313094,-1.9239617053460727,1.1539224458506308,0.8427973588647245,0.5291919523853785,-0.7100807982921092,1.660775920249903,1.7290176108011146,1.8278483735235576,-3.6853951071952085,-0.7281291124720113,-1.0864792064955815,-0.7389685278494077,-2.7140457871123487,-0.10175156605560193,-0.1655611084601264,-0.23027478987881683,-1.7768091376068489,0.606375042406694,0.4601066767131549,0.33982849724236525,-1.0505527701646584,-1.1062158393930404,-1.040840168471282,-0.9949794557723277,-1.0114120867057563,-1.0180291066167106,-0.5161328790825408,-0.5270985730791015,-0.545248868186841,-0.5627096188610639,-2.694690103109816,2.3635012929623427,2.6661633884701734,1.9158618053325744,-3.47557929576079,-5.063783275143044,-4.886466421055889,-4.35312518952676,-1.839734414668516,-1.5375980628083885,-1.977817817036155,-2.217315050823653,-0.03281104082637952,1.5495831920615943,2.020893938052832,2.424299260455558,24.46988902817805,-4.123980511373724,3.247456205075852,1.6904967222948182,17.16391720124316,4.647748283562022,2.602896977292036,18.862761359921613,17.744541701647176,0.25458233168461153,-0.34473275330343645,3.347909778220152,4.64943006373764,29.686722834563017,28.033705532241076,-0.07704323496035097,-0.3847961418673314,2.9499538218336423,4.248172446631602,0.22131278143615898,-3.4262701387232384,-2.2113103278033073,0.7663094509792671,-1.3644131005071511,-1.5167549280066126,-3.508738232628308,-1.5081004004749357,-4.86407992722172,-0.5069124825658854,3.013156854123225,1.1799814910500284,-0.1611296519219135,1.331452265760781,1.0620604807885605,1.4253099803744327,-1.8380192895213612,0.024804419017035343,4.008716898248403,0.720323258326373,-2.0946846692463477,-1.6686338333223032,-1.2302960360106696,-0.4919475790368062,-20.253727247226315,5.069270085963379,-17.88166932190083,3.9335918782065264,-28.58913363474551,-2.8954187133549985,0.56120248766036,-4.9706733279120465,-0.18334084476335583,25.729264314957987,18.932322147438505,-2.494852573061708,-1.7395706970468476,-0.45476155824265596,-1.0865480908752114
"Facial paresis, hereditary congenital",1.2047384592467905,-4.704581324541635,-2.6128683215264887,-1.4129380343966385,-21.555038715040418,-4.182413366916234,-18.994733690814332,1.8641747670690842,-2.5109128546540074,-0.782796246271176,-0.7242976494316923,3.837353323981484,-0.7261122587838423,-2.2055786104582435,-4.027354608494969,-4.026550292565464,-2.9339981398932102,1.2779274179222664,-4.427496904951066,-0.5856035029276271,-4.235462542455636,-2.410077882819446,-2.878248367667765,-3.626310783667455,-3.899110533564102,-0.5829500089737967,-18.44003418530093,-18.28449644921956,-18.007830926259203,-4.332462241101638,1.0033420031572267,1.040568592515549,0.419460995852993,-3.4186839948693635,5.170942231926028,5.061175910352025,4.8935065290712405,-1.303141471779234,0.6020482565431019,0.8103040114180962,0.951240419714166,2.1378483941677677,2.192993584406422,2.118855969537959,1.847664722062954,2.024799949036237,2.0383620345456177,-2.528839776705274,4.102153673424025,3.980364824876511,3.8088848283992727,-3.916731042072199,21.042443242801365,28.040685656937804,18.93543967231064,-1.1127625038563789,0.8049984372506468,1.9294067232618672,2.8429879508563314,-1.879686205491798,1.1017040693408757,1.0258002601601526,0.802720429895599,-0.0101284555602552,-0.9421674386225327,-0.7835537816313197,-0.5822478785717797,-0.32066135574391746,-3.4333110053556193,-1.1563739565366176,16.242710164317977,2.2410778725899734,29.510024712491393,17.711466837555864,19.51637616232521,19.958066527969436,2.7791203367901907,-3.552537024415877,1.7102799064397627,29.425120001185206,2.5298048861688223,21.27318493152978,2.8303716881667653,-0.45932437603442783,-3.092874141557975,-2.682853583034887,-16.393700412125813,-19.92060328840244,-1.4027455159587,-0.36940445496596674,2.533208062633061,2.5105876198770853,-3.2148839352795346,-0.4070699900618364,-19.021463050665275,-2.3298177803256914,0.8986262413736443,0.05593738902331144,-0.7172986334488793,0.6823452281876626,0.21599752208956927,0.10199674671320616,-0.5121245273255777,1.6089861787788449,3.1917293063398264,-3.07153343824935,2.088098249096141,2.2259642876688606,2.3216115543174216,2.36627033022664,0.5476794552608246,21.383149155590228,1.5589939906776396,-0.49888245114020224,-0.20066185303741846,0.06257702763642514,4.220573522153286,2.518388904406279,2.407087041820164,27.700004136093014,1.5182179234325837,-3.0607444564654034,0.9345672638734412,0.41532009236540135,1.6651678651074222
Facioscapulohumeral muscular dystrophy,0.2662783457780348,-3.2122414091475515,-2.638229077290115,-3.515130744003049,-3.220403394854839,0.9304405750757206,-0.9367576439961927,14.221940721914164,3.7066387454612477,-0.24879531455085052,1.7050431761470901,21.647267157451047,-1.6783382452986426,-2.3257757691737786,15.109904140033256,4.330480615872993,2.7658895537147083,16.634931308049758,-3.320866410394383,-3.0836073853289054,-2.8261633657491902,1.2709805527859772,-2.458481099673305,-1.2872699112833614,-0.17230261596723478,0.6622903438438182,-1.788924038367298,-2.205653152413558,-2.583078169961208,-13.910486322151272,13.50582613333344,27.1507722214665,25.50306338017321,-1.9898193808273477,2.4934000085528516,3.0059792892447104,3.4082354003159674,-2.455912927933427,-0.083339785152779,-0.20584596345387807,-0.33186805658434987,0.9901814539296644,0.8828746767642103,0.7569828547171387,0.8795854768971992,0.7286388419112494,0.5403212854568328,-1.3120745902788984,1.9515716724232162,2.200475598374907,2.4075244682671078,-3.931085915345757,3.595139638005486,16.833008403364175,17.046307346379933,0.3685661493077497,-0.563667757178006,-1.662513506075454,-2.574697012902864,-1.659100883870339,-0.35611917679537,-0.4184084647352892,-0.44594940839912034,0.024751690269885922,0.6518655528698669,0.6837731115189124,0.6629361987490865,-32.49722764919421,-13.55454442233119,-2.8991746746260945,-2.865356894144221,1.9039100456263585,-0.22132952165289402,3.254478966725279,-0.5197293224348308,0.15511397722975656,18.437098514938604,-22.91128846156278,0.3384767122412542,-0.23456812046328482,16.70582472984685,29.262990041289715,3.1292753559211413,-2.7124968716755755,-12.440398960464313,-12.668466354883748,2.068374391201362,0.8896517992496569,-1.9211354839849308,0.3507252903675155,0.23130885912125737,0.15056630342877242,-3.3920523935300153,-2.7588559409261264,-15.800928899143143,0.7247086725675076,16.52563178593347,-2.2199858239083663,-1.7481996804326285,-1.5615458249510927,-1.8481235607351927,-2.3217399809838892,-1.553189244496016,15.171901416519745,14.328623137113233,-0.6563003067481094,32.270829805950335,32.575852695554154,32.62742195491098,14.96526153757115,-2.0296671475203887,24.629019170479015,-0.4306840406380707,15.717187398994161,33.0207986254691,3.958699857294285,23.764902931998133,1.9257300573537135,26.848445874173432,25.63525063799644,24.393305301807416,-2.8079175533156233,0.5160968167337477,-0.06854071520179272,0.0476523955535357
Focal facial dermal dysplasia,0.8953711100578332,-0.9617051900651276,-3.18709560496044,0.04375035435560648,-2.7636410195984134,-2.6256395887333124,0.6870191785528527,4.844689444320791,-0.13918340815502317,-2.5290139804131884,1.995189080327363,3.1730785743015035,-2.5675207524804993,-0.2702556035111599,-0.4217099385285947,0.6198146531664407,1.5889538271007684,3.1259711695137256,-2.4274343519886683,0.7217289732454735,-0.7556270390252129,-1.700058028222055,-16.146606857251076,-23.507630884705982,-24.561457133402737,1.9255631528357187,0.6733714428321765,1.1999579568643752,1.6470016588746794,-1.5484142350290155,1.1183581435587648,0.07101177967787885,-1.2606163326695476,2.394329411248296,-3.597359006436035,-3.9848667039448773,-4.190347517684575,1.0717445055258086,-16.134194754453528,-16.198748862962063,-15.420564849845055,-4.226080337847258,-4.398484178721337,-4.476740948447782,-4.549880457209485,-4.647895950705207,-4.585879198322149,2.7336451478637094,-3.8029843293581576,-4.1288837025237575,-4.330132550702587,-2.840852182001358,0.39796815596299306,-0.23018531683220883,-0.9382929636700399,-0.6847673008259794,-3.0816747874636548,-2.7528562136235535,-2.1630708407384565,3.090303857145266,16.561708060723966,22.049511924329416,24.73361020254853,-3.951512927073375,-15.703363636311158,-20.51243534064018,-23.917483001405948,1.8591292368541974,-3.2608253445097346,-0.37635747743822406,2.1283925043744003,13.914962326554361,23.86789462594088,1.5495770833036504,4.284506288045879,3.9815263204095204,4.787108515684595,-4.026738245351723,2.7746475878201613,23.84148834269162,0.7642655397156347,2.3100049989544233,1.571185932996066,-2.2845478115700204,-1.3475791261454981,-0.6407656805024673,0.34688428851944014,-2.1302803261857166,-2.5940627386732236,4.404690687477694,2.361170607292554,1.4412630951842669,-1.8440601199901498,0.8583435826443185,-1.807920978308656,-1.5632304527354517,-0.7227197171283779,1.4986787835173814,-13.508199622681003,2.4538553929722307,1.7744852963315416,2.1689841425806913,0.19315756178424653,-0.5117590561917806,3.3812460962136024,-1.9244322660027635,0.9690613628035607,1.2857180228167766,1.6151390243621542,-0.6872004691521979,-2.2436590135176906,3.4734403574305572,-1.1389206903399867,1.061677405814108,-2.0124206375594733,-1.1305114338158795,0.5364417838342284,-1.8270414583528227,0.026263534223999907,0.2276457764687463,1.9738410643514905,-3.5349991501933555,3.0236578588578804,3.3618645423779485,2.4774112219394446
Fraser syndrome,2.4443127552712975,3.816508740550232,-0.12272265035737454,-2.9357514839048355,0.3307049003897249,3.1949572669455724,0.11990309180716732,1.9451601899146673,-1.2107951394842549,-1.4419552853361046,0.45691020760754614,-0.2150469342873148,0.26065194754253906,1.1547303552648693,0.41146560561922485,-1.0241220266432363,-2.513470673520112,1.516355583626215,1.3149440722627197,-4.1771545723914825,-1.1790601490073673,2.707849045788354,-5.048120691493239,-17.462101063080176,-17.28817400259618,3.785762252556623,-2.0762440090030965,-0.7882303797518417,0.1188415854032343,0.9510189290253354,-4.697580016217017,-1.7026768000190196,1.349587019179042,2.2553002552992165,-1.2518554119317995,-0.8460857781537169,-0.4895898150838245,-2.2325754624599576,1.512890895663987,0.6663689575782006,-0.0012715256890358981,0.5215516423755026,-0.35572486154793803,-1.5504716182827707,0.5108996278105806,-0.4119924324401458,-1.6617278167885392,0.2659999745870224,-0.3550659825661658,-0.639484694392449,-0.9390002211074588,1.0047255131908568,-3.5634922366151156,-1.1840968706115493,0.8212331488200805,-2.8461095512091235,-0.5069539253143338,-0.676360811877023,-0.7654589224845892,-0.8236347782663023,1.664396675985045,1.4627142874437755,1.0932237272780738,0.10471237369476624,-1.2266652178428716,-1.0307209906506591,-0.71381437978251,2.6034175697378616,2.4690864299476454,-0.5666448786554709,2.6823518455318123,2.708087819237498,28.520397220147732,-0.7348217005717874,4.346641938890668,3.5754278029146227,0.7043806758675537,-0.4628051734347202,2.533282224924389,28.658401028075392,19.4826269331871,4.1636832190084005,-0.43146708166058345,-0.915176874685397,-1.633751093677507,-0.6260010796660667,-0.29458902424361716,-2.4682874692733905,5.024889134854631,3.624480974531677,0.8051132660178767,0.9147227774061916,0.801999279839345,-3.856770266172339,-1.1893824050321191,3.5006841674667313,-0.3411910018767651,1.3828313963740329,0.8265165244404,1.6266542434392233,1.3344336720465302,2.1805950932085856,2.5980554147949726,-3.4135025488251607,-0.13970678598878755,3.0738956873930245,-16.362121500463317,-4.568774921114511,-3.94766449802869,-4.319778880199034,-0.6468689665575588,-0.18999200372692995,-20.830932558520917,-1.2754024211464376,-18.526411276849093,-4.38358574770655,-3.3178755592870743,-18.525101752585634,-18.21171209583747,2.62927967294042,2.1404278391755187,-0.4355396844080895,-0.6548508749770443,-0.01462035339882414,0.48987672806644283
Frontometaphyseal dysplasia,1.7843850671131394,-2.0960122407108783,-29.116085736723278,-1.9331701762529863,-4.1903631778456925,-2.0165149220075373,3.508027736452382,31.961309191174543,-2.4351549641705734,-2.1586711820003206,1.4024265198924462,3.8265405683591704,2.408825099423013,-4.945016852402243,-0.3652751035935981,-0.019925352506297622,0.31282796593490103,2.955553385915585,-27.22070370649338,-1.7840835186479937,-4.5720916925338635,-1.4149218158579047,-3.517488488081011,-3.1071051388852746,-2.412817364108197,-2.6293688630814405,-0.5353540717125511,-0.6830510008343772,-0.8301890540251652,-29.81014060660702,0.2036506520640107,0.6197394421509789,0.708784587917196,-3.8090982633451413,-0.10790707293500856,0.12136323874717371,0.3930996282825351,-3.2103231729519974,-0.2172318461261325,-0.3450890296850341,-0.4630782434724704,-0.30449469591572553,-0.1700961666754218,-0.0540194884312637,-0.3281275648286268,-0.24241008618666784,-0.15674828464772775,-1.6448670557971194,-0.1728567940918207,0.02893283517649361,0.24353395576895615,-25.470628963526188,0.6762733938221868,1.3711955612674367,1.5574845334991367,-0.31045979081611275,-4.249410118655638,-16.58534323485942,-17.9838538535351,-9.626877443337719,9.97878996053179,9.631318825183447,8.295358713728989,0.0677216734170471,-4.542205444805147,-5.020521155186168,-5.196569765348519,15.6261524291534,-15.759055858598511,18.67837080466416,2.946266695936267,-0.30150093322104315,5.374083223572986,2.857398307340998,1.474995528379377,1.8990096716667362,5.216364969409951,-4.943851156833769,1.6525245731987566,5.3689767068185015,2.0196023887729635,4.556898946282853,1.7046104829523814,-2.918216418776413,-2.935625828552355,-2.50189083175659,-2.338377194068914,-2.6398946640059333,-10.690339116715068,9.967174130381613,1.4831859290462628,0.6386729425667187,-24.691098940361666,-0.3470396068445998,-0.7721122116410422,0.01733519313330163,-0.12680838970858327,0.8060588985391884,-16.343797006687954,1.475098654608385,1.014984933660037,2.533820287040664,-0.5305327128727249,-2.7400529456395444,28.932618164706707,-2.1445211593296785,-0.34113388805098604,-0.28089276521052337,-0.21847709202464088,-1.6134096294405973,-1.909604600851999,3.1293725417072134,-0.9161951124935551,0.4840075207896281,-0.7225981366682656,-2.071721530914123,0.035977894746886986,-2.6396581107691177,-3.5578980515335568,2.466449711307088,1.3467915751747943,-2.977082725655099,1.2862821567392817,1.9652522940737258,1.226676787709195
GAND SYNDROME; GAND,-1.3198574030178534,1.8333172738051116,-2.046412213534903,-3.1202978890525164,-16.749077731042668,-1.2640243842834202,-0.39013353218489477,32.257474768769605,-4.118503010802258,-0.9615511655553336,0.44635429000048643,-2.4709321406930473,-0.5624216579369158,-4.316949809152246,-26.247282049919818,-28.75411564251886,-19.297031570726485,-1.7575001381203947,-4.707710339474721,-2.013799355553828,-2.7177687976985845,0.11475197059022012,2.7077098906302286,2.665509166300361,2.3764156801350076,-0.3283462390597101,-24.984607934692892,-24.621731240044284,-18.720335970974457,-3.6491125674983174,-0.6106828434864722,-0.19457807865097884,0.2927449154353684,-2.9479455632017477,2.4145537802272172,2.3215757108847797,2.1909018747340263,-1.8507251661383874,3.3582163154432743,3.374584487155505,3.1133660539337153,2.468920855908541,2.233211011405593,1.9486528516836104,2.468596690513992,2.2569378516576455,2.006402078176332,-2.249971552951577,2.5376318720407,2.363928654135931,2.1532882299358858,-3.513061425304684,0.9096270108661739,1.4092873322241262,1.2696918845019216,-3.04786588770962,-1.2135049192734961,-1.849202980862465,-2.346400928645738,-2.7766036040985402,-0.19270953142372693,-0.2683795241956437,-0.319646196617479,0.12275330055824155,0.37386377416710403,0.4236029122075653,0.46064171313235736,0.7702862008592936,-16.574096630924913,3.3772179334074086,16.654811911555147,2.5034700498899456,42.36922244863362,-0.36758088300026376,23.696916564744257,15.705911568188888,4.189100700494805,-0.5712266313899835,0.39766052716651695,42.5291933119296,18.758159807216433,4.931262685468949,1.6369334730656577,0.8869003618308635,-4.494108595207604,-4.554157961869409,-2.2045722113129838,-13.389172508750347,-1.3061230536899977,-0.9525821796555178,-2.239556988257616,-2.709573677060804,-4.705473175888324,-1.4481392450622779,-2.5758027143016125,0.4384463526651135,2.589608894389548,-0.0617219946179881,-0.8370634331225809,0.06858093770177882,-0.15623614164194163,0.9104154165609529,-2.2730183655751866,0.23880434093663433,4.7232612737596655,-2.524846570465842,-1.3584312938365604,-1.0884595942690451,-0.7867679265497769,-1.1679667456862273,-0.8054810087048812,2.266560094225766,-2.35896171951205,-0.20824811049621328,0.6372022519868921,-2.5482398486194797,-0.5253442519278502,-2.233791841586502,-0.11673129482893893,4.514970000888047,0.9050989743057375,-3.6867563126573284,-4.0674666553177765,-2.7309595561326474,-2.8798362762449345
GAPO SYNDROME; GAPOS,4.625088611889424,4.560859826628676,-17.253231551806504,-3.503753020167535,-13.305255425711913,-0.5579146997667586,-2.594558353165101,27.031645739251854,-1.4844772867509175,-34.80675935326447,35.241649536585165,20.911322925915382,0.09476493542008085,-2.8954018033096447,4.506610152699707,3.460551583858967,1.2750639675929165,34.19209297019121,-13.332465671738724,-3.3650179624831766,-1.9088379969225466,1.4389629344017296,-2.355628110004927,-1.0004441290315127,0.14808103626390878,-1.2853494465522708,29.469190157606768,28.93256169739733,27.992514010750323,-13.86424625261694,2.7823732145349,20.7296909062501,20.51447612975035,-0.21713867388609573,-0.38526531872536124,0.021433023053998624,0.4492041809069556,-1.313166642431409,1.0881231136918628,1.0544010710244693,0.9847497244881036,-1.2776673731499197,-1.591125619752402,-1.8515825180378604,-1.015804491730876,-1.327774262211262,-1.6355307498319367,0.5360801436604873,-0.8723376793633288,-0.6987746489016556,-0.4911971402868684,-3.4854041888109686,2.276198065303668,4.273473325641811,4.604299300467958,0.27389112226154066,-20.893328243223188,-22.56149462923922,-28.539488435725374,0.31331222943384074,1.5260912402138358,1.115493254955674,0.5657220545519451,0.8014845708939287,-0.4672797163774888,-0.21387413233569597,0.09194711392972953,1.3932479728375156,-14.150876971748758,2.6890420515327103,4.811362102500152,21.019759870638783,3.1567226949964855,3.0872133554762673,31.341923318498427,23.72666839936634,6.138910580082317,0.650049508509568,1.3316344350885974,3.1826242290365014,39.754563660582846,26.831092538887496,0.028321284283292843,0.6940678383037566,3.059644604432891,3.8468754743671054,-0.7193778395912818,-17.319945348658738,-12.50457504490425,0.943204257414979,18.12691274629132,17.310539878802587,-1.4161628082045283,-3.8406813888738482,-24.46206608415892,0.41814451426136734,4.810156061370567,0.811306507915208,-3.5637730882402296,1.8720071479434601,1.2408982300198845,2.8588821952629146,0.17857765196073525,-1.6699288931411145,15.843381777587137,0.224423950538135,4.534173702957014,4.788535239101622,4.920319829535179,0.7764140531753366,-36.59038115390005,34.22611872140468,-31.19308406067442,30.37333994794953,-20.428128479685075,0.1971183871393034,5.393423764932578,-19.450263419066893,3.8295985003548387,35.15063313142396,44.600923670019554,-3.618932960462741,4.214102819347367,4.164937847245545,16.28962780815579
GENITOPATELLAR SYNDROME; GTPTS,2.498740775886839,-2.114737793474532,-1.4198896261585012,1.2777953503610902,-2.517648235412959,-3.934408793855392,2.104796811078169,32.255650677254906,-0.5028356419606673,-16.952310631839236,25.676519497894017,-0.09965204923419063,0.20644510910717317,-1.014958466575299,-0.043342739241659774,1.1902756374838528,2.1520548411648575,0.3987755180745187,-2.1864437759127155,0.8340109287480154,-3.9582227250931967,-3.6290595591063965,-0.8887217565329832,-0.8505119152857707,-0.6980775675343296,-0.9892799389560064,24.445375107476586,19.46062721313645,18.981465987326075,-2.2586766648995167,2.9354389209383687,1.1273461892814542,-1.1829157038434492,-0.6137582396033341,-1.8554369555915602,-2.5674917617990034,-3.0951921367904864,0.5069857513943723,-3.3059022687790174,-3.4398614010929633,-3.410444603588424,-4.381921779759312,-4.309863794761956,-4.126262121560562,-3.8610875004011254,-3.763287256965475,-3.538338705100096,1.1945773711945618,-3.4555291705765794,-3.7375640413277726,-3.9594506626095267,-2.5740782681943526,3.49394541762638,2.3800894107583503,0.3249258978126684,-0.0653280176252451,-28.417628108541056,-28.68276378849381,-26.788511727108204,7.878156552489503,1.2878121685361736,4.137545585994829,21.524168374710754,-5.9411881954231855,-15.76732629291217,-18.52633358303025,-6.114753881983245,4.1389257709489495,-2.274578789388546,24.247090422811524,-0.259659383844485,0.5194101980214073,2.355247294982255,-1.3288693023297844,-1.4043756807286096,-1.4901586103752826,17.14576484317022,-2.93707789472331,1.527630677361704,2.32969935182371,1.0005252745006052,3.5455914214752084,0.8277979331435339,-1.7433175775104985,4.026116167133924,4.716707772842615,2.423259109869481,2.3880090623494485,-1.7884502173309285,-2.547780623554436,0.28117645828587345,-0.3727622982505179,-1.8915768503189212,2.1838689458770633,-0.612070163599354,-2.464412123398262,-0.08410498690183299,3.0283981757674927,-0.48878955605982644,3.3863761809339707,3.027946401605685,4.399918442425466,2.225323758480196,-2.9974137280909696,4.102881049616538,-1.2085963171294418,0.8213901069194557,0.7543877535791493,0.6955421257210617,-2.3210994905146523,-26.52825212172521,-1.1978440685798173,-25.193299524861683,14.740078886872631,-15.920968206817271,-0.13464396055923714,-0.6360743090378868,-24.341660834596986,-0.7107074340223882,2.8341255579401876,29.21402985022184,-0.8877498124394411,-0.43053928731879826,0.3631360617514328,-0.037963587321163464
GERODERMA OSTEODYSPLASTICUM; GO,-2.1904061074255474,-3.775946465917964,-4.0673677689352985,-1.862663180066077,-3.748724811110584,-1.2818237759907176,-0.8183807238291816,23.909869306606787,-17.483470542821376,1.7052896028140554,-2.513475961545831,3.4992547201201645,-0.333606087332851,-2.906545392696963,2.0862193565108966,2.559438187608455,2.2864271946646726,18.42719676115078,-15.961843281582071,1.7316228470181165,22.181020698958697,3.4937256653173256,0.646661856906071,1.4691245688675254,2.120141853590952,-0.29281338848085336,0.16635260548667194,0.25733713596150276,0.3342646596259062,-15.782640002115947,17.05473495514729,32.34609967265708,26.92388852521673,-3.3331481473441125,29.83181758700541,29.808402387628234,28.92956619453228,-11.484740604202432,16.804913555091776,16.06131466578857,4.533934345711788,25.177959514516473,24.750696106553548,23.56838519544383,24.775976501204966,24.252122838085477,22.656880621471682,-2.295293298813121,28.733486017268955,28.284949463817284,27.92242903230574,-4.42621438615557,16.934268397102663,19.875818563571258,16.47650636598483,-0.33270070646163835,0.9078073810163926,0.37474280140799704,-0.07666759564775115,-2.564642338389566,-1.2139939682610674,-1.5455850268038205,-1.7068409200906793,0.011224172350764667,1.426572592320272,1.6796793036074718,1.8548073129650142,-2.0203716591627288,-16.010224449812007,-1.0259269663039559,28.480527570416786,4.078925852934028,2.4241396485233615,3.393771762231023,29.020387121084617,27.504684684907783,1.7505930943042178,-2.517835255828778,0.22413655602940022,2.4501804597413495,1.320430507396938,18.291502959663095,-0.11893745947653958,-2.3894658598751892,-1.570837381452941,-1.5233669263926917,-3.0974855498762794,-19.008097601336278,-12.036790417152812,0.015768723714374967,-3.1306107305054343,-3.6337322682816127,-15.321319748142425,-0.9365349669196421,-2.535110863166741,0.04650388592143038,1.3326859761567267,-3.4532526135254744,-9.638764088223878,-3.4962970898084635,-3.2950436660131968,-2.5538681602825126,-2.1168681789546215,-0.7882220798553471,15.362146993078973,-2.3029381438703145,1.811825370603029,1.7939563163112366,1.7734656290226092,-0.3711144758382804,2.2403571949451377,2.531457955751506,28.40921143827242,-0.8131813310511206,24.92575573642579,-2.2503019932300514,-0.28592888906183256,2.8178843051755,2.0888264899163964,24.587625149664284,-0.2298830128842757,-8.26610800291804,-4.298218168239876,-4.108886715426416,-4.1146823249197295
GLASS SYNDROME; GLASS,-28.622450850546556,0.4282478716022171,-2.129342436653855,-1.668747216204484,-12.200940805983027,-1.6187810914876564,-14.560446101538066,-0.444145826586007,-19.35903109854262,23.69199674179852,-3.2140264939441674,0.802545565772887,0.10683569897574885,-3.7669177257301305,-3.5187388342943606,-3.012104475645502,-1.6617502891512543,0.3250429157726089,-2.791960697454227,0.7186447958592668,1.482130448626383,0.13139517444105228,0.5876198700990846,0.680502487690632,0.722778615940567,0.08603183435083979,-3.926277279361906,-13.181183839230535,-13.4707501263584,-0.5017711204507186,2.6433841539609,4.026716602409319,2.733289112067504,-0.39001692218532585,-2.2153287753792963,-2.3974702427234655,-2.5319242879412798,-0.9977902757760408,-10.289134052588814,-10.34638670682069,-3.044852256714516,-8.234742471465994,-8.05782358514651,-7.693671230074994,-9.555546947783212,-9.543007001292136,-9.088406002092164,-1.167067309610377,-2.174629040810887,-2.229207931149217,-2.2861392058459726,-1.9079116181438476,0.8690271139923841,0.3744944634719041,-0.17618970464217593,-0.41499130418115765,0.43866990782205584,0.28452685618601115,0.13406523996767403,-8.08733632987663,-0.04045205586747041,-0.2776354123370925,-0.5420211270329864,0.28021500565947804,-0.39464609315442234,-0.16580689444119592,0.06963820121495984,-30.691958862789498,-3.053949480257611,-2.360973951795524,23.132014023760014,-0.012099428398308363,27.931137937410938,2.9941865111807346,19.197875077626616,18.84396884377562,2.7420940472970248,-4.2130448409542565,1.9694156469422315,27.953590244081905,17.632170232568015,23.71181608112274,1.4078126504111677,-2.2347386335037243,-32.7354581490661,-32.108200193735854,-20.042548712775496,-22.5771487107013,-0.08589414677782127,-18.70878233930141,-26.095678309591747,-23.80027739880399,-2.1492094298146336,-0.5651551083611993,-26.702727372117803,-1.7507231684115814,31.030993392628186,-28.15590168329292,1.717856880866409,-28.907694972559284,-28.245800917941715,-27.958070047931898,-22.472401815497093,27.968747781695473,3.397778313016997,-1.394238968698383,1.2166242042067437,1.3265583444752618,1.4335575827784564,23.016603442122676,3.1583353463871493,13.177935131983448,2.0078101904490753,-1.8588858563042328,41.61622715758778,3.919694891547866,15.672066644252439,24.200784936981577,31.970045611560128,3.422801541838332,0.1633618602658113,-22.492460304867677,-26.630131728838414,-27.815546531192286,-26.864209844146824
GNAI1,-1.839948552824898,-3.112618354469268,-3.650797183749649,-1.7657352633093493,-3.7597827338333243,-1.5788881791654732,-4.7207705632698,1.615749851338872,-3.8881213903638523,-0.5382932061420209,0.12674637266615235,2.2714953546551575,-0.3655880623976967,-4.257806780830186,-2.662783624832611,-2.778253893128923,-2.1886701862245146,-3.0508132558119043,-4.403369029109955,-0.5756170924440397,-0.03872481854962433,0.45977380676073665,-0.4325265767805575,-0.4894887191201902,-0.49430887289173214,-0.9940230804614592,-3.5454701661176853,-3.3262711022654408,-3.0874708059913147,-3.7557863886552307,-0.4056551694311571,-0.5240342592118866,-0.3524180299686314,-2.809739479075716,0.43316454310586866,0.30889661149145414,0.16274295525228458,-1.6394693562544205,0.4492466722066259,0.26241267684692565,0.07868909278050967,0.34663799696120734,0.22846193172250356,0.11462300505821982,0.29757566049735307,0.13733634750011126,0.0073934410475382335,-2.4342742702694675,0.4569272678896871,0.3349835835189001,0.20860839378220353,-3.9042704400958606,0.5193391402429642,0.5440072966346722,0.4091589242835556,-2.9201983672954874,-0.5352154258233582,-0.46887554047852187,-0.3434286819235483,-1.97342025156009,1.8793168055946226,1.6827230503996353,1.3009169225913417,0.11886256624071961,-1.1176337986761975,-1.059422346078465,-0.882856608304794,-0.5875594792419745,-16.774548928352573,0.4479499900640488,3.8918199407286864,-2.9419311356031366,19.95279337038538,-0.8022181299066357,2.336863075076829,1.6341062830951973,-2.3556080767547614,-1.796638889446056,1.4981606008284194,19.89012822119064,-2.8363823446977148,-0.626431005024455,0.04658761340732884,-1.0717643951211706,-4.307580566884405,-4.100464050392263,-17.782490866822066,-4.298871484820093,-3.0230836106022356,0.07003523995991752,1.2354725036972785,1.7942776425806957,-3.9716626878279295,-0.5207732677416462,-1.231912160995853,0.04069737854799692,-1.6491758131748806,0.307685842337874,1.4320859731710909,0.5608300328761432,0.4211185743909017,1.0480434314111833,-0.31522460771138866,-0.7677448305377721,4.970758671214933,-1.1526594748411358,0.3505980670256733,0.5562369448607375,0.7846792973045434,-3.512307520822099,-0.3796554691681601,-1.1003260658974017,-0.10367645572915826,-0.07270423104869793,0.5282121533326921,-3.748744485857817,-3.0964461269527193,-1.9463421773176952,0.30730922603095345,-0.673634568784405,1.4466854208834443,-2.64608018148771,-0.23361204019535384,-0.06239742126294564,0.8855638792295318
Galloway-Mowat syndrome,16.762422612690838,33.87468188095981,-1.1732277225788048,0.008640984791884418,-23.98324914766101,-24.89483342710257,-5.132260092922265,1.6063897636242577,-1.520937409021413,-18.754208711084114,4.183186834480429,2.560582913638977,-1.694892515075291,-1.833961155406083,0.8038926939247218,2.23100755782582,2.9069830425790752,4.141683007058123,-1.7412376437799546,3.154607825543976,0.3086846494435959,-2.794322077865524,0.1022657292847474,1.0032029531775153,1.988206210565073,1.9906914236174462,5.442406999005855,4.974158959065918,4.414640524673592,-0.7053836494573898,15.435587587528001,3.06739259144102,-0.2407361565528899,1.0476408547915186,-4.46165745882741,-4.939631340268602,-5.31820299404011,0.4137184691783403,-4.424237094937389,-4.008409253122812,-3.3976268267622656,-5.83202646465622,-5.504867872856261,-4.945584022504765,-5.625213996133429,-5.2093214353892945,-4.558018683343102,1.3350225382713192,-5.336686338664834,-5.397407566859572,-5.483441141238191,-1.1948874062503696,0.010414656440900191,-2.1872420761658042,-4.018266038164217,-2.131594755498542,-2.899244694134632,-2.890990991255592,-2.665783797917813,4.2256517691687,4.079647879347962,4.713905678997701,4.850272232691691,11.724057006268438,-2.8762507817986394,-3.617025857568681,-4.234184159506094,1.1715937571317327,-1.936924208021256,1.1476598605118558,1.4700341021474492,-1.069581514614778,1.073110382618895,4.001620649860887,1.169884661612353,1.8691089062523998,1.0176575559773144,19.965150846896883,-0.19444366852508993,1.1073021820081812,32.007315289342806,1.0832736565087735,-2.734720172499778,3.3811644907377785,0.121290695718282,0.05329165829300875,-3.3022820564494375,-2.267301634135722,1.4552381827068104,0.44717666511615917,1.77433783670873,1.7416500774283634,-1.232014035562973,1.0518431583213341,-24.066422230783285,-14.756244224619744,0.4053470442738889,3.1437684325412567,-0.022945562323912014,3.6585891413939002,3.3589136263833677,3.7998087833600125,2.4690089922395955,-2.2243820865866772,4.340981690157313,-0.18407029929549948,4.252560770165959,4.013963659625816,3.7298386965475236,-0.434959278715042,-4.363691729233819,5.798730910365707,0.17399325721516865,4.178949371629584,-1.1966890489721012,-2.1168966880577087,1.5833598497851917,-1.0003999976981797,-0.0635287771716581,2.1529134491988238,20.367120601231534,0.28137655945300777,3.25021833770637,4.168998657513823,3.0564791964552214
H3-3A,3.5818837454384767,0.5962464983204367,0.17418656056832205,-1.4579979479161997,-4.015884624450091,-1.7627845381363059,-3.336023847269657,4.688151669830743,-0.8870716263973238,-3.5859845645009436,3.261480470042793,-0.2832779001165186,-0.25456777505375094,-0.9225753593308751,-0.28931067583103964,0.5878822213741829,1.4955184713439187,1.4506661728525114,-1.3300059230497314,-0.7651633159637657,-1.4398884911939644,-0.03280787227638058,0.5347151756155123,0.7174690817080717,0.821390877694522,-1.474560144819919,-1.3560566705392019,-0.7941928413256721,-0.3026695489394505,-1.1813626312694043,0.940424317081252,2.9759131881005896,3.008001960852676,-14.30737466832296,1.002100041512289,1.0753908797293856,1.0601430274663022,-1.9034475593460463,1.602368164543784,1.1780723020683812,0.7302226012427447,0.8609828341333238,0.7782123233638131,0.6492439048392591,0.9374632157892698,0.8019874033800131,0.6246522070683612,-2.306014477180379,1.0187470021203102,0.9818327782692805,0.9293612824322462,-2.7715084692734657,1.001547966887944,1.5723853551813574,1.502172840554665,-0.3666557154413358,-0.22539042302008647,-1.1576330095144651,-2.1301587263343285,-2.2541209851933206,0.18709344315708912,0.041051792191160695,-0.09377068084526667,0.03206342102010809,0.32173435863883987,0.4547996010449794,0.5915525558871968,-0.39362850801505794,-2.0757164939343893,2.98139633384236,2.3068551474039785,0.814295350094496,3.4390599683374545,1.336563948030805,3.2024426445230203,2.9586655188674538,21.875509851580347,-3.035144371873712,1.9810505483986578,3.442575166618425,6.107071341739285,6.247422830977793,0.14606962152869948,-2.87944485615117,-4.910687110710154,-4.554818514072823,-2.352073110722687,-3.070300879722069,0.13921330624188055,1.3993393404523309,-0.6160418015454937,-0.7213132424275073,0.8631515661629214,-0.9558306691389789,-4.767295439104307,-0.6978118432387437,2.7774853977910072,2.203887246718321,1.619515346434686,2.5948650845929784,2.225696549274729,2.234553685108819,0.07704070129249711,1.707313847408423,3.8441539497075627,-2.9533763570144167,2.313778111561465,2.321235556830035,2.309466427080244,0.9857743128752906,-3.66348081919824,3.5911305435989425,-3.4074805213962756,3.0274550104829796,0.2312965261750333,0.6005888261124781,2.398856840801432,-1.5227301392611747,0.8179353935311197,4.709825269736987,3.1269384854588425,-1.6432467643744613,-1.184551924944308,-0.3785414368142209,-0.6126451737823266
H3-3B,3.607191849495052,0.2314642890479685,-3.490331622736851,-1.6665119392708851,-0.02102486017229869,1.4938671396758676,2.767120107617039,29.979727703298753,3.4847756230127978,-18.334742109509506,26.18233878100939,-0.735361966668081,-0.9221986638335905,-3.147784151258142,-0.5444136393193809,-1.136495299084103,-1.3304829801542102,-3.227075528066308,-0.7865872377911882,-3.71052814827165,-4.459315893157995,0.7836552155247476,3.5148248224101426,4.237765062521181,4.513761141625502,0.42516403637186606,-0.019658511590876962,-0.11902537631930604,-0.23066916350996544,0.2401825126571246,-2.4151568024528616,-0.7376714082008795,1.1937831282237694,-2.7256011742250035,-2.9270554635678527,-2.6645390340896817,-2.347211382293967,-0.6500870338382091,-0.0025764849089305276,-0.6237336880417323,-1.2685508641353624,-1.3818128501379474,-1.8457925624495541,-2.2631017971832206,-1.082678170802892,-1.6808435633723866,-2.224378216706899,-2.5360711193622243,-2.4630369487123462,-2.4371430035519612,-2.3458439993235825,-0.414119995976412,-3.064742965172542,-1.7916166390416983,-0.02038956587918795,0.056865565750669825,-4.999363867723721,-18.120234487967725,-18.535193995985342,-1.321270209763905,0.5776617350583331,0.4480977256476021,0.27996409280919665,0.4403918078557784,-0.23313336247833058,-0.11873079783446688,0.006466960754014466,2.329127788713602,-1.633704582692163,4.36084301286571,-4.546542859434749,0.021525667933005515,-0.14141286378965956,-4.559570363700449,-2.9182397114337277,-3.3540037279632813,1.990452604605451,-0.8050176777049923,2.8973087261670987,-0.14160317843466885,0.06121562445813366,-0.17014385958763517,-1.5210610240650326,-2.378399457602378,-1.981500262949022,-1.0287221631103505,3.7976111307106977,4.390040067727824,-1.476060877365605,1.7136168113093313,0.05373139058152911,-0.3687934508803139,-1.2402447279857165,-1.9221498376817396,0.42649290886474084,2.117917899316582,0.47014939507640746,1.8433986263602886,-0.8905770191981796,2.382450441934848,1.7644007428507222,1.9252798525080006,-0.6591348795386219,1.0729003895697793,2.8704155584226814,-2.5720992606350177,2.0464820692314336,2.1079623617767274,2.2053382584718917,-1.583162854872509,-26.530773740506252,-0.247591628408465,-18.430513277191835,17.261646685861763,-3.502348044256339,-0.08394608972677724,-0.25834653936203844,-18.121806613306056,-0.35031850694330924,-1.1191760753380684,18.31558162667036,-4.013385858532295,0.6836099273339071,1.114045533957557,0.20710253233014944
H4C5,-1.7295462435474025,0.6855467088119401,-0.20404424665388085,-0.9573824122218657,-3.2910523393531976,-1.7161343002255036,-1.0049031730472113,0.882740187551352,-0.4608187416211132,2.488226032320761,-1.7884169931127774,1.1089389247883803,0.9419808220352633,-2.6058072760646365,-3.8544825254399915,-3.092505598315914,-1.5436454851927608,1.8046591570892123,-2.9791987785052956,-0.7877380515676666,-3.0566422387430605,-0.927877795071452,0.6230781677005249,-0.1381373934416932,-0.8628923688054011,-1.583273499259456,-2.275746165382408,-1.8921994884764186,-1.4984537825754123,-3.9859215058498134,0.07562068623102047,0.42762245273981264,0.5818828012146222,-3.1797142434868504,-2.058238124713813,-1.8066991770093526,-1.4704913003847064,-2.6006565897903675,-2.3695356369972718,-2.918393186508694,-3.197077597630239,-1.6809560051533052,-1.7687813631125051,-1.7693933721948398,-1.9222512421123863,-2.1171908407377837,-2.2193629788118434,-2.1892611494401857,-1.804827317098227,-1.602710385797661,-1.3899864504834476,-3.673906636634263,-0.6774112760374745,-0.33056079145480954,0.07384999211222652,-2.7711408938655113,0.37991921367937914,0.6644231247997717,0.8802299825587498,-1.8502365834548224,0.4408995541175926,0.423081642479073,0.33036015786775486,0.11497243325780668,-0.28279281569089276,-0.37539015698703004,-0.4634660452619006,-3.270072667460399,-3.5676765776136072,-0.11947919191131921,0.8760039103332142,0.5920600002452349,3.8022689209148393,1.1272328852975804,0.9174772986883234,0.9852255794417422,0.8176426154806546,-3.0743398676506235,1.2045955594347235,3.801092510594829,3.6490527268887107,3.403601168368533,-0.15834810537244803,-3.042495898194714,-14.859284675442607,-4.465656678204287,-0.3753582877236841,-0.8324778972390192,-2.659491335176651,-2.4548580903231554,0.10131479408118804,0.12047872695998355,-1.7819485266116086,-0.2940399532403172,-2.326473684020714,-0.4714801346035392,3.797962590014423,-2.5386118030892133,-0.3990868997031747,-2.2782777404464047,-2.464687903764424,-2.217950002316976,-3.212712750246135,4.144068463195771,2.200978837027175,-2.9962195049912244,0.298025514524314,0.4243290707382749,0.566670994267792,3.5718738817815696,1.5169089794218145,2.2764095014290575,-0.5827374019146379,-1.5190968209339617,4.239530455567695,2.9582437633950778,3.4494045227449304,2.435405614543715,3.378413243927312,1.219937661209243,-1.9428781120402638,-2.812216994122376,-1.1328497094351202,-1.3132580644227319,-0.42353493519137386
HAJDU-CHENEY SYNDROME; HJCYS,-0.045653015145867004,1.4034466771962297,-3.255116233539262,0.2528082331404656,-0.4291707009726363,-0.694977542261715,3.9240708326422284,19.40201069619887,-3.706237221622862,-0.1493803452890559,1.387572855960813,3.5938196032917062,0.3452891875540925,-3.776121178651263,3.5634487644135926,4.172443959885073,3.7168811653223885,-1.4666541172163075,-3.553343937280578,1.6511845760025394,3.2139310641894347,0.48747752955538093,-2.4818005289958185,-2.2824331116401892,-1.9638501875186436,0.07770189708819528,2.107122619984681,2.0349118558763557,1.791430775387068,-3.2453601452843386,2.2332581173220323,2.306625500494384,0.7882438264878312,-1.491886180312725,-2.591434225363204,-2.637199465253544,-2.5761410152136435,-2.0045960213761473,-0.5303797089888505,-0.4391938067848735,-0.3186927887368768,-1.0140312375729525,-0.7631389009351157,-0.47002247225670263,-1.0336770843338394,-0.8355137957417633,-0.580483648873668,-0.1384687390794443,-1.9544889445549873,-1.8721778504641775,-1.750162812630209,-3.3216610980616297,-3.391735210844456,-4.450690768090857,-4.065524768233802,-0.12198023878051598,-0.3032266940839657,-0.6618535483594925,-0.9862620697348412,-1.2934961288895213,0.20807132309497803,0.14250990661839263,0.0678977386321733,0.11467551622198356,0.1269797100586343,0.13726648549164916,0.15073072834000759,0.6901211423788414,-3.8364606664941436,4.539929556984076,1.176114937592786,-4.184510201741118,2.1184587499305714,-2.9021577288661846,-3.0695186170845936,-3.1465920053207577,-1.6071464735883767,0.06699877706743103,0.23890559388229765,2.1202413087739664,-1.8075379342486753,-3.5694242974419548,0.1385362601185694,0.20455705195047874,-1.451546459435614,-1.607179290441292,-0.9774671023978696,1.2058506978256678,-3.0530336994619995,-1.9132792370622456,-16.42488765135106,-17.984747142749402,-3.591250815231289,0.7788011495121993,2.364702506000978,0.022654910681318856,0.65967546473705,-16.828231391843357,-16.580872889737623,-16.189246374195573,-16.510509709359773,-4.587763665956053,-4.124639507543651,0.5512116673541093,4.315010525593746,-2.592702244079108,1.6011783345140986,1.5947265009198421,1.5530420307411967,-0.36321103253254594,-1.7174826636246594,-2.7931411228156486,0.3817603332793334,1.5714625135101086,1.409519199339437,0.9537092316073069,-0.446222434540844,-0.7167303126953554,0.521675182368732,-4.52819969586344,5.955438312375627,-24.51593206361006,-4.716488465674859,-15.636480628855423,-17.743114590719376
HAO-FOUNTAIN SYNDROME; HAFOUS,-24.862397233078003,-0.7286122122086477,-1.2877199485741748,-1.2429710708143935,-2.770055154720209,-0.9604535979204304,-1.2683562768862355,17.049911706324828,-32.3323692647606,24.675068619841067,-13.01919954360227,0.6157923556890146,0.7127086068119497,-3.0062871418679182,-1.887477288379972,-1.5516642484193612,-0.7167342667749721,-22.740500782958705,-2.8946651929558422,0.6168788553177494,2.974461776068559,1.1248619044148125,-16.889971989255038,-17.46311884457605,-16.415177603876554,0.27529675755062183,-19.677238980268026,-14.849969863748006,-13.690381015443345,-1.829954718414412,-0.05194342103902931,0.23457601185129903,0.3914815486878223,-1.5138219840912381,0.15443431557741233,0.13808861239092204,0.11884960939829439,-2.784305916943379,0.9884459939467019,0.9776395404093936,0.8973706203410999,1.4299183210006274,1.3632817547347227,1.2389714327589432,0.9631712467103752,0.9038033465259501,0.835369037136566,-1.6423813897135118,0.8885968062589619,0.8490466988987392,0.7900473222939639,-2.3042508949130465,-1.0635918621899754,-1.2428455822559275,-0.873255005696265,0.5394202527079468,2.582757385888107,2.2966401939337144,1.8117649473459543,-9.362292052689531,-0.06308851836151855,-0.34853602336561607,-0.6259681368499699,0.19271488111302254,0.2381559128882592,0.5093450636783721,0.7885462037073758,1.0476643233571785,-2.52193294204344,2.105366867572903,30.585610877614183,1.8259868535309836,48.09556009315758,-1.0050054887484807,12.951907290545883,3.137053431989376,3.4340347266702285,-1.6692950157452622,2.797163885477848,47.671930354270174,-1.1838780124376915,-0.5226409745494182,1.372174729010691,-0.13363696855069596,-23.3077143322693,-20.896302637010177,-0.9198864930696148,-2.406450890717486,-1.529251241878491,-1.6106597255715691,-13.336116224566638,-13.428487292659726,-2.54983392614157,-0.44134725546541126,-2.0990181873566045,-0.1890769345054371,24.537803423602135,-28.915487051314333,-2.2817432871865035,-28.856686434234657,-28.989979438264136,-23.991574793642183,-28.500364700890746,22.16679028767638,1.3869470914361062,-1.0675264517629945,-28.186953525978847,-27.841751208964727,-26.998303814583817,2.2625220273598665,12.892595750515001,-2.7494618213295148,0.09863924320077658,-20.745126152266486,3.789646243678474,3.0567499953164483,0.5104541263378242,2.236174463326147,2.154284878800641,-1.8336866559788219,-11.297740879587154,-31.2421693823215,-26.539078233828246,-26.23043425615508,-22.076059145168013
HARTSFIELD SYNDROME; HRTFDS,-2.8776675352386443,0.029871402629163955,-2.6035772017939487,-2.108953801210326,-0.46169148284070544,1.4959629104838266,0.2551076419049723,3.5563808794409972,-4.048203926474384,2.6434985494528225,-2.419739877942575,-0.19694116465995723,-1.4739851355409872,-0.2344795070185546,2.943525033801808,2.8778341279688844,2.019399762965968,0.05409854862928414,-1.9564775811129147,-0.22156354876664702,23.654271649779634,4.347251916860132,-2.568949533160854,-2.9018494177521115,-2.933182765767089,-1.4302668414835362,0.5656454919569566,0.9723699710497411,1.4127967335208234,-1.8838435119782373,1.135078954849673,4.468013884274055,15.594394564520822,-1.1810324311236244,0.7966077278330048,1.2311242087644374,1.577910302029348,-2.429344399977565,2.3627728043137357,2.0053735170617415,1.637644340384968,1.9900446365476727,1.8109620002596356,1.6223399241339465,2.026694800988537,1.7667789626914419,1.4859604514470413,-0.5984513660251266,1.2768451067342543,1.5266171900114625,1.711093690151896,-1.985080320273172,-1.5775668337621969,-0.4231809420933142,0.6679298316358712,-1.4833215962078854,-0.21720461721849152,-0.08663986463987254,0.03261259278662904,-0.6931503082633221,0.02592657992240451,-0.17120507051382686,-0.41894586205048984,0.2326694313086213,0.11652436089993382,0.2663235511038312,0.44926507927739673,0.41506206865370643,-2.7737842581576673,0.13474062153133862,4.101935829842606,0.31478760732269295,3.11887701181826,-0.73238671342293,2.7715513486907493,2.069946741565019,3.251294382489589,1.7047111845188434,1.4700641071823652,3.1323993898802507,-2.8862796608718146,-3.232392560838051,-0.7561983218035367,0.7603925579967659,-2.4536809169231515,-2.026205738095044,-1.7452612477367493,-2.3629174999357785,-2.390975151152014,-0.12967971467247025,-1.745738159952374,-1.9399221804533469,-2.08831494881791,-1.9021850779542766,0.16764943621601067,2.070069707223434,2.0574064567213877,-3.0147119708333516,-1.246016933329762,-3.078141245692089,-3.1213225634914985,-2.4075544124368924,-3.1752993398300116,0.8163552552444506,2.497747004266187,-0.9632148586738094,-3.2565216150914544,-3.1504635617169,-2.9476658410130328,-0.329693524297105,2.3711594159373486,-2.0474829788268623,1.7249841154652106,-2.571603933486876,2.9504082325227965,-0.2894534926259465,-1.238237064764283,0.8932695069658034,-0.029201303289898544,-1.8843028583669006,-3.758180818826932,-1.800227507273347,-3.3599652202431782,-3.3493109867037796,-2.7046884582048456
HEART AND BRAIN MALFORMATION SYNDROME; HBMS,0.24986884732123307,-0.3904436436764625,-1.7926243524588266,-0.8946939878760295,0.615554747623732,1.7322315927664804,1.590634149115238,23.99881674423709,-1.2661974078142237,-0.30594712043289296,0.9271722240541781,1.9539875406981262,0.3852794020068227,0.031644358591928275,-0.5175697975169151,-1.2966115795052147,-1.6644084729024784,-12.12508402104364,-1.8363490199352475,-2.355041308371508,-2.43996397148992,0.6460965291758397,-1.4644265425906615,-0.6904568892335461,-0.10813171263257025,0.026591010632113055,-1.2861408638382898,-1.3436252629285603,-1.388794281652755,-3.3556810636120424,-2.980604326495072,-3.3581520645566956,-1.6490474218824294,-0.2750560476989577,-2.6771957959489012,-2.6722214340022705,-2.6132772087364993,-2.613799936146938,-1.073789930139462,-1.6035231198319222,-2.0179326230639343,-0.8128730151820855,-1.3426467705374745,-1.7892580198079833,-1.0271433287042249,-1.5676049598161472,-2.0011389072691443,1.0881456944744219,-1.8641593359428978,-2.07635278885272,-2.2261924674378872,-1.7123237289092903,-14.094919798075928,-13.728963478378613,-2.651893174885387,0.03400587372045553,0.23089484085922762,-0.5026246320980923,-1.340613041492118,-1.1469530619268027,0.008391220485722495,-0.21645343420568863,-0.4912729242432508,0.09714923494995535,0.003927591885683695,0.13262795134819955,0.30675227048168263,1.4681121355672289,-1.6684096167370193,11.522873827344087,-0.6066676196063857,-1.4582685124041186,14.832480181550734,-3.477497711562959,-3.278300282921172,-3.5367318201796434,4.94639293430118,-3.3589142077583594,2.455092666885184,14.742296206344779,-1.898817460074306,-2.06367256295252,1.712888313286542,-1.3651560613803204,-1.7327917617858377,-0.9925973729652423,2.1972482498338723,3.5785071327357025,-1.1978257844803486,1.400485038480132,0.4736644513008971,0.2095229562627094,-1.824488993420491,-1.0473143306146906,2.8883972293143403,2.2458256484520067,-0.9001370633564723,-1.211927442623367,-2.5656297634327414,-0.9191998641532122,-1.0942344179511216,-0.1977779635587118,-1.977813813776478,-0.9681169153594325,1.7229350113961859,1.6231814504678355,-0.532661943510638,-0.3757899445923014,-0.21005025959016826,-1.6850800646853226,-1.1593230704736759,-13.400466512444217,-2.846902070371161,0.14712253085534996,-0.4295902613294241,0.41663893204426694,-1.7803880757606714,-3.0660312541563757,-0.96454637585632,-14.674717783198489,12.835173068167208,-2.799302512382544,0.3610531840877486,0.23718985298856027,0.24182637931588952
HELSMOORTEL-VAN DER AA SYNDROME; HVDAS,2.482479108404485,0.6251470963499839,-2.8208295305698625,-2.257585381753246,-1.7111950169264651,0.7373483038683434,-18.259491118270446,27.30638181325462,-30.808092812810596,-19.792794991841077,3.0936549925835855,2.0039950564668216,-1.9104323666167033,-2.825363823529583,-0.5949363663036137,-0.35194421400253134,-0.04508125127030419,-1.4866504980379323,-3.2996403847141633,-1.3579422592936137,2.3621426776445036,3.0175623151945232,17.00608175603812,17.688697797663405,16.661945430497376,0.5110567260908471,-2.6753536515050222,-2.1278442555150665,-1.4994972559812565,-3.1094814742072163,0.567050072902123,16.97340807793924,20.639402606675507,-3.0930376546456384,10.10489912556552,11.276297300351544,12.16396534699849,-17.43731989463722,21.56684833340538,20.201600131849798,17.811153365163847,17.908532672024073,16.819659378878214,12.171624987862009,18.68671625555571,17.339320458289443,12.188498031339945,-2.9680522454361573,12.0133728161066,12.290643108664892,12.367234705757067,-2.4367291182244792,-0.8326774850941224,0.12072103897228587,1.0923596278483625,-2.0198997273590638,-0.588720357561879,-1.2536141490758819,-1.829336997277875,-12.60180897982099,0.9972053940100465,0.10249053456437014,-0.23032583323196695,0.5204546793896874,0.3870748715049153,0.6899112324725463,1.0178450947260864,0.6268476709148938,-16.71000092444178,11.257238530510955,29.38169854882719,-0.7156587069371574,28.843516011026843,-2.8406530330200344,18.233753172021064,10.253692652910718,1.247354409306609,-1.3505417796480814,15.313866910669022,28.761913272485153,2.997587528328536,2.723283517697292,0.559354368948663,-0.5610466234850048,-29.311653160507827,-25.930002423229897,-17.293787938756047,-17.276516902434853,-3.6961527688476137,0.21182326406904106,-0.0003305036544642106,0.09440983151675583,-2.5839870603309465,-2.03496882527727,-1.0489426932671957,1.5648783819206633,0.04802827777400446,-1.5925269094367014,-0.38611365279822607,-0.6432977182292398,-1.506853048332924,0.4994332369392408,-11.673925586128068,-2.5465260313378795,16.288611657715276,-11.165650173228224,1.3476831500527924,1.7250406240328142,2.06721073165537,-26.555691506329865,-11.482074674390166,-1.4781726573782537,-1.0428317650266856,9.57042979460002,-0.5248020202062014,-26.93143355809878,-22.1524527189099,-25.021982133555902,-17.52695391150005,1.6342055781448575,33.02363888146304,-37.13590229688422,-19.027000425864397,-3.6600177185018614,-1.5157408826214493
HIATT-NEU-COOPER NEURODEVELOPMENTAL SYNDROME; HINCONS,0.22949663759967232,1.540029840368412,1.0514320897135876,-1.2117335467356434,-2.9483469923711203,-1.1168120045264103,-22.234029971532937,-2.393550252567336,-15.611342877091507,-0.5205108420694566,-0.6450335872357932,5.00778534110021,-0.8910761911525905,-0.7304285961264282,0.9758063621686696,1.334937990239157,1.3059910273500104,3.1503401265314093,-0.9213348343943986,0.8417981055653903,3.0476768504807645,0.861793827934362,-3.2350550646150333,-3.0694322706640467,-2.5616395507111176,0.1453607448522965,-1.533185464788964,-1.6097554920090285,-1.6062765226624194,-0.32352601130008596,3.3131015019081294,14.667385791993034,3.144994866071862,-0.08966485154898272,3.0736759933943127,2.6968704851636947,2.2201481369700247,-1.3301692540006975,2.761704545871363,1.9991677198915376,1.1438120370033364,2.7057075380701674,2.4473190316757742,2.0922537693859438,2.833852708993538,2.436596075162085,1.9724590690966457,-1.3690252344611928,2.933805631219799,2.6366270545525072,2.2825130051159834,-0.5249680763388673,1.7069351940955613,1.8199745131329752,1.033590270814575,-0.8295902532852673,3.0763479298100456,3.1599995518103765,3.013926949979183,-1.5908970240714742,0.9153916410218973,0.7907469031862019,0.59398228458535,0.10369384856031821,-0.3502047448609218,-0.3335160067856597,-0.3095858056162501,-16.039860445091193,-1.1686748766929962,-12.127261120896303,22.834619922505834,-0.5677587575089321,14.750856404987381,1.676994640358049,15.984368344194591,14.759965790106286,1.1967344913499982,1.7504980716088876,1.6247806679809678,14.75901307085181,2.7291424873427195,1.4179798205564935,-3.895801215524773,-1.6738798986613186,-20.717887969540516,-19.837153388393613,-22.101142999231644,-23.230656779210932,-0.6143621545474326,-0.40653183543158034,2.5630952526055952,2.6996661234392034,-0.4317216987931274,-0.8971151751471661,-14.968695024001077,-0.7030826040647248,1.2575088450469314,-1.3796714545063224,-0.7304820166230275,-0.8188478627708471,-1.0512399530348673,-0.7648996722421922,-0.28279531296444294,2.0750248616075697,2.3518681612066885,-1.2477494296358274,14.679035573765189,4.615164356826769,4.613811882304543,0.8356249224345587,0.5060047807334648,3.404736135840427,0.5349393183242968,0.5740457082659587,3.29222739445161,0.3208351682642321,2.1002398563553726,1.111612087730658,2.288019446232497,2.8116175284856,3.5369957394313936,-13.036450647985523,1.2015795975861114,0.6310339438488305,1.9228620947401214
HYPOPARATHYROIDISM-RETARDATION-DYSMORPHISM SYNDROME; HRDS,15.103727572451817,1.8495115714767891,1.7297667709364484,0.1196356502650765,-2.8470566041342966,-3.1193863952883873,-1.4908919045815872,2.00248734263244,-3.7193820435693943,-24.024466099609302,15.290910277244087,-0.021257367105534466,-2.3204745514393768,2.1663699516605703,-3.5626230847630382,-3.112932518826663,-1.7741952970199588,15.669227417950097,1.800616606337934,0.4376237003591114,-3.326226794239078,-2.7907157768283635,-0.6302705809646397,-0.02197385336527364,0.5219629792309025,2.764533259610046,3.79120367351279,3.5261890358980468,3.1282341569151093,1.9147502123371394,0.26371737987241434,-1.1286178958427344,-2.044709687336214,0.7776639569777013,-0.2007287883617374,-0.34846283724879173,-0.4774549839612851,-0.3436457020056267,0.08805462888967475,0.0625320512697677,0.0328526803598151,-2.079793939145476,-1.8584953394292496,-1.501702747290471,-1.823692544051713,-1.6136615126119087,-1.3010987489380774,0.06965378204937078,-1.0968925336137922,-1.0663352745056076,-1.0173562709830517,3.3199422317745357,4.042922033722452,2.823370330313431,0.2969435671858826,-0.370224059132243,-3.145982857571769,-3.748217360628403,-4.029612237468047,-0.01748374112713196,-0.31956128399820244,-0.49121085233214123,-0.6074081850628674,0.33966573492036467,0.7576583616725794,0.9139270313919691,1.005998912450256,7.644249408886274,2.7238799175867947,-3.966511569894763,17.868565093190796,1.9540472979556258,17.976866357995192,3.8738024494299403,27.011568050992253,26.111919183489935,0.7064401101680386,-0.17671270808649572,2.0047992043759675,17.998435362862544,19.871020368631456,18.424813850177213,-1.96500802648132,-1.9549056115106993,2.899223584933547,3.646179061393829,-17.468503860724034,-26.352909289135383,2.055394072317441,2.5377042855267327,-1.3382622496218728,-1.9263204903913862,3.487835110879723,0.64547188685407,-26.013395640080226,-3.472745150039927,1.7725434235151611,0.008447950760774911,-1.9491908948886565,0.25812229524338287,0.007247567971718596,0.9283818037806871,0.24596145025372537,-3.0398207433597544,-0.7552810469461398,1.0261591991054133,-3.871745579973612,-3.978659997295014,-4.187645525207109,-1.855808776176881,-15.593819098742276,19.162966537437946,-4.705207532156253,1.2115967828767344,-24.64633789028092,-3.572395802857791,0.9192544688680779,-15.460785096614032,-3.7804990093531714,18.26389205549392,31.175708867055103,-2.422248892746703,-2.436024733384718,-1.6406465374305415,-1.8939243152099685
"HYPOTONIA, ATAXIA, AND DELAYED DEVELOPMENT SYNDROME; HADDS",-0.06572453493508731,-2.7394666195389634,-1.3084873319840207,-3.4023983041820243,-15.549772983948213,-0.705035851451323,-1.1772342108214464,1.823874263583927,-3.7678655619684873,-1.7588747670377956,0.4591545138250672,27.18707562741306,1.4974522698992419,-0.2201303743346086,1.9940192281167877,0.5545853674208814,-0.8149306744953878,18.41534269999352,-3.3319820279726233,-0.8844320039229128,0.9627593888273013,1.6919508960819623,-3.9401406382848765,-2.808259576581033,-1.3885109649452558,1.9639419662223374,-0.06952959218388989,-0.6220541340388347,-1.3673386622420625,-3.425634973645585,3.7157753133874003,18.567356239491712,4.569301285201143,-0.18548672082754838,4.179842047677194,4.391641962240203,4.52138804694062,-3.018962258895008,1.5793695443044973,1.5472455138822712,1.3517536051079933,2.0176406652499272,1.8660458049065156,1.6891630898602554,2.1200898585520878,1.9299982137819711,1.6547124763222354,-0.17521261200514793,3.24241671327486,3.3682938144534864,3.3991323504796664,-2.519176073752824,16.699621214984827,27.605784601887294,25.8535954655878,-1.5946171174859813,-0.03267203337064454,-0.2516994067665735,-0.46299713389810143,-2.0334277013415005,0.9367037792232444,0.6464625802102675,0.32366869677839966,0.3424977401387162,-0.39954697813108986,-0.2802675750861851,-0.13724446947452032,-4.509366155795829,-2.590239545808863,-3.2838821415577613,18.200094204642465,-1.2854728249874305,4.7022183834008775,2.8293337256772513,26.099180682210942,19.761441792223955,1.9145742723556598,0.2945220665423269,0.20432439988980325,4.704481550098884,1.2180632016047717,4.505121329886913,0.6735627185869918,0.9716749169820627,-0.9598274802236714,-0.9846567531860091,-30.27135755026682,-30.661731163495737,-1.383361070009017,7.1788238770955655,3.3652822786960828,2.810014059069501,-3.489178790923436,-2.425988412041602,-5.190497200692946,0.2017028071264798,0.5885347705210618,-0.649515221867019,-13.729239596129824,0.16017176145504058,-0.3211669046799761,0.4168021980734025,-0.10979171407464838,0.08714979363268979,3.2919378276294977,0.7993485803335356,17.138971993855723,17.364655574772115,17.28405034335907,-1.2622997878937834,-0.6953377321351187,4.982911419649346,0.3125281915879113,1.6007801072077523,3.1504527369868933,-2.9035888129350687,0.4638510367476983,-0.33648125356718783,1.5226407911262,20.77994341222817,3.870438242306478,-18.20518803837711,2.8130587846779216,2.5285090758510793,2.822135827988818
Hennekam lymphangiectasia-lymphedema syndrome,3.0626161783832546,28.310474026691757,-0.5948464603406609,-1.275223192023449,-15.562164350123153,-3.097419269451142,-15.50535460362116,16.876236464208034,-18.125454942756196,-16.83498909187672,2.815473178375032,3.6885147489585823,-0.4942624099173227,-2.728674193154905,1.1281076185293195,2.029107441837292,2.3048390451883547,4.632996429664697,-3.601704879519041,0.9659138706290701,2.1201856813831372,0.411804271638302,-1.0657956672373095,-1.0712537057899807,-0.9690046145587133,-3.733552141791579,3.052062196880147,3.0510592295666825,2.966072713962087,-3.9677476853329314,3.731844588318473,16.295726999500626,3.4869458569815395,-10.202569918120318,0.6277085493259097,0.5723686078627985,0.4340631179810774,-2.7890464058001125,2.0239821432606178,2.0276858581754187,1.9024081517989657,0.930470500473539,0.9492338646848413,0.9291317259842286,1.3172696192062223,1.2965204873847362,1.215203885095607,-1.1067562018190955,0.6300022051709406,0.5951253157896806,0.5615572221618084,-3.945484587707225,0.33390247375280563,0.016625850362647836,-0.2925611854981048,-1.510448481546321,0.06937311572189582,0.18780145018187447,0.28893259737844035,-0.20457500259609135,1.0293085225027094,0.7765012609515864,0.4474024381641346,-1.1791381585638,-0.5383391048483087,-0.3436624739123987,-0.1029436629030388,0.6499356095529922,-3.3642825846931625,1.7013422764416803,19.552140105382094,0.6226149371089484,16.98230668583505,1.5974289849185617,4.840345486021853,4.4987219186409,5.320275878311087,20.73073882062475,1.311393105639794,16.89079091214948,30.562803565506297,1.5077892693009125,-2.715315907556539,3.691477179779717,0.22246372506548487,0.6308294789597662,-3.797862860074018,-4.689835440011229,-2.5559326410447802,1.3634885130525485,3.3092003101778595,3.0977711187343964,-3.1975286836771097,-0.2549400580276655,-4.173978146582319,-1.1711618917051352,-0.020557901229043572,0.9660009784957645,-1.8595330996974986,1.7658317137093704,1.1792908666190605,3.267294307622292,-0.3907373367757482,-2.7324739773360025,4.355523879208867,-2.953392916525081,2.8888407315386138,2.9489993463188218,2.9768345459948042,-3.1017755816452746,-3.278149741325117,2.7002185668321133,-0.5067330333342107,2.6321112685272388,-1.346583225721728,-3.9609968330647316,-1.1367561358528537,-3.24061334389252,-1.8950456232878978,4.22339615798246,24.552769877174953,-3.354845721257619,1.3891792226468704,2.290704713830553,2.880858592210466
Hermansky-Pudlak syndrome,-0.3879201932032963,-0.40806844169269696,-1.7271423624246718,-1.0706875292404012,-2.32584016580468,-0.5757379950589033,3.060632956710235,26.279699652131615,0.25920467873882475,-2.6557186408227595,2.2991018090472104,26.829391782233085,-0.366181928482955,-2.360908966819479,-17.10859161779871,-17.58740120061952,-4.367667814864279,-21.768411339241936,-3.6460046173054255,-1.443283291138487,-3.384444959777514,-0.7184457514283175,3.7773235356287618,3.669963996124885,3.2510510800762003,0.368399578529889,-3.0353567746782124,-3.077359126251293,-3.066712190592095,-3.427537323326044,-4.259022858322121,-4.763720114067313,-2.3478926772388804,-1.0862965674527774,-14.335998315421646,-13.814728067522825,-4.046367406356577,-0.6528738236297464,-3.008696036782168,-2.8605875553087152,-2.5246499298622496,-14.433470305923574,-13.837340054783345,-12.88019690224803,-14.88626534358681,-14.371620800922443,-13.186973851180525,0.42714571653825345,-14.434022583443214,-13.862785943307527,-13.12481116804014,-2.6354185857135723,-1.1325141479340037,-0.8706729350053051,-0.33901380236488565,-1.2905305513339727,-16.87322385853964,-15.936082509189891,-4.23105621988811,1.6235309982811812,-1.0308079452002905,-1.4361851838516297,-1.7272232287176277,0.49344070350026226,0.1886583985621727,0.4528444561771984,0.7713521469053123,3.1088059761245215,-3.711246200018372,3.216147696512276,-1.1138667797017905,0.17485548350970292,2.240014983866301,-15.660947462526268,-1.0011949781727334,-1.95839365229185,5.278879300111178,-1.2421221666432882,2.1436796900010084,2.2220887898604786,-1.0881181192334908,-0.3233910613327006,-0.04428884243935186,-1.2975036667650262,1.5981825647437073,2.5954190346627466,2.533919375323527,2.674450424076744,-3.373731206587033,20.100547854731097,2.98120303615758,2.1183492293855215,-3.9407120787217584,-0.03409297450071003,2.0698218861981807,0.7876623673241209,-3.4160451277087382,0.00818275103951664,-19.938469254527206,0.9171905593608332,0.29765868079905794,1.4918178836033364,0.061259382081566935,-2.8215391740002485,3.785397348450561,-3.8233493598838417,1.3107600227643659,1.4804133628807512,1.6113935299512228,-2.532230894000749,-2.5580458364159884,-0.8354875694681019,-0.42209660055485476,1.0549374435018049,-1.2068277112084846,-1.6448298731042175,-1.6496656974952002,-2.6600085875790147,0.5030207660974735,-1.0362833083443532,18.913593892404347,-4.771698207694638,2.1439216318145546,2.3931632215545084,2.3930773737213635
Holoprosencephaly,0.7594384220328494,1.5791832697935981,-22.889490364752625,-3.2692645723638765,-2.541749836769139,1.0580657004411067,-25.82031993844427,23.885206294667924,-12.080062881277687,-4.263524795857761,2.8938536744713463,0.8483510186602834,0.03538356562214696,-3.5436876875933123,2.52454840476976,1.9157373233910286,0.8108009783568914,-2.133516479377031,-24.521830119929273,-2.485675765597563,-0.5179682237159493,2.0578987755548406,-0.12193453753227927,-0.08129649742421544,-0.040607671842923056,-0.852465742268585,-2.131681127369611,-1.838726004926527,-1.5328699411573017,-25.70938018272197,1.1408095460035783,3.9042074632741617,17.06310879717258,-12.321693987990015,2.3415130203364205,2.3271365812347886,2.2443923574565803,-16.28591918570664,3.709351038860948,2.858566291103676,1.8607230076668666,3.1449365715661344,2.6516929801373132,2.0908077227563506,3.4400744789674893,2.810262903041038,2.0657759162514178,-2.199461584209703,2.6374832946560316,2.4605301382169404,2.2625789322171226,-24.09256874039617,-1.0488354886780298,-0.1901471615156646,0.636660324900504,-0.9445616038713491,2.2418100648334343,2.013963314455218,1.5651606347229274,-2.5866876977574877,0.5184354574418232,0.13674073775397164,-0.20230885953397945,0.45502100845207816,0.24470937948953328,0.5197006180074448,0.8273681180211783,-13.115440407042161,-25.925487427835797,12.534339930173807,1.1771162755091495,-16.19150862651535,3.7886817874210497,-12.559035905797803,-2.632411175629291,-3.022500349084241,3.822346261619805,2.4425783664378287,2.4470435608460046,3.7811988785903123,0.35599412635219485,-0.9551840806094133,-3.6223362445826033,-1.152107600846729,-28.966118142805485,-27.62046081065454,-2.571678793623188,0.6680385155446594,-6.329459887200917,-1.7133161460364619,-0.7926243548563727,-0.4043213892726361,-23.953124778617852,-2.234512471087873,0.17219027063053205,2.30108989758259,0.21528514035931354,0.28549469627447543,3.190746435648184,0.6434810424724043,0.33052852128795357,0.41389194525065204,-1.7251456593098533,2.3117210481507886,26.164996987707468,-2.701396600852375,21.0563373946963,21.695720808486676,22.07617027800148,-2.4278788129354316,-3.4711791150516405,-2.9923619540547333,-3.434199616965064,3.176634389219149,3.6747700610460106,-0.4703259224272434,-2.0796884496035695,-12.596045629797601,-0.031827512842455816,-0.05399221229446269,23.384002110073,-17.9500642116263,-1.1215526964428872,-0.7508874915653165,-0.5767160160106705
Hutchinson-Gilford progeria,-1.3716806132151445,-3.4806077297462865,-2.567928315788735,-1.2097607124300254,-1.5091472194975148,-0.04472579126327376,-19.43454002194962,29.783594394126762,-50.00951085239873,-0.5333946676530913,-1.046701965027913,13.354375932635168,0.831039009012645,-3.0271321685852963,-1.4331992223194,-1.8858141179364092,-1.7383472499059256,-27.23964475780603,-12.347275398058317,-0.09722484118455767,18.55503752748746,10.30672202958195,0.0817324679247761,0.31402013073922913,0.533804645302137,1.232334728910532,-1.5833138596889764,-1.1285408793328817,-0.6225527476696247,-12.573415537205557,-0.338254711703446,1.7330586481340338,9.294909946054508,-1.7630244695785717,26.86736429887337,27.70914799927415,27.92585293170707,-8.984466384049602,32.793960819723786,32.050799702074976,29.855619708099525,24.651755832872325,23.938476899442072,22.613660445488552,25.437155126729305,24.61148340299342,22.811446457368273,-0.5047781083788705,25.865577677230068,25.992255681446075,26.05803045152087,-3.006246138245958,10.203558038656997,18.518187752641747,17.504259094956552,0.37652629735539206,1.3481502842429132,0.8106693680683192,0.26093269979790445,0.04118374694798111,11.429345337289071,2.335557396216474,0.15523825977358388,-1.49849167538165,-2.326773825779579,-1.3195871355851805,0.42097925241854933,25.670249417407543,-10.835279318198902,9.496447543196126,42.472995424102116,-2.5251718210662886,44.688350522359165,-23.012543734425293,11.2925700291226,1.6193959421285782,2.4263933666021855,-1.8192454424130207,16.503226512561593,44.661364487378044,-0.3388566033469268,3.1378640762743055,0.566470785942376,-0.9303395529501398,-2.7021047341717312,-1.3555103391398977,-18.93629970158724,-10.496135295631044,-2.8293625037655854,0.22505977566654212,-1.3100589296863645,-1.341004514456237,-2.9009579559422702,-1.0888207622361783,0.6699958669381503,1.399915030903213,-0.6777127355636089,-19.52371662132522,-2.26523717848506,-18.40471826298892,-18.845477440706368,-2.253679153536293,-18.444027407809397,-11.75657976025866,2.790121480205701,0.1804152842285264,-26.352843676902282,-25.588131002269616,-24.4561812462607,-22.67494208129301,0.7034807184686709,-24.181509916799033,0.6385361574470394,-2.572048999626489,-17.728392021895274,-18.371179210386657,-25.271205571399285,-11.022439289510737,-21.861610795042306,11.63490492769312,19.884740258372073,-29.893227759435696,-20.53990230758972,-18.355302469345762,-3.0033206900906504
Hyper-IgE recurrent infection syndrome,-3.9160446620938725,-13.107398854010958,-3.7462218269110994,-3.5478660299263205,-15.369296351768307,-0.7110381550961703,-0.853189567821345,26.08672257676744,-3.0253603597715157,3.7441269730355935,-16.029515252689485,35.88768765708563,1.9699776806739444,-13.318264122879672,-2.289809124214644,-3.0285530597771664,-2.9169626003820968,4.986298381352808,-13.628373617123913,-2.228578823332956,1.694190507016869,3.4235737067035066,-3.4105803418993372,-3.2106067697784755,-2.6966997667623014,2.580743665554312,-14.624240997452432,-14.02620599020001,-13.018089220378348,-3.778001567471287,1.270673298541122,15.014465368125274,16.183778801642276,-0.683389048020455,2.542560185199523,3.0010488573903347,3.39196743696271,-2.1538772903856382,-0.4035844611978867,-0.5728808281499709,-0.6998274766449808,0.9336960922948233,0.7613693119650145,0.5466323197815083,0.6264311650236152,0.37410011176689734,0.13754637714853946,-0.9891892965488402,2.087079321607752,2.2581553927484443,2.4095507942735983,-2.9805523040050685,19.068217234961633,29.655562893393256,29.564183198230037,-2.373593722182964,0.4278193107816712,0.5283300174311784,0.5562690504319586,-4.444034945776956,3.4351749427303973,0.8496689374724279,0.5736174268687174,-0.4148829345789859,-5.9188335810413095,-5.372747867725491,-1.3421248210072616,-16.014565445432513,-18.33386893516666,-4.000402180456923,15.789692331675607,21.628987355429498,37.21500728805904,26.428137135715605,5.2778919909170705,18.889923232531387,25.56326024993782,-15.717719229605587,21.427403575334377,37.38744983503895,4.514961782776225,35.25360073963863,2.876146905241658,-1.6103933777077177,-3.2164021434898373,-1.4276524325992404,-0.39185879082729996,-3.7082402242117443,-18.586080083147017,24.930809769642952,-1.6419636025570283,-2.4652928843560087,4.555811346458298,-3.9892745656322197,-34.62964560240248,0.32549669544768733,15.153181640285165,-27.208673786232936,-31.25817741295702,-24.517386760675393,-25.69835232847121,-22.07885792406428,-15.884604627235282,2.4181959520143614,2.0436352729181455,-1.0937965713364388,14.639446119689522,15.475474519000537,16.035747800347952,20.841799155366193,15.713550368229084,35.55336098240875,29.320604155344448,-2.9990674396759087,37.68093249773926,1.87977780584705,25.223565558440093,30.126734693092118,27.357938273399395,32.88016514680785,2.6702777680383702,-29.530930600350235,-2.6483820607385495,-3.016977552356168,-2.893410686538442
Hyperphosphatasia with mental retardation syndrome,20.77657091500694,12.794355423625529,-3.1212767387219604,-2.01680843714953,-21.866950410113333,-3.0527568118618142,-16.62898182819249,31.58602878864135,-19.021569425817777,-36.60319269689499,28.352283640723375,18.98050943569447,0.795680920595666,-3.413459090298093,2.072898614453115,10.002563294046613,10.467832663399196,19.48455275782319,-10.671227283073476,-0.04358897911804414,-1.4698501206529657,-0.9106309728283681,-23.033894014664476,-22.3619883739682,-19.753660539741784,2.488495460807083,0.6859140333577368,0.851594485495615,1.0018796273101678,-1.4030225814560189,3.3412856758985843,13.860178348694745,2.582444935789871,-0.7301882668155611,21.161539732027883,19.905290811685248,18.2198029052018,-13.906585119677892,21.76067207153611,20.82857621236464,18.739216055308336,13.140002697192502,12.772242145300835,12.004961998167776,13.790281885631117,16.80264065488783,12.59222345071375,-1.6309511967827321,19.077954411166058,18.086115903208853,16.819143208110027,-2.037364630686245,15.210390551431798,11.999322990446288,2.1984696651169706,0.49834152335152687,1.6043022314988282,1.0347981206955157,0.43053045709133636,-1.7370913680702162,-0.8387994317058605,-1.037846214172898,-1.1474541430787437,0.3453219449839265,1.6148168559471499,1.8582446202115916,1.9979906680370998,3.5982647126004075,-12.065231660464436,15.277569110972067,22.88834295745092,3.071923513237053,31.04961897128518,2.785063290295114,20.83688250052828,19.95835680984685,3.6431350814912737,21.398042677245332,1.661368790058774,30.94950920820061,22.947246001683112,2.781936496420584,-9.9876719734059,1.8156922100886823,-0.285887419132539,0.17923241742115475,-1.9201705566593754,-12.969095772012126,-2.8653190499511627,0.6426858320234998,16.83599907225276,10.753346255218801,-1.9207332856282784,-0.8047304885240476,-28.448061168012,-1.9225106799114586,0.13070604689484555,18.091449169229907,-1.670628544106252,23.44271856269426,19.18511945920401,24.342993747228657,5.562474731554715,-11.269570590373508,18.741959356017688,-1.7136488512465482,12.623992425232661,12.930297259904874,13.093827483276414,-17.598449137979944,-29.81350936522949,20.691550556542314,-16.936975885778622,23.67664768080099,-15.242291502336624,-20.346026816615574,-0.6299874521648196,-26.97055988217727,-1.7378232193389822,23.472370839040575,33.70389807253584,-22.002607309487132,1.318056861496781,2.531998030074877,10.034678915904301
"Hypotonia, infantile, with psychomotor retardation and characteristic facies",17.08915585970096,-0.9607843005351203,-0.7117005523933079,-1.503538256360428,-3.181893928538292,-0.9890271573790745,-20.92129500752747,2.292907427884582,-18.115148322344055,-23.939915571958224,3.577905111569906,4.519335064525133,-2.065937253276169,-1.6499522016772576,2.0045253363656172,2.598296140853642,2.3456393368853448,-0.752862180852,-2.7312260903553205,0.05609180678029916,2.3137854419135557,1.5889369319233146,-2.3819894367788663,-3.2157979438643625,-3.5856028336794727,-0.2950441756405023,2.670392724105925,3.184405324154712,3.6080696282675815,-2.613774796600303,1.1260248843952543,2.9713883996887223,2.7595778908246094,-0.9256703518244619,0.07823333257649977,0.13075077502659552,0.1813193825882714,0.10546343335934301,0.32186662694570717,0.5213181846077127,0.678871271370534,-0.15523960910542506,-0.22178002700668215,-0.29379799471013024,-0.0019284251058911187,-0.07973860174489149,-0.1574877401334758,0.6389397690897185,-0.07591576092937498,-0.08078360369003147,-0.07905648497707421,-1.7307365142272946,1.3384501637695032,1.5667819179039577,1.1448273913094984,-0.539293738645482,-0.8661535510160044,-0.4793128745385758,-0.08314697015957954,-1.0650300027315172,3.534996006020557,3.3822733140571106,2.9122356178001314,-0.8962488786685754,-2.085279251348309,-2.109324588200766,-1.9340490797654395,2.112742733672418,-2.5214630800540148,1.8225681267174079,4.467722924694206,-17.943462962528304,3.145195613020282,-1.81858060026025,0.9324468348143133,0.4356683760852762,0.04205268765181022,2.3202967014761122,1.6195628999627558,3.1185903692133095,-2.5232896705670487,-2.0115212549373553,1.0178723353533883,3.4461822233547594,0.10783641491096127,0.5932402797386026,-26.366582605667272,-3.838134864138952,0.4986572449850242,2.9461986250741172,16.101559049553327,16.463096158967893,-2.411408634867755,-0.6611951535469094,-0.7834745675493057,0.3385356112806422,-14.547688665750202,4.1491253629606195,0.6141259535190761,15.72806883282635,4.4412639426695595,15.5127802133702,2.9155567874109654,-3.73631590091063,3.1927488058440368,0.9299750075538937,1.9282496158127298,2.2895964299722147,2.580077496522819,-17.433408873387858,-4.013144587965862,-1.8608259433397043,-1.239885323166191,3.0628388045904176,-3.258797415541602,-3.7390054198184552,-3.6940973326981976,-16.221664873792115,-3.6201524641060683,-0.016320699263541467,2.7845544498532244,-0.9043961758227722,16.379739002072487,20.721590029362158,21.6267708389766
IMPAIRED INTELLECTUAL DEVELOPMENT AND DISTINCTIVE FACIAL FEATURES WITH OR WITHOUT CARDIAC DEFECTS; MRFACD,-0.19258033496137836,2.1312247505866346,0.7151114930665089,-0.9746193561350668,-1.0063899189535765,0.13903067886592582,-27.822447940148304,0.032867023395781354,-1.0123475410300222,-3.953427620373331,2.077515384022532,1.7581938078899375,1.5461820552673236,-3.5795442583097623,-2.5067637146456274,-2.990403456404463,-2.680733874967475,-3.2000726382707496,-0.0741975980053191,-1.1772505140316056,-0.7160409499311183,0.6138592497449044,0.46784072330277715,0.3349078465818064,0.19069302647486078,2.999548401750078,-16.88672656163209,-16.529496484251673,-15.811435083229952,0.5366648480081387,-0.5483223476070674,-0.04704267233701645,0.4511701979215974,-0.9098440926817195,0.7162108786492758,0.8623267837036119,0.9817908085658639,-2.3081775609934985,3.4985865880355966,3.3687628719839124,3.080361996083194,3.3141893999781646,2.906196528309615,2.3618536575524245,3.337804430999959,2.94269039424767,2.4075301744114808,-2.2257386597965514,1.9793460021458784,1.8195801273413776,1.6297612993665105,-0.03953156548375159,-2.8392488384481567,-2.84038985571261,-1.575377934398687,-2.8201533728172903,2.0169487905080516,2.440463374585721,2.5719048286879764,-1.9891001436893443,0.4754544679383352,0.3005767775644805,0.11035087962067382,0.3903461642891998,-0.0192777521984339,0.12184576803616733,0.29719712483637833,-1.9879628522269384,-0.6841992869000393,-0.033310560203914014,1.0101457923946318,-0.3400341178147261,22.100009951834217,-1.8486174349608875,1.4529440686165813,0.7855915284629742,19.17408276223227,2.65768777222398,0.12029862976377782,22.082315438123672,-1.1149872829566725,-3.7142178582516303,0.02881380157716687,2.5934946374066623,-24.387833087220585,-25.92234952210007,-1.3777170459682595,-0.9975256429730825,2.2941453984549325,1.5253441083947858,2.8267886484487508,3.5878949672401683,-0.26050277254514825,-0.6737448316018992,-0.5949178252115696,0.39584604555480235,-1.9736938260685177,3.5023898161723084,4.6745426569777395,4.136015669586615,3.617741675662904,4.220141050781893,2.1710746286598566,-0.3515668140838215,0.44969985160743947,-1.3534152675300108,2.507344111356919,2.943842439382828,3.3425863993723897,-2.347454366393027,-2.135571152704669,-0.21155044401934123,-3.587741038228407,1.8106010523266367,-0.12137058413254033,-1.8154402912862522,-1.2522679948352167,-3.0847716771689573,1.0655650294292611,-3.045023196737933,2.9338527298911967,-2.2846226990354115,2.230671424161019,2.6254291622326753,3.3427909467935746
"INTELLECTUAL DEVELOPMENTAL DISORDER WITH AUTISTIC FEATURES AND LANGUAGE DELAY, WITH OR WITHOUT SEIZURES; IDDALDS",-0.008235099639764322,-0.11371705530829161,0.6194548951589092,1.0818504165846379,-1.1171213469584986,-2.5070124852502715,-1.8043200999244453,1.2521896052032033,0.07619552213443266,-0.3239397669809077,0.3800639667187611,0.34542161329197985,2.3307434580955344,-1.681620247113853,-0.11412164090787587,0.1441779481925153,0.36476445507288147,0.22152115967876482,-0.4226107975467519,1.7124255533143367,0.26477531207622684,-1.485719276725999,1.1522470445633504,0.9420354271855977,0.6394499300488659,-0.31539669533285136,-0.3054722438208861,-0.4303752433240539,-0.5865461114790577,-0.4733831462579898,3.568315402652454,3.1092224815589447,0.5364322937708679,-1.318461614582006,0.6550393154974609,0.3042163582384093,-6.69334418633473e-05,-0.4039737472118204,0.41502342060583,0.6032934077967075,0.7159834084620416,0.5223961941969025,0.6253811717222254,0.7072761235117448,0.5194563808175899,0.6873621383086773,0.8119581396732205,-1.1552847087144902,0.6531843448926137,0.45947191412500443,0.27555702891464456,-0.7963940987335032,0.7297969794098724,-0.09736533360803795,-1.0803584325143243,-0.5225881627361371,0.06982185688190416,0.4656075409048036,0.9067877081707164,-1.4881342519657743,0.04948825216016586,-0.09721598298009813,-0.25769168797715547,0.07793831862819331,0.277252503941766,0.4912059241936149,0.6933167284015581,-2.58745839466975,-0.8702372056285083,-1.2184008942056004,-0.20595683947465035,-0.9302437789033159,0.4800372066834492,-1.2252577135230436,0.012404066228177203,-0.19914594649023945,0.10603627756523432,-0.8617624149244082,1.013487947497548,0.49684669561478095,0.43519013147186114,0.619588547753282,0.33080697970025374,-0.3600394384615314,-13.154546836000042,-12.578646066018354,-0.6877035309532931,-0.10665820129872254,-1.7800481891466788,-0.7828757063751619,0.4736645764277423,0.6646278132746367,-0.6747426878856219,1.3010388181709414,-1.3301671889328615,-1.867794915684683,0.6302745527353876,1.2248118775516912,1.653269806818357,1.244332251221787,1.2768120390894109,0.49470278043350646,0.678887125952834,0.9511256692273377,0.5533949382472925,-1.066539365703347,2.4808280369634743,2.413132547193567,2.246737251407139,0.036410116454436016,-0.40941923759324655,-0.5904276460348223,-1.548122624965835,0.9192038037492951,3.093683317463464,1.0479634950639043,0.33931588832295373,-0.8730557237304849,1.4855339720512477,0.10658050895097698,-0.7377439127159948,0.3072724069189217,0.48425399662967206,0.3328444319822399,0.5393327635721366
INTELLECTUAL DEVELOPMENTAL DISORDER WITH CARDIAC DEFECTS AND DYSMORPHIC FACIES; IDDCDF,0.3618309822724078,0.5205954962125274,-0.8143297696077162,-1.6846499200327398,-22.01479745057199,-12.703312962185226,-1.1169075723816162,1.9122072530662715,-3.362304152853731,-1.895882636592171,0.9662986798384546,15.126786269595401,-1.942361883997636,-2.660455541220302,2.3220337509353492,3.5978452645227437,12.332503289158408,27.40245256684078,-3.5946701696409304,0.6958828107110323,-0.32326696491126033,-0.975491827559438,-3.266555896491511,-3.6845727085721958,-3.7562432193341593,-0.8251929524867351,1.3304182688263917,1.4157151087969613,1.4680046434658454,-3.527449340994787,21.254044114115636,25.244691802013104,13.648337397045577,-2.0302552335245307,14.683782277895371,14.211306915412807,4.143149892083501,-2.3749003842466183,2.0615238425526776,2.0309024067693944,1.8977455530386766,2.266180225343592,2.364655559080408,2.3758636268282727,2.271685817185521,2.367906006464376,2.3997647589496447,-2.0730696144991843,3.6500290984387873,3.5572141631708263,3.4498874584330625,-2.72344919215854,21.63109378742563,22.85690114373771,13.761313364567677,-3.270555112017217,-0.058251621582405884,0.15223910975684252,0.37998013362089994,-1.3837349147711988,-0.2629589010580027,-0.5748884312360669,-0.8447677650724416,0.04227358073997703,0.7245141976956758,1.0014779026683094,1.2442459676781152,-2.4432518610181386,-13.218058809583603,-0.315768395547602,15.194205844039349,0.2062122547266156,2.0085970962437476,17.012425418907327,15.360910131526406,16.598101985680227,2.482366461973991,-0.17603297209102683,2.3015347587904897,1.9612915264525073,20.708242314119357,27.481429441892274,-0.17376439705371982,-0.36817082344244906,-0.6280152710528376,0.024074387893408888,-17.10336957843368,-17.91005005094132,-10.06970786568805,3.1084345235847426,2.4926028582184125,2.297633157593728,-2.1048602288081435,-0.8816941143967444,-27.65326596592289,-2.5512486276264768,3.182201537417818,-0.17559273723465108,-2.877076672797981,0.18660176703358955,-0.00015352039192412521,0.2371264629175856,-0.39128289071926936,0.03643547904052806,3.231602055339892,-2.8672052363246916,13.682320064723994,4.206391383321721,4.09030158658399,0.1595092728901713,-1.2438022573748975,24.62318326551161,1.2175535476354657,1.8820617948176048,3.420818107417346,-2.2017328132179843,2.1813387589473563,0.2920215762786002,1.9415431582584242,28.677540813592255,0.31738214367169515,-2.4923293491969747,1.983216714339577,1.7047292586219411,2.1704184249827185
INTELLECTUAL DEVELOPMENTAL DISORDER WITH DYSMORPHIC FACIES AND BEHAVIORAL ABNORMALITIES; IDDFBA,-2.2892393178921675,1.6249752674515587,-4.023424496057694,-1.024311281770705,-1.310345539391632,-0.10633981858200513,-2.306675664534642,22.992322909624928,-23.518054278552484,-0.07224917322525752,-0.8837450660022719,27.450137086809452,-0.4558459070434907,-15.177930803131881,0.10778410216562986,0.5607601406827376,0.8976221241050325,-2.880127371085779,-4.349721258325203,0.5461805924407444,16.000493801034217,2.6001083211124216,-0.8102019031591094,-1.3688639906266817,-1.7948712738521437,-12.594545686187045,-2.6218176298046854,-2.050881746562723,-1.4595105019068682,-2.7343874106857258,1.5483532885912148,3.210049190794242,2.7470703609210276,-1.4888788940010056,-1.8695223558373053,-1.7567189797744982,-1.60329584354384,-3.43021712852907,0.10101652636303532,0.12561749849493836,0.1429623973230577,-0.1318701277333006,-0.317741302589457,-0.513305318283953,-0.12035718305582697,-0.3229698336555812,-0.5411592682132456,-0.7279012907331384,-1.0635185042524717,-1.0944600923105812,-1.1136107976076686,-14.635009070826113,-3.8254918434808225,-4.285022589018101,-3.1589548307319326,-2.6586821025647156,1.451487094031047,1.4133781067685773,1.2216893884795157,-2.716425137338947,7.569372738889496,6.617916791015671,4.946627109160469,0.26477162444189684,-3.4914447378347186,-2.211415287390736,-1.415060066052008,-3.545508474669378,-21.287433676902562,1.3786810162217789,15.238174962857642,-1.7346266936617918,27.53105225570978,-1.6265767018698407,0.2757012913075318,-0.06415574831063206,-0.36789066228273254,0.8721091997031898,22.615551570468252,27.58073447787499,-1.9953233259304675,-4.206318561770949,1.1522262749590295,2.1169736874522505,-27.144456020461394,-21.472624747565384,-2.0480916371834215,-1.0448887267025142,-18.136347327444224,1.4647076969857649,1.3185535757632372,1.1939243638162007,-3.577334508079012,-0.746499896858749,-0.41987522398558497,0.5614550093800506,0.755054341973067,-22.20444629393399,-20.82601860100087,-15.075730765359186,-16.83204864425294,-3.62367292176662,-16.429665824493036,1.0377084819738498,3.931032210857064,-16.333433535005106,4.172579561804516,4.295038280218482,4.429179636637131,-1.4698012469343076,0.5861595988232546,-0.3367018305756928,2.971363082715443,0.059274309385312605,19.8848765762016,-1.3226166639073784,-1.1125072863506535,0.3259881419406713,2.5772559080433877,-15.022596229569027,4.590196401133037,-37.52256030034605,-0.18426373499598084,-0.6296005960224095,0.33453552123989055
INTELLECTUAL DEVELOPMENTAL DISORDER WITH DYSMORPHIC FACIES AND PTOSIS; IDDDFP,2.5702981772208333,5.083529303482724,-4.243235209538334,-3.4414370030694363,-19.112198826232913,-0.8084641694181491,-0.6687851652687734,29.25470991691971,-18.485779575777062,-15.364466116552112,3.6296030482368598,19.734013031240732,-1.5125720965532181,-16.054534238942047,3.092914643785158,3.3657122835530373,2.7370899111280775,16.60233998582743,-15.897989065459145,-1.0841455208228086,1.981752064319828,2.5056123206269025,-0.030120337884305817,0.14859912086468627,0.3242091706940555,-21.115636845417722,1.3263231351930058,1.6101050206970595,1.8140779059398875,-14.620362538369204,3.4454227570132048,29.847111639240797,28.466979299424516,-0.710751158890337,-1.0182893281580043,-0.6289318177517375,-0.27723690836313913,-15.714683018829945,1.436796069416258,1.012842002419297,0.5827068553772936,0.09590471977664636,-0.011754657109245132,-0.12082055332737261,0.2101137280659126,0.0062799262210932495,-0.19763720085813002,0.472910228013697,-0.5176618477100875,-0.33473509269304097,-0.16311867580873807,-16.33258092059958,-2.222163924838658,-1.4137974923919776,-0.2321417542798744,-2.0068778401183858,-2.399840458481777,-2.489670119912994,-2.355073659818608,-2.317301969101706,9.447109774124309,8.863529979936077,7.404737155687006,0.21346942747665024,-3.406791737934188,-3.399574144269258,-3.1221005181746206,-1.6191822911466307,-22.992923842179565,3.3004245787299498,25.243999051677402,-0.3161322353913418,17.38739509672231,3.144048121967117,12.839995136827401,13.037320488564772,3.4586552906237675,-0.8656856335458584,1.0844504807679243,17.39274844544849,35.38762142175897,18.48085667586167,0.0607211489960249,-0.766356603894245,-23.8131315084529,-23.61347816914381,-16.096812157278436,-16.885594101005246,-23.111654972938485,3.616726478345364,1.6858899345469036,1.5495909908624192,-14.72557330181416,-2.8298289177323706,-17.494648602853978,0.5458585898433992,2.3453962263847927,-1.1701606840041672,-20.89904554504402,-0.2664444918299159,-0.849679746235467,0.8926516580597855,-1.1887331480977854,-1.9231515165461888,29.699618344270025,-3.504505325821207,23.911175687272454,24.612099305321877,24.678881845090427,-2.7415987187018755,-4.168006780484504,4.38642999293753,0.11846566689529081,14.603139468606205,3.3124219095949163,-4.732008052283925,-0.5440092210545795,-2.354767985466546,0.6842880109716027,11.708749076743196,28.34178856030327,-27.472208376993468,1.5959833896957751,2.2809758068640753,1.9637174254941074
"INTELLECTUAL DEVELOPMENTAL DISORDER WITH DYSMORPHIC FACIES, SEIZURES, AND DISTAL LIMB ANOMALIES; IDDFSDA",-0.7698338414453776,-13.716786181880213,-3.2708698713489524,-1.5814828626221002,-1.1320713841450007,0.43092446182705585,-1.8431654995823026,3.5096181599123053,-0.31537778987792947,-1.080825802968512,1.6141268853692672,18.217834972405704,-0.9570556123510157,-2.230900245584924,3.785354182736219,4.186340082731096,3.523791206289627,21.36174344556845,-0.9464557415063524,-0.0650072690533834,3.58774064371386,2.2804687656296663,0.9036385944589439,0.5657625920534262,0.21617654593309468,-0.46254230069181085,0.6559965000327644,0.7606468743060196,0.8048266301711505,-0.7967798918156651,21.088456591346162,32.21694082474155,26.61517233937846,-0.5028744591627186,2.7693452449531715,2.912502517558136,2.937005313710778,-2.0151261004846686,0.909784597188167,0.6965405330533847,0.4416014446688586,0.5879453524458647,0.4542594218172903,0.3082768609613087,0.6359614652760646,0.44786484804515364,0.25067980412169244,-1.1510018386333556,1.8693212209998729,1.8729715609004378,1.8728287790418445,-0.16146000276892936,14.3769215797716,23.53841399619931,16.71901991349913,-0.8787428001624129,-4.168688160145434,-3.8238795570253012,-3.072418397130479,-1.4720141564474754,0.5510164643583263,0.29470017581316205,0.06667312920527503,0.0087151084235709,-0.08412199145836914,0.0025385997667607746,0.10692572389666927,-24.487177134457795,-0.45327341237122565,-2.7353353132520573,2.248995326239049,2.486466185504671,-0.14563847304921665,3.467616854363874,4.10169259090591,4.180721796158449,2.6887558354614782,-3.916610716039586,1.8273838368897444,-0.1477822901887343,2.141855275745442,25.252252329242992,2.549162063347166,-0.7897580989836441,-2.7542694547100224,-2.3022004363104136,-1.7898234847055507,-3.6283493222108465,-1.8355439708711199,0.4082718884623935,0.43776106353485356,0.39532121388476404,0.06591515875255682,-2.1604123932087207,-25.13586086418482,-0.2798684770210837,3.6427704042992386,-1.9351038280706971,-3.127522796909763,-1.0207143422044618,-1.5938517776035463,-1.656883324631379,-0.6899338873615652,2.603780726690003,2.664332064359324,-1.8557911757607979,29.15334620357106,29.351395728388574,29.46765814204847,1.6681640419124664,-1.6093210014011528,25.703894746784457,3.2647830834371825,4.2036621509140515,22.02302795737743,-0.3358557319178643,3.4552868175254776,1.7941026596362524,27.312313564997847,24.351160003953705,4.089318354801561,-13.355334488271733,1.4483700649350926,0.8292638772421951,0.6251671259026756
INTELLECTUAL DEVELOPMENTAL DISORDER WITH HYPERTELORISM AND DISTINCTIVE FACIES; IDDHDF,-0.4266532250312872,31.404576509469678,1.2399937208120884,-0.0456972799591399,-2.4532762834444553,-3.050194114364106,-16.740730891676307,-3.2099526356023116,-25.38335399544371,-1.2123613330767196,-0.5319084894463967,21.393452625180615,-0.6893165512961207,0.12067141513768384,2.3165704806011433,15.467410113939867,16.99655542224158,29.19580708705717,-0.07850175162034612,3.9528175588915095,4.88680817835005,-0.5307712738177983,-3.784840131400496,-4.541024381241721,-4.846001313430634,-2.7805827311359956,2.8649929756279398,2.998119173353955,3.074802639989575,-0.0438951284291627,19.893386520712117,27.70074853420305,3.152441947377422,-1.4605584385382675,0.48793198544268407,0.2041876541522979,-0.056020759139107666,-0.2968223254871185,0.8672567966318611,1.2590920417898372,1.561810609627123,0.16902927987882949,0.6682817143928801,1.1131737726865745,0.17492730170721657,0.8022075484419461,1.315291801564655,-2.0714452575746165,0.361267251918677,0.37548602623670546,0.384363385881899,0.5293439616062904,0.8658956782581323,-0.5080338592153639,-1.9795882597613197,0.22394442969361045,4.8067432184507215,18.033048671642256,19.23014058009037,-1.114099769135819,0.7808728555079816,0.38984730989180505,0.054637197843463846,0.05957698827831751,-0.13225082373717215,0.04877457861197211,0.27252707797063935,-18.23418446601049,0.12638798425524128,-3.414755035057654,21.724480207173997,-0.6511706512524238,4.485587501096381,5.486726525029845,5.548015256697101,5.785448430651641,1.8499596743000903,5.32080577726821,2.6262947468310927,4.487056169962534,34.319562355822534,17.692929310070053,-2.1828979072915216,3.229815590030855,-2.9578925322659066,-2.2212412276118494,-21.591264354900648,-21.428529904478722,1.6625402850711217,-2.153818411827988,2.756284549319146,3.429284774946697,2.072938862343199,0.08854006357987318,-31.44372312704074,-3.9996625763705813,3.9358757236254953,-1.9842875154499091,-1.096164109217384,-1.6859661679689837,-1.5436661887202194,-0.4594033978255266,0.7327262592493987,-1.8954432718547256,1.0440739416353957,-1.3899159874601072,5.006917632691606,4.980066625742903,4.948371214689248,2.398787226966979,0.4314197523522819,27.450546655804075,1.9387364732072847,0.5193276278637731,3.977609025666186,-0.3795654167774575,4.280147343062212,2.770566019657854,4.45797731482928,19.484159596695484,3.878855747280231,0.6311820235136127,3.0122661968460482,2.029512052465285,2.973784399836948
INTELLECTUAL DEVELOPMENTAL DISORDER WITH HYPOTONIA AND BEHAVIORAL ABNORMALITIES; IDDHBA,0.6747264173558585,-2.3522851206944315,0.9637375562194825,-1.8079347768237453,-2.0680208334649053,0.08962381821962989,-3.262788584944564,3.107148417015418,-2.858247235970208,-4.6202596638900015,3.7145748888952923,0.9866738702617008,0.10155178251558046,-1.2622263453855025,3.9545238398043763,3.754340332157904,2.480163056007938,0.44454041193206567,-0.5608483546807216,-0.0016049479069149516,3.8350301036665133,2.5028536365706033,1.0375407474680218,0.7224742021436693,0.39541425023720805,-2.828064181181006,0.9222541412571397,1.1345463043882977,1.3312161207671571,-1.2048887900359753,3.457968107609214,19.689585097278435,17.959389091504672,-2.3492390384641975,17.654757381242078,18.183963318762412,18.292822968116518,-2.6250885169382805,16.423287766623265,14.994235978543069,4.1164551013876025,14.326021777627219,4.105335345829354,3.6573455063984155,14.907389091862338,4.236254190623515,3.7010214038364677,-2.131503721237601,16.368255369391445,16.14503861408634,15.756607852272019,-1.0462639422285145,3.935556427635683,17.47985816915559,16.771562398641546,0.9153759228737056,-0.3750420928749038,-0.28367131347331964,-0.17254944892801333,-1.4363729088871318,-1.0092945429105078,-1.28723938729726,-1.4481717996179007,0.08032801375028722,1.4398722219262603,1.7056512370116226,1.8961832062784396,-4.228660250963058,-1.5568569079455121,0.36363614510487763,3.5466694701331187,0.1525961425089027,0.5525335831760164,0.10240358822753572,3.8961248197786085,3.31081687768308,-1.9227014804788,0.15528298484972436,0.8879333965734272,0.5654989180210487,1.0351613948555127,3.7463888459540184,-0.523843994251616,-0.26133870870854875,0.4385130521338,0.9332176588951383,-3.763549649824681,-3.8537565312100437,-0.5362679266958803,-1.8604419186207926,4.228573965144642,4.149703904443206,-0.6647505311683013,-1.5795726063033377,-2.4638905815669614,0.5228505842615323,-0.24008377901161226,4.275181842227869,1.5300660578011631,4.631585478912906,4.363021238597043,4.3273136104005365,2.4112604007886476,-0.8267191255289698,2.8172565879252045,-2.151957973966842,17.225422621205418,17.665638450914557,17.881902930595125,-1.8026453454248292,-3.938707682201692,1.2276116902566496,-1.1465418928101647,4.746478971242851,1.5545061957698445,-1.8794205208591426,-0.4210794452490504,-2.7525989707791747,0.35049170375492483,5.181264353152106,0.6188079031644895,0.05235829454811566,3.846313584559149,3.5681232334744237,4.062919139526136
"INTELLECTUAL DEVELOPMENTAL DISORDER WITH MACROCEPHALY, SEIZURES, AND SPEECH DELAY; IDDMSSD",0.8929217634900473,3.5592546242321257,-1.8843867130606002,0.28962055221696364,0.16413083505359552,-0.17579485057904856,-3.152670297016819,1.484454766119198,-2.2632582762062405,-3.7103656058624326,2.3630521711497456,1.4991425150470583,1.7128639118458606,-2.9084690906348425,3.1880351572563757,4.069259630473821,3.9427799549386764,0.6108568050038358,-0.36963329354817126,1.889065225528536,4.667275147642154,0.8450027040639118,0.9381796876607291,1.1948139449966395,1.3323977883087186,-1.4200936390363437,0.5351476893736307,0.6395029650332608,0.68978514456707,-0.0725818479711867,4.626088601162735,19.46791543249833,4.243107470735149,0.02563051035827336,3.492654725563192,3.465067949008122,3.3263779678359993,-2.788382801263103,15.736883259266952,15.567280148732593,14.689604561908066,3.1578141676939073,3.2141492883269165,3.1350182578395844,3.4712762255774776,3.527467130242643,3.4389696153259006,-1.4982372180678927,3.254565582705602,3.224969192082907,3.140919585834353,-0.08702348192396464,1.1711012742531721,1.047817231584004,0.5754885165537497,1.1390422155855724,1.1569970684608497,1.0818478630951402,0.9471925588365447,-0.4046424968693515,-0.2132574670990435,-0.1898188637733998,-0.15232747813169326,0.2564466529929026,0.8329362116850743,0.8446745788434521,0.7833948746665431,-4.237476398354975,-0.27918222831489076,-0.6127927106557378,3.171097186836562,0.4757986332656558,0.54391215056269,-0.16149728982185532,3.938356282954624,3.2739993728614825,6.300532667065487,6.285009451462694,-0.2033624036808858,0.5439131620301139,0.19760200688607094,-2.6347208946858496,-4.070712440791803,2.837675125950203,-2.732601679233725,-3.0160252297623,-3.0645652325091177,-3.6215953519876214,0.032316313666309646,0.4023707714093148,1.7729301689695103,1.8273741110809107,0.13217931839687536,-0.0848888883663231,-3.15800311326194,-0.8350348111257814,0.5461955197407748,0.798428899605579,0.546777660595352,0.9483896670070413,0.8951044428495657,0.9440998315514428,0.6057989524285928,-0.0077024854591715925,1.0952045046940988,-1.4716590632621418,4.962269563119009,4.996795951096651,4.857112825462435,-1.9687341765286188,-2.435006585247455,0.5284511249627948,-0.20648627563111954,3.825107485976673,3.3376484669899975,-2.084070034058207,-0.8207996236303238,-1.9976388598785162,0.45648291456988965,0.951380810182406,1.6175937820775463,-1.858245420595006,1.4699791409142335,1.4381377989090152,1.7146477465330272
INTELLECTUAL DEVELOPMENTAL DISORDER WITH PERSISTENCE OF FETAL HEMOGLOBIN,-0.07975260919384661,-1.2466874903569523,0.9630413288630686,-3.277275708615145,-18.626451118269667,-0.6243343871586385,-26.885177999339692,2.010577108988479,-3.2356219376909614,-1.9132248759315158,0.1433184111163109,33.50420103867774,0.6364372739885832,-2.437664292529325,0.7088015345881141,-0.17011844372256832,-1.138653667755154,3.587491751776545,-2.002883432095011,-2.4509548250280355,-1.2075302836041488,1.4557931520593514,-21.2216686262031,-14.688841663324792,-3.4435987952795206,-0.8118054031979396,-20.736840427700734,-21.354522054743434,-21.384424701854734,-3.073412540395403,1.8494771866999402,15.999383618862527,19.972503872493775,-2.8207809298135906,18.822732310820335,18.65006043537956,14.486034721008373,-12.164941066469384,3.18190789658924,2.6701224206819596,2.0006306465985966,13.725479657998276,3.8279338943980084,3.2161045034651914,13.489852708175007,3.6500736484402623,2.9536898419461153,-2.098757031935725,14.986420420885228,14.297266015043167,13.44429786119917,-1.889072352888934,2.964472927099901,14.678743621168303,17.85538075262905,-1.511070993026487,4.304156668559784,4.0731228397425125,3.478739918760101,-2.6979806374993616,0.09062157075943145,-0.1899373923385192,-0.5417090169415584,0.24298431281690203,0.28049010605895186,0.531735897053091,0.8136189426945802,-23.801928560640793,-3.1900741481836157,-3.1095290297421463,18.783371310334132,0.40558610603136014,29.6357507037351,2.9752827340719827,15.593508135362889,15.177243084161946,3.3397464967341963,-0.052636343477829924,1.7167027165537923,29.57289730766968,1.589641889012547,3.4700685999416114,-0.5232952995108898,-0.6086236585096639,-23.219500448623574,-22.34082776148731,-4.369297153535745,-21.462789794434503,-2.2046803767910235,0.6968658624265693,14.53601582512182,18.756183871319667,-2.2172605509220733,-2.738603181334589,-22.910131642360998,0.5093024921180376,-0.2296184341279947,-0.1496936445446565,-1.0802304372445226,0.566098511547766,0.2040984530142093,1.0489521041344654,0.2903924315401403,-0.40433383195214906,3.1490638333182575,-3.1994150364891354,29.83888215140269,29.83391016815028,29.746062333768403,-0.981112522834892,-0.4398932406504654,14.108879370663225,0.465414282575668,1.4529087821315456,14.75606516576851,-1.6612749081352285,0.8791151821669457,-0.3921152554985337,2.4004840209934315,14.615687176890452,24.8743193383523,-12.750153480708859,2.5009200215928873,1.9141661401265604,11.935374530571064
INTELLECTUAL DEVELOPMENTAL DISORDER WITH SEVERE SPEECH AND AMBULATION DEFECTS; IDDSSAD,-0.0434406125916426,-2.5497286120952802,-0.38199214457583497,-0.8253942871025849,-1.4049547414287176,-0.18299805884597634,-0.13871779626154304,4.181855667443635,0.40641211642787906,0.08139162203933818,0.7748640007205237,-0.2822456945313805,0.11850689952674218,-0.6978958813285477,0.01463770201091887,-0.6670452884928977,-1.2568922356489356,-0.7501828716363431,-0.37367182466087084,-0.5167031284017729,-0.7981287374793727,0.036870402573096255,-2.9128849337931886,-2.064239384435428,-1.0213605606020506,3.5387876564255056,-0.6481984005800909,-1.1081993128017456,-1.5547648348101346,0.10810061576979439,0.013260611057617333,0.08782673285368096,0.11363511738169288,-0.7551906864204949,-0.24037879010825325,-0.2930629748102799,-0.35319223904531744,-1.1735227262034427,-1.5547545376000924,-1.3736855286476897,-1.0827883636814573,-1.0019658940796692,-1.2022839446811246,-1.3003040297182507,-1.2568847608696412,-1.3695085564696197,-1.4193793520527829,-1.237273715837735,-0.45707825025839777,-0.5915456027448462,-0.7199616908416808,-0.9715492562431911,0.6854963321291632,1.0357817156331568,1.0215486533053817,-2.7816052516477443,0.24237254579592593,0.07680285213313548,-0.07701294688065623,-0.9030414571362414,1.1142687034519387,1.1137325358453438,0.9524670109941091,0.2352217419327672,-0.78412233104055,-0.7388007835208272,-0.6319830747871361,0.20403958064734548,-0.5429988077203179,0.9960535164752796,0.2951732387163372,2.6916093581785803,3.9714367554579986,-0.5042617281155782,2.251496425024204,1.6853756816992749,3.1495303113704907,-3.8583019985945364,0.8963071806498022,3.973975047286081,-0.36318102374322514,2.1488940619104873,3.410882577907701,-0.07926916988627619,-2.860022816843179,-2.678962525173695,0.8818386606974596,-0.36809803281324077,0.3578851319566862,-1.4789756590892835,1.013971713608995,0.5496179973700275,-0.8576673171240912,-0.7590786986270286,-1.2186416716995359,0.3038974728363085,1.800059320219203,0.8706490844876152,-0.2408205616806254,1.2320862782967714,0.8958361856852034,0.6178466281868087,-0.32817927639179884,1.8704676011162107,-0.017051620967166257,-0.5508163738545335,-0.2600665945903226,-0.1960062795621515,-0.12852708967293444,0.03961672155661623,-0.8492067954094323,0.21719471699773468,-2.476019325061088,0.46353015598534575,0.34577897548241127,0.5479077545525488,0.46663588990341837,-1.7055198270915315,-0.4890337018361464,0.6333282737374145,-1.6509057775798075,-2.4910093667955993,0.15051335000185936,0.14565215662155523,0.3853322468705877
"INTELLECTUAL DEVELOPMENTAL DISORDER WITH SPEECH DELAY, AUTISM, AND DYSMORPHIC FACIES; IDDSADF",-0.04323980209494926,-12.589633150326243,-0.17692265317638747,-2.010857663819789,-0.949004338014479,0.9569514713502733,-0.9631650232683203,2.810804000809517,-2.1818778472006373,-0.06338436762254496,-0.7825355070632655,2.3991822105628375,1.9078850812541859,-0.37252817433954827,-0.9496101574810767,-2.4778922657407674,-3.302858101933294,-0.03541093605191505,-0.4177887048158243,-1.907955574952468,-0.2483308034680573,1.587409482031606,0.34997663007474794,0.7387698857191316,1.0181622584993244,-0.20362154624206033,-1.3917199255784358,-1.6460475898875473,-1.7932664728195058,-0.6470181799160297,-0.2957141349780587,0.9639493747701592,1.9772428452047308,-0.4697141923737749,0.4691352688601351,0.5704690099684251,0.6633389988171704,-1.2338473064080682,0.2006756848533639,-0.5869991940077389,-1.3992933761109723,0.5370758894333781,0.13221884811241844,-0.1555826899547822,0.5686749746150451,0.02151491303936797,-0.44952896613493715,-0.5632825264856345,0.4562939217374518,0.4345963516805485,0.41462298360895944,0.18456070493897483,0.09268746645204286,1.5582817585011384,2.8002701562028474,-0.7183927980097048,1.5383336055488122,1.4153081341432014,1.1415484024543707,-1.7692829826602883,0.3313777978683764,0.06801776279288431,-0.1613046681808624,-0.003031360173122228,0.06333597457164396,0.16426714503568765,0.28713631072488427,-1.2643763640650367,-0.49804653082592165,-0.5308530868849026,1.7730992324975707,-1.1412393714933113,2.317746903980292,-1.2348618407497132,0.6391937621619919,0.2567152240422266,1.6494074024423704,-3.3439007989928453,2.493583490036546,2.312197189304983,-2.504960387176502,0.711326649730812,-0.41748958784664253,-3.329506529302636,-2.6747339112794126,-1.946925156742609,-1.6922715675063558,-0.9039007717770396,-0.9245661567214151,-0.9242768017585822,0.12869210675893347,0.15064760333447652,-0.7983010385998286,-2.117566195125991,-0.9743587850560032,1.5082446977900326,0.0027629717390203054,-2.6521321888399556,-2.1742592683986204,-2.2397486038561643,-2.546715193582485,-2.0046930829692466,-2.3911552533785576,0.13256370791210098,0.558802147566822,-0.35515775904234453,1.7522622220377542,1.8251538674868641,1.8562539009838543,-2.2465495215048983,0.6987179303696993,-0.7205754885482537,1.2747618062544437,-0.1020421424240199,2.598731358526686,-2.2888509710674554,-1.8145897586802289,-0.7431674553166345,-0.8895746966818189,0.07154689995414147,1.7705488481831506,-19.914903094492125,-0.2766803146381324,-0.6181199694364985,-0.15901334260227382
"INTELLECTUAL DEVELOPMENTAL DISORDER WITH SPEECH DELAY, DYSMORPHIC FACIES, AND T-CELL ABNORMALITIES; IDDSFTA",1.4969093268349756,2.917440319244148,-1.400412014440234,-2.017494931647465,-2.392900011691165,-0.005765661234252912,-2.896481313237717,4.011621189348499,-26.391934918006754,-1.870422011318882,0.44085893189810776,15.873948828780938,0.11092517303165912,-1.1710984839551577,-1.3674570074835906,-1.2352352052875104,-0.7155847172502203,-0.5184319251735822,-2.5158667752984325,-0.8905971666466573,1.1620737270409207,1.7923521407130092,-2.033769336491827,-2.2572492393581194,-2.158461637700206,1.1736687523004,-0.3064234817443372,0.013410923863912164,0.3355454588405028,-1.3518467183283767,-0.08541822192244498,2.000482245299272,2.9162581151668956,-0.7919132105221438,-1.7285006629930297,-1.8142830164489623,-1.8297000890396389,-0.7143023775337847,-0.8763780972548081,-1.0651799610629633,-1.1984359128085114,-1.7567058185153825,-1.7884689533456974,-1.6804287744284285,-1.6884852646603907,-1.7139826658839212,-1.6924579915920261,0.18129844810493878,-1.7823166595451228,-1.804598068823229,-1.7525501935306325,-0.8989226615426527,-1.5131418294003507,-0.8644777098356821,0.026176279709702193,-1.6689023880913891,1.3474194554781709,0.9432485533852435,0.48976398582895,-0.4009057715693368,1.0269479574539133,0.8599043541874117,0.5951238103491112,0.32689743072742183,-0.3527239326461109,-0.43504652561467866,-0.485819292352948,-0.1677498652911458,-2.510882124061914,1.9986360517485817,23.954951480103624,-0.1606767695518027,30.94515687652491,0.122627946458506,2.4255156484248768,1.9825547002498618,1.5845449225398311,0.6668707974325548,2.405240983058964,30.866197175033548,3.872494272933614,1.3628228125043882,-0.2502727229984507,0.35115197468947507,-2.7875563944964417,-2.0468714071048244,-2.531631609025932,-2.652483139561971,-10.683128884947482,3.8257525212568964,2.852715443372189,3.0259436571749414,-2.151638675546999,-1.7492064141588068,-2.6147691851727997,0.7092256991962547,0.07577179315561058,-1.7447294883678293,-3.780315973801879,-1.0539025203817978,-1.496873880522779,0.4738985118504249,-1.78404504391023,-3.141600441287187,2.4425803737109315,-2.2272644143553957,1.6606041901195758,1.6665852198775706,1.6706518260366083,-3.588110401309805,-0.6908574501077668,0.12208873497775166,0.1036735446719848,0.562987820586183,0.3273231664172748,-3.9630309799672276,-2.6241119941036546,-2.7911977507042702,-1.5832241718659423,1.0047833904412766,24.8322377634339,-20.651593544904102,0.6748133501214362,0.9294959735443592,2.1901526005397116
"INTELLECTUAL DEVELOPMENTAL DISORDER, AUTOSOMAL DOMINANT 21; MRD21",0.972009287027781,3.8787755592602355,-1.7995352290237754,-2.7757998836530384,-3.4556168093934434,-0.10470421473678872,0.28939655934139386,36.53001593799947,-18.758652773611363,-1.8043430622986911,1.1655210529405573,4.969351343060178,-2.046715942095578,-3.996869964146061,2.2626205748160726,1.670817053615222,0.6331826750911653,1.4058983887558647,-3.731891352857983,-0.5873862722970353,2.437017181109846,2.4036870096380913,-1.8369665620410873,-1.5371117634439224,-1.1159045242504229,0.3656731921032918,-0.9350124526033139,-0.9695953905809228,-0.9600823600268389,-3.5287977229365413,1.745476546751781,4.434969853164826,4.407232352609626,-2.420021163610923,1.5513483084923878,1.7332787549144542,1.8691695162688617,-2.5936497842165727,3.1786073604437166,3.337217189314739,3.2563952613767446,3.506371684050537,3.2365723959862978,2.8626972551629613,3.422184746094164,3.1642179115283686,2.7676524011418038,-3.1463506895642186,2.583878947147109,2.5455346802065257,2.448274809140531,-2.5882163398159337,-1.7117046543040164,-1.4345648481877458,-0.5326436660527056,-3.7477392481815968,0.8071635414840039,0.7064629466127452,0.5436028868712783,-1.638457039799477,0.29151476096317325,0.19139720104900657,0.0662200372398346,0.3069669474838432,0.21366616940052408,0.36013795314358343,0.5257338285588427,-0.4939938714445352,-4.397252361446362,0.860291523704353,5.559507152314978,1.1470115444696583,29.070740806499217,-0.8507207115779039,3.7306674241436064,2.863175382117603,-0.3850808228064912,3.2601003091784606,1.5613236391207626,29.050497013813946,2.880272407248651,-0.39297592943858756,1.091974620760807,4.088242090200885,-23.34145504837202,-22.709661003340607,-1.496613125532571,-2.2635495655380615,-18.149159838867035,5.106452936995085,-0.801476499570931,-1.4274357877817019,-3.138359078318305,-1.8985644165272055,-1.912061167235037,0.9591073680761814,1.1442261922918424,-2.15607138080168,-20.011151956155498,-1.3673006145708477,-1.8790798244034588,-0.15371930908376635,-2.735341433588871,-1.3537001447307442,16.35535241284823,-1.9840420654154451,3.3262844796383773,3.4042558669107637,3.448714685829193,-1.978113375881044,-1.5720428508571642,0.0851014460079347,0.0649940091686739,1.2174269484344,3.7112620789996074,-1.3798827179098523,-0.8783439455124091,-2.1418593183991916,0.6682276153457013,0.18823702137191975,17.265522746881167,-16.623604684137085,-1.7777553143693323,-1.043326454678901,-1.326215280613927
"INTELLECTUAL DEVELOPMENTAL DISORDER, AUTOSOMAL DOMINANT 23; MRD23",2.629755593231227,-2.0957258009454125,-24.544112904431234,-2.3494984285904548,-3.650954490708734,-0.7455208991910613,-0.13268566381852448,16.767835719501516,-2.0876317834230744,-4.085019961659006,2.9755158726645607,13.535119945683412,-0.7412085507793105,-3.9752394995785476,-1.010282463284641,-1.7702173455515207,-2.0534170973247945,0.8686475376284889,-25.373034457045012,-1.253578819666791,-0.5496691187493827,0.7819364624619426,1.9745174230548792,2.7158957057986717,3.113948249589016,1.1026156092034403,-0.7870274018835567,-0.9653747761332626,-1.1284981601204356,-23.657154090219258,-0.07405927251181228,0.6777619767137941,1.169637170825975,-12.718041882493466,0.33073206727339544,0.3171738766619463,0.2976460148614508,-2.8818891635426196,0.46126179063915246,-0.026940322692421154,-0.48288521472243845,0.6280611630948781,0.33399127580022003,0.058779150799775956,0.6027040087118389,0.24211362331656022,-0.07889077162287059,-2.2246858609727456,0.5330472618665251,0.4152196569140558,0.31158925431426576,-24.91262284363309,-0.19080692203401675,0.3549799006409164,0.8856898247190246,-1.2253245013058598,-1.2783102940703384,-1.744702331939747,-2.1084517244847403,-7.560680132358964,3.7527250080895898,3.0530835176556366,0.620415499379154,0.0375622380872098,-1.9147958214059166,-0.5320170689555336,-0.3962453651085522,1.9763084613093989,-24.432744708737765,2.243532176669655,2.7488472942399187,-3.0387444190327164,2.402545610316535,-1.3874082084798662,3.161413436446267,2.326784177803137,2.3063707317817324,-3.5611196520124886,1.6162018550452457,2.4311734044097237,-0.20204877666776638,1.7871176385257501,0.48937786970254277,-2.461066698447603,-19.630689591041225,-18.34020651796885,-22.493024567614526,-15.14232179598668,-16.216105226856527,3.500795128441047,0.050569670755867206,-0.4112504390317506,-23.003958239056043,-0.8430349120315959,0.1898879253119306,0.9428360552109152,-1.8662520681742507,-1.7684237664398066,-13.632170956451503,-0.6758606803852975,-1.5252025603966233,-0.09324449262081756,-3.3217628973430786,-0.2686218268429018,25.34043707938835,-15.149695452464329,2.2659391747921,2.1999556122757893,2.136613022847301,-18.903408639187447,-3.5258402205494623,0.34512887271978787,-0.1372893665952553,2.7803756109949687,-3.833537800594486,-21.391110124077994,-11.835256684986435,-13.198040212813442,-2.5122215115347095,0.23303819322637825,29.07183128951566,-33.894803368939655,-0.056675432518461466,0.03273801883631723,-0.20795023790311745
"INTELLECTUAL DEVELOPMENTAL DISORDER, AUTOSOMAL DOMINANT 26; MRD26",1.3661582867057136,-0.24984125962573578,-2.019487810482946,-1.907608918092216,-0.658490944630254,1.0174821484517098,-1.659321656993564,3.5601841656216617,1.2385071385245414,-3.2687337014299764,3.1244410557824924,3.6917435325416603,-0.4709222660606684,-1.8568152364893846,3.9286216294412,3.6780900741027946,2.3949874328441894,2.097073373411084,-1.4214728482619894,-2.277796331558098,-0.28073583575307615,1.803688608078713,0.06904357979674469,0.1366227004815761,0.19393081546001512,-1.4618611487352406,0.6101951410653412,0.5999066976549622,0.5932034554802605,-1.9578430243218208,1.9830729258241062,20.739658541373863,16.577305143400988,-0.012862413861649703,1.3175202033478859,1.847805893792002,2.3658051909638274,-1.5362712963117586,1.8007106965649684,1.2493313348494128,0.6837814161558315,1.4755711680508932,1.2807108883864775,1.0339836076465572,1.6074989017320165,1.2688707533132444,0.8991182455820784,-0.6605501544598917,1.3737958132987773,1.6653322838548696,1.9400719736173029,-0.7428300921855912,0.19128507658020796,2.0925373206478937,3.253551217341276,-1.4968450600178587,-1.9132823998398953,-2.110995255409099,-2.0154263475052474,-0.012379626572298007,-0.9077592991781331,-1.1955860268746084,-1.3944536897611841,0.1045042833512823,1.1221943686585145,1.3624537626108213,1.533842744755277,-3.7398362720524485,-2.2050628188255055,0.875610800707133,-0.5321555558444948,1.5131557726881804,-1.041757239629427,0.460391155078432,0.640609071051564,0.6757501342855959,3.0516945167773226,-1.5922738196755284,2.7777912252957426,-1.0554212360147248,3.4289616900411657,4.260330054330326,-0.613927061778394,-2.4570123513087894,-0.8479098055342024,-0.1388334909416498,0.9766309531697169,0.09413308035194404,-0.4688981835424669,0.08089119975535705,14.95735796153505,14.48316071180093,-1.4903375729434638,-2.292994217239989,-2.091406773097944,1.3923257419980593,0.2590096656714253,3.050907721279806,-0.012766141732606812,3.2459164379641483,3.297047744656118,3.2252988454290947,3.2905038028712057,-0.7356664749513746,2.9730559530151197,-2.000125685953568,22.40761749512418,23.331017352339128,23.98197286864959,0.518193094957291,-3.4001587789946672,2.819687095646789,-1.2886492470329458,13.016297181929545,3.299594921205473,0.9275811116217938,2.2736006190208076,-1.301826720891551,2.940388976427581,3.6458630530693426,2.1335837032472598,2.2045903911118456,14.257153064746708,12.88947659328678,14.409331249439381
"INTELLECTUAL DEVELOPMENTAL DISORDER, AUTOSOMAL DOMINANT 40; MRD40",2.6982203987385147,2.44007017799088,-0.5426329363842047,-2.6906413641787514,-2.903246414865094,0.24510222924513156,-1.316138515531396,22.754787568426348,-1.184170851281174,-24.01672304054155,15.335542854887532,-0.3877105966998274,-0.20274210535575224,-1.5990240510415008,-0.012479702312841054,-0.4454434436866021,-0.8061480334850544,0.5374047386598926,-1.731172569540543,-2.5541763013626864,-2.2001830496397217,1.0529261802915861,-1.7098114630363443,-0.7293627051602778,0.09778461760578977,-2.3145677042097823,-0.1203807976378926,0.07143976843133966,0.2906197550351664,-0.6460678736581795,-1.0691203736565278,1.0700467452988622,2.922519170829243,-2.1337115599047776,0.08861130858462121,0.1025599965941602,0.11235389710575565,-2.440295577546427,1.8833652314109168,0.8653937153295254,0.08406977662626938,0.9325689793327955,0.5201817141178889,0.16293449936835672,1.034447485138542,0.5692502012792148,0.13376557846164092,-1.6844114671929529,0.3799522630706502,0.25602720261368916,0.15423332793044997,-1.906186732712672,-1.792256922312157,-0.8762483578999001,0.11484919390827109,0.39744120764926827,1.8409548015751442,0.6247214403156874,-0.38365111721577805,-1.3140980734957886,-0.03707563399392741,-0.26174477982526423,-0.49383919529592996,0.23479572881999147,0.4615256188073422,0.6769887914125389,0.8594223062468341,1.3091546051967633,-2.9764522537470914,3.0647241264140437,1.5534759505147737,-0.4982786660234797,3.5054854215906697,-1.436662040408637,2.085068113765094,1.320482286525456,2.3815672445377176,-0.6365757113538435,1.2922064736727745,3.506142201708244,14.26428317881196,2.643647238826224,-2.310945297025882,-3.1268558241097804,-1.5673047984781596,-1.1273900396152767,-2.0592254819503846,-1.9447662683607412,-8.87713182196111,-0.9584273444044321,3.1052569725884793,2.3369227929602685,-2.333267623924585,-1.9161546144042216,-0.7635158353572085,1.5685046744581863,-1.469320172594922,14.370155775012083,0.5538691518222439,21.34806995163104,14.494887387208639,14.88828965036797,0.6449540500793169,-1.2115791324782414,3.7071824092099672,-1.740872103870265,2.5442738664786635,2.579769867813443,2.563240389991639,-13.273501579107897,-16.2130396465588,0.7782580476643584,-12.350995859813514,13.021903319642522,-2.6582317907177195,-13.275495608596172,-2.4418764304304936,-22.457486973215275,-1.9003784832878388,1.3031339508214679,1.5761535820351589,-3.5591518982263675,0.47445547711284985,1.1042441150885207,1.9069579433099504
"INTELLECTUAL DEVELOPMENTAL DISORDER, AUTOSOMAL DOMINANT 50, WITH BEHAVIORAL ABNORMALITIES; MRD50",-1.2195223453630102,-0.2764121150956934,-12.036080718371974,-2.4815498673390937,-11.258115248470297,-0.44927123156878945,-1.714388784052359,32.657452737899575,-26.956734602410926,-0.10010252185968806,0.41294757264062526,0.8633702084647461,-2.806728678919642,-19.459975871549894,-11.671429136356185,-18.55428149545019,-17.386353919998697,-21.1389190870818,-19.503909576943148,-1.3624030539447787,-0.1671637537749232,1.1656950786952451,-0.14933871635330365,0.12972407459267693,0.40897887342703143,-0.4300486159953396,-18.29019407842268,-17.920613603122046,-17.282390242719288,-18.418571231531967,-1.947238345339563,-0.9495794545060385,0.43928169983086535,-1.9642102417220684,1.709925791085045,1.7097428173704097,1.6397593455948174,-17.404051109526627,3.3699803099602352,3.0724316623485484,2.6296865578710755,2.5082592250769338,2.0615105729400387,1.5833773928081558,2.661596539184141,2.1697236815002148,1.5971304380476252,-2.1532375960269445,2.0935051752651637,1.919605484223533,1.6838586042689854,-13.739113312850163,-0.007386847509895965,0.4732497941887402,0.8382097471411702,-0.7340240605999463,0.13618702338896538,-0.13427936337513877,-0.4187486566761643,-9.195403712605598,0.8114244903873876,0.636662409021228,0.42812492063601676,3.7134188501805285,-0.27970614338501204,-0.2576897375158415,-0.21635897665043005,13.509167172941103,-22.006168438029025,19.478439816212322,24.73804704797006,0.9738405460115014,40.979300864940996,-2.478449899710691,2.8945956396945847,1.7763987535598758,14.223501546471415,2.166556223892955,1.2431924973082953,40.98081494057813,-2.506924554555184,-2.4312809591059414,-0.6346492910002022,1.2823995337546268,-20.462509219811608,-20.06172837949014,-0.6200732664860822,-1.580927510668128,-17.039676260805084,-0.913623102934478,-20.365403228656266,-22.125092945323527,-18.226004750770077,-1.213847306268892,-0.2334161638154182,1.094674223937599,12.7964068880246,-23.193761378675347,-11.478406374461613,-21.673356546394253,-23.260337489663208,-18.518904659078274,-27.62914901683442,13.31386287677318,13.43637001144124,-19.65539760597739,-3.0273681190245223,-2.8394833574803235,-2.5929580386023985,0.23310409572641155,-0.8205207399383907,-0.5162375887449946,-0.7954567858736298,-0.6799789625357805,-1.0137872016207943,0.5821583960074026,0.05627414971832056,-0.6437918669719678,-0.6098166560893692,-0.727515570938275,24.071094355350393,-41.54721239699374,-26.528432644219187,-24.097024549624344,-24.049081416992767
"INTELLECTUAL DEVELOPMENTAL DISORDER, AUTOSOMAL DOMINANT 5; MRD5",-1.7393542284722026,-15.943178645655525,-0.9425951933662028,-0.002895562549761597,-2.9017042088485345,-2.6614190876134582,-26.817708592061884,3.066941424454859,-2.4620758869103647,1.0184613600538106,-0.6405491760149,2.2212787954268856,1.0225771301682869,-2.905594455530538,-1.5322952178113618,-0.7501460633956238,0.026253462009008455,0.8805817593435736,-2.355605653445625,0.9623565828707954,1.3307301104267253,-0.09646924312696514,-1.1484043551066627,-1.2956964321298075,-1.3317524467424036,0.04142498727885917,-4.012207450881358,-3.7556229538038943,-3.4260706203168962,-1.600938021530112,3.101545359623835,12.898068150506498,2.3283359283398455,-1.2976504070953871,2.103826202701816,1.667469495806662,1.1462459666002571,-1.293785676219956,-0.5000290824082855,-0.21297338051940065,0.017031862255632767,0.9319721805221075,0.9641113001451479,0.9453678715990711,0.5344227596917488,0.6394936445596933,0.7245957608254308,-1.8413817276535533,1.8580383250593933,1.565094442757933,1.2396923005907654,-1.7449224708137823,11.702036438104216,3.1471616561965683,1.3088990478493756,-13.599418058809217,0.8906094421618946,1.091388598431448,1.1911767948739587,-12.316848982984377,3.082465059869898,0.22332348103169444,-0.24655469945611394,0.18359676402947672,-0.9993759725490384,0.026589278328269107,0.4608121534812886,-24.00012833334788,-2.8571609835703136,-1.2740069261082572,3.4957288839860303,0.2630364542522472,23.556918634333922,-0.039262750229416665,14.036465570839523,11.68260292268568,4.108740362946887,-20.126769221586493,2.749268447578085,23.53203678677743,-1.7467610606951602,3.08074201817208,18.698542823697604,0.13117941055584936,-31.571891316850554,-30.145772887338506,-11.468335316721499,-12.966566408012289,-0.48640509961544054,-10.507590077781026,-0.00977992463845176,0.282737814114283,-1.8975803088438417,0.14162316067801692,-13.588382786479578,-1.6733930812470061,2.205756902884155,-0.7341198797170292,11.852697625216276,-0.22728934012112784,-0.5999672053345501,-1.0556106081487395,-1.0552724571103484,3.4272502927937367,3.632994694207764,-3.1380220242703927,2.6328173512673834,2.718573215189902,2.790674903345462,-1.027161389616487,0.5585748609107611,-0.0033793231256341897,-0.7673114408415995,0.18475742538816664,28.235269936343038,-0.8680361231858318,-0.7313729717842203,-1.2866999984878624,0.5824190412199586,1.6485324920346272,-0.03943010549879651,-12.839715080525357,-2.7887097574162194,-2.930529612405071,-0.993551071607758
"INTELLECTUAL DEVELOPMENTAL DISORDER, AUTOSOMAL DOMINANT 6, WITH OR WITHOUT SEIZURES; MRD6",0.5221907698425764,-1.4360664291667613,-17.94906571686763,-3.6515586695566467,-28.13780032442299,-3.0331682834369262,-25.652558678120247,3.789841379173062,-18.026867600976676,-3.0514446154431827,0.8622320466728494,33.7226567045142,0.03004851545449757,-23.604403750282692,0.4754698239332833,0.15678556576374428,-0.1378867087762494,4.249316444253372,-28.90147069710631,-0.11747387478599708,1.2048474340694977,1.0704349631108703,-0.9066076910392582,0.10500582201017608,1.1461692734541493,2.251594187294169,-4.091872940862889,-4.487711926614778,-15.287613751414177,-26.18388234537552,21.134016920643464,33.26071793061979,26.62091263859867,-19.688810787614983,30.963183697890738,31.21431277257109,30.980331481464816,-18.48424902617137,17.669664619722443,17.458475338946087,16.293597858322183,23.965105288831463,23.80529648735421,23.213209363850037,24.223478188174646,23.97298597061691,22.83043906180723,-11.575807319836409,28.678910037747272,28.668027969698816,28.347148304715077,-28.88546040498167,24.774151609791183,29.5522934153274,24.411312331450283,-3.250637082863454,13.715160633047471,3.8108800114571793,2.936186824463489,-11.080356732262112,-0.051029273256854496,-0.2246611673289918,-0.4055424111259874,0.024796057218363383,0.835603618593386,0.9992526999979037,1.0869846518149873,-26.097685909436784,-28.37632066222749,-1.9511099048077636,28.859173240084964,1.2044439324367202,21.870373072560803,4.107127048196587,27.81697431340231,27.205771589378365,0.8470852133323924,-0.4059503987276252,0.10609671035391528,21.83466263199698,4.892131440102683,27.80632632538753,0.09551959602273301,-0.27073713663973836,-24.037767570076344,-25.10371472472891,-24.35761210987951,-28.81978397199701,-18.530945331556126,-1.0357294979981535,1.8032616758789157,1.9937547233374955,-25.411471930951922,-2.420610031330759,-32.03566581122677,-0.9056267622772093,2.1680325977821715,-1.5211083291326701,-2.3615701618310223,-0.7089008664511693,-1.0142485176194105,-0.031762575864966724,-1.1063348706615868,-0.045849471435617524,29.563851102111656,-3.334861472061501,34.0335223723991,34.25641172787003,34.10267814514166,0.07244151199010163,-1.397173879520305,20.877069588771636,1.733392562238688,2.8592953836840698,6.156883558056673,-1.3454727439984056,2.4227740554005983,0.38933806532526544,3.7681200465097153,32.83172308272789,31.11816911696255,-18.566990816564466,0.8967052322700269,0.6990410611839245,1.535982123299298
"INTELLECTUAL DEVELOPMENTAL DISORDER, AUTOSOMAL DOMINANT 62; MRD62",-3.9567956792914027,-30.937301282773294,-1.0944463437283087,0.7837599362478683,1.5250428982289697,0.5471673722406857,-0.8564461079434258,20.556645302279836,0.5545065228066226,4.044441216513185,-1.1280734084550772,3.1859041812925306,0.7172357685744108,-1.8538210661375323,-2.1253548704109333,-0.5859651734176152,0.5757476492438314,-0.1927102637032347,0.10488852566893594,0.26785220702948126,-1.442244161890199,-1.2664613380545888,-0.23594930557856428,-0.24278388919879773,-0.22031122037267903,-1.414999312567859,-4.038156405257063,-4.006152078888101,-3.9220214932509663,-0.4603593463167996,3.353147672385294,14.92515365544559,2.7959725926896577,-3.2145909260436616,-0.6249931490676884,-0.6772297223078446,-0.6937800491767537,-0.6947748580173241,-13.679398483846958,-11.906394281686648,-2.983073135510822,-1.97440742479555,-1.7954330906716796,-1.5333331115970694,-2.53237027564126,-2.220532387998345,-1.8141208053610314,-2.0965531063456457,-0.9087954936361928,-0.8994945260950716,-0.8986480174039484,-1.9937345741020365,3.3373404975584156,3.1103232682105153,1.529265572097631,-0.9099129034158469,-2.877440805417284,-2.897895992761397,-2.603729565589401,-2.492868982830874,4.221492527151096,3.670058729376303,0.8231334089595279,0.11412046767204176,-3.4937667320997656,-2.876888784155715,-0.5737969477471468,-34.952667629069154,-1.6997375583762724,-1.2763301618899519,-1.0887044047989074,-0.36308062220088944,4.703332299742941,-1.6312833999540657,-0.8879480035553576,-1.1107350744716034,47.08997774690599,-44.70026966952425,3.1575219126113536,4.663684576701096,-0.2054277124672882,30.53803670958779,32.47247460786568,-2.881061395810467,-29.78259380618158,-27.628381793943895,0.7628995673372895,1.2379232032728722,0.36958328732318235,-2.9553932575317705,-3.2454319391892743,-3.260908057377089,0.20019221868314263,0.7347705973715247,-2.542977448970909,-1.6740729243619585,18.045780703041025,-15.649850575943308,-0.17181213398902584,-4.780184889092085,-15.313871905351393,-17.20161664405685,-3.9026052794168957,28.391328121043134,1.7985058157103142,-4.569603132091676,18.106027824128944,18.729405454041174,19.212801547066224,15.459419356384133,1.0062451383591442,0.06817603525956699,-1.52943643674929,0.10563799501439351,43.59998299844152,26.125000847840884,14.784695043385717,2.157148342281772,29.512500683992325,2.5425188060934807,2.004990206499463,-16.492232508566875,-4.123548939792822,-4.84876789955611,-4.162430587285251
"INTELLECTUAL DEVELOPMENTAL DISORDER, AUTOSOMAL DOMINANT 7; MRD7",-2.267896365700733,-21.117811905704546,-0.7830231147137752,-3.465972381623345,-1.0999515110142877,2.588366664247852,-3.1272166566235335,24.127840897691943,-29.002379627260282,-2.445696912632377,0.39547496733000925,15.949372214059176,0.08023546925023113,-3.058341578340377,-1.5292272246604783,-1.6677338912438562,-1.251595907298721,-12.36085082999025,-1.2593264084784177,-2.2101273457548127,2.3567582825227804,12.067623156222687,-2.8223256325063106,-3.5154084817660936,-3.8742652148471106,-0.3171114673243351,-4.0766455358547224,-3.3690527278347955,-2.5732214201895975,-0.08582553185515299,-2.1464124529971023,0.6489135721629127,3.3062911177934584,-1.4777781371680005,0.1598844817437246,0.4582042440788427,0.7807792492765834,-11.697410718133233,1.2278762706349091,0.26928839054605025,-0.45023558295561206,0.38114210651963865,0.1024061409193188,-0.13235841109340443,0.2776042771611347,-0.13870677380433444,-0.6078613873314538,-1.600156945274702,0.33050188303764105,0.4715400412329366,0.6132542311407702,-1.2237946894516534,-0.048925926314540916,1.7393662826125273,3.07049599813262,0.04199964366892245,2.218084342722896,1.9189113508154256,1.419250346426649,-15.786657420409126,15.131640297723209,14.030265954963136,11.444147791115618,0.11027299002469955,-9.803497887237365,-9.856240411016406,-9.16084583063515,-0.21497377996987097,-2.3267582599830186,1.1097726697411803,25.678606763488986,-0.969675099105568,41.2544365743787,-1.0466559363066463,2.503603652330427,1.758979697826622,31.08213810300023,-26.684056873769386,21.058644469752032,41.5170464988923,-2.240706324422014,2.891206678158142,0.292867957023392,-22.54842679716501,-31.350310757119004,-26.745772174528803,-3.1285378809019395,-2.8496847662575724,-2.471371991845531,2.0540343481383867,0.16987244284290623,-0.016043537013286268,-1.3285065781533942,-3.3230647953313777,-1.6595593439362795,2.6119482219205232,-1.0806194879385882,-2.2254592614552964,-3.7252460966046717,-1.123268978469063,-1.9865476371067665,-0.18611512730474294,-3.5945467466123917,-0.9708754665959998,1.5151760014787683,-3.6475287364303552,1.8264950866223058,2.051410699748054,2.2916951012918614,-16.202393110851464,-0.553034905405957,-1.6103663409501305,0.8089868475278915,0.1919738354901907,0.3204772910974998,-16.410875970490125,-14.1966554070202,-3.235077217826903,-0.8804214610611951,0.13000134732202615,22.405090228700278,-36.19962096751309,-2.0472600284687323,-1.6348019827126885,-0.6761886418076931
"INTELLECTUAL DEVELOPMENTAL DISORDER, AUTOSOMAL RECESSIVE 46; MRT46",-5.429716978105124,-2.4665344445981936,-1.35276560048828,-1.5078296581770394,-14.11361382196113,-2.475555444781434,0.49236700653596976,0.33590472816395306,2.960799855470352,5.266022866265418,-3.7995800678525447,4.407586791677589,0.09641791965614127,-0.4666873860747281,-2.1592334184174016,-1.4974443323749043,-0.4471883958316803,19.26427174336771,-3.3115155909164757,-0.436178606040592,-0.954234039092463,-0.14299366614956402,1.0795295592876057,0.9301780643331693,0.6382893990170718,0.2880876525118896,-1.9588610148829626,-1.8051938893285706,-1.6148742390184434,-3.67480340310221,2.705800961882091,4.220271880985054,3.184814869912366,-3.017866149579901,-2.2090489861191593,-2.112288630180394,-1.9982461709160713,-0.5371874511548022,-4.952039096074799,-5.001078598152977,-4.767856673463501,-2.849603998197729,-2.859942201451124,-2.7352489080250333,-3.486431095679407,-3.4185687833062466,-3.257398012543051,-0.29764350870364775,-2.1717255245868308,-2.139889074839144,-2.1049485336856004,-3.6119546247797576,2.2425204925656614,2.8893370988983187,2.3827440577961037,-1.911238395771458,-2.424405719938966,-2.4474544376783105,-2.194797944539956,0.2831537701730524,0.08884618497458246,0.21085665071481266,0.3362942975595922,0.7138126381925932,-2.68668729025937,-2.716331050089453,-2.580563789098016,-19.17412434091702,-3.487978560383337,-3.1309066306869657,-0.4504206395490449,5.241300592499109,1.1618276701227161,28.077041789462555,2.618909515752892,4.059670067790145,22.23838340186464,-21.001193972240113,1.7362024795490034,1.1633418766755685,4.622534315810044,28.20366508935075,3.2803221675030505,-3.7549358791215437,-3.7458579827155067,-3.4380715217009645,1.9939860661352216,-0.9459144856641735,-1.9862410497878575,4.616655239055059,-0.9856654011149203,-1.2574899300543219,-2.8424668611040635,-0.881691883992443,-16.595353113953188,-1.1113349691934298,5.391555230471964,-4.894627816070297,-3.7489093915982936,-4.74740685336006,-4.727962867777841,-4.424682637940532,-3.1685892711011814,4.306965274418946,1.8791449490159164,-2.159986162333793,3.2157425264225976,3.216829515211497,3.227760675007519,5.956223335857558,3.699800129172003,27.46081283838292,16.74555496581053,-2.211746785782318,30.871620982723176,3.343803340717491,5.960542146287205,21.730783923399645,7.027051001262877,16.0610200316365,-0.9721833880304646,-2.415439955999606,-1.1540304247011735,-1.9042163184374918,-1.6712841051366
"INTELLECTUAL DEVELOPMENTAL DISORDER, AUTOSOMAL RECESSIVE 67; MRT67",-0.32857808052798676,-1.0216870730677314,-0.5533786027371548,1.8779262502217053,-0.4787272699950514,-2.8381814908367815,-0.0628596012251405,3.344825747391454,-2.273810581678203,-0.2841894221920589,0.3268539015437907,0.026389198621977663,-2.7940748714550807,-0.7338402992738481,-0.8829099686899455,-0.07048904759964361,0.7666520477161548,0.36597005960891515,-0.9223318516762409,3.2074735213827763,3.3084274734584946,-0.9520467439766573,0.3833472298223383,0.4220319975836262,0.4284575634374339,0.47269362756508254,0.07620082463687218,0.18507810328322902,0.29434328260228537,-0.7015954442353007,3.967983887995673,3.371130488949851,0.6522310459626035,-0.24116974378569578,1.8499561322522753,1.310725169715747,0.741950346148701,-0.9823525108727206,1.0791948597109022,1.4448166754702112,1.7643988842144738,0.6700019060381022,0.7655060216086529,0.819515377379217,0.5643760663768786,0.7351342537262767,0.8581561144341786,-1.2480616358358676,1.3807110211109572,1.101379904983677,0.784659133025836,-0.4759582464577091,3.241574807851202,1.9336230003283668,-0.028055542929678153,-2.540758461792636,-0.8887929489622727,-0.8709204868137336,-0.7795753693394326,-2.119115898337137,0.47467754812059954,0.250093231638063,0.038503098526037616,0.007278486814173975,-0.1293189378653144,0.0019189024604109263,0.15919470776467978,-1.7548580704038141,-0.6970096098291265,0.207167909473211,3.2224303391563827,1.4955813432289329,2.86624368616551,-0.5406319403625691,4.087618220085472,3.3689290345177882,-0.19742946274694048,-0.4748773060053215,1.5101949596344615,2.812094795204194,0.5866059761772463,1.9289698373183946,1.5823259516393815,0.8378848722506963,-2.136421128663606,-1.6780394277813133,-1.6047848390197943,-3.0646110154015833,-1.521726268471759,-1.9294953082563655,-0.37903963348709785,-0.6282543307857822,-0.05842398046060585,2.0815785550408767,-1.9840641352657475,-2.7727806527274166,2.419923494190918,-1.0615772558776557,-1.2197412673857768,-0.9075934267669444,-1.0881593886834653,-0.66282874422087,-2.1781278614007427,0.7364553352493423,0.15561139968982432,-1.0341974236457887,0.7663013826648566,0.5952767329146552,0.40842430320823103,-0.42991217048473174,-0.48523768746457563,0.6264877490999158,-0.1600236309458406,0.6408609096660157,2.77161629563423,-0.8212138292316278,-0.26179331315008586,-0.6329617582278622,0.7388789272971328,2.157333044700437,0.15272637999498775,-3.5441316068369506,-1.000104707174936,-0.9213597074921682,-0.7815775858995767
"INTELLECTUAL DEVELOPMENTAL DISORDER, X-LINKED 93; XLID93",-2.301281000532187,-13.157928130469418,-15.319799910047353,-1.5650326900976064,-1.973441850165281,-0.06301295641018391,27.520631318546133,43.17998321435339,2.153914685573063,1.2172623708484225,0.4331920601438465,2.526182968561829,-1.8841609105882469,-20.60901820011643,-0.2862154145443451,-0.7716862706408362,-1.058074746473572,-0.25483102121753426,-15.10811619236847,-1.6051949365362836,-1.480560947957853,0.5331575599541349,-2.0744963658767963,-1.4755015945565904,-0.814618650900997,-0.6296327364746536,-2.3623291474855685,-2.300600103348803,-2.1472076135079985,-3.8538062190821307,0.1663249288752093,1.1811147117217324,1.6875974571667347,-0.7653175787869955,-1.1876125758335896,-1.4884700642483664,-1.8103232248844865,-7.104566081107183,-2.314435877924358,-2.8822584506364692,-3.2190349346093208,-1.5700101592636069,-1.9988484220072342,-2.397362913411601,-1.8928853497718765,-2.382972804905867,-2.7231757812461717,-1.087860868657124,-1.207394940400512,-1.5733585018584346,-1.888986081831127,-14.436264717229449,0.31723330664778987,0.9931560923325435,1.3952491778163576,-0.1750054862836992,-3.8806201431695913,-13.85363420777498,-14.0135729649724,0.353725965798768,0.5645948970291917,0.35820565473084476,0.11939954489817733,0.533954994607284,-6.694054927924019,-5.841981246388468,-5.941611480372784,-2.2391438248662476,-20.575444717049407,3.0393915305124213,-1.338836752225772,14.86102884302444,20.266298408670757,-1.9631493783951626,1.0803543267504963,0.4520995824420148,5.234871739030542,-23.785916495172092,3.0683450387299,20.307674662285844,-0.6930020900393047,3.145571892761869,2.6917163061550027,-9.715540506062323,-2.439165626085964,-1.4867076667866,14.843424339664448,2.156640920835753,-17.222801377716845,0.19036024675114765,-13.571566366016741,-20.941986395488453,-20.262588937779135,-0.735911478343957,0.6166485604977506,1.057910164324108,12.93023269606525,-13.973216215213089,-22.126591990631127,-3.7755407490472264,-13.664165790078133,-3.8529791655743795,-19.33037580312572,19.25660675992762,20.626124218720303,-0.1269122074180246,3.3949641527243952,3.4049453809553256,3.407067085896754,1.2658214467585187,-0.7307098485023963,1.016786854062855,-0.8874934907771052,0.7833705391202277,26.628453742911102,1.2426480962777682,1.4773525466622688,-0.4532347727581552,3.643652168880839,0.539257494423728,1.6477395514136608,-30.013567198146497,-3.4578247104394744,-3.5238411201272792,-15.040124510542107
"INTELLECTUAL DEVELOPMENTAL DISORDER, X-LINKED 99, SYNDROMIC, FEMALE-RESTRICTED; MRXS99F",-2.550574876217484,-0.3314680867914545,-13.011349226671415,-0.8744323538104176,-3.2774684658066517,-2.0168778518039816,0.2437768163443732,25.55431492345025,-0.7197023041036157,1.2272438056943515,-0.021620091707191067,3.912480107554889,-2.2075502428457234,-3.2870163295286026,-0.4168293167255278,-0.010736972489196124,0.37637156978583286,2.1561243568907833,-14.675657261154015,0.06941819268945748,-0.586307767836594,-0.5255589283643782,-2.449943705906894,-2.858410844874522,-2.9379982545763696,2.8412957241407715,-1.1572145295032192,-0.9582469536320739,-0.7464749700766428,-12.193532034537757,2.0984318657870373,3.0971587206098925,2.2354466126170047,-1.4937402267916444,-0.5713914534051964,-0.8182444365112956,-1.0422266719198234,-0.5610690582218834,-1.5162377526477966,-1.2565000795419319,-0.9050705286362202,-0.614560483757042,-0.6715389087260959,-0.6839855266920658,-0.9014006301706431,-0.8572404220086828,-0.8155073727477724,-0.06409279649104302,-0.47388090388868875,-0.6555873737435193,-0.827265780791975,-13.041121533100597,0.4978805045899046,0.11812658121640254,-0.2650427651414099,0.5038793081521082,-2.272851436396496,-1.6074241520555932,-0.8178200161571187,0.4118072093221977,1.6646101995653542,2.1043987844514795,2.3951384059498815,-0.5289550766949082,-1.596841173750629,-1.955319114726696,-2.175769716583738,-16.08441185599424,-13.006094233249188,0.3573256829651941,1.0081697295486587,13.65645534388968,23.74224822039786,0.6259450948294409,1.0637946054621945,1.0014074995445923,4.313076302885115,-4.32636347150086,0.39487569463407285,23.676850963734523,3.4548469628202607,14.380282104241068,3.3608450694184078,-0.502535878994506,-1.6789655432106876,-1.621180934404733,3.589597403957276,1.0618393582928654,-2.7346228555000693,1.2065248266684079,-1.2133112661726069,-1.5492085375038518,-12.946679199252397,-0.34895869996795814,-3.4073441602500267,-0.8216418571814784,15.915006477797384,-11.30119129788297,-3.0785012411902963,-3.272334787718724,-3.287456377468752,-2.68338533388035,-2.8276009454390056,2.9962940489365084,21.657867540628853,-1.523556254452194,3.8451016852769833,3.847953985905624,3.8454090241242667,2.904673458053905,-0.17077432619997038,3.4773157061061593,-1.2006240595848174,0.6917681427327108,24.476150841700537,2.525550753397883,11.662990909643083,0.5259590756152279,25.56371131168576,1.9044521049381435,5.023807365561718,-13.685567258416102,-1.478601629874365,-1.6779296336189333,-1.6813430609567537
"INTELLECTUAL DEVELOPMENTAL DISORDER, X-LINKED, SYNDROMIC 33; MRXS33",0.31870900013513437,-1.0580716532602497,-1.2841203562334031,-3.224889371845916,-3.7006106493964137,0.046907753730039456,-11.345820603761766,3.233487287996497,-1.3994950845873082,-15.391851552004269,15.348090332707443,14.485300506063423,-0.14894963716377402,-2.430369116071383,1.6198244643899726,0.8902134884550076,0.07345654550164224,10.704341949822794,-1.5442447025640849,-2.2897288895800076,-0.600768027880742,1.8033207862777094,-2.957581126815993,-2.4873080329958035,-1.812810416621869,-1.8137089246796585,-0.22577917360588087,-0.15191963587176996,-0.07857578463529309,-1.2579546646304163,1.3038398346465268,14.925359589092068,20.012785485989244,-0.07321462594170898,-0.36547290241418123,-0.30289633274279326,-0.24028956064409404,-2.5229932032684435,-0.17501879932152253,-0.6688269784349821,-1.1401356911647558,-0.5712107255263124,-1.0260665117894874,-1.4506745064689983,-0.6269813083244431,-1.1500286935551054,-1.6170334062222298,0.21739385238495373,-0.4039258815865228,-0.5343622899129564,-0.669165089594219,-0.8801692828406378,0.42088666531545793,2.0527401589265764,2.823984654669418,-10.323066393924618,-3.5548324644468,-12.741602752989342,-13.058355941570174,-1.9407416173066763,10.69086222900424,10.661671096167751,9.587586366354985,0.6733066062515303,-6.552136139337112,-7.190886107875539,-7.367129919162176,-1.8651011003496996,-2.658711511874903,-0.6331224685404295,3.9477314976919566,0.19342259865959133,20.123508456705608,1.0207332409401435,26.24209888273684,23.137915514514404,3.69869269575744,-4.763091766141874,1.7560872177368951,20.127725423318417,14.201161849944304,24.932135061696624,1.8065689583325872,-2.4890704482513866,-21.81633523654211,-20.66863596117709,-23.82468916740547,-27.078959352561828,-1.5148563177169228,-0.23186966442831428,1.41277480900809,1.4257187655334098,-1.6032099169727674,-2.9726190135034294,-15.565238776700275,1.020125589334947,1.8932345286520276,-0.34978269761054,-0.5483983652192524,0.45216726900996335,-0.16089887072946354,0.3674990237819961,-1.4796772584450102,1.6627723434092505,3.1173794570293274,-3.6018450469687777,15.58719424295191,16.026005263454813,16.431768180961082,-0.7806824378989878,-16.40861169502317,20.04980696731455,-15.064266797922873,13.939509484817691,-1.3266327024616702,-1.3928499933540743,1.5104034539166413,-3.429178504567603,2.7447102234321603,13.432944166778377,38.42330129724557,-28.376169260364808,0.3466292315395431,0.09680501912375811,0.8249557848035586
"INTELLECTUAL DEVELOPMENTAL DISORDER, X-LINKED, SYNDROMIC 34; MRXS34",-1.193278491241171,0.42297480123955056,-0.09264593888161762,-1.8135848210270704,-3.9087944047170247,-1.532013312218615,-4.556850653112293,-0.36590351219061695,-3.989664900915415,0.14620093226719122,-0.994722226253205,1.6490143540412492,-0.2570228047956067,-2.405952730627495,-0.25664336492884204,0.1316330731219549,0.5169277787408069,1.279810652034524,-3.2501160262612254,0.18928835438323266,2.5228591886618674,1.1931258962887663,-1.4290602831804713,-1.6338875551649752,-1.7178298133392704,-2.7662003461074063,-2.7168350892097255,-2.392477143527577,-2.016435172115311,-2.4822437893452394,2.433529383921389,4.432938845379927,3.8906901226077046,-2.5341591567424,17.97049528927665,18.52418863095897,18.920928937912322,-1.920603048273129,4.809012582692352,4.738034584216988,4.476903093842796,15.18710878663174,14.79099472891672,4.341488091149632,4.6763283319219955,4.589454077638111,4.302896262563954,-2.0340667950781417,17.238952309649623,17.32978668950219,17.178097873045946,-2.021107924346352,3.9233399288342534,17.40888542048277,16.212890334316604,-0.20902660487342892,1.9223253066254737,1.0305230684395588,0.19991117899974634,-1.6697633072278733,0.023427435030681534,-0.13394062933732492,-0.32590844739944136,0.0007047311118676464,0.12490641671672685,0.2929236909199124,0.47654692585060365,-3.3625397219593114,-3.280504601208863,-1.6303902809717317,18.261742552314367,2.6477039419759016,5.907619661183987,3.330079443532269,20.388995433558694,19.596124569481578,-0.40864617958178495,1.9542388143130602,2.12035574004053,5.926120605648385,4.490365178010518,4.8850846103096135,-1.5871133043864873,0.027571637728732657,-2.521397587751784,-1.9407356509109883,-15.65556286766578,-19.777123457334206,-1.9150045531548243,-1.7003938277284074,2.344932393987188,2.6924397434753122,-2.2493164311378804,-1.2597512371076773,-4.382190005896092,-0.3094738608542991,1.3700704435232576,0.80065370042327,1.6786197202240025,0.7560469209309796,0.8990661743475237,1.0751671791080375,0.4003343200344723,-0.2733547778647672,2.910117757539346,-2.326907391089984,0.8200570952708094,0.8862587072325688,0.9342912525001894,1.3081964598525884,0.8525175962886198,4.174605273359896,-0.027298686431575923,-0.8141356366475003,2.990057710595293,-0.07095971592349745,1.9921982570378682,1.3050652753109353,2.2935318030798784,20.175122343088685,-1.3824018114427454,1.903511184114751,-0.34488337504912286,-0.23015128937076082,1.2178377186679321
"INTELLECTUAL DEVELOPMENTAL DISORDER, X-LINKED, SYNDROMIC, ARMFIELD TYPE; MRXSA",-0.32299622539905454,-3.2432164530718315,-1.1066872497338858,0.5250797294089719,0.009015449782342776,-0.6790434899765289,-3.101038529341017,2.624560594355898,-0.7997064440055962,-1.3486114384560672,1.3235363651628709,2.5809086733012245,0.29234309525294355,-1.130423611845446,2.816102059561028,4.0949526756967165,4.256495218845605,1.250341477364927,-1.5218600160789038,1.533561140521595,3.072313511445511,0.37050884798583167,-1.6166050732235142,-2.126070584010517,-2.510945620912429,0.6782982665936814,0.25006055354219714,0.7674732029431445,1.3545051777484287,-1.520693503099251,4.380789481590412,23.314183363015662,13.856892443118877,-2.3334470438824995,3.1806501440375325,2.936291036093385,2.603260893322933,-2.552440091083799,2.3444944525091134,2.0849199967450334,1.7085695049210794,2.532297459081077,2.445065031950974,2.203893603204949,2.48831330152985,2.357544326655942,2.1071890481639595,-7.920724448876768,3.0032335161603765,2.7898744447074932,2.5532027003632742,-1.9153515367565834,2.4931114769672824,2.6875334350538727,1.7468051851274875,-0.774455426375546,-0.08940795575158667,-0.09768045832663315,-0.09029695296820313,-1.1067641513966704,0.3109922693333373,0.034381759330096795,-0.2231262992221417,0.19460731638538306,0.0018745912140307557,0.2107718196378027,0.5139114383235064,-23.810820318181616,-2.051047135661266,-1.8019891921061193,1.3381753529365739,0.998292552020208,1.201629362009096,-1.8535080768160783,2.1646575196860454,1.2799872723262546,16.941148480004003,-1.138845183169827,4.025355174776202,1.1902940287358899,-2.714821366013793,0.2767944495395012,-0.0711737328819132,-1.2887805261993326,-1.9615227998802658,-0.452238004072729,-0.1329113617718435,-0.9598167887056444,-0.6199810472342516,-1.8579543274089976,3.6780597555281904,3.654107862215171,-2.049850885062017,0.4253286910291652,-0.24597606147870038,-0.5385266638685227,-0.19773271407433893,1.8549835493120135,0.8837004590802947,2.2619344709963953,2.025298123141747,2.2085017469065873,1.96612734722305,-0.20730388547899498,2.7681955488408936,-1.56772370414107,17.190224833056096,17.233642951199908,17.170686936024477,-0.3699918673509335,-1.5722408375526458,-0.8161783344495456,-1.8896590028600175,2.3304375153037187,3.7176064213521953,1.0702204743133577,0.3206294899570293,-1.6880800780689806,4.162992750063903,0.9260567000783966,3.0420735551034808,-0.1928084229764863,1.7718792550045075,1.3720749635501734,2.8135499432069198
"INTELLECTUAL DEVELOPMENTAL DISORDER, X-LINKED, SYNDROMIC, BILLUART TYPE; MRXSBL",-3.3941573328832346,-2.1802380925214546,-3.432611995440349,-1.5174622355824907,-2.7515899442795466,-0.8371699914606389,-0.8928796681492667,1.6972408294500398,-1.059515887241396,2.680281450854377,-1.783543461056618,3.9446400806534045,-0.7174673748698823,-3.1683103093777776,-1.1688556084793043,-1.0697073437663156,-0.7360088583660721,0.5389020324229904,-13.57786964484763,-0.5675802861985695,-0.16287671682480373,0.43459617348478813,-0.1064731808429608,-0.2968844153121848,-0.45483765046569435,-0.5389514945365101,-3.2015657234147925,-3.043378736247405,-2.8484728080605053,-14.02979142988014,1.1464216532340998,2.265421353624709,1.9990164321191832,-1.47253128273741,0.9551551924241909,0.8688739726230357,0.7590384114382562,-9.898013446336147,-0.4613123296808061,-0.6517796331596183,-0.7991083427819611,0.9662960725402036,0.7401909186278689,0.48468643949773377,0.5668746234371703,0.342998834280622,0.12140051122053529,-0.7687644431040239,1.203609159194091,1.0517820587062654,0.887544785203633,-14.00962996651957,1.2281721597931357,1.7092039338257081,1.544993579037949,-1.5333190078910417,0.9897698266307665,1.2627501830181183,1.3634300675567284,-1.8262192980031025,0.323914904304384,0.05991097415062323,-0.16719796007969379,0.052263813643657536,-0.2506403307220966,-0.04045588086306333,0.1814295580981384,-3.522217579496932,-14.610334159086017,-1.2979858514454985,1.9951158200460828,1.1960354674198996,3.059835241221911,0.9982876819842456,2.3592504818078277,2.2446619890404644,1.636598663341813,-2.918816484670864,2.4176304280686267,3.0732973443803995,0.08621535259089816,2.167578487014028,1.4180315715386567,-1.3388000191678322,-19.087223970974136,-13.683843403316803,-0.7858165223894301,-1.952040418248524,-1.975454644408851,-1.9629742799943766,-1.88359891032545,-1.6540987534945581,-3.701096256471057,-0.7178903108273859,-1.682322937713586,0.057167012268921354,2.85594655426718,-20.305521698469537,-2.40277569345239,-20.0409887311558,-19.92283750968101,-19.113428283686083,-12.311440498480348,2.805095948069064,3.608586744881433,-10.595690198885473,1.7075337728019673,1.7577798237191318,1.7967153266828815,1.4936598804939134,1.5017250235648627,1.506121489674335,1.8401551270279732,-1.1551636709216895,4.490272739671979,0.7857479965492872,1.3824862535478102,2.3088117827002073,3.9276442610700366,1.2398394902607357,1.9225005594839615,-13.1379270344495,-1.302982749388794,-2.119016314509847,-1.9493073060865735
"INTELLECTUAL DEVELOPMENTAL DISORDER, X-LINKED, SYNDROMIC, CABEZAS TYPE; MRXSC",-32.20899092968586,-4.538523966827882,-2.335766363370269,-2.1169460407356016,-1.114345515548383,0.9175192873664526,-3.3853047496235127,3.396817090678851,-0.46611860867629307,24.01459618913578,-11.95387075218051,17.352645099394355,0.09430377240264759,-2.041815818117158,-0.7913413462887342,-1.424416097036432,-1.64194117408362,-0.05764732924902243,-2.1663809128119262,-2.4512279669379495,0.7968860072528025,3.0815814587988544,-5.430864449063692,-18.319047815128528,-17.792974287311104,0.8618509057377772,-3.908461967863513,-3.306316747153241,-2.571361842663994,-3.01120453088199,-1.845246743865934,0.2698453300263573,2.421877040989615,-0.8666139431983996,-2.5342334386643217,-2.7051004224941546,-2.8384921746422704,-2.4238085753449012,-3.2319366724253693,-11.973828108158553,-12.753631341861313,-1.450763682701549,-2.184717113229323,-2.8103815549937003,-2.1313111694786455,-2.87698020513675,-11.02911908354308,-0.1939501084505058,-1.7317740194919207,-2.1744160604168674,-2.5340127725231025,-3.0912880482952825,-1.756155921911351,-0.7234376233440579,0.3530040476314035,-2.500746708980479,-0.48491551059054433,-1.0072079617148693,-1.4822736856255976,-2.5086251670208752,9.84523008504629,8.490428343445153,6.251547594796265,0.5953517115086967,-10.440737540441772,-10.0726117176834,-8.807816491979253,-15.179424220473598,-3.104335864188346,-1.6720675407774828,2.0192793960372755,11.957335105012143,33.98067831215035,3.167686165408611,3.1504633927999084,3.3553117818826332,7.569431713380097,-31.91811269764258,16.33792889767144,33.9643207170666,-1.870355817306028,2.381901859429899,14.327352263482233,-3.06566214459547,-20.64534927665106,-11.869698578935072,0.5263563690123152,-1.6441785557129087,-0.8900465760532298,-0.824991430303573,0.17778586247654304,0.2806477803801922,-2.0278044263396056,-2.7316344754864197,-1.6986621493665304,2.113178915032439,3.7172510245699764,-22.00868187697745,-0.6138559724210876,-16.615827028430704,-16.86425261594878,-15.81259501428388,-4.035934578144492,16.475414657224288,2.118324404890238,0.3175397427738496,-0.40342918069670397,-0.3008601495111241,-0.19488842642521467,3.9775966544503794,3.4442152593888054,2.0293621701704057,0.9111427110163347,-3.8149123182827567,28.620749589945532,3.3052797448641766,3.427888189510522,4.262248333505291,31.30669513851423,-1.5532066456482525,-0.9111028996308884,-23.217264342280007,-2.3142464552060127,-3.390853613989241,-1.2049556600192706
"INTELLECTUAL DEVELOPMENTAL DISORDER, X-LINKED, SYNDROMIC, CLAES-JENSEN TYPE; MRXSCJ",-17.785141319094365,-0.1567910261390237,-3.456291303781006,-2.898621536792636,-2.0657117337093798,1.3159889186616742,0.4709557455524649,2.858477911860779,-4.6281956524381815,15.680668667171126,-3.931714421737299,1.6740429620551875,0.18166726886731255,-2.2683088165590597,-1.9265293502379048,-2.454836317379412,-2.3243269650267977,-2.232978992670676,-3.197780414453773,-2.0203752538902475,0.044312962789910065,2.189079560957612,-1.6696732609244005,-1.8098888422986827,-1.503591538114762,0.10035735663816842,-3.715688228356865,-3.5393518464136666,-3.2792452533311907,-1.7391797632346127,-1.791528365022093,-0.07024663264837719,1.96103759727471,-1.4144418791617102,-0.03276445923640123,0.16763682758727103,0.39533459961177886,-2.7650690210513744,0.24036078313946843,0.00640531535823986,-0.21465603028112054,0.966326798567671,0.7516414847664252,0.5711945530883926,0.8116691197838546,0.5490427420417565,0.2961409570524234,-0.6647879497249531,0.37626323169863995,0.5300965832841178,0.6812874225270035,-2.740979982169274,-1.9712983388577052,-0.8282784486671062,0.4521903960295005,-0.34986179589176264,2.185915487436906,2.1885445774527037,1.9753168218330133,-1.580702883982462,0.8620878053628132,0.7117000288660068,0.46564594383769353,0.0858571327049426,-0.58557527025872,-0.608525179254059,-0.5626240560709863,-0.8947813506624949,-3.10199151017719,1.8648618656770324,3.632816616034545,-0.14646019936787358,24.533219819614892,-0.1203798322865143,-0.1575438571437586,-0.17032261712420338,1.2139173897372306,-1.314951845121274,2.5494643675194917,24.529860882137953,-0.06838011656922013,0.03992386870161459,-0.14641219992792123,-1.4702592733714261,-23.017302687947183,-22.089179634619768,-0.0026247989965254076,0.07259155494213063,-1.5827834542605743,-0.44750749827690073,-2.8063275725453662,-2.559909944680183,-3.5838263059367526,-1.9544411869514648,-0.1891883488852968,1.8512073543485803,3.8497798373037093,-23.596882280790993,-3.2878036871230596,-23.82875083304341,-23.589754751861985,-21.049073771214047,-20.11128524123536,2.179725910865269,3.012723433138712,-0.306581555069113,-2.761599619647934,-2.6409251444985746,-2.533433533176004,0.14562191275569872,3.8046416238344554,-1.6457591745347624,2.397494121416404,-3.711871587677585,15.246843668689724,-0.4778734865832548,-1.1407445351662462,1.9330473166059297,1.3951809430796471,-0.7829529219598683,-2.4633997577463,-14.811900291292435,-3.394441423086858,-3.5980287700140066,-3.1733514636927946
"INTELLECTUAL DEVELOPMENTAL DISORDER, X-LINKED, SYNDROMIC, HACKMANN-DI DONATO TYPE; MRXSHD",-0.03389530445222236,-2.714866741777567,-0.03352494612532522,-1.2631056733835921,0.188823849303038,1.5987602699594816,-0.4485252372053195,3.519386250164172,-1.5629248852679227,-1.3136037815725174,0.7202368359189063,3.1447898545655097,0.6304836086284494,-2.920673130322076,-1.0229407486875346,-1.2733776971072868,-1.1322296990526346,-3.783707963136341,-0.9919042385182631,-1.2351501209251174,-0.24819177952432156,1.229971196759142,-1.1094953039756053,-1.5020548229743613,-1.7231470141609497,-2.0703775200927677,-3.348979043167167,-3.262070152818681,-3.0346891103679763,0.624854846021903,-1.51336458934342,-1.1178610359861185,-0.030409382699134468,-1.3149669118318008,-0.26994040755725807,-0.30430227067737164,-0.31194687405647636,-1.8904906285515413,-0.6465690444591342,-0.7277652163529932,-0.7475230143023852,0.3021679547700782,0.15917127532108136,0.02579548237100441,0.04581760784250721,-0.06454073014524885,-0.17254972729837148,-0.9170721456671267,0.0797306177612745,0.021107491946146688,-0.035849127178204133,-1.6224846306774308,-0.5743326273271642,-0.454850598196193,-0.14351539732228277,-1.0008795871713212,1.2698666954478446,1.5689122114250844,1.7822790788959222,-2.025034103265534,1.4055550760009292,1.3981217904487204,1.257407654924997,-0.026225858277670003,-1.1173773306054242,-1.1139141452152201,-1.0413928896041824,-3.1427139146166274,-1.3299656368416615,0.10573903788817943,0.6558828741625277,-3.4631026278556036,3.902313245636256,-2.439002860956567,-0.5844465930905477,-0.9891920542457963,25.072555583310162,-3.827966070435733,1.1429693234123806,3.9412410038937007,-2.3295834556854933,0.12446628836839642,2.1217658396065144,-1.4594516427897073,-3.833517283253439,-3.645756879650223,-2.8065783131119404,-0.6968116179491732,-1.7585486392703582,0.7568082047562602,2.788322813736146,2.646699863021328,-1.8767481314019077,-0.9043008623314239,2.3336795568520063,1.7484804355361123,-3.8858387961782226,2.0652555351902526,-0.7551800507185832,2.449006112832172,2.2652822334468024,2.5845040303339335,1.4190506267553142,-1.4018539648049804,1.2751953942320369,-0.01599237173811681,14.707086792630902,15.1768405732186,15.5104652453069,-13.030272669622772,-0.9622479947000664,-2.865576892959266,0.2545542091288357,1.6325194564075884,3.4859157363687685,-3.3901209242810775,-12.901715580931528,-2.657473338525687,-0.19562646830864772,-1.7442677400566649,-0.13938512700867361,-1.037357532512571,3.4531000385938206,3.4403316583644097,3.1795878032919083
"INTELLECTUAL DEVELOPMENTAL DISORDER, X-LINKED, SYNDROMIC, LUBS TYPE; MRXSL",-3.46560107051957,-32.162069954934964,0.005814647502619631,-4.285417985424835,-21.72693554140097,-0.25143282352482066,-26.023611548763913,1.106526266838304,-3.3112968159910645,0.8983832259571127,-2.150106530371328,31.663398957218742,-0.12257147014128492,-3.836647638653795,0.1594171146189912,-0.11651279740612591,-0.39391441819651896,3.6162106334299082,-3.1314701018846827,-1.9493599497304483,0.3703942837971144,2.315730853054714,-4.99570372208783,-4.623334573641165,-3.8825908905536806,0.587409742640127,-2.9169997436082613,-2.7912893706621227,-2.5652090141374058,-3.0649196121598896,1.148393724094351,4.593199579321359,16.322749139520305,-3.013345521320128,1.9472137253770567,1.9444651128082382,1.9645657280017315,-3.1797150623433468,-1.6467925442170035,-2.522439356549341,-3.149888647883603,0.6750480666606041,0.24146581887717875,-0.10916436149032578,0.16394039055671808,-0.26404224238707275,-0.7461933331515077,-3.0639918259764816,1.7317257730589242,1.5790922557383484,1.3838029795508258,-2.654250855638764,14.278007940821267,27.266395789187182,26.695409239127432,-1.874237438222131,1.7153056215631048,1.1199797438686534,0.49503205758693064,-9.957234798329656,13.412670668432765,12.645728572486933,10.514482713076134,0.24664655836101665,-11.386726812131636,-11.8472648096438,-11.45531429450336,-14.054775045671366,-3.807978915201905,-4.773625597611536,17.495304689537512,-0.6913984794035394,25.895441880470067,3.911464321730623,25.406249599003374,24.945364360675928,41.66767824732675,-38.25341292721217,4.049324918112762,25.867530327711734,0.390892693942641,34.51872772106949,3.048459285103969,-24.409992576308586,-28.382707439843735,-24.724135427080732,-29.925967122630958,-30.85987709536029,-0.7668502876391501,0.704655551917784,21.989696979910008,24.057721628747395,-2.8804003965095544,-3.102194597048465,-17.19291425666755,0.9317780705831175,-2.072576669960758,0.0881915355490901,0.012332943629966535,0.34602483846444654,0.4244513669528222,0.8475807049785791,1.6255295153960898,-2.212612446753979,3.621478793366513,-2.831755794222858,3.7168683160852494,3.6445843543392344,3.5188590038928726,-2.642567907902008,1.8024047662416978,1.5127483333381209,2.9285566376828625,-1.458756778282289,4.892188895992977,-3.872051720704354,-1.7066031602617653,0.5030953315983001,2.792986817691987,23.53178210676034,0.034557655964002565,0.1825340257731795,3.6883507864306595,2.551698181394226,15.442114224447664
"INTELLECTUAL DEVELOPMENTAL DISORDER, X-LINKED, SYNDROMIC, NASCIMENTO TYPE; MRXSN",-1.3441800320877693,1.7688814481460504,-3.685982509326636,-1.2171658272509376,-2.4257732662849634,-1.030878780602143,1.041473441750509,4.441181092803687,0.5631597711754353,-0.17090391228951748,0.4996880953413516,2.1519302476229503,-0.14277981785673494,-13.645956732352177,-1.1832556442879325,-1.1819525957658585,-0.8448097974957374,-0.49260146034290847,-14.26361483479569,-0.8839419787469879,-1.2589477977200185,-0.07388836026485758,-2.294832778556224,-2.4857702256392717,-2.4605927359915554,-1.1408840778411433,-1.1430823706880568,-1.0898623806785204,-1.0042348723582424,-3.768794931630732,0.28707511194125507,0.1856973419738102,0.012764331724242161,-2.1654470569994775,-2.9497403904252173,-2.960745574988365,-2.936455197432423,-1.838379809998008,-2.8489908689777983,-2.864616405114907,-2.8298311718551834,-2.2110835762123306,-2.5343309400164684,-2.7360218318292358,-2.483844669590762,-2.8188416794067717,-2.9881407375130697,-0.6689032901423436,-2.5666867123796044,-2.7066388383910045,-2.7635784286364435,-13.997472156809835,-2.1854851354517044,-2.2590760273637205,-1.55001376205999,-2.1584795163509214,-0.0135562695429147,-0.21490518737207145,-0.4169683467850514,-0.0017427641476785004,1.2710300639099221,1.166916131099859,0.9583733745758913,0.5333913443879784,-1.0969030693808062,-1.211321766357356,-1.2414268425940254,-1.5107823662277888,-20.198945824575024,0.9994198546969637,-0.3866059553835632,1.2689657540414243,15.67073069216923,0.5841578633479322,0.26843467173058777,0.3715157705548905,3.7305259124259833,-1.2543645587922223,2.875241491353094,15.773695024236567,2.021025410462066,0.3980318702807841,1.7988697013160477,0.5341755772012852,-1.1981807058545673,-0.25453772933514623,0.7352191152683059,0.30312225175966406,-14.786016833828345,-1.5128090696052914,-0.03016947010787564,-0.4584151314543662,-12.150060756467413,-0.4098929123087538,-0.75538098907607,0.07403425109971527,0.2842314186533618,-0.2764555506036203,-1.6362756510398146,-0.04475249030265525,-0.19495064158596342,-0.0004427470550600147,-1.294721496964039,0.9729325894197767,13.34055599385813,-3.475699802818519,2.0715652036644068,2.253771385386214,2.4000583977685404,0.16216367277611438,-0.7591565119104285,1.525730394861435,-0.7841439604285285,0.3851388301130716,2.1011483377162175,-0.027027508709518436,0.6866883348488831,-0.34567420969795287,2.1974342063496284,-0.8281684912587319,0.6067538803441144,-2.9524760958797334,-0.5898671710424881,-0.5725562328620994,-0.5502428093685101
"INTELLECTUAL DEVELOPMENTAL DISORDER, X-LINKED, SYNDROMIC, RAYMOND TYPE; MRXSR",-0.054745816191575515,-4.490840257137097,-1.0788535777163892,-1.263654713205333,-0.08229866306476481,1.233230357399415,-1.8758280924505228,3.1360450828985864,-0.6360463146223878,-0.35763366205006225,-0.216757495469475,5.0804272722641395,-0.4917307641371458,-3.554059827182285,-0.37996936012954396,-0.24952459204790903,-0.07202092800408062,-0.7285522410278131,-2.0577586246603605,-0.8759227457412866,1.5830033241238617,1.8967698924783054,0.4551155629619247,0.3978452727776129,0.32571161087662615,0.940715796484397,-4.371476704551306,-4.14791352973328,-3.8144059688679324,-1.370918333464319,1.048734241500246,3.978424074783989,4.201325984981958,-2.4094640781419328,2.9392618770370613,3.2004548688171743,3.3948609603854303,-2.0422790233779926,1.6162508117255467,1.692709971285553,1.6754260104201595,2.5220053091025294,2.4789478576300965,2.349725501864206,2.5365702735097457,2.409912132115148,2.25631214515769,-1.970250032458764,2.8723149341480854,2.9752384991468537,3.0428747702023866,-3.018178014836789,2.1500775427000165,3.318971182482616,3.2606768404805484,-1.381814005884744,-1.1560697056931386,-1.5391808227714876,-1.7996477458721751,-1.4748353978215962,0.8769591092389188,0.6932091493700896,0.4427268841542985,-0.013033967961835247,-0.4872574552935976,-0.3858619232670653,-0.2502747371558707,-5.115349198418358,-2.7620570375137845,-1.3654926077825897,0.9448363251151232,-1.0614825771165204,3.088340198084095,-1.8448276636345164,1.6457416124190685,0.8182587729633801,19.694753906489346,-2.713979633595325,1.5631857274177214,3.1007584314962258,-3.106031885439472,1.2197141065058057,2.760917602816887,-0.10535389508856342,-17.112442796872052,-16.81272358855034,-1.9864323680957012,-1.8212817932331593,-1.330932435230041,4.661791111845931,2.8907837585742504,2.915808132199391,-2.7172917583266463,-0.8215859310427642,1.4192879578418802,1.372245234106709,-1.2889922979950845,-1.5875101795755793,-2.4785771229631073,-0.7556763219816907,-1.2180973111796094,-0.5641660892961279,-1.2342187551913733,0.19860697922404769,2.489793860768466,-1.462731574267068,5.131785954534242,5.284157018100229,5.31303474649835,-1.8407779857836446,0.06890463156254412,-0.12518453385162415,0.8100194745289073,1.4272224773963111,5.373872201147459,-1.9387048582243982,-1.2463450282248614,-0.9542276546244486,0.1420840085563137,1.1433356241253128,4.106932695894412,-14.839230672367398,1.1449748231755525,0.7991907323258034,2.0939960769536605
"INTELLECTUAL DEVELOPMENTAL DISORDER, X-LINKED, SYNDROMIC, SNIJDERS BLOK TYPE; MRXSSB",-1.144782447354414,-2.3701753519625517,-3.3286280310805347,-3.1774697127507725,-1.7607297067620518,1.6538194046468173,-23.60909882903146,1.7290761007820403,-15.254462418779399,-1.7477721543379732,0.12291118489951885,37.172226182733716,-2.217800284464601,-3.546524351917869,1.6820455725950034,1.0057902096879683,0.16164988037643988,1.5566426669723663,-4.139747468278141,-2.6006204347508093,0.3908862031294821,2.8570379138300286,-13.45090969491097,-13.810902925700836,-12.836589054679273,0.48301851160719506,-21.15896830991288,-21.060236530421033,-16.430350124337362,-3.5845812713793466,1.2739182268070903,21.0263886021977,23.47159997203557,-15.944891869409933,13.320813002617882,14.805101949110142,15.805343814154105,-18.711058246985658,2.636408751830653,2.3732866859902817,2.022918730666803,15.037373675759328,14.762965164757677,14.057799349645531,14.819057276508692,14.155241442532763,4.028855980717228,-2.8236484340395864,14.687201147785284,15.478144163079719,16.004664065659423,-14.743537635292178,0.9615087385781086,2.7016855634853183,10.588933638557716,-0.7549707452510374,14.606144312337404,14.702261112893197,4.1732384367219,-9.218360857761795,0.003097265641068219,-0.315408229164176,-0.6932595366287753,0.14497661402237216,0.39469633175979746,0.7019620125076448,1.0308651475635042,-35.50348117715914,-16.41104253885681,-2.269913912484185,3.554331205413947,-27.18037040578351,17.137003906582148,-3.3587958595125382,0.3658809320364885,-0.2598556892999522,1.2782769370129339,-1.488333645536956,1.691927705173241,17.178916273747177,-0.5182589328871491,1.2598962957948556,0.4341600008451198,-0.8335634727285796,-33.271936098615676,-32.98433271652815,-29.953877002266893,-3.9920302704571675,-2.1135222336609827,-0.3894055417104017,3.479630814321636,3.955153911622632,-15.813371583164331,-2.5367337075214285,-0.5620021610990358,2.252181280788592,-2.481571354228966,-2.3088249014416067,-0.039332292801597606,-1.3188352490419275,-1.7049307548194808,-0.145107353358515,-1.9715939002991714,-2.4006549836648494,23.222698544808175,-18.917562237391742,36.59876753416711,37.006556384799,37.176526519622385,-24.653199036981675,-0.4812379992678431,-2.36317208290999,-0.22727344716464482,2.027778655905223,28.013305135418136,-22.270920682005087,-20.54345642755582,-4.028698595951769,1.5254882876402116,1.5251720188175895,41.53775400090794,-24.50944746466992,-0.5615753538130646,-1.2854631732294899,1.533761277108685
"INTELLECTUAL DEVELOPMENTAL DISORDER, X-LINKED, SYNDROMIC, SNYDER-ROBINSON TYPE; MRXSSR",-0.4456321049992104,-0.7071004708415105,-4.262516336585776,-3.2721244165771406,-3.184865256684055,0.14349644032275435,-16.574016253020584,-1.1311912892859424,-0.41792134624842975,0.4286383950129133,-1.5472949579506725,4.780018429434919,-0.42961091258822215,-3.686560422372954,0.30955332908946565,-0.020648881293202918,-0.32376317854747166,3.7683611170125113,-3.111958170208463,-1.7062291196308734,1.204301790218007,2.6840954911263943,-0.45725383757793703,-0.8477414636015577,-1.2003147543759978,1.4133372274923561,-0.07090516262881609,0.24953563152028338,0.6903471091715477,-1.94883357299077,0.3318337542029631,3.8735160538673576,4.797043170536313,-0.8002383039341927,-0.036954112378702865,0.2041895506341416,0.4718489983867326,1.6594239741298478,-1.4611869432529683,-1.5957627084966663,-1.7998089665242591,-0.8675828812224546,-0.9964027535906327,-1.089969755876549,-0.6888302182434294,-1.0085378846875857,-1.3142076921757546,2.441457600376972,-0.4567219642054262,-0.2571409639200096,-0.10096588979043766,-2.9296360444339284,1.1750300759518286,3.2119649340330745,4.019958856042076,0.871133264201813,-1.0164129106625288,-1.5857089326754874,-2.1329217205036044,0.6342118241583977,0.968825299562782,1.2229327997895953,1.3639306003477232,-3.4271392773359466,-4.104913350358315,-3.0880811676186086,-1.4337790742940804,-14.26336772418788,-3.2691844987413203,-2.4867902674690594,1.6158941676545393,0.29873066459795455,2.760763867556026,2.8873967688593654,4.052214367893293,4.061734493784682,4.310705322137932,-2.158223500349306,1.0168935681638573,2.770734152914202,3.6471433452250714,5.190572875288439,0.10992635452631569,-2.27162294168365,0.7762268960240821,1.4127401179777728,-4.360472478129591,-4.330778198594281,-0.754038836711968,-0.02489016614216109,2.285950333064862,3.086829013225301,-0.9364946543496215,-2.6877969334793987,-3.8060321834776505,0.7953269032763813,-0.036706001226688746,0.35004506861504275,2.016733479828167,0.3258537414070057,0.5816773406170186,0.4485161548726184,1.5483225867692176,-0.8603985914283624,3.7173520762565233,0.5965144312643009,2.5437847481022606,2.603159430298902,2.6472082149276344,0.011667678009483482,1.3092438996976212,2.517034303846288,0.3199542048744442,-0.7216868186051554,3.5682636207922234,-0.3383912065960506,0.9199025883347891,0.6402817958670908,1.042985710888827,4.374741207177111,2.3557379087898225,2.4026756126959996,0.7935097563480092,0.3432412675804223,1.8829567784642127
"INTELLECTUAL DEVELOPMENTAL DISORDER, X-LINKED, SYNDROMIC, TURNER TYPE; MRXST",0.3405982782804761,18.490750362113285,-2.8506218905065377,0.033029556456782114,-0.4982353491934847,-0.495694709221634,-1.1795593013017671,21.760910857301642,-18.001627116945297,-1.4309384481311205,1.1837456107127824,1.0621502568872783,0.49846288056319654,-3.4868356424896882,-3.060828619101808,-2.9843414533757735,-2.025609167765788,-34.21796635748449,-4.599363188566896,0.3799292585717193,2.226615906748277,0.8377554246562363,3.7440375697167037,3.4315121573946614,2.787989855757068,0.8234614955788792,-3.3269958394236285,-2.853639936268098,-2.29408833321195,-2.0305296103401425,-1.5514462078366544,-1.7372213248252433,-0.7737270816055244,-1.0781829525765,-1.6410825625046737,-1.84211821225355,-1.9614433883194455,1.8681089218877074,2.418340518089459,1.9444251411027764,1.5260819716792795,0.4077873281341369,0.35860669784871185,0.3131254704083391,0.6058565883770153,0.5154086859539211,0.43205214556260796,-0.5125070814962724,-0.8271975928289195,-0.9237052302095624,-1.0045386713873534,-3.773745347334181,-27.00099171118511,-31.84840794777347,-21.509341141691095,-1.7283951664610036,-1.7994920066541191,-1.7811526514617215,-1.5788935596634426,5.055276210577369,-0.6440266654260292,-1.3750951239160634,-2.092221117730143,0.2639376486703848,0.41741543807835046,0.7443898370448533,1.089356649670188,0.7772191052121823,-4.308059563134632,16.164980386769198,2.031461494007171,-15.448308258959752,28.537014442388138,-30.529745915528412,-2.8587323106841493,-13.408868131176611,1.955746492730828,4.970029420044162,4.126793174821028,28.53144772423696,-2.5101213168556358,-25.43188821000461,-1.9317523973600075,2.3062545135549253,-17.880971861141425,-4.408283079206942,-0.7373493031576357,2.265926497543308,-2.343213421448925,-1.0894458255994102,-0.3894332604602132,-0.7505652056935744,-4.726469927731467,0.9627941745289904,14.681762387869638,0.5414170888323409,-2.315289837958649,-1.478396928011886,-0.45390542901387454,-0.9014654723884494,-1.41704432261829,-0.3199176229612617,-3.7370971775782067,-1.530432607806306,4.6137067575990365,-1.2506739915211185,-0.3836951255220571,-0.38031296684211097,-0.3759422102658121,-4.522538442653241,-1.4509976904038067,-25.08902186383923,-2.5454494346939964,0.36257715156181763,0.23129095602774757,-1.3731950919466633,-4.63977652160741,-4.620858613462008,-1.6553325190504824,-31.255426740362957,5.486139966064239,-19.16028902734248,-15.217012168988733,-3.9755007105566382,-2.2684129116754006
"INTRAUTERINE GROWTH RETARDATION, METAPHYSEAL DYSPLASIA, ADRENAL HYPOPLASIA CONGENITA, GENITAL ANOMALIES, AND IMMUNODEFICIENCY; IMAGEI",-19.494779675907033,-2.8123153038986666,-3.1928509291232143,-0.04785562541119467,-2.7803422695300872,-2.5335560098777297,-25.693392146011153,1.4389074328169862,-18.307931103525775,2.256576106101733,-2.027627589278574,1.9888005170569885,0.12167637075717967,-4.165948335840837,0.15707463312681236,0.965838209058573,1.6564923363339799,-0.31078226963102584,-4.8672669118515834,1.7018974852485131,3.9338182931688905,0.880101418475354,1.013327732017927,1.065175143752213,1.029487133852026,-15.170004590132391,-1.233665497639902,-1.106730526727425,-0.9303727381319636,-5.261318320081703,3.4543739323748808,4.8011582963004535,3.4411797778377515,-3.7284981790234197,2.6741936286979895,2.739681511533511,2.693261431222683,-2.0375631930810423,1.8777708924364078,2.26702110956949,2.4558086125587844,2.7141068617803983,3.0040943403834093,3.1672449255898045,2.468993112776184,2.743799344187642,2.873563649195686,-2.220008140485431,2.9286394626137966,3.060329288698433,3.1249103215691783,-17.114680968489402,1.837189665544299,1.6226847645331772,0.7405238253687204,-0.9918171731757599,0.944386285610878,1.1759752828262269,1.3241799914421257,-2.4716023231111,0.3032127177730477,0.07777054321388445,-0.14557572810497663,0.12473330336413904,0.010301677964559115,0.17756801840275183,0.3817941300452889,-4.716230350644269,-4.891960091553062,0.3566463079073115,16.51053279219311,-1.1321757976938975,2.554062131072447,3.637044581886971,0.7148829759978899,1.3396255401645807,4.437573278566327,-4.747049855003699,1.6613098398348094,2.5458332221912556,0.3275585651134466,3.4009256144381403,3.3185750272901173,-1.1393275569111838,-16.462285068672262,-15.56680094116103,-3.339823747057987,-2.6182191281523424,-0.6102776665440127,-2.9572320614416463,-0.6327522505540965,-0.18007513695396338,-4.215052793454302,0.4337263039396059,-1.1054662709449632,-1.0029713868639052,1.7990867513638067,-4.425299783292132,1.0087234145979664,-4.234000635073218,-4.402930158942275,-3.7434838761860316,-4.571180821451666,2.2639913944599486,4.421731519562537,0.22242929909850245,1.7178900834555317,1.65535757721607,1.5446907361610647,0.27862703861322446,1.6903273076533134,-0.2247661505911229,5.171530370339718,-0.7477563419759543,24.928940925805545,-1.046725488034111,-0.7684292476117747,3.0296857329624522,3.711517781592702,1.3282578171956678,-1.11291927759374,-4.682570370700213,-2.557725760763173,-3.161963242111647,-1.3861260710297318
Immunodeficiency-centromeric instability-facial anomalies,-1.470853270649823,12.19942633720647,-0.9903238598206061,-1.4480088537753713,-2.496643021367591,-0.5525485235225165,-1.4247575529196994,3.8247291347770767,-19.156858895279793,-0.25278596211456345,-0.05716829476894141,17.596113718592065,-1.634172964865539,-2.7248330609695293,-0.05644736623932452,0.5083615313130453,1.0337789020308856,15.151135583226347,-2.922097300078842,-0.16863786915157303,0.2532148837040183,0.37223456037684904,-0.8806836917352228,-1.2108057060685231,-1.4282034102433223,-0.6751622042368088,-1.652898583522679,-1.2670048412026147,-0.82800848124588,-2.915724332361125,2.8680758043142616,15.221975252440503,12.507637839428648,-2.2133212072956128,19.793119256462468,20.155735289991135,19.919461382246563,-2.7800243952172963,14.497085806285773,14.564659250648038,13.818193121622757,18.989508905212148,18.887821255151298,18.452421800917612,19.440730691989287,19.288466757019187,18.606488456506387,-2.2629915480338374,19.82151516171338,19.80703396832367,19.78142185432074,-2.6219641170169883,2.124333394393139,2.7079347669981155,2.2943726792597223,-1.6386145266060126,2.1617032257306623,1.9635277941175724,1.5213138356172102,-1.0927045698113649,-2.033039029372088,-2.3557939774378354,-2.4612123642402577,0.06554503462593068,2.05684421945037,2.4290017320972064,8.579320837017528,-3.2140112944192425,-3.310847118366804,-0.4661288459093383,19.179027935812535,0.45513291087584906,16.29479218634851,0.27097278878300896,3.0573793303000234,2.6212692576629766,-0.7926654437324093,3.3297802311794107,0.7544912531083464,16.381167160081564,23.882553463978084,3.8391029465545743,-1.242185730108519,1.7794208328570804,-0.11861326270054631,0.10167662038742153,-2.5169171334590774,-2.9624407753887874,-2.8707898343753526,-1.0735648105571354,0.49540929224191577,0.46968676529579934,-1.771754686992474,-0.9419167191496886,-2.85942528682371,-0.1863753681687865,2.0497634943468945,-3.74635610915838,-12.202799669519191,-3.25334709978648,-3.4890880984574357,-2.3940861271886607,-2.6709824182383928,-0.881380571017298,2.8107658948972203,-3.0283750571617087,11.943728388354208,12.316646349923632,12.619458222722088,-0.6348909561623081,-0.11519010074393037,2.8856522077944327,0.18491232819166994,0.20516041073183836,3.5386244608269237,-1.9880641045619183,0.14415256229230938,-0.34501231359798,2.855200517874026,16.852882057697805,16.093413080915933,-13.295611619920411,-1.242815543739655,-1.4157408021706528,-0.18727811669076605
Infantile liver failure syndrome,1.2489278416551155,0.3256483803946378,1.2148591743559216,-1.545679929525855,-1.2876571739549285,0.01370863127023426,-3.1871291063482894,2.7253271160313117,-5.262250628374572,-3.5791906781063942,1.0805716050429024,18.08729419709902,0.3726886827172579,-2.345849335145585,4.203945991280872,4.428906577475552,3.5123248403499763,19.306663349434658,-0.13437406244564867,0.9827754987333774,28.65892183732493,4.142418509678692,-0.044284298254624176,0.004509344232779278,0.04715463383837122,-2.582181629112579,2.866207503754185,3.090333688124371,3.3226568801346024,0.2641768076812516,18.11293519613349,32.366985601851766,28.96975620917899,0.692472327997668,18.813201549732185,19.493604562218806,19.619896258084253,-0.8595339628630846,16.904656175544716,16.073953878423016,4.505611854003667,4.186807414939167,3.977004288951983,3.496542109811719,4.346583800252523,4.173233231836929,3.750630999271936,-1.831239160102329,16.50041936898427,5.132351361664824,5.097165850336874,2.192617984605198,4.5000864661372715,20.69524490044168,19.757832357160904,-0.2735535569413503,0.18957344553417324,-0.2019384839513773,-0.6169049584303946,-0.2598275036497409,-0.6209457294609011,-0.7441633343399942,-0.7585527534422052,0.29113687209523237,1.099162133604893,1.2098743622766628,1.2875349197903114,-18.703104073661176,0.343914096715965,-1.6775607834755863,21.07455495001976,4.94568568602706,2.798289425684483,4.118913376692312,22.258436968750537,21.628029120729348,-4.374678810265019,3.3952113033362012,0.9960025887138072,2.8757404028441127,5.043131885059172,17.716918173595147,-0.7103179725589732,1.6690669075793931,1.9464226894971317,2.489375373849207,-3.2605919565666865,-19.033910728714996,-1.26913512708683,16.248321472910256,4.011415245652374,3.776331009312756,1.4187145552643576,-2.8520859785578763,-20.38644363805031,0.11896140856362421,3.348811710990529,0.026784021684640724,-15.034514948451486,0.6890635123566892,0.2426004763448082,0.3817772121390743,0.5820788494252837,-0.5120842256173781,0.4053418543297168,-2.831695077663482,19.56013988025678,20.05669752109604,20.302617362319193,-0.5684830728453169,-0.8701749776128774,18.90761319390752,2.607606426813444,3.520085434008046,17.129851607312855,-2.7157762314842087,1.5595670106184782,-0.30278398405419954,1.3157661348631793,22.576742158971722,1.7679839434525335,-14.42083122492233,3.175247101124598,3.1328276226892218,3.675320873164033
JANSEN-DE VRIES SYNDROME; JDVS,-0.6599355971071811,-2.3409371683298765,-0.008260788447949469,-2.1471687334052034,-1.726594207594925,0.7561851212171367,0.28754864314961837,4.085517122036112,-1.2489242358296955,-0.7606410221352758,1.088207929792352,-0.6587824931014691,-1.5968144079058957,-2.1095230497768886,0.04737717651031154,-0.05355196562499594,-0.14241761273835202,-2.072877006797615,-1.5286772149946917,-1.1487877256484809,1.019922812118772,2.0247907017539224,-0.47597545630136257,-0.4037636265833661,-0.2802857627438618,-0.7402836254917144,-0.7565641492431262,-0.5105205227781799,-0.278703501682434,0.3886170496345886,-0.5239711654529199,1.2774375125648874,2.806413630696617,0.09576179735319806,0.07148007520648647,0.1817946491570323,0.30805464438604074,-2.724104491030007,-0.03509927927877383,-0.2603270790189886,-0.4708307876377385,0.45493511538918696,0.10619263072721552,-0.1806004421604813,0.31842620079703826,-0.03164153903290673,-0.4138490525973566,-0.09749411177806608,0.30548341848036864,0.22198262524609114,0.1516912316566988,-1.1916940023465816,-0.38356760240490395,0.25422067574600216,0.803806708463946,-0.2186963989155607,-0.1677087236172044,-0.28370485525437916,-0.3745440501243101,-2.0437020315659375,4.699112139047402,1.241119313527908,0.8959164877662188,-0.05402166357801651,-0.8929924663578053,-0.819531396399821,-0.6709942129523752,-1.1712873078925965,-2.1091662844853287,0.09082447571631529,1.6508808634673033,0.008438878861755473,2.29564481193938,-0.688344643164254,1.8444345916386835,1.2511478644213179,15.044228771399235,-1.7916988237859786,13.120512019921623,2.364038081565502,-2.514802897135183,-0.3505644689441724,2.0460068982927537,0.12863328854629963,-3.437663882808242,-2.133711016305338,-1.4971316178955558,-1.5874922818507342,-2.6165087248193766,-1.9513266998022052,-2.195549190767815,-2.844449154450836,-2.0028215810492673,-1.296216235815287,-0.07804451195525304,1.348158720936199,-0.32133810116820066,-0.03089207821635821,-0.45776168360621,0.2354260658737979,-0.061584061212198796,-0.02610217326498772,-1.9223353391785092,1.3861716078140671,2.4668204289876594,-3.7154673615486042,2.1268592013948586,2.224687584314339,2.347871538095816,-2.2205562013805293,-1.1836254112326803,-1.4742715775117008,0.22558228897473592,1.4526607434891412,2.0697058602821734,-2.3159685059089936,-2.363791456581081,-1.710364163567658,1.0206435081028633,-0.860880958072518,-0.15005294226386895,-16.558712151410575,-2.1407508423202057,-1.562174167116945,-2.4547594143072966
JOHANSON-BLIZZARD SYNDROME; JBS,-2.4142945774839526,-1.1781476324203028,-3.953547279421441,-0.3786083387258342,-2.541853729500221,-1.8894070167613988,3.624855375646256,14.27246055539839,-1.7976116346527726,1.0934400946362084,0.27276477546815336,-0.257042944467213,-0.2984402570804416,-1.9474035592083085,-0.30600028058315826,-0.1766048920115307,-0.023481995083658183,-0.773810752841461,-13.238510549662088,0.5773734715083545,0.41922317965853273,-0.22478523753378324,-1.6497478073335174,-1.7394753338689224,-1.657722156431475,1.3858834931161987,0.12175703336875035,0.12658427835868744,0.1137218383977462,-12.79205135159695,0.45528104065324404,0.2709422815467022,-0.03155177592670621,-1.36983019644513,0.12965298676680345,0.021641620231345415,-0.08031414126514909,0.42441488321339776,0.03028223153175034,-0.06158994105141298,-0.1427341810043226,-0.21515737821683512,-0.2155438538861428,-0.20346917985870494,-0.32801428513065495,-0.32096372525769523,-0.293909933040779,0.1697845013656832,0.046800721034546314,-0.01641410468883201,-0.07441339206888124,-2.88940603269383,1.4282297258210743,1.5203031426164817,1.007757488047572,-3.0514060644320877,-1.0558002330140035,-1.1161078386765912,-1.1461430198806644,-1.323624134016298,1.2205058163402802,0.983845686974885,0.6441221078278736,0.23140009454510319,-0.6205101372376218,-0.4944096674196514,-0.32114464648546376,2.583336775304806,-3.598659477729009,2.238922792009586,2.777755200870943,1.939122167047971,4.3256494256517515,0.2643364049230306,2.9262608013821194,2.534317101978966,1.4665379929231008,-0.6706673063212232,2.4466547307641675,4.314375692512894,-0.2290366080229683,0.894798050396657,1.215602591383093,0.34218226701841786,0.07826399113684467,0.8146424357598101,0.009875197025426424,-1.6122579531002883,-2.2022487363875456,1.530916917590028,-3.0257749911505356,-3.554776668017573,-11.382765638888687,0.3415671025954723,-0.16893146699020456,-0.4283588090896795,1.7279222947732886,-2.4281377052255273,-9.687493654645127,-1.996934043986643,-2.456817173879616,-1.5366820936350838,-12.028185947446298,-0.03475482782192679,1.9373890180687126,-2.4143590997687916,-2.4099064309879497,-2.40761155787066,-2.4459706090918947,-0.8051912720681083,-0.45368411531502284,-0.4651141422455898,-0.5620825988275583,-0.4501938964181755,0.10931126257275496,-1.0154691327769945,-0.9713389590299489,-1.1534580118257554,-0.04766042332663349,1.061522305704131,0.5013691278460053,-21.208421341648123,-4.09835004914663,-3.371998667762629,-3.6757103054965894
Joubert syndrome,2.1950081025458372,0.7136428955185359,0.013929668826188131,-1.5578841520780091,-13.193231671775498,-2.0287821896600042,-4.131257542992225,32.1296874117467,-3.337505546615442,-25.96669796031667,26.56021255173997,-0.9838329368025523,2.151571808285408,-3.5357140402105025,2.4667466564889575,3.679502292965162,12.392140398730987,4.087023318952734,-2.0468569349727908,-0.15677000531559432,0.004456355721783769,0.15794612654367743,0.9010554606807615,0.26623977809015553,-0.2823654093852941,-0.48021570019109494,1.9109690814446725,2.4974563574713966,2.998863669479283,-1.0883685740890734,13.554425307475764,27.587058879755915,21.22358184224276,-0.34999942472437917,18.94819697097209,19.285705895808213,19.207996820649097,-2.030677457154583,12.968770233100438,13.451364427513312,13.286013805237303,2.972184792165141,3.152647429134961,3.244832850218724,3.215715093816846,3.407932567162598,3.4346163798225424,0.09525416821547275,12.595251386782577,13.045201345263626,13.296121613374961,-1.046930266994435,20.444193207651345,23.21558633901939,13.673277171791629,-0.9744016573489858,-4.635104066130193,-4.513228639127909,-3.924660290826789,-1.1874729781480302,0.025864463451339612,-0.4411537539739979,-1.0107235199359448,-1.2476326439471068,0.3884263467199907,0.9697742478102133,1.6894162412186733,-0.08695044496872004,-2.9875839154744215,3.5562548253848787,4.64084713861033,3.8193622257404263,13.544991631568118,1.1813576968207058,16.27677391027826,14.642033289129957,5.347907075539425,1.902178832919273,-0.03500469354388304,13.534557544873909,5.019375770904928,16.118968233219487,-0.5590632450302749,1.0330428971559016,-0.6356950635124772,-0.7059597173366126,-0.4451902411967614,-3.0064959249092014,-2.378492415246247,-0.13215236846546324,2.8223472854582212,3.000166802183366,-1.8200003725658558,-0.822408687754792,-17.2330305222403,-1.009323156851625,2.5394586835565383,4.634946966778615,2.418385847625083,15.800951783930351,4.654935163940473,17.53125979030067,2.3643739083577553,-0.9097397616460603,3.8234724413918357,0.060651643057033425,3.3370107466540615,3.6215967889938,12.298064356597516,-3.6397131927999378,-27.884122902909375,1.5052919913185066,-19.30430151900071,23.53314647628471,-0.27886029065508317,-3.772204087984802,-1.4711542376840738,-25.286989673782884,0.649719376299971,29.105304051461488,3.4780248440096377,-1.9858214596152435,1.479059627418518,2.38104299803943,2.8881895473378476
KAGAMI-OGATA SYNDROME,2.035370598437485,19.958773304894244,-1.8125084874746535,1.669244846818042,-0.08028225282899276,-1.9501232474477874,0.040817699678921786,14.090972913043135,-2.600212156989181,-4.638764474388622,2.8047838250301327,3.744214120072324,-0.4280553275101594,-0.22490774696044225,0.5405305325983876,2.7245235306986695,3.864361988698272,-3.0268677136508386,-2.6896803987399807,0.92909320145131,0.1409613940025414,-0.7672403002815158,-1.3304873990589061,-3.3591058100301003,-14.911006973120774,2.1651943446017907,0.07107791160037992,0.7629107413957581,1.546375903259417,-2.4470418050073013,0.16272612009807425,-0.29882415702822407,-0.6208036972187394,-1.4151083768042614,-2.2107383699549237,-2.24673609125231,-2.2578687806749995,-0.5379792231156443,0.6744401450963701,1.1265075273833172,1.5396240445942935,-0.293762542073606,-0.11130704539811462,0.06398294348764871,-0.26742304976946946,-0.06396568928160636,0.13238563353454946,-0.36421010993755376,-1.3546464096035444,-1.288456639390758,-1.1916255304441115,-2.547511990344496,-3.994400815297465,-16.98663384235013,-15.91744998532124,-0.8857520721337324,4.364290202555563,5.245521073946529,18.34044253595452,2.167495048780546,-1.5078236594253709,-1.1939018743638357,-0.5571813422184089,0.5738629491412007,1.5911039733143493,1.474362958773656,1.0952047370435263,0.13070413777695844,-2.2376145815883364,14.12517831028947,0.04177678205237358,-1.990190708943757,2.1056125461566824,-3.370922984802003,-16.54835196827557,-16.3450970184785,4.375820357351889,28.938305814715626,-0.6983852720093596,2.1208379541523765,-1.337368558526258,-29.28687287602127,-3.7648768354051496,14.460941507148542,1.057598073554903,1.067456923938112,3.0762142145846996,15.508009404760505,-1.7184882980098466,5.430453008990863,1.3152713870317212,0.909183531444829,-3.016921628672295,1.9094892559796603,2.9763778777603145,-0.7110620625681447,-3.76261949231222,1.2162267994834322,-2.51975650303478,1.8695952243095622,1.4297186308434233,3.4587520007238366,0.888323877602605,-4.387804074398111,3.2544261056762105,-0.31182663560419127,4.3717648719346895,4.370668713591383,4.280393291389084,-4.5211551360722195,-2.9435196018773775,-3.775594967767205,0.2280495741196095,3.2331066135329483,-0.6591812513940002,-3.403689932077548,-4.126885703617731,-3.8042486220593847,-2.86231571986984,-17.958193413546404,17.360631079294755,-3.2220622283643108,2.003756054762192,2.703776496399741,1.7161653866051105
KAUFMAN OCULOCEREBROFACIAL SYNDROME; KOS,2.150085602285588,32.74723378709695,-0.29166082044171937,-1.5340551597859293,-3.386673649505038,-1.2535013543769513,-2.241152678218168,34.52655798417014,-3.6732916474448514,-17.7796522849417,3.565167488163881,16.53987991212883,2.2351770587025364,-3.589751105554178,16.596861836746328,26.017669275959456,24.442876405231136,27.370609264656064,-1.8024761091472024,0.3469106898533593,0.476040720765151,-0.06519624262870341,-4.232703736484155,-4.900581978126408,-5.087341993421034,-0.284409380034315,1.8606850340971117,2.0689478331804727,2.250990022678753,-1.3393470368157994,4.892576243715326,28.364265857836457,16.020580717614884,-0.972147582804061,-0.11582979613361896,-0.18639030981236288,-0.25421086598236775,-2.8678936434136664,1.7750112299478464,1.6704680697417917,1.3960044971302663,1.316940740905107,1.1387172910283914,0.9559505989573407,1.3436289614044061,1.166987573844192,0.9267597370138776,-1.4036210048411961,0.4221526069805955,0.3432171565495418,0.2551957552030382,-2.4175319943223568,-2.434047781933421,-3.1545317786915974,-2.569963935026846,-1.0029482615582361,1.667328211880428,2.168661574758115,2.459858194067794,-2.2246961829584033,0.7781216454053466,0.5399024442757973,0.26432622080804713,0.19567652905463317,0.07734151978860002,0.2145358195341091,0.3747565565450722,-1.6140538357901266,-2.605342191945649,1.5282791341470991,4.0086726641045125,2.4010344960351584,17.455767879884434,0.2831827940473888,2.7152027551234386,2.269274742380631,3.3661731864173943,0.8595999034599398,1.3174576967453266,17.369978387824826,43.69577126773677,18.41984661446469,-0.3759923794378529,0.3027309197260636,-20.803724607658097,-20.493976806386733,0.28826847138417433,-1.2054642790514571,-1.499967164164682,6.638548246596525,0.33158317432939566,0.14940264077062848,-1.6274466877223428,-0.7609901441094307,-4.950462712662576,-0.7890954598975708,2.9362452898217306,-1.812065218955225,-3.846937630588767,-0.9925899079440378,-1.5469961571348458,-0.5258079236652747,-2.261471180246053,-0.3708564136198899,4.333134451853055,-0.8340642087054109,20.504718349278896,21.73481582361381,22.65957051184683,-0.19466297594412846,-3.8842175278287394,4.5201206142126145,-1.3322012636306866,3.872423827733773,1.868530561092611,-0.5388986442247493,1.7369687292447322,-2.3078514655707285,3.4853329224097367,3.9746746376960234,36.42411188499217,-25.871227198011937,-0.06431272961813281,-0.022577701772991777,0.07397632622324325
KBG SYNDROME; KBGS,0.8678843841241445,-2.180034209284605,-18.635066772904512,-2.45466473880686,-16.809099215381654,-1.2978033020309647,-7.782866436367423,23.978858041929925,-22.80229903842334,-9.76241999026039,9.9401891252534,23.58025722104584,-0.40976313913606255,-17.778156281155898,-1.12172048113362,-1.379129343286583,-1.230283957473254,1.731532078685677,-18.798094289999124,-0.6423169204394363,0.7447854628718897,1.2302702344781802,0.6638632817816388,0.7051065003035466,0.6489989240798623,-13.826078479988146,-0.014073302806526312,0.08654356587481127,0.19279029143280516,-17.737838532390448,8.198143899657628,20.281266761842474,18.12782629740129,-10.811159383387476,-0.23044315077623848,-0.2859786353436316,-0.3460773140143528,-8.363284195238707,0.3150318172448756,-0.11457798128426233,-0.5606359297632061,-0.7846779876528915,-3.7178849173965793,-4.683620007937958,-0.8138699713098354,-3.966264989075502,-5.021482516139093,-2.3819641679069874,-0.4317721841972146,-0.6059286879768164,-0.7783961764949358,-14.629765582563728,1.4024410201112678,7.215100674745242,2.2445725672645334,-2.0505928730931826,-15.462332252653566,-16.545030221249508,-16.210042894097224,-7.540288360545537,7.980513165749518,6.766967921828815,4.801235903025517,6.876560983636053,-4.349904889012021,-3.882940997299277,-3.02242130886487,-0.7418630348508247,-21.949212141041656,0.036005741337076846,27.019418167217502,-14.454324983115047,27.145974276290573,-1.4085488254274514,26.44472219844518,21.10164406473642,21.272111455889767,-23.453693229790662,13.527455775831138,27.079515159848448,16.224586034012756,26.56848140241766,9.766529876791239,-11.899934157614922,-16.82616376945178,-10.502750690183294,-37.002812862728476,-32.823757602547786,-17.70271470676294,0.7860216529747663,-2.8560227812822747,-9.96173738851384,-14.085258560038321,-1.671734213619065,-19.99304957970887,-0.19484925610679604,8.391927418869875,-21.993847891917422,-14.65892941427231,-17.960248728394618,-20.965658271460107,-16.08625106043324,-21.893684314113422,2.360190360521066,21.526614734029568,-13.955697158183938,10.927325198016641,11.211061162505082,11.44036822327531,-0.9974681212976421,-13.77405471833939,11.17051983885641,-2.0096794967153326,9.562901203978475,-0.11954681145552766,-1.4683100460786567,0.7024471711436513,-2.153322615669258,1.3965004438448094,16.760149198936656,43.93901579855945,-43.37390058952562,-15.27164217699557,-16.174313643929665,-14.787746290282888
KCTD3,1.4716168344325506,-2.7663139363305405,-0.16550454809114035,1.3310453340196413,-0.44804749019020434,-2.6786686643780158,-2.6737725120348257,2.522243002038354,-2.562713827067002,-2.1019407126102676,2.1448856508021445,3.137793557153698,0.5053406142815229,-0.34443658336384614,1.792414777362215,3.8787773358344455,4.669631698449557,16.471026251988928,0.8801018279842884,4.1443170234570434,4.515289456248102,-1.1602318954589608,1.8766873230344987,1.0058024950972364,0.19541843021572006,-3.572376189235383,4.031015022354073,4.301814051008607,4.533893260905744,0.7985114765764058,21.51840874936635,30.160048599270752,4.2397461848025735,0.23247122435292858,0.7852362529500791,0.35789521186909823,-0.10513136049737039,-0.03206705449459471,-0.9678918009962392,-1.7110373226197593,-2.2621336783931563,-2.0975594728103166,-1.6333692694079371,-1.1729239797904358,-1.9589838402572106,-1.6502194623816586,-1.2478822148323006,0.6728962985266843,-0.4170494615454602,-0.4998926156868368,-0.5607731229498544,1.233645056664096,18.67660229469,17.797880047176882,3.0138387972121023,-2.618187475734196,-5.404985847629439,-4.971924891035259,-4.249942133926278,-1.5377137099213125,12.267815781788828,11.901659651860182,10.558213283293426,0.21142698315874658,-8.59541831333547,-8.8011083224807,-8.401492307012495,-4.074889688734054,0.26992312956242737,-0.3415890512880322,4.6315610574801545,2.925370218356797,0.3736314414266001,4.699112437558627,17.69944857708465,18.08702421071587,5.037412805344645,-16.76595093299085,-0.7494895004006262,0.382780905387205,17.501484223170273,30.23757087815811,-3.508890197935087,-21.032831387238055,-2.036421422995498,-2.437638421138343,-3.5721277033751804,-17.09225983191065,-2.6018862725143226,1.903468922504352,4.65417005488956,4.774675799819299,2.1254175705874494,1.232230358720362,-27.239943221524943,-3.921663564746651,3.4785142979066155,2.750081295091385,-0.5845620978112935,3.1210448236954083,3.0238620653721164,3.0735944727102855,2.479975918521913,-0.8345189870131404,-0.5961319929269716,-0.9582107902195399,4.444331078716867,4.633008963861405,4.748604691403979,0.9186297275148463,-2.0273970396920378,17.01530492130282,0.1453615809853948,3.3274622113960657,4.425041891872279,0.22476541138954279,3.111398738315357,-0.02314772688329266,4.271656172396933,28.0047902084253,-1.0975557645033338,1.0552634510816592,5.504498923042021,5.168189095528753,5.167537329346657
KDM2B,2.120123163758038,-3.3257495417069154,-2.603522298743168,-4.404968366639983,-1.276626340735041,3.281125082574607,-3.1777065505777276,17.42126265343007,-3.639134694472837,-2.428148987615343,0.7620287760506833,28.7472488911771,0.9683608077692621,-25.968874187907566,1.7020742015867933,0.8531192490582193,0.011688566016501135,0.17101322806792096,-2.2624093227267967,-2.968557164397266,3.67973923520497,16.226378433624618,-0.3945501798309616,-0.8126225875345011,-1.1855577301399696,0.4943553594681149,-2.56520880839798,-2.0169893545058217,-1.3754982431517782,-1.638088987164429,0.3842988006942746,5.209333557691791,26.436309139343507,0.0013531081917577252,2.52181417914846,3.473823471939371,4.299144706036139,-12.372985001012356,4.048832583517278,3.1932660232401924,2.1547130253101123,3.2631102084948247,2.7819663135983137,2.1895506885969156,3.4213855119495857,2.7776366086079594,2.0094308763963133,-0.6990478305961559,2.8828370102275604,3.2725338541102067,3.5616440477474485,-0.9755241314968386,-0.005153769171922372,3.3782262049197533,17.30532865856691,-0.7960324837003435,0.5907398950151539,0.047847420381616615,-0.4501350065042388,-9.304491994598486,0.022759203221944604,-0.19228638615423352,-0.443600074618059,-0.04391566016029107,0.5895989813070766,0.8046802231355298,0.9954807737061668,-3.4509395951731756,-2.553638949938206,0.2649449113415787,4.565450923723657,0.587809819046494,4.859901416207971,0.08386326972959857,4.417783628329582,3.7554116464631337,1.3861884025230344,-3.2161813546675937,3.1255032336776423,4.8521931344970834,0.31956973053529875,3.8935016400781097,-1.4870349526105286,-4.302069530632684,-3.0650190352975186,-2.100269200362602,-3.194198779954978,-4.161850101215483,-1.2849824317303977,19.025483425626376,3.8220964128374155,3.7505801042695706,-2.759384376048159,-4.04067385366047,-1.9643989098850443,3.301206297476377,-0.3193884374391359,-0.002596548866513118,-2.932778464959186,0.7557530275969646,0.3049495194048172,1.174013980859348,0.3369652052016581,-1.1606664980863668,3.0773314225862665,0.2839965722181717,5.34112586670795,5.720269524865095,5.947444879267898,-1.5050384980725555,-1.0710726519134892,2.0095536586256184,1.535785332628034,2.471458099934929,4.611662339938506,-1.7060196500060087,-0.07246604753935278,-1.2778227521785974,0.5892644611768484,3.0993140783494697,3.4602320571367495,-3.8293820882707394,2.7325672296378842,2.64958227170415,3.449743355754089
KEIPERT SYNDROME; KPTS,-2.410224313690394,1.0837185909814573,0.8004102724718661,-4.60538483133441,-13.02833364649417,1.3657795816860812,-0.5896738171378575,2.2782765575746615,-0.18138238151178543,0.024276591809624975,-0.021969957771834345,0.2995013995920781,-0.07381133890115008,-0.8438412082575271,-0.011321031910673544,-0.43365542414788283,-0.7690116392359196,2.5274726669652257,-0.5200191018460224,-3.7066030794296294,-2.275045695069734,2.379224897904119,-4.441847286805106,-4.342655110266215,-3.9090026158669855,3.54823501352483,-1.5968967685760953,-1.546484402834373,-1.4549762201513747,-0.3747002309554088,-1.7017469951073338,1.5978219968732115,3.932404997368524,0.36604456184353956,0.41746235515076147,0.9174918665205491,1.4171708199989312,-0.6853216067243746,0.7450971526694218,0.052581913251673225,-0.49096444336601075,0.6469053442345165,0.27449157578114836,-0.024820122787606105,0.48283754600605455,0.0977063901266505,-0.2340608832246737,0.24006624960513215,0.6094693754809375,0.7237926701080779,0.8717004281334363,-0.5916753435132845,0.27481124866280154,3.2488945101618114,4.51141653230236,-3.848705835798379,0.2029580063707475,0.09606967602254769,0.0020271793117101217,-2.1882839272833823,-0.04681857337695321,-0.205284972261797,-0.36721285546360183,-0.0006208012709738174,-0.2521742706920027,-0.18484600900434026,-0.10826714695807427,0.7984755528919021,-1.4376983607742593,-0.8570096278489462,2.6205627066838226,3.7766090881838985,19.64673329367235,3.177022931833519,17.127097193961234,16.80893006991275,0.9316116960808569,-0.933091190819155,2.7760813700659046,19.521423171202997,18.878988753047178,18.233381283669846,-1.883033024578393,-2.7117869118375166,-1.6009199287089437,-0.7016029398451468,-0.6602442220278678,-3.8242051090681155,0.016472438164567425,1.351937715565215,-0.8372036437095316,-1.114661557896666,-0.7320995242947782,-3.693686535349758,-4.300228897181949,2.239285444983988,2.2975533930994874,0.07090780545568236,-0.17572289032717503,0.2940216333657028,0.08876435397024353,-0.06020578990333514,-0.9442522552164566,0.9102791176014162,1.3044082689862257,-1.3171533099476063,-1.2346478712292779,-1.2098101190552568,-1.1239783144943842,0.7400951216886762,-0.0297664657513501,4.413696831151708,-1.5447676492210058,-0.90533241710991,-0.7209629867440228,-0.6913536075867316,1.514501081319918,0.16911962518079265,2.2817220169203885,18.22910619154183,-0.6680083965136389,-2.21528117872614,-2.5358256364088176,-2.175928534131282,-1.7664118202252936
KOOLEN-DE VRIES SYNDROME; KDVS,-3.930743402980981,0.15740862154776614,-0.16912049467141546,-2.314897547122137,-21.331667497021158,-2.4660946500231677,-28.72370927881798,-0.09946248649486018,1.7224321467900272,2.0470387314046743,-1.435232510808889,29.183079489297057,1.705577066343101,-2.7441183521158434,-0.8151472325675893,-0.10927966092567716,0.5070391516592612,23.592645185596307,-3.895745470930579,-1.5937104838278764,-2.23859882362938,0.10635083879733112,-1.5922968184354556,-2.174763872771107,-2.4297488274957217,1.3723499441310334,-3.7071126839557627,-3.317451982663138,-2.8132680142861672,-3.6930283352030893,2.603006301334506,16.58309875213277,18.30945717195665,-11.331005187115757,-0.0748769948134753,-0.03366774681696659,0.006587265877682418,-0.15167259451375514,-1.8909451521661267,-7.627467434699903,-8.670800770509285,0.008886425714818008,-0.16725382580626924,-0.34031463242972704,-0.35120372767123686,-0.6771247268319927,-0.9585227742088778,-2.389057253989245,0.14664466598983872,0.12145376877644211,0.09689055819623259,-3.4753816814096097,0.5470312868623447,1.4341643620617393,1.7357120067129563,-0.15250244838318325,3.360650011081274,3.3599575555298578,3.0818132068689237,-1.2974120468989363,-0.1627910983196413,-0.8118002792900808,-1.4494289961604858,0.25537577756111873,-0.12267160918823752,0.11777419248945478,0.45754587842637956,-40.35407656041528,-3.6243781833849478,-15.463628675929952,0.08970085068765953,1.4642753258026033,13.483953959140502,17.017529775446654,2.7443644099981084,10.45616548245027,5.578126598108641,-18.11450613736127,19.54520006394121,13.481512416483588,28.290463464694604,31.97352347904819,1.719465226033632,-3.3043896080927975,-24.070604071962144,-19.05617292688577,-1.6881470943813088,-2.8761091471092612,-1.1239181822694864,-2.230914030069572,0.14165176164974022,0.6783160322365008,-3.4370521865356154,-1.6733847870602634,-26.890878214123738,-0.7892610144578937,18.289570819126364,-11.92990020068225,1.5384794836207607,-10.822744184220657,-10.711128029352434,-12.613865023783486,-2.071110539268719,22.186059298993,3.1834289992103075,-2.1328723041464346,32.57759315062951,32.872350842585604,33.139154661125495,24.838654489414232,1.1830201934946354,28.87705882080811,0.2550242773414741,0.16418057913911774,39.05856665586435,20.825849612493393,30.000865665095194,15.75121472044432,39.57913564804829,19.44118310803986,22.625780651504865,-2.7988446821542503,-0.9793227780496742,-2.0682301978612005,-0.3890436867746405
KOSAKI OVERGROWTH SYNDROME; KOGS,-0.80540921841041,-0.1337532010431408,-2.95314707595062,-2.606181706806455,-2.4390188743959578,0.5086534168494707,3.4875635991133906,25.522801968306474,1.5545961936813752,1.5904534642362609,-0.7001327569919528,-0.6940912051447578,-0.9392409932499636,-2.9768620645798305,-2.7430004544676296,-3.3441503528126733,-3.0448736483013774,1.902324244119031,-3.210259460005091,-2.138272711769305,-2.6544398815384747,0.33834416049454136,0.13649930603416197,0.29760413727415524,0.40790685157360534,0.5031646195165415,-3.4165339681471507,-3.335059411841067,-3.2023737996645707,-2.577959579899015,-1.2129221595132906,0.12137028657983417,1.4977686411688749,0.46651438053869576,-2.210944985183699,-2.0701038472524713,-1.9215247252696033,-1.469817708892795,-3.9539122069025234,-3.773014697091162,-3.4304535217630785,-2.2518302475102043,-2.2078749146459664,-2.0756561883179083,-2.5860735364094434,-2.572416593422545,-2.4214949039945517,0.4863346710411037,-2.1376442436559198,-2.012300771940308,-1.8470908764900293,-2.9753381813562045,-1.0519370335583869,-0.595473759006548,0.05036336556407944,-0.6058540322046838,-3.2832767464603054,-3.687790017741159,-3.7589920801334635,-1.5902760717577908,1.2965442335172181,1.1133529143973342,0.8551267819595954,0.02126225593799772,-9.74593640439768,-7.725582745877603,-7.121636117525491,-3.189308408654845,-4.054179953465147,0.6025475553273536,-0.7579775555040952,15.474941475883695,15.145959649063537,1.508348016228564,0.5953790104381581,0.7574017778454162,4.575910563537986,-15.909666079074336,1.884620173974452,15.159228578572515,3.3418894933761405,4.439906883572426,3.56142579982366,-0.9591616600491977,-26.244032005760932,-25.631161543157816,3.974317336497688,1.6199660349996925,-2.7356470450318264,-1.1623059504266797,-1.9285135913795115,-3.088245361864865,-3.5159297667116176,-1.6430667640828351,-1.3466224565132456,1.095538635312625,2.89154163787499,-0.5829262503171317,-2.7099417719527428,-0.22898410750088488,-0.6272655907424213,-0.4925199218320637,-2.5528606889404513,2.084191815205366,4.10578915042954,-0.6012984933421072,2.1682122882471493,2.265379316995873,2.387195346314659,1.7005099247134337,0.4772964887361012,2.003115977715173,-0.6631485472926822,-0.11452778244511391,5.419750039112955,1.1498368787989,1.8712236869119394,0.17616287532253194,0.9276994022469867,1.6921392953046774,-0.22088536579778045,-3.157483307281524,-4.175435313264151,-3.562915905873612,-3.484548013424032
Kabuki syndrome,1.1103136671901648,16.853771161854574,-2.052586642309153,-10.911474211978964,-21.452868479377436,-1.3451840957869265,-16.599988376712766,23.043143738346064,-34.78175539071269,-14.354810566318243,0.9866946434159042,22.77907289125852,0.0512628641288379,-9.593126817950681,23.00263705070726,24.41275465239491,19.32816872103799,30.230921563685392,-16.589510808354717,0.5503347131883912,28.162629033219556,16.96596193959207,-2.8330096757184875,-2.5943957651734744,-2.115087214262835,0.08481424049032661,19.995067814797267,20.93822146150735,21.421098024151103,-10.669944842518449,28.13641759345237,46.06344931728119,38.918282035417526,-0.8095933534106521,12.317408188714184,12.706102122000182,12.826506705654445,-8.818729576192508,9.357854772603062,2.4103734183743217,1.7650177534422482,1.9125014074452835,1.4590579645575708,0.9534301465867024,2.1366836480015228,1.6105009513252566,0.9999444450905235,-0.2995952069399633,8.143594964544516,2.4223797895812966,2.262089694291454,-10.47141271926475,13.756568076763239,20.776329922682287,20.067759992717185,-0.12028812980972638,0.38452974152288744,0.08052857597538919,-0.2028667949359244,-1.9170259825612521,4.0463399292074325,1.6615296560790587,-0.11248901895322551,1.5529908096551808,-0.5263601142200875,0.19908817545436025,0.7174846810430454,-16.78154204464102,-18.095122365391468,-0.015360769853974861,37.44285123508314,-0.7260244514054908,21.399760444105244,14.61720992216173,27.238074340501754,26.136112812260865,3.2291162913042326,15.427190021825146,17.734239403515968,21.409910726481918,36.030717559377166,26.441180614102112,-2.5687665943885425,1.0230541052226576,-8.58890423366285,-1.1763316917569546,-30.998935790715677,-32.527526755741285,-16.43614017032205,0.5339261862990128,7.499604589032681,1.683632053314495,-4.817921940913642,-12.135920181687073,-30.804485871372695,-0.05278356137381346,1.9956669978648751,0.33057651207442407,-12.280464436847366,1.0898547112038564,0.6193968215859098,2.6757374675547236,-0.600701595097019,-12.296034421750987,19.576143037566133,-10.24428090212479,25.3145970804939,25.701635891972085,25.81014012264472,-13.516305826036106,-1.4583290021164408,16.75372340636904,12.0450361286907,8.591102968880707,22.865460827647965,-20.46037941421944,-1.313303307790702,-1.3677132707680566,0.7726341506204395,35.32625013263026,11.591053809628248,-18.846545520068414,-0.0598671935277719,0.3908342511291324,1.1430207770523633
Kleefstra syndrome,18.98352051736851,1.5928287381814312,-2.9439618677199424,-1.552015969806477,-1.6243585056227967,0.12698198287961804,0.702379018916847,42.99387940146438,-3.2497864744532534,-35.81921162818432,35.79941794019539,-17.40458277010893,0.4517824810632341,-13.338354414432715,-2.4299439789575583,-2.4661462544120862,-1.8199691307874102,-22.92887797895315,-2.561442477298845,-3.5837260749816675,-23.5354806628746,-0.18401555690925916,9.9503137939175,10.427452057509257,3.125226991071956,-1.272505839210323,-1.4411684782000584,-1.1013818166097615,-0.7604274610925136,-1.6603311730301957,-2.6363167986076093,-1.5680194329386679,0.3292640564249985,-1.9389433475561206,2.1717186563425455,2.478946713803386,2.7123846615229907,-9.381792459406311,22.86680242813913,20.772014239651785,17.69244488032042,11.825678592589798,3.3891736874946314,2.9544091558114083,12.703664762165673,11.538208883070316,3.093866490577618,-1.7862206550571056,2.830265962715118,2.868536533481705,2.8311352401386793,-1.7718436439688883,-1.5561564535539327,-0.5190453858738706,0.4740778053400228,-0.07961544914157552,-1.1522127321864168,-1.6546492114626123,-1.9681241949198351,-1.9201697377079816,-1.0183273572857896,-1.2420656258544756,-1.2971186921854063,0.33827615934631416,1.694759701525104,1.9698225232973572,2.1406327488955106,35.76648665628494,-12.584095026069656,29.435846596522136,1.9900289238727502,-0.7553272248356007,24.624420692514185,-27.51781995877564,0.6086644720112511,-0.854578316675606,0.6969549962563435,1.8401237941652069,0.1364679783318875,24.664478372612614,0.7881103878205654,-0.5185373970988241,-1.4637419791157222,0.14206560458539128,-2.1777540331534433,-2.2803504133642596,0.025230801971879605,0.566888301540214,-12.244912960966662,-1.945640765565118,-0.1711478348103769,-0.48363879317677255,-3.171198959984367,-0.8949090073586465,1.960176442886201,1.717257803002337,-0.7690945487066064,1.9682036035215178,0.41409906848096595,2.770227077027326,1.7430252201747685,3.708968528818183,-3.0139730815008594,-2.737674345024831,19.457822052709442,-0.7587869760276084,-3.1597957418953437,-2.889389533602061,-2.603676754828416,-29.51257895751807,-37.24881750010111,-18.962116918530302,-36.75529876177413,21.688981917878568,-40.04343846633719,-21.0391981962351,-24.549052691516636,-42.24313284878926,-24.52347473618979,0.03813014102685824,37.6674690429611,-30.8585732782932,-12.86718143370427,-2.5175480555728313,-1.4237952952716824
Klippel-Feil syndrome,-2.594934817450122,-0.2618446657620084,-2.7376807277285673,-3.0508025995862513,-13.23094216705597,-0.63132371745989,-3.675261973410576,-0.3096409190370975,-16.96019012743374,1.293041227107932,-1.6930274329067814,25.070710605626644,-0.8108207363618631,-3.7459571112720793,3.6432117682115677,3.6710320564434693,2.790209004137605,4.736678462916613,-4.115761717239295,1.2115242950819065,25.435698091693464,3.815923087211779,2.07310645490252,2.003555728054041,1.773494207184915,-3.480719148631105,1.8680976460684202,2.0356175308287425,2.1701380438227678,-4.408530702055674,18.201750267511102,32.30703933999917,27.300948325230934,-0.7440696466035515,1.0344818045558117,0.9504461860507849,0.8494000914479813,-2.2935648051885735,0.6214009901433539,0.6705667131715685,0.6910335245732444,0.27769640900934445,0.11414031801476664,-0.024356570642070467,0.26896401931518293,0.09825543098258807,-0.05617533835524906,-0.40353166169070875,0.7322744946720923,0.5914896854714345,0.447998111440474,-3.92644314105923,2.1759868105940052,2.899431191969833,2.559751593521662,-2.5367088942648475,-2.8399079306037627,-2.530835090014861,-1.9811898026675763,-0.8152042433119164,1.600900689674726,5.324707604426706,5.0252893250364385,0.22197056760813091,-0.9925493123516782,-1.0764473537060597,-1.0808835046334246,-16.47004837476676,-3.0465249836513957,-2.935187914148181,25.575747801356098,-0.6479634430502529,1.032576434630242,16.756194910495285,17.702478952516827,18.468960686119427,1.7056125415441492,-2.4473667020438326,0.7684791053991403,1.0375962074394673,4.419421677525099,17.433037718694102,2.2672523011905326,0.011217365293477652,-2.666201716207416,-2.5923421785865184,-25.358082065049263,-27.274267649703738,-1.4400285569673208,0.05701818508522157,0.7319111831062551,0.8828521088665615,-3.3104939234813604,-2.269299375603537,-17.05996513229895,-0.022439752140881643,1.7180779026263293,-3.5522591098645195,-3.1664975895264424,-3.1990716963447734,-3.22085030284643,-2.4400630480145398,-1.4681266253500829,-0.32805712311574775,4.230456145239722,-0.7481227788188096,16.146958637324648,16.887378005432723,17.641883070413822,1.1687200686502905,1.4601062288007995,16.47083134560123,18.553793521999737,0.11791594801344783,21.402434471821362,-1.0145335273718847,2.001777203630523,4.1365838082882345,4.922012917384371,4.6565642965962235,1.843687360099831,-1.3879281102700016,-0.16192046493330411,-0.6293191035567146,0.2169935711301419
LAMB-SHAFFER SYNDROME; LAMSHF,2.4318018012297147,0.8906264039728669,-0.4959942680527998,-2.992644305286512,-2.3380521420286327,1.1749616670814822,-3.0986524983514507,0.9258733563132053,1.2932961996021604,-3.1322161560942168,3.5846707659940145,-0.8512269040312197,-0.5631334516805504,-2.9538017399516105,1.3140172685011913,0.9682575124052388,0.33628941041665694,2.289780178843601,-1.8674082121261715,-2.3592436764808067,-0.8023310287884808,1.6838511138835406,1.6465276237913617,1.0124161429055156,0.4520829677728666,2.2733007111413706,0.17315036568565262,0.2515735997841621,0.30013440922062623,-0.8014150734032955,-0.09790094623528302,2.938341699847823,4.038970467920286,0.46140170983979145,0.00317699922152205,0.27973385989003563,0.631806725639434,-11.554951380134497,0.5265278073397242,0.11758887562824138,-0.20744911989288473,0.046002660892199225,0.02663593268473016,0.008470804488113616,0.2093968093850803,0.10388560894404947,0.012578298825853589,-0.09884018053829863,-0.05205597477525554,0.1319114941331253,0.3428845899173102,-0.6173152534732987,-0.6965916813185582,0.4741445960338201,2.100854775060329,-2.1531258192524483,-2.125097334587581,-1.664591074510246,-1.0005116083260621,-1.0461012616750431,-0.8858274206215784,-1.0654344500930222,-1.1382844695605265,0.04674493124722255,1.2160743380794974,1.3767666903104114,1.4576264226940885,-3.5415481548347496,-2.7552454731844715,2.4915414635285327,-0.8870734265063644,-0.2065031531745728,-0.3192436044854546,0.04092647021980079,-0.04273589135132812,-0.04485133049280985,-0.2675225492531103,1.9609059707422687,-0.43737471286657836,-0.31491959911954065,0.33812629807564937,-0.4306219469686253,-2.8588337445901884,-0.7476437551934138,-1.7963768711628667,-2.4847710820480566,-0.1917066952925007,-0.20205734081354845,-1.413118551851812,-2.294429621542189,1.4799989945700562,1.9135438218696597,-2.477744262094881,-2.0107622769539395,-1.036618089323208,1.5947115607121267,0.8687584071578893,2.838955584649398,3.0926888270670867,2.9983971946598653,2.770239216733255,3.045201093687075,0.24609793714307715,0.6249138428895931,2.5209802095892218,-0.3579204752693039,3.578450670552865,3.9520809729636057,4.276840662276888,-1.092610665569286,-3.930313835548877,-0.2549979127519135,-4.558524320385081,3.893136991923633,1.4798515005038628,-0.42389878493295463,-0.42768521930053505,-3.684644199160821,-0.1699416564650521,0.7431783959904236,1.976748235808633,-0.11554680292438975,1.2564535571514828,1.9027679081425188,1.8917017063562382
LARSEN SYNDROME; LRS,2.6166132258556534,0.0727353804300311,-0.6864748257172701,-2.1219416706079373,-26.371838881066935,-4.0008726725359605,-1.3135220091747937,34.369092760811704,-17.505882081274983,-3.922518879371637,1.7354279910612624,21.779572404694893,2.398693292667865,-3.8839577294886385,0.9335550719117294,1.4299064219886364,1.4755117379272202,22.78448818641896,-3.935002220581495,0.7856822283067018,0.8577358781170407,-0.1661560825138831,-1.061342665634342,-0.809872831512482,-0.5411627732820847,-1.6298063258842883,0.4125157302530884,0.3811819355816295,0.3238456529135574,-3.415055689973988,25.354652032392483,30.11369172014602,4.425672054561117,-2.4156926263712064,4.632928017569071,4.455263154543706,4.209400132533885,-0.08466714696024452,1.4394033399615374,1.7024778982212239,1.8001753246938954,1.390498198753776,1.4242795256496594,1.407041453012667,1.4374599134370651,1.6039503497266208,1.629943647263857,-0.45143838707667855,3.246193865725877,3.1022809898876,2.8705610815582863,-3.0954317027231264,26.82272305097279,28.420699244790608,16.57857104695879,-3.7112450109168074,-3.892599429003682,-3.8451913972553613,-3.4691435761386855,-0.06779949753903612,1.376917197289391,1.7358494143410084,1.9236103352785578,-1.7773336103296395,-0.48910291569109243,-1.1787425002297023,-1.7577492540372626,-2.3790700267429408,-4.176258276425368,0.4464687170587146,30.93819661143727,3.9541776444854904,31.506575565359352,5.87436597431058,32.872047361141824,32.83618417690785,3.8950527050732977,-1.7819413464272515,2.9977497187103697,31.45528490622415,36.42443618978115,40.0214463731123,2.9715166675920877,1.047634289931738,-1.2111825047817442,-0.29032257512602705,-4.828922867653416,-29.78046124312874,-11.440060205264826,23.74927121561888,3.543972373596523,2.449873781965772,-3.1785189877271947,-0.9316424131299775,-31.490143149065347,-2.1300705428869087,2.3966218662577345,0.7956729883899014,-23.299386996297258,1.8982955839261944,1.2232595168849243,3.2385166563747334,0.40781426367961116,-3.1678530050851377,25.017338722265592,-2.580051120894426,24.07605058256033,24.627790608727377,24.93152206440275,0.022310198725898102,-2.1381671395333237,32.4047585593313,0.9705917660160456,2.845186009486141,4.052489335313046,-2.2612128547375945,2.9735716591179093,-0.33970403581931774,0.40261465278830144,40.51942498514685,18.864552393553,-3.687764983482663,1.5994952977335424,2.3260321659791217,2.5712807531826236
LATERAL MENINGOCELE SYNDROME; LMNS,1.1953094540828284,19.483086778465953,1.2984044099783014,-18.40676860046095,-14.109433832770227,2.1807972162876874,-3.8897600996493367,16.391793572888346,-2.9931703640133716,-19.115834022961728,4.929619029592326,4.843699978315059,1.1665010297003593,-3.3892879644524627,31.560166772455332,31.28351377529978,23.21626473489071,22.057898696698018,-1.073823191188028,-1.661403139067784,21.429335138604497,25.231700079249713,0.22693321551775533,0.25262367185535217,0.26213675333273784,-3.7671685330115077,24.840833834481714,25.898720024997257,26.16015082803641,-0.3844603590576935,15.069590220474288,40.83345317610351,40.16708102559462,-0.3132691003005401,-0.5911108312731752,0.0008769944676829161,0.5673354012898446,-2.160193426621321,4.03462947637038,2.612089083831417,1.045192227614512,0.8953181018663057,0.353858897995687,-0.011868921189442787,1.3988234467760756,0.5802462180008245,-0.005023004396136663,-0.8359627157930606,-0.14392768956839477,0.07313898575763765,0.30382814708114464,0.25124758618872606,-3.538235631494323,-0.91477491483982,1.6650154822889087,-2.9101516586356198,-4.011978099273329,-4.198224391191042,-4.037212805494362,-1.7449040718027136,1.244488473488687,1.0417276717374842,0.7794200433348555,0.05048986469751303,-0.20040226266266847,-0.182719821487999,-0.13688150082614806,-4.60402315498945,-1.3469452029348454,0.6902321417692429,4.859730092184914,-0.10345446537216496,-0.6445964572177761,3.1442021066541836,18.550598279192034,17.940880761036137,0.8910128201868829,2.0957398890244145,1.732922075905071,-0.6609153580107354,33.53957261557051,4.593203734706262,-14.679144604373965,-2.3811261814505333,-1.68371132397246,-1.188965784439209,-5.849339947142949,-20.713537231641965,-3.1362579617079756,-1.3864844836982266,1.3769562052756634,1.3334250625767456,-1.3082557130354475,-15.21235341801456,-18.520734479856404,2.515405729932392,0.6472603810490201,1.232570909267314,0.13411419141879918,1.9252741981958494,1.510548113049211,3.1980121492765314,-0.19977716999507425,-3.533284168053979,3.5788704917985843,-3.7537302808060815,32.621299582351675,32.81012828408375,32.79324096679241,-4.3870868393372096,-5.1975010557754135,16.459539481556433,1.1086376527684294,27.032366361463332,3.6655250223639126,-19.18355006260547,-1.7753402072262983,-3.8920054148530654,0.49141406773978435,4.170639721095021,31.864173359921306,-3.3695102167542244,-0.33753045734371867,-0.054205843005510373,0.6934071358844396
LENZ-MAJEWSKI HYPEROSTOTIC DWARFISM; LMHD,-0.3346530447641809,2.4201009380499494,-1.0166372535340915,1.309465140754436,2.6129862479839434,0.6686667786935099,0.12279265544645587,4.607539650025652,-3.232488768326711,0.6163929205065682,-0.3225309704099866,3.192177322005156,1.2003550652660815,5.599735842549271,2.5620758730797544,5.34913004357508,19.55907901087139,28.786970479352426,4.179945658930678,3.4332541803899983,5.115614030286188,-0.20271126863075792,-3.0753961797567793,-4.922299781795926,-5.756640973159184,-2.0695925367363093,5.028274614114729,17.058741836605666,17.77414338034457,3.967889615399177,5.218514967481505,5.678600047367905,2.4606970324305975,2.8491241042462363,-0.08943553044758074,0.14177521844411348,0.41376644665345724,3.777095032514021,-0.7647289341537032,0.016517943830405907,0.9124074154782424,-0.7615519738025749,-0.3180731395923522,0.0974637450778525,-0.9468587972669659,-0.41030369234191044,0.09231047015598694,1.5859952872689858,-0.2951612867340825,-0.019605954710885967,0.2826618853440253,4.89361773971503,2.9374656788245153,2.5065222335160544,0.45741750263011155,5.180600810518488,-2.8228940672715512,-1.5543706162797672,-0.31026197374304765,-0.24501194766686119,0.5961128883914598,0.43257534460721175,0.2095688589827427,1.2077298763534299,-0.48838422015691385,-0.19290544673750465,0.1514380982345163,1.4129148339657929,4.383171518840802,-3.066661438673592,5.286208763797015,5.7583915198483835,4.609342977604806,4.8982601992314345,20.03083957194305,20.09579717890574,2.52354090503095,-3.2110016993047537,-0.9197082654072742,4.626401328380263,31.33333894533836,31.758487551188917,2.3173062781208396,-0.578721340810494,4.019589939906305,3.925012782163834,-0.13086270723024598,-4.431926677705619,0.39042291889085445,2.2133837240302787,-3.4772858187915126,-3.7391675235716506,6.1429412910802315,0.6071320976260082,-6.134411637126417,-2.9702758806674807,17.48778421955268,-4.049625882561097,-4.945308049716787,-3.978455098193983,-3.9387722660795044,-3.7553727161695716,-2.6250398048573964,0.4106554227656893,-3.180514758111762,0.7645551886416082,-0.7615175014518045,-0.6347388403113896,-0.4675001028906886,2.3550432217873594,0.5639664772133995,19.293830369332667,2.1237153758202907,0.07782654183450846,0.15278926932905307,-0.6613877663229961,3.0483946014950556,1.7044552002130502,0.9289729459704181,27.530362693813164,3.262822566954085,-4.079095359932031,-3.144431182384394,-3.2107005369749744,-3.6573550427729375
LEOPARD syndrome,4.744542413839819,2.146779154565363,-4.032090630622567,-1.5792954125492988,0.24906526053864952,1.4554438275584562,-2.839170970578793,4.0379670156764895,1.7618881104463875,-4.093511893192779,2.836994464994833,1.8006978236013313,2.111311481753421,-2.8651444396799883,16.482059211570814,16.140676414385513,3.1664571291810133,0.1692798065749445,-1.9495592233832304,-1.4261921742436945,0.6325186020766952,1.918668477577327,-1.053384116316048,-0.5934520757604639,-0.18797525401649665,-1.8383215283686867,0.9234265099960268,0.6449069218766312,0.36085775622861427,-1.2328391080285128,0.8337352107182545,3.455626974968441,3.8550670077042346,-0.7335859056770152,-0.7788221535680486,-0.7160876346070938,-0.6534869362314776,-1.5921070426277975,0.6496965892074605,0.0873140229064058,-0.3094017166592911,0.18992882658436172,-0.15555181857765246,-0.5289885288483014,0.3370099296777966,-0.10708198658655856,-0.5361355609253176,0.5303781691179735,-0.3715804778947229,-0.48788072344899175,-0.5805828639480447,-1.0695053636834846,-2.6928959210651655,-2.0200508332927387,-0.6084033247714897,-0.35682548041657586,2.755340083661028,2.1524792938984025,1.2805237538368996,0.1953630680783409,-0.4348335075546493,-0.3569186859167007,-0.24273036373240112,0.37139003721268943,0.8673084637837071,0.7853384385570801,0.6506948758061255,-4.304221892849614,-1.4739561889268664,0.5187392881093847,-2.435271482032192,-0.769773969623024,-0.835336903733087,-1.4186229542961888,-1.922053331143002,-1.8335802525143714,-1.1010341175645426,0.52029252257365,1.1960206883787934,-0.8378998629012181,1.5169648463498775,-0.12503518009037554,-0.6075118702998877,-0.11500778949004821,-4.349730687831277,-4.346486772259231,0.8139657599920948,1.789547749195772,-1.7991322284385418,3.59516831997444,1.1014195848008994,1.2132781253281057,-1.6122575008640732,-2.346430494903687,-0.6806657529385844,1.7470277824188216,-0.4275048116228379,2.499613333919124,0.9323844158323337,2.8019859438011983,2.7808174625946323,1.6224230160706867,2.666820360072682,1.6202488568438305,2.986275674280275,-3.314958511043603,18.669767573075248,19.14625338071063,19.406666687151723,1.540628678330026,-2.7810999316727183,0.2955396539282045,-1.758469143445571,3.9521891444377073,3.0778609906694223,3.847609308178257,2.732739394343609,-0.7042173330511545,1.6618224982119592,-0.6534305325763274,1.9912050468712288,0.3256832126173911,4.068439669157538,3.7699516216596485,2.5858100693663446
LESSEL-KREIENKAMP SYNDROME; LESKRES,2.0102229634306132,1.331809315411416,-3.781711149889054,-1.1408512121895906,-3.3718320850106918,-1.8080942282173065,-3.2860132676575162,16.84163947514569,-4.264933564054601,-16.908602660120696,4.208457380718781,0.09951723083801013,0.009123051295274147,-2.5357219299248115,0.06811506654817306,0.025005734659464197,-0.023154366601187137,-0.07112433296603796,-4.122661409957601,-0.3914618543573067,-1.790078520468547,-0.6148890602066623,-2.8587395426233497,-1.8044570286374109,-0.8053245724598966,1.714119153384099,-0.33133801703082616,-0.7197039214623262,-1.1416085966299827,-13.51896075267833,1.0351327789501805,1.9032777885011392,1.400137242509793,-1.6707733408822978,2.326823572760344,2.192587629545932,1.9468901246078782,-2.6891866518708003,3.426261938124686,2.991822655014939,2.466788547382935,2.45391307735523,2.418738631307927,2.28101782334086,2.591258212571287,2.4892898084279307,2.2586577113526425,-1.8662601397606404,2.4284200547499095,2.3323884622810103,2.2205213091823235,-3.0083443999767963,0.7559617246060403,0.7796676759666471,0.4681976401484025,-1.279945338318108,1.413549573511267,0.5444385033335818,-0.10498455827535894,-1.4633855255200134,0.5791679612838082,0.5567751914588023,0.4702875772083715,0.10901338159411096,0.15354528447859422,0.14564112454119507,0.1290558180657786,1.3606363996640098,-3.8973009454097456,3.6477222471953716,4.134911147684141,-1.253376110717177,26.24316049666946,-0.4896094377308111,2.281426222096521,1.7277394583021657,0.5470768986059295,0.6610306558626485,-0.08089778288060284,26.17094558748646,2.7818065500973708,1.601609254585219,-1.3750305654300565,-0.5707403776037703,-14.1643365059328,-15.198044975914248,-3.5737979186586846,-3.114154846031621,-3.422824943169315,-1.9810819734430254,1.5962446950086573,1.406404099288542,-3.737634975669949,-0.4989929519552359,-2.2056032670585317,-0.21849779369093913,0.6521531546067516,1.309806805472141,0.4131005429445215,1.9606200072558952,1.3321837526092455,2.271044636736742,-1.1225149910756398,-0.5513880759000594,14.485217487773546,-2.9341399521123046,0.8043633185404334,0.6141617558454924,0.4352789122714547,-4.051661115057009,-4.433532631507351,0.24641388368309153,-4.134525219560687,2.8457810549887967,-2.465139333269997,-4.076203485267044,-2.592622404165686,-5.070567318607403,-1.2006856389655998,2.0379261283726025,5.011328583858789,-4.549582513799671,-1.2760948899843096,-0.6357494734113237,0.4172042383919182
LI-CAMPEAU SYNDROME; LICAS,4.201229584517347,3.2445021982057907,-0.48001250752288577,-2.4534034400101747,-14.568415650732838,-1.4833516382243963,-3.6336585251278932,0.9093457200672703,-0.8756148928128565,-3.3632309831632914,1.6686007834709693,18.91443993280756,-0.23395905306632248,-0.47619536639024,0.524379337162576,1.960785362786876,2.6949043721426635,33.82081737363773,-2.103510127742403,-0.6345642868169133,-0.5529282813584949,0.14043729286144288,0.06341677301934329,-0.24495962675625005,-0.5214218431549852,-0.8029682232608446,3.541159204115917,4.133690853573039,4.601688614304003,-2.0023619535760284,17.517800235456388,31.303797037267735,28.19519854193408,-1.9919870872765966,1.076711512025308,1.1766225866379516,1.2397434496395285,-1.9590863060799966,-0.2347575259670781,-0.21308070265849613,-0.19695476906259907,-0.6245726499808503,-0.5068098262103709,-0.3879384217106457,-0.4177714554979265,-0.3156888695740732,-0.23165714159306114,-2.0979906415120575,0.22470913035937387,0.27518350300914496,0.3330876533616914,-1.6331488189636232,3.5201184671799792,4.388927307926608,3.720069488581262,-2.4708381269294217,-2.861099810470782,-3.201542950269461,-3.2948004813509546,-1.9119756176420482,1.6089514952349089,1.2638749290402573,0.7298057343843996,0.0013448406428024579,-0.8741868542599158,-0.6196493180522966,-0.25913931897168363,-17.806253525265987,-2.763518316404673,-2.88823780126199,3.241026963574019,2.0449080340208488,0.013266283022338803,4.197886470631745,5.409662940064932,5.43292091464942,0.14408222656701458,0.1295133871818499,15.156861554534476,0.013167372795799829,32.285712058004314,30.772330661420067,-0.09875759795285176,0.01727927425572235,-3.900087623250615,-2.708438024861804,-4.322575777004958,-17.400535982080022,-1.478867742487317,4.069797404883528,3.808322859151494,3.990034443209046,-0.26823700877033807,-1.9401509728222535,-21.80641264165059,-1.1439677632819683,3.872129215470204,-0.016184827695487236,-0.8671702992018973,0.435989696655218,0.26665616643814216,0.68626018918416,0.3799385229098666,-1.2049296554080136,3.216753051834626,-1.5943508581177717,20.348241658919573,20.425758644776298,20.297728476148517,0.623732834055426,-2.0124646263811696,21.833268749274517,-1.2782618877397556,2.9968513452492,3.7107306700340223,-0.6946527641831987,3.681956969225904,-1.0637693986765213,0.7202598756638012,30.49426984214414,5.908853520256418,-0.3948937595295663,2.1331734176211987,1.6087803736375652,3.1676897228362444
LIG4 SYNDROME,-1.4136529685223673,0.75498341901551,-1.3035257853425772,-2.6827369548227655,-1.5433774077416944,1.1160651412228872,-1.4222249665606954,4.012224643735853,-23.806551100260297,0.5150268839038668,-0.5595142601611581,22.91090016609286,0.9862041837668206,-2.8978959344789637,-1.4337741789760872,-1.3736196431926648,-0.901054750987011,-2.396412085330219,-1.7898374792498086,-0.8276106906062918,12.724950767475294,3.446807524378489,2.4369168780639647,2.4718881985086507,2.189908776877251,0.3087922236657562,-1.0611849805861082,-0.7557697449111735,-0.44892194785765155,-1.2065659381113472,-0.7033995019041385,1.491316052921448,3.1220199101532753,-0.5253078892876547,-2.2343737629351783,-1.8953503866400254,-1.4807767607332771,-1.697910960270206,-0.048084158664006026,-0.2025783672757303,-0.36503173327428073,-1.0577216688543931,-1.110459260131036,-1.1320558930143518,-1.048609240611166,-1.2424501076221224,-1.3861190899630664,-0.72788165653615,-1.7394464710609032,-1.5091701895205603,-1.2748157943788634,-0.5164665172485541,-1.9388258224622035,-1.0571118955401082,0.032083932870245975,2.0674372710386595,-0.07347563172836521,-0.3000892038653658,-0.5202972606938359,-2.430125345583254,-0.021903801079601826,-0.14139908908533919,-0.27359625685152306,0.147667144415454,0.07012761306251028,0.17683155589037572,0.2977845021656538,0.7848388420633934,-1.6395511244920655,0.7311492147043549,20.692841044212738,-1.729039560398419,4.266638243789231,0.2578233535444915,0.4017091686956695,0.3969811430564885,-3.5473343673521702,-0.12492293733431328,1.9586939598911508,4.2485607373581935,0.3952144801458375,-0.13704123757361011,-0.7927836439440907,-0.9395289534983037,-2.7897784117832147,-2.2389781575820837,-2.818259971651396,-1.7083545562935227,-2.879430701743088,3.8386696476130924,-2.287145017335777,-2.6654297724724096,0.39998055796142734,-2.642200797249113,-3.7304537856674793,0.9498981617759352,2.4225204415083925,-18.080221101233217,-21.864680435220997,-16.791830529113945,-17.25026721272597,-3.9205167772209957,-13.088793774480264,1.602680814014208,0.631205482746727,-0.4832768249770126,0.8473672665354325,1.0090932044981415,1.1354090498311127,0.8054906527577683,0.5261809996488561,1.4968078500443418,16.863872330378836,-0.1448123898356656,2.4387476875204808,0.06070238804746443,0.8499621628580324,3.0688201976128258,3.52965922018652,-0.5745540460442865,4.080970794164003,-29.65433662714329,-0.948368114265165,-1.2307631118401778,-2.1188628599072095
LUSCAN-LUMISH SYNDROME; LLS,0.43429091466124214,-0.540587659306458,0.15456874698977818,-1.5661604570368315,-2.5452363826584055,-0.3175144810923524,-0.26507619876283645,17.20119008360718,-4.29057489386935,-1.148524487053056,0.2403328617293016,34.005706650906234,2.0191825432909054,0.5929037583565204,2.969758468990528,2.7253552102496683,1.5592718688208758,3.918922397690775,-1.3743173518654181,-0.1732840819580439,0.07707699210343766,0.24372301672221222,-29.871106128051654,-28.249179886949232,-24.262436370360973,2.626056217714061,0.5443096776327905,0.17332422545990864,-0.16215443451439568,-2.7310644977901806,2.2249817902813316,3.6575229067903634,2.6225283864364735,-2.3010015335101013,-0.7180958053195879,-0.5796680460044344,-0.45387204668080006,-2.612781950140385,-1.6013503237467444,-1.5184647765241195,-1.3834502557667128,-0.7226613748933579,-0.6404607778467075,-0.5245737239850546,-0.9523715278052317,-0.9478588891662861,-0.8768876674906381,-0.4801485351093619,-0.582526837795393,-0.4569653042681493,-0.2962281166626021,-1.9927305223173037,0.4777626505161512,0.6385506366250843,0.531398690565589,2.1793333489225195,1.9744781295086427,1.574288994814141,0.9943771048041139,-2.2828005052358407,12.74963687001692,11.965362496451181,10.001881803047588,0.3509160115128463,-8.522852934414693,-9.040908241955043,-8.849443619962273,-2.1684148046050313,-1.7796438879559247,-0.8182728362504974,4.128623562262553,-0.90062210890278,26.54258956682011,-0.22414189284593028,2.0548884103529503,1.6000824039810635,3.903407070489251,-15.174646738778003,0.9900602829708012,26.51390856516444,3.7054992590388416,21.284886385496936,2.8028039656042316,-1.6402867838254434,-4.312854498392156,-4.228024047239276,-2.97879899317696,-2.811835647015458,-2.626660141110128,8.988106193202041,1.537776427764867,1.1775883996032759,-1.4093990801819838,-0.6201609620494664,-3.1002097870896823,-0.23558697453930846,-0.6221490467464669,-3.2382147291263563,-24.9343056778627,-2.125948814555955,-2.719499631827284,-1.1408418331902717,-1.0918612843627211,-2.219934637909854,1.2558176415949744,-0.5618192743192263,15.190644498823902,15.723672118660058,15.879189984066254,-2.8449558266406356,-0.42912361639027174,0.9668679274538476,-0.017194748206177356,0.6091647723651155,2.502891527660222,-2.1586350714776037,-1.0185144426101864,-2.192507986917679,-0.03977342042695882,2.7020940517799326,29.09429391183032,-23.5930804782373,1.4783838353273722,1.1237722580147753,1.2071024327542192
"Leukodystrophy, hypomyelinating",3.7784236438140524,0.6902076805924061,-0.4876982657118066,-0.40857656998948105,-1.834471639951744,-1.1298133369157914,-4.907613004405319,2.0649124008695825,-1.2655728544180191,-30.64773982951412,28.84890426257019,1.2505585505060293,-0.5602820627247762,-0.018404618203541275,24.469314816728744,28.466095732159253,20.261765989716345,20.543141461324748,1.3274719325786783,0.006636326316191342,-0.8471050802764527,-0.5031061393135573,1.3453650902956193,0.7393975112294707,0.17999108963374608,-3.7530472851301013,4.521247491970475,16.056513349217223,17.39436307223593,0.8592457362741319,19.807643430207,33.05748627311167,18.790290513806795,1.4674790119358225,4.321274181680772,4.170884343564732,3.7985867751894995,2.0765039815585573,2.317071333604319,1.479157779100598,0.6651351280006543,0.8847873254278408,0.7107179609919134,0.5216886758283688,1.2469775676007098,1.0081809576388268,0.7990750676969224,2.2129690800917663,2.5720031880120042,2.417139450157417,2.1404886272762282,1.6463787989653211,27.83486532616635,32.541015452481965,25.20834301654928,2.081331222090113,-2.5772206485245,-2.3131141208120996,-1.7362750536884852,4.279937761963466,0.26675035645911727,1.6598082392820994,2.6864153954280794,-1.8013112033106384,0.25734104615862724,-2.601103484262205,-4.3427672828470705,-2.2957617739983402,0.9055490720048546,2.759259443187434,2.539530296326679,0.04546369040901464,-2.9062203402641935,4.25500067379227,2.7369948984618953,3.2892297592397473,0.6808639913855651,3.6997548527244253,12.353695299496543,-2.938229842941311,25.724183346535334,26.923087177543987,-3.686819407837396,-0.1670046943681028,2.103860584897963,3.884719648496941,-3.576555575743565,-3.996125933763646,-0.11830873924704431,-0.41692908044250454,2.4778964320074173,2.7075185429759276,3.5081746245688286,-1.2206255903344196,-34.530164161543134,-1.9574856813989419,2.0141796278036117,4.968826410660377,1.9441431301069199,17.793695304673466,5.1012742621099445,4.594295778181999,3.7883788619289955,-0.8525672588759479,0.6596038394169739,-15.641125573944011,31.5868454944924,32.325376571064766,33.026185960319324,-1.391010111223748,-28.71231166799096,26.48073558261882,-1.4619595653904813,32.03067071080543,-0.382028692762163,-1.9680992366186871,1.9563283836155674,-3.7493652690158177,17.10616661112129,37.31556949813013,18.69550162329075,-1.3889342302440246,13.647292065483487,13.796303658803467,3.57912777526883
Linear skin defects with multiple congenital anomalies,14.697903182859392,3.1389156517081025,0.9868760172390951,1.8751024149553204,0.02598177284705647,-2.3099596330513217,2.154172184373621,26.789693927648667,-0.5175683295085777,-25.48779745813668,23.700033975945498,3.870829695982196,-0.6200033607915977,0.5234512787139067,-3.0142470569261373,-2.0291419314533408,-0.43181961032897714,-2.8339236976142357,0.289388054289902,0.4046695713739672,-3.5128238160798775,-3.05464750307393,3.1621091269289936,3.021678360043244,2.577799449309515,3.973562773099503,0.9718832784813654,1.7275232915695302,2.334845932621118,1.077328061409177,-0.12084702976261583,-2.631920818469733,-3.5521372495726933,7.25835715202388,-3.221027381433285,-3.790182028828034,-4.248197700128928,6.3552304285541705,-1.7718867602487378,-2.83278598106544,-3.658927733960158,-3.46977792154459,-3.639477358495917,-3.725927987600265,-3.17908704357062,-3.443622949499583,-3.5232740703351064,6.864932687407552,-3.4850681300292443,-3.817441378809111,-4.265451498358905,0.21478198981358718,-1.958669811980664,-3.4134314881457373,-3.3931193886082767,-2.5750218638294196,-3.6986734790678497,-3.6067110745660913,-3.2973117762317004,7.827647960535343,2.385231798085661,1.0903216844395658,0.3161260309946007,-7.261975601294322,-1.777598075651854,-4.562345737121644,-6.313538864652081,19.40175447132927,0.02082288380846044,3.2624098919793925,-0.7034039162693342,-0.658239813858698,1.6995046657962551,-15.952678833706194,-1.876348379546216,-2.768784139174186,19.193152498890626,1.4023002656688637,6.259677886912253,1.7443350997953866,0.5724617241841499,-2.298832852019306,-1.3334612729773736,0.099566668941059,-1.7677830550917923,0.6052759493084027,2.140692327057521,3.0539332379462625,-2.817101981004405,10.589654180271884,-0.150310048319058,-1.1091535286023484,-0.1496824245469817,2.5989902410092114,2.4559466487735433,-1.7424125834599753,-3.055119797063641,-0.12809425893084164,-15.186751805418108,0.9685197150934225,0.032635377641618155,1.7950374488467844,-0.6856394243408699,-3.661241205510621,0.7381110167019285,-0.7821798542976365,0.8950729675386774,0.898153245180986,0.8886976250225496,-14.946899161752311,-23.81463200079998,-2.4124145009154407,-3.138832381055535,14.39336172022993,-19.40652336934259,-3.049324094391268,-3.452786532136108,-24.008363857010988,-2.5485133917573584,-2.437105641456678,32.39984512341116,-27.006731057916717,-0.5398149233940005,0.06755047344230716,-0.5723062737335016
Long QT syndrome,-0.4460033148235296,0.06622567280834747,0.6900435945920603,-2.4988981103272794,-2.8963692305562936,0.07757406210958638,1.020819091264401,16.237819026625694,-0.05803823616701372,-0.5020406985138133,-0.09371781357399767,4.0369920189532635,2.0026476007997,0.43315629797898564,-4.824354677039513,-17.046558724897302,-4.603226457334001,-2.554963917124602,-1.0771158797258655,-2.964837884703169,-4.490763408202938,-0.43352295888067505,-0.2502940523808326,0.8560053938770369,1.7145051950504118,3.146298473603876,-3.3077569525260806,-4.16218516987662,-4.673683815794038,-0.9000483734543862,-3.432416750130163,-4.245568006038203,-2.51076635953203,-2.2200905671582705,-2.2050935059413193,-2.1345759036436327,-1.985605691067374,-2.5800854281903707,-0.6369907659308203,-1.040847637003035,-1.3653664628909838,-1.261251627598394,-1.6346526802965646,-1.886892250232959,-1.3228508084969532,-1.8307691346317985,-2.2423032299310286,-2.3272190848011722,-1.8085757808560359,-1.799397764901299,-1.8045114617557434,-2.6679913440561305,-2.5530260214933884,-1.7892525328712363,-0.4433005667429871,1.4373686112852757,-0.2454782029925035,-0.8841794874559694,-1.4246725164769276,-1.9637574552485932,1.7800342328697976,1.7370271707306248,1.5285771503739458,0.5675380393998806,-4.587547543374732,-1.6457660493144404,-1.7636071920591756,5.470453130385112,0.8195076456899777,1.443769607230012,0.0770167480972108,0.610110832755387,3.498239087080172,-2.7105469601389305,0.7848870467945844,0.10351281358869074,1.8341493265522504,-3.2594821664861606,3.7403994028188037,3.516250376108169,1.3420225272159378,1.5588646839733602,0.8837626930511768,-2.1313384287377937,-3.7169265025151152,-2.536549014724509,0.48884629071608954,0.17512417769184635,0.5314372706822386,5.789096186054662,0.8338115029611721,0.5990703544129135,-1.9170753275891084,-0.9965215352169469,0.49215695500809703,1.1906709808329359,-0.9723003069031061,-2.1294244414778762,-3.937705891020444,-1.7783073380942853,-1.8532337011417739,-0.4873484871746771,-0.1921251442756256,-0.4430171799563225,0.4058989459093739,3.277248720937906,-2.2341322715057235,-2.9248073111272044,-3.5555887549759886,-1.350216792260782,0.2750635028441446,-0.49813859807107563,0.45650071874097453,-1.4856340486674395,-2.7065452716392278,-1.175479331951751,-1.0403572795381504,-1.0022536744188073,-1.7745732609015834,-0.27081340303540835,2.921470821743802,-2.9705063126365836,0.4327545593695507,0.5170185943166525,0.5763392264160839
"MACROCEPHALY, ACQUIRED, WITH IMPAIRED INTELLECTUAL DEVELOPMENT; MACID",0.8687698094696222,0.40844545707727975,-3.0368409157831646,-2.9495470036967752,-2.429725276588319,0.8642540200617608,-3.7038712481435887,15.948481094851932,-3.604386481836329,-3.4741119673193612,2.212387327997216,27.62426090930842,0.8071087506603505,-4.009703069672438,1.9873692420951943,1.671527128664307,0.8813489780709628,3.222365023885237,-3.4815355980645517,-1.1180106621690182,3.4603505456045798,3.5053498775271654,-2.3004555440802625,-2.184547773881038,-1.9066889415147361,2.1056693673153233,-0.4754083985840648,-0.337490107988204,-0.1779984396266261,-2.4376846084666415,1.8036830943847444,18.111333298375122,23.7856235638471,-2.7033908699624565,1.367970211724387,1.7651374867030847,2.074129923939853,-3.0705379669670108,2.2377304679130834,1.7593429251264319,1.2368834145709509,2.137220252739122,1.8331705806293914,1.4624793264320246,2.2542923947402667,1.8166307672562114,1.3238975603844803,-2.2823839628028817,1.743650614783805,1.8495539174964322,1.946681525495905,-3.2958925576909897,-0.24695415391439604,0.900412351733716,2.0519274530953493,-1.4891520515926648,-0.17690314964511777,-0.44630272384277925,-0.7075520284262957,-1.916869165073129,4.619116741306003,1.008282287440666,0.4415591570040823,0.09340593099616402,-0.5293851947370819,-0.29295629091497766,-0.05607884040587043,-14.603307329115523,-3.372224889192774,-0.35824736480905883,4.2877984534751965,-0.6136960001502014,4.1165780593075985,-1.3756886273706632,4.109516738799333,3.0089048030673466,4.8122908935316735,-0.86869132068229,2.956212817797625,4.137368497228822,3.1521987548827997,3.1160983578159733,0.5154093764396789,-0.29994226270520197,-3.8626644420264036,-3.101675436134656,-4.268804960746346,-4.303295851353743,-2.2740606986254313,2.763555201725706,1.8771733214167543,2.218076403644162,-2.3058048078492783,-2.732237447238688,-2.8937439814853683,1.6190611988297319,-0.4715241964953802,-1.6136373180780035,-2.073347818805922,-1.0469274347819313,-1.2910937506304005,-0.02084594510707865,-0.2897136615474407,-1.9857787168122167,15.723834041386494,-2.2205966682286933,28.185289939103626,28.727945909114748,29.15179231153719,-16.016139384845456,-2.588800570761349,1.4435438434123837,0.3863419594578404,3.858739389606194,2.8543984223696612,-17.91250526528314,-3.3385973385659122,-3.871206054999035,-0.4426526417604798,2.5352030998471875,34.5643227219492,-22.03227802605292,1.580342229448952,1.0070486989780145,1.7999839829904176
MACROCEPHALY/AUTISM SYNDROME,3.184501062471116,27.117063195750397,-1.012546916644309,-0.39575322230253496,-3.0015191322814343,-2.1690730927644353,-2.541306656297564,2.4456761935826505,-14.956675485526155,-3.070489019981617,0.8003928223783596,2.417716965095638,-0.19341468127620595,-13.200816268094382,-0.6726080908136922,-0.9249575408053003,-0.9260781145251971,2.318662461422398,-3.1596929187462,1.3300837555936984,2.0444400904637603,-0.023197011763489914,1.3405344667244241,1.8818515323416034,2.173494328657251,-0.19376677026696215,1.7484695629632594,1.5225537541612872,1.1773149361091302,-3.2446259016023564,2.8216358403683155,3.291965597204322,1.6890866229848114,-1.8993903742837726,0.3235454400376912,0.17256009239967732,0.030963152078124688,-1.8626376859005558,3.382630275810029,3.4814932101621,3.381180820732683,0.8064318925363273,0.9523862960272396,1.077908025609604,1.13645638108834,1.328357953293832,1.4210424856302037,-1.1724731300848978,0.41764861305671447,0.3858388671647457,0.3290888597875259,-2.082620006341628,-0.5943110842049981,-1.764365354805599,-2.3125548261549547,-3.219840050511598,1.7733836017279971,2.0004704115083682,2.051971404007234,-1.8801953907262154,-0.11864881001710303,-0.3234842492347943,-0.5266647259821223,-0.0005182354262379262,0.7621301742252375,0.9664572553809644,1.1265403573686958,-1.7992439718456406,-3.7441273043496515,2.5656506275592035,13.823746887660263,-0.10308035716414192,2.88651107433874,1.2841689658261646,1.6389121578109491,1.6386094138687572,4.3424857573569104,27.119468997069408,0.5661429919553966,2.859404298845637,4.468691076026362,-1.7566955965062827,-3.223598194495314,13.59403828920161,-0.3965264028679808,-0.21789166993710285,-2.119811276887174,-2.1403647149557656,-2.625875534600299,0.6045457179803349,4.317393318985994,4.387796331359308,-2.638930305815781,0.02818743620294675,-2.5289690396882585,-0.9387325974986994,0.17738521156537948,2.6561507856910636,-1.237605911050451,2.934335687496473,2.819751926108655,3.673708796695168,0.8969285958805289,-2.6337262324357447,13.944126344803703,-1.9061911338260924,2.50766108558324,2.696095223214221,2.955073443692438,-2.1099034616583903,-1.1281154144311367,1.528897883591434,0.2824323974547465,1.6543354101525982,2.9467896218584904,-2.1851552741345985,-0.5936568029296438,-1.730166768819321,-2.3487865139073367,0.6720321373843715,-2.021194947476669,0.262466902480845,4.380158603902049,4.74299592183401,4.739655767547517
MACS SYNDROME,2.864001454984324,2.149881544681944,-1.5855983212030214,-1.9098913204911816,-2.463434809220821,-0.1764502551636863,-2.7269062501856083,27.729799394998317,-0.7418324768512661,-4.112057436817188,3.466948910034578,3.11288971508303,0.1352782714565197,-2.689076870095518,2.388770544601761,2.2320364516251145,1.6784612428109185,1.7589786223719908,-3.2226798679832926,-0.6700778139380876,0.36496898572693776,0.964167886961763,2.6389276485924666,2.883733690967731,2.8629737101539052,-0.06967522370816691,2.4992625942708484,2.676306743081972,2.7617437366653435,-3.350190196708257,1.9680386750852916,3.7661924947235024,3.4662928838991567,0.032870801773691345,-1.5732053090607643,-1.375063093592896,-1.0918876009173164,-0.5965265518197763,0.1455600006078433,0.015162007725367022,-0.0903796788604348,-0.732468886321493,-0.762660925682228,-0.745318443062446,-0.6135443858967832,-0.6601973368220345,-0.7001037640639858,0.5932928978095511,-1.2939043020117276,-1.1295015905276018,-0.9625310143601753,-13.633586281188656,-1.2479760546309735,-0.6706581574342864,0.018986787454688705,0.9754543874550331,-4.5381294229460325,-4.587122325602929,-4.287162987985992,-1.2204235525160543,3.30625905873262,3.276236870400607,2.915354112185223,-0.5969333159377744,-2.1792128691490156,-2.265049245893919,-2.2297002149333833,0.8093846727084066,-3.792053600871654,1.4034582804456868,0.6721171580118606,1.707649064247659,1.0852325649622518,0.582683328267203,-0.0006027169419920048,0.09860525491017995,1.1186785081531445,-1.5720945708912903,14.045829138920107,1.0148631187538726,4.654084024522634,3.439004591775903,0.7054356934588389,-0.7342698295459912,-1.3260493232043222,0.0024629515340738204,1.6788094423511455,0.7340983454949657,-10.333539258600188,-0.6255883759459379,0.030268241634008125,-0.18270535181294442,-3.0309589123510805,-0.9468001502537808,-1.0019509798086301,0.41851062846025205,0.6464280570584389,-0.8291534611030079,-2.7468319162270154,-0.21505765581397032,-0.6402111864825074,-0.09327478465596666,-1.9160662594458089,-0.07607762087731848,3.308505674096636,0.4876577206572288,3.463493301422976,3.6145832144500707,3.774137522857913,-0.10193443256234526,-3.7776111422027547,1.8049125297381272,-0.2844853627216802,3.9772224099239395,-0.20224073173131896,0.13715189581930973,1.091259969984224,-2.682734275496697,1.5565707609829047,1.6297367089248362,27.17610294463379,-14.287073174582565,-0.07928977460808925,-0.03118426366794336,-0.11935487560300131
"MANDIBULOFACIAL DYSOSTOSIS, GUION-ALMEIDA TYPE; MFDGA",-1.7922753804232288,-0.3927429518440827,0.7386890240339058,-1.7244116771647628,-13.520758145388609,-1.6064730992759413,-26.16520583282684,-1.017497093212358,-26.875299863101482,0.37342537601012493,-3.234537407234215,30.650022315960502,-1.028229164390426,-3.2089844975771213,1.0355110573158701,1.2434135770470423,1.1425058023080594,20.410340785271032,-2.5867899763512665,1.4714768184670226,17.930991584636725,2.132919337671121,-0.2725107280270539,-0.41945316072223465,-0.5426237364326865,-2.430576902970405,-1.6220951559021264,-1.4101967085511733,-1.1672484174911602,-2.5870220904719834,14.822506288279664,26.996491335239153,16.300908525855316,-2.061641410046453,23.47865135118082,17.776566662199215,16.251842992317968,-1.9363447887749752,4.2893127462114125,4.446935721493599,4.334030801218887,17.20919551535407,16.50575425676654,15.229531920043357,17.068888868953493,16.477441492752686,15.182890581932346,-2.1790754048922825,23.351609397932993,17.639176217261856,16.307279069958312,-1.333486546217825,3.412328646260087,3.6373030498945433,2.368027491194312,-1.7251158228814636,15.3687533521078,16.015834847941584,15.505373033808024,-8.756577015593054,0.06848588386997413,-0.10508293179359819,-0.31185899428885133,0.017132733782054425,0.3582178485187131,0.587144947146116,0.8218996324465431,-16.89015465412523,-2.3901837768745797,-13.126080938280134,27.72195837956717,-3.7216384607466324,3.3526596143562184,3.378202208717206,4.2690239219301045,4.302282973184908,-0.201494639010003,1.3085498697759266,2.7824364627825067,3.3773567057753215,0.6061608361167893,1.259307302755158,1.3701737194852581,2.8879405264112132,-4.021549216094149,-3.344669301332142,-30.609629865125054,-27.041410486677936,-1.471503837673583,-0.06715861704838662,3.6296017291554428,3.76061295895001,-1.8435015853774,-0.6795189635462525,-21.154822564641844,-0.9518157396715483,-0.6643647775184084,-3.3405275861116155,-3.156983275492072,-2.4802427888629524,-2.9206411308020983,-1.9857352823160381,-2.1176361770547034,-0.3424392295435093,2.207281946590189,-3.6018576300987024,16.907171622355133,16.99621526387334,16.629119261022662,-1.2829237176501425,3.053155307925375,3.1568867613797624,26.699568308745064,-0.8005426736391442,20.042226111023293,-3.0569351760974404,-0.6652060857025102,3.023278007304635,3.5995584727790497,3.0975387879252776,1.348116750517792,-15.762841725015523,0.4248760322363386,-0.12093498989173912,2.0790899249847525
"MANNOSIDOSIS, ALPHA B, LYSOSOMAL; MANSA",25.101468082802107,0.7459461965751146,0.4964791653359267,-15.630598689622834,-14.611278950725115,0.8361983879893812,-3.8889742746682936,16.404756928295356,0.6674921291722649,-21.647895399944158,17.161755782816794,3.657023571967519,-1.1322635350352697,-3.7379846448887624,3.6779103463113945,3.6275911128539513,2.545297708380096,39.98626127547249,-0.5256351881891526,-3.303687818374771,0.05212870561640978,3.3552260665012943,-3.4476461571233954,-3.4567408943124796,-3.1532791868353014,1.4821288059505904,2.774377764486722,3.444754614822688,4.040782949799117,-0.48985114412281605,2.879176899775594,31.44591842888087,32.811970573440334,-1.608300830761076,2.478154352075554,2.774144411770503,2.962486775250808,-2.305242602450901,0.2643373312130195,0.013541525118794135,-0.2028198522620476,0.9079391747182924,0.34627579733996683,-0.12730290535391833,1.159188954283888,0.4945526037872461,-0.03966381225939827,-1.4367272100312185,1.6889418135183547,1.5122701682599264,1.3396438654485734,-1.63219768026233,2.931130341086735,16.60446226425195,17.647590571122635,-2.5542444012418937,-3.701641365194366,-4.160764336908194,-4.2275195658235445,-0.574786772681416,1.2378021360535478,1.1449270872042314,0.9550694762457105,-0.2783428430869134,-1.0519257514521896,-0.8888734040008659,-0.6808529329124788,-3.056414731089707,-1.7322455298004542,-1.6033023884826703,3.221692221754623,33.179067561710845,3.1613892276013003,3.508192249358105,35.2049890077205,32.756189162518666,3.948208515665285,-1.501967772863523,3.338398415383379,3.1971169862528956,32.798726952729425,34.56907803943988,1.3303428485714377,0.0409983294292026,-1.9245481024782616,-0.9081476374110548,0.17792627166775152,-5.0079363507166565,-1.0143498436701097,-0.2945692407584767,2.1660562145280617,2.1198831621001686,0.04311934953325585,-14.676511123963238,-27.910592477566997,1.7439827896657847,3.4423852037880094,1.2454192334401193,0.6993872948273959,1.8673588831055312,1.4568309956563263,1.471252994531299,1.3383215660008183,-0.3905892232290787,16.112832469588067,-1.2572995546085948,19.580443688711632,20.457322370405194,21.342119232902178,-1.5323854373416725,-23.20780150965277,25.866762748160244,-4.499368937741513,22.573586429312222,-0.0746493424293139,-2.908974949741603,1.2694114741223197,-16.885520826137302,0.9866474542464307,33.86886344702752,35.181828160814085,-2.9868959416125853,0.36895560747426615,0.22568970826282636,1.30811822370349
MARFANOID-PROGEROID-LIPODYSTROPHY SYNDROME; MFLS,-16.280835745585673,-15.423183409228757,-0.1773190428531419,-0.6950503770841933,0.18034287568731516,1.0804426990515559,-24.335979104146688,-3.22200177163723,-27.799106151035303,2.5344158994982053,-14.019813047529961,13.50990350608639,2.265300810847175,0.5240890999626469,1.6980129606460055,1.687559086986506,1.062962327551023,1.4311947629981034,-0.23690664735743572,1.635222575852175,28.201124611599486,3.8625937142298103,-16.782784536772063,-15.465679330329657,-3.963903288184939,0.8071512766004673,-3.210341612666421,-3.2606431337569552,-3.2252792273079063,-0.18987088094930923,3.5686826210739744,23.199227194792137,14.898664761294578,0.03134488918190618,23.45219882785009,23.24948694433735,22.332507095644598,-0.7174861957492816,3.568828376024693,3.2744004972131617,2.7658134966843937,21.97734606021112,21.178065734359983,19.386371159468336,21.093263586616708,19.968077595585612,14.09386412728431,-0.5974994375376569,23.70074985021901,23.14256070727729,22.274224093737217,-0.1742986094566379,3.58873646088466,14.976644819506783,3.9675957117266827,2.1003504731683873,14.902233738118598,4.018081038948482,2.9084285534132337,-1.984447093219876,0.01850238469004972,-0.27297217666580276,-0.6328579210521128,0.012680085321611603,0.1592919396595713,0.33259463911938253,0.5286563751630216,-23.914762669197838,-0.34725719446406345,-25.1918285777602,29.46570366295435,-0.4225844810048579,28.106850323551534,2.0947070772180925,25.847332760124225,24.118260746589073,18.35655748146941,-22.83222903132403,2.8146556910912333,28.141103502952515,0.7171526999277974,24.09587719198808,1.4531952610491052,-3.682640765805855,-4.368503797815559,-3.8385378017861163,-27.393489241549084,-28.40313563420035,-1.150417912223975,-2.313560719229167,14.459110317795437,15.275963319590268,0.16173591463722042,-1.2785478577265728,-3.2220470354798336,0.21457641154208373,-3.126280786615257,0.9426614810167313,0.9989067902995629,1.2755772673666523,1.1768409628314391,1.9295228686666572,1.6443005374029676,-3.1558865489872323,-0.49498238212029283,-1.2444507786909853,1.87264385413629,2.0850422355187397,2.273020942727149,-15.22540565941701,14.256739145666167,-1.9741801166529067,21.246563220374185,-3.01138826093428,17.91331798499781,-25.027564412761865,-22.426665529310483,0.37862878778964104,0.3485958227999247,13.75054180679676,-3.867056707957751,0.5600749376712014,0.8434024777065439,0.21577419708777296,3.0794242854619287
MARSHALL SYNDROME; MRSHS,0.7997353803014975,-1.0318331993392822,-14.83984517739467,-2.561503702781043,-3.2649980897951494,-0.39532798468259417,-1.6351156983497483,3.636016749832528,-2.200006612423797,-1.0258672807804243,-0.2840181615922226,22.556473784990118,0.14761403058625777,-3.506145698603633,-0.037692692458654774,-0.0052617868400382595,0.02771491114270994,14.81307030606219,-12.97362952668486,-0.9736916447998591,-0.8812459393244549,0.3034001862874177,-13.710458557390265,-13.520346736848875,-12.109631047335148,-1.8201787448925817,-13.117538160438588,-13.014079614401163,-3.940008569966444,-3.878612551160448,0.6905574119415346,2.0301207084457387,2.35429941448918,-1.1422896770381183,14.87262324444281,15.977377338899396,20.99081603922738,-2.482034189617601,2.774915859284273,2.8284670030366064,2.7356180995631285,12.552854518203963,13.086730077652003,13.234001567630575,12.61101295506924,12.903464810674874,12.823705079753712,-0.5713290054988621,14.13889656193755,15.005428812070129,19.70016006295568,-3.4023592883936304,2.95565263463425,4.1237092709499645,3.919854331996458,-2.8137147745878215,3.7624609351626037,3.808874027120104,3.5021404823034508,-2.058059944190006,0.8106587674322405,0.5977109885374975,0.33121354943172054,-0.03456677300522728,-0.23594274714314112,-0.15240287871979985,-0.05501528181300499,-2.3721568121059184,-14.422783006355102,-0.9445716076025311,3.150021466474542,3.0409148658878573,21.753892099367462,2.147829064231181,3.2899770735436658,3.2532647053716888,-0.010848102197554287,0.7227636290647297,2.192131663222566,21.739323652490196,0.6673959129570047,2.0657906824682324,-0.7530214237218542,0.025074896239409353,-20.403337818977853,-18.921021934830375,-0.25994336707375904,-1.9785054526363706,-10.789502164747816,0.6681247548555004,0.5912749032567787,0.390599102615734,-0.7473919988861228,-1.6810675675228752,-3.6212933969559997,-0.04517709129362249,0.9671721233781677,-2.530214376989744,-16.762738384491584,-1.930413928374557,-2.1506033742734956,-1.0047476309868215,-1.3905208697097793,-0.027434410832730762,14.446596716928214,-3.0181918198440494,4.382094333878816,4.412283615117018,4.384116155717206,-0.3729870018775295,0.06926954795377278,3.234546276262129,1.8231778767326696,0.4372960319922186,2.040720724578007,-2.063982617499487,0.34764654868990064,0.14861501047550518,0.73136338709341,3.633180748303229,16.577891185821795,-14.517616932387456,0.16579915291481662,0.03852211583730998,0.23755303092893928
MARSHALL-SMITH SYNDROME; MRSHSS,3.885026721497628,-0.35281066098494274,-3.4421709194111263,-1.6765045649008978,-2.2059266268981856,-0.28186809909175214,-38.27048055735878,1.1790796036063844,-18.993208204118357,-36.7723778105291,32.06730981340545,5.047095982807489,2.259256375226332,-12.425699442129755,27.57285286596606,30.189395225581823,25.205918099001813,29.486080242068425,-3.1952624207858626,0.5304757634051227,5.942373487056634,3.458412315794937,26.15561045299791,19.36438229055485,16.17687129658075,-2.584433675361027,25.557418341152076,27.812595939010244,29.86643615138173,-3.2290951068001505,32.827812464794434,48.43532845028069,41.27493683997268,-0.23603316096835447,33.37892027710716,32.77298625297713,31.31895031082374,-3.0909477467329514,29.876913787988418,26.986625794580267,18.177574011722463,25.68209736040809,22.78000452479498,15.119878762953897,27.26324120111185,24.029167659985877,15.934986537561482,-1.0635831225655104,30.08810933085974,27.965932775074865,25.85847461580593,-1.2378309159809195,24.718819480154902,32.57378384678425,28.317839669152523,0.12065699690492224,-3.6896457890086976,-3.9965509422163965,-3.911920267090727,-1.3225848688948647,-0.6912361228201251,-0.9716612989511063,-1.179450100811137,0.4378276380249119,1.4136738051672249,1.7735992631984416,2.0307733543101647,-17.317163776299775,-2.538255099221433,0.14705936881113477,33.086049796371896,0.35573180423079104,-1.081925492431943,3.063346705978471,39.275558919360385,36.13219888471538,2.0421957961688393,-0.8297033166215132,2.180988404379231,-1.0649836592065676,33.1414479504476,38.713549773291724,-0.29350296756231437,-1.072104494227629,1.459404263650991,2.4864934121925133,-36.14963265139076,-39.68483814424453,-0.7796698926939013,-3.2079163429122923,41.55765853789301,43.423233235298675,-2.4835396073244156,-1.9152310267219836,-15.727554926602306,0.17243523291072105,-2.426832582072596,32.83170192621903,16.03462496093129,35.07310026526401,34.359511754462794,36.908980583855275,28.156863117511932,-24.514194652905612,16.23476914273068,-2.3684098577293184,36.24838181314238,37.64688885962478,38.855161341414046,-17.511340539180352,-33.49685653809477,4.06084448390749,-2.6727323726749344,36.36661421591168,0.20974720643020592,-17.723115655137008,-1.9774170005152456,-21.548847589414866,1.883661488560888,41.82725838347539,18.750113351274713,3.68667118288239,33.11290169612702,33.13125205283542,41.21434893310439
MEGALENCEPHALY-CAPILLARY MALFORMATION-POLYMICROGYRIA SYNDROME; MCAP,15.418024553583917,1.206309447994379,-1.229438763660326,0.24707676198952572,0.5865731853717586,0.2519822826590383,-3.024789958445383,18.36694079541699,-1.9850784750122548,-16.22923269297795,15.605337052015633,1.997185928025445,24.095895244359333,-1.1800972559257934,0.9293996376574418,1.0278931223021401,0.7948099297375645,-0.08986244072330658,-1.2351939648366042,-1.1428683636203985,-0.868088503036759,0.4260682774554189,26.05992333367385,27.718697262003055,27.442490660651654,-0.2771287875362804,0.22173246421859746,0.2534489980181308,0.26035515709261337,-1.4560328771470115,1.2163917241622622,3.0783256503419394,2.860250762441285,-0.18393502023868444,-0.05996205234932439,0.11091731076122197,0.31242115895737604,0.2750986098859425,1.551586888439064,1.9849531939129588,2.239969049558331,0.3846246688903942,0.6666405497331649,0.9122602289374513,0.5016260231849996,0.8601436274755906,1.1474154608797063,-0.05997809428265956,0.08684986543742233,0.27628973144515573,0.5060270572085473,-0.4105634204074555,-1.2516803782575352,-1.286533795614324,-0.7100919232076391,-0.6982528313642086,-15.750657335435758,-16.911910148554014,-16.781147092308828,-1.754465066506601,0.04601510205061598,-0.17182662051485575,-0.43120489889265184,0.03222939147281183,0.4285213995503147,0.7168178012522216,1.0050035445843493,-0.6190691304776375,-0.4968000975330459,2.7949806382915354,0.7172189330873829,-2.185724835542203,0.6716177734047053,-3.6261702691971633,-0.344089194038597,-0.9751049784297879,19.99703277920765,-3.019227517388314,1.4526721291115783,0.6466160821392077,15.055631498103184,4.0484744805753206,3.204832926647319,0.32550950045449745,-15.491666022863127,-4.544203677820804,-1.3268739990799292,-0.028341868066653536,1.2722508719745618,0.17963737944193373,2.6875373129288063,2.8706802548101398,-0.9236847128414596,-0.5640127076630395,0.5622065128320013,0.8224409780691858,-0.4649575953968108,1.975677497087778,0.7070684836417109,2.646016262732008,2.139437140634935,2.568234464061831,0.345683345063006,-0.9764991606350342,0.7657321044978237,-0.2992065606821401,3.6231853518046337,3.724568564746802,3.8428551756442975,-1.170881278110801,-16.278497285050896,-1.8286629141142292,-15.347587797930313,14.694139323065158,0.04550429704803145,1.162002134684213,-0.06664713207084655,-16.091570284230794,-0.26623745405448956,1.3669840963012867,25.976386347237835,-1.2800397055764605,1.1591583461923343,1.6154314518612667,2.4556882371219406
MELNICK-NEEDLES SYNDROME; MNS,-2.9111506590159864,-4.043270172877011,-2.331882342535366,-1.082319540062644,-2.3738419895896348,-0.5693649265644278,1.2361815358344497,18.28199624818271,-19.00497399767833,2.36867809522514,-1.4661337266337966,4.114561017890188,-1.7315435499274585,-1.8652974176785388,2.046950502083385,2.202424798176259,1.7369618359609689,1.0712651076524418,-3.3266850432789132,0.058276435714610345,1.9064854021365096,0.9629479471464237,-4.7683888314931835,-5.146849105454512,-4.94751377854857,-1.571281737884977,0.14390190558711552,0.1549120425859162,0.15707678392296065,-2.2126727423640595,1.5975177225384491,2.6635915421170684,2.1924939530332517,-2.195662396001267,1.6499387760151898,1.8839475360822528,2.0390894950617815,-2.347978549159377,0.12360785700937013,0.1367006387266189,0.14189907944138513,1.1947718690440385,1.1546903206604364,1.0680257654352805,0.9113702082207998,0.8811907784331382,0.794507083759928,-1.668293472750617,1.663421296597607,1.7918120394140191,1.855619898332384,-2.8884417314260222,2.0959815900251653,2.9105077255574567,2.6977588936889187,-1.840336213384173,-0.09690522131095615,0.26967326402193154,0.7205949488785099,-1.6975916806634361,0.3143785648696665,0.20272485880172023,0.08304130824177149,-0.03413884858888357,0.08297865321846329,0.1482468610176065,0.21649432839244928,0.3309649822676194,-3.8524347915794346,1.3016351957047771,17.150210466282587,-1.077199189954434,18.25591394385405,0.5159050719701727,1.173052010408622,1.084296795004311,3.847537348739643,-4.587348583124239,0.8676135105194591,18.177943264090104,-0.5705504493227082,3.011782922138992,2.857854418822239,-1.443687646125745,-0.0793639465895514,0.1505602916854881,-2.4398899730031363,-1.932031367143338,-10.714570253514701,4.832342289176273,-2.604719199059068,-2.736185410368179,-3.2215802043565542,-0.39382496526914057,-0.8898606953909439,0.10427760133781673,1.819000425437979,-4.927345590280971,-16.50184286706853,-4.717430355420083,-4.780424163782439,-4.080102349602257,-3.7544201339475234,0.153952921317819,3.088527494762958,-14.841795780470365,0.1457585378553043,0.15934916814468825,0.17604947194918658,-1.6330204650945042,1.1979727560302809,-0.580077502346382,3.3095214610556396,-0.7666519386304865,3.4618657979084873,-1.783631494152088,-1.720649497127509,0.14165955715280662,-1.6315448320375032,1.8263478988254238,1.019140670938682,-23.78357974911534,-2.363178007169423,-2.4512785050093413,-2.7236940199392894
MENTAL RETARDATION WITH LANGUAGE IMPAIRMENT AND WITH OR WITHOUT AUTISTIC FEATURES,0.7940826549656644,0.1684021242532172,-1.5090725322312348,-0.8704800695664219,-3.488584919873379,-2.2494485930819255,-2.15910830210295,4.041166954770272,-3.1212194595728646,-1.4862321116848343,0.8796195921150842,17.526193678902384,0.6902317602671513,-2.907120884879491,1.2440396898174249,0.9027579729556982,0.43519359437923033,2.37221219169496,-3.3313592220730692,1.3447730410090266,2.4902302240103027,0.18069027258877535,-1.0084903201211726,-0.011141534554143502,0.9274343327916355,-0.054185654947186745,0.49962653639155097,0.2885934038215268,0.09195043054357915,-3.2964860518440164,3.684882033330238,4.392766770960497,2.626563480776764,-2.817714011708416,0.08854582339935536,-0.01653944517079219,-0.11429318566085277,-2.290639906708297,-0.06783021800735453,-0.03714497232602064,-0.009683923778367897,-0.213426411580911,-0.1420046873522542,-0.07948606147560726,-0.23928875238665798,-0.1736943700539611,-0.10185858252475248,-2.2415916509161153,-0.0186639284578505,-0.04430159557296898,-0.07059405426976369,-2.9408423023093384,1.8086015850031765,1.2409929881154145,0.2719575412118243,0.3039445745128989,-0.6065409127378915,-1.0921429300163166,-1.8886008376816101,-2.4117970731022815,1.6598901029831656,1.590737709824498,1.3440807389636755,-0.026263330133174626,-0.8377163402194777,-0.8982254352268787,-0.9006070776088744,-2.7203910005940353,-3.46553938247817,0.5138908018391211,4.689328947937725,0.6074450881337569,3.3244776455430856,1.7640822836923795,16.65239588938229,4.771180795051114,-0.43060945413745044,-1.5507645597387238,1.3943075279688584,3.295054908504178,3.100999413853001,3.396149871047877,0.6598193161145594,-0.6495455725445605,-1.525835547635918,-1.1423387572658463,-4.207458125763276,-16.94523229404972,-3.250630341265373,2.2488274872336502,3.725195349472733,3.6580459136711383,-2.644972273846132,-0.39175594490147414,-3.6088405956063796,-0.9568904673136869,0.8005824680973878,-0.1857579782871659,-3.5572953968773233,0.30021526463588794,0.016215779270287858,0.7560834599785907,-0.6607576377115701,-1.282433336237282,4.132540672901405,-1.6967806113049255,4.069408103449084,3.9781563466763745,3.8504389622020003,-0.9941843626678653,-1.1176951660364747,3.5812449146990653,1.1694822467313433,1.9865205717923269,3.1843030951087177,-2.4319265792141285,0.3042500186732439,-0.6861714354753883,0.1270175490074939,2.715372904952678,3.299515888376154,-3.091992972564644,3.388935158481189,3.2675521365765707,3.6716995045345215
"MENTAL RETARDATION, AUTOSOMAL DOMINANT 48; MRD48",-4.0080070468872355,-1.9982925202114616,-2.3030943982992143,0.4517376268183706,0.05346532220900176,-0.35006439025837316,-2.7054939257046327,0.057235729151884615,-3.047506747968108,3.5338684085547944,-3.064916149804825,0.39705851084119914,-2.2260869071186353,-1.4268985250509398,0.45491811005533045,0.6471416722576111,0.6057651982617951,2.8116014934827116,-0.41073789204178296,-0.04247844293903391,1.846996972097288,1.0655857077265323,1.0038693038346305,-0.15397053038770944,-1.4740764542100324,-1.525134600735363,-0.9746248674644482,-0.49150564165934996,-0.0972404132544902,-0.7147389222759514,1.7889121121051015,3.9814567066253073,3.470543273531251,-0.5914999136178383,1.684756278039029,1.9239940104181281,2.1085813472002717,0.3875712088340196,1.0527855893793645,0.9856696624856937,0.856689538450516,1.7579817912486857,1.7323650660028105,1.635465599429812,1.6775612765353578,1.527079430570561,1.359904426160394,-1.2464844756528153,1.8118459193435434,1.950802996338652,2.0884157644941963,-0.11545145395091422,0.6888814120771807,1.7118805195525306,1.9153063217215553,-3.2296970812290695,-0.44144399472309914,-0.05308974946571063,0.30373335343386115,-0.7872132608064871,-0.5462841551399519,-0.934829158516342,-1.2336974939265695,-0.1042827665886607,0.5555382359033432,0.8736236475530639,1.1500156133689787,-2.337608488417985,-0.4683104112483027,-1.896670631747758,3.4735952860015455,-0.8590946971779508,2.274879067683683,0.13395319875607856,2.567954531734444,2.018499362408832,2.389993345640465,-3.400179962968055,3.918219203474836,2.2194158011333207,1.4894018725194298,3.882576882001886,1.551931915370346,-1.139977325469121,-2.9833772235580627,-1.7860085052828565,-3.5601998535388604,-3.294345967619633,1.29012660498571,-3.1215899034479806,-1.2882509068071537,-0.9411205865983581,0.3191294707540307,-0.6578665773397788,-1.6773337012921354,0.08586020554066845,2.7107060404502303,-4.05923221267566,0.6650725278619799,-4.2022983768344,-4.0681871106469325,-3.9146997339163097,-3.5547186011978633,2.5856862975967227,0.8463788566129752,-2.2263958551728154,-0.08981408309504829,-0.083650017471562,-0.07369187222595913,1.4507753774839802,3.0504787590155993,0.5807115580098493,1.1091691044598067,-2.455125305894191,4.7136377975545045,0.9908282396938174,1.0136448470331325,2.4162579365535803,2.3796093417625808,2.334794494694922,0.22950492061590394,-2.6590805835129303,-4.183772093625829,-4.447634589916401,-2.603316823662742
"MENTAL RETARDATION, AUTOSOMAL DOMINANT 54; MRD54",-1.4147415278171684,3.4471940289473495,-3.3924353122521747,-3.024950259603894,-0.4666538411651269,2.204885068626468,-3.8371680821772944,0.2096077214759963,-28.183776874024254,0.25590010921783934,-0.9346207983194277,1.923531742647064,0.9700764697243001,-2.0092690064056375,-3.377005678566071,-4.187468898796511,-3.8852601923012946,-20.159609989994888,-2.8780723073437873,-2.3150416353800094,1.780191418124066,3.4210881143569467,-2.061447433431719,-2.2433084193665946,-2.176214335532399,2.4522986966695375,-24.03175697672571,-17.67698776670125,-15.850323856526034,-0.6413543918554476,-4.6999189400872305,-2.40679343375776,1.113746746020451,-2.760048524071767,2.4241679245986827,2.9530359324631346,3.350197237287824,-13.338753167491394,20.83825934726256,18.809550764805945,4.953459467382483,16.396116764059727,4.6872188010397675,4.136745778767152,17.22873820041677,4.8424370106355035,4.070003318801447,-2.0435214723550534,3.6316812686226543,3.7901825918105314,3.8752768811339227,-2.7625674275393703,-3.361614479683513,-1.875283253467698,0.132547640011281,1.259540220706104,18.50680458149841,17.16228586612769,14.328492165944324,-1.2957761246264718,0.10417742848928915,0.047749390672042626,-0.007371458279350948,0.3438265119099931,0.14473948069051645,0.14168203489421352,0.13432058433514138,2.275652399964122,-2.9193232592448113,1.2645443651009312,5.605466204960749,-1.5062732794313405,35.540607956085566,-4.0379992881142455,0.9717225671810258,0.10510910606451838,7.135027855248972,26.625630189436528,1.206803917977735,35.52167253865504,-4.275510092442719,-32.22050382772701,-27.20888791576192,1.5701807639090661,-16.457902663223695,-15.71978930252923,-2.1346832695731015,-1.0558836269711118,0.6119398854746391,-2.3345164188656176,-1.9370803580567766,-1.247300834289309,-3.1678755732291806,-2.5057966160087903,0.9022845799477042,2.932380486875437,-0.22735733514846526,-17.130927971315437,-0.03720360723997948,-5.315390120542313,-17.009468990025333,-4.0224648397235265,-10.93855719297779,-0.32010790896815206,2.566480317059449,-2.014376168763615,-4.054561482981885,-3.848260975134387,-3.571743159181883,-4.514276090526888,0.7915403823883267,-4.466945898120921,-0.7371130316893623,-1.9591741532667992,-1.8180724555640233,-3.9317310944853605,-5.026022877178493,-2.5221654089745673,-2.5658938627656194,-4.2947047045138,4.353213627645017,-29.641912721991897,-16.151595036957627,-4.439232043133667,-2.828446698468719
"MENTAL RETARDATION, AUTOSOMAL DOMINANT 57; MRD57",-1.2630961069549025,1.020662540093725,-29.361962856533612,-2.3281730235365625,-3.4433601698740137,-0.6307516174372295,0.046496768955080627,26.59182751405224,-23.038214597674383,1.2348825059110173,-2.177872552028264,25.67257965399386,1.366536819256917,-19.704998313178343,-1.4646328456369004,-1.5887160477410873,-1.2190194631452362,1.3729319113836775,-23.019799067513542,-2.453439605277436,-3.2958351917527136,0.22534910323363275,-3.7997706742576955,-3.5878229291413195,-3.0458045002793583,-2.151114573088657,-14.926777175137836,-13.959452117020726,-12.568191630602076,-22.426190357104716,0.22659250779703613,2.4899894690938993,3.2162682267897327,-2.170356782662528,-0.40433702386447706,-0.4159487369705654,-0.42677710946258923,-3.614250164984438,-1.0557005274934317,-1.3954679053938814,-1.6519060807861874,0.008755856675875062,-0.2067619501651424,-0.42262248427476995,-0.22231851541351463,-0.533783217766848,-0.8549767301068654,-1.8866001977212836,-0.075055438572115,-0.14140549689394658,-0.20764365807507765,-18.402135000746455,-0.23748055060437478,0.30435333723563845,0.8170732860924376,-3.4467224884581635,13.516782328139993,12.727955274397889,3.3935993262381143,-13.566693075641115,6.1231024287585525,4.85068988676916,2.3884982790572025,0.06714710467667938,-2.5838134463430853,-1.6432805748354706,-1.1064922292247645,-14.708087495817896,-24.17902024933851,1.944139111279063,15.22851526539826,-0.9258707096701253,38.23043991173905,1.7406996548998368,0.3605346473792436,0.6556016552785532,28.587151864626215,-25.643006405001145,12.51526915106842,38.20472018093491,32.81999323731078,33.77285973275129,3.2463183873370944,-2.6896958904323682,-25.8435722014445,-22.251331713336977,-1.9622599116155677,-1.3835717022515335,-14.88654185377638,2.754306069806365,-0.6341756697018512,-0.820397504924074,-19.742396622618436,-2.030733444727001,-14.788371277099952,0.22663340198679924,3.224576221349787,-20.96143953652535,-19.904413821239945,-14.776056386996775,-15.773494948484112,-3.4202331722438437,-13.980438623863236,-0.017949236132841717,24.20300830850258,-2.5191569055082748,3.859059595417083,3.9919761710506254,13.010785488181273,0.1097003366440449,1.861734105096343,2.99271237635325,1.8199764497378452,-0.9967966062033108,32.148851368755196,-0.9525502360256056,0.7381301742422739,1.0574177935030749,2.0451359024265114,15.036060103393995,3.732892524985687,-25.793859888190983,-2.643756212142771,-2.7870674234235175,-1.7824401356175117
"MENTAL RETARDATION, AUTOSOMAL DOMINANT 58; MRD58",-0.26622617872786036,0.35392459616503946,-1.5087100935302606,-2.5641041515859575,-0.4138541422746446,1.9547057870727347,-1.4804335729791995,14.753277549472726,-1.8464367271116076,1.077778442357229,-0.07205718567600577,-1.69453322153921,-2.8108811688698516,-2.0352989372523065,-0.40910076261902295,-1.6114305978189531,-2.300525967759545,-0.36086544155801836,-0.49218484334702256,-2.335343061751106,0.4871413069518948,2.806937734662325,2.983879771323646,2.782485087675026,2.314349650508849,-0.7903754515582766,0.1276116231422011,0.5191966067984097,1.0057510838929302,0.027699621782332193,-1.4692054527741265,0.7235072921090393,2.7930916209878967,-0.6440345979804617,-2.5473504697855134,-2.490624289673079,-2.3656598196725294,-1.9108592693330477,-0.32229180446418676,-0.9556221766381258,-1.532135314720267,-1.0890824550626508,-1.725933594367761,-2.2084612702105892,-0.9408202038054774,-1.6927369823760368,-2.2451843264815774,0.00824802935369281,-2.0372040495937904,-2.2041331674888367,-2.3241463212872904,-1.278870324156282,-3.536660867726429,-2.7795729152833006,-0.8041729101782593,-0.47524566850579614,-0.940739782593694,-1.4253378139251898,-1.6774751811789896,-1.6986043542756488,0.713941161811392,0.7232794653263974,0.6588733661284112,-0.005340179534683759,-0.16555291968149743,-0.18554120159568274,-0.20467460741512888,-0.8377606312327893,-1.0873029433594354,2.8976165746569094,1.0531199068065702,0.843597926009647,2.8396353607659037,-1.0891289437105758,0.09742057041095817,-0.09969866196157359,2.7020847091728095,-2.485510089868137,1.9426551074575935,2.8781800302043616,0.4657210956901476,0.13070430117799844,-0.07565966417891254,-2.3328961631788974,-4.098130755471702,-3.777068513228364,1.322290993920479,0.6681546647453012,0.201479795152311,-2.634437757211592,-2.1295151363107943,-2.266943844633723,-0.9247825550107104,-2.793441331418164,-1.4755457100013634,2.250917080303688,14.710605039509323,-2.6591108519384288,0.10018272821994034,-2.6518114143776033,-2.7793194088685995,-3.2714603845810717,-2.8588241173853706,4.42218862607077,1.8378968069249497,-1.265687410945483,-1.3569727965368994,-1.2020717318596341,-1.042361822675685,2.7255513243259903,0.0054641055130847035,-0.8682822406770586,-1.8254432795524849,-0.2733672595142145,2.411797238931192,3.8680712334205767,2.246306185587386,0.2631161521837552,-0.8568408810668974,-1.9233268324630264,0.006110912838598497,-3.2984132954343512,-3.512981163853456,-3.531483381899389,-2.985785759870851
"MICROCEPHALIC OSTEODYSPLASTIC PRIMORDIAL DWARFISM, TYPE II; MOPD2",-18.405790551454675,-0.710690421111283,-0.06786516444911624,-15.396067749473962,-25.099100975786975,-1.446588411436191,-23.062474804247927,0.10959866346397756,-24.630817031435132,3.6141192430241094,-12.472159268419595,24.17728327144509,-0.26840359508741335,-3.000312774939389,2.5718393054356294,2.8005938833789417,2.288602794186378,16.2149803116035,-3.3524297567852015,0.27046963992158496,25.14094525286469,14.62201413211657,0.843529183759068,0.5343364619914497,0.212859574034936,0.21824272913739448,0.012923926569716977,0.4237154132235573,0.901023338255726,-3.310881715042186,13.403068789460889,29.58022242228325,28.317673582361948,-2.3649773993240513,3.1373137726827363,3.5569897391362097,3.8855012191475713,-2.4588017922803775,2.0703852196922314,1.6278029921654862,1.0620848197777615,1.6688350052207905,1.4904103433231182,1.2863811765179336,1.6065467721803146,1.312381584021306,0.9337242633490594,-1.5208382065547783,2.5944502845996755,2.8122907275719746,2.977043676796249,-3.3504183737440463,3.8058525693018326,17.767151796242246,22.691120028443866,-2.966565675870101,2.127694969049306,2.1243537346420855,1.9428130146628066,-1.8696075074767549,0.45893362716305697,0.295912077212186,0.117707575941987,-0.01169927993452174,-0.09534604384485584,-0.05937042968537733,-0.013956298464783804,-15.597480709222635,-14.454501597362295,-2.619364844284986,27.64497789132766,0.30919722793145477,2.5499057055275753,26.6441957722478,23.006947558798764,25.206438259786264,1.2069859290164864,0.1858506145878704,2.180533437423306,2.5207412810547036,3.921367838373776,17.151233049816998,-1.5183738002746918,-1.2607560027735714,-1.6440828730716877,-0.9435858077818915,-24.813606566671563,-27.90296820654178,-10.071016120966851,-1.504191993121811,-0.9448530180784143,-0.6497647394777322,-2.190720399768875,-11.950177198109728,-31.201104533782807,-0.3779788500927035,15.82221036751237,-16.656472459762433,-3.6635914690905604,-16.472516424638087,-15.903465065271178,-14.938838412183095,-3.0204910127110787,3.572389302418636,3.5167057194932814,0.0011738821538283865,2.9925692297058446,3.0667566998671374,3.115828775311763,21.975604014267983,3.725923861405885,26.62488124187365,30.377192648259925,-1.9746600332178728,30.026451858462984,3.1375981005362465,23.240742648171285,30.00664013876936,30.346430673598107,25.15594919721749,-2.1635158715860947,-1.9394227933300694,0.10310074339418293,-0.7502308587066042,-0.7339635121680631
"MICROCEPHALY WITH OR WITHOUT CHORIORETINOPATHY, LYMPHEDEMA, OR MENTAL RETARDATION; MCLMR",-0.08167653489219877,-1.7287061598674869,-1.1603912300125732,-0.8165324429666184,-1.5697861610282398,-0.24210286378149362,-2.0623295411663536,2.903221741221978,-1.268712926211612,-0.7224542593625198,0.7047711175910836,14.496558197211876,-2.8205762625814854,-4.034924346582917,0.013018498940814603,-0.15173009302593182,-0.28957720516001384,-0.2546802811597777,-2.309871490479996,-0.6565606500693332,-0.41463307413804285,0.3720249699090163,0.2100230736618298,0.36278060160766507,0.4873973859950804,-0.7760027698876953,-1.28002453332882,-1.3528304702474137,-1.3848056747823372,-2.190032106466684,0.3900047022397604,1.4497151953353133,1.534570370054984,-1.4558028723458492,0.27030874289279133,0.1384813106260338,0.00782701265256452,-1.7987998609014726,-0.2085035828319463,-0.2997456525741396,-0.3626079028990643,0.5144895526587413,0.2630594531478613,0.07478872118040841,0.39319708084826793,0.1721942357645743,0.018580915351763868,-1.3313103304848342,0.42260125993632675,0.22134524788485105,0.06068325062169932,-2.7518632301750467,-0.006391290292769956,0.11343264997890892,0.20090320149648427,-0.4594708197921483,0.8516193505020959,0.9918722828411173,1.0296251718294902,-2.0270738453179717,0.4849484066332277,0.37457640467560166,0.24686088652026836,0.07379246051451775,-0.18198133759061227,-0.11959197864940636,-0.05612415019072763,-2.4508914653293186,-3.0612370193936367,1.9704261199832867,-0.21869590430546917,-2.7677506126087397,0.5519399222197396,-1.42819072127575,-2.9823611191634387,-2.8023090406040754,4.649172409553216,-2.6219718233009024,1.6456081729606657,0.5593585418452113,-0.9701711142904305,0.5684675277512934,2.7793593922386206,0.12693675798654952,-14.628153825994364,-13.897458540848126,-0.05313021340483516,1.762112573590734,-2.976509676554777,1.5783048236144823,-0.08741988042371816,-0.01757680244247067,-2.6208736591130664,-0.3872978493819801,-0.3759855086814804,0.23298078860635468,0.5964167668157471,-2.9801166222269724,-1.6540458832710103,-2.4911964229974415,-2.7455213950662136,-2.264111226852095,-1.8899535390366884,0.9584890082879262,3.8231106382163684,-1.0601280335683785,4.124012333474812,4.005887144130095,3.8258421385759065,-1.7803771868956355,-0.9476804060990024,-0.4467364196482198,0.8791836048011317,1.7776379856605538,2.7749856804904462,-1.6142022790165893,-1.33816659301638,-0.9345838776280098,0.643396918298648,-0.31450624387331266,15.509354256562377,-14.601548546820911,-0.206766062297036,-0.5474640632309458,-0.2596636414994278
MOEBIUS SYNDROME; MBS,4.212909485960442,4.699289856577149,-24.7939805705721,-2.1742212981027427,-1.9033950673095434,0.5013351702065092,-2.376782255938428,17.32750447396384,-4.536101942683572,-15.759497527572918,0.9688562194213813,2.6922761310895593,1.281217080813686,-15.999823172625513,-3.6058045521282853,-4.172761000564387,-3.6549358780939434,-16.887377001822454,-25.232174244993217,-1.5105416617646634,-0.009986714540086532,1.3905390442839198,0.6626655934645325,0.5248466551444839,0.34399751452337285,-1.8988284990188695,-18.441315470901227,-17.517681276967227,-16.161023840386513,-22.250274316045683,-1.7063343389667802,-0.274903126636335,1.0597780943916357,-2.2599942997264355,1.2587187259634818,1.3207024974272803,1.3575279416396269,-3.378402104717728,4.639518234741495,4.350510321667843,3.8206300606754064,3.172160320700105,2.9011956162578545,2.5361328470365243,3.574865762048062,3.232186980416401,2.767902988003871,-0.7484927846088035,2.0447140948862184,1.9489239968067233,1.8415560097185641,-22.164186852725365,-2.8930810947600016,-2.6928929042165013,-1.435234823125299,-0.8763951197671541,1.6199142394722588,1.2849562053100723,0.8848697104429404,-2.4804065188251947,4.166232210869722,3.236525989685028,0.6046068830768228,0.012996110057582819,-0.41237802582238586,-0.21913570877179225,-0.03119934741926486,0.7723060989612534,-24.6932064781024,4.0516396063239135,3.950333372536103,-0.15576468967745843,31.447249617942564,-1.8256297695779276,1.6514398554325171,0.9081288459538364,1.079329298062932,29.039658402787595,4.01386123335725,31.477798411772557,-0.7827421026243881,-19.395737010956125,-3.4594893384099024,12.520572193775308,-25.185874549665265,-17.252834717232012,-1.3146770806346415,-1.4034211120971871,-3.219764020228494,-2.729184884716491,3.514656235971711,2.6724333088733996,-23.047125195321428,-0.8044478512416686,1.9776737462961727,1.713324577404313,-15.176677150158044,2.839452796444972,-1.7613907330985712,12.487373805942307,3.0376714335312323,14.606769511027757,-0.2046638890506834,-3.6587713932747645,26.668756190301345,0.15552612963142537,2.772166679606949,3.2239540461695735,3.6319465521536656,-24.481989356456353,-1.3428364624075526,-0.6354639776841929,0.1514315325308487,1.05677505720991,-1.101318397150635,-25.13808679783559,-15.801527709346022,-14.98225451863678,-13.876672644671581,-2.7007049803188488,3.1304005549416107,-16.40981678169583,-0.4681416952084638,0.5140277540658551,1.8314870300451338
MOWAT-WILSON SYNDROME; MOWS,-1.9696821750622244,-1.291280351284702,-0.5995134699306497,-2.8472757681522114,-12.75805382919415,-0.02096352850616681,-1.7168937555263886,24.01470130568517,-0.06188240549856238,-0.35267873562840424,2.315672539854647,0.7947520307223798,1.5418896408493528,-1.9382718122330511,-0.5590298299872963,-0.5214752073901384,-0.3270003520109359,3.3163962306114523,-1.118978694455889,-3.7106523951959383,-19.45244891982983,0.49208272705004213,2.249121825583079,2.320263856663928,2.2018783520743406,-2.330017616647485,-14.501039710161152,-14.038537628327925,-13.252511888278637,-0.8184731507104782,0.8181201278319901,13.179535080147742,18.77952892159703,-1.4927315497368077,22.110354658911277,23.621165998272446,24.808011146619414,-10.028306942860377,3.4331515135537054,3.2448992879658576,2.8769859181846713,13.023136834238752,13.04497896316664,12.696938492223312,12.682757583196569,12.61690760941624,3.734624377221053,-1.957189040441578,20.15950030913128,21.017735410296506,21.631435107912093,-1.0341824730315676,13.581213050307502,24.401858415758124,23.027259519486552,0.43318022589717536,0.23643907075745935,0.366422614899065,0.4626249592274559,-9.129779598217524,-2.243723742935788,-2.7796020669924486,-9.745774921622113,0.20186532058300743,2.202743722431857,2.774278948518696,10.38175220508522,-3.5309507604180683,-1.8924280984601256,-0.8451732763022369,1.4609707516837929,11.76969349221944,13.710466446274486,2.0014566485809637,3.029715508416932,3.0201320845496813,3.1532936413412593,-1.7007825755390074,2.8875566476994354,13.682336295570549,21.171373697977184,28.823403218162724,-0.3002222172168894,-1.9869047144287622,-17.510695674436715,-11.774269450765518,0.8507064560832488,-1.256018326621555,-1.3163197472398243,-2.2041287372312737,-1.2109758071514922,-1.3214304689310599,-1.0095637155948916,-3.010362530884885,-24.364540322960547,0.544693199217749,23.09747409604292,-2.0674786512112036,-0.11460813822298212,-1.4867510761066216,-2.07963267036551,-1.3891710649651388,-2.509114978636427,12.33059178104115,2.6254211376182575,-2.508662747574122,3.3920890394366827,3.4946821203795513,3.572961205194329,3.443812500793738,-2.245650641753864,15.27432908462924,-2.044242324440312,2.190622462675553,18.24914986045465,2.2473297795112335,4.260784042523282,0.926661841362985,20.099049689573885,29.858655235783715,3.511407235775786,-20.95137563711658,-2.0619309585111316,-2.0134182128470286,-1.7282248170400687
MUCOLIPIDOSIS II ALPHA/BETA,24.29077558142741,-0.6153469618237775,-16.137697526637393,-2.277789678488075,-3.1725466829606197,-0.3485226440247159,-1.0331507492700236,38.83919403883483,1.6679983412926023,-39.15128886632499,40.59122720331419,0.2590615170716285,-0.5374200195840622,-14.546792028525356,23.428923813098606,26.28120784997571,22.27450783288018,-1.1656654221591158,-21.555941812732847,-1.9225187599665392,-1.3980604041395785,0.8217545346618421,0.23730430750265008,0.1592075527005218,0.06155830526595892,-0.021375391301693178,13.598332830377045,18.655175969249655,19.974892523095722,-14.294170458962762,0.8120874105163368,3.5728687834837123,12.956499503193312,-1.1672050043975362,-1.6575654878085349,-1.5187019458129722,-1.3429106254859622,-1.4997505302725174,-0.28047311244420675,-0.7381083956829232,-1.1960180047088198,-0.3359452086011641,-0.41699022505497996,-0.5044106242111971,-0.31374442016416143,-0.4491127248452285,-0.5617673328668567,-0.1774024656562885,-1.0999049118204152,-0.9956164781441197,-0.8927792592649912,-14.02496724751527,-2.969382466828115,-2.8143239997395164,-1.5039307904523116,-1.2721563679947425,-13.624338402990235,-12.42534586736658,-3.1466144912293124,-0.4896494519668817,-0.3267433608473639,-0.6280021318872389,-0.8589780084711597,2.7380292030820184,0.9002110493159271,1.164071710987151,1.3653055799057014,3.0295457494083426,-21.02106119507162,30.330618715626343,-3.2465099585930552,-0.999142917170878,-2.1704340277260514,-3.971643573851723,-3.479971317874222,-3.7933936583530024,17.813634537714865,-15.849174193545432,11.797496730850519,-2.1834197985444117,0.371328392572372,1.1193806941591102,1.8459114103621932,-2.6482051938163207,-1.6461735369725357,-0.4502053309542029,2.6490009940958683,12.550001221869394,-2.5152623688399443,0.1727550367305088,1.5510505174513542,0.8013723416669288,-20.969299238764457,-0.8093913274394272,0.9766891629772826,1.2541629901199258,-2.3329902028192513,14.988796243741836,0.8055445982046158,22.60634452459599,15.235621904725594,20.614224555975934,0.3051502993578492,-1.4088266728245062,24.291115211554335,-3.3819316367108505,22.641011653480508,23.650263470761722,24.22584058472694,-22.259379916883127,-42.66955197255068,-2.5144753275531264,-27.363841158477282,36.10528807855049,-26.024761108286924,-2.4030736811843685,-3.113291477845287,-37.23540531289407,-0.10191776078683522,-1.7660758596718007,42.25731122225122,-19.39098290921042,1.6670328642266925,2.2505977240338115,1.503967020253085
"MULTIPLE CONGENITAL ANOMALIES-NEURODEVELOPMENTAL SYNDROME, X-LINKED; MCAND",1.743687945362344,19.12780650360929,0.10075028860291001,-0.3259883086660734,-2.017688993895791,-1.4274428440354467,-4.41375632058812,0.8086167219510344,-3.0857885763666744,-1.7176438846242295,-0.38159349907030565,4.252571460209512,0.7116357966377997,-0.1665495759617115,1.5289287068660946,3.1616328411985917,3.5815499784697065,4.312190218349197,-0.8641440894035131,1.8931987160271284,3.8383042065312187,0.6542718004487954,0.9163975646718068,1.241665203444207,1.4420944011945058,-1.7331823740581298,2.8646075103220143,2.7644250840587765,2.6305332010836917,-2.349534844970298,13.258291488051416,17.0084710032948,3.787515340301553,-0.5904944496731018,-0.78697510341073,-0.7746189725870977,-0.7329342534153266,-1.9271123356715176,0.7601331421672696,0.8295461719863454,0.854680844561752,-0.3735395606093909,-0.3031090895963692,-0.23372742033805088,-0.20180212344920231,-0.1535558532425393,-0.10084821401455182,1.055467261025987,-0.6774905662662936,-0.6121012271338312,-0.544056486515076,-2.346601151962935,-1.3654002221083075,-2.090469407312431,-2.011337414108511,0.22940436400470302,3.063208186417384,2.938986406363518,2.559560681474002,0.5198283811275446,0.17240958031251907,0.15632303685957122,0.12339904743009873,0.6033417667769488,0.24733127546970077,0.2528289930842354,0.2272337383529941,-4.164058825835734,-0.6828451702918059,-0.6192836868135649,3.168009528992308,-0.32788975408600846,0.6618169060154354,2.9232347082769454,1.4510021005667266,1.8700002550639323,3.4002015494442444,15.97974447744179,-0.601916532278341,0.666735605667017,22.435457539607945,0.08615967864926741,-2.111311913938488,2.56102654514046,0.17085604759603806,-0.029183779361870263,-2.849101128071803,-2.640635493154846,-1.0032296968692629,-0.6760509620013906,1.7002238129588534,1.5812201245555657,-0.17928842165739264,-0.006144832713488489,-4.100948102866124,-1.481940116273112,0.5326898851812863,0.0630463654446775,-0.8358523339555587,0.34850120323152106,0.2559504649502076,0.1134431638947948,0.01630898044064094,0.6238130387411641,1.7162175055653504,-11.83335722463278,22.044685288221725,22.367977432723983,22.59072030824123,3.8896072522759213,0.19815627465137967,4.551832802715871,2.8393176297973737,1.0073277130470588,4.8013405670328835,3.9075951254854804,15.943463220191054,3.958490712274453,2.9319983287413676,1.1530964349354695,0.7579832511911739,-0.33288120518186937,1.8234082317146934,1.465376803821845,1.6574067744634384
MYHRE SYNDROME; MYHRS,0.11363349305000235,17.51933191253336,-26.475339007585692,-0.6547578042464648,-1.1767112598308536,-0.26357032856907303,14.606753159543045,41.207747195408814,-19.300538829082807,-0.4262956111261602,-0.2320651361432135,3.8134911406181597,-2.308293652440346,-15.239654718596036,-2.526708464312521,-2.5703028006904938,-1.9138445340579489,-25.378152486070803,-27.835306073177673,-0.5413488984042121,-0.2806743031322107,0.32196510246942356,-0.7697950702339961,-0.5473172519827518,-0.27343169017715263,-0.09608618093671403,-1.9098835897361406,-1.9113343540304035,-1.8501485830562634,-22.798069536750194,-3.0699272795015764,-3.499965739155881,-1.7648268962225055,-3.1222219763169017,-14.241587453643357,-13.834329996386868,-12.931674640936045,-0.43201370951999807,-0.260496766448399,-0.2528704756407593,-0.23698765217475293,-1.237092033263126,-1.065596890568122,-0.8461032823638976,-1.1434982682945793,-1.0521932367449853,-0.9316593100810989,-0.3031870988461209,-3.2628418839414546,-3.0055573303139256,-2.713643393122342,-26.277872980414617,-27.30439119478058,-31.51133547225282,-25.196156447188063,-1.8549329167515178,-0.5275230644132012,-0.9788851586893879,-1.3975120377443548,2.666281511149519,0.3560270718446573,-0.34946341177266077,-1.1894544596392993,-0.13435914678986163,-0.9113324782049727,-0.8418862225907434,-0.7432949341733373,2.5849669602282686,-31.760940863499858,29.199228428804584,2.28853987002541,-17.175417127888597,33.294919506112244,-23.333722515849985,-14.061403004217413,-15.846360925245262,2.8103609251127493,3.596692148191231,2.322212375169472,33.271011336709364,-1.393508023056358,-27.838427057305832,-2.3844183843474642,0.7191947925008957,-2.1076681064416856,-1.4063741040945028,-0.7313042206051241,2.83929370751533,-22.785219249306458,20.355728433921122,0.9793110153114549,0.14074870649658422,-28.067395371595417,0.5799526159905166,17.468776874715534,1.4618497217745479,-2.669948308162461,-1.5010773263752748,-25.25147299198544,-0.8987107687211363,-1.3158275602518796,0.7056681270825773,-3.397341979196464,-3.868728348045827,27.595062107798807,-4.174746481750912,-0.7557375888389765,-0.8012009645915227,-0.8543278444448765,-3.804448291761462,-0.1534046268592476,-17.150317747651094,-0.7969613910723625,-0.969787162431885,2.1458961561496097,-1.1448362864738086,-3.7109324346061636,-3.315684300180085,-2.411412284920251,-29.21954703432281,1.4916802226623405,-14.277492280113893,0.35918957745716334,0.9460911710676416,0.4973454932745497
Meier-Gorlin syndrome,-0.7071237602899372,-4.0131210241952475,-3.573978337849739,-0.22410447714080664,-1.3277459212255298,-0.8874194784195084,-34.22923736137079,3.3509047689685376,-39.95803161032429,-0.5578948903408364,-1.6838002127912897,34.037981162036594,0.7422012518297723,-0.3893885595132176,-3.331142535686037,-3.4974354597510473,-2.5992906895389933,-1.5426476551320119,-3.010522638891559,1.7275973139170522,16.31162769366706,1.3661270905565284,2.8353539917419566,3.3028970972660816,3.421062444667259,0.9145850763288279,-3.7730699429906487,-3.837577678154138,-3.7999003142912984,-3.310437058811924,1.8585237357438444,2.5588962325427267,1.4279334339457355,-2.8970097265599946,4.283822904548593,3.971088943679256,3.535791803932542,-1.976516799634377,3.6917646816769394,3.6740083959402536,3.422198996714406,4.008096140309879,3.749886222913866,3.3402512560611797,3.9754246874992125,3.7086179332751157,3.253754037310825,-2.47352096435858,4.306230431747171,3.955558625331215,3.5888685673915814,-1.7657980404542817,2.8039287059497777,2.8527225162641985,1.7252158397416575,1.4685976529853217,1.6953965886189248,1.654345718257165,1.3886313882272292,-10.253418006871806,2.8552260813865535,0.5071700544332082,0.1319367434773004,0.11974259830263922,-0.26574533668869527,-0.03110691743488403,0.2341102711014315,-0.6847815935825899,-2.1553653042933183,0.3343488264010431,34.325568143980924,-3.6067247616435116,34.470629614545324,0.35356231941249355,2.3611159376597586,2.0959668767475472,22.396929733405788,-15.635558906214541,13.574206173086528,34.56095334951478,-0.08955355830481121,3.897101070466011,2.951813082754049,-1.4029455144447607,-29.592782325385485,-26.041934949980554,-26.7087575667048,-4.85251369778865,-1.7972899433268872,3.1429561574269957,3.5425259636669324,12.920416943027679,0.2156221076058023,-0.5402147299796947,-4.308773581690572,-0.8404311201627108,-0.322798322987696,-3.7008316877510152,-16.908029509842258,-2.884427533423215,-3.2326479469302964,-1.4951488945648914,-1.722565372827229,-0.9995607429289033,2.4090550913160853,-1.7841253407902453,2.38237429570498,2.5243697728679306,2.6087632608649662,-0.8145041411928632,1.5511479223889342,1.2054106336690182,22.87201194553923,-0.5796511191987828,2.560421108861964,-1.1548810930133493,-0.016706753333918942,2.3389608252815624,0.1534523913825395,2.1742722976008473,4.607298364376302,-23.73178477042292,2.630720057546025,1.910239935284525,3.2582511586519654
Menke-Hennekam syndrome,1.8466242029889173,27.311657748996293,-13.156924720952714,0.0724672662121683,-3.6341741580300964,-3.5503178031907177,-0.5912836750581973,29.961719055909665,-14.130501410235915,-25.526852931234966,20.289554209335545,11.869800782197851,-0.7845389139458238,-12.823945870669858,0.8898374884002709,2.360537851995256,9.703180639516013,1.3095912813503088,-19.488261305273845,0.8613117531717497,-0.05538715987666484,-0.9069899222494133,-2.7219594973782115,-2.9465091510213397,-2.822304836513565,1.7019604630470813,0.328287051257407,0.6178336777646337,0.9094800395542348,-3.4513488162243795,2.458681986488015,2.796566933344244,1.2378899905703074,0.8234336208221423,-0.47438969992343594,-0.8135784597908859,-1.1627132958106892,-1.6663886361031648,1.236616577864582,0.8403051515643005,0.428211606846228,1.012186797099001,0.887335395987358,0.7648085266634779,0.8863860065014183,0.772316729682894,0.6123779927351656,0.79875823628254,0.186169068635218,1.399011816054476e-05,-0.1788128833474452,-12.702771630637397,-2.9716222976881834,-17.788073703208124,-17.051553200526147,-0.5323577318554383,2.9587293559889636,2.965949422751524,2.6640193413220206,-1.4141832041861317,0.33241057342972685,0.17322624881940016,0.02136835064896644,1.0490419599767062,0.29854612363872846,0.28425014254212544,0.2573874158785695,2.1396905490275375,-21.060745593454754,12.338653631954822,4.200948156852509,-0.5922081042967153,21.396787522891366,-1.4059333504661164,2.4760628851887145,1.6356560298956946,14.819232890719224,2.1549887366110902,3.231845317276469,21.391122295553537,27.33806746732819,0.8148927834699295,-0.6207835331064344,1.2241458493852175,-19.91352335966523,-13.089683190049081,-2.671645890033862,-2.571238346938002,-21.51970578781209,12.521232217197884,1.2324126725804938,0.5610017421890031,-15.86316222139158,0.8288640666730848,-1.8528415040714896,-1.5970922598472734,-0.9803077036591393,0.051314529872697516,-11.210485639217865,0.9592609167787216,0.19866990305969634,2.79278885101799,-2.3075858788076857,-12.147088635582461,19.915969331258086,-3.1670989177911,11.547393043514552,11.342857695004838,11.07828120820449,-25.38099420221987,-21.899134479960352,-0.4634519180554831,-2.0548502932192427,17.46651346833535,-10.086834642494141,-25.04426695768028,-19.544821432000763,-25.100716710931813,-2.1428961003367846,-0.19698745099841988,34.40283341811712,-31.487651295895137,0.7647319456055449,1.353628486028017,0.9514076586828492
"Microcephaly, growth restriction and increased sister chromatid exchange",-4.183848945583373,-0.8618232644666013,-1.2982442665631821,-0.9633836810636074,-2.183377372461765,-0.8643173582277114,-14.477383151061288,-0.2265151830264611,-25.66078624857923,3.0073771479191755,-12.811229905284282,22.235249921976425,-1.8709916991821798,-0.19571169641631647,0.546264489774474,0.39884743026334546,0.1592078271645008,12.545973328254915,-1.4574036784000592,1.793468859614563,16.722722587716948,1.8258919362880481,-1.7654828187370075,-1.3438246257376032,-0.7575616721940454,-1.6423480695070385,-2.6613708077343086,-2.7011484251108087,-2.6552319034445953,-2.6282628985506973,3.703828668531992,17.05595871703646,13.199826700626458,-1.1102053933039515,20.990350679223045,20.94084293091406,20.314954546489304,-1.4127894690355045,2.8757024681037544,2.9788860305621196,2.8784712827983157,3.775610050726689,12.48715310162541,12.319606452321825,3.593594722584136,3.728119095311911,3.6214052962332133,-1.4179464350286366,15.433324385226662,19.25129412226395,18.969290571170674,-0.0783916855921719,15.287615627857157,21.43034536190487,13.493328792570185,-2.519399233063044,20.988248981638062,21.39173512541183,20.516200725216375,-1.6889670207324348,-0.5290602046800091,-0.7822736471849852,-0.9676052327879517,0.026407326174766828,0.7967353838356389,1.039669751802734,1.2345842539271663,-22.86058482296662,-1.1216118227813006,-4.370078310255254,27.22712986733286,-0.26527723102157624,17.843660339409713,21.091338395458532,17.38983182692877,18.12890637989986,-1.4981370691706173,-0.3832556379325829,1.0832561849054958,17.85395304258043,4.02457013887923,21.896769317097483,0.3584907296403071,0.021689321573429506,-2.1809377783269523,-1.9468927444109618,-24.909079497413472,-25.881360755360888,-0.09858334025309234,3.6719778150618714,-0.3017348694193318,-0.16374111645653686,1.8144390867574842,-1.3694704725604907,-27.220747966479415,-1.5034475516639139,3.366683735695033,-15.923672479979324,-10.766139303462658,-15.183614743146151,-15.229250332728087,-13.45422291581793,-2.977501475913926,2.5145535106604804,0.5095331743867908,-1.6332986215191105,3.6208465313050797,3.5135183395667466,3.368492740243216,1.6954930326109723,3.9100819195369243,14.434876703079674,24.867929971993295,-1.9049535317552653,28.884491622234876,-0.6327853910217011,1.7892561722895064,20.693682854218363,15.02901878108516,24.25940695522524,-2.1400442925056393,-19.36490052849627,-0.3443261061215208,-0.8931579127677255,-0.4827290147160277
"Microcephaly, primary",-1.3238760052607554,-3.648188900298936,-0.47744987323966454,-3.721312238200838,-1.6104179781426944,2.292224218323735,-3.9808206909331263,2.4187965259359534,-0.5137006779357245,0.9383218458911762,-0.756862372624877,3.9153785053729386,11.989683479959726,-2.8345885419253993,2.650212235686502,1.052445552121591,-0.40176012363553865,0.20273324109248084,-0.9412815019977342,-3.487662076749324,-0.17449983709896774,3.094039565662615,-2.7686893529332592,-1.9946300865776228,-1.0928411078808749,-1.56638812504663,-1.8747528179033226,-1.8973619976193241,-1.9655682656331614,1.6816567468906554,-1.0093525298473447,1.5645417842184497,3.287994150898949,-0.20113854017025884,0.5528769706066764,1.0764678184035104,1.605278982227133,-2.852024762153102,0.008910554380285103,-0.4485600406249843,-0.9688817180408387,0.6841167960031336,0.3426005328544561,0.046577644147883214,0.6828735120049527,0.23838964617457725,-0.1294333009871502,-1.0382852597666,0.6006937949200247,0.7650542184370643,0.9251145421594134,-0.1449718342219231,-0.4531751239547426,1.4541321381171095,3.2690280419560467,0.6048637999215849,2.8315049144082867,1.9511970767364093,0.9926287567383245,-2.1849685597738837,1.0134526174443204,0.6526756408294867,0.28703757488446685,0.20440473359114256,-0.5493394876855761,-0.3478640147231918,-0.12960319191436992,-3.363534181745214,-1.5915009057342482,0.1410038013422837,-0.46067541558753716,-3.4152324593086028,1.6997852240339968,0.06668425976852595,-2.9006482808131127,-2.4069170900472003,3.1442762379953435,-1.581059619528687,3.8060762910209522,1.7345765021386572,-4.372705899944298,-0.9846100240627426,-0.25761033273687406,-1.9006599966636202,-25.90227077220895,-22.429134284942066,-0.9494368639518436,0.6949830511814085,-0.8386222485960675,-0.7876534126876991,-0.6500988893139498,-0.609729118318646,-0.9423419347250769,-3.5432936470824905,-2.331928031025951,2.6905740365494615,0.7688004585663298,-2.506126263725403,-0.5226444622408669,-1.8898662994628386,-2.318760136719968,-3.0197066378188966,-0.8855500888813687,3.284612128653302,1.3473566122070721,-1.623587886402284,3.336490652848245,3.3231047711376047,3.254873863745575,0.6039509370733647,0.9693224852713598,0.015798374652604995,1.6473451911312096,0.0999405425128858,15.660008811045275,1.0519975248191458,0.726960784602329,1.3534572323693685,3.4129369024259915,-0.7671851611010353,1.8937597043878738,-14.054068115415088,-1.3522866080268245,-1.7978758169285667,-1.172320310026086
"Microphthalmia, syndromic",-0.33668212413924625,2.3804450332028986,-0.20291375503410286,-0.7914487885966268,-2.544868095709691,-1.215948703603582,-15.618830289987834,1.6564166632300532,-22.539573605512846,-0.6176208076457936,-1.1030913688997876,31.115930649791345,1.0281642303364864,-1.2263260506800782,-0.4349476034832979,0.10547975802101205,0.6749268656958781,2.647643993759423,-1.2462081528772333,1.1415905296660736,4.466874924140059,1.5565207296424193,-2.6061114610851632,-3.146480290456566,-3.3378487710691456,-0.9337871607828477,0.8296785453425967,0.9492949162675494,1.0389166411767794,0.6807903519237136,1.5509401849933842,3.7249748454103324,3.6003939823814286,3.8541927011407426,-0.15231080001050312,-0.05779075867346181,0.03807026311219921,1.3964643260313077,-0.15486739603598618,-0.10492119608946865,-0.05887819306605994,-0.299229714263202,0.05352253940998582,0.417345297781709,-0.1689169776602574,0.1293474265715376,0.43732502218798197,3.4036730309841814,-0.2677557653619108,-0.01875546295565811,0.2257263718556893,0.033154381372829805,-0.07770021735472407,-0.03029725932696703,0.027238740051286698,-1.145524721738938,1.3922224975681554,1.6168025082593418,1.6631619889031053,0.9258171263571683,14.110129369065252,13.773805175857232,9.774037003426821,-1.7496019138610874,-17.335030874339,-12.074534412913795,-2.808309641646497,-0.4816308437649818,-1.3088887006950807,-1.7446531386859163,19.041821520732906,-0.747992974328484,18.757023407419847,1.7589004280959681,3.6712195527296285,3.4962706108157153,27.996610689025854,-0.5804740614019646,1.2226692516958204,18.553945454812304,4.893296003252972,3.1672937418606764,-2.198683318241744,-2.627563343106793,-2.7822328953784075,-2.480486530968704,-4.983301443305929,-4.694712422352428,-2.6451901477442403,2.325418338524258,4.335636435477299,4.34416042222793,-0.333362504797232,-0.8789754727619278,-4.324879051949971,-0.4578774413086434,-1.338353474794362,-0.37023404696319756,-4.2368040914038865,-0.011644358294184164,-0.05380042122971633,1.6631846839829256,1.5639527048882587,-3.6160715679151814,0.5707127516288647,-1.2633793470986836,2.412558085750774,2.562579922923775,2.7169104464542255,-1.9228733539932283,1.0599145661390679,2.414701587951187,4.271949868000313,-0.2542402451019271,0.3790343532232218,-3.4170697342317196,-0.8238089938507038,0.6973530970700507,-0.2755488121324973,2.408131308792717,3.800457954013087,-1.3755060814624547,3.869470680651,3.5594865518594294,4.196721940585812
Mucopolysaccharidoses,27.79373332385405,1.7318405210226713,-1.6475835778502101,-2.194784408056305,-8.783947202677233,-0.18966711451576188,-1.1401618654946644,49.03844305804188,2.277286699880672,-33.44114303508589,35.913189937936444,2.8588940429891725,-0.5247615442200256,-2.272613946443818,18.555460488117042,20.26538551508735,16.25900334483533,17.86296818941934,-2.4514592199295437,-1.8625004929917537,-0.8681988969784201,1.2074983843256524,-2.380815330268451,-1.5174295810115022,-0.5749770222976186,-7.822116473003401,20.088460904285363,20.45751866602383,20.392986386357922,-2.2119370484084255,10.314247420359957,25.27342376073945,22.22501416075188,-1.4731616469580713,-7.78792821134508,-8.188135256072366,-8.386692275176133,-6.300374355872927,-1.568165271033681,-7.555177325755268,-11.670297070022466,-7.807968050915962,-11.620986777662717,-12.949499518582504,-7.260728484312564,-11.165755519173961,-12.715609235548172,0.40568457504731437,-8.277998540046097,-11.158158093412768,-11.883601637973943,-2.3349888475743787,-1.1109113717578203,-0.5358748140970876,0.15068500035250804,-0.09309162764145827,-23.681318665113757,-26.901707742050473,-27.74105859049506,-0.16515657198967426,7.2224356031507915,5.284485786218692,2.0685362864987833,-0.5624811286176411,-2.778013339995061,-0.7222014945799219,-0.467023254430651,-1.5484905802171625,-14.1091810039216,21.303119547911205,-1.33112342867973,23.04969503013592,2.1787383159587153,-1.2534375342905042,1.2911374390791706,0.739782955762575,30.133303268657595,-16.967992857517615,12.449760988024023,2.1748676430204283,27.000170041371195,24.67123860649059,0.5606098834489655,-13.162964224796687,-14.909717617024976,-11.638477378431762,23.01015493853011,2.7452659678278613,-13.888047828199145,1.6787768288902187,14.180781267198627,12.23915853925875,-1.8283478188862148,-2.1767057963614596,-17.6920027331909,0.41858590274640434,15.06697457542485,2.641078142556482,-1.0177777758218864,11.167898712780461,9.00318374861143,9.426775834028158,0.39135755504555014,0.7993778167692892,21.56854890249011,-2.8148705829610114,27.856882365462504,28.739745391132914,29.39005212836069,-1.0071134814075897,-37.40061097512806,3.588204235113183,-30.619587153429755,33.755368563873574,-0.696804596415455,0.39851448199771206,2.264414890787103,-30.45281312599396,1.0958782177064303,3.429334074171581,38.19392679582835,-19.8245428965281,13.82234833263792,13.635246283417468,13.570076203047588
Multiple congenital anomalies-hypotonia-seizures syndrome,3.6800260489467127,1.5547057619838307,-4.080986746300348,-0.48569799130808133,-0.5587207029490616,-0.021073816302126083,-26.536703145934982,3.2228355611014545,-2.5346536224460263,-34.252845992550014,27.003818823182733,3.5747283571675643,-0.03305343784129354,-0.7242439453805762,15.583353370270348,18.19587025082554,15.544978372479232,2.8815136616647266,-1.8463574518521122,-0.8327558033069431,2.4012022522893077,2.3531570381964455,-2.0873786731429864,-2.2650780797146655,-2.1682821088235356,-1.113277620330797,5.441655734726749,18.56133670468551,19.356031823768685,-2.008421806611047,3.3048537515693646,27.939103747450527,24.97392096568008,1.0199021248400488,-1.5802559076794251,-1.2811979410511325,-0.9245115028248694,1.835133747628848,-1.7107519494094559,-1.4648823177774717,-1.1346094092469143,-1.8788945092050524,-1.7916008306087128,-1.6027285992414826,-1.5595608848927216,-1.5266978006099414,-1.4037173761576913,4.167779235312365,-1.9222791769371916,-1.6555345304311933,-1.3932158131583623,-0.681202896926043,0.12402310302587544,0.5522894739518228,0.7542230193117547,-2.712281445560009,-2.6656193734841334,-2.749723567379273,-2.5808687147270466,4.891379878132309,27.978256648873064,17.486007966133045,2.8979332498345127,2.0053063557723014,-24.197173649981078,-22.794311634940854,-6.1233470267620795,-3.1486738163753567,-2.528191625499984,1.263784710671925,3.052970802223402,-2.3903392839389555,1.0410401017113058,-0.03710646077330262,2.707798023381761,2.1767868229913603,3.062662469764119,1.1804887695656174,-0.6030546396602092,1.0343949474309493,2.604441407902795,1.2281768228458543,0.33901258685148766,1.6419264637079127,-0.5319307018066216,-0.7758902030519768,-17.11838522362179,-14.603312527719602,-1.3640081966984066,-0.6889328035422811,24.43339450232222,25.36422537422939,-1.8208707593671898,-1.4807373501403223,-3.078423931358934,0.46814409406812074,-3.2739206439424873,28.092072122836775,4.444770955863295,31.599168153779793,29.200937030267866,30.332202958035516,16.770191640163386,-3.6942263865688476,3.4020484823483432,-1.3877908600602724,32.844799780317196,33.61658153394511,34.028846646919945,-23.19404868666704,-28.174681749231883,0.46436127149126927,-3.6393987917399304,28.918519703592853,-0.38284395700927704,-15.932941583101313,-3.0368332372718756,-25.922282603900314,0.32942444739387483,1.8658005546428966,26.054157972046266,-1.6508232652359063,4.23389658501208,14.779128573729878,23.65192173903209
"Myopathy, centronuclear",1.0436555058671122,-4.175730015858982,-4.4158394135338535,-2.0176427190295287,-2.0885724356395694,0.08074407377297417,-1.2479185899215104,1.6946461916827404,1.3284955951464088,-1.3145748743221852,0.4894377415269587,4.0001224661587775,0.5033826209210602,-3.8608202366355058,3.49848545848367,3.3957075535737715,2.4403710438014588,3.764046734477322,-4.284141012541217,-0.782994502635306,2.124153156794482,2.2264280488329975,0.887946438206665,0.9022135575982203,0.7825070007397905,-3.4316604277787035,0.3260254529661867,0.49342154251756026,0.6560924266752661,-4.428739226827255,3.3651072963450033,5.756514862117571,5.333416603930086,-11.654143705402456,1.1401700656557652,1.2792827882020292,1.3582555308387554,-13.068560436910811,-0.6210485835356241,-1.138761547718924,-1.5717517622678832,0.5015283887524885,0.3232201939465557,0.14841232884651112,0.2856014430609965,0.07439759489332169,-0.11349032433577641,-2.216840858364346,0.9487831212303199,0.9465631418785626,0.9662457836304327,-4.734628346204894,1.4039233977192407,2.5098837954218567,2.889226359021841,-1.4916476752032306,-0.46572107641914506,-0.7053491185278167,-0.9177181564096505,-8.454670514205723,1.380740870130496,1.1895505073517956,0.8509877660839824,-0.11714905011983776,-0.9438395175950928,-0.8903497679019532,-0.7440021862438922,-18.060478098599432,-3.7545600569372657,-1.9278874778255608,0.24322756138846252,1.3341390450633794,-2.011788177368773,3.245077793659148,3.369301002090861,3.605892127430476,22.78306677623257,-21.475519149085294,2.5484682093089095,-2.010636857311504,1.807320686937899,5.683422686780395,2.4030792696889822,-15.020122819010604,-4.202249961232589,-3.7318888252900972,-1.3532176063809525,-2.854640100280803,-0.5016874180366901,0.9733768109195092,1.962766751113663,1.4746354183450305,-4.093185753191599,-1.2507129092026659,-1.0001983298228136,0.6832952804545119,-1.6740125747433325,0.3743998456435665,0.2631779611424549,0.8241813786403951,0.5404226432936159,0.8566363923888901,0.09160412718195471,-2.1979609632894,15.967332363701079,-3.529452388440144,5.582409913702975,5.6508035443499915,5.736319148288393,-4.402995076522576,-0.7812198727470658,1.119918866479039,2.867327868105822,2.956413378631665,17.880637519456045,-16.843397633969403,-3.375841096441264,-2.440075353564487,-0.2770193191156916,2.9240452708224356,2.5950993477961526,-1.6209614075136147,0.1762133145004121,-0.07487514710097835,0.7057541317717596
NABLUS MASK-LIKE FACIAL SYNDROME; NMLFS,1.7395244351532797,3.4290830205827376,-2.2325040394366096,-2.0550258830261434,-1.9795160757497932,0.33830806701086497,-2.7310007053602927,14.542775275591108,-0.529335149552706,-2.00856243091519,0.6677405608055894,2.605926354219925,-1.0878868265489032,-0.853319657138951,12.789012304186812,13.744967350811946,3.4566822092287834,2.858391189848472,-2.6087550474307437,-0.9168507579075662,0.8854963019092474,1.7043745096079062,-4.496453893584077,-4.616006530756968,-4.428497790313076,-0.5772895931939165,0.6960294600525551,0.9829790829019222,1.2150010089990309,-3.051754041164313,-0.2104484020761705,1.3065071686286722,2.060834318863647,-0.001848774780666936,-3.3339940928107668,-3.293320696081166,-3.2223326810765327,0.894544809573713,-2.5219913693606895,-2.8756991380274877,-3.0290045223334947,-1.819015737968594,-2.1463626389096513,-2.42429513321331,-1.932744559261825,-2.366530730399369,-2.672380195779929,0.793964463272543,-2.7227667510677263,-2.82756614540463,-2.8534927889418893,-2.094091983509225,-14.182344187433163,-4.135844931001758,-2.322157198158948,-1.0624837688092046,-0.15959994826100257,-0.5957790899892923,-1.0796621459938203,-1.4206030718503695,3.0606431752244694,2.8631370184117055,2.392228386946197,0.5935764424020047,-2.3934084852714417,-2.479843174731425,-2.4086532820946154,-0.863682860646661,-3.4046148976845982,1.2844246621379083,0.8999651997233652,1.4222716158435496,3.6782904686419196,1.715281798633482,0.39681604656669034,0.6819495512495043,-0.874439889376614,-0.4311674723282307,3.133727852834166,3.6627790925848855,2.1651433175594907,-0.7219000002275744,0.5212187448053139,0.09619993625938615,-2.865751881526629,-1.872284962067459,0.8002581435704142,-0.027120958918881936,-0.4410605244765928,0.7179158456572388,1.989690990428698,1.6507962312970983,-2.6277875346019677,-1.4424644771474608,-0.7112896753029712,1.1617954620255717,-1.138514021496791,0.3046568822552281,-0.10377004245290464,0.9069383119268078,0.45364159664331133,1.0477751757773557,-0.9358233222003356,-1.584296301777371,3.80416450923723,-2.619683308971668,2.5677499765468617,2.586455170351082,2.58220733960727,-2.634687562132112,-0.9356683642491281,0.6407272274974853,-0.23802332871504175,0.9294720027103939,0.6237526390566499,-3.088803859963527,-1.6677283527598525,-2.689479754912435,-1.233083300430106,-2.371987650567723,14.798636566934217,-2.8301199950785483,-1.5845578822839355,-1.6505338733977102,0.20331633356644435
NEURODEVELOPMENTAL DISORDER AND LANGUAGE DELAY WITH OR WITHOUT STRUCTURAL BRAIN ABNORMALITIES; NEDLBA,0.3370747477702275,0.18388217544385377,-0.5143762088727765,-1.5480532016412152,-3.1954914324732915,-0.9329407475774318,-1.904864967984086,3.0718009433833555,-16.31186940927801,-0.4857849694985912,-1.1422560390005285,15.925779192584196,-0.5319633961075751,-2.5997302173587196,-0.41635281751814057,-0.4242920834193172,-0.3337988397082207,3.0623961638803285,-2.2325880644666207,-0.052666778291696345,1.8614479226293037,1.2803582221347245,-0.8418185984615764,-0.974867184277037,-0.9830612730152106,-1.5219477440363034,-2.2039694712932967,-2.037901553353236,-1.8082632702849974,-1.604017730550722,1.5389828640458965,2.9970903635736157,2.491122226361292,-1.9742087395940313,3.675607089463208,3.582912068881341,3.3563644195217783,-3.128415740440121,2.7443525355593836,2.442983192781875,2.007215634643063,3.3824845217810364,3.2038428947595614,2.928624918827759,3.356578002608363,3.111446327272449,2.7510932303527174,-2.1618301499811587,3.687135508295606,3.538250126495171,3.370118814584413,-2.0910277744388415,2.167809827707229,2.708703054186328,2.198469014940806,-1.9132448866373177,2.3049475376074913,2.5843721352953475,2.6662486478424974,-1.144549256960073,0.42253869627087093,0.22570819232576228,0.04190852042151485,0.1507849942760101,-0.018941463795983347,0.061438769213113094,0.15488923021854362,-1.8878400881573367,-3.3048252828482028,-0.0746714732345494,18.013801420950518,0.6720740342616301,16.332183206592575,2.4176963148696293,4.317778593672738,4.180907760326369,3.5914832059923922,-0.20401317055126475,2.6822250965029992,16.32431257692972,3.25400186001621,3.5282599910565557,-0.09620094701202053,-0.32824730749537434,-3.5926444097447523,-2.77125327140852,-3.7286808077225584,-4.443119486124417,-2.976371552993429,1.0265896031032116,3.0978399084438863,3.014056356795478,-2.0329017903185638,-1.0775944619717082,-3.492219367337638,-0.08341468841130364,-0.29174452613431306,-0.30307197268877817,-13.817691812630203,0.035679400338968235,-0.09865161183370004,1.5003756769159857,-0.06999626071802895,-3.1109938409952953,2.238851029392408,-1.8633011862350592,2.591780365202152,2.690729071630748,2.6846311456600254,-2.3917675445692153,0.9613057879028162,2.017558395934743,3.448239974838062,-0.09045041629553016,3.2972483074926147,-3.915856100306356,-1.4584515396974258,-0.1262307992358925,-1.0394238111984893,3.8029620482515827,0.791434596670936,-1.9366412881563397,2.5626679809138886,2.788946947256865,3.0495146502485446
NEURODEVELOPMENTAL DISORDER WITH DYSMORPHIC FACIES AND DISTAL LIMB ANOMALIES; NEDDFL,-28.874601201600182,-0.6340480803404694,-3.7212121069332236,-2.639378039840113,-18.288944065773272,-1.4951754804547424,-19.37668557599844,-0.6463043529933834,-33.56615080037314,21.377613606488687,-25.101315368908743,29.054376782024782,0.2758756037703297,-13.18805445824337,0.8668600854266141,0.99819649265323,0.8195155074909535,23.80563147656602,-13.348597128260254,2.6582181957751554,31.460388937067314,9.82171426500183,-3.053357764458933,-3.376814593272797,-3.3458771577099955,-1.8986733976672079,-0.4726317602358956,-0.41272322841670267,-0.3457955057290782,-13.613743126117486,24.056298193150003,32.53744251892735,24.218128799462722,-2.6406667782261986,1.9665206119651106,1.7730914910134148,1.5237556555988139,-2.7623376734635365,0.21693787905585987,0.31869743417142904,0.381282764540169,1.2688384882385895,1.1423331271100245,0.9956652171724596,0.9363129895490782,0.8100661063152631,0.6836934901171047,-2.124085825664325,1.858131524013384,1.7126278926110678,1.5127009974974075,-12.776584361302987,2.7250456907919602,3.091275262114067,2.256546305839555,-12.401494380484845,3.3479016661540073,3.825123251448143,4.026623310301794,-8.939358782682092,8.934285345147904,8.11779392267415,5.263656245249652,0.06636239817160774,-4.501049856157113,-4.292284074328856,-3.703767592299761,-30.78386169197877,-14.099264585436483,-23.44509856851875,37.03465776332969,0.18057882546518061,25.03974986443895,22.680200847759004,29.381631398523368,29.408455964340313,2.6205207841299702,-3.587558036730116,12.13625866876305,25.00686038541912,14.91072932827838,24.271132932664578,2.8675884943660206,-0.32939753952759,-16.377768825745687,-4.12610716923041,-30.38539587325888,-33.384666195054116,-2.5498941544471623,2.1909249215497657,-2.566942089238481,-2.237428588476089,-2.452596614585335,-1.788211420689934,-31.589248374483493,-1.4086052208450504,14.565901327014604,-30.40729598565169,-19.37047243624789,-29.800214783149233,-29.280194982191382,-26.818126287977055,-19.881236866371633,2.9523231502703693,2.833260257558458,-2.591311082260519,15.844245129500994,15.568287260236149,15.295265065877253,2.059301634895033,24.556123333423773,20.707832099457292,35.390916779349524,-3.88949804634805,42.374624522840286,-0.8685716253690386,1.9272536501234065,29.466129768326738,28.792912229037697,15.285311796622514,-1.8433540902024088,-20.812797874159898,-2.8045854844216187,-3.50880246539904,-2.945595801768057
NEURODEVELOPMENTAL DISORDER WITH DYSMORPHIC FACIES AND DISTAL SKELETAL ANOMALIES; NEDDFSA,-1.2362322270715533,-0.4422444363061557,-3.8573644306792305,0.12079994894181666,-2.6971385197307516,-2.7594975158344535,-0.2698633938509174,25.2392404384215,-14.93315512658286,-0.3751008232332952,0.6044168452350513,18.23932116528706,1.0159337243507487,-15.932846566872486,13.83781560052714,17.09479051384126,16.189377244485602,0.7979270102820216,-15.906509705758113,2.089491029011244,3.2327259068556593,0.08962188680079135,-1.043904401534951,-0.615726283415855,-0.19337042920043243,-0.23268159069075436,0.6388912157962521,0.1580561914393477,-0.2541915507014038,-13.75323445378705,23.182093073046143,26.683716333255752,3.8737328471366324,-1.8962423940273796,1.7437285420216813,1.8596991975536987,1.9635260785407112,-1.7455704671419932,0.4990286588317504,0.9458820311473035,1.318858014364343,1.3298657942622674,1.8401818735999789,2.2361661605405567,1.1927529283368916,1.698856243097625,2.098690296375249,-0.36024748587513133,1.6114580831991603,1.8853052416832268,2.1188894927461983,-13.63151353867201,0.8163583396472133,0.3439893111496325,-0.1529780149591148,-11.442457518281005,0.2428996353568401,0.49086384111805004,0.7187756092400064,-11.821994124878008,0.2526372632098454,0.07318523400964615,-0.09393174016835563,-0.2589246511950559,0.2457483470936382,0.4045023761728485,0.5819142718679706,-25.621443256175606,-14.29415997994791,0.32996312567972147,2.0744110034916323,-2.982992896276762,2.416379570880617,0.06950472026291414,-1.947430931925712,-1.4364702656581712,2.2885940088505357,-2.097956522518606,1.6404890061100401,2.3787524966972464,0.9717870880384051,1.690952413805347,1.9667505878613847,-0.016040922910368103,-20.419528716239565,-19.51832510442393,-0.9777936483373009,0.7616605133175717,-16.70774802142153,4.246160506931189,-1.406035505721993,-1.7191677682704576,-14.799440756404024,0.2934823134760783,-2.6057536328497273,-1.4469550033698453,2.511367004076669,-3.812426313422243,-16.506601435796092,-3.1807973297925667,-3.5245588488933755,-2.984129731930628,-2.925556635810367,1.9362712200385732,20.755920443351595,-1.2050512664177122,28.545248658875238,28.509345628136025,27.94736468802604,0.055183755852480955,-0.9102729554477419,0.1057829823825198,2.945237616151089,2.925040156637366,33.4354742387024,0.3963129775979835,0.1960707507897726,0.6775836749732246,14.09978162766243,0.6675216797258886,3.058380327309412,-23.2679107141036,-0.7735433188141626,-0.8868950496871438,-1.4195963036978643
"NEURODEVELOPMENTAL DISORDER WITH DYSMORPHIC FACIES, IMPAIRED SPEECH, AND HYPOTONIA; NEDDISH",17.42609247316712,17.672220763208145,-0.5835729519229821,-0.9135778237143328,-2.9697986747351464,-1.3015076072866747,-3.4746818679306144,4.536171635753707,-3.521219603946461,-32.17644475965731,27.036575858214317,1.3570632193803607,-1.3955248384969594,-4.383442882808005,3.1914167432863647,3.0497752833443914,1.9875652184721684,1.541950829805673,-2.621159128100388,-0.00344454077032626,-0.17702365906402223,-0.1150228379175074,2.297424140757663,2.9633969247304583,3.2208735540844793,-1.4834062074195549,4.415871275880931,4.25860797214285,4.029916502568879,-1.4140032266156464,1.984157428173304,3.1955071241036554,2.0196386944745806,-0.1829618169514841,-1.904600957471533,-2.2242614944136236,-2.5047051159792466,-1.045981015387045,1.1484796383857638,0.8860058744004797,0.6362410522131339,-0.6152198523183401,-0.8821586358195308,-1.110363614778203,-0.4259587300702283,-0.5957766727615232,-0.7764676368158369,-0.6446848222470273,-1.4646981239457577,-1.7715290034252813,-2.0877921963514563,-1.5196033733770244,-2.5714325973976493,-3.8122776291299947,-3.5557474085542884,-2.631080395282842,-1.889840363720415,-2.365385573692293,-2.620312883110572,-0.06004810137492029,0.45254137063273625,0.60649807568856,0.7053789155423512,0.5572900120905003,0.21309380622198854,0.12030808443765273,0.01150375481227333,1.8004663029729442,-2.9515506884157716,25.375470533790494,2.1169859090763135,-3.2872908009966486,-0.15087552982085523,-1.9036572817417325,-0.3633828345458498,-0.694652726833485,-2.616995040521456,4.093500280007604,-0.20244303843312078,-0.1423888041970187,2.534920770217921,-1.917624554125588,-0.3941624409075255,2.8761506700589585,-0.6112354353357375,-0.7244158346753179,-2.9583494627360585,-0.866493994466932,-0.659799386848939,0.043403510285858184,4.3984412786396,4.341044596141776,-2.785931796208504,-0.1750632048467709,-0.6355390394231515,-0.03301859566511554,-1.9724359298299368,4.7314385321079095,0.900933055190121,17.217034186954532,4.842490422325013,20.77192401905121,2.065477714751144,-14.481958693248053,4.33085814816698,-1.9592989877305418,4.245029353362495,4.253221598718496,4.2263507522364305,-17.19160189228494,-28.621834396241415,-1.2684185426072783,-15.552014573988593,24.631873358871193,-4.692988328376417,-3.3169301753528884,-3.0941840037435506,-29.312247743710152,-2.659658723557581,-1.447861470865775,34.271641703121325,-1.5449116729777537,3.333424102122747,4.238919648144845,4.506158517271625
"NEURODEVELOPMENTAL DISORDER WITH EPILEPSY, CATARACTS, FEEDING DIFFICULTIES, AND DELAYED BRAIN MYELINATION; NECFM",-0.39743772023632246,-0.05129396794355634,-3.0994966798199295,-1.7088003675911012,-2.862321612618788,-0.6216946527287285,-3.6278067054642813,0.015822598765991715,-4.165978565163219,0.1643807830888901,-1.0651048007993256,3.2746268567385495,0.1656246759078377,-2.3329547259496772,-0.968098972433557,-0.5940934829538271,-0.19009174959231478,1.2697293673778791,-1.6394582512120008,-0.19057679164592162,1.6716917472945858,1.2455956056667665,-0.4706662456278941,-1.1344953698177365,-1.7062760983432186,-0.24440582889179918,1.0360670518270636,1.434975583758677,1.7934550964773994,-0.9404583549368394,0.5157182677964016,2.4001313475588812,2.6742490910566867,-1.8062534920511377,-1.2309997424069739,-0.8517689557790612,-0.5341112730862928,3.521285544558037,-1.309883973098724,-1.6991246367646107,-1.9642093994397956,-2.7052409793429617,-2.811209308567138,-2.9227428077520603,-2.1493583956172135,-2.3754658019843493,-2.4386222997047535,1.3833510556030983,-2.16533437437402,-2.099576227697937,-1.9313370805155254,-2.0824884148497844,2.0366064706045903,3.1365244031720954,3.11538762029167,0.050036562161893464,-2.311549823413348,-2.2568052834570103,-1.8818627208787198,-1.3453452073425585,5.229240750867107,5.166353023595305,4.782000720747643,-0.9393473793986689,-4.266965893873929,-5.020668230189894,-5.486418485627204,-0.3915067672844944,-2.659602142197697,-1.0426389236621871,16.038102482467867,-1.2622959975699737,14.909512235229736,3.7339051476904985,3.634349181897682,3.8879966537755917,0.5051721333105442,0.9063661814483284,2.5549071930220606,14.953450495909362,2.4011245112248685,2.565773639878653,-1.4235273413346496,-0.3094477719801714,1.4348189605838675,2.1460045138255506,-4.977501518655803,-16.724685839144655,-0.861054151513676,1.9231838204401095,0.732132019427652,0.7664734574120394,-0.7521342271294447,-1.5723410088918508,-4.542377683134654,-0.1129711316336501,1.4246917871352072,-1.155675986746331,-1.0834751011986228,-0.6393369692836979,-1.029748959406953,-0.9717335974202166,-1.5216160034064719,1.7495385896145002,1.8566778129866048,-0.6350979227860053,0.35139317430392,0.4008246955637724,0.43635373881938694,0.9994144539662464,0.9528685293050472,3.9849597430347115,1.8100669914639076,-0.779331773613366,1.941596964508967,-0.09724394047358507,1.778906902032161,2.0563518383449892,1.0894345036070447,3.9217508823389267,-0.31464719458670887,-3.263506509827209,-0.1851177025637376,-0.2968520982144987,0.25535060551402977
"NEURODEVELOPMENTAL DISORDER WITH HEARING LOSS, SEIZURES, AND BRAIN ABNORMALITIES; NEDHSB",0.17365217729335025,-3.490500835534185,-3.0091872954111527,-1.9565131236929798,-2.756308624135307,-0.35183696250746627,-14.719798297941864,-0.11421101890002108,0.11648602161985072,-2.7477824563268007,1.651226128968121,5.859808271614968,1.8004097628595606,-3.6683950731262662,1.0946383348072126,1.3762313226544762,1.2345868109203164,1.3619090587099243,-3.9390832724236637,-1.132378702808404,0.23826482482826256,1.222908737782767,0.20889779631596228,-0.07699992419201997,-0.33508249063482737,-0.19631444481857155,1.9608393244149827,1.9827934709169028,1.8955270222828238,-3.601069742030375,1.6777409443019218,3.611364669904767,3.38865349432951,-0.4171772042515084,-1.3137086279469217,-0.986855579032915,-0.6750857227115612,0.5410581186332055,-3.4237578485724645,-2.7819548517059713,-2.0592401000661065,-1.9151540935175058,-1.8630664652759361,-1.695665473835255,-2.066949676083404,-1.8821082567934129,-1.7333619578554025,0.2865989029985126,-1.4830593664990555,-1.3554573633863451,-1.1437555163029776,-4.123013375127863,2.0981622953379566,3.1501750548183876,2.9811936720383474,-0.8941006600208153,-3.9291253010650182,-3.2386792511348053,-2.230943132159908,-0.04778770759996742,1.4974905667978053,1.7227923434551289,1.7540040710850024,1.2560707605135497,-1.9145291431144986,-1.881195917305612,-1.7111997516904849,-3.2896961828532696,-4.410123942440559,-0.08342035888570806,-0.5738137931172795,-2.8372614046029363,-0.7295614450810373,2.118176295755922,-1.439989520313347,-0.5892714503493753,2.8617884434889946,-2.9559403637578323,0.019004827857508254,-0.7359355728745862,-0.37233016782094486,2.6539940141606837,4.116844991957508,1.1340685016715792,-0.7628828919549732,-0.8039822659741708,-2.132748443485349,-0.3112149168058184,-0.9168259613225633,-1.0227633090551846,17.910604234924996,17.90811468702696,-4.067651751971164,-0.9115513751910698,-0.7500007906983351,0.5237458516581257,-3.9872947082889456,2.207852138570361,0.43598405142167534,2.757833362009561,2.652686979188573,3.157082184459207,2.376594167488713,-3.4940490743993364,4.125722212942557,-0.39585014973121,18.348819219540413,18.64550772032498,18.668211847564116,-3.5571126142015372,-2.0269395225255544,0.5778594503082074,0.8250327259038617,2.7020617914850105,2.1050215088443114,-3.417674179999402,-2.1203589792194966,-1.5133464945680837,2.1082200307585537,2.330693622167732,4.085679507487249,1.3449554748933512,15.701517647173402,4.320680712745153,16.897682949416186
NEURODEVELOPMENTAL DISORDER WITH HYPOTONIA AND VARIABLE INTELLECTUAL AND BEHAVIORAL ABNORMALITIES; NEDHIB,0.8423548140703268,-0.14633359666857534,2.7294064914599763,0.0032319244630244093,-1.1315972182983693,-0.9527708983095934,0.6706643402770951,25.71989063198225,-4.097039682253297,-1.2876939556687992,1.7679931845231551,0.11699215907662085,-2.7811617061992577,0.0011245198462884682,-0.24809735841214176,-0.1228663584218666,0.012555651489611287,-2.6830427660345526,-0.2977003556978252,-0.03596738276705704,-0.36009168244411655,-0.16833094016377095,-1.1241607485681149,-1.3896027918000262,-1.4588283195541112,5.74017056929219,-1.2383833565419877,-1.0538804778743598,-0.8595733192466,0.5506694701600331,-0.28489483121708936,-0.549293277425474,-0.3736728338561745,-0.6140679077873047,-0.36330005204828886,-0.4301000705435302,-0.479689714836708,-2.1126257061745513,1.0483264411763702,1.1326582807686927,1.1542218380584826,0.5559243473817324,0.5829588795068517,0.595304294329672,0.510951791131466,0.5438416945324259,0.5470316711912757,-1.975302343254038,0.05922789061235455,0.0431509695345045,0.025607532312481064,0.1279108307276359,-1.5109609231832621,-2.3980279035247314,-2.180273804414075,-2.053994487979531,0.32527923914440354,0.724224854470722,1.1251845598248997,-1.8680230529029613,0.9570099635762438,0.7188880968763307,0.42878110796163205,0.14381590095511435,-0.1712666316281016,-0.07895606676431893,0.009778020577589771,1.9696060350506486,-1.1443626437130896,3.7542646058761955,2.3895274745963286,-1.5693357826394885,16.549712774044487,-14.981271251476066,-0.8382497015042625,-1.819833348910217,-0.2677277047641549,0.043660451160803304,2.0738805872343784,16.5291955719633,-2.838587247828903,-3.2437294832010903,1.630242100905506,1.794879069032181,-14.645884311280577,-13.110930891378212,0.16933867086862953,1.1593393724568695,-1.5823163445535204,2.1683245617451816,-2.876859075323553,-3.092518070186441,-1.1379471294610433,0.21553277582739347,0.953849877478527,0.05908517911095019,1.3907693408332986,-3.825025698863786,-2.338498201901116,-3.4614460130628735,-3.872560668182734,-3.016573108386455,-13.669766105750531,1.1808393271665898,0.944799772056509,-1.842270178879887,-1.0379092944804489,-1.0741902194305712,-1.114673472348262,-2.1782680727013752,-2.009316765427602,-3.4257724793552735,-2.6082645959210415,0.6408771236095823,-0.7616281553891749,-0.34663754128140933,-2.0333829542568336,-3.453710173425109,-2.331797545854661,-3.5774815663228146,4.527401666426623,-27.77626625226914,-2.416431341288362,-2.1852852883087337,-2.831939803301737
"NEURODEVELOPMENTAL DISORDER WITH HYPOTONIA, SEIZURES, AND ABSENT LANGUAGE; NDHSAL",1.2390710832496066,-1.7231799593969401,-3.3127519636394362,-2.2029639861739057,-0.382939140554245,1.5396984673445377,-0.6462926910041472,2.7850902913988995,-0.48938373121041523,-1.646098666802776,1.211122839167041,-0.8483614589884256,1.199047248771692,-4.2984762104472445,-0.9717789453283209,-1.4414880152981202,-1.4952544676882815,0.16241722241300618,-0.77432879976312,-2.640887500331177,-0.11574101948546821,2.497257627481501,0.9754187539308984,1.381030711598953,1.5632073296844802,-0.8152506211339469,-1.051862130531104,-0.7160763151731034,-0.43513424954345686,-0.0384378160033349,-1.025647680865978,2.401009909487236,4.361634466201898,0.1870142291008955,1.4835816856524038,2.241229004440011,2.82034985339457,-0.3622255908597172,1.8012960954802943,1.541801351202177,1.1422736330818732,1.4145967329260938,1.3023540792993924,1.1908990490935911,1.6023113540315377,1.4461667436093446,1.1762148213337393,-0.11174824777350648,1.4843934078762748,1.811743893814406,2.074217951284941,0.2601911081651935,0.6406301209148421,3.232929649205629,3.7769864273507725,-0.6535355491784707,0.24687770377268092,-0.11140080260515829,-0.48229267851783947,-2.0527157053951495,-0.5084186942609206,-0.8071828620673137,-1.0160439428751085,0.08321970250660435,0.922918273402814,1.2002583684483057,1.4242481123715016,-0.27920972619732726,-0.7726208555310784,1.1490911302629259,1.4869217853263703,0.8516551755884372,1.4438752434526736,-2.1669799020139444,3.0793980152895126,2.0713232081420427,1.0550400925958159,-0.02097221779399612,1.5979012323799207,1.424218235374959,0.17268248288277177,1.4121476552799692,1.075486851478116,0.868850396549172,-2.8048701987305713,-2.3377085362177414,-0.7837097504539863,-1.9524573673399648,-2.830074139123944,-1.5197472405903376,0.7174767632612454,0.6446671649207691,-0.6555019612694927,-2.6665561349309654,-1.3323021915764615,2.1473536479811197,1.141141821286097,1.5331222931025068,0.08041802238835323,1.9134100206798261,1.5061994315529352,1.2442716557313558,-1.204416047602398,0.6540373164217808,0.6596911687836917,0.4577134652302167,0.19044634781037514,0.3032360725411339,0.4237458929629126,-0.46525882736034246,-1.282010824685854,0.0621568425774584,-1.6949679816819982,0.850300889999668,0.1588841846808976,-0.20869380783840136,-0.0832654653672456,-2.0479021849792702,0.17847424428232933,2.61914128316371,-0.835523525682237,-1.935596134169813,0.11405768431670227,0.37986696504059214,0.5674753563753411
"NEURODEVELOPMENTAL DISORDER WITH HYPOTONIA, STEREOTYPIC HAND MOVEMENTS, AND IMPAIRED LANGUAGE; NEDHSIL",1.4524951370872097,0.005866874225042675,0.8055360660453709,-0.6276278121238967,-1.3439288260555051,-0.2362041139395098,-16.89276541818036,-0.04858444314410711,-0.6696999249969369,-4.549966143845652,2.24908608057488,3.252897054771871,1.707850294306105,-2.079852129289914,-1.5994700877542833,-1.0560231583048807,-0.39253017315396693,0.4705946330606457,0.38336045252002376,-0.3534033437916563,-1.6811243540237357,-0.4337906728636448,-1.1614718495303693,-0.887291766524383,-0.578119379109372,2.5032908140270695,-3.542519641090264,-3.6551867932594337,-3.6294592717445284,1.058679574711238,0.5973855228324562,1.2095239411998098,0.8842809033485289,0.14642111749857753,3.919923826621489,4.129393063324025,4.255445012541338,-1.63308807523774,3.3795881148646156,3.585678460077539,3.5792617573086263,3.1266114975196464,3.3664087380368373,3.460141131615229,3.2013277776366276,3.450637568410983,3.5429610961725393,-0.7659532803829605,3.6018419183823736,3.7883344542582678,3.907757451560666,0.8256415901301735,2.4444947219651287,2.974182761042325,2.2560586847995174,-1.8207951487495933,0.6846922296197966,0.9028525084887563,1.0850367548261286,-1.1435677480070205,1.569843344096979,1.298160683086501,0.8879313264275521,0.18941731630050374,-0.8891890331423378,-0.7233503724334996,-0.49173826049512226,-0.6476814874587695,0.8512037614684727,-2.598685006683587,2.146079234689863,0.09825068811101549,4.3059531727413605,1.8825490442250035,2.986286545639801,2.978344987819013,0.2879493411708564,3.0777200195591203,2.1418794194248045,4.283959839685736,-0.11890266249823943,0.06018916629615163,0.064523750907467,2.9204128772584967,-24.483416321844924,-22.68380260344598,-3.3287623368325763,-3.4412063090357443,1.0256195118701303,0.34135098786820944,23.700526059257836,23.70697721956908,0.4560830681709664,-0.14512120577521082,-2.6739013072512354,-0.6380750349619078,-3.917124680493379,16.4110040966316,1.7404156172173306,17.618072429833617,17.230958740821404,18.73004219746623,15.328732525889532,-3.89510624272957,-0.6156779902251,-1.2783906607446873,4.518388216543726,4.475815021426428,4.427159557839234,-2.6790036904847816,-2.209601687930762,1.7462307055870725,-0.6389908096148533,2.538353128866104,-1.4076635740325565,-3.2721259273929104,-0.7441158342215919,-2.3592184193482755,-0.11380687468215218,2.268018873603629,2.1790060913339286,1.4610247085175851,18.080085979522277,18.789899515279977,24.705006494992656
"NEURODEVELOPMENTAL DISORDER WITH MICROCEPHALY, ARTHROGRYPOSIS, AND STRUCTURAL BRAIN ANOMALIES; NEDMABA",-0.6284122124273013,-0.6633449217527247,2.3252513405736934,0.5641403355361023,0.1530769988935984,-0.44219552552192465,-2.598572455533971,1.147363342892216,-4.475974729024742,0.6003834754923314,-1.2694735147003595,4.459529326795139,-0.09427297048695889,2.784447716535227,0.3004362234491717,1.7581667384397464,2.253812905605512,2.7041612870229224,1.536439889922608,0.8037562846513061,1.640050324461999,-0.10849565136668232,-2.929122230808258,-3.610362948412356,-3.8368196794886975,-0.05847317097340378,-1.201415084515823,-0.7400459001536113,-0.34996796140509634,1.0266916634637793,1.8080150504705488,3.328775749045231,2.7316253703394366,0.1638419092902827,-0.2177264854661317,0.09471280656241711,0.4501538520176113,2.113077824633471,-0.8879172011262874,-0.3577258265322258,0.1510110396678922,-0.556316110628068,-0.10340451996332127,0.34067616956756197,-0.5619175970609154,-0.11229953795648547,0.34155754126777144,1.062035644383596,-0.3511103133125626,0.017578612389547783,0.41681035485314133,1.0281266478095747,0.562219906844486,0.5063294368460771,0.27366610716612777,2.8073559155968373,0.031895463569096366,0.3306116080523055,0.6971553536953125,-1.2629662037466187,0.9111676787346799,0.8766291616448697,0.7648860211762007,0.3238297786758708,-0.5934262432539972,-0.49772602758784606,-0.33544654126423384,-3.4386092631909495,0.32158818521679977,-2.279215854799408,4.284483057068763,-0.3553129493379327,4.670487630139788,0.25970739171475177,2.0478293698913537,1.771237147175042,-0.6195141455881595,-0.4250162983887193,0.5928019941659709,4.692037226511055,-0.026184634997154364,0.6050355798192913,0.6677226557700071,0.25724846835574966,-4.140602614568518,-4.205785454884146,-2.6495054721354996,-2.460560661697457,-2.455092861790124,-0.41779148410741135,3.434788589934524,3.3640730159256775,0.9428840636374077,-0.0726043877597325,-2.5126220350267783,-0.6075326500087093,0.5797568650861987,-0.3495453710952631,-1.819316538471469,0.055900048005904444,-0.1513815682468813,0.23539363875269134,0.27751884769032736,0.08173471464756087,0.029689335673156254,-0.1141159627484328,2.913596097736311,3.1013537546381214,3.301420908434844,4.176251882517361e-05,1.417179286671763,0.19577819660486917,0.3712353579253918,-0.5971126479088463,4.575492564117069,0.2927573077496805,0.37739280909006157,0.27326515185169653,1.8828723333915716,0.42363513862964863,0.015677260346685363,-1.9293749147321806,2.357861871600953,1.7972210952858902,2.789017218930412
"NEURODEVELOPMENTAL DISORDER WITH NEONATAL RESPIRATORY INSUFFICIENCY, HYPOTONIA, AND FEEDING DIFFICULTIES; NEDRIHF",-2.3961935728871406,1.7372345700234535,-1.8019509658101376,-0.48120657371540737,-2.6061441315511926,-1.6845239893381385,-3.117979548416063,5.111369481854094,-28.95453617734963,0.1933752581666896,-0.5500058365405249,4.20434886640736,2.1558363631234894,-4.2356329712636,-0.3549373306258881,-0.3001045145310823,-0.15965675313996955,-2.326143423384384,-3.5141676090600362,1.4581575610160857,3.540676245425689,0.6730277199083582,-1.6306582903288143,-1.416466218847707,-1.0954248615451765,-0.3640259264863422,-3.4524769753194366,-3.543889512988354,-3.559144671576849,-3.0846128840152254,3.1269934445402248,3.9746457969814823,2.219761066706241,-1.8117455249491512,1.7126120600164834,1.366614056516009,0.9885962513699047,-12.954806246453861,3.4615770160437034,2.8508489806333097,2.1248185103271364,2.99252820341836,2.7534245311563086,2.4826410722328567,3.0360703892101473,2.734057866308666,2.3121475754152425,-2.339114443904802,2.3566225136225216,2.092388485126885,1.7935023747146412,-3.1075468267461033,-0.7063492000157828,-1.3937323183561687,-1.4584850659806015,-2.396365483586181,2.2885068965541406,2.279480048493413,2.077802065398883,-9.75581447440058,0.5808840454543439,0.34734042431972484,0.08872080657020326,0.07851438599366509,0.05716985591638717,0.17377102920756765,0.31220272522811393,-3.6546402986711835,-3.913491489878645,0.44724935982721253,25.23955119444747,0.2117362293163044,33.29051049103457,-1.112312920448314,2.714621933379837,1.9516507709791902,3.6906291404850937,1.4038164542793101,2.804902921904578,33.46923015374906,0.1753920240502765,-1.3238900976719652,-2.018169747578987,-0.41628987120155586,-27.637300042639147,-25.87318034239922,-1.7514471689203452,-1.935569686813163,-1.066854681830634,-0.2061463608652423,1.0173767910149276,0.9511243735843978,-2.80697340400444,-0.04946729644491675,-2.6560853265220903,-0.8282161086736857,1.3952949428565624,-2.828504099701826,-1.597619656558856,-2.03791721355806,-2.6272501349188704,-0.8871009862593435,-3.9340299429110215,0.14690567481486486,3.657524540001937,-0.8437118065281302,2.0103138494233224,2.0784131485405997,2.145915920101824,-2.5589877705124087,0.21835948174299524,-1.6896769666639253,0.8112954300832099,-0.11228168999117599,20.215073072953867,-2.212790423362823,-2.5172620280485907,-1.056586263223972,1.164910887733977,-1.0636297848978313,0.6157303211324406,-27.32798112179418,-1.7681936208560254,-1.5437704497191138,-0.07223441804078588
"NEURODEVELOPMENTAL DISORDER WITH OR WITHOUT HYPERKINETIC MOVEMENTS AND SEIZURES, AUTOSOMAL DOMINANT; NDHMSD",3.576933738170829,2.2066682155258577,-2.550007896369386,-3.217423650090448,-22.08437935115995,-1.8421738904786469,-2.0884005614842382,26.463850601090535,-0.7326748819281856,-4.293557947631446,2.961466574703449,3.9619418509414137,1.5695064920919406,-4.007572612629351,2.1508289241342915,1.8029940004443172,0.9745186773618115,5.122423529673291,-4.618511504709074,-1.5861903424258177,-1.5115598809128905,0.3286682965277536,-0.28560462142090415,-0.09350444503594063,0.09247749991149314,-1.4654075731625102,0.32150522483957245,0.3361379721630463,0.3368247420619333,-4.479405638545988,3.0849245521746878,17.61619097659142,4.7507390959430875,-2.3948954214846454,2.456289364228112,2.6897564838963324,2.808917144632099,-1.8189514279257148,3.1381586125114302,2.5813426159909483,1.810114661166023,2.2585907122676967,2.027168920686495,1.7306182620133324,2.460646914137868,2.1776983776474714,1.7611809563107095,-0.8669246312802634,2.396579353204934,2.425834166507737,2.409803597989074,-4.028296818425812,1.17787325759473,2.54145915493873,2.917497920131184,-0.6197069397934382,1.7273835827796031,1.4447947411742819,0.9947207190204177,-1.0447492981390316,-0.07055465262143713,-0.2650527716543938,-0.47129032847297675,0.09946328120408346,0.7385177806448111,0.9513703291942112,1.1386511897440827,-2.690447233920443,-4.149135775980619,1.5866154342002041,2.2402245148864313,3.4472544938499605,2.9856812240364654,3.474404822234902,3.5583883079270047,3.7870678491519314,-0.3006167521399932,0.010343284768644332,0.9390112246382115,2.9710417317140734,27.211709274163027,18.84238744740923,-0.8670434411969916,-0.9335495048770707,-1.4210519681659104,-1.1340873458422216,-0.13376171212922974,-2.3152155219544905,-0.6281411564711451,3.202730561378935,1.5874576429945695,1.7270172076794816,-3.5950189531976373,-2.242343026493494,-20.203963051145784,-0.29463069630770367,3.4850068496371067,0.19446476913931185,-1.469832873452514,0.6101378483187956,0.36072842603500244,0.6271040631026091,-0.47216252243058954,0.6437587127354765,4.8487232104882105,-2.2284820870485436,18.175119471335353,18.616014616941214,18.687040751359664,0.8664609559857478,-3.3242037338316868,17.86753116083748,-0.8957277974576849,3.998542079836176,3.0673171363484597,0.1077262058740936,3.1365123305535043,-1.0963748505411388,1.3269682925482675,18.58154528348762,4.417297918061706,-3.283510886337636,2.1075316407133484,2.1950813216385345,2.049231871018789
NEURODEVELOPMENTAL DISORDER WITH SEVERE MOTOR IMPAIRMENT AND ABSENT LANGUAGE; NEDMIAL,3.3267347050194207,0.9472279711838835,-2.3356194508365937,-1.4735639722383298,-3.3214369884341544,-1.3025350294270353,-17.139986442329384,3.187864977224609,-3.7176119777178838,-17.077242626929763,3.567717779820533,1.5979502696162617,3.009962580952004,-1.449608443717846,-2.3818862969152437,-2.183366071010036,-1.3132965513541908,-0.8166613917556039,-2.245584189533264,-0.8201973535804244,-0.8348510304654521,0.2226607848522637,2.115471745888765,2.173007068204598,1.9600924871090644,1.9973675606562769,-17.28942660451801,-16.317702413170228,-14.812557478856844,-1.838027519867747,0.9848988985400129,2.798908168767875,2.7101186081186106,-3.211845019316141,14.054995270630508,14.45228561159928,14.270205876341949,-2.7549843539702428,22.82651928626915,22.847653600187975,21.40458265906392,4.012214720380569,4.115656170397478,4.051199666447039,13.733778117986745,14.134961885733247,4.356390234325779,-2.422039313242747,4.23037567602686,4.26638996602351,4.250435927891797,-1.6872953201528131,1.9334018722284407,2.3797421963085834,1.82538753431583,0.8508084744435142,-0.7813186320969115,-0.9127042923956753,-0.9529814849958167,-2.8025322055661386,0.01984031802227906,-0.3885103085523159,-0.8946700215319215,0.23162936061794448,0.6375609139387084,1.1098837089621731,1.5711052104551753,-0.7573790516837404,-1.9751215527610764,1.4198498661423924,4.7215547685823775,0.8020625315066858,22.470181740171686,0.3740248019371539,16.677841310847374,14.380292131206332,2.632168914959107,3.3915569856570635,3.865291209968781,22.596760687556912,1.062941484236266,0.23305472174653913,-1.083288000066484,1.8058406506239293,-25.435789187275955,-22.007213136656457,-3.5471018790259676,-14.711066487280029,-0.3833604231275291,-1.621675536838575,1.2054230583012147,1.4153208158919754,-0.7335081954027856,-1.5512291736402997,-18.357684164733538,-0.43773119348535783,1.0811319421456926,1.541499802732783,1.4088804088845186,2.2401577249432223,1.6423132196814239,2.2104021196021435,-0.0067892460171249435,-0.1301216313457075,3.8038878860216223,-2.8400389293859565,2.9879748201948475,3.3225856483643743,3.684526558329282,-1.8385922662740841,-3.672893317503127,3.2478587167662782,-3.181572001527226,3.441456994274714,-0.36735810503244004,-1.9228667210038926,0.1969345096837085,-3.763831609186498,-0.078390823700085,2.7054066992376025,26.04207153140994,-15.261692732088338,-0.16793212749744119,0.09506091278102062,0.8482172459142696
NEURODEVELOPMENTAL DISORDER WITH SPASTIC DIPLEGIA AND VISUAL DEFECTS; NEDSDV,-1.2580683149715872,-0.1919569172580695,-2.6962732530980777,-1.2273598366945824,0.2291979848226476,1.647283473557824,-2.810271855862735,3.04139381016061,-25.9427251728998,-2.4623259658082812,1.1443687531742228,1.7340761484598048,-0.5736840258134406,-0.496155722786117,1.9326753827538248,1.5252233947384461,0.6142690194671648,-3.3793936543047876,-2.0803419467151323,-0.04364328316321779,21.964605748085887,3.7167434925206493,0.2722724677153495,0.49603329949239977,0.6922143348346724,-0.5970549252875826,-0.1424556643516805,-0.16994118520106674,-0.20380919142519363,-2.0501669285549315,0.4784601049789225,3.3575095986155774,3.935548426704758,-2.1196882886755355,2.4817786257252696,2.9027347201095455,3.1943908455202834,-1.7444779475580101,18.02174485605706,14.170187034970166,13.14766603484,3.3673840623049864,3.2391074456619977,2.9922868826104976,11.695248199563585,3.4609056205647852,3.099236450348293,-1.9874524718574866,2.878447970949945,2.9895890449443496,3.091947441590483,-1.3319622450722095,-0.20928151327611172,0.510740208660734,1.1862661273993498,1.4093613118531572,3.0959947204569365,2.6215143475607205,1.8685935255338335,-11.984087262020438,-0.1130286378926506,-0.2981827678428518,-0.49657075772883313,-0.29187726437430955,0.7753984888345206,1.0070622893774897,1.2158380878199844,-1.232275641853919,-2.341016391628024,2.164965195936901,21.65313348902586,-12.939394101131738,4.613047394620091,-3.611420045333545,1.2886141783861536,0.3015931370720919,-0.16910462976099705,19.460642822871154,1.428551921656609,4.536515323101593,-15.293086339047074,-16.282945660737465,-1.375070073688964,3.029513643242019,-2.71559296877633,-2.397243324482706,-19.766812207306383,-3.071517687475509,-2.8700716120135885,-0.44348065489330424,-1.0315015043736675,-1.1947666619379227,-1.6990804793624021,-1.5518668376571239,0.02269358474481926,1.5359582922830473,-0.8572136531860597,-1.5482369287495419,-0.4220863456227589,-1.0386444652872777,-1.4457870478838655,-0.5395545787282339,-2.4656318882724433,-0.8562348883624961,2.911115066709779,-2.6451564957823983,1.292568276640107,1.399662129283554,1.5377178537757843,-12.849013698496092,-1.2098546417412683,-4.162019670017003,-0.12090463072443842,1.3701634463521482,0.2758291580520563,-2.1547589370461933,-12.37254507930389,-2.996619795593379,-0.3439868910429733,-2.1334334034565416,17.039286946216272,-23.92032412277122,-3.511428991835999,-2.999750465604334,-2.1279722859161234
NEURODEVELOPMENTAL DISORDER WITH SPEECH IMPAIRMENT AND DYSMORPHIC FACIES; NEDSID,2.9167066023834396,2.40737684468004,-3.4636165756508435,-0.6616909766003493,-2.9962078404960315,-1.8579540749609824,-0.10410399993198562,29.657077675676657,-1.4284972095028348,-3.652423938408172,2.9674911572378613,1.9157066399382323,-0.6095426038903907,-4.054363650843468,-1.724076436951912,-1.3201257023660746,-0.589168848666103,-0.5382676727948913,-4.486565591782014,-0.18997660662665974,-0.8036339896195073,-0.32340539028241494,3.02167349358939,3.5479620728129566,3.7479711636967554,-2.109945947999559,-2.351476451329633,-2.293353677977185,-2.164669512220876,-4.725980836587349,1.4441708785951666,2.423551663620745,1.8619001563895707,-2.735390990662517,0.08473934003261777,0.021461130988366318,-0.042002626162107246,-2.978799367937389,1.9839620878849347,1.80353263354477,1.5705017930518095,0.8794911315074289,0.8324624292646245,0.7504955894924863,1.0775710176863944,1.025855632611586,0.8974362144553452,-2.1689348702330817,0.3534936305272654,0.30215861394554105,0.2294376724854562,-4.253752070351452,-1.0845418116132586,-1.67822338144674,-1.6146034732597518,-2.452190456767522,-0.26904596055945096,-0.749150650297752,-1.2012937969961566,-2.2583165043416122,0.3238972936920705,0.17018806528201705,0.021004864936284735,0.016992536991252444,0.22166999708396473,0.38161455266040667,0.544064281492974,-0.7258311575585905,-17.601884727006812,3.4021846550277473,1.691204706337495,0.6532167716083473,3.498920158317419,-2.623490758444091,2.2011119145732003,1.0765692411085297,1.4168823098481589,0.892876231219663,2.3519848251351285,3.5117183016178117,1.88155862246091,-0.0481426829924439,-0.700147310201801,0.1318477794705811,-16.171905336216383,-14.680225753580151,-0.36163682621572096,-0.872105201723324,-11.462468426268993,0.12633005156320118,1.0152922683207866,0.719972696032032,-4.573161576637935,-0.011854859625773644,-0.5271367502820699,-0.1977103173661645,1.7628530131274547,-0.21775741723977668,-3.257064676235987,0.3743858726890303,-0.13185804757852945,0.1326712456506787,-2.506318931937015,1.538170012147521,4.919880517041126,-1.3969529055117458,3.799967336245162,3.7897103129743392,3.722699169300895,-0.9298393646933358,-3.4710195678085607,1.166413320106231,-1.9777907270110529,3.127601231589027,2.514908366729397,-0.45076053901184465,0.22241260527845383,-2.7420088958212347,0.21701337108277638,-0.11473220972976414,2.70628020497848,-23.733083595912202,1.8076119148950058,1.9852250411876444,1.3210485322067111
"NEURODEVELOPMENTAL, JAW, EYE, AND DIGITAL SYNDROME; NEDJED",-1.7417157816230024,2.482378182094916,-0.8623509563774887,-3.126619676860794,-22.801171324942885,-2.46914018922542,-15.094138291747509,-0.25881832934356563,-2.4465841562637527,0.7985211417619338,-1.114235906335194,5.162519461719785,0.23918640927420282,-0.8333347268359653,-0.02541581271989276,-1.2073559545153534,-2.1394113958761967,20.52078616249852,-3.211394455051892,-0.5159642170890271,-0.22748700963022814,0.34267136187626135,-1.7558712154239149,-0.4799172667224035,0.5717039606715856,-2.262603464735936,0.42260643565351297,0.30045424345169885,0.15438264509462193,-3.727399192868769,2.9958187750972787,4.904221953570522,4.2429273973807815,3.1990490764686417,-0.46701610601644955,-1.104681931353882,-1.7168016464201543,1.3471919801225123,-1.3719470897503059,-1.5897659321255129,-1.6625790658369528,-1.3408718566796687,-1.955916128332076,-2.3962534353690357,-1.5699767898550785,-2.0498796712940064,-2.4484169162002116,3.3110588766088336,-0.7456370689765568,-1.390149617767231,-2.0666898235985425,-2.4226960940437565,2.54223213535046,3.0270875096787733,2.1060849079964936,2.1748765594151247,-0.8485881988545357,-2.1535382370409573,-3.1845407037189544,0.6400701954765038,1.7832709453287223,2.1418939742622443,2.28972086860483,2.470120602504335,-1.7827403598584126,-2.5185781675129046,-3.164786801232944,-4.254905349199662,-4.075532768674728,-2.96274797849015,4.527792837130621,3.427869750588334,4.30530419086974,5.6518640656698,5.528422352855138,5.778002660595312,0.7757093173257792,0.3139057582200456,3.3475463039662374,4.283791324381844,20.47903519786809,18.186172790978834,2.2365597391872587,2.5159521249133663,-0.7311783873302904,0.15859372992461795,-3.3200867874491684,-5.205571327529617,-3.161273723070039,-1.9126715153783014,-0.5413792394761738,-0.2736910935205553,-0.44613557430682754,-2.3875093967982655,-28.334249474781736,-1.229977684911605,4.418551011127954,-3.3615023651079183,-0.8199441523863655,-3.158030825271928,-3.1460870211845364,-3.077273223734339,-2.2338499411679353,1.6500532354126698,3.2121159688411534,-0.48185672462488355,4.201802908000426,4.071642844164275,3.8624466251094662,3.575516680878204,0.9108861499787883,29.078447726193186,2.5646833522847325,-0.09369944721921916,16.512227210648938,0.10354584998041776,4.950065106462801,3.9886519406581487,5.039153268106887,19.056919192469543,3.940921140693284,-2.6110583439506065,-1.7854490012335305,-2.2761815894618294,-1.1474312285174055
"NEUROFIBROMATOSIS, TYPE I; NF1",-1.1671627543572585,3.0317705583031693,-17.608957446003203,-4.786899381862806,-32.12367757127361,-3.698105735237933,-4.738555087356947,1.719249932383583,-0.8517385114166649,-1.0069013592230662,0.24795915281158565,32.88941019172908,3.3898061920189604,-4.037126366119076,2.8856078198001804,2.824489243937969,2.023730720722199,37.8925254998443,-25.235638659276365,-0.2463837305424748,2.7293587349635002,2.276297111436011,-1.9801718642711925,-1.3630511050623393,-0.6589196462542507,0.7438075868935695,-0.3746651477650709,-0.37112860352512045,-0.34214282937655077,-24.624310490478702,25.839205559327354,37.598002018550844,31.943871828975247,-12.805648752994845,16.495096764939916,5.204706642681799,5.151150625321923,-13.473514665728386,2.8469358074849556,2.385818427458351,1.8038370219970419,3.493018906505002,3.206220112183848,2.841546088697834,3.259233168264027,2.934193710459044,2.4454538889270094,-2.462603201719274,4.621420914909027,4.545378137072508,4.400474524464268,-26.177813238577475,16.79212595286653,26.93096354300933,24.383003597735723,-0.31893202013046673,2.3839856122108496,1.5912858230779834,0.6692477626873689,-1.44736799717008,-0.3933549284585,-0.5335985840806049,-0.6248380178644515,0.30586735997119113,0.5324556351142595,0.5583029822779565,0.5364106132902698,-32.53685369070992,-23.825462844029506,-5.524280214560296,5.4312711975937935,29.48577286858728,4.737648139544719,36.16453936408526,35.31534004856815,36.96850463562544,2.7560542221503432,-1.093201384786655,0.41448411701784615,4.7343484466550585,42.307187784294904,42.632049275026056,-0.778822566267177,-2.366861228999785,-2.883215984695907,-2.8369081935016265,-3.2768831954687756,-23.724066641582155,-3.0932572105902523,0.9673030731894565,3.6403996404612693,3.4365071518705763,-13.504625297790668,-3.7219561274593373,-40.62845353941047,-1.9917299945069813,25.603132585295235,-1.4841739624326131,-15.5341074157341,-0.8143394443449704,-0.9800400046182933,-0.49339725637672577,-0.65305954329545,2.4500261031932693,27.754677769059448,-2.5887417995232,37.37341267812456,37.83703795862098,37.83332177393388,27.862622790855823,-0.5525898311802678,41.81572242340169,2.7795018952529547,2.336191894398648,23.131016922605184,3.7449395747926886,36.140279247598,5.795485872791676,40.43285218049674,40.83983644412075,17.294457739898807,-1.126632445809883,4.299893109415108,3.3128562625006444,3.5488931177555667
NEUROOCULOCARDIOGENITOURINARY SYNDROME; NOCGUS,-0.5312457386632493,16.80210383378656,-3.3971790222122675,-0.4355606508149097,-1.1985120034953547,-0.6364522597131117,-1.5047326652273678,3.1578905298145243,-3.3864597218850303,-2.739023180079854,2.7246597811302125,0.17360501642939097,0.696374161712059,-1.287863666998692,0.9966908580204339,1.2447546347630682,1.175933151125785,2.7232317244463906,-0.9322354863565977,0.1399931314379651,0.390997329603683,0.10430337371066219,-1.1124668682508918,-1.4528681271961799,-1.5442628081845367,-2.3857862157114123,3.2742660815278533,3.223870480246353,3.155644379244111,-0.6186609021706194,2.135343719493434,2.9273602510298966,1.9476590660573483,0.8307982957399367,-1.2922701811014947,-1.1533228447483346,-1.031338308586761,-0.33196292391202753,0.3910697678915863,0.12113481539614719,-0.10492435756123879,-1.1097057032104376,-1.3615653098926956,-1.4949362915260842,-0.9073180412860864,-1.174235018870483,-1.375395521291737,0.8830771638198778,-1.3203493683302931,-1.3418235422665918,-1.3481939199963424,-0.37906609423731896,-0.11503783381154975,-0.012377715359891482,0.09892390768093001,-3.162003848497115,-2.4529628623265047,-2.3538439892386647,-1.9953211283667078,-1.479269649644727,0.7454731742402972,0.48307014231056516,0.21477621767323424,0.16665897778627095,-0.31509393869253255,-0.12735304155178886,0.06561564778896199,1.4898545799409197,-1.5743083599242973,-0.10571569440142892,3.8291945886530954,1.3689718130708717,3.361945420336164,1.3874580941959205,3.1400230881343223,2.9023901968112877,0.8976648817449324,4.257008396798987,2.9377010550727096,3.334456415477767,5.580938604426585,1.4828454846994492,-2.056807929124357,2.166204103079547,-0.28585856204699767,0.5302884213189034,-1.8020771429138276,-2.516694154889342,-1.558628753458189,-0.8835906202732928,-0.23186366978898051,-0.4325755388435537,0.586163058293783,-0.36614907340170283,-4.048406348989903,-1.02680091766875,2.041982742046539,0.5168671547165552,0.44527138861684323,0.9620824946982635,0.5089979080232839,1.2175829856578269,-0.636224475723648,-0.11223741218116517,1.7480284567151612,-0.43038726780466363,0.501573242465313,0.4834845509058627,0.4532715326775601,0.017783778727440937,-2.89822396701871,2.516264800191556,-2.40700393231893,1.8070468593100601,-0.23090219867494305,-0.5627043039134775,0.8344698111108152,-1.198079556917075,1.220925762781992,3.161108526843316,3.733001656882462,-3.165444481585599,-2.3048167684950496,-1.499288716176349,-0.8769263157330012
NICOLAIDES-BARAITSER SYNDROME; NCBRS,-13.253551722658512,-21.991311539910193,-1.5964212356590821,-1.219531960796468,-14.297529681428877,-1.950255331673731,-42.665069578269474,-2.681712859027139,-8.597808601773128,1.500008074533729,-0.31211842980193394,41.863052757086486,1.5879068581126463,-2.672833650179313,-0.45236679534208224,0.32506074308410843,1.1164157795165273,29.021817347765545,-1.3044012793310282,0.7183957783191062,16.209434848421637,1.7455307630665398,-0.10980295790569436,-0.7482238203277791,-1.3447304283748789,0.16212364702843843,-2.3758268501835635,-1.6479217146804088,-0.8615800401014937,-1.3514594975714354,24.008833784671207,36.311059099104845,26.75312034899507,-1.8204059168212352,11.46384114236933,11.238374196615126,10.659972757808166,-0.5166348928476974,0.12300125876349371,0.13741416610539794,0.14025512743549587,1.2046692810235822,0.9715575182352184,0.7035795941033626,1.1529549441101352,0.926023752168398,0.6894279570173303,-1.6805921849491348,2.6258445609751324,2.4732999290565667,2.2578231214546505,-1.8417309836794176,22.951433123589418,27.623911546679548,22.362897702639124,-0.8931432666478772,-10.660133152248333,-10.348211772305152,-2.867831031411048,-3.052855637727141,14.519357443786014,10.745289542016241,2.8750721098354544,-0.15369683318441466,-12.88434889508979,-10.307422683251122,-1.7536654394166924,-36.528015308375615,-1.7222483543783103,-32.005234837588674,26.153234147574445,9.452953334030743,20.15406846345226,12.615290577842227,40.84190354932124,37.97755981614045,29.369695221753034,-26.914149873717214,17.717651261676817,20.178818440020322,2.8535644134159344,35.32039336991568,16.546104924141137,-2.019349359200424,-25.100108127832087,-20.511034025688325,-30.10806385850796,-38.57949130049904,0.43832074510129154,-3.5600238875689416,2.226887062162796,10.114189794743888,0.326971599870079,-2.223190284868073,-38.88265406512762,-1.5632991516506725,23.48267740914088,-28.173150833869627,-0.008302145834814676,-25.523414589839188,-26.213232238153246,-26.48852543052919,-3.2685740137042347,25.341174642296433,1.1522515292061597,-0.7747573383009995,28.06198799472729,28.41352182502856,28.407186833897804,20.77761771524269,0.2135485606061556,37.56704419759682,0.4138950437687512,1.164427556789834,25.487964255646787,14.280957730359583,30.46052569088603,17.017747728824023,35.25998950271204,29.46507901120743,41.32119194707898,-29.290807172544703,-0.037603948636427575,-2.006891534625424,0.8509704745754996
NIJMEGEN BREAKAGE SYNDROME; NBS,-0.5004684620058439,1.1156788502606942,-2.2301449464109315,-2.285923728413574,-3.29069073855499,-0.5570418829956314,-26.24750712792955,2.0940232842531707,-30.13102254074439,-1.1271982296951122,-0.95326599244103,44.0404791891571,-0.009053620637167714,-14.984167233747975,0.9699460162088172,0.328015436429649,-0.25507555154687933,0.5831803167612879,-3.359772960890165,0.02754826661021035,15.14967381494513,3.1957996444051764,-0.9576344214753391,-0.8600523625889296,-0.6962417538451345,-3.5775857033381966,-0.2936417851205679,-0.1415585743340827,-0.001396316818923154,-3.0041235471316527,2.499303113818671,18.258401113561572,17.265784291543127,-3.22517964695815,1.4846148974096551,1.502891387870032,1.4433387631549977,-3.301277359192603,3.2358637702349804,2.421821508356403,1.5570579894084706,2.109795565656435,1.5146437965083417,0.9215892313836478,2.292922230028002,1.5973670397331103,0.9026668299142696,-2.7928168180873816,1.7597805502569106,1.5265387802246297,1.261653490308845,-2.988560103728161,-0.04447368699540008,1.0437540406850272,1.8554415863985985,-3.76816134889955,3.6958499696577016,3.8697844866163384,3.702085975052942,-9.741619524301344,-0.26951812548021337,-0.7037362273542442,-1.1198135419359934,0.14333541787310444,0.6576170909765944,1.0965612967473648,1.5246911560517846,-2.3760124243968797,-4.570928864150854,-1.7335237713997278,25.290395252023366,-2.9468156534779495,4.674530591026986,-0.524983818628154,1.1037715247515267,0.7603874183803291,3.0479461531599346,1.8801271709785448,14.456263689396229,4.684088794537882,0.87428121027553,0.059721076026405466,-2.2865677705418577,-0.1614600334994184,-2.5037672848910377,-0.9464677533378879,-4.159746780765641,-2.5932656864559345,-11.52899819971701,0.4358660244908422,1.7706332076073539,1.79655938727912,-2.886529273706434,-2.15509281640405,-3.897246512021778,0.6069174585372069,-1.5119252297467178,-26.448334584581946,-26.602321789679532,-17.97865068013389,-19.50968132899259,-4.2679080543517625,-3.8073480285815466,-1.6090978916989618,3.8721400892935125,-2.8170565286328353,26.811720224477842,26.716876783007397,26.360803908958115,-2.4376047302770645,0.6475054005187614,0.7879074668274049,24.126911396612876,0.09320489215100798,2.500177357298095,-2.840063816050384,-1.1147486024529358,1.0606077608405333,0.3673467764968035,1.1549536968893594,39.720176443836046,-37.08134621553675,0.7094343589807325,-0.030994448661296383,1.0087534676589036
Noonan syndrome,14.984569010049983,-0.7074328745265166,-18.33270393112362,-17.019709297131907,-31.826590730552027,-10.631027010391403,-18.0837063746478,33.09285800447393,-23.564998945394986,-23.540026551832046,19.508514190348826,36.14945220146948,-1.3644603177580352,-26.874457360169025,16.857831264368862,18.911542586082785,16.07319062372346,41.022303953779854,-26.619830673484817,-0.01944303835129519,9.146124771784374,6.457636495005646,2.049267810138394,8.025089716517565,8.64261990304647,-1.4066398364430786,8.050706744217917,8.109091229687348,7.941340817011662,-26.6649523529716,33.58065953925603,49.29204537561229,39.73253381381794,-16.7355515502802,22.42694709940567,22.837507942156435,22.663572782910325,-18.085904356668685,11.973641686668001,3.311480528606958,2.7381099275445666,3.0979524725565573,2.784892968852039,2.3855749869773994,10.10079942159262,2.807902888369814,2.357830593517941,-2.9541658705296014,18.434357401875168,17.9271667380223,17.335322106229075,-25.09984552015497,26.067658267445275,33.25896416303401,29.58277307121435,-9.483125966743449,-24.449813038022217,-25.835404236321498,-25.285376740820404,-15.251348991988559,9.032291158441728,7.559431123081593,5.279656871649893,0.8333702438792483,-3.5138362799387464,-2.622533899915005,-1.3571176831031813,-19.14127157576287,-29.78164001330068,0.6605793161389936,36.4672718153455,16.48258802124285,18.611506269730285,25.949344376251286,42.17671394737296,41.148072202140554,32.161551077737315,-24.5543309575521,20.752919179538555,18.541282303989835,48.48028447094033,55.795973526822706,11.397918025174912,-12.268344278366456,-27.405738331284102,-22.246744887568067,-29.47460026661131,-39.828983929685336,-21.769687142565907,22.89130459672078,13.881691615105682,12.134595313696249,-16.380746362254968,-12.016481598520249,-39.61316920974954,-1.2609950361312037,24.310746058151288,-1.039613510693616,-22.224304010422337,-0.04116275814459944,-0.5206759267362592,0.4702092759260474,-1.5508369483729953,0.9604928487568613,33.62376921152038,-18.239221512828358,36.762597612803596,37.276597277858286,37.466086183920886,2.0982750409701274,-21.753676177578825,43.79275537601274,0.24241464328207668,26.322476863829102,18.00331096797223,-0.6469607814576029,23.478277993674926,-0.3290241398160788,21.536675205802563,50.508695489877034,38.61443282798686,-24.312420343436205,14.740872010022027,13.049699913388563,13.203338048951357
Noonan syndrome-like disorder with loose anagen hair,2.5582118822970354,0.2434056054980739,0.8933799297932143,-1.8376265122056048,-4.063849020302477,-1.7160908299408912,-17.27299726011185,1.8541865775194006,-22.603759144833898,-3.804852019689113,0.7784514130706958,17.935655022512297,1.5448130112210898,-0.43128578288713587,1.943622285263527,3.4409582467909603,3.685334502596154,33.04927711016777,-1.1530607913229978,2.244518562654214,31.23252172419098,3.26366773294836,-0.8215825717228417,-1.9671919987946342,-2.940011707727195,0.0800181739357058,4.552277150189335,17.106361389971962,18.890253689130105,-2.0402657126669927,18.124920281024682,34.13688878456158,23.282860357085546,-2.593980683035161,3.5468772992494424,3.393368947051544,3.189877461127049,-3.4687889919117794,2.2578376098660438,1.7095897093965116,1.1333100399302083,1.2731129133639352,0.8591531601820542,0.42547825936577316,1.560384888218237,0.9754054308151577,0.4257646244022192,-1.5261771081804794,2.4382985682512213,2.1804052731854577,1.9374797539395514,-1.5135477477862918,16.923806569259582,20.48354853527593,17.304158313842166,-1.2099316679546608,-2.732180370292674,-3.2150576370513884,-3.526951570781508,-2.212123398084886,13.291764206416559,10.10864247094054,8.7328961340312,0.4964153812734892,-7.126611238317268,-7.180177943245268,-2.0675308540752906,-1.5764389848392921,-1.3906554274645455,-2.9045564047506045,37.57960106059095,19.102087287621938,17.80996105054963,5.603889022600115,42.158925869299466,40.72536391906911,-0.16867702374097548,-1.1706728863371463,2.3458149985372514,17.91017342032257,31.378826897237566,33.96385372270203,-0.20199955768937272,-1.5416285247828665,0.2592404109772609,0.8766972773914337,-20.624641443272665,-37.426812880139124,-1.6441394846433532,0.5665591518642589,3.517660723540708,3.585049410648824,0.9008714863358855,-1.5858701408340985,-32.03051827920766,-1.4573828353342435,2.6489440487252702,0.12117908177660092,-1.4398530249145047,0.409386929194223,0.3703624841477322,1.5996775788971402,0.16377593166723142,-3.082799710629703,1.884608187347582,-3.7292618613816373,2.6566412796855663,2.767512802159727,2.854968867932426,-2.081172771524781,-1.1023750900402265,21.938189353704786,1.1913402957819663,1.6409470381649078,0.1135588418417719,-16.186076833246236,0.31695580636651477,-1.4039397339955582,-0.1304033646011694,34.836797171197645,4.468630979327886,-1.273397109579427,0.8512720904953033,0.6374816369721638,2.4580217098909305
O'DONNELL-LURIA-RODAN SYNDROME; ODLURO,-3.5468193282902343,-2.9715863024509384,-1.308060088095463,-1.6024706027428337,-3.473280733182698,-1.2248658901272171,-4.382727977221017,1.2212657329237617,-4.230587814067946,2.499963832038432,-2.4245514623218893,2.107323455204009,0.08570127778285679,-3.7220902043091355,-1.6960117472039662,-1.1556716496817179,-0.3843080151646197,-0.0023511890623268967,-4.0672570633766645,0.3009207933506946,2.629258227198429,1.4089582319251943,-2.9788539008642716,-3.0874181658322826,-2.8359414667007843,-0.1789560493855482,-4.684982188878356,-4.300394788797367,-3.845581038452218,-3.557874497672496,1.1314824848298042,2.847557619264176,2.917477195545321,-2.8067779495429255,3.333462014631699,3.4102386736104737,3.396733813542934,-2.3185836525828147,2.1816664297393906,2.3158483112218273,2.304845380848121,2.9364222271048694,2.8396485543004455,2.679836101782944,2.695637946412359,2.5877034710087172,2.427486613646959,-2.313972437455509,3.3723266786070156,3.3544272874861933,3.2861751452914354,-3.5056342273622048,2.6950265330788934,3.263892802331088,2.6161787124562608,-1.2955676692184706,2.5542323056288896,1.9290158436399336,1.0774453389234602,-2.6586157486018136,0.8718671403275223,0.6670557961001234,0.3871583683663628,-0.0013021200655752982,-0.379136773496663,-0.30084007600241336,-0.1680718874477556,-17.01905303086093,-4.246339998426317,-1.8299234670810107,18.29225897902501,0.7280125490284276,32.65212496493604,0.9751738603156673,20.865496550369787,18.629351129279865,2.5832164008960703,-1.9741270984147952,0.3133154672431959,32.601752309909294,-0.5464699191712469,2.243013491111427,1.3131665715111367,-0.4324656445292464,-15.652285759121442,-16.109888849381715,-17.884875059728948,-20.481445903236786,-2.0862026975396493,-2.9862056978386198,-1.101648796815533,-0.7560254618281921,-3.427175396528856,-0.7119880952395891,-2.5253014282737074,-0.152499421839371,1.9319519684868613,-2.077693648904692,0.775012995218619,-1.861983788023545,-1.9788585560705105,-1.959121506337913,-2.5971830071582365,2.6062630400377027,15.738485169100747,-2.2612091167015516,0.7963933087765092,0.8762390391482765,0.9474855420220791,0.8063515520549456,2.147965940132909,1.2136422010413825,0.16647825265382382,-1.6815250339985963,5.724680567010846,0.3049545365976484,0.8194984684346102,1.2209437107393095,1.2853816435883374,2.111289774135722,-0.5375461382903072,-3.567552244111876,-2.0466443233700486,-2.2512108045856674,-1.4277052858661086
OCULODENTODIGITAL DYSPLASIA; ODDD,-3.7902516951237106,3.2209224399763654,-25.19984628209158,-0.5360002083788327,-1.6013124761562778,-0.7102817412602493,-0.2618061955566827,27.468295601430746,-2.5601051870981264,1.7224629129769902,-2.8572160707174414,25.3693030421356,-1.4711668382842356,-21.752683341552938,-1.5900360489612464,-2.489620646911839,-2.6885215031118186,-14.241446911844566,-27.625736006425765,0.9215031150899257,3.649635690092518,1.3427328712859439,0.1335545296199852,0.6875468793699044,1.282331923097931,1.1073021091051838,-15.764053834639755,-16.358366929607126,-20.589812010075565,-26.407774090049195,0.3124077222721311,0.4018947969196292,0.23002437483884688,-1.5621453714691123,-2.1693176105057663,-2.711690122149154,-3.153882605161526,-3.0512859354160247,0.07950639116219484,-0.037362118906454585,-0.14333361367086822,0.17409055085988123,-0.030557662190470264,-0.22944007061022653,0.039959809739187946,-0.18473110530036582,-0.4268014657353356,-0.6016518268546439,-1.0046973973183981,-1.4193155470691683,-1.8269226173310165,-23.397579093180017,-15.532599174225096,-25.57547142759944,-23.115081168062485,-0.43800037358891614,3.460716319062398,3.319984766387734,2.89175326846144,-1.7303229079875742,0.04269555095211532,-0.2791541601991254,-0.6672375800422751,0.24556769518048935,0.11864240045773077,0.3199245737688554,0.5658427023156046,-12.510327639877577,-28.031579225024522,0.909913693475661,0.8147614146345701,-1.5151249723975924,25.98681343110275,-2.56857497046811,-1.7254013379525817,-1.9658089889482557,4.2916085451429735,2.2383239326456663,2.8810378168098305,26.091148068109316,-3.3561905699201042,-27.390263767106195,-0.37702880097797353,1.6291250980212284,-28.690790402801085,-26.688036652514068,0.3104395476084811,1.6154469633794708,-19.447879265697836,1.8868890293536964,-2.347524437686893,-2.838849893083076,-25.64629206806348,0.29347545832351807,2.5469854493546555,0.5385529122864793,-0.8107332541881382,-25.267568874131367,-18.030168866849458,-22.463458141192493,-24.300711691636756,-14.874238096606451,-16.28767896793043,0.9701177898614123,25.550098204520268,-3.5795679649528336,3.7435674983462377,3.6890527844085454,3.608326159682249,-3.2245367542249657,2.5058113139698333,-2.9255238730349764,14.995858369533654,-1.1755568755144583,28.359822049733857,-3.5264903207852494,-12.974861209615138,0.1821881355773806,-0.23318988036390254,-28.619337955604855,4.3570084490565275,-36.28210292201797,-13.764337534523364,-4.18535231256036,-3.6175596477798395
OGDEN SYNDROME; OGDNS,-1.387453793534113,-7.875638459733171,-0.5609477109027723,-1.4080841002255886,-0.5998843503587047,0.8220713393338344,0.93971464127534,38.654566427605744,-14.073405198055006,-0.10214011829949703,2.1323530859126554,-0.4384630707374891,-0.21753152349257926,-1.1098363813220111,-1.1895224037683723,-6.992918047120289,-7.948249057613594,-21.53629118152517,-0.49618872329753166,-7.952947172257893,-2.00582687473101,1.1408173701945867,-1.3896941069914506,-1.936725427720408,-7.263902740122509,2.3605880416945886,-16.11063528733926,-14.03178431783375,-11.626946032678553,0.6873279945723526,-8.750986055775375,-1.576154094729592,0.5939631840398323,0.13150829242749704,0.19262313573768403,0.2719188791654667,0.34890579649185743,-4.468467793941579,1.1558261533074148,0.6802092882512744,0.22768287718388106,1.155018028602581,0.7121478085028345,0.30804125058349635,1.0525832814662044,0.5524969899460431,0.11223315739053126,-0.7285309477180414,0.6616851567133555,0.5559633693871108,0.4454882510096021,-0.008990526516673925,-1.5688000673526141,-0.5760199346002461,0.4822576628888128,-0.5838526357175496,-1.2139223398996757,-1.0967172141279795,-0.8776423318317607,-5.25664397868418,-1.597162966695553,-2.0293591339002344,-7.272545107124932,-1.1238047532973603,1.3398110805501717,1.7567232944157647,6.756435636125807,18.770683422929107,-0.4691063285731014,15.7689481700606,6.7241387298361595,1.5821805453289433,36.912610663634915,-17.935295405084496,-0.08563368497568412,-1.037630409417129,2.8225570240635816,-12.24678433976915,2.6738769141001706,36.85616037006512,-7.945022306753964,-0.45004399818447255,1.3912079477301682,-1.2677618290101424,-15.274482923662337,-12.461954093939912,11.505688766965411,2.3553427093005577,-0.6877468966110035,-1.5388654634126242,-26.80048731805052,-28.97242480109466,-0.7010664038487985,-1.8636826930177586,-0.6140028875383581,1.6033046619987568,18.1250902838957,-22.775373980120623,-12.460102999824969,-20.86135252821535,-23.117277387695147,-19.442770894215382,-24.038402268122034,17.886324124869102,1.1184895687477927,-0.3794075426167936,-16.106180819737883,-15.32079528697435,-14.262850401327206,-0.13689454349914315,-2.0466514070984454,-7.868494013600665,-13.689292055076447,-0.029580304044649595,-1.9968777735729142,1.32996088434956,-0.3819480957136274,-10.764842565567873,-0.07153953938982091,-1.7955057634483313,26.3383320045649,-43.48206573611727,-29.34020697239547,-26.96515102555278,-29.442327898444738
"OHDO SYNDROME, SBBYS VARIANT; SBBYSS",1.2975475210292948,30.04566628619655,-0.9676038773112128,-1.5281331657020871,-3.0756384481149768,-1.0142923018757746,-19.481037684681105,13.513509868948931,-25.106557616206615,-3.5553032959325983,1.3857862377582557,13.39108075181515,6.870290912661408,-2.3324084091199966,2.984151715622309,11.751636377096016,10.605592581550397,27.644997466345195,-1.3136231677234271,0.5432124691971277,22.45430423518088,2.967870505463947,1.1706924878883602,0.7180673104185821,0.24768123611258488,0.12282239472336288,10.030876092984442,11.69104648570112,12.883996612196277,-1.3888941126077212,20.322587600051648,33.22876122917523,26.730091652005793,-0.2940731649711166,-2.3816049612389936,-2.325490602778788,-2.170840799438222,-10.57982331619368,0.2927221717810044,-0.007670227333835533,-0.2883431913985061,-1.408531783853373,-1.463246481364106,-1.4491017686496155,-1.1375344745056903,-1.318414310141746,-1.4374797709909688,0.3856907757592077,-2.106097801124072,-2.047087334848381,-1.9431619993162543,-1.8529491834809717,-2.8995911598767754,-2.812555754089557,-1.55774090025298,-2.4227315974173087,-2.739484208961233,-2.6702873740648085,-2.2991385884491176,-2.4912335107679753,7.877423806929216,7.355623994539359,5.996417728810002,0.39489931955644186,-2.8831299359618354,-2.641435717396689,-0.7057991404280513,-24.412106177116776,-2.734638081204896,1.058206236371649,25.376682655429246,0.060637165532267286,14.060375879291263,14.855396235788621,3.2930786542855515,3.8244042962913003,0.7061581749567175,1.7846512313949097,9.857545491372962,14.112300443362164,39.20707498178226,15.00216659001406,-1.6636513304367888,0.030941213587557175,-14.31740649676546,-3.724215882016008,-13.229566047405639,-14.274796202258171,-2.507498970521831,0.4525729205798639,17.781565718807965,14.075758257515977,0.12148684623640388,-2.157347385656646,-29.898907153593747,-0.6350925530192464,2.164165844338279,1.4161456771653302,-0.7044550432806498,1.8507357950532328,1.6740371387666455,3.4910114782761106,0.41401052015061796,-3.0225282388833223,12.193448637913525,-2.124792719680224,29.178645106314704,30.277985652973904,31.093631395631586,-2.1323668037355725,-1.7018204230560945,16.66195956972512,2.5753994721870055,11.492396074887333,30.72087293903847,-13.779116723967519,-0.13360798064531243,-0.7678916062842485,1.9124001681382112,3.463824210689474,3.3428984876961554,-1.6943798332556683,1.6638691190672024,1.8682910177710257,11.20309201773456
OKUR-CHUNG NEURODEVELOPMENTAL SYNDROME; OCNDS,3.0039166106103856,2.0621667447986693,-14.796371796779836,-2.7352701058716926,-3.8678751048292277,-0.5585478038310797,-0.6676546636399022,39.55457716671702,-1.8471535179162204,-30.883581354539945,26.47291195425123,-1.9046376422048232,-2.2267351579996153,-12.865379413472253,1.4399964981613143,1.2007096282381813,0.6062646319691901,0.7906599407418591,-16.678541409780845,-1.4506097079708147,-1.610226380191445,0.2636001893140013,-0.48941469832139717,-0.14888632428184337,0.13640961545948724,-1.645033735787348,3.217026448679113,3.0417546947637737,2.7441140053705886,-4.387448321450624,0.6744019746430584,2.019208579943445,2.0702356736866867,-1.309707520557181,0.2367626526069223,0.26602389400714166,0.28815347723596296,-9.579000028582469,2.502319865309005,2.4520264979941007,2.2364328048893665,0.8081610943111162,0.4680349558157738,0.15333713354328662,0.9486707430292338,0.5815067288106375,0.24809450187721002,-0.48105873939905813,0.4084982589275131,0.29044140674702046,0.18280289918605588,-15.697596874283319,-0.7768978932900473,-0.5953087502180059,-0.21754599402056526,-2.4295824706758924,-13.161114468635313,-14.511700071680586,-14.687627253329646,-0.06784079940618916,5.238358955752281,4.5220207646739174,3.30259238701074,0.7899830541899738,-0.44485823213433723,-0.33967119486058034,-0.18527139348276303,17.82473878326002,-22.918832513721252,22.00740796848546,2.3859349608018854,2.0782333048905888,4.519547961021994,-1.5326676760910702,2.6895355194069674,1.7842722616231674,24.947182838006732,0.5589188689558636,-1.0471988361292452,4.479287773700761,2.7396341751411075,0.9775173156942615,0.6410519175357213,1.3587156523051183,-2.065860945109384,-2.698656603937301,0.25780370671487624,-0.7418739287471181,-2.5133546774048345,-1.473453796344727,0.0990515432204446,-0.5850139497693624,-13.803064196562676,-1.153119262870861,-1.2209754732261973,0.5397600414449599,-0.2628255648652908,4.311565220439538,0.262112074252205,4.926039282306945,4.256925764786256,16.07836803634918,-0.07168841957499239,-2.228056528179251,22.21366708997806,-1.9112179699542466,0.2243580402886803,0.33168596313848553,0.42012535879195156,-13.04921596612033,-28.50654190547636,0.0727258932437844,-24.37566909228153,14.592992110526604,-5.719666354176735,-3.2035346171766794,-1.8309208252727551,-29.99527448876484,-2.9098909051594086,0.8350071768288235,4.7440879572823595,-3.825889164238503,-0.9624168977111252,0.1789164340969385,-0.23047890890911626
OPITZ-KAVEGGIA SYNDROME; OKS,0.04245651404304151,2.554216813809236,-0.8447102799030671,-2.69457604173652,-1.5475185634013697,1.473443021279031,-2.824074252227664,2.2815629249750375,-13.928265827052691,-2.0077510185448184,1.268713195201671,1.2648595780972474,1.0976380921458233,-1.9182095304196325,1.9314058486251173,0.7659249677588309,-0.338840431206166,0.45555356299834604,-2.7153522807433768,-1.391899452702603,1.5798383873670026,2.4168027861069126,-0.8202177870983641,-0.8139705052252075,-0.722104545744079,-1.6171665979719072,1.7317710391935976,1.6364098264401903,1.4989854471247435,-3.058639557864054,0.16211593843156505,2.3280694993789353,3.236519411786018,-0.7508086143824662,-0.7817722681097233,-0.6526297826549036,-0.5224386420482813,-10.35187079214409,1.2584946901800045,0.7473338515617329,0.3296947773339699,0.2830207140756197,0.046999430177952474,-0.18482855884085556,0.316990929755688,0.038624942628090124,-0.2309361911441943,0.285615525489428,-0.26286627705970145,-0.2947324487997287,-0.33105248463941866,-2.9185439109948046,-2.6705994594460543,-1.9435934436783204,-0.4329506016557129,1.042266403570029,-0.03037832188433812,0.07966267521128573,0.19750936885331816,-0.9615988014486722,1.8477302712638402,1.3760076313868652,0.7793940256373498,0.293976052225451,-1.0989663173602087,-0.8381594911136396,-0.4991407338604476,0.17186775363784376,-2.8123518728210377,0.4449411269680263,4.266965999903919,-1.2435393119185072,3.857662801618516,-0.24736966732769972,2.2176138896911763,1.7607404341508315,0.8012634959060213,0.0354404228706742,2.1012356111746264,3.8562004915936003,2.814094497003575,0.5058651247153809,-0.13890737591556254,-0.12104485710341063,-1.9535853315792235,-1.3763415596141693,-3.6682910013208794,-3.2205110826310066,-1.0670613932713604,0.5062749501893743,2.9075964405855115,3.0815898846634853,-2.3820554107955845,-1.8695810561311805,0.14255004010775915,2.0220080505260385,-1.118834490171494,1.1322569729636012,0.2518681708609451,1.2580727432752892,1.1705228027490915,1.8633139142382158,-0.22026186351385996,-1.6392891385175443,2.9368517827095686,1.4931424988635815,0.48784185529637925,0.6701635123338677,0.8806097583448922,-2.3154929959464203,-1.5711050141303196,-1.1088317219364752,-1.1517726878002006,0.782803124686985,-0.1462570736686337,-0.9562489807776199,-1.6277196946042773,-2.3513744449883784,-1.0558795492632123,-0.10817686026286283,0.655152154812671,-0.25117110353433225,2.0013459964168057,2.0317924276372934,2.7852661254171243
"OTITIS MEDIA, SUSCEPTIBILITY TO; OMS",-0.21327552014822238,-2.0307072627874643,-3.0836145956469845,0.43723816931070436,-0.34213819105865545,-0.8530881070843673,1.852469273765634,16.858182885098667,0.9242668823970169,-0.12712458614160949,1.3685907143384821,3.1084071085513547,3.2288610158082194,-3.7601726499158756,1.0547463219058089,1.4738820221337037,1.519274217311564,-0.22499572143835078,-3.152915665827866,-0.11225919501285561,-1.7215915905446015,-1.027040545573089,1.0164105619971464,0.7446593174974301,0.4587318485306395,-0.021056408807451115,-0.48479976092201366,-0.4095366393199901,-0.3277280710530801,-3.023724354222376,1.9498142785821266,2.0666508826358916,0.8725109214222682,-2.550064145598078,-0.7734725420424069,-1.045718966044441,-1.3232241773272329,-2.598125102209727,-1.941868182192486,-2.09141473493625,-2.102842601118928,-0.5451976752070692,-0.7324431172878648,-0.8853945081738592,-0.9171252046936995,-1.071472214673697,-1.1827803008860094,-1.865760190069223,-0.5411493932400984,-0.7817991513020808,-1.008101639173038,-3.394242577534632,-0.44282967082562263,-0.8446663467574977,-0.9651225088422816,0.08343233694711115,-1.3842823869596284,-1.2456057405561065,-0.9527864446153784,-0.9932226538740899,0.10484706741238829,-0.027848371367015616,-0.16403169157685907,0.030098269109742885,-0.035288616140689066,0.05402335215786367,0.16809386433960993,-2.9698471882316246,-2.864382775062288,1.5401416769994272,-2.7204697120781414,-1.9561656801327387,-0.15994651765291582,-2.222874175817796,-4.006705525141071,-3.848877207719275,18.148174944532,-17.922594037975344,2.014684856531277,-0.15956935086863952,-0.020388638813664338,2.059357256364015,2.8914093970339163,-2.861634645131119,-3.448329435981913,-2.9453664574193517,1.8196981548316975,3.5946346823628192,-2.313756884330443,-0.8093916727641081,-0.5911168459433167,-1.282061723373643,-3.31868682838569,0.6480101259025963,1.219684238916977,-0.11935904585782021,0.1072187593675824,-1.6922711410417637,-2.8231745424196983,-1.3010217275633216,-1.5389612713232728,-0.8499590943044264,-2.0074857177750283,0.006804309599725993,14.988509403280073,-2.4486912472165145,4.7395468147734165,4.697327633457283,4.6914670029605885,-0.9369175321295964,-1.6060140710607507,-2.4351092201371705,-0.13747341549364228,2.1678234493091164,4.259910452260481,0.16409658489504575,-1.0048485781626588,-1.3362441827240537,2.8152079376877124,-0.649587545267407,5.09679339596529,-3.6170851565776734,-0.5261252551883048,-0.737465208551948,-1.077543189987334
"OTOPALATODIGITAL SYNDROME, TYPE I; OPD1",-3.074952927158918,0.986897258819974,-20.01775917018278,-4.063106956047606,-15.267065596085171,-0.2336343608264556,-1.2204465804891838,19.52501532787251,-16.08366815339916,0.8159069967692586,-1.08785574596953,30.561283850705212,-1.04750810105862,-17.544601124775472,31.006430692486713,32.06297101919163,26.469439364406284,36.64907304609108,-15.957655303340001,-1.2871489851422686,2.8506613440122868,3.3318722300839467,-31.582731669112768,-32.90103578257003,-32.16232461279927,-2.9292782964608906,2.0395346258520877,2.450399982484892,2.730212479672363,-16.84791458638406,18.639418015750657,37.175766712845224,33.96263979942786,-3.7358988318313817,3.6284389667767862,3.896531722301195,4.068918221584733,-3.376252695886211,1.950093762050977,1.5363750196550205,0.9991770540314138,3.0539323864249353,2.5322892489030595,1.9327336290615993,2.928306790221487,2.3279627601814084,1.6275080695278665,-2.4478219216595756,3.5574151278080874,3.453266200024326,3.35495274864688,-21.97565050688076,2.80136325093327,4.963556652466846,17.19232526764265,-14.407467094729782,1.2604129939068882,1.4698689433639522,1.5908417246765831,-1.1712260786100097,-0.9256148760871212,-1.4621398070272604,-1.8032814824655976,0.30816983346122057,1.2434378483655437,1.666796506257726,2.052541116599349,-26.050760650369625,-22.33759951391651,-2.1719251108584214,26.29774951266603,4.5357852077399725,17.856708605458103,28.63701544390161,5.055223798441158,5.810533293073596,0.8844952866008807,-0.9973949149694252,3.916742524182059,17.722436187528594,25.282464391207405,33.45209882698943,-0.056284466509829725,-1.0734545656068952,-0.37290885274391267,0.8172825083171166,-1.438139592148526,-4.569708718896933,-10.076753906002391,5.565080226373968,3.567447290614275,3.4009399625866736,-10.958692553056215,-3.684123972699342,-30.72208821647211,0.32269794156682535,16.646728241633166,-2.246213326093055,-24.674212123022837,-1.4185064702834864,-1.7198319599435383,-0.5996441063519575,-1.0995254832000783,0.165953088052839,22.953971831238277,-14.864451844917442,25.50442368978577,26.335932836532532,26.899764842769443,1.3561517750563647,0.7922507822447488,28.41687970299342,3.8069785579536912,0.423984035505408,36.89943861069763,-0.9807803941596426,3.1542481030460303,2.2297933536403733,23.59550027253866,32.59911348223281,-0.2416835078373122,-3.234057723055909,3.907027974634189,3.455889117736271,3.6073678334488184
Oculocutaneous albinism,-19.65514994858104,-16.377475934971283,-2.7006897646477563,-0.2858660094917948,-1.4980548183380242,-1.0402923325992046,-0.17313185513468446,28.781985709640523,1.86673032899853,3.002563101735195,-3.5965542847294274,36.63210232172665,-0.9392703598405592,-1.2717768247003023,-32.38031495378767,-38.21882245257192,-34.91506344933606,-2.965233920400863,-3.2406916714294307,-0.7292475419761474,-16.83020613878329,-2.5051586731130504,-0.13367171750692633,1.5697044365665154,3.1772558862464675,6.181155567336611,-36.982240750007165,-39.767573115534034,-41.69467103045511,-15.212903745412959,-2.2768693949711603,-4.396281861193451,-3.7456678026643173,-2.9657203488046218,-0.02049020865208526,-0.44134083596905566,-0.9320243156455459,-1.0994004236202919,-3.4469335263720335,-3.001380481761917,-2.4152894808908036,-0.5413093153867,-0.4348212693093377,-0.31755221028014036,-1.4088688886936835,-1.166270452677793,-0.8923857634667416,-2.717938989727568,0.04718031648351099,-0.1365878714916098,-0.33237309285903466,-2.120124040424897,2.299470735599877,1.2628343161790598,-0.06235264410397048,-0.3374616911390413,1.15352999970801,0.32720657797222863,-0.32873629339597615,-2.030848169988606,0.5058688074061081,0.40989997597079864,0.2664831686535644,0.6009682371065591,-4.718486504245245,-4.893353508290609,-4.709602343778949,-3.1230888511257087,-3.0793613028361944,-2.565222699702793,-1.2494900393025052,3.3590692732632674,36.81947208866161,0.9394591851879466,0.32241207145718304,0.5075150425406674,47.34451948299649,-36.63457107705821,0.33328211913685474,36.84367828950275,0.24564689212755528,19.652094843994426,23.194448322275086,-3.438785331001535,-17.554130956027247,-18.288214905871754,2.9389040376190074,1.2410436405944965,-13.320707720372358,24.16449072882235,-0.16583503493623147,-1.1544497957886652,-1.2568736037763701,0.2872085862780176,-2.823058661235103,-1.3291118341336055,-0.7974553630862035,-15.498026932402448,-32.594510086845254,-3.795743461714852,-4.395332651606939,-3.065597092666066,-2.2711168121554053,-0.1144355471714713,2.1815271615427134,-2.561870483953822,4.19582943711951,4.117602066159217,3.9757053243097134,1.6856478600871472,3.398444659265393,16.111786886464362,17.43261629914312,-2.930070812707009,21.85577001191979,-0.10123527185771271,2.540875771121623,4.415864437839575,20.62614754974276,1.2388785195779681,18.122917790121804,-25.109424198021337,-0.6549480781790706,-0.7893149983002717,-1.0602571534820755
Opitz GBBB syndrome,2.9787432242099006,-0.21239778586300795,-1.634863585965871,-14.693503662073052,-38.53705545576222,-16.367426440601218,-17.61413529099771,2.828543804947715,-1.4763522226777286,-3.019871009313327,2.9387709462703646,33.19485572893821,0.33708836362512096,-3.7220334638333226,1.3730003966716608,2.5145488621327026,2.7866898694431566,60.2186568254241,-3.6623541099546677,-2.2390163336736677,-30.900419830590707,-3.024443388999336,-36.36939419547335,-38.45852330714613,-37.312484020573315,0.49098065120678,-0.135717844003325,-0.13180975551043111,-0.1262296021951901,-3.2397404923639197,25.633456338723416,33.56088302325836,22.20199721281046,-2.301178581795366,26.44480004847052,26.259145797904203,25.515184306662274,-11.550565488094723,-0.06687884619382144,-0.24974169102178084,-0.4337796706996821,1.427839295609338,1.3060830164923818,1.1766106412161699,1.1540614068644537,1.0502586636853237,0.8665755253058601,-1.8298311302086856,14.751922943899237,14.510956534093769,4.344204516311554,-3.265887268908479,44.89516597661871,49.75676706300847,41.478793650071424,-2.2101030343817114,-1.0196386362025431,-0.8500992997144904,-0.5916302292332836,-7.3193532604178175,0.5937067999138974,0.1575878115886733,-0.2886114856868945,2.134696753207603,-0.16558883236478694,0.0845985210362887,0.4392027132460492,-3.9096060740991563,-14.224784850610547,-13.89020315067345,31.5770676452551,38.928822918858046,40.72366913191331,44.054089268235636,49.73507367959814,50.504941109154856,42.6223445052304,-28.982487286235276,1.6697897461613775,40.907957646550614,60.60645673782443,64.04320656121985,2.274224437643681,-18.92354599209602,-0.2328115246796655,0.16815766261188983,-16.546028417869945,-42.08579012490835,-2.7950834851213875,-1.5589793843146558,-0.48052479220171723,-0.304503851943423,0.04310024949662001,-3.0303827747847865,-55.197850184021256,-12.813395295295441,38.11275377595592,-22.46271094275861,-3.1650729364647483,-16.53629810172454,-16.80807480525765,-14.75489964658306,-3.9059434430147895,1.9693609047197445,22.30298787667282,-2.5978296806834673,22.549982491048066,23.41497606019642,23.956713831069,2.2230851166060743,-3.441951817887571,55.19852823367463,-4.043885713001841,3.097950830195748,-0.9010456637891349,-3.61236587822231,27.380147010757387,-1.2730835890802519,1.7068061225965172,63.2009514518736,52.71313488446355,-24.820270391118036,-1.4364440773335803,-2.837636867167368,-1.3988791310532758
Orofaciodigital syndrome,1.4346559124277376,1.6672985882649636,-23.44789153104127,-3.3124292347716286,-3.7621590370086784,0.004071327880140416,-2.214680394078919,18.8030754871781,0.30408846757422153,-4.101447203632293,3.7541685530831534,15.286660546595222,5.044659585476905,-23.35782728590805,0.7465510267652855,0.9845492545275722,0.8698870015793136,29.473555337676956,-14.078095266885981,-3.1890665187936333,-3.5325971677560584,0.6561632150422257,1.130915173423983,1.1653158051316104,1.0398917623912523,1.8829110595775578,-0.6748195063257053,-0.17621386524613863,0.26297152564203,-2.651339040235947,2.302430047246229,26.886378554943636,27.44472887316715,-0.23118756669039028,3.020370037390015,3.516884149162535,3.8940099645535566,-13.179846499006159,2.5237098333544945,2.2051116286904695,1.7713846541029803,2.562002068352616,2.441402268640385,2.2204207469199284,2.861607350598696,2.5670834697568696,2.2259230455571957,-0.08290417264241134,2.7901717206307404,3.0298531004439995,3.251356489436848,-3.78261769001216,1.3247190852225703,3.3975843607646197,4.096551945698824,-1.2881994027855685,-1.3419131779037505,-1.5231003311757543,-1.5633146932482398,-1.9934387251819465,-0.17406517454038692,-0.6303416697682415,-1.0686817283687617,0.20192753969372224,0.7010911176316266,1.055929324869038,1.3990808484760429,-4.617899617238825,-3.943085709208588,1.5738005198738765,-0.05384902745140533,2.3811093463069,1.2003655916140663,0.8629108003519492,0.33932035830756224,0.49451822818949476,4.605568157933916,-0.720684473242459,13.909478085055335,1.210140467338651,25.14991171801454,29.968345722974437,0.01833928346774455,-0.674008794214808,-25.14760294870379,-17.06570728398038,2.043496991029862,0.6550173601951172,-3.2325425232605203,1.1486484820024772,1.6740352021274933,1.5551986248042489,-19.86700119822125,-2.594427820709294,-16.71725065654114,0.4776509851085671,4.584118941645771,-0.21056958974974235,-2.406637350555416,0.17932277009650469,-0.03224902816420723,0.590992087205889,-1.1662655094688643,1.060731249793202,18.702701823719583,-1.70308479258851,30.09791838261003,30.660251337978956,30.978535659613648,0.4050911666826538,-4.073914883271681,17.344201077167348,-2.907275031401953,14.739514192123279,3.2827861492745627,-0.12085137284184007,2.713532976068201,-2.150640670933391,2.96572029884212,28.670739217748725,33.72258104904146,-4.104046465671711,1.5110278077509336,1.51272418649125,1.6260273567788142
Osteogenesis imperfecta,-2.7227380797128977,-0.7994455448390895,-17.120340765370496,-3.4373287167410034,-36.466734451539985,-22.769502279689092,-28.988223606713703,1.8820901486625008,-41.80110267269932,2.186773153410627,-3.9131555179006265,24.05906659836283,-2.1187075598096343,-24.164683188472548,2.405305321935316,2.9054875710000476,2.5454588722923455,33.41406415577625,-32.281501057273935,17.2954419094251,38.32580474671756,2.901939132989599,0.2030492518057214,0.4055771458321835,0.5634316762395426,-10.4021980279825,11.540164721722594,3.6205925722710566,3.5814656888078167,-28.334479468356026,36.90256575130903,46.37035775092658,32.850745436954675,-12.044769831507754,28.808371499328945,27.548378667100547,25.704374995281754,-22.761429393509406,17.181632776790945,5.044801066805691,4.494149236329768,4.440929597301251,4.223520730825333,3.8682917379011466,4.356380193151957,4.105096657837567,3.7024353744646734,-2.972681760179399,24.777987646413106,23.587413433047093,22.059298302761377,-27.656566588168563,30.899180029558597,34.83168076711233,27.789914007971767,-3.734554917462385,2.1591828857120516,2.0740361253746777,1.8174415709972709,-2.9774179265572878,-0.5045811386531911,-0.7908112391849942,-1.0124576573100843,0.04666635116452706,1.0466804222360353,1.326886600635083,1.5484216467594887,-3.725034527622135,-33.79228504475223,-1.6486661189604408,50.47446530721449,3.4097451584304426,28.884878289968146,30.567007938610995,48.83977387489317,47.61869918270104,4.3218658471315585,-1.1537623424629353,2.9324896700655407,28.738458097040077,32.02578085399278,38.93092063969672,-0.6674088624447043,-2.0520043636674274,0.4806706928764644,1.5284049337030279,-39.566250042099284,-48.95687742488049,-18.24101914909369,1.3468597897139212,1.9528504214390796,2.493697745125829,11.321400546323023,-1.7206650315439418,-41.52520234549454,-3.1572523810796227,22.515374472630757,-3.2198079408166462,-6.29002589464548,-3.42644141927764,-3.0033528796816062,-0.9196290307378809,-2.1581880828621496,2.1657372694253256,29.299874377393344,-2.8043876138834136,-0.18537405293534961,-0.3177799072291746,-0.46286742719356416,5.187778088250628,3.497559987042028,32.33803413415578,18.85972489633709,-2.8143710102951855,29.416124534983307,2.1096391133050822,19.983703611139614,23.32875116213054,5.6920515157236675,42.528501555801625,-3.6494715888291216,-0.19023219068672537,-0.2259709766508259,-0.31293411969339885,1.1422083337078377
PETERS-PLUS SYNDROME; PTRPLS,2.9483179415005045,5.0075315779826,-3.2867607540390713,0.2693360571879461,-2.629465332617699,-2.8459553975671215,0.49356766650663847,19.25446694845494,-1.0094636980024818,-18.246121309724227,18.400868432703426,0.19865281538677124,0.1833938589068372,-3.956006204007235,-0.09778246984190501,0.2959217795279545,0.6682118750642893,1.7587871977701013,-3.6778288088300477,1.1942870388890356,0.36605261156551894,-0.8350760834214833,3.473329895433703,4.396349254314076,4.722001931462863,-1.8776243207534855,4.6938488557269435,4.661760273976725,4.589263129696625,-3.5410329683743114,1.6220370066362306,0.8027674796010551,-0.2621334221119401,2.5067983584751783,-3.067363221415587,-3.666136829377741,-4.176063994099506,-1.4203760722963543,-0.6262849719372353,-1.092889835361721,-1.536274370261372,-2.5392909736591123,-3.058178567224868,-3.4081919422506206,-2.349539260092639,-2.884562430976758,-3.2211799585501333,3.2375255227083106,-2.9840906060654135,-3.5241958300332277,-3.9790491430638473,-2.4163975708828724,-2.7126762971909675,-4.396419235613269,-4.587500917348045,2.50735923529059,-4.522988097529051,-17.347975221079135,-19.10329779340911,-1.001837121923459,1.5739490361463493,1.2152739688572614,0.7270699534997683,0.3079035798359079,-0.8287237781864589,-0.6352183308001886,-0.34914391777239606,4.485103995991418,-2.8468259150721966,17.532571551042277,0.5905933040779436,-1.1274377280167631,0.1236352740374858,-0.44520379612147604,0.24507712876453042,0.13497950476413476,0.6827817596920838,2.761506875452659,0.9190048339486546,0.12432031979317912,3.103266221087127,-1.6582671993830587,-2.0697183011901648,0.6573287591438981,-0.8072844750129156,-0.5407938317646267,-1.3389605990923445,-0.5579643158108634,-3.006931349775393,-1.6603381563509139,-2.4821507022083393,-3.3315735154662462,-3.5859835510584435,1.2566505014618103,0.1613859702371133,-1.1641866003783374,-0.9985276589189934,0.021089627285705643,-1.6316611874994662,0.330585313910454,0.031137139196709015,1.3619389098280195,-1.6963682892424634,-3.465767363823624,4.348031121964048,-1.2450381226752063,0.8083964853856688,0.6407704189521346,0.44694034522257553,-16.4939354165317,-19.46087430353889,0.09386532159971839,-2.6802706316331664,16.288545457222106,-17.071298555849378,-17.477636015968383,-3.9155570798025576,-18.546734252893334,-3.0345412829491707,-1.580200051465007,32.23504527186385,-4.249807912111933,-1.7208147365301292,-0.6751623985426974,-2.374468472130739
PFEIFFER SYNDROME,3.7460560669919514,0.6828298239859584,-25.178902251606406,-1.8404439773216041,-3.6139871146116866,-1.506977091923536,0.13780331194530293,31.687186274841693,-3.443880066792456,-4.275497068553482,3.5267350707361693,3.249604093210276,0.39305443818978103,-3.247101969209839,0.09321268338415002,0.7994661164389497,1.3012981781968338,2.8818527816529373,-16.781168155701167,-0.3062325805382191,-0.707246217886415,-0.1121899905100174,-0.5268485108357965,-0.42232969887233435,-0.2593826438420626,2.0638149173342715,18.334138787569653,18.84717894993006,18.848027556823155,-4.329415590566227,0.6917075183654049,1.7173621288477134,1.6980846233766445,-0.1611642964303813,-3.6230471885718445,-3.3984564182612917,-3.0815441504730563,0.24367409797643336,-3.4183497268192546,-2.8218702844373516,-2.064850638256606,-13.789990122866739,-3.9893121758612606,-3.491022287713916,-14.025973981397794,-3.9961387258408343,-3.4537698277377773,1.6003628631919762,-4.002016838891551,-3.7073018781984732,-3.3322498041388515,-14.46399220512267,0.6287798924882759,0.5348401928898714,0.22271782285868155,4.231542393458425,-20.309553029562633,-27.076669663344592,-26.567148786287444,-0.5819935352663473,13.46904259293484,14.179089208259132,13.536048729773158,0.48934291681129516,-10.509641425320588,-10.975651086241692,-10.761427987245797,4.380977512615133,-15.33258818887836,14.484492897413137,3.3306583078071537,2.1945786527752826,17.93774034616067,2.5034690194788203,1.719284472276222,2.094327729675796,5.445742064036238,-4.152063911887898,0.5347947039338385,17.942510830820694,6.035944696432082,6.227807257063425,3.633145677925779,-0.2744614916383409,1.3267903060664867,1.641298388040254,0.05355785760942129,-0.8803565011204235,-12.271854784551339,8.315737877130319,2.360853404241412,1.3697787895512403,-14.250469224226215,-0.5024869608703229,-2.0039027845214816,-0.2936145113032371,-0.14953011428571933,2.1119067697956755,-3.5787613351271528,2.760486885277977,2.3594507080184597,4.2978807690890495,-0.1141263428328234,-4.759307996180435,23.42606891657873,0.67201095323114,-0.43692323577698033,-0.25649346480514107,-0.07408948819901048,-2.6758037172723155,-3.925130727905336,1.2875585159048384,-2.742989472981074,2.2656271330834943,-3.3289491673581515,-2.31440626207106,-0.6396189005763714,-4.3707507588609325,-13.966933283960156,3.783721271845237,25.281247126582773,-0.5633502935451573,0.7821917053689594,1.6211656726757437,1.5507231135896618
PHELAN-MCDERMID SYNDROME; PHMDS,1.4217378075684115,2.1439405632423787,-3.32931124648241,0.7060310229893624,0.5977964908593542,-0.17969076615382445,0.05989000131450238,5.306577673957957,-4.215220392214085,-1.139326524284467,0.43479198204443803,2.5332699492560127,0.43156939534705924,-1.8094670426940695,4.242171469445869,5.304267200432457,15.923460885616949,-1.4910130073711423,-1.5869643063138799,2.8688725538549,5.451214786055678,0.6292715257265279,-0.7699271060547351,-0.5959519464320898,-0.3469386794596767,3.181309235358428,2.9207581306940784,2.660779076291132,2.2658792284214297,-0.5868082158849995,5.258930813962052,19.496976253759936,3.227022922545391,0.08713201831366602,0.794074325153797,0.6917884655117504,0.574554373375435,-1.0122329841617232,1.6097762947645533,1.9160569355931398,2.10271552030558,1.1853973924722019,1.330709300763233,1.4245394851097621,1.2069500650505534,1.4199151286523215,1.5570693644071927,-1.3171013295309462,0.9733889243522422,0.9460828405017595,0.8852196399868913,-0.3422521759406254,0.25290318667302025,-0.7344327171307501,-1.7141160579431836,-3.0310296949510054,-0.6769638512194677,-0.6952262143133725,-0.6682683402763505,0.1975364891052404,0.07036767376354605,0.21855629404246413,0.3498809227640848,0.500470360845108,0.0035493163515826942,-0.033739141128528966,-0.0703677962929583,-0.16052944908028996,-1.6429752417804322,1.700243984830379,2.9012087710780516,-2.0241513950636363,1.554711187142274,-2.134915853880214,0.33214911916681233,-0.01809017948716863,23.983352851883012,1.13876085303381,-0.920143504458383,1.531721056176559,1.6790196210163946,-0.17355133419535948,0.03159115617424157,1.41789247920786,-1.8612063528917862,-2.717811176763206,-2.299387924494946,-0.819308061054444,-0.655164154106786,2.8260681600377504,0.9233781898882928,0.34347834286078727,-1.9886677165594655,1.2546080761725997,0.6737255453189892,-0.9745188223244885,0.3686307675745024,-0.4809590033089231,-2.6907182631720423,0.01081009124421399,-0.355640242554448,0.3784897464916716,-2.1434527672866244,-0.28498048954576627,1.436288543907467,-2.0152464879296095,1.0004627374878907,1.2323513716340617,1.4800905652508523,-1.5129565599440493,-0.6304664407829361,-1.902303584062691,0.3680228802945463,1.128858104285047,3.3958549368385,-0.7869861668560497,-1.835869890801575,-1.2535676985564148,-0.7211663939451067,0.12991278625792846,0.25041779906389094,-4.122039918848842,-1.157515364758354,-0.6321032852345596,-0.08052478821547626
PIERPONT SYNDROME; PRPTS,1.0739852148372633,0.006529710870566828,0.4836392908424637,0.9717663893040565,1.164355649854639,-0.12487763414561871,2.8305628432196195,29.74833184088736,-1.9121365975245745,-0.5111218689890862,2.1195893228524088,1.93922572916917,1.7456595744010195,-0.49070574458286337,-2.7299465190648133,-2.515395207976984,-1.712003031253096,-21.88058186931579,-0.46250032810363434,-0.9176259819695708,-1.248753804412018,0.10482008504985643,5.834461523793993,19.769437805864776,19.18102907346566,-2.766152942272714,-0.04529504526207002,-0.02040238915830439,0.0040363006753345275,-0.459603673113305,-3.440842173369891,-2.7360071591829347,-0.5454770783268899,3.4045242956522546,-28.95721931999779,-29.08575308115633,-28.456785405054795,1.8099487977740458,-23.741379900704327,-22.481743944831766,-16.160939602895663,-26.934615248800704,-26.09245871780301,-24.56531371525429,-27.01200140661924,-26.172052139238954,-24.475627304983092,4.407565374289415,-28.764066379789067,-28.32506093656335,-27.613780101560675,-0.14396963675139313,-15.873747506460637,-17.81657955351533,-4.261493842228491,-1.2583671902467313,-28.105730840595438,-29.27663284026648,-28.629708562455413,3.0661354413276056,4.413544568613069,3.994177371909524,10.066171151972709,-5.126944813793302,-13.432526446917144,-11.716287573074078,-8.681632403297119,1.561978687229687,-0.6997482599363661,4.721059694958525,-0.9305675120429071,-4.307264175204256,2.8675399081845083,-19.05162878004424,-4.46143371205865,-4.95953020490733,-0.020271003014660328,-2.6462016529015338,-1.8491087164734465,2.918534568292182,-3.134907887257906,-3.451627085217878,1.6538402268682237,-0.42802316643625465,-1.1672127556029543,-2.0887937390115274,0.4537356794965496,3.796643037956255,-2.31166496358721,0.19334306617602576,0.05128100098159208,-0.32110684138030077,-0.8130896470500002,0.7564222642695377,4.324843068774391,0.48812371971158036,-2.2924010237319195,-1.2394435297913182,-2.992719862299505,-0.6681855468703488,-1.1084038550530604,-0.637480588561725,-1.7692103178843437,-0.5806815351644731,-0.08972389219424567,-2.521705463376579,0.9119586639007549,0.8583780772018024,0.8433299758172916,-1.8927018326305791,-2.256563313029857,-3.688922431491415,-1.1897495091939814,1.9115590015113844,1.195684458169795,1.231087440242533,-1.2950993492353358,-2.6639786568610657,-1.600052680589565,-18.9244515832635,3.9367384601530513,-15.550119658998362,-0.6651239937144184,-0.813383517551561,-0.5275473979055534
PITT-HOPKINS SYNDROME; PTHS,1.2988975290448965,-17.517144990658416,-1.7236964303302762,-0.2239467194406788,-2.032406209198849,-1.6207922432727446,-8.428374376034098,24.180450096596157,2.6318400602280643,-2.7851867918543447,1.5743340831042574,3.0290594866444303,1.685065572972927,-3.1246132055156437,-16.54389699344342,-12.309601389224218,-2.505605861234575,-0.02513906614974809,-1.872899519253206,-1.8521419913797224,-26.2600181211731,-2.5040282650635577,-0.5508303115686585,-1.0194056821612787,-1.3829154990910884,0.17900794895322072,-24.161937993421176,-23.406583165980813,-22.10653901584992,-0.4950177097762849,-0.6217379165657579,-0.8288596591987302,-0.49080439706510404,-2.315785592632442,0.496171612538109,0.5202591645821878,0.5391636362339784,-0.9409888302574215,-2.0935529933091783,-1.832469457820855,-1.4659746773574889,0.0479671364661175,0.15253280885050224,0.2568889630588441,-0.2320481540601135,-0.08204852223350519,0.05095226119791796,-1.9842175958856525,0.48119969829758413,0.507874580407332,0.529609194773118,-1.8870805167088283,2.300914014595391,2.2438113258584975,1.291959802390815,-0.958369517281882,1.5221650375620817,2.1306245598929405,2.504996223652366,-2.422263082474089,0.3868932157260591,0.10680023796452291,-0.15061885333855293,0.5131971238152724,-1.421115487896692,-0.09735323607160659,0.2637636830603308,-1.7894098289648017,-2.482642340729545,0.2334012697174584,-2.8365127050241665,1.4274073238030005,21.15726989338304,0.395358741498045,-2.026194181383408,-1.5314123327690279,4.930577081837214,-19.329169643527976,1.8442212619061915,21.10322647758627,-1.628791539552315,2.4365382966012974,2.6904482496541395,-1.5797167029062298,-23.98855987933176,-23.06190129468269,10.568655664258548,2.876978927273801,-2.3832660676288713,0.7068945707303372,19.428220560152198,17.367323015052037,-2.158755193418706,0.3596223504847848,-2.3426099737931536,-1.2239094778357615,-0.4078981477969904,10.351901718020509,-0.7318530214521303,17.079898344721876,10.978513462932375,8.898855962484511,1.3493740121055475,1.1576229673576541,1.827000302388939,-3.6336184086013477,19.781791519514506,19.855726927974963,20.008859008921572,0.015592344114931479,-1.6551620995979424,2.4249353227558315,-1.3567852979297004,1.6821396454630475,3.583258919274686,0.4583370085636481,1.6614286518980508,-1.1280221771317396,2.2579135287776686,0.8173150050808738,-0.8323035139925654,-12.092509529830867,14.390786658992566,14.122485855993643,16.775402965233567
POIKILODERMA WITH NEUTROPENIA; PN,-0.2071983739044222,-15.424339139165294,-15.30217334074002,-1.8876362082014386,-0.33991188136497336,1.3833079262038204,1.363257644114712,26.763428549278313,-3.04501401390788,-0.10480245974354627,0.2216091650264043,30.958701440348136,-0.7692765858969365,-2.548514964304756,1.183810787093127,0.7544746122986723,0.1860139344027228,-0.42225085875896157,-3.13803382322415,-1.9887896892737942,0.5139431187550246,2.394848456289017,-14.772866893228546,-14.250640123671085,-12.581767762496412,0.5868508005074607,-2.37914611800619,-2.278354191742421,-2.115404787791196,-3.576674948818507,1.7509456642683798,4.8526002007962425,15.871765015034967,-2.42911679484295,2.426530776731032,2.715168107690711,2.9627775910062613,-2.4811588699674423,0.42133195000685303,0.32006477332171474,0.21516440088590402,0.5068564748271015,0.2754202272419204,0.06442573468841443,0.43070012136974223,0.14471307510152653,-0.09616929554399534,-1.841920537756025,1.6578060157580585,1.7208298259630033,1.762259945547107,-2.273896055383503,19.138401233104393,27.98626160332705,26.281063895744417,0.43553338974084455,0.16833326040369948,-0.299551912743731,-0.8358477460303012,-2.3324011554358504,-0.5453981666253089,-0.7870182198543108,-0.9970357637146,0.18229202376572373,0.6698189573795793,0.8318401187808083,0.9307106363084929,-17.20722363805216,-12.514421664044939,-0.8437363680735046,2.908663117631263,-0.2813533459923213,24.803137472050736,-1.898329238588791,1.799436574289284,1.0081697156343026,4.444341519738489,-4.130090744037254,1.5034804926519965,24.713205495815195,1.4965700746654105,27.075645681096276,1.954534533301739,-1.9173602612255845,0.5496562857381404,1.144438858086199,-1.7980195804418477,-1.784730135689316,-16.154615820286686,23.58570000218682,0.40586715677034424,0.09904295283937115,-2.624928335349055,-2.8074621596872236,-2.4869699667442426,1.853712497187512,0.54032430190871,-3.164850684047195,-23.59006492352855,-2.12098950556526,-2.708044426941188,-1.479982785838039,-1.4536538335207427,-0.6728282244485635,13.63725048062304,-2.6727758218477624,24.61021023770413,26.278512128627902,27.68795562470488,-1.5532277647945434,-0.43563123906445883,0.2854872846274143,-0.1001192947137764,1.7338917234357352,17.127126712596652,-0.7926865178904792,-0.4070777836539098,-1.8260806756566046,0.8522348131834582,27.776058402778258,26.139044655468563,-25.87345454534273,1.3119426798272038,0.9668684482445906,0.4551737224209094
"POIKILODERMA, HEREDITARY FIBROSING, WITH TENDON CONTRACTURES, MYOPATHY, AND PULMONARY FIBROSIS; POIKTMP",1.7135892193380238,-0.26412477222891595,-2.9507584242560565,-2.454652075839191,-3.515247888195968,-0.6007731864292556,0.8287135988959422,18.269058018336036,-0.12212783723735629,-4.359709888994887,3.7252420835251314,1.1087401704894753,-0.6341634649749748,-0.5393365816839935,-1.5650569830686534,-2.5133936267651733,-2.735083448914067,0.9509475975397432,-3.8091895433898895,-2.186015432268326,-3.6788070651202065,-0.3241103320445903,1.5654899514528646,1.960639305963741,2.1597674437225347,3.054788135407834,0.6162991110998255,0.423928940305341,0.23517888976589554,-1.512088732132574,-0.5652256758490929,-0.7094511548113562,-0.41797759029534526,-2.435548252906479,-1.308269448367593,-1.1323016599430509,-0.9222607754984531,-2.2058324121732533,-1.1014041908778875,-1.328617298727627,-1.4841351601938069,-1.5012571751256163,-1.6168627561324593,-1.6435979703975008,-1.4938441228832602,-1.6101953921628467,-1.6691396106694987,-1.3773865903209515,-1.4191809240513351,-1.325522996667424,-1.2437286373442216,-3.8094864311211096,0.26672301347527083,0.9848815781895847,1.399575612001148,0.05627798173911759,-3.1389407422990936,-3.19219880015875,-2.9123891868194205,-0.023350876700586335,-0.2727374556173117,-0.24925971999300547,-0.21315416164607776,0.26553575664326806,0.17675309726741334,0.3475694342618453,0.5187973825368405,3.6312205175296666,-3.9726790463102626,1.7197071708414753,0.5684972496166912,1.5378733832060534,2.020546275627182,0.8312599772009984,1.1570590028762124,1.1454340184197134,2.9735168420338938,-0.8757832113659454,1.1507859016880333,2.022534106954086,1.337044823020472,1.8955309102810736,-0.22102211893713736,-1.3268818147241066,2.2345982713007673,2.9050626143797453,0.24131786282726742,-0.44889070491091165,-2.8196940304168976,2.5363567559725504,0.30990513626693317,-0.09473564596504346,-3.484003363496249,-1.0926139267802188,-1.1475385281221995,0.5354567571570341,-0.7386629345997643,0.12365123242432917,-3.1822090412543766,0.7359986865902922,0.18338669367303595,2.0656956702946743,-1.7373860410176034,-2.8787235438978658,3.4764051746303,-1.9716198440128463,0.7898415036767427,0.7788582561893945,0.7678754281738653,-4.034095555221069,-4.06342979588089,1.1801036299250989,-0.6757641318093932,2.849140563792457,-2.884990017204058,-16.756121489987095,-2.779787230039798,-3.8880802790730717,-0.861671231485077,1.68746682336576,25.300463632649745,-15.663289431891522,-0.45342673485437135,0.11995498056505859,-0.01061429365260907
POIRIER-BIENVENU NEURODEVELOPMENTAL SYNDROME; POBINDS,-3.7127374949687773,-1.9352329640352046,-0.6222469854888321,-2.6225032284046432,-2.478274770806754,0.5553183753072489,2.0277290945578432,4.113365215613064,-0.13025799623016987,3.4976676510008455,-2.2949047849357096,0.693434135049742,-2.8345345255940786,-0.9486972192261599,-0.7140499481946984,-1.7051485949180716,-2.2780509214211886,-1.7098302569936292,-2.3688315504233914,-2.484405870434581,-1.868936105632216,0.7396802341169793,-4.298843484840095,-4.039287213380962,-3.44400982579284,1.8834492518426567,-13.461196299142777,-13.85925774787779,-13.688761964381008,-2.0458458172564686,-3.2100794529739214,-2.2385422325093436,-0.11562187756751546,-2.2879333822032977,-0.12011174386254381,0.06847105768379669,0.26057159009545566,-2.887152617004876,-0.2313942046057973,-0.5910394603766385,-0.9264125396787414,0.40360569790341744,0.19214983380700928,0.010218836531154166,0.22377726617268706,-0.030905306767325686,-0.29954091818246936,-1.5305427679662171,0.13596282295238984,0.2017617360821736,0.27301791930005676,-2.5557971147276612,-0.9767982773274347,-0.09678180086999519,0.7073281690066012,-2.6008485024008188,3.0855333339120303,3.167819163873016,3.0070298184355453,-1.510149725997045,-0.2519237840456942,-0.38300381305430753,-0.5099860003373633,0.0038875757984799192,0.32890234498387044,0.39853510532686626,0.4482626268957474,0.9024912237988334,-3.5697826431281805,0.6853718656841232,-0.5763916294551956,1.565108162816606,16.6552310710821,-0.16452442032046885,-1.2287386568022818,-1.0153311724592604,3.946267774284968,-0.6999648097989254,0.9004464511095359,16.656538312098377,-4.155602522042725,-1.8292611789383006,-0.24462757555867112,-0.9745623315489496,-12.25352098724878,-3.753206298096787,2.9352263465767034,2.6137347193757456,-1.839282016444113,-0.24280742954095919,-3.8855902886445186,-4.126021756305078,-2.385056860560139,-1.424372414295798,-0.06358133691897062,1.5295251575038724,2.56425901467704,-14.378926729110766,-2.630389992670197,-14.507785124687192,-14.376224338523121,-13.561147311782701,-13.06964639340919,3.1696871204890655,2.1992448266044162,-1.7005677510339239,-2.429222887944025,-2.4966432514831154,-2.5908105406664084,0.5884390391532083,2.0960051668663895,-1.4932649838030372,0.5206725710315896,-3.27321525151922,1.243594640886661,0.9957904982792747,-0.1660876967289679,0.9279124146262505,0.8104099630642801,-2.064166197032563,-0.46834865490379995,-3.912769319861748,-3.2764766087444865,-3.582396519919637,-4.056379822056593
PRADER-WILLI SYNDROME; PWS,16.47544937029014,31.2014486557114,-2.8768274542683816,0.30629843828190567,2.006108552395948,1.4628347943574216,0.6241721538142138,40.25718121285671,-28.356779548581397,-22.39400006786103,19.067566901381497,0.42132163285980034,-0.21609685229821546,-2.6896639723641975,-1.403888612690023,-1.4562307403268187,-1.0461494383346028,-34.35122810604001,-2.1141699595732697,-0.09801342382070258,2.455787611644693,1.7216780839886856,0.8315025742203963,1.204475929098787,1.3984743224764564,3.7946700199602037,-2.620716144511243,-2.381009359368646,-2.057587515261691,-0.7386964646997076,-0.7130063430247661,0.2704619815112088,1.2779752036535097,-2.4842520892147184,0.9015222050088258,0.939034320859027,0.9477883909680955,-10.94873748373316,25.299934319158172,24.159401945128963,21.856139053337444,13.10036423356763,3.919651276629273,3.592860285760631,14.181759842820837,13.520802505949645,12.183888700406923,-2.6940677237266857,2.227198306475977,2.1567123564816457,2.053705426418803,-1.4534308691568265,-21.399814065825048,-24.63919197018612,-18.850363650708115,2.4797318516524833,2.070790306027028,1.3953721039982288,0.586556317289629,0.19278736603318056,-0.9599299634211383,-1.194011360495225,-1.2962403845443016,1.0126179239916526,1.0732666547887124,1.5247977382904774,1.9450310011190135,2.503005776883097,-2.0065529900172305,24.1690489339398,11.755201670858549,-2.989856628523309,35.47484975570184,-34.484507281690604,-1.7497860329337798,-3.497626436547876,4.061002482965714,29.506750393647817,1.2512631797687126,35.429563822443185,1.0403011780572737,-26.02589468337127,-11.989578389315444,10.307178330417532,-21.536176235012043,-20.687298605453456,0.3349875303076533,2.670614859563446,-10.244988746557175,-1.534450269089959,-2.6848790384601617,-11.706146205599339,-1.858010206699805,-0.21254315523356312,10.693481070119654,1.4328323751209242,-0.02244607169079987,-2.059230481128472,-3.6379904137152903,-1.1017330369690543,-2.0547849112462426,0.17433699410523726,-12.816075438787694,-0.5194830820537453,3.3107475595287204,0.32221205632688404,0.015367086456170192,0.22223199462257423,0.46829222250416763,-13.380739357210267,-19.64673256670293,-25.354720270130642,-21.480769685739595,10.283628157448694,-3.444184637636922,-0.6952279804318483,-13.343893684641268,-27.46961630225846,-12.221855654624541,-14.993023851046381,40.50622148122229,-38.73494458540162,-18.726124841537914,-3.2372941222550438,-11.737921081069427
PRIMROSE SYNDROME; PRIMS,13.029596754413811,12.67931305906469,-3.1842865519966117,-2.1272227614822783,-1.2709944997554843,1.0044123016196886,2.5342166366939765,37.86751513060596,-20.59926115523654,-20.412293836700098,13.643429868804798,0.7701456880470934,-1.5696837430455606,-12.396132422981763,-2.6744266623108865,-3.040839158110577,-2.5242234907266523,-27.282234417594893,-15.416931401658529,-1.4698432028623423,0.5161495365623919,1.920429880795209,18.868763476930482,20.253554728815175,19.74563764369883,-0.9049031674587013,-1.3204271417400868,-1.0480617495964426,-0.7702869963434801,-3.529231320098949,-2.860480370634958,-1.6837950345459114,0.28634660958158953,-2.1206314893014904,-3.4346245572553773,-3.4050351292539585,-3.2850015489079025,-2.00864051722233,1.0342490422973998,0.7124975494130003,0.38544826441580154,-0.5516789167304484,-0.7431835603193633,-0.896295980622412,-0.3386490604990676,-0.6040631992378375,-0.8523506501120817,-1.0388054003710214,-2.413580333370212,-2.3901406625073465,-2.3900987292210587,-3.4062817585178693,-27.887436873657744,-30.518710750614826,-22.842603878667997,-0.37787821473211525,-12.388033889414405,-14.919995386409546,-16.060005373687623,-2.6744687810533194,7.7063166330097825,7.081705843352794,4.61433957382914,0.33227453293470455,-2.394004484345373,-2.4319653559462187,-0.6842839828110621,18.346790479967943,-20.599430793132914,20.580583672055223,3.036707713087192,-20.741424850359923,21.18552688083416,-33.683146365730934,-0.027411753897214855,-1.8394143311987312,0.10873469859721895,1.1089337817616636,2.7781472944703354,21.23807651470253,-1.915317846072627,-23.31709379661782,-0.24250524475613247,0.6206434243977902,-25.989814295970405,-23.674849220387014,-3.7209617094361422,-0.556272261691065,-10.148231924000994,2.4340155496659843,0.6299744675371427,0.0195965777796717,-21.9640268796531,-0.3592447373070447,25.029650710696977,2.8801744192122216,-14.47994859232444,-0.3273534388277043,-9.927214758733745,0.2677035033618917,-0.30777744958397746,1.3647037046211448,-2.990279399122309,-12.799073742901221,24.490110803105704,-3.233266682271512,-2.1225036856233266,-1.8537725788830026,-1.521569245545806,-32.33177309135406,-19.259591413002642,-27.393881768801158,-11.562202231234407,2.4178465405141427,-13.645622224261711,-24.68227011397433,-30.444724404933144,-32.079526843609145,-28.46679661445589,-28.699060742461985,22.657187879390527,-27.13962748728568,-1.389966379848164,-0.48612756341582597,-0.19212728133962878
PROLIDASE DEFICIENCY,1.775653908240614,-3.3727072209341507,-4.24088133102289,-0.7689754441838879,-0.5781786919243569,0.1820777864889049,2.1591459273404117,4.072310668500187,-2.281333073741514,-1.663438515320284,-0.09305256345132525,-0.4038662716192096,-3.299614945387297,-2.5558133196941295,-0.8052930911801579,-1.173432144219515,-1.1966907858973255,1.148752727727074,-3.7646451887540113,-0.6925194959378357,-1.1592799255193795,-0.10163437291437644,-0.013393095691489445,-0.039443181628878686,-0.058115686214514455,0.24577049000384663,-2.1225357296414415,-2.3164106109358467,-2.450949972715703,-3.9661217172421335,0.26985933330370415,0.8152143115968961,0.9275906804918067,-2.2671254933716845,16.00224367633358,16.37863293912868,16.689725226093675,-2.743970878986152,3.7886719072243857,3.783960887442608,3.5876618720677995,4.112599514392589,4.0348348780895655,3.8023717306373377,4.216223377793117,4.076451372946355,3.8363636344735546,-1.668160298038765,14.883054192258607,15.046740072119805,14.900287465169065,-4.1489988618587335,3.39224022931122,4.471539589836714,4.1111742795581625,-0.3036921113489845,-0.0267203935722928,0.06422064450147746,0.15955650809932082,-1.514979158047427,0.5504221486634769,0.335872400730733,0.1054765677717634,0.10165591064882536,-0.0764180682504925,0.03263240195594652,0.18277792380851685,0.8933918290747439,-15.499761832408426,1.5711820521702908,1.7141181827702263,-0.4568231944388949,3.5292934380015644,-2.6706814726576096,1.0190006412922206,0.39686382343871124,2.159023408619838,-0.3316041787254685,0.35638478229488507,3.5433473914970426,-2.0359940158288174,1.2645195185076714,1.441749636011347,0.7347091832495115,-4.141071489714717,-4.036937793981768,-0.852610951774919,-0.5852828814058493,-11.324071970160729,0.0570621037108661,-1.6357284262984841,-2.6720762465874808,-4.036836338944264,-0.0028583747439114215,2.694106358725938,0.9389018092880496,-1.5865095297858165,-0.3902051069731925,-1.1171001628046593,-0.14139376563629213,-0.40283954826099727,0.122424237783715,-2.628596128488899,-1.7076321660199307,3.5649900898962943,-1.4407109761163552,-0.500888375630211,-0.49057496986843024,-0.4574444934293256,-4.540167655838849,-0.09144763839797927,-3.3506789704249202,-1.6961667679329966,-0.5693728199923125,-0.9047038612075786,-4.014656976330419,-14.42394786148389,-4.10568596053436,-3.811445094456991,3.1227428186900696,2.315085385974269,-3.982076695485934,-16.001802828658004,-4.3766551646185565,-3.610167507409418
PSMC5,2.789905327837724,-0.17363322700768175,-2.5320017278621783,-4.144099341045554,-2.5225533102748865,1.840677295892649,0.8114792376034354,28.829424421410454,-14.630948616498344,-3.719964581120326,2.6359734050486634,4.706541392779165,1.8035647030775432,-2.5216699401949203,1.1572359066618103,0.5600311841777235,-0.025322460197532377,1.6659342738615888,-2.861603682660396,-2.4931338842624315,2.573321932960787,13.322088624276102,2.1538303894373825,2.3648903357279445,2.3005509590283206,1.3232949407355845,0.41336462573271826,0.8375190432402051,1.2764910512772323,-1.7925693806145597,0.21753412695472008,15.365503330651173,24.719706097796294,-2.061338211913004,1.7448647441546672,2.3123904967433453,2.8750371418398113,-2.3918402483407,2.8923413905460036,2.172905243653003,1.352199734273432,1.4619155473511094,0.9405509675271848,0.4454193073230241,1.7539190080499127,1.1256090488420176,0.48853398472564863,-2.4464432312794884,1.4586119072552866,1.5832267017706438,1.6843771157274996,-2.3908696207968414,-0.03195465730473519,2.037330274977833,3.6664400235900403,-0.40384609687846285,-1.7233841114934607,-2.5096363582624317,-3.0734950036779534,-2.1593679596107553,0.5262087262958987,0.4191494744422147,0.29115655577721666,0.2237774050272927,0.15821291386242578,0.21135248446403246,0.2427164997359362,0.6174416674644855,-3.491031982368524,2.0250111777334814,16.36387019717033,0.06128227509601655,3.653379981336525,-0.650456122179822,14.312834895005642,3.60242913779321,15.942759588525938,-1.24778309692669,1.5675448724144943,3.652657346742412,2.988367072030095,3.859830029304644,-0.2602331931020197,-1.4425843579080813,-2.043876115737222,-1.5736188288931303,-3.6425265277519894,-4.148615515053988,-17.623473505761,32.54948447954226,2.373493024166565,1.8296999253697666,-2.8849779941597027,-3.616790026788002,-2.4720386154936116,2.686924221075375,0.5436609646696268,-0.8231353825922522,-23.211807807076624,-0.06148771134235569,-0.5364802778752935,0.793677585582609,-1.2641943351415699,-1.74338203097587,3.274702626894959,-1.7451847881762448,2.1020405036642735,2.5588505214977326,2.9377333884611225,-3.2852127287032657,-3.011009433460167,1.1917498905103474,0.18246219847967293,2.8344909655207777,0.3941281443053741,-3.2791540244671977,-1.5195319370988254,-3.4024923568968837,-3.2722797560619084,3.3567543740768304,4.405006575754162,-22.482192931156874,2.014614885181169,2.4207741256103534,2.189548624445788
Pontocerebellar hypoplasia,0.7365151573654187,-0.044497798371204836,-3.204739572831234,-3.3355123183899944,-11.696008151790467,-0.02485070212015639,-12.826644893512926,23.019010721778514,-30.1379690870613,-1.662648127866767,-0.1479168029306842,3.7722760411827707,1.7785687374202102,-3.6238354051682644,3.0689166962083494,3.074811592563508,2.2473684318044365,2.849556778390759,-3.4343443940277045,-0.2743760904245229,18.818813788663107,4.304444450570824,-0.477304927109357,-0.8527763607841327,-1.1420202035075975,-1.055210835076916,0.41399441720210917,1.2218771967001378,2.021812332740056,-3.196048733255303,2.737869298067612,26.2931556964389,25.76790826405445,-2.475943023094868,2.6495527961049627,2.8753971941523395,3.0085662670874704,-11.175442771852028,3.7470488672641737,3.2771744993440426,2.6740135819277575,2.4703411490021363,1.9821808719086706,1.397038302395621,2.6458002367425215,2.0950365148220147,1.4653397435600197,-2.281196392742185,2.585318648574658,2.473891970409501,2.345893254799366,-1.904165206506889,1.2891042510618356,3.1309472715775666,3.6549700696159633,-2.4982257498463554,0.038717397935480305,-0.03627051673141263,-0.10992793620669564,-9.421301973674234,0.6973975821046964,0.4681923330757036,0.2109031338116764,-0.02010810507547232,0.09538507047664692,0.23142821430448252,0.3821499550411765,0.291417914938609,-3.602938739298512,2.40724823425027,32.33055457656686,0.502164387045877,5.801803246368455,3.795962208207372,23.715183159767463,23.23349177774258,3.3544408370415177,0.45471326588237504,3.6858186111949736,5.826478828026911,2.0258430066089193,2.451462811932566,-0.14216824525668798,0.26834090460619636,-3.615458192694481,-2.4760014153188923,-17.310170730297163,-25.72524846639047,-2.6582939576071234,1.879597723760908,1.6874915002540019,1.390671783485966,-2.243800323981178,-2.9956730883559155,-16.620912559694272,0.8827822124780492,1.4298489387772717,-0.4080920091542868,-3.537811753968688,0.03637576945809552,-0.2586177379564529,0.4575286431175679,-1.5251604889504984,-1.4383907269591876,3.528234733259035,-3.780273805163312,0.8721632235647484,1.0747286980081485,1.2206463042747744,-2.394424342150454,-0.04946193630245413,2.513708065831727,3.751216655124484,0.2753250419515884,3.037646720176758,-3.300206284947825,-0.9404035481385556,-0.2257049344084327,-0.7881774477365686,3.6692253164380433,-0.0809721993111096,-14.17398309849558,0.3973418939619563,0.759864427121215,1.1592743055845318
RAFIQ SYNDROME; RAFQS,1.7591627537606316,-2.314646140563525,-3.7301598687018926,-0.6005070245099255,-0.5374106686279477,0.22818109428201236,-0.08423944519219141,16.442305002200982,-2.934949825053421,-2.0302807663121927,0.9956904997609014,-0.4327263985537725,-2.3198317479904254,-2.2213672752184084,0.7954150277782457,0.7228451845125263,0.42833105771197083,0.3780925957176659,-3.936793380592941,-0.10492822196302189,1.2876258497945037,1.0926773192382095,0.7135793722707265,0.7850545665577268,0.7112715543419923,1.776695628418947,-0.03186964784195043,0.04179249656345245,0.1171802858996353,-3.4180875400003745,1.0304543503614334,2.2666040282013284,2.177938877540685,-1.8855658517404048,1.5098280514027653,1.5679648759364155,1.5646361737384187,-3.0753163308287914,1.9661503688815516,1.6920484931293316,1.3930833276002874,2.105102930818606,2.0634015130155388,1.9709885929460003,2.112363729831069,2.046815785216117,1.8869669809643563,-1.510184043883938,1.819719673202333,1.8449428470366978,1.8428242632376117,-3.504426150247466,-0.26016760574774217,-0.1492404141986363,-0.011651949224897928,-2.3250699233119136,-0.7189235002652934,-1.0026139009272723,-1.1479027308396694,-1.7133616189603593,1.0618602609372867,0.8861458714487248,0.6487498729301812,0.09199921132333029,-0.3429499668596129,-0.2778533194566208,-0.18659122357007057,0.35075219673406594,-13.944901944272514,2.7860422912647675,2.6309308706072825,-0.5575057318081973,1.4274977970965843,-2.5681191484598753,1.6170759104275452,0.796098217327288,0.5351750237687191,-2.3053342076397105,1.3446269758389588,1.4082941815267667,-2.6497016755822824,-0.5623917440796949,1.2718740628074832,-0.8411965161876552,-3.1703419607842562,-2.77987670717127,-1.715596034788305,-1.4497746255560957,-1.9321005441223793,-1.4501131408306034,0.8791078407523988,0.715105277690708,-3.75805596041456,-0.020230384441516785,2.663926520502443,1.0444937990292265,-0.7856102442552813,-0.6311329384504037,-0.446564138080942,-0.5006817121214209,-0.6862220058116025,0.11328156943819635,-2.6019459358574935,-1.7335219509559292,4.045910308077456,-2.192061892651719,0.0997896880593341,0.16661603988547083,0.23486014736962693,-22.70767370919378,-1.3953714712775458,-12.871344041595831,-0.051474674007000835,1.1688847922966863,0.7388141091819531,-21.59353456967287,-22.867043669912153,-14.597612395231934,-16.329871191270932,-1.21386169300798,1.147038012503679,-3.882126835177887,-1.3439184678267684,-1.2457648656437674,-0.07031495082859762
RAHMAN SYNDROME; RMNS,-2.8436162460321235,1.9053934845507967,-0.29682048063275956,-0.5964187391202953,-3.1678480272198244,-2.0811258710583314,0.9671023580813377,40.202463304599604,-2.5681277777577964,2.440989094473396,-0.5745738727101464,2.548943357724742,-0.21982699396517189,-3.1126928037534545,-2.4317647191509875,-2.308784523973847,-1.5098770698355726,-1.3254315702073143,-2.366514912521464,0.4476132455018031,-0.48036235143582146,-0.8708957320568909,-2.342083790178875,-2.350413763213154,-2.0894352745625246,1.3633194380699938,-19.525283173306548,-19.113146628666872,-18.374231275718696,-0.25349280946154035,1.2907549551049062,0.8404306044267993,-0.06202872863162854,0.0449809377016485,-1.6059948589462443,-2.2379125474605845,-2.8177548355589916,-1.1310182705911234,-1.9129474164001508,-2.111449583039347,-2.1303743070035304,-1.2176824000211797,-1.4439197619606723,-1.5954570989462722,-1.7084343130790496,-1.813004805458783,-1.849843967015758,-0.45329206534245065,-1.2828090619783443,-1.7353678432178374,-2.1561574295106136,-1.0031773523666232,-0.2536184496830412,-1.2189399443659596,-1.798025422526179,-0.03663538577297274,-11.709364959268951,-11.34155483744916,-3.0729731735322363,-1.2616518228988038,-0.12073768590310306,-0.2280278556745941,-0.3064476332686188,0.8396252474663515,-0.43796850164355755,-0.2963980425273016,-0.1367402037909985,-2.7233206299384785,-3.152374838950039,1.3059786250166214,3.6330976856117156,29.588613408684715,45.00236013299477,0.4329131726560748,13.77505424396101,3.714398467773578,27.2792157916454,-12.583309754467223,10.747592720141608,44.82786381432567,24.506564536766398,21.03484262365571,2.5012633434608667,-1.1046617967791845,-17.651311341696527,-3.500275616912421,18.504747780403882,0.17473208247283764,-3.2097196946326267,-0.682531539896096,-1.1557990783486687,-1.8609523725630097,-2.216570384681835,0.05180357595527278,-3.6722397524914983,-1.3433332934764959,19.431320817595658,-2.5681702580647525,-2.9409152248731556,-2.110504086809778,-2.4721375860615393,-1.4633728512246724,-3.144033625249889,0.7058327454739638,3.4256486098633125,-4.074022714655458,0.8313589723300349,1.0315268217261098,1.1970541095698577,-0.050420120190191924,0.3857768952576759,1.383352818228709,-0.9819029720918736,-0.22936022895980301,28.509434220506837,-0.6211881349120099,0.16642331739228486,-1.3769434833047682,1.9581152929832424,2.2549613331666576,1.3739639482169577,-13.641185931792101,-14.32437468876838,-13.125846689686913,-3.0225466615202894
RAUCH-STEINDL SYNDROME; RAUST,-4.105651797465919,-19.68455602203351,0.1215142365558272,-16.197276577488207,-24.13823231677444,-0.09940063885595697,-22.624380122387546,1.2253020443085103,-53.278042818870134,2.466505752674593,-20.177922144335067,42.84744100189566,0.7930797280510712,-18.997457340124768,-0.1053046497163593,-0.4371103057591772,-0.6751647233381077,1.2382341524830072,-4.584404176602904,1.617652583449758,44.83697395623588,26.2725403123244,-3.5227530960162547,-4.0004216409115685,-4.0787141803217395,-1.6407926456290702,-3.9963973795863534,-3.6204384282105604,-3.128365094034807,-4.0035343419617915,3.2088937612794424,31.165079406130037,30.854969918102487,-3.8891183911332714,31.993358848164235,34.1948308298963,35.580901042320065,-20.21726751094467,26.047128746616277,19.434771893537835,17.31737335164206,30.29984980288801,29.221304177427964,27.427117591373502,29.573954082637183,28.16533933721937,25.507430564283705,-3.376751446989172,32.40309210855116,33.167688922688804,33.68291324744618,-4.910786438210627,14.279041536270196,28.629836860097946,29.27560009231488,-21.52514104975454,30.660334992053933,31.831694803842904,30.452472575619694,-15.392153339310797,4.733988816942237,3.923134411286848,2.6889045243408978,-0.16329619158183722,-0.41620604521811766,-0.3010105581596764,-0.17682021290200464,-3.0268791363083944,-18.168179096360994,-3.7448871771204706,54.17837059516787,-4.203668950868143,47.203480543354424,3.3903844681709496,39.915193886635265,37.03331052741703,3.8484976586600115,-3.944600858148082,3.669158167646703,47.51463816759964,-1.4832372461864105,4.614194968984667,0.6409059581771283,-2.8687207531969334,-18.81601610878138,-5.084561938258065,-50.184922612519664,-48.41141600750775,-14.930135805404095,13.384059177261104,0.5359667371226059,0.439128897458654,-3.2856023300391195,-3.7655964000876843,-20.050596208495286,1.1538836738078417,-1.3494915729438823,-19.572745976464923,-31.93402308344367,-17.227190506184886,-17.91041229245666,-3.160274755303404,-3.619082793957816,-2.5613822731242393,3.9266255338160936,-3.4571565851688772,1.0501246151701293,1.4210828337383923,1.7830230848335322,-3.1871178814904746,19.39617052557082,1.4049545860834327,39.60222233565147,-4.571471258648311,19.538953841659477,-16.765113078953853,-2.9585965610007303,4.421631472184171,0.018153683577244697,15.478747472233623,-0.729144469856152,-28.74004482602591,-0.3646484245428407,-0.4652615988477746,0.0521726432423496
RENPENNING SYNDROME 1; RENS1,-32.21749545503442,-36.74024321026349,-14.773632283569068,-3.643972865813467,-2.6086363010130893,1.292039539632747,-3.36362944430152,-0.1652953591099371,-0.440820717306987,15.101821441070978,-24.03143647695866,51.704343849760924,-0.1389447039248362,-24.970997167485827,0.8689850308594838,0.3904681536357615,-0.09428294388053339,4.173064386034779,-16.633449118305734,-2.1008982310547366,1.598195780168135,3.41061739286467,-16.18902874904041,-14.915388677147497,-3.828543078377627,0.22848220372173475,-26.140029970008488,-26.305048623193038,-25.999964515058927,-15.39344140291801,2.7573645604897727,22.120702961857564,27.923419383455972,-13.618340293493599,25.30891075906041,26.650311031930666,27.21074449373624,-17.581131285073432,1.0385037247970152,0.7441859455781761,0.4337363456015909,22.100426914610015,16.397683394514218,14.724638382926766,15.510340613952621,4.343358251108677,3.6520925668785864,-3.139871632248066,25.88251195833588,25.933991643501702,25.796632521694196,-16.858702671276006,21.63209979645513,31.454368876007283,30.55036592138498,-2.179610955807997,27.930985374882734,26.99179868723568,23.654902380392635,-15.56633566950302,3.5490109614064402,0.5245804375118689,-0.019118261168385078,-0.34458641820308655,-2.4517252445447477,-1.7058273853292387,-0.24074067047938577,-47.59549291941265,-16.063938302618187,-38.90480437146158,0.5759318793084351,-1.976019835322522,15.722369814984932,4.6017714019970075,0.2081443067474324,1.0512522530260606,40.321481699204185,-38.07201529376327,14.778776172848449,15.822055322716283,-1.9007924375184129,30.454094748960326,20.425132532878038,-13.179531699711418,-32.453609032273775,-28.607422782618542,-3.5804519556818932,-2.1796343123448634,-11.848195396749826,2.54976948379788,3.695620715768788,3.3692298309015323,-16.604056809899287,-3.0614946898494186,-3.261862945334039,1.6599477079849423,-2.7648661005427755,-4.3102878104916895,-20.75646006642699,-3.438587412834663,-3.427607955395695,-2.6985834245194553,0.5369828128541055,-2.1255061160609903,16.894945201806244,-20.855501685897387,43.2223832706525,43.15336260053942,42.938227948439064,0.27625740159697304,22.905312867023355,2.029840286807261,31.210786171775233,-2.7110138747044306,50.15695695567042,-0.6663430167904273,0.46073851857095294,18.51737980892707,38.65540750601943,16.888520573229858,3.853836403413903,-0.6943728968213125,2.411562727979189,0.5694038545585385,2.28215841257582
RETT SYNDROME; RTT,-4.018444358298832,-15.853086950774365,0.2519712430501232,-0.4616862557429004,0.12048261702448593,0.6779700303675914,-4.198557872531124,0.20028252073999428,-1.6998199693548426,1.4979675072351353,-2.1120216269165475,3.739847750175124,-0.06788603493254522,1.4563757080486783,-0.9512042257128185,-0.9954462270142159,-0.7108458453889777,-0.6486919319919369,0.4030360436467717,-0.7051035552268019,-0.2784472685159506,0.4772695233850521,-27.146344877832956,-27.645030238257362,-26.012702023911782,0.011633533313085564,-14.954855209160362,-15.159972191375756,-15.03798210194045,1.0059392601947656,-1.4718233423890705,-1.0243779607503916,-0.02011276085182376,-11.037051994354103,0.28976441531175773,0.4467007705617538,0.6315474419446026,-0.9691162536655153,-1.341265080549235,-1.6982263972451344,-1.8525981880984044,0.9176003381725624,0.737902591773173,0.5405267571076108,0.43086037097903307,0.20207292637236998,0.008478871275665234,-2.8210942213115335,0.8593221506421395,0.8880645879350226,0.9344200932287698,-0.3576908444601066,0.07730882289144644,1.0378244396581475,1.675211262379418,-1.8414418306728968,4.0274603127615185,4.014482013072653,3.6382211143305927,-2.218024950520518,5.126937002996445,1.2684296697653312,0.7847289559288944,0.1401976897894547,-4.110304052068769,-1.1536303648083013,-0.8951004583757916,-1.439114190049568,-0.22643044897525935,-3.114476660096911,2.163675915885327,-0.16162408449466417,30.97278223381812,0.6461186608658867,1.7850765419795553,1.614023539094767,4.113588048715761,-18.172366712456302,3.2818359684581098,30.984276305167757,-3.0944621745815,1.1346883945366497,2.56044956254709,-2.6715419219651997,-16.396080402424428,-13.981158780652288,-2.046845651220107,-2.074967550679447,1.865508085915317,-0.14131872107625396,3.156676929618892,3.3623962213350214,0.273098990538098,-0.5725214679040291,-0.5609608963666034,0.3516885979806199,-2.7539565243694346,0.4544559569101052,1.5615777125159211,0.8046410304126608,0.6619535799535256,0.9281049347303384,1.4186088338538982,-0.869114380785095,-0.23920067483368515,-3.0659392996611046,-0.09708879929391102,-0.21708062010606688,-0.3739736229116543,-3.6000671241993207,2.0208330236544887,-2.4570157983593344,0.24306771183763964,-2.351945057738867,1.222860193598744,-3.981066478131562,-3.9420559947017826,-1.2201133429536555,0.2297267070487178,-0.7603019675005007,-1.8206605926051531,-2.2540890150888804,0.40272614285355596,0.13954701056750513,1.9707377237045642
REV3L,3.5488117459361006,-1.2778646945576666,-2.4320203507541054,-0.7000226309918226,-0.11924718483682138,0.6256734454995311,1.5256621106289874,26.979753138703455,-0.6832422252095341,-3.0810794366762115,2.2262911868871105,17.4185126699789,-1.5861399620372185,-1.389940477816688,0.3606400289157701,-0.12814792129390545,-0.5825917456869378,-1.3328182404621607,-2.9602241575481516,-1.3304677836576588,-1.8697519907339435,0.18071427166063123,-0.6757033237705365,0.0836853373163912,0.9517541521270154,5.382846925784595,-1.5869717900907143,-1.7035342939299623,-1.8159980367015438,-2.561638127635935,0.25262041977618876,0.7086858654770709,0.7962118343871954,0.5014047721035939,-0.7956908167126776,-0.8534587044041355,-0.9048824817647549,0.5213315327162341,-1.4150106369430637,-1.8738543059823518,-2.1676384092974685,-0.7085855025821751,-0.974535716749096,-1.1144439960821717,-0.7282745473041332,-1.0142461650482704,-1.2621735804056633,2.10392941839976,-0.7181438940749586,-0.8443430451696453,-0.9473626974193196,-3.104339539133466,-1.0784790388869583,-0.547931284266164,0.0823269310224886,-2.158780317524657,-0.5330113650174114,-0.9551883866753671,-1.3486137979283173,-0.4812216011897391,0.7539950945895126,0.19426533201759336,-0.2365239467360632,0.23948171141868865,-0.40171196049301144,-0.08637037771076639,0.22968487398557796,-3.0680572754033406,-2.2219881504126757,2.6129715610946636,-2.0415583128984407,-1.62276819300823,2.6847837124995135,-15.689048137784736,-4.609807505801404,-15.577072475122375,-0.2517561352483885,-1.769305252952854,4.56769719180977,2.6701339172132506,-1.6390562347714608,-0.844110774968854,0.5157078150977471,-1.0524503852091147,-4.077091207976173,-2.419887323902752,3.924005953357399,16.709893826506036,-1.7736758595355069,27.903382856108806,1.8410182106312785,1.1465621501584138,-3.27797016286561,-0.504142679725017,1.6151831094306908,1.1042392111064487,-1.2544300274629323,-0.024434000595429738,-20.93911393048096,0.7336130721538978,0.16935943935730052,0.9795067734416151,0.004762185434725274,-0.45391436108591693,13.136941658028977,1.7528761745685568,5.941029959165471,5.87191497122313,5.790666055987422,-3.524390223559766,-2.575444929253817,-2.2032956800402483,-0.2315358790538294,3.42276774270618,2.990866197534064,-2.247637724431085,-2.514077527172191,-3.809259916914847,-0.6239875699510071,-1.8120631497249118,4.630111037568659,-17.182652527947443,2.714380309996257,2.84037917455202,2.0130233691453943
ROBIN SEQUENCE WITH CLEFT MANDIBLE AND LIMB ANOMALIES,1.4831104910209538,-0.003760812273640038,-16.205017734321615,-2.8757894403168702,-17.96954633196553,-1.344157662288356,-24.395926303222897,1.1270200138425956,-2.0375223696738387,-2.1520359313880753,-0.07676740535014064,33.5203720844296,-1.2426225732503584,-2.506448941190574,2.914488692925011,3.208785032343769,2.65383041832901,16.174114974996716,-20.009850489827556,-0.6554987427295471,0.7959707063401436,1.3576212184045364,-3.879980171967592,-3.5938572244490894,-2.935089207527688,0.6007396380142432,-1.581285733774651,-1.6805091757029007,-1.7493512249679724,-21.77937283088855,13.619297496131885,25.088452169337977,21.483199523360383,-11.357397508366969,3.582384784018222,3.7924208585277683,12.493106079295744,-10.810578340901035,1.5349157000647158,1.3077267275011195,1.0272593399389578,2.763027709057598,2.638076126888219,2.42889799570941,2.728678062594165,2.5243983263456276,2.2010635266339214,-2.2821308221972396,3.3415402296145973,3.4297133709836505,3.4586213961193533,-20.44700373853686,3.056155980081505,14.091102431119737,13.598938075014576,-2.5037515480016244,3.765445608617731,3.6868657273621297,3.315040468587474,-1.9111206296861711,0.9263584143321029,0.6116789635473708,0.22270449100489895,0.04950390936108328,-0.2657807336227335,-0.1469324744544025,-0.013398036925673358,-11.853370672085614,-21.805105007931182,-3.3371508090528996,13.01605539717998,-1.451164577975425,2.3862266312144467,15.726018076186307,14.50267870097361,15.751560480869955,2.6150652699079804,-2.8606657717096837,3.7313527732403116,2.384250123523807,23.83956748683727,26.001990798297907,0.8002061386826149,-1.852943054643293,-19.804543874366967,-13.213164792460555,-25.851722768147482,-25.410291481956055,-7.112398176858988,20.31038287420538,22.77057902299166,23.038050812221826,-13.985989390540334,-2.076916229061746,-21.66765694355703,-0.2296049572581612,-1.913861183198317,1.37641859339036,-9.463469928755172,2.2141693263813496,2.160223724174728,3.1107830188351575,3.439168466593138,-2.4965251563092603,21.71386139414381,-2.36236566241522,28.286904814582947,28.058584987382872,27.931850248293156,0.4819194506879998,-0.15710059748277475,24.636762843915413,15.842148263280844,2.4403276536502805,14.400686293314017,-1.0468326543679431,2.7543669506521105,2.6694240891018644,2.870547416357937,24.55281413957515,13.885121337278516,0.791606989103392,24.685618285823093,23.643499978952992,24.261566882335874
Robinow syndrome,21.479944791666416,-1.3854034762291978,-15.443557152939963,-3.046201560994354,-19.42923486273309,-1.369797303306693,1.2778534292498143,43.42325888104009,0.9672178916687736,-35.57066191916638,37.93012100682481,3.878646523424678,-3.51970686890604,-12.885049891972564,-0.8354581174021358,-0.8972105349444351,-0.7003618958097769,20.093881843711685,-18.03360148294272,-13.820412998228479,-37.16549450100982,-2.180757973544429,-1.0348730371423445,-1.195368061764315,-1.202809959302907,1.4166676850018438,-1.8433421325471315,-1.5394024032375049,-1.1702055842786119,-14.786231439002584,0.4671890837806927,2.369362235251945,2.8343639134825946,-15.424996884522885,4.469244426114346,4.514157096710104,4.429842715127635,-11.049045305194863,1.8855952453387492,1.3777288169771136,0.8781089080697354,2.2458025064707337,1.851531523341261,1.3911981599759626,2.212813700825062,1.8244024737274593,1.3328040529777128,-2.719732609310317,3.5843083535816262,3.397789376759476,3.176043228977065,-18.814949231303494,20.12559051398297,26.569989956072853,23.88944333672459,-0.6636358813494897,-11.154865061645824,-12.149048102432461,-11.888710546652392,-2.216631427961155,-0.08645025906847444,-0.2761079367594858,-0.4595877623361376,0.23919259169544638,0.6426957827749913,0.9000738785998115,1.1341370146133813,1.4096346190004785,-22.56415479089441,3.2304235713087466,1.7255962185773446,22.937811841345514,30.786125909374558,1.5851011641957933,24.9117948810914,22.63111110735793,36.41017075665771,-29.0362460533781,0.5100680571926154,30.723930856398724,40.86198340858347,49.4742055914102,2.671910294647819,-13.32868991918555,-1.715269571534505,-1.5828251682277683,0.25189362916381647,-9.881205104279964,-16.50142988579978,1.0889325903722478,0.5513842562859478,-0.47427819740589877,-10.522128211600885,-2.152598277510286,-19.155815490015105,-0.1580469213004274,4.19592184375997,1.2757721962010737,-12.773326280779804,2.8122549118763556,1.49509705737798,2.728518921878928,-2.1984730367205043,0.9587030251342799,26.71898650420174,-12.026380336747014,17.315537223635754,23.097097403067693,24.34512979404804,0.3313514262206961,-40.028203187138246,28.992825418424868,-40.765235171204566,31.046625035619858,-25.548561268180087,0.27934644555492866,4.2945193579486,-29.21703961259301,1.257554843400182,41.26786933448201,51.47155743388052,-31.639235222293706,0.5696921734238231,1.0222600473391685,0.12562232362827286
Rothmund-Thomson syndrome,-1.7848355600024317,-1.6000057730007167,-3.731713562091398,-3.4884617700181177,-4.135718125789115,-0.045797827329171654,-2.697413969285835,15.42759698690318,-3.113677230883756,0.6031926283138389,-3.2511311859165137,35.59580965085351,-1.9505717093545816,-3.3873305570620293,-4.787956735540736,-25.092988068938038,-24.349248725650735,-1.4087732006987583,-17.44491401034057,-1.2329983743183681,0.6613162210171633,1.8741604762418478,1.0552337369423423,1.5683024836013872,1.9163316580501035,0.7803592992512857,-15.692300152326197,-16.116544003032406,-16.369618071656898,-4.401763170729574,-0.9196798155240193,0.013038109927791476,1.0012597082829156,-2.044868849284491,-1.0264064006727602,-1.0049383550009938,-0.9690139298601581,-0.8735774381262937,-2.491845018045076,-2.9471580386651803,-3.1800953007663986,-2.431075073676275,-2.6376038592115907,-2.7094045327145904,-2.642401917890142,-2.9518225197713543,-3.0877750151107644,-1.4677611325289994,-1.5534651837524438,-1.5387425389415093,-1.5578824743503794,-4.3086094494098965,1.9477135039309934,3.650762689450056,3.901676241891501,-0.7508782756146231,-0.1437317980911483,-0.28870394233949354,-0.4141279348956104,-0.32174643420332394,0.23100025976519775,-0.4625520318163461,-1.418651186320984,1.6328081737232758,-0.6938010909121668,-0.2023236350236159,0.31542430324059195,-18.302587704938233,-17.535702421839115,-1.3972870159004,3.4454303795441223,0.6003368715511102,31.779126184780083,1.2402879449168984,2.174630559244521,2.1003253515054876,2.4692880167036573,-3.778328842462073,2.904097236125163,31.691864685677583,3.6158065439267064,19.581043968567442,1.2697179238401106,-2.0887587422174994,0.11537940564562028,0.9582734256834473,-1.324941526685755,-2.131395849435572,-13.39357712744139,24.169724436825497,2.053948790376689,1.6871292173311305,-14.989502325981126,-2.318977199531509,-3.1586502873377125,0.8876820831554822,-0.7188015799126085,-3.3958632056045004,-23.369239619172696,-2.436695684229448,-2.8896658586264024,-1.8126161649220423,-1.8201671515788886,-0.9261111697901281,4.250253944933606,-3.6392160449702997,24.442118339303917,25.617557847328342,26.385022157409647,0.4317816815659647,2.9579089417870903,4.288511583556738,5.291357471236811,-1.354970549364296,20.545182620068214,-1.0472729232805746,1.285545924298014,3.3978085587102593,2.686374274937368,16.31082685187065,4.477342863314421,-24.07666828808674,1.5636588517637056,1.1366009001928188,1.5209682593188385
Rubinstein-Taybi syndrome,-35.449725691326016,1.9869564724031687,-20.432179028663054,-2.4987292792092393,-20.6141354425927,-2.183549769566882,-2.4621989045217205,11.736786087314655,-31.477038639584652,27.32198576611221,-22.957735695761,34.48765497476956,1.050578313749242,-18.4369353425621,-1.6341128310298207,-1.0324563087230307,-0.2429149854989823,2.0842551218911454,-26.83936943970291,-0.09673763600039222,1.6517809685394669,1.2599222336678417,-2.606009835513782,-2.796828409354004,-2.7168300647649315,-1.1433541166966588,-14.880563229927649,-11.13015565012465,-10.097522236302453,-24.49997448139922,2.0440800848671077,15.989107373168707,14.117593355487307,-5.2307674494251994,-1.6399108311550163,-1.7854006356245535,-1.8855590603764187,-1.5679023280729552,-12.55737732163171,-13.8856999087353,-14.35625291779446,-1.2438389156117027,-1.432654513006384,-1.5781859829188276,-1.6636916111335922,-1.9269416648541697,-6.721172076466083,-0.3484000225604188,-1.318466452388056,-1.4405152778162702,-1.5301804025421497,-23.1106498017886,-1.2071714744267423,-1.2691430764560296,-0.8551463720977691,-11.006160501245713,-1.0585334388516092,-0.9331120387074029,-0.713385329905494,-0.9252295289171238,0.1600072074895696,-0.061007019217108785,-0.3100701771385115,-10.38665831770451,-6.1205323796280275,-2.9869098666879506,-0.161613671661366,-18.618815263847782,-24.819864412051334,0.5354949936644551,24.831685662664217,-2.376597278907372,36.72119574318975,11.799597420026874,-0.1489320135173872,0.5601909909140912,24.682392449252866,-20.311076049125656,2.2841997327674375,36.72266499333564,28.246296490086344,25.492236905084603,0.9507465904396513,-14.24516187369338,-32.11139421856853,-31.399322021282178,-10.798013358813991,-1.9346277803270429,-15.691531745365591,-0.27906852128807863,-1.9133035887347976,-1.3905318212700348,-21.990927341236187,-1.4475069261545221,-19.06579922286414,-0.360776994601748,20.97517503162123,-39.39397926975813,-18.77611534514997,-38.71556879435336,-38.21364409629299,-32.16959140472239,-26.847794702265208,1.271800027744029,23.613304414088415,-10.510382051466017,0.39229332957461066,0.5110594412119271,0.6130034050044121,0.6004277193438186,22.12741264711592,1.9513530538351413,24.470576415853845,-18.37536763608517,42.57585325676992,-1.6865925132718407,-0.13198116811705513,19.844990494758367,20.896506463472246,2.7458039215913113,1.049152853729,-26.511454870074868,-20.12694522978107,-23.299235745148504,-14.343617256530477
SAETHRE-CHOTZEN SYNDROME; SCS,1.9524351529101198,-1.9242534401414102,-16.135113563311332,-15.68763451780088,-21.665955848741508,0.17410969438771698,-1.3007176653264996,26.963240231801112,-13.71676188407597,-16.442106644204678,14.252284466971307,25.587348030250993,5.822291039880905,-20.996902967225953,24.460028925025384,23.352245380898292,13.104621317146906,25.095688381052188,-23.835122272919254,-1.1331927905128913,14.19600864734322,16.530166009217876,2.4453073177317983,2.866647661099097,2.9530583584498755,2.6829174815155565,11.584564176129703,11.075014192021824,3.210462219436716,-22.03209070921701,15.902753628882188,33.324326039211385,31.276394120196887,0.4509895948241843,2.7000153791502646,3.450381688734541,13.11915636090297,-4.566751412392822,1.8100284996528677,1.7719416052103822,1.5962502702088897,2.213008480521294,2.2140133882141235,2.1588076291943024,2.2462833488166702,2.1390072387459864,1.9868731446606516,0.7072384702267253,2.537660465472509,3.0239522951157944,3.456449955093748,-22.66604412871494,2.0287401659392943,14.370277647467985,20.805244203352956,-0.624719965393363,-24.488755249381754,-23.317846554862978,-20.210174865383618,-0.8242788311975277,2.2014425289163517,0.3702756566531406,0.03782153206719548,0.9567385386083748,-2.252923973411978,-0.26579245468057183,0.2072444362879205,0.06997321676469269,-15.22967580703746,3.2609067950376716,17.984949687486885,-0.31558812299569616,-0.13283216479559817,16.324115258879235,15.47489416613037,16.56354375454563,34.83603368100382,-22.48957841090521,2.629904073708971,-0.1354634489054995,23.97130773422972,34.79590106281754,2.851889690836312,-2.3690010057148116,-24.33909078218384,-22.19344016546949,-18.733236816554673,-19.92661524467473,-15.085676360010694,19.18918440932175,21.514067670816388,18.642717171443167,-22.263194903488518,-3.057652690081794,-3.7450591108367646,1.577665044160258,-0.5191018609918719,2.25827813124651,-19.193238859503346,3.342199911913587,2.6682245352662495,4.248277772584635,1.0008395267032284,-2.8359915747218727,27.179768882356097,-1.1489695871473578,16.482703645217075,16.78888116638737,16.980161896986115,-2.4146696356648083,-15.867052447786332,20.951232420086466,2.584942087842753,17.80221592392424,1.134552816575339,-13.009574852481595,-0.06403183439547622,-1.4829935920972288,1.4152019520391297,28.124520129661683,3.407008153081015,-11.91270165916825,23.098467117531694,23.398073301449447,21.79185152782153
SANDESTIG-STEFANOVA SYNDROME; SANDSTEF,1.6118994661058903,21.805210433748694,-0.7209314314453503,-0.7912615088829362,-2.077045596281526,-0.9246181024494883,-0.6912844281358699,3.412892317689637,0.643180598800625,-3.1750087460195315,3.8037981093382287,-0.4061428554824288,2.0601186752950085,-2.9233512590103548,-0.6892658700267922,-0.6103152876749722,-0.4217702252191088,4.76330371988987,-0.9393353031801751,-1.215726605269053,-2.875567075305387,-0.5161308834616128,1.8216538691662922,1.9021041136008137,1.741677673822346,2.16492746178545,4.34309203814049,4.7197921539778,15.889307400591726,-0.4376276386724495,0.6473110729943451,1.1291860961058273,0.8544940703040192,6.4201659111436395,-25.53186253476011,-26.148030757338613,-26.017231567068826,3.312023165834268,-19.469376092682207,-19.677281454992656,-24.219582784649308,-25.424853643288326,-26.51960270149914,-27.02598655933649,-25.00938037848558,-26.355892515538436,-26.77163794475732,22.047692144351856,-25.972979233417487,-26.624001385541156,-27.055790348597448,-1.0902547149957122,-0.8247950931065361,-1.3934242843213662,-1.4534962926105703,2.0107604512087636,-25.855730813463428,-27.667237651057597,-27.48962785581497,7.378332221281084,11.919173168575718,20.22685584881045,23.56057311576221,-7.431074307346694,-22.4388299755757,-23.03747565887958,-22.818717135172285,-1.5814187128659734,-0.10604105338977741,3.0730767085950386,-0.8951826467442973,0.9018235744850883,0.9888772389527549,2.114801919774206,-1.558985708755174,-0.6911771109811953,-1.5731944525654284,3.013639880275858,1.5514577770510547,0.9803433215624109,18.704452929845875,1.896561075469642,-0.36382855270718384,2.010873300177677,2.6734907472838554,3.5046149222624563,2.1319757263356753,1.6799211337186477,-2.7481989783673177,0.47802317135921013,4.038423087725381,3.9744037404888197,-0.9025669597047031,-0.6710493406291431,-3.074819508269938,-0.33079495891864014,1.205444544726161,3.8585574006534404,0.6685105648762772,3.6221791142277993,3.87894015450416,4.490448344913725,3.35643308693949,-3.1717351661068274,1.2721132318923805,-1.4021612781672723,4.1668830800339665,4.313503329028917,4.40288431183951,0.16317047972433257,-3.8216203765875276,2.652042136260965,-3.098866734150281,3.6436122070625734,0.3956157291065244,0.464897281949167,1.7754777261421353,-2.066125807604678,0.6062125216679723,2.0155535447263966,5.1425992553809845,3.583417989514441,2.610693369352233,2.9948102646887955,3.742329448973998
SAUL-WILSON SYNDROME; SWILS,-1.2963629914730606,2.616790866539,-3.2991010113694776,-1.6041547171700092,-2.030003437195406,-0.08375457038233444,1.8419235091778192,32.89483214610242,-40.714801010634986,1.956101001889806,-1.3087515281045814,0.17971934653823557,-1.2574734501209759,-3.1757838059471264,0.47877654110979084,0.5657111031142342,0.4708942872240257,1.6020440999589645,-3.487221785340732,1.2182122580577943,20.416931937094482,3.123777354121343,0.10418278274603535,-0.04842964843891902,-0.20230159324509167,0.1931271909926382,3.4689507687712333,3.8442927678713934,13.306106473872612,-2.6887843913562555,1.96416456639001,15.050046224762252,13.998038881614658,-1.6172749165636355,1.0400879597838577,1.2933265533955307,1.5388974543129825,-12.282913313191985,4.119466245332626,3.8830326525140535,3.456063814165891,2.361194628425076,2.366681797001476,2.282133332240061,2.3969032005485835,2.3634494244647004,2.240587057227515,-1.185477056566411,1.6801718586073637,1.8266897999621308,1.9746336550811692,-3.219520423065763,-1.3814404227929746,-0.8850378779010755,-0.10633951948551619,-1.2244616827365467,-1.640451938472221,-1.21354217503001,-0.6382450613511425,-2.8705606348412567,-0.41033250215375694,-0.6044268715126463,-0.7397335576869355,-0.2540582159061118,0.9386805452871732,1.187080298492085,1.386965392506773,21.236973675963732,-3.8580908098571127,3.228160650458263,38.25788198355755,0.5693423884585617,34.28823457166166,-1.3723003583369877,15.75242373637755,3.8058392204695903,15.333958173158745,-3.701481717864862,0.4757150708234571,34.256194579666484,22.288735927651473,18.786862551483708,1.594824484813074,-1.8874904424987096,-1.1038972531418028,-0.992586727813685,-3.1272799148480823,-4.2988203394677305,-2.509805464789663,-2.3015056662682305,-29.445465031918722,-30.75868654429645,-2.533551701242763,-0.7039900742485782,-1.8933411779544034,0.08078561697349966,17.732948905975316,-32.3239021621865,-24.95319656505051,-33.05510641997511,-32.48185713762341,-26.424260504236567,-28.22818681291148,0.16465898788695074,2.954062173645602,2.226568481686062,-29.146949797418248,-28.01974076237156,-26.40976347668278,0.04839411630556293,1.0402651745555058,-0.4155336644872564,1.610570338005261,-2.7398669485078213,-1.6144127518010236,-0.09908924862205178,-0.38163596142004974,0.2909514650265331,-3.5391824667311553,3.2803524756239004,4.218904506292917,-29.77598980999227,-34.048510751421205,-32.51997028702018,-32.77882494420666
SCAF4,-0.42578696619916145,3.3177652990513318,-1.685532133290095,-0.41891525524995243,-3.296394556011817,-2.6072855903124337,-3.101496339227204,0.863866596847158,-1.1835116200260363,-0.44496960106537775,-0.3412659298848902,4.760755555268065,-0.6556750745558988,-1.7360611356047682,1.8205596625665634,2.444201333216273,2.345076745455991,5.156143429939258,-3.3716771205876226,1.4484145335568621,1.5904736327795415,-0.12890628905495022,-2.418988553906302,-2.1621375602490955,-1.7774039287753614,3.5917603782796466,0.15748225326631066,-0.03514021520465992,-0.2484443500922699,-3.3013879006500186,4.751789973608519,5.2605222927757955,3.072317396378279,-2.327474020672221,2.094174802921044,1.9724200919799233,1.8504287216791295,-1.2276691518039384,1.1988176213826964,1.4670402233832858,1.667868909158703,1.2865100572828159,1.3072372673990502,1.297597420601444,1.1566299478871904,1.340886185783588,1.3946463051391162,-1.5362136656523075,1.820624909446674,1.718731759051843,1.5980814170355049,-3.0964787708758172,1.9354643752336265,1.5780001201547715,0.6534944314980574,-2.6970363541823974,2.8866562667598976,2.8211831272678403,2.5262492034068225,-0.49594405385661783,-0.6450297321316861,-0.915086782496267,-1.1208510298613192,0.3548995501119509,0.5613694917590016,0.9256140375947137,1.2790984379113244,-4.415006162511138,-3.8545030333308894,-2.62285735518304,1.6757235506826378,1.3401724954198282,1.2027806849634755,0.5730435092493065,2.4105278947662114,2.148848141670067,1.9090493270195235,5.261723094574623,2.0875332834502816,1.2153279444822491,2.2629390733387678,-0.324704612225482,-1.0616860007812605,3.805557836031453,-1.0410283417745536,-0.3869980797543319,-0.7943619371464624,-1.5191482010102704,-2.601580030217401,-1.0955265770376275,-0.3336470203944991,-0.4858156084119798,-2.2255009367770606,-0.021641390996716744,-3.996283708539182,-1.617538178436551,2.359537013203966,-2.5203809840493223,-1.8731018152684957,-2.041690834034258,-2.251812365016307,-1.7652068449883853,-1.893184939406324,1.5553582183226442,2.596092519101195,-2.593996782416787,4.812822137010521,5.002097131847954,5.1775987273546,1.4665769549683598,0.16255663106468202,3.9108146860746906,0.7559435220763858,0.46648476498951685,4.028141434914115,0.4622662272170596,2.7711830104252213,1.118727249115383,4.2991133159511845,2.2743401406091266,5.0076380578018584,-3.3547853591005214,-0.5197453937471598,-0.7506086007660564,-0.6226336511651342
SCHAAF-YANG SYNDROME; SHFYNG,0.16805471129445193,1.8472573686267133,0.04231769585324498,-0.022821214065567995,-2.1552584367339036,-2.005403089168025,-0.7622045096601696,42.25384441937049,-23.804410290005244,-3.0770410693570485,3.0560581834885503,2.1733523607803202,-1.7168936461042932,-2.142223964002663,-1.653246707740253,-0.3006579517305577,0.84802385800246,-2.6440187106583912,-1.037581014060562,1.1639109076289573,1.505824174451995,-0.17366902385845168,-1.2532981935602223,-2.0412453613320336,-2.5709976543426993,0.10277702052105384,-1.5696140394279583,-1.0598641165617106,-0.537052147253739,-0.6529799408207253,1.6227393797682417,2.0771752358830815,1.0203516660679537,-0.14453556063678516,-9.590790558927482,-12.894963940274348,-13.51379965990985,-1.629824377650902,-1.560961650996271,-1.5486125283936176,-1.4616552899736535,-7.62983620625834,-7.523027457318365,-7.16089027056486,-8.142877541313831,-7.986092330803227,-7.5239893841043655,-0.17876579355413447,-8.621218558945925,-11.22745473322337,-11.55465852329003,-0.7213650247304252,-1.5686257874862455,-9.344760359565836,-9.918667521070388,-0.2713292018634129,-2.0365513728952376,-1.7315266536896592,-1.2658418343683975,-9.690313741535327,9.654795541669268,8.986875389428887,7.473729516441496,-0.6818508333176323,-6.41168697301003,-6.308519403631149,-5.656679824377977,1.282773126652994,-2.2015220083446754,9.394106890739796,21.62019020227657,9.134228856893957,41.28207828026949,-2.4512909876709923,11.336710689456211,2.4099260458227483,13.866258684332205,-2.9717245199931486,2.5855204057458043,41.45134286470201,10.351173552865763,1.8239994145233824,1.8161992241180596,-0.7591900850716886,-26.455261273657293,-24.508283940498167,0.4529179817986409,-0.9882182705910413,-8.638192717523303,0.47640665648633834,-0.6575182197152183,-1.3708716064922974,-0.4095760053423962,0.08286169220033329,-14.697496407109442,-1.4179591795247608,2.2032137814190405,-1.2946076490923581,-13.793924128557155,-0.6726629818259308,-1.2102897616996935,-0.14531007167106802,-1.8902414689382312,-0.18283787234852553,10.742718140326229,-12.016361644626143,0.7314701344473237,1.021192015602707,1.292975827112924,-1.3418048423685829,-3.162919321357339,-0.1975870186940939,-2.3120023838095913,1.893097250590387,-0.03237047452728364,0.0013009814983097672,-0.11253705240676418,-10.06040472105956,0.5502350595154302,-0.6523079754644345,27.153765805371666,-25.455936372223086,-2.690435668854001,-2.229144003130437,-1.8468070696922338
SCHINZEL-GIEDION MIDFACE RETRACTION SYNDROME,4.034533472261874,-3.550834041704889,2.110806297260944,-13.71374620753123,-0.5303094159650455,3.9804684666546177,-2.699102448421522,2.1539433506840595,0.27682705110583766,-14.02256870589472,15.14737103188904,0.5116192864545593,0.8098534442859882,-1.3803792879406787,1.0388977454681285,0.06510591475043136,-0.963651498877576,2.468302374801873,2.3398346050936563,-15.559801919650596,-0.6065582003154203,4.3217760951808275,0.48360928647304047,2.2619578691305158,3.6228775842888234,-1.026052419296116,3.149927665978692,3.0891446257288258,3.0697556490438296,2.3744251449640896,-1.5959670434691722,3.4107057508321335,17.99504588578439,2.434200064823192,-2.479292263030715,-2.363039419719445,-2.1745403476308747,-0.5585638527824826,-2.944503089042833,-11.25211865866274,-12.303203139398905,-3.393370233061871,-13.043330813499157,-14.557212298978614,-3.495003593576452,-13.406308327125293,-14.868041959736383,1.4109517781312761,-2.8713423564608367,-3.139915597547564,-3.327021960621147,0.25462078452415077,1.5769826287100261,14.441178533439212,17.283403306616705,3.7102766319049767,-25.40203909105096,-28.971328837836154,-30.591523899169065,0.7288680103682419,1.297342897140516,1.0529630394611817,0.707099273553573,0.3493134479510346,-0.7415097120154319,-0.64677792846865,-0.505180270253627,-1.0554738757882236,1.5790986631366164,-0.31257670809651794,2.1417453948915437,3.423231943749615,1.1438506663687014,1.1790900026860331,23.53353491857513,17.218529969932543,31.67133214236574,-29.695589276779515,0.03792670688694481,1.1380818380327022,25.371864007405687,32.37902707166841,16.52329857604771,-3.437521433092921,13.78415901875147,14.252276423041746,-2.09738922968292,-14.667674298616479,-0.4169786119464211,-1.9308548708367013,-0.8168736357663589,-0.19095606714510766,2.2074655832484225,-16.106244136357066,-3.992157202175884,3.8876098685533282,0.24584302834583585,4.284162324083605,3.795836185799518,4.175242497283859,4.387706762469704,4.014593498292052,4.7539891551209,-2.0154028338876007,-0.07069530579571708,-0.7291469784403285,4.0873209206003365,4.057635509910088,3.9758598459096324,-1.8025283334284892,-14.930816485141357,4.195769521300748,-3.5287500861851373,15.411729821468152,-0.519990552754969,-2.662804747206883,0.20947054121580652,-13.981491639777479,0.8906287754276561,26.87108486828727,24.388571996493354,1.6505778941748495,0.6168580950556841,0.8416866496357749,0.2571149914041779
SCHUURS-HOEIJMAKERS SYNDROME; SHMS,3.0824906201018196,28.763946764376996,-2.967227147843553,-3.6283616726607466,-26.19595113225334,-2.2476239412669266,-25.074151626411624,4.643201478132374,-26.51761657129778,-17.622311168480024,4.167776033401999,-0.25205355730204637,-2.7965331448416446,-17.82166565286592,2.4117452900602165,1.9734798505338487,1.0470602165745997,26.208359434912254,-4.424898557906274,-0.3135140581331656,1.3744022244375844,1.2929542783690917,-1.4361054522263261,-0.9414891190832362,-0.4550471383959436,-0.007179953152988786,1.9597224748878574,1.6410792754060326,1.253156622925515,-3.785319090721083,4.186713208521469,26.125287291993626,16.32745192967696,-1.6986812953569166,3.3913007873747154,3.196429062176552,2.927543603104867,-3.5021553716423166,21.81302357053857,14.727533737187414,3.5255995757607823,3.4822670249186727,3.0680324440565947,2.537409601213531,3.8789336547376942,3.383530040997774,2.7230928432207357,-2.706803647336123,3.3317003512201078,3.0682435838219444,2.7635749427088965,-3.5695816056668037,0.8592011047386038,1.3793734768375219,1.3507298031343942,-0.9907168863048719,-0.640659837853853,-1.2454144478609375,-1.7872687451821128,-2.229609721075399,-0.3299678865568928,-0.5161328970843567,-0.6831900488894515,0.10522988938971309,1.0736078974755936,1.308729034881245,1.4812997698397192,2.9803687761433806,-15.842916517561243,4.148612776376266,34.37442627148148,0.6920855005582334,25.74459122630065,16.038610536616503,33.20371969131063,32.14594051404313,1.7090013468113359,4.9116920992390085,0.05677211479831485,25.653434849922657,39.883997384270444,5.319213238644607,-19.191097176228585,-1.4814899505244723,-4.339281097101152,-14.753350058726934,-30.16448769477325,-36.13166296009445,-2.0490847961559626,-2.900108737954047,0.437505009822755,0.486846392825006,-3.6368721937129944,-2.0577744995883758,-25.42514408547755,-0.3435056233273093,2.7943514506513325,1.127149487860322,0.8153482465238079,1.897812049895299,1.0773956473797763,2.302928734723555,-2.3135737518443955,-1.1942756202276856,23.080654513436688,-2.8631589813787675,0.6321499036502889,0.5889080373874143,0.49943372169400957,-3.773956904017159,-14.989873581098367,23.427761743885508,-1.6809385865050925,3.695152500013087,-2.531440265672587,-24.621947567267917,-1.2065926684491206,-4.573102056449815,-3.8233600391795846,27.58428513472508,15.14579426908228,-18.175496029352434,-2.458403856645347,-1.30613325063892,-0.2001905913002405
SHASHI-PENA SYNDROME; SHAPNS,3.0836742310107206,0.9078658376636224,-0.42785059861631697,0.27840052297714446,-12.43534661448447,-4.254856927733986,-1.1136140147197242,23.322832719844875,-4.846936645143794,-3.9679542267077794,3.547471616571254,1.5615749048858314,0.09770503772557067,-0.3248761631378421,-1.0914754162470377,0.15040412934348027,1.3227497062682134,19.283511877075917,-1.0583520094826957,2.545610429159333,-0.03822675453929689,-2.5276514594403707,3.250690937610507,2.969101686203118,2.311638271800894,0.31738517193443566,3.8803576221510094,3.6995766126545537,3.3344824693587993,-0.3910775621742228,17.33327453190473,4.600150881508715,0.6587714874062638,-0.2459038624471254,4.011121747071076,3.7173812496819085,3.3438214696177386,-1.43972908081399,2.8380087025198777,3.422761914364346,3.76611484653186,1.7786391440396268,2.482866842730072,3.022212120382292,1.8327296216311109,2.619033120641406,3.2284264717792395,-0.8027405519660349,3.0772705546700347,3.1821834240537736,3.222374487803086,-0.06439121133332829,15.899266734330803,4.079567875639766,1.3072869534425338,-0.8242167155836039,-3.3612912304224056,-2.112007565918844,-0.6326992947408355,-2.326707994101435,0.2765657047807206,-0.07568584243007884,-0.4727125788788436,0.028187075501780064,0.29370612392197826,0.6786362718960344,1.0683031461719223,4.563491443458777,-1.3047992175084666,2.5800171949243293,18.715441142475576,2.116735266162553,2.9863099925850354,2.9024216003651926,5.461114087468283,5.250217838966233,-1.5802630727039162,-0.952628351176175,3.6494181580215987,2.9914617136496653,27.31270185532484,27.836508370216745,2.1000650536948404,0.8664702269088921,-1.6713072299651504,-0.4681821278730689,-3.262846671841991,-4.837782704366478,-1.5073398680125443,-1.259878014610878,2.5520133713247986,2.060416203139366,-0.11664679074334025,1.52349800169058,-5.3270672814826625,-3.659317642817686,2.484612475771031,0.0879043730454567,-3.3799068475361933,0.31786243968247974,0.15856227727269084,1.2651564679576426,0.014469099840383194,-3.1372247367297073,2.73394762132574,-1.0404944210995515,-1.0385756407288858,-0.9421511655264503,-0.7984936579905724,-2.640244720764419,-3.491430701929208,3.6682254228857785,-0.6147821223010385,2.3531168076995104,-2.2706756725817154,-4.081418443488519,-0.7726381511010553,-2.957471801118124,-2.002714059623392,27.30020307850228,3.0008800968653806,-2.3287746102479767,1.0914531596066435,1.3873482256664622,1.8275370093890533
"SHORT STATURE, BRACHYDACTYLY, IMPAIRED INTELLECTUAL DEVELOPMENT, AND SEIZURES; SBIDDS",0.5921555218423776,-1.1176513800874588,2.74892352174415,-0.9933478638670705,-13.687533549318989,-2.730093273733693,-14.518633905881787,0.5629869458739998,-3.852094359601831,-0.5645925337362797,-1.197889785572327,17.828652049534668,-0.02852513899288552,-2.7921593304228716,0.9854171624207094,0.9781139493788844,0.6780064684563971,4.657765119205848,-0.12960872047851815,-0.15757528563410342,-0.809589159976247,-0.2694435041462388,-15.644349281178012,-14.944709063864813,-4.122651533918476,-0.512598214828408,-2.633523121823076,-2.6981664825507417,-2.7316609337680835,0.2444077400777327,3.0432913307363445,4.503490212809211,3.2750262479336745,-0.9319645487558574,3.4963656639175986,3.546692903193395,3.491249495849849,-0.896517485264822,0.003679148622725554,0.014598534968902972,0.02368359855927831,1.5537494887837402,1.6042801846791455,1.5625861014425444,1.333784771709154,1.3293406187119015,1.3142740497717482,-1.9119918674738205,2.842904176054692,2.8605513865362355,2.8118919891174476,0.17408662542987632,14.444698836419459,16.720876856174677,4.321106387259776,0.10555097152611045,4.016078037072072,3.7864804857947245,3.2295542602212812,-2.142082289987851,0.43839024643069163,0.27064729746850513,0.11442366192093911,-0.06293025734253764,-0.06181512872676724,0.0005041516591369585,0.07360287875136852,-4.362726753350316,-1.2025298058163685,-2.1201876835526283,16.803053086849236,0.6833067567058285,23.91840740262701,16.228723842983506,15.956505203948424,16.665406733350338,3.3148999027821437,-4.26986602696837,0.8717248731116829,23.91744008141549,25.6109148773093,29.404663861390457,1.4411158856176898,-2.2823659608121534,-1.8357753923555709,-1.5948281546289387,-15.139643092438293,-22.97207502018503,-2.112224627956285,-0.9855506641932231,2.741366818022842,2.987474806986037,1.1580744865270798,-1.1071140236298005,-25.010045597967,-1.5524112289987613,1.7365442545676881,-0.5319553487647232,-1.2947704989403823,-0.2244457337640803,-0.2663853424506172,-0.02573729200777242,0.5897898140065637,-0.30548577340902205,1.1285217763625182,-2.204904218180107,16.430947746851942,16.359255411244085,16.111531474199438,0.5785787291281811,0.9387223800479825,17.849687203520165,2.2622361137078437,0.35652774543062743,4.616456791336373,-1.3853385615688065,2.225768721083104,1.606194319938667,1.4105866848480395,26.820670859911246,1.6859358371966928,-1.2204268770931042,2.205614752219087,1.5042095537334714,2.5122274482086917
"SHORT STATURE, ONYCHODYSPLASIA, FACIAL DYSMORPHISM, AND HYPOTRICHOSIS; SOFT",-15.571317107077103,-1.4346475753429164,-1.7488320129681374,-0.2574963032453623,-0.3930254317956394,-0.06752492689929812,-14.818264299509618,1.119859807603257,-30.791301443033614,4.364241685267873,-16.68730272783174,28.776128749744306,0.20778379709423564,-1.0452811781282982,-0.1944259408554673,-0.7161532321615725,-0.9814493478610095,1.818884550483409,-2.376652742904354,2.0861615071945194,18.675949912306635,1.7378940316976863,-2.7136265867402476,-1.485103813185263,-0.2667460454959508,1.7870472842532859,-1.0812270272001823,-1.6692006076974537,-2.1638188853991163,-2.149089179122969,15.324403679394802,20.08333932535701,4.232399763390568,-1.884072996282955,3.393343152656686,3.5262009699941745,3.6215989483258744,-0.11935320191485037,1.3047713845598912,1.7093058877741218,1.9591703319625855,1.9202374630356276,1.8369091622953935,1.7459384812953862,1.8599661352517571,1.7697487710790598,1.703971463163428,0.002288734876983599,2.8821921229596024,2.9203701752480065,2.881915886901398,-2.204508541347176,4.370080948688581,15.958389274089408,3.8742759903263564,-1.9313589814852594,2.032983457785005,1.3526969286914639,0.6017757537382247,-1.3053553716960793,-1.479053578611439,-1.7491936444122664,-1.8683709097333536,0.286557713959377,1.3702553368115664,1.5308772786183193,1.5988186552381087,-27.53651594386467,-2.4741965215699766,-18.233254753914085,29.67580768818768,-3.131839780272145,30.76345963499888,-0.40165644521918875,4.339289397338071,3.4613385229642217,3.8995271361728547,-1.338573109767096,3.3747513397440003,30.82945403253894,3.464133995601731,17.542272659940767,3.002772381643152,1.0890177477325667,-0.283042985477429,0.5187462331665419,-27.119905904187608,-18.639945209998064,-1.714123685674301,1.1204403998309878,-0.5357361718195283,-0.5752155005628498,-1.5389601603859853,-0.14716159395119643,-3.658481359840946,-0.9202114110896944,2.5945438539172234,-17.690135721848243,-13.227600239403204,-16.501482505947777,-16.626607862602096,-14.591660244245302,-2.6075042113392453,2.8270316762110976,1.5840118216765904,-2.0730602629164836,3.7814779619109964,4.068352361360464,4.2507259411625276,4.771405351953605,16.915885091738918,1.1384645248151122,2.763502156811123,-3.934168653222396,33.01847743898041,5.3912620326490055,4.632443514669316,18.216757456050743,30.378833970826836,18.563124576486956,3.075877692487609,-3.4616398484629043,-1.6130556013365482,-2.3050217812797875,-1.3109870569659337
SHORT SYNDROME,-4.374247259335709,-3.506667985551063,-1.1378046589079593,-3.986952229846553,-3.680888241609305,0.5539802202690295,3.305520528092836,4.6266729529456345,-30.259378229195242,3.1561283064452232,-4.784043144960467,2.1308766120040126,0.9612279775476705,-3.1470929960716916,1.8548974406767793,1.7445931533790708,1.175569381377589,5.384210406543394,-3.0641912391337165,-0.24050081041664906,18.03891383238159,4.240687476115865,-4.7451024186898,-5.026015149078166,-4.788814823828088,0.3103137600993025,-0.2573588714697116,0.13601021799767013,0.6039731506433216,-2.3226403293071503,2.998128567423915,27.599158329680296,27.015443402008664,-12.987778357970836,15.870185170072148,16.19968538618601,16.163135039211323,-2.98227991856438,3.067813016379101,2.636985338227402,2.0471462803635045,3.755988594275154,3.26524060225137,2.619209386591523,3.656887059185247,3.044813577145616,2.2659772382372747,-2.8962602138438016,4.619386034184676,4.436698068756763,4.2367335446284065,-3.21234270388555,4.251497614256648,20.096124680561,25.189949680167583,0.160087690922248,2.7401230083544688,2.1050868600488783,1.3544285243392011,-2.011456546726998,-0.6600196475868862,-0.7987526436544745,-0.8504193857266483,0.09170400119624528,1.0283729669477548,1.1594222454285679,1.2245053634364331,-2.9692144681383756,-4.216126762546346,-4.009062655770551,32.33424181162384,0.1807260506570174,29.322740233680328,1.467751247824272,21.565064386589174,19.75111862435248,2.375592833325022,-4.53934225162767,1.1503836521804378,29.324732719145928,4.239521686375053,30.094515033345324,1.1808336145829494,-2.9281398418000313,-0.43478224196413984,-0.09823294720946883,-26.395638790469082,-28.181906046918353,-3.821368986348973,15.108043667428792,-4.715717246644554,-17.354491891875867,-3.0488956570222063,-3.185316300356949,-4.566981971171813,1.2234518576018192,3.6248589101336846,-18.327783437809746,-25.163442469934445,-17.450462207579324,-18.095536641093936,-4.422603923682257,-16.562789303709362,0.8311867099576379,3.0620874184187366,0.1008953062865088,0.025395469225587598,0.02856309678546991,0.03430271124460396,-1.1079213939343258,4.641601115290501,1.8481868837222062,4.301244449277325,-4.121517092723577,6.432916278219475,-3.669289513663545,-1.6409168989088345,2.0047799591843596,1.0065978667679831,22.23441527038643,-1.9671307968445204,-26.61156199104262,-23.965787394637424,-17.784789289495055,-18.52125473511909
SHPRINTZEN-GOLDBERG CRANIOSYNOSTOSIS SYNDROME; SGS,0.5490672544488576,0.5821008745809552,-1.0660478010418846,-3.2504984211215233,-2.3020070940269184,1.2073953590068325,0.020447689598887153,4.171868097006904,-1.1069999788428975,-0.8775891013626741,1.5740376363831416,-0.911311853649995,-0.8794800194970273,-2.6723291838716277,3.8717545562585434,3.7684404769794724,2.7097332742276112,25.10048284838737,-1.270957912916606,-2.075045642870509,1.6339712144338345,3.092115770635865,-2.2590316840523457,-2.8283047988430017,-3.059658979945849,0.21057363663144726,2.306238820034055,2.9638924497802366,3.511356861087125,-0.6235773834223811,1.360052928891478,5.264197564111984,18.763324465691834,-1.2596151608896453,2.840242754736427,3.180791941570752,3.445947626307007,-11.049308686679492,1.9113083257371353,1.3182761507974021,0.7300997506656687,2.728807684836792,2.3054412998231277,1.8198169052783713,2.6973013140657756,2.231835622677524,1.6408789777086412,-1.9715078146953293,2.8786476103591037,2.914759661263323,2.870588827884489,-1.629245053850462,1.464593297620024,3.5572088907139747,13.323787313058858,-1.9863811359320243,-0.9755200066819122,-0.9327938252302499,-0.7533258151120411,-7.627308735010045,0.36660247801197376,0.19066190523769339,0.015335405237898754,-0.06817208692655005,-0.04387239937081116,0.08924274778019638,0.26193319523759356,-1.3927937934857666,-1.2556237650056314,-0.5094241323826046,3.1577405822806477,13.71049098569864,0.8977316495697774,2.6107424266413455,15.424043106169236,14.758233567466961,2.7284233195039787,-2.206544083826954,1.5429511315089284,0.8852402462345665,25.987422846197887,26.444796803484383,0.11686717354560656,-1.9844323704423632,-1.441736884085967,-0.9438559312115914,-0.32463053711358963,-3.283319829341335,0.11484981772438209,-2.8004730419705903,-1.2151862280354637,-1.608907910944784,-1.3068069221409415,-2.903091036073437,-2.9501466369528972,1.7196457105361538,2.3166654601002143,-0.5456520561555509,0.344520890666425,-0.43422238723088474,-0.5864498391863742,-0.07372884888238354,-1.382776860287892,-0.5026998786610063,2.362845904327675,-2.210298160363478,1.476663452165038,1.7182432804561296,1.94251644647385,-3.365900196222464,-1.82186948815882,1.7028480335003233,-0.0564803414970438,2.225475091959318,1.4958035888018877,-16.83845587443768,-2.992369262828974,-2.8940027734899383,-0.003110634990407623,24.738670342366145,0.5206965917706249,-2.861091598861322,-3.5305388701667746,-3.288513444686958,-2.4812864083212745
SIFRIM-HITZ-WEISS SYNDROME; SIHIWES,2.867728145257515,-0.7237754744033035,-4.219406733603797,-1.9624567312280725,-1.3515524992113508,0.6614353739026788,16.40037593642932,32.5303364572621,1.212327045676407,-3.268869241962189,4.4778629785430315,-0.06027174199717295,-0.8258682452034887,-4.237256975656878,-1.9096260684271376,-2.2240275198765134,-1.9820917247750913,-0.39995584576735055,-13.88392006913524,-3.3913433461494438,-18.51301703974498,-1.2346205899436258,-2.0224553723720384,-1.9220461118241352,-1.558515223329459,-0.8877427233769747,0.02495499422179884,0.12509296358361632,0.2366976897304243,-3.586096686224248,-3.385008071863966,-3.3411339672840787,-1.1898224573375682,-2.6588640993982873,-2.159909465055344,-2.1465569959400796,-2.029403956969188,2.7735743727302236,-2.8481838022039674,-3.0493777484552425,-2.9824789202991053,-1.82595749603183,-1.8880985512092663,-1.9666603973208403,-1.9322072764573717,-2.0573307394646854,-2.0953816686999813,0.8159741983252006,-1.9921050409616918,-1.949176667066262,-1.9631712250979065,-3.287454307570398,-1.6128154865075888,-0.6437543859054184,0.2699806709877807,0.45676083461721323,-3.9263119770913963,-4.1237745618559885,-3.952789469815867,2.337143216546254,4.010243488427038,10.379751991062163,6.329013381119069,-2.1008501771169747,-3.2948301501395716,-3.2663267683100843,-2.9410676174583616,20.448287303669055,-12.750507166598727,3.054943114828927,-0.9522758433820439,2.69641129213279,15.700480918535364,-3.2627734295472823,0.801018894340994,0.0016508119045689335,20.412842340005195,-24.233309056677115,0.04491466388876628,15.738294460724445,3.830820426767582,16.782702110151046,2.9884722250198164,-3.461429253854975,-0.9302723538811443,-0.952601348965721,3.2736002908798545,1.7760001208540581,-14.690661740586222,1.5265606602947097,-0.3326394576993211,-1.2416000996799448,-12.838908621305393,-0.6928983040737017,2.792406913793383,1.9803597487208582,-0.4848420891714065,0.7047585959077195,-3.5613274369365606,1.030383194976905,0.7082946233133987,2.1362942061549544,-1.419669962029541,-2.632364141940118,3.289748030120871,-1.7069210760089648,-3.4512860085325663,-3.263141849159437,-3.0558050065349915,-3.7238841570731047,-4.538530982037393,-1.5078925879252785,-16.642690322261657,1.4470197688604722,-5.180031527308094,-3.512253903928373,-3.1539758123163835,-18.542552941424635,-3.826519249634712,1.7186155606198121,4.352608128528324,-1.6418146552669293,0.13744663869209287,0.73165825946234,-0.27581592859670656
"SIMPSON-GOLABI-BEHMEL SYNDROME, TYPE 1; SGBS1",15.892327294458081,0.9393635098776328,-3.6623207313811066,1.206160360410435,-2.845766986785397,-4.166093079516238,0.5868552637521504,41.1259721162306,22.802224210271767,-30.213382975404883,29.37678561212746,2.6509662138214445,-1.2069586611810028,-14.361164305636587,-1.3900099445793492,-0.15662900302465815,0.9157657237641612,3.51318548951025,-13.128549610886205,0.14778649137151428,-21.50308921451674,-3.802330698708889,-0.6924139100656029,-1.201009673088093,-1.541622741064015,-0.3214097483866438,-1.9418764573118377,-2.315982367219515,-2.635439153290623,-2.946277992121069,11.36483137363872,2.4984866027724597,-0.07129272103784172,0.5028146495131435,1.030093776362444,0.8271668016576753,0.6197606120247062,0.29797718604839135,-0.6164595635708233,-0.18427747167348926,0.16903752460302549,-0.25718332152252027,0.1456556836280811,0.5842899407097912,-0.3443891246703504,0.12120812141052886,0.6054961676484448,0.16537399127462107,0.4698229199804426,0.5481037974357105,0.6377460315970662,-3.3446143857443955,11.853261411215321,2.5363125891339187,0.292333872087025,-0.687566731755026,-13.446430142408236,-3.3350234187653633,-2.138261067399555,-0.8679916163103355,0.6604324365829123,0.08177702109777514,-0.4667669025514232,-4.1543586216516655,-1.1414558734383728,-0.4742440301726959,0.2003432981276218,-10.139376527973054,-13.302380124637367,1.8983860844652325,-4.459491551734034,20.148206038119255,13.572612279413224,-2.8733160541256733,0.8737773267945139,0.19616592459705795,21.440787911961156,-0.03718541131622202,13.351687122705657,13.635871822430099,14.812829867761309,13.774687517501667,1.19583268975454,1.083805382880814,-4.093905386267166,-2.8610050273307306,16.784531174915323,2.8740919373703417,-9.72515659359221,1.8792605575821397,-1.736144781080731,-2.9608936891362387,-13.093207963429471,1.8834702459074346,-2.2351468883873538,-2.738431941442619,2.6203326823563806,0.12039457841190129,-1.299847318276987,1.3068964911615413,0.23664206350683725,0.1289734763011362,-1.7871653113268087,13.316600275761429,17.886569499588557,-3.5512816338936015,34.722319732525044,35.18025306012025,35.06291932890442,0.04314091547200984,-30.836569743428267,3.8984950961864953,-30.67543174333563,27.384790626534727,-0.7786944400978292,0.7326388581373526,2.57623795979041,-23.836400547299586,3.019398434056052,15.205490104146929,51.9957129592899,-34.83305015268983,-2.8431603851767773,-2.487683490787193,-2.900012720008994
SIX2,3.6589160202642965,2.48842300772662,-0.2044796401790833,-1.423032040478112,-2.647279768577471,-0.4356874697386807,4.751492468272684,21.34392213235073,2.8422987270852107,-3.336962559497938,4.977154491476298,2.3754249456799976,-1.143480896946059,-3.2143402133276466,3.3341519888811253,3.976313310027187,3.6420897104699264,30.14201947252167,-0.3200528228966895,-0.7566009639010384,-0.5374890716409824,0.3274977006884723,2.5567448225512432,2.7152257022413764,2.667393449021674,-3.238074270775392,18.509779768152672,18.67156877833731,18.485719140493032,-0.5082839162900635,3.971093162697247,19.941848116604955,5.192641643310096,4.444359438330342,-4.572299183897722,-4.0432886481966035,-3.3949302685359584,-2.2573120530807147,-4.212040315256732,-4.514360364630769,-4.591780428855683,-4.699425858499622,-4.602693380513222,-4.4187336803123305,-4.59669791910496,-4.568197917052974,-4.374437039434171,16.12248536150138,-4.752783598210013,-4.356098407732503,-3.930671930880316,0.1927318506736012,-0.663719159413012,0.007292157842717343,0.6966780376316668,-15.413876822905879,-27.77254272613901,-27.82269262289746,-26.84441897515707,2.0919108245860065,2.7376869685054706,3.5635249444881367,4.076225990286751,-5.321944841276338,-1.773722314717933,-2.5464322146203098,-3.223476646706186,-1.2258924644638265,-1.5153817689480245,1.3673400590207119,-0.6669649064013764,16.89547744533178,-2.4479661370910617,3.0703972124029666,2.010388823723033,2.4085516825304536,1.7636532303933983,-3.1829748107086178,2.9282112456266924,-2.4547584761680534,27.977655210573793,26.178829203761044,0.4491730693019703,-2.120335221455601,1.1604426301076314,2.1035777814190055,2.9922245265073184,0.06856274938353972,-1.9551253873559635,21.393874526317056,0.5260250545398562,-0.12774005037382802,-0.38530571619906806,-1.2285938996660932,-14.90690941207548,-0.17968450166092118,4.309238049228212,0.06342180181870435,-15.872089466199455,0.6379319929959855,0.17182159799846422,0.48815779152585226,-0.7065947322542618,-0.10127580966485972,2.634533457785776,-2.791774146203894,5.004756589450408,5.047263077515777,5.087074016397792,-0.04380239560078297,-5.186011921157546,16.540711484144712,-2.11057828114374,17.492976315241155,3.5780707007804247,-0.593452509338756,2.497525875545333,-3.4505312966889856,2.758419234740823,4.696875176539723,4.287043507229861,-3.9492928119507194,0.836710059657496,1.2422525442850838,0.37189106874638317
SKRABAN-DEARDORFF SYNDROME; SKDEAS,2.0438508464832204,-0.3867879161862426,-15.960628791753418,-2.7112837553247426,-21.399888415702513,-1.9633695908473354,-25.972173181130508,1.9062727846662588,-1.1935710909160597,-2.1908830098370946,3.0808763557829333,-1.729243647318199,-2.656433854551341,-2.659408462287465,-2.741743249202429,-2.5308081540846032,-1.545535593825852,0.7925090496773615,-16.299172665695632,-1.764714422506784,-3.776391849547627,-0.4936883804977002,3.1536857056063914,1.9523146368165558,0.6259916303595721,2.541857158123626,-3.2840211863428856,-2.6236950631581286,-1.8554506792670182,-4.509443015815742,0.5383140396636938,1.7965077108715761,1.9615497895018537,-3.380487298876326,3.7868497717828062,3.9258184683681363,3.953985674138226,-2.957461623545522,3.0409592099082645,2.9927955901732513,2.693062975057716,2.844200394158988,2.8282104591603097,2.7215999870044882,3.0167387756461794,3.0035577449039472,2.806425439740459,-3.013146679234928,3.3584765090564446,3.4508224311119036,3.4834721758924854,-4.116555881645803,2.6734677693847653,3.559539757002969,3.1347512432731395,-1.4726048614787757,0.3183336714601951,1.0795030014196496,1.7843461499417037,-3.028569474461276,-1.5493978648807176,-2.1479227381712622,-2.5339209554372,0.06677691812366006,2.012850022148014,2.6101118201626043,3.095630643900172,-0.3794498450417494,-21.86374598177589,3.705364156028881,1.953714794379246,1.0280629538251587,3.668168440640758,1.1831335305290558,2.2587554345547036,2.1255335874370553,1.9169360636976311,-0.2693451658668302,15.515678228893387,3.663882346836623,2.8474081021802893,3.9303100844662686,0.37023519493706253,0.10617224506828757,-17.517285321868258,-4.210318220678883,-0.8567152248831805,-1.9418707995708488,-1.1755516522287615,-1.094875926524549,-1.578830819645138,-1.0358003197346297,-14.788050278327223,-1.398576710569976,-14.607564660754385,-0.17751167530690723,19.068817346770803,-0.015212840589407943,3.015169916291855,0.20271311051142982,-0.0892253279087225,-1.1903826651072313,-2.2430341715270976,26.951791073270282,23.1795782522875,-1.2279362279113553,-0.3011301716094871,-0.1061768329436872,0.07650599931919101,2.8361840851019484,-3.4492550442272405,2.521005998445638,-4.942039654086678,2.0485616454133755,0.2632937569726707,3.2112555936109426,3.6625268799525124,-0.962813569260736,0.3077739017011568,4.514914726731654,-0.9264536700450009,-3.817251087820739,-0.5499433466178894,-0.370556209124632,-0.779780770289461
SMITH-KINGSMORE SYNDROME; SKS,2.0892944759321175,0.033245075375614545,0.7675192115555559,1.2278670904103701,-3.172189858457477,-4.5185434305766465,-2.22267121689521,4.720730846255844,-1.9778017801445544,-2.1838227045142165,1.2901102590919509,15.90393464748361,-3.006856662795957,-0.951613948878374,-2.1638580444615183,-0.8832531128116538,0.4264451253600846,1.9716251710701516,-2.059470688710939,2.8756793672057457,1.3913715872388002,-1.7883384114428487,-0.15970018750801115,-0.25191403706335297,-0.3254688183543538,0.5920131885110153,-2.4686922987123148,-2.1977053922273644,-1.8941295141973795,-2.041455738198912,15.533467693970426,4.4228466821213015,0.9315616322453096,-0.13272803568136476,3.2613114179537086,2.33976114514156,1.24740018155906,-0.05767618498403554,1.4959270451785922,2.402373039075383,2.9937373804983123,1.8710499834176633,2.002564399729236,2.01644303666037,1.6482414852997043,1.9889366685452603,2.188115417763356,-1.571403329795747,2.8648890578069053,2.2458608050925197,1.5487753345016109,0.13362306523947728,4.25862485337912,2.0389032270318697,-0.49243303226288915,-4.0633380792888625,-2.700920545058888,-2.819268605249943,-2.6571137864755063,-2.287196022956812,0.8864373185366673,0.831389760734999,0.6933965005620846,0.06004398009207628,-0.3916127234363552,-0.28113080863446693,-0.14914308759532086,-5.079748072485149,-3.0427165174615936,-0.07153844080474533,4.029202765109925,4.811312352578683,20.62934422218017,2.3005572332424102,5.264168981442535,4.985601636351012,1.1723084060636138,-2.5185063071118994,-0.9556638723723994,20.633974954429,5.23668160740457,5.933868325458944,3.9950019168743856,1.4488273486680143,-3.9839160015398667,-14.638829243740267,0.13002542499731617,-3.0562206412823754,-2.912350883022574,2.246755169311693,1.4272882940788887,1.3761824042995605,-0.22895967004246345,1.3804685782331636,-4.621193400766227,-3.3413882325739857,2.667108866613212,-0.3452147764012432,-1.369436653107236,-0.0858287057357186,-0.16006551846972394,0.20253861207367124,-0.47173051620572337,-0.2721796898509037,3.27382026523441,-2.87018005739208,17.95041454758639,17.963304482803387,17.834919745817714,0.606076639016118,-1.5971276280775732,5.343833950959087,-1.4121199121427923,2.504752470587541,4.588967385202429,-0.38397455524517077,2.7359377290231843,-0.9836114173401406,1.9517702989734642,4.673581406552952,18.103004774986857,-2.816141465437927,0.6105159401788116,0.4893220344854809,1.0562898865585888
SMITH-LEMLI-OPITZ SYNDROME; SLOS,17.993396723650864,0.7039618015238104,-3.1243697078067654,-3.423959657061971,-3.241931904015183,0.6287051094050168,-11.989993716572078,23.292543998446995,0.9431055238717028,-39.12439465599155,37.90288259472988,1.0612984039481594,0.23433768171760835,-3.043173110578716,2.740269939343374,2.622442898295909,1.7415184142033937,2.1012601342326653,-12.272107053259166,-3.0521547936569875,-2.241154071861242,1.532683625608326,1.7881641730736735,2.342747621702283,2.595914176331348,0.7099203435853668,10.127620203764657,10.17292456125346,3.1148484851169127,-11.695039381444905,0.8378040041616552,11.945255108437435,17.373497037383906,-0.6030279955745649,-0.6263422778781175,-0.7190773449417044,-0.7721469582623298,-0.1572048420821047,-0.07814223154338949,-0.6296091504247397,-1.200036097271934,-0.7768672946245723,-1.1873090215907809,-1.5347429081931496,-0.4291278769798811,-0.877828221927626,-1.2653929700888453,3.217138020420221,-0.8606110211156459,-1.0719974788041666,-1.2351554766010613,-10.728784008115893,-0.705675883976133,0.27304761330712296,1.3373795610651078,2.0062622728902806,-25.018690770123126,-28.37303607526276,-29.113119443500263,2.950606207901461,14.209817571774238,20.80403273734556,22.716231319449346,-0.041838347291997126,-16.744400876921905,-17.71726240487295,-5.953318506115665,-1.0343778603535756,-11.989866418852074,13.550446313115813,-0.6243307587235576,-2.3281340804027346,0.499054239645922,-1.3250322145416868,0.6660646831611916,0.25913122741250016,20.63327216125639,-0.570124328041501,12.494933162641914,0.499432578776797,2.5739877456377633,2.2110122388924753,0.19655058574081707,-0.28548594336941635,-14.553007693009015,-7.878882933876789,-3.0206477919824,-1.8457969126556844,-2.135973841430468,-0.3193428796285711,0.5167177879202559,0.227397732468882,-12.199581530805721,-2.6574622557453678,-1.3553289154263002,2.1004962405981797,-1.6770341308902599,19.147428440071803,2.475835649273231,23.264595495994225,19.647755899438152,21.05597832657102,0.9791041268463139,-1.1639539838404673,23.74045346602354,-0.9916057806750237,31.31824996320364,31.883551934308805,32.13764983964098,-20.97875993149571,-39.28552359871518,1.0211396262794137,-29.2560890050281,35.919709736291765,-4.276466368365652,-17.29314848381837,-2.4756279964010193,-34.959301473871314,0.06225356282487658,1.8289121315117645,51.870145137705705,-22.173966360541954,0.42571108116821277,1.2702460940671043,0.6916474212205184
SMITH-MAGENIS SYNDROME; SMS,-0.2600719643802848,-20.72369377778956,-11.017667898221882,-1.3064613608415099,-0.36907570681520263,0.990276967468681,0.8599460007099746,41.09668300194868,-0.5058798858575372,-0.4100315672409883,0.8475775285019196,10.24399423108101,-0.6648114697111008,-9.719816120694837,-18.863622089723314,-23.930247563574323,-22.507040940534193,-33.77934739213166,-10.394643586863141,-2.8431657733547735,-18.255662746593487,-0.11107528480221876,-3.4290035723729413,-2.5187958846205887,-1.4019211317178049,2.6736756217446005,-31.9222164076586,-33.16878041148189,-33.705771289688116,-2.1326614355466473,-16.269518024119073,-17.763369958446447,-1.9776971286656235,-2.0220737319086535,0.9584258546804889,1.0946156860403096,1.1886538905240105,-8.05504220198474,0.420462760286273,0.31139057669478537,0.20530982928044367,2.1268614375677086,1.814570838652052,1.4560434976440293,1.705960801468161,1.3589671641297953,0.9891101947853179,-2.3513047088880206,1.720297955858157,1.6619850452016256,1.6003726873545814,-10.180742841178638,-0.5574170407218438,0.0752658657635959,0.7081417816605099,-0.17184947876611936,14.997395569383201,10.09090815213079,2.2338174552123866,-12.022753221932442,1.4527036151707444,0.027491828953766975,-0.3877591814206556,0.20893203743821467,-0.35712527358519675,0.12923359023156342,0.46457476942777165,2.0753879618230204,-14.200547526302643,2.5341776780305776,-0.5575334879557932,1.5651904647718433,36.55711837794995,-26.988266953415778,-0.5648476307680835,-2.0576657467775803,21.634940734834487,-20.98975835010581,14.660754655630903,36.3055801384845,-20.57320595027014,-0.7715880970044008,9.633647431453696,-1.6859659313159538,-20.405441740676935,-16.593422547589416,12.59659629814859,11.79518396998922,-10.350733571000124,1.4805884495932984,0.48627027461951855,-0.009719825008594963,-15.523055678487813,-0.7040245192283235,9.750582102674437,1.877603911508128,-1.881149954138003,-0.9375505267778173,-11.464180107525197,-0.2614564968199298,-0.7753484838689065,-0.01794927862753153,-2.257977171058737,0.9638450179262998,13.571171051240416,-2.8889583895130713,0.15027360805832882,0.1769647289907786,0.2013531938836237,-12.64228014080436,-1.1862112611171927,-19.77204276729667,-1.8693088047561586,0.09777170797539171,-0.4662937018792607,-2.0058392135804604,-16.366414087724117,-17.287637572286897,-1.8217308753862866,-8.696687696915134,1.4651658749965737,-30.349368675150224,-0.6232868267185133,-0.3771003600426179,-0.1757321974784495
SNIJDERS BLOK-CAMPEAU SYNDROME; SNIBCPS,-5.0846697740207505,-0.2089880204655355,-0.48745270080985775,-3.36853394704184,-3.5368905533685573,0.44858007570469144,1.2871161719884925,3.841743036321526,-3.854397323141709,4.63238322475406,-3.4649666243056654,0.9526366301392845,-0.2467326264954084,-2.2133816869110596,-3.0272982082411866,-3.9454421946629714,-3.8209409581390323,-0.26565801330291516,-2.020567060594437,-2.648964805096331,-1.2643042740246329,1.5694976982036504,-0.9989594482735932,-0.7506092589283745,-0.45619844117614944,0.43756266652467707,-3.9341453927508985,-3.7613734318923293,-3.519587873712023,-1.0482593347889708,-1.352089824343123,0.25202973960871033,1.9519915931534921,-1.2180592469380795,-1.063562704533764,-0.945385522504387,-0.8043097126442503,-2.8555372678804742,-1.6789997065143485,-1.9433672163368179,-2.0786440619739164,-0.4971633227258226,-0.9328957268861632,-1.2946418989640494,-0.823746945312401,-1.2272100306882665,-1.6286232185189375,-1.1294055866460502,-0.6379430409759582,-0.7547618466448621,-0.8716328909005292,-2.5052671089141993,-0.2860915212100448,0.741912550611213,1.799116941237303,-2.873510181406872,0.4614404252748403,0.0036606720774699413,-0.4345850581175924,-1.920027259849423,1.394174711245317,1.176932348789792,0.8368415264171201,0.08537164569589004,-6.0320214917155734,-6.360726821854544,-1.970334927985385,-0.9662045841535117,-3.2631333610802367,0.08347424942653074,3.883513177560584,2.4459614331444475,31.556059689997706,1.0795215096854747,2.185433918679568,2.092762255738587,5.307227352112009,-4.468139954924324,1.7369139577660124,31.39910488958807,4.310605882686297,22.24013583680251,3.3954096863221275,-0.6166359468946747,-3.1169970156704676,-2.635114652018037,0.14236659708204427,-1.0051799875620073,-2.0674321180424435,-2.7663151939615824,-3.741227202029343,-3.7458327289659907,-2.6953079857269415,-2.4828342575016715,-2.4552657383452345,1.4853050004452375,3.781704681284395,-17.718437976233155,-2.7997887950321743,-17.67065177909573,-17.61879775298041,-15.80992213287038,-15.619922792781837,1.7012083302623806,2.1636046123248076,-2.438447706904073,-1.544486192203256,-1.419221226931211,-1.3807708509941312,0.6836956108393386,3.2150760814765524,1.103764414003322,1.8026640961143463,-3.5157595021500296,5.604966210629221,-0.4847649686011336,0.09332753343458422,2.124033380480427,2.7771322547208004,3.0985703441449544,-1.5301076063322987,-14.85653813838833,-17.324019823141796,-17.617035113966654,-4.687870749416636
SOTOS SYNDROME; SOTOS,-0.6450294113211242,-24.537206838935465,-0.9757411645358682,-1.2412424947000036,-0.6375824292935847,0.5831660312144511,-25.001213903418734,15.428861679903816,-22.683736226712874,-2.953159398191202,1.7860041810488048,25.293651082952966,8.29866837431395,-1.9186114909171836,1.9405565681504156,2.3970614463669984,2.14680365182169,2.8662221625222526,-2.575419048510491,0.8845901483171117,27.83799962011321,14.957424399042415,9.407259142158868,10.010296204474212,9.540619117015883,1.0602799503925682,-2.718684123325233,-2.320410116293202,-1.8425348217457715,-2.462171127643879,27.385119673221176,43.64398321961154,36.340155553171854,-3.0977519851445465,29.195541348764557,28.990985192583445,28.316708633851267,-10.211563242998862,20.280369491661457,18.212200368583385,12.142295964946335,21.444300106091433,20.194599840506278,18.279123288330766,21.656472954239312,20.072752794471917,17.7593219166974,-2.95201677378013,26.19962454114501,25.615141307494287,24.60340622524442,-10.421484837052708,23.583425084967104,30.256170528252806,26.402573545758624,0.7663979076965027,-15.424252759475914,-18.78824489977571,-20.34424350335698,-13.785540846539579,2.6167829255682555,0.1440449697531375,-0.5600563353640323,0.38451589313852375,0.39575233862427256,0.5221469022162286,1.0166678331900099,-41.93544001970676,-9.707510289491024,-18.203655341541314,31.60207591066182,-0.28525777611442665,21.015821417289004,0.17030108626104298,37.718583414221115,32.4226978050336,37.87585398625619,-31.547069542455485,19.15472309757206,21.097163881406278,11.841806428368782,40.16700240982486,9.293223913804754,-17.924246067075764,-28.744550215866315,-23.876815740511283,-37.257885249548146,-39.12005005603966,-2.1589849247054254,-0.07369719716133813,26.50621353074072,27.005860656134356,-0.6891853993359447,-1.7355653159641091,-3.8430497443344036,0.1999921790370346,-0.871197078369196,11.192652480519456,1.4615084712522506,17.104884664877304,15.489109228195353,17.04351691480685,12.13420171125259,-2.6336479603186147,16.82539495619242,-2.159502489986196,38.15560897248835,39.19213893378844,39.89667490813872,-17.674697352086348,-2.126749203122053,1.9341363523969413,0.10778904532704875,18.62987848457392,39.809157341963555,-20.785828334212063,-2.597469674721825,-11.879577342571773,2.50572799120333,32.99138498477738,2.43580882755442,-1.1350551508017914,15.145707009977471,13.635960684002256,22.36701732750189
"SPASTIC PARAPLEGIA 50, AUTOSOMAL RECESSIVE; SPG50",4.686403835924263,0.1019688386006406,1.4652106848883522,-0.865021868427875,-0.7649631765048572,0.1939755156543838,-2.6673143293333754,18.042756543657166,-0.8846610992700784,-17.810587469397195,16.114805301338663,-2.371350440380086,-0.582100520033611,1.6513259145461483,0.07905190680070727,-0.31037361477691205,-0.5754839315399097,0.35422437861214573,1.6749292185622822,-1.8220243770093982,-3.4186281316678246,-0.15325465365751514,0.5104118609675465,1.2128365078367187,1.8050790141665454,-1.6993429441857215,0.6891112428355639,0.41785017272062436,0.14473091565501536,1.2505885764619706,-0.3550186843408513,0.1310386546648196,0.5394680650986307,-0.635437818045844,2.8676675704911214,3.026302709219695,3.0716323494122104,0.09289233598033132,3.6942859811036697,3.613681897488353,3.193148818324417,2.4098844957494236,2.298227759102709,1.9737754911841443,2.7244667576064976,2.6226433785138044,2.297039957256274,-0.6159525836975347,2.6158437331507223,2.6029310495748805,2.535532696384133,2.318294122476181,1.3159154418195362,2.6396295397052376,2.333694105609015,0.23416379138905893,-1.9805634070817744,-2.5343638817331904,-2.7325383253405646,0.4873901855229874,-0.7717706637250027,-1.0126717447376874,-1.1259702069719733,0.3592798571323015,1.2538030439315675,1.5116211154118082,1.6681502870487617,4.957119110084519,1.244246085333637,3.2625553865007975,1.302042424266895,2.8168296069518433,2.2488365300423583,0.6511640760231032,0.9544457747788967,0.9364681937533412,-2.2283974942186844,3.5630818273599587,0.33747719294424655,2.2679687507132367,0.129588423485613,-0.045483369319832226,-1.1314361834404982,1.621262147864266,-0.026264044541618767,0.0903632731553906,2.051079144546471,0.3634581867488206,1.4439178045714398,-2.389106142162089,2.819427323669501,2.610370061406928,1.5632942430232715,-1.047874220653155,-2.2551520390921285,0.27939293533271764,-0.03212017817933377,4.64015876636256,1.9264568373125033,15.834822859561312,4.576707935500275,4.744368366747471,2.8805243870591335,-2.6478920150493113,0.45942439566350596,-1.1053256981165656,-0.41220560006179924,-0.362612280536326,-0.29148587512859,-2.701094658284457,-16.347216501276442,0.6448438107847585,-3.4687174016597773,3.769970697751627,-4.076181438615078,-2.1176619950684055,-0.7581976481155094,-16.63897763090648,-2.5915744091808124,2.1542025858626213,1.717029810732646,0.06428760991888828,0.4806299728750541,1.2888778629042035,2.2181145061237477
"SPINOCEREBELLAR ATAXIA 42, EARLY-ONSET, SEVERE, WITH NEURODEVELOPMENTAL DEFICITS; SCA42ND",3.893679685077504,2.584326836288351,-0.2308849705897354,1.4350323464869796,-2.5150734623117543,-3.9555788087019463,-0.33686658999101937,17.588839815723684,-0.6713714512294208,-4.521144914946755,4.923223641663855,-3.9194624312981796,-0.18079430430192706,0.5731966996848511,-1.9274210768895195,-0.23296892507423703,1.3395305155082518,-0.5991320041020969,-2.252210848617187,0.5919605863714827,-3.4255051676887076,-3.109579861280718,2.1379275331599272,1.1656315246872901,0.07915363159336504,-0.0030013960438988784,-0.10110663482849483,0.3467051705846768,1.0188505883793977,-3.124004734223805,1.1033750350285185,0.019318569943451266,-1.0967876434107369,-0.9176031795078113,1.7563867463077496,1.2449846728809555,0.7169907026460824,-1.880225683914091,2.6543352977844203,2.171788145013218,1.5248118738505951,0.9609879320389904,1.1802515417279393,1.4152296074993904,1.1932203387282951,1.4218676516690143,1.589171488478463,-1.004132824050318,1.3071575486839973,1.145384800900987,0.9681091207848053,-1.3213237766890635,1.7425340133688434,0.26692915732911543,-0.9382688796461746,-0.2891295292102709,0.0022368247387378054,0.14602039240910217,0.3140744007485039,-0.20504727756162341,-2.4672077276487117,-2.944066632292411,-3.1458483258046184,0.25214634853627665,2.5003054749711184,3.024420715627486,10.808921589110819,4.256081909847731,-1.9167413488420195,4.215967212346208,0.3539814503501068,-1.33333431275805,0.7227800231179268,-1.7006250985895601,-0.07838140585437872,-0.3684892719779904,0.3391703782466556,4.898022349972473,1.6845866772329976,0.7137280418065616,-0.08314344847804986,-2.28004160433621,-5.067108114301125,-0.7019082437726017,0.6408882521966749,1.441535736926676,-1.1733050743404683,-0.4277785158596005,-2.6824791639891306,-2.899590894094591,-0.3893789083570205,-0.8159585715969561,-2.3039512298294755,2.272345239676681,0.42985317098547915,-2.0774637756148957,-0.6707579670619621,3.6657317807957113,1.6556343350040799,4.077768099455172,3.5018199081885184,3.634108548371933,0.7212083254643281,-0.6905066069385699,2.6621904910289502,-1.307952853956151,-0.2409533917375168,-0.3709243067394373,-0.5518576663303383,-3.536377000116317,-16.6192984482205,-1.7626253223241775,-3.814697884010268,3.6517262610203125,-3.5844390577758256,-2.8839808022389177,-2.7929304946318187,-5.185173978991434,-3.338869817052617,0.18987900794607826,1.1189431381002364,-1.8167749429104763,-1.107179355806754,-0.23282451549896171,-0.6206317211746206
SPONDYLOEPIPHYSEAL DYSPLASIA CONGENITA; SEDC,-1.873361217183941,2.3152267556962185,-0.0015790763783814007,-4.033806219053073,-30.078311557890185,-4.408021147550666,-20.763262538603243,-2.9116091644131155,-30.25489453169649,1.8953770574801803,-4.270882579416834,27.757756045220656,-1.6519599997282495,-3.657219967728123,2.0252101876012936,1.7297862853693367,0.9206077961593346,33.278993943323336,-4.543080771573902,3.1680781000386444,29.049212765697725,3.1983241432463116,-4.679825861692089,-4.34164503352367,-3.6395876084044168,-1.3976249291175822,1.177761251574538,0.8570419599935821,0.49098373448203103,-4.098102774494128,18.37352255860793,29.919298928090722,19.051097029115997,-2.6864299811546926,4.561995542078079,4.502863640357371,4.374154911143605,-2.9155561368910647,2.4501452308210716,2.353935533227711,2.159908669950126,2.450281367278461,2.282692434620275,2.0500905191011203,2.2104372939617827,2.049825647243738,1.7869196289406908,-2.0320320343390166,3.8464605502727354,3.735105980175743,3.581407670121229,-4.199422134058023,18.796159466888433,27.764891845135082,18.646679622631595,-2.034555721785085,17.04561948047239,17.240125047182364,16.148670738771813,-1.5715601696357877,0.7537933876597294,0.5689162368854154,0.3178786798399236,0.09216724680815738,-0.362198357992108,-0.2698909124114481,-0.1686317748670806,-28.086515353471487,-4.550726951695537,-17.878625399380624,36.4931464823194,16.033588814429596,28.073420627735583,33.13414325242387,36.19732706901279,36.384041406265425,0.015728221288954236,1.163256202765863,2.4596114602219514,28.015243955873476,31.44390557174381,29.019249525444895,-0.7859131671110889,0.38502085424673277,0.07148125314403535,0.8081644806517024,-27.785658939165074,-35.463735471140254,-2.8548048608838243,1.7257787843286045,3.122087067949062,3.4936054803399843,-1.8062745819315402,-3.154074602622577,-34.9566996886888,-2.9301950170928444,18.905303040069953,-2.839349596050964,-12.060903888477846,-2.559379553471323,-2.478024524126348,-2.1248032021970604,-0.7628418594136732,3.5123886854530557,4.039606719300336,-0.9576956152442943,4.8536500636060875,4.754642506515511,4.595618448748543,21.07641455663131,4.1318979235694595,34.73002475602574,26.042160446556988,-1.9149289206843212,31.933404205057293,3.3966877158023525,30.83760600501055,30.29409890525045,5.957045487467535,33.845753930886154,-3.1460994476572615,-0.5772642801607378,2.6442011380884516,1.863817030307658,2.9605587646875646
STANKIEWICZ-ISIDOR SYNDROME; STISS,-3.614325966992307,0.18404092220119223,0.4362455449803609,-2.9115239680334137,-3.100934282112196,0.3156084917220666,-0.36699705304791647,1.9686278785605738,-3.625532110307924,3.4529916317306926,-3.3784501309626194,-0.31983602343256523,0.09845153525222085,-1.189705240329866,-1.340113728308605,-2.7307631798539225,-3.2117585966630737,0.2009617184835335,-1.7390147437465893,-1.288100153639028,0.7621467033888348,1.923831402588137,1.6904475822281093,1.776313457456426,1.6740275291169968,-1.1411315392337755,-3.5285380466525984,-3.587523925774125,-3.5512999450183167,-1.585089777898917,0.04544204212859538,1.9040978737453331,2.6176044295170158,-0.709218980734303,-0.09325282418472648,0.06258192816756118,0.23514178483738682,-2.721603218984288,0.28825334069053204,-0.08564184156547178,-0.48699038068988687,0.4045935438299485,0.22020277840344216,0.044108668949240155,0.4109045575135252,0.11427946285369184,-0.13785395339547687,-1.0802580799782617,0.1315069452626397,0.19257696927131077,0.2596811324735026,-1.2390944924931444,-1.0856769132064645,0.024177510892706682,0.9636244992757271,-0.4736669788065472,0.9680049816814082,0.8163387046228666,0.5885319025823231,-10.338745524804208,0.818526343645578,0.6363584749193394,0.40271248586969566,-0.03715426517457874,-0.2660775967104787,-0.2685396562798027,-0.2643889917506301,-4.089992691378999,-2.5078048110310576,-0.827813966860881,3.9829727882075714,1.816700446424706,16.592564104723323,1.3114438225033154,2.977325085908195,2.7847963532559445,3.2776842033325675,-13.818295172326314,1.6803905020869518,16.618036364753753,4.283022356062619,15.082966863755193,1.263854955322915,-2.597772269386351,-21.82956727340929,-21.007802891741598,-0.8348230610857807,-2.132791000218575,-0.7019013769769515,-1.817540849705622,-1.8945533500195,-1.6799125037428908,-1.6208416991864867,-2.1504765858173776,-3.191840671316341,0.8772329553152446,14.921005687740111,-3.0638317288798627,-0.8664543352140994,-3.1215973369581747,-3.140637334530317,-3.0579795046190914,-3.1781608676589843,2.775345583407633,1.8728109751970576,-2.3410574665826807,0.015927392650806647,0.04751678308897754,0.0792583502694235,3.1022075414734287,3.3499604229124498,1.5780976269521598,1.0046013880811273,-2.695849404124185,19.787220429478154,2.5327300780486213,2.7163753616492734,3.244500442390267,2.7197452385820786,2.2502952235254425,-3.459119578569309,-1.757234882521788,-1.5062294073425342,-1.8033430775043708,-1.8406293553377169
STRUCTURAL BRAIN ANOMALIES WITH IMPAIRED INTELLECTUAL DEVELOPMENT AND CRANIOSYNOSTOSIS; BAIDCS,3.1809740035597867,3.54581169585375,-0.9846314138265435,-2.9317169285672287,-2.131180583170268,1.080496650111349,0.6992528241097051,4.9939851569022125,-4.779343531321117,-4.03490890351254,2.528522865846592,0.4189048966542497,-0.19161553280731894,-0.8717092411655162,0.8342054736354085,-0.0976300398334998,-1.2193515486547715,0.9672145433785426,-2.2856796133447403,-2.6014744718683906,-1.3924945821329888,1.2330071971719667,-3.1951253721321247,-2.385875985673822,-1.4357116888973902,-0.025892360432446956,2.3344715708471084,2.285928442794517,2.2354903972581965,-2.0799622082092926,-0.9706374620054995,0.05492235357021893,1.0495185974417878,2.2477466270240822,0.24549355878565418,0.1634434896066081,0.08991926244907238,-0.893421768136355,1.0606626568971087,0.7302218147981975,0.38661678909308456,0.7117750909558527,0.19363396425340595,-0.2226137422230742,0.9020782929158002,0.3713854473949027,-0.08913276606844997,2.4673556919862305,0.3636739210044894,0.12699723138372485,-0.09090396749529576,-2.620711332054763,-1.0020964035388582,-0.33262685368086936,0.3403577182767854,-0.21702520097157427,-0.7208549826685737,-1.3914645921665019,-2.2111714961771374,0.7052510584466027,1.0942111244462993,1.4628712576167069,1.6185390478600288,3.4096020072387265,-0.5307465113313883,-0.9024170567496751,-1.2300586407267544,5.289295958043647,-1.9117555758640843,1.0030891970764648,4.111564011138989,-1.7017970883297435,4.97215783877264,-3.6660289545516567,1.9899647527173523,0.8104781261309292,1.0277998438510276,2.895740469618211,3.4930538061594913,4.96940023009527,2.519110419773225,-0.02350307351900912,0.18774425654140944,2.9717645739323033,0.6752427039584263,1.9183771669916732,-3.6753422824517,-2.281869406636517,-1.3326013007100703,1.858240203593028,2.0592208833010117,1.308208661378548,-2.337998879468958,-1.5295334212285587,0.9544042814221921,2.202438686005486,-1.2643789607797178,0.7103884014289966,-2.6273821779560813,1.4919311515865217,0.7847994457737524,2.1401131431829334,-0.7622748192484065,-2.4219304100462007,3.287795103391099,-1.112947418890118,-2.7592768914571066,-2.7363538520731683,-2.6999586163667644,-3.6454627988957085,-2.735243969804322,-1.4529376853981084,-4.8045194981040895,0.046371284775797425,-5.143244526427869,-2.605452159854797,-2.1944159442977447,-4.901152911962538,-4.53340218582409,0.9347691549999709,4.250771440050689,-3.6628383726115645,-0.7090567135487936,-0.3233238930401989,0.5512727811003904
Seckel syndrome,-4.6000668778267855,-2.3324322956123904,-4.346747683854808,-2.035186580628415,-24.547970547102352,-3.5880656586849824,-31.949559490513995,-0.8406654385973263,-33.034627930947416,2.5005434423605517,-4.524004388060013,42.899270153887855,-0.5272852870143118,-3.47691935660108,0.5927942672146349,1.654445417650853,2.4209374293223838,4.66164656310154,-16.915240949881028,2.3578360253449877,29.513610724866158,2.612029356021047,1.6452430997669842,2.5091001091548657,3.1932605592114722,0.5445610598101631,-0.4097654119605241,-0.32972103724118396,-0.2412676879249565,-4.35902089177111,15.963423610243044,29.790915982902412,17.71247813715245,-2.5979664049510256,3.4688144015552633,3.3286520066370935,3.0814334237565717,-1.9463556552551873,1.6744808963429687,1.6893241893669992,1.5826943977514547,1.3762052669805387,1.239883740126522,1.0399394236707402,1.145964662126447,0.9659447432444102,0.8016326710750501,-2.139176300323948,2.755106740755877,2.5743294224017097,2.3493976605227,-4.0733657243575,17.165947944138367,24.97669750564008,15.77849559517558,-0.24831115496550768,1.5804128784656257,0.8356811600750339,0.15407142263918244,-2.5186106870742577,0.1868827701362635,-0.014580951495723249,-0.2212188530322292,0.10202677619909378,-0.11516363292708963,0.006049338164409708,0.15250453630299227,-5.306027546327306,-4.735908920389329,-4.424668667887908,35.29848491615844,-3.129983214852795,3.2118282482370426,30.03254049777559,5.072521895642608,19.017863184916692,17.248116386583078,-0.05467196860197936,3.271692456946761,3.1902701155054904,1.3257292647716827,4.265284604167028,0.26901070381882763,0.2071208902512764,-2.836468515227715,-1.825917208922154,-36.75582155259873,-34.25753604708683,-2.3438338401851655,16.381185535531458,15.246872060255068,16.779963376362282,-2.4422565890896983,-1.3166366572454469,-34.66961251744606,-2.1482367730913126,0.6960673856269168,-4.02739429084089,-20.423122997587566,-3.019692631391414,-3.416893676184527,-2.1803785861010163,-1.9181514460235936,-0.0905878814468857,3.0244615314754304,0.016650274764325432,5.30282969552002,5.010992013748675,4.6977328802348906,1.3899639309137908,4.217499630465574,20.682190670145598,41.69388126910456,-1.714577563963909,36.40850482220952,-1.232842931717563,2.3174637034836465,24.532403509176817,24.27420309851422,19.177370062889633,-1.3203125766336385,-4.377341487469352,16.407594737062244,3.9555070794876643,15.772449604597394
"Short stature, facial dysmorphism, and skeletal anomalies with or without cardiac anomalies",3.8115151756862087,-3.8650801282994065,-4.861378873297866,-1.6102676570273047,-1.2504414686984033,0.4273420630820242,-5.510496008008801,2.174019225699912,-19.21355723603762,-16.332497268893757,2.5275577791317447,36.22481976076124,1.3714147325704347,-4.22453725474803,-0.3058920441421324,-0.15504313698890268,0.006860023608087054,1.2505862363968945,-5.042806881927253,-1.1984275253532903,0.10183875326504495,1.3021808992496977,0.9102686060780738,1.6236075988623204,2.258203172498602,0.5302894770915834,-3.0595195826285555,-3.109663024231974,-3.0918223824423947,-18.01548188944345,3.0576288462855707,17.90598885271467,15.737643610794816,-12.945061479721998,28.464313859179796,29.005129437288797,29.07612923346085,-3.8127375356655975,16.98908005528017,5.272749703984291,4.972141034561921,17.65963282348004,18.0331746384957,17.774098906791043,18.116855890129056,18.44199908125278,18.067910439396027,-2.8317416325532627,20.744820156661202,26.377158951156822,26.539393830694102,-17.781011392382105,17.054781770948292,20.09254273450908,5.328900088743648,-1.2385403093238494,2.3254979794111055,1.7719304966362908,1.053546152672181,-2.9644216953637557,0.40428313040680125,0.12032666214341539,-0.10988254794457936,-0.013966487184603287,0.19914903446070423,0.4039020515122232,0.6125014930282069,-4.370422356567813,-25.10472041294298,0.07504044748654284,4.864540306810781,-18.858944459352344,3.5823400516970962,-2.968848989776023,1.3462652219369091,0.439546364442257,2.0119685326368,-0.6977042792235347,1.5399463862551592,3.5837000024851564,-0.11327099675716391,3.7892471124614078,0.3873913078450718,-0.27468109244343153,-16.118666850169696,-15.401953229895375,-29.103865724832335,-4.3887733320231925,-3.7262999981258385,-0.3664467866953329,0.7737728415401647,1.029116935501223,-4.099930801205977,-1.1236650832477961,-0.3804321718257073,1.057913508827866,-2.856495903034735,-2.0348731389634693,-2.715159858790249,-1.1555456581189667,-1.339861182383962,0.07884092112799722,-0.472130999304746,-3.3222476572783433,19.027467134544253,-4.462045985772751,33.781269003542675,34.270845561914555,34.4924467578033,-3.0906787896823817,-3.059133116670207,0.00445727378027214,0.1779404834715054,4.266380110130566,0.4518147319034683,-1.0324992471236103,-0.7255673830993186,-2.364814059828821,0.1575894209745952,5.324464063008,44.389096395516006,-3.8044285607245323,2.2968847851953305,1.6242260903302819,1.355410083731483
Silver-Russell syndrome,0.7655055338143506,0.5775339678310315,-1.477058681335289,-2.280653142144464,-23.81177802617077,-3.2936658040843865,-2.9138166963338556,1.9124091533951584,-28.74902089675456,-2.643091091135132,-0.9186385448728092,19.87701188715214,-0.7493373377687452,-2.870612144775536,-2.290476438725629,-2.6987334494631776,-2.3329439386264976,3.5042160269218545,-4.290669308401649,0.12500704605137022,1.064204712155712,0.6630013769840151,-3.827595516703066,-3.2794974098761345,-2.386598101991999,2.052257902244646,-3.1087910187208365,-2.809683553012221,-2.4579912776662884,-4.54912252347521,0.7983579444218961,2.1120784485069852,2.111719066194121,-1.1205578465029442,4.363099832169818,3.99550642664471,3.4714636563656893,-0.18277003155129906,2.7913885555561198,2.0134740858349525,1.3514716953600545,2.73466283102909,2.105388940374482,1.4380502857706847,2.700360053972178,2.027114773341251,1.3493430274632738,-0.07789700461333605,3.7867722827815316,3.2462704437372696,2.724678782149818,-3.853216042895513,14.333936286857396,18.760581548093025,16.472380423050243,0.721183593465213,3.703836712794722,2.7919515023989,1.5150920236278809,-2.894676102420031,0.7984277434382924,0.4682173002240448,0.13984892962194323,0.30640975556844113,-0.39428099722256554,-0.427955545972725,-0.43050927077571577,2.516535522861681,-4.467156770267055,-1.9498859451603832,31.956917759936402,0.3194373560626707,32.69346215866891,2.8703420756046483,29.873841197933082,22.164502630988135,-0.7966851986296342,1.7093450954285316,19.660301717431306,32.861150373699445,5.27297808535663,17.659727220873357,-0.996498713312411,0.46935361679188126,-3.3561912896240282,-1.0327082546191704,-6.753679577748349,-23.952943536196535,-13.016177471581003,1.9857768311353872,2.0069684098110026,1.4242385703071359,-3.0363391664107118,-1.0002127050546277,-5.48278311063737,-1.028191519653277,-1.707824121243961,0.1454960444871636,-16.935001684375585,0.8986426009665773,0.4114723315108715,2.0314862326569165,-0.6718984336111594,-4.539358099877233,3.7935301005653197,-1.7643736174362818,0.11144574297551305,0.16787084779356254,0.21629075638208753,-3.657583639257569,0.6275599240610944,3.7101046089038725,3.2992480050641086,-0.9475920754877213,-3.2755768138544363,-18.633413227643647,-2.0890795764692367,-0.518609452470618,-1.444226368718055,28.46769884075246,1.9748717147661958,-4.768351457637582,0.7981730822931524,1.8430643644141302,1.7608965411490178
"Skin creases, congenital symmetric circumferential",1.3318438895109193,0.9916940247099751,3.1359162682387423,-0.7329023188537604,2.287443614884196,3.1797640846333732,-0.3172986453621139,4.581181492607281,-2.1520778092102737,-1.9971048847193702,0.36895010911480874,1.5159280760552172,4.675212304048577,-0.5719277129957747,0.45401894584129004,0.11913835002781419,-0.2006139271520678,-5.093821351614401,2.09470541417718,-0.2583819777402531,4.353111512098168,3.387830451890867,2.2109276368846382,1.56281220205443,0.6841886683356294,2.0281883451036165,0.10452905978813115,0.7442888302295525,1.5050409328721486,3.2367661447132448,-1.7281939560706463,-0.08557356819981005,1.7941765110131285,15.433704873237037,-4.594775896976352,-4.106047813168382,-3.5655704146934393,-0.48793626442980587,-1.6672813838360654,-2.0251712846465284,-2.1258760038876723,-3.7457007433514633,-3.6368695917167924,-3.39301050444616,-3.5003677482663926,-3.5695188668727944,-3.4228223199549426,14.352318701510994,-4.407258958738459,-3.980310130959925,-3.530371252574175,2.5296058096623457,-5.166034677949767,-5.000008013949044,-2.920554820136429,1.54626463616759,-0.07981542492637868,0.19419574981596907,0.5319198235617598,0.10189874969222959,2.548110916473979,1.9561508707832365,1.1487651017846312,0.644679151054046,-1.5833366663311033,-1.2228465473963746,-0.730932096117325,-0.6906485419808412,1.822259113554299,0.5963564146047843,0.30119812741153695,-1.08188658439777,2.4509985960611216,-4.5222563387341745,-2.600680887797244,-3.2055098876478603,2.9766476195821716,2.4122837566608863,0.4733626700861139,2.463050079823828,-18.165323876204322,-26.8754901822009,-12.90811296211764,-0.9972090797538314,-1.1295084919536564,-1.0182897102091648,1.8572223012125102,3.2359159941641624,-0.8836246652482739,-0.051145830338291884,4.339858439575262,4.076246478980014,0.7082321703863714,-1.1034866805893253,2.568325641669057,2.0448971830087537,-3.624278012623018,2.699939452996712,-2.3355507925551824,3.168362726435824,2.8972021810258175,3.863049775565382,2.3831524888177493,-3.4453491446016464,-2.1895267177240014,2.7975738510932198,1.9584278419506707,2.4651559534080905,3.0961617359073186,-2.7510447474878243,-0.24746841868560895,-4.541432924784689,1.0685615615763089,0.8863259341324783,2.4731906104858514,0.2358019380400952,-2.300475768714656,-1.5544765065905586,-0.497585423250413,-26.23711093839956,-0.4850514918445937,-0.0133788894730377,14.478823057832555,15.376534082093372,14.735282827860285
Stickler syndrome,-0.5375199100468129,-16.41858446707313,-29.08651916892136,-1.6743489108572187,-3.1817380578476295,-1.1080127634649894,-0.06649440410271082,34.586892496233745,-24.783904648838618,-0.4728891570132926,-0.23878676970853463,40.52829358416938,0.07664421343844,-25.1150249455642,1.7352422143414086,1.3688366405122072,0.6405820557132241,-0.6031187922696983,-28.391112171147036,0.37211908911970865,2.6837481906476355,1.3895835693643122,-3.215873995593986,-2.513961332153751,-1.5253080740522706,-0.00871139478355047,-3.986462357478065,-4.288361529201206,-4.468677066575233,-28.06596133384746,4.374530907052327,20.3794594601953,4.761687322070523,-2.6278452431494856,5.382881386994098,5.158253035288659,4.836509503820398,-17.64428886831567,3.3468949572925912,2.612563833017079,1.8584888935131112,4.5354876435239735,4.289873876821259,3.941331839188511,4.502540624369142,4.196083144241645,3.7136846236879246,-1.6204913760063575,5.11897524536435,4.880185842329778,4.600146287953901,-25.85095932137425,3.290711111323631,3.7786694867922495,2.9623242763865143,0.7474649508334226,3.4936251153874887,2.993532039246309,2.1575260844340303,-2.800912034419561,1.3400769043716125,1.1625958825293756,0.8677624232716933,0.32389598996132973,-0.4485091444132821,-0.5176783354022705,-0.5560114702068109,-16.278593129195404,-26.261177535260057,0.9701452735941254,4.154407932927578,-2.5927947175978354,26.052239073373222,-0.22366515417597688,-0.6160796861240524,-0.51809344073045,2.637478708534948,-2.772813808715954,1.3495330782040051,25.90942164523154,-3.2204760032531485,0.6734064010279123,0.24367824602859303,-2.321310754727856,-27.77221080951906,-27.516992990692586,-2.0744003616866404,-0.2780832750075902,-21.555807090263297,46.381539352053906,1.6166391324605227,1.0799621914991626,-27.141971392513703,-0.6072936587430522,-1.562273084189041,-0.022615851930879876,-0.4527580505233277,-3.4901462420882012,-31.23479579304754,-2.3404202438811508,-2.843097127126047,-0.40060375742303106,-1.9363786363665487,-2.0744175413536086,27.69782683016549,-13.746456030422866,30.77377519886956,31.239991709146924,30.997556931598822,-2.5928119657300077,-0.06097704098203254,-1.1050030170942833,4.749653728735716,1.6295653144638287,33.48519624673106,-2.2654545575253318,-2.0748748892290756,-0.11579316486904784,0.7947574222719068,1.0654434840015459,4.412967667011061,-26.576459478542837,2.5033819389134186,2.240085043739522,1.6445371749944375
TAF4,-2.5306574848687635,-1.5176588393291075,-4.323921322160511,-1.5546429934318209,-0.448053695450332,0.7970567422954948,-1.5785452308610441,0.6408370319952063,-1.4030871319697884,1.3141956570462188,-1.079507135471175,2.9974797417320804,-0.01130765362478907,-2.8854916229640706,-0.2620013509608275,-1.1597734004455988,-1.6398861176863604,3.039648352962147,-1.446792488505887,-2.454667671391422,-0.7041128597407542,1.7060790536761676,-3.2152071715739825,-2.8774844656266194,-2.2536422122368305,0.15263776991773698,-2.1274497712989917,-2.154499312530891,-2.159451068241503,-1.084104204070481,-0.6551608992877531,1.2636116867155,2.682432654454194,-1.4489715226270015,0.028266579410603752,0.280024214049391,0.5638409397303054,-2.187063023725242,-0.8112528151821415,-1.4099179337468537,-1.8053915956791649,0.33148690430212946,0.10720006690907727,-0.09127022182792242,0.21853036069924506,-0.0693595326511348,-0.4082415030384022,-1.6345184019962087,0.2207502347146356,0.32122059879682974,0.4119383165992443,-1.160621296814639,-0.2679798623215707,1.046428847258984,2.118261680989171,-0.6304776372935316,0.7498282970948965,0.586940363544429,0.32878909612560336,-2.181223067334228,0.9902853056328504,0.896107452427934,0.721804289591389,-0.0022183163120901694,-0.5896965292728379,-0.6173442584390793,-0.6019734908515174,-3.6830388457357026,-1.451211194896055,-1.6374987336881115,0.8803355577133085,-2.049903724231411,3.7624649830110832,0.7015202585048252,0.20709457568797057,0.35442064620919356,3.232043762674572,-3.7799502512078633,1.120833392357463,3.7751636755394404,1.0807106518791438,3.5565672280408003,0.09079451924623057,-3.360512263881256,-15.009499521826875,-14.889672731654258,-2.553675057973789,-1.0471722796071785,-1.007156880158654,2.028635947778577,-0.598515203264245,-0.32464109198693497,0.04969358648237613,-2.648705577051338,-3.34088314388151,1.2258661412191842,2.0137544148290933,-2.2437588287040087,-0.8050276090454694,-2.1093241313601485,-2.0890570580379917,-2.1903527705603865,-1.9734012761207411,1.7342220425009764,1.4481608434289708,-2.048694030138213,2.398611988840948,2.3387361370996667,2.2916437851346947,0.023207607841875137,0.8498700702961949,1.118035632927354,0.40941973125747194,-0.9327885728936758,3.798800967803357,-0.4208610493958386,0.07386957160484732,0.6133110819337642,3.284380563281492,1.4768899889537688,0.7305733877466389,-2.8315507703920013,-0.5610757523356847,-0.9354873802579378,-0.5773856129279872
TAKENOUCHI-KOSAKI SYNDROME; TKS,1.1794563755861516,17.049252206925726,0.1949485470524401,-4.419193800979728,-27.73131183547111,-1.7868842945219714,-1.4109530392224507,27.72638496836789,-1.8429552945006862,-3.606606200917413,4.4460541233063005,3.1318812078459155,-2.480964535592035,-3.1332162191884443,0.7152423451664782,0.38019910244631894,-0.0028090686426378263,17.650072581326427,-4.046659501213951,-3.096437075927136,-3.74040974751585,0.29769708433114644,-0.09335083961677348,-0.24391900581305304,-0.37632260042952925,2.8847173652824574,1.9004527781340097,2.1790682719597743,2.3504381575590103,-2.7884489122777594,0.7004464303686387,2.885931527516722,3.351522759155851,-0.6706689844696209,-0.23659751122768607,-0.2224151445324988,-0.2024966462411821,-1.0337371136444693,0.48835357319977934,0.021186542318229563,-0.3764293737043647,-0.5392572352282511,-0.8760750360295759,-1.2007880698622169,-0.5406338651763501,-0.9343765962094097,-1.2488996029962256,0.16056811450616573,-0.3771654158826278,-0.5170039382106596,-0.6407759067222106,-3.422723204327111,-0.06997200963409973,0.7652737635610848,1.5222491510773624,-0.9365006625744027,-1.7846544313113832,-1.7457226240851238,-1.5163020103809144,-2.3799464863097213,-0.25395016978117235,-0.5923958642923925,-0.9232943444446201,0.10519584097979046,0.835227858019353,1.1316721911929073,1.3853099140362317,2.1027284910968764,-5.1522466690003235,3.111586092881044,3.216991946574873,3.0955033906172695,4.46860362301416,3.069371153353748,3.7200150636840963,3.8692092864860217,1.5225488886629193,0.517080193209118,3.7331509033793444,4.49343713711814,38.734195130838096,21.750231288785066,-0.17780565437722712,0.2772300281914389,-2.09449655235422,-0.8759687542358325,-0.6597518406933203,-2.354692840103679,-2.9957069161887047,3.332684878088675,-0.15265352821512587,-0.29872734427635134,-3.160151379060732,-2.6103086913010785,-19.462726685255504,0.15679163827193662,16.860529360695796,-2.6890333355865055,-2.3366683899162406,-2.25506231970678,-2.4715355306582576,-1.495367929064976,-3.6508505015859902,1.6646685951012825,16.625742135088796,-2.1132222280166015,0.8640305577031967,1.0394113594190928,1.2365060270180832,2.2447384505114854,-4.920778290727197,5.815065807851241,-4.031180705757269,2.619934850214379,-1.8530208754517865,1.111855802507633,4.125841552776706,-1.8352463867047646,1.8241495413884719,19.773729531862237,34.48219393801151,-14.550605759865794,-1.595784078716261,-1.439398482956614,-0.8073441427757431
TATTON-BROWN-RAHMAN SYNDROME; TBRS,1.8196628271482522,-1.4645060522865974,-26.749121351350315,-1.6607142316630634,-1.993409678146887,-0.006574694466611201,0.7522135716055031,33.615885217878485,1.5409196719386453,-3.713206076973697,12.786874402830046,27.172838474998624,-0.01813334209263756,-24.239739926586786,-10.98688357496316,-12.584285859173047,-3.3817751067712987,-2.8693123214957104,-23.70620152632862,-3.1930445211098335,-21.206441459620535,-0.3347527990111445,0.6676693676292965,1.0462768086526466,1.339188427850711,-0.9512309981208125,-23.619598007392764,-23.3583169590171,-22.4512482336835,-21.56261641687965,-0.3353852343471258,1.1535904732542492,2.2137532503738844,-2.5355292635712763,-2.7950959861846996,-2.69850728223222,-2.544034740459434,-13.886579198168103,-1.803534485543156,-8.086689958858162,-12.058164462244516,-1.4859022247978007,-1.804954190012835,-2.0498312086601183,-1.5391801161383154,-1.9917270724151357,-7.4664382182877755,-0.9321400144173477,-2.215311375046375,-2.2007173005202225,-2.170311322793577,-21.942414940611048,-2.94845115260717,-2.5413341511487153,-1.08687948179277,-2.895400513279522,-21.333791168953702,-24.215385921794798,-25.03346946183343,-2.6553135572092215,10.28097508061916,8.952086061545543,6.673520692452081,0.2517668352553022,-7.889659871068617,-7.669273467934773,-6.779960489074294,-4.012780969969806,-26.821533540747033,3.086039219567115,-2.8265465076897707,-2.6215308509731408,22.52448618281408,-11.833084289426031,-2.7541575119300257,-3.138698419075399,23.04061712257712,-21.354886310823016,13.412168827944265,22.429267275611696,-0.1463714080685644,1.177132775537073,1.16058698514502,-11.480227754586963,-36.8292331317377,-33.790579086329195,0.29437835989670935,2.20031479665174,-17.569514791352862,2.258607974208565,0.9986068546025977,0.4387544126226303,-25.182291799537726,-0.7290617701529759,1.1387937888687403,1.2513576987853687,-1.5287735021379347,-0.8138126672538281,-2.7631608697935555,0.13954148496029972,-0.4732945862649467,0.6324582342525518,-2.1525629759137592,-0.5053760402202344,29.888932351460294,-19.721222128795045,30.980196737431804,31.623043649377514,32.01327574536266,-3.657961447688817,-18.165496405520525,-0.037604192514251025,-13.493000626202592,17.7897001397509,3.44262062898636,-2.6378113264612097,-1.7954765370300556,-21.73186698408665,0.5992708485334264,-1.9225367534043223,44.05218733707772,-30.21228503650365,-0.17325787271740775,-0.20771574462848122,0.14364737459759824
TCEAL1,-0.4069571769554645,-1.969787965943504,-0.5453831203637035,-3.23374756024771,-0.40653969497512893,2.996286039413742,2.1390556348824243,24.978946756243804,-2.5294065391904033,0.08074121314160944,0.5358987280896327,-0.16117615567938134,-0.8750933965350051,-2.3703465495450318,0.8084196542157011,0.03290441726937909,-0.7972052336098748,-2.780066958692893,-0.4713059515873693,-3.557503212118944,-0.9608644490614718,2.8777336500549358,-0.761877950182138,-0.33119771403254766,0.041272137616399154,0.29689122826969877,-2.1888637442707486,-2.2061860448486987,-2.057304914867723,-0.4332203953170515,-2.25700802849956,0.15047541254805422,2.5258456864333203,-1.8272714609647454,-1.0153173629846637,-0.7125603999440715,-0.3837245586071059,-0.21121919935566577,0.16955557517243633,-0.40992179750977575,-0.9926364876254496,0.009729389754036163,-0.2969929877272893,-0.6341446465549716,-0.012168225335931267,-0.4393226991363652,-0.9003350696592579,-1.7738806708640524,-0.5160588722020677,-0.43696389968789895,-0.36467555794044704,-0.5296346586256646,-2.120810883731568,-0.5798012919997977,1.0382755055828783,1.8932490141275344,-0.8002292631902294,-1.6256061704429738,-2.2279580397276852,-1.7633951805566441,-0.01893140435030375,-0.0539886562587615,-0.0916307424366943,0.18491930055500025,0.2765273218974225,0.2700254749366468,0.23684313490933534,1.0959779809560204,-1.0062508415467895,2.6418718664942316,1.8620647900148113,0.4690862530852423,15.83862747623645,-1.4286135694820215,-0.18342100853024082,-0.46777758173926715,1.6919930478594334,-3.4604145686666268,0.6411311906326701,15.741583102956566,-1.0112562647535361,0.4113100811441097,0.8661900234479911,-1.577191100707398,-3.1579507991961213,-3.1442486128091507,1.2857751619094817,0.9513356290045962,-2.181539470318325,1.304681026999479,-2.497104992122478,-2.8567751032795905,-1.2194398209045938,-2.8579373270581523,0.41440988097207276,3.1418115670468247,1.709246903228816,-1.1724951777805723,-2.2227028059666982,-0.7355458177941796,-1.197479905798473,-0.8868125978564352,-2.807274959934325,1.8087330864579099,0.8186107448885156,-1.3185278390028214,-0.3761581918272561,-0.29625587767170836,-0.214898279847755,-0.34125499919321295,-0.4162338032076346,-1.3293887169230614,-0.57805688971642,0.27807434824025606,1.3910117918078981,0.2264468759851244,-0.4017026807107064,-0.9268657645079666,0.8248135543083368,-0.9598359121239578,-0.04687500977042505,-19.654632713943485,-2.5889808983303255,-2.109703786653284,-2.6896147421722554
TMEM147,3.5726152458229152,0.47268074399476584,-1.1749455076859323,-1.703209134192217,-3.401372158628596,-1.0980728014182954,-31.849149569412138,-0.5864351727499302,-0.04822899099633546,-18.679645691628977,18.189200705731157,4.47106955203844,-0.013072973305707385,-3.0534851970549957,3.0943755177101293,4.183206575205323,13.126820132462905,18.053420305032652,-2.055005108330727,0.19584540324673896,2.6420765506557973,1.372481883320771,3.8436940646340427,3.5559953427247675,3.1011550904148506,-1.5761720211673047,2.810931988886324,3.2862185657709215,3.6547469723743,-2.953022634967689,18.47211100317153,34.069143740951915,27.504626464157177,-2.673310030660471,0.10341612457576865,-0.07477389310106317,-0.26623100109493647,0.6930068073106974,0.9917039941077226,0.3465237753748512,-0.10299506984539288,-0.9681938016702323,-1.2319887034373291,-1.4246137350617323,-0.732023465821326,-0.9695550292805832,-1.1236863423104422,-1.8002520653136174,-0.35824846376861064,-0.6319340589905392,-0.9070301531175292,-1.338781099842918,1.4317593445341015,1.9412815868487796,1.6168375721986765,-1.902880059565579,-25.497968839364976,-21.583118379929807,-21.32159893504404,-0.3341552424537943,9.89457162894765,6.126275462937596,1.1124993635791578,0.40035669938299795,-4.240715627098012,-0.902970704015982,-0.3708609584586205,-21.732380350831974,-2.40594617261827,-1.467852969517105,2.9606123313284,0.16591400255663244,-0.21348447264274512,2.661899701818367,25.831000262199193,19.42474047986743,0.6054848561154681,-1.3925663790476321,14.82657365258889,-0.2145471046968062,17.35319117241465,17.880369140107423,-0.3601629654361235,-1.5782509991116058,-14.963411445694847,-3.3204629969644843,-24.741341137396933,-27.977863484073712,-1.1593259064418482,-3.24435043525515,4.470372156688704,16.878969624332296,-1.433512789781078,-1.6348079751600044,-18.39405593174387,-0.4129848605124465,1.1499742339784818,16.120423034710985,17.393025789067018,16.942546540558638,17.017746923873364,4.324475260122433,4.326810620621711,-0.08255635241322577,15.974860082816031,-3.0473416542715,34.4820586561838,35.13565227860618,35.56446974124904,1.0708999145728446,-19.29688270759529,26.636160260835744,-4.12527445015501,28.167155668454065,3.659605218973479,1.2413216246225651,14.933340832336636,-2.5634133468727334,3.6681471205208696,15.218120348782804,30.542195227715464,3.1628013847759853,3.912607414463408,3.572986359272697,4.796423880718754
TOLCHIN-LE CAIGNEC SYNDROME; TOLCAS,-2.1988122989834795,-2.0215507265594863,-1.9446571002656208,0.17085265041624018,-2.1043826276844753,-2.077614847912241,2.535498285786924,26.19678694113569,-2.0120995323209883,1.669881636050267,-1.2837612218896692,1.8419629339082662,0.08995719371039207,-2.4551419472575007,-0.36163233178298504,-0.30225906899559063,-0.1714995090509156,1.5125787620837274,-2.364180033727603,0.10975734266900916,-2.292598565740457,-1.8707072398880684,-3.4684773030243483,-3.519435458806899,-3.2518015164818044,0.17870358489179244,-2.9037333330898374,-3.011363642573276,-3.046877710505013,-1.1734032640972862,0.9263848609263334,0.30799040751615386,-0.39882709911215913,-0.9216400183808646,0.19467540500086306,-0.013724224580573567,-0.23930752611062808,-1.6467955635868967,-1.7797681379305412,-1.6363267353654982,-1.3855576464215829,0.32408903679611173,0.3173756598952914,0.30280940780032345,-0.04932016981832271,-0.019593518859781726,0.007891923471055388,-0.88985963568765,0.4810523807299057,0.3137218878914362,0.13558938946665403,-1.847918656323336,0.9240246974461093,0.33481590776831016,-0.18793609803744254,-1.9314613326107133,1.944368310748076,2.2052593488155803,2.2764427789403565,-2.3350470041397093,0.01809515215282806,-0.10611813542310293,-0.2434647079674307,-0.09601815992188585,0.14927395891667666,0.26280252488086453,0.3953770645857745,-0.1833721116841813,-3.4112134416833,2.119896637354848,1.252069097534749,2.210619548376023,16.06968549515308,0.0809752848159802,-0.4485961385915568,-0.3670416452433506,3.727749982061787,-4.474421303322605,1.5952676494922207,16.02001618752457,0.8007595148848418,2.952136638779678,2.9670057799623306,-0.9675440929837934,-3.866454593456147,-3.6358386895038834,3.4004127235140778,2.1137273667925967,-3.179942368942194,0.7199109521120837,-2.7915612307067788,-2.8719803382283517,-2.6003390782812694,0.6178922391917824,-1.0736566591991665,-1.0345668712784144,3.4011590511267524,-16.23332287505897,-14.475494713778428,-15.733066787524352,-16.068769893161313,-4.3171554956542195,-14.38172159643788,1.7276100580527556,2.4141364872297273,-1.7837719436470654,0.5061450403301528,0.3561477893346119,0.22144629408667593,-0.3985724968302283,1.096409571561321,0.027515975526689544,1.8681713391479349,-0.9938238703438242,4.047965748153296,-0.9456285346675747,-0.6801149428616512,0.12352747227647427,0.9306752765718457,0.5219394855938114,0.7654134739553877,-23.21583662122928,-2.5559938996169747,-2.7988674973084064,-2.9957606724056864
TONNE-KALSCHEUER SYNDROME; TOKAS,-0.7846053120448386,0.06761841658951141,-0.2960441439264393,-0.6565372088090485,-1.5270450300193146,-0.4483769766080341,2.307007223293668,17.657010576274338,-3.7267487472842893,1.0828682435178847,-0.8089998143434994,1.6131543849727998,-0.745130622047255,-1.6904587633898924,-1.9726877701367287,-2.2068977423403977,-1.7778651841182616,-0.9723809132170103,-1.9163660057699272,-0.007236617848801196,0.05750496851918151,0.04041143683532697,0.04386044937884853,0.022029278927558932,0.00466767529540639,-0.09771952949540304,-1.160648008520428,-1.5339532695455584,-1.8279387499848618,-1.4536300650898548,-0.21095250346382113,-0.7878381404270749,-0.8841798823693613,-2.731850715565011,-1.339866998265439,-1.286955331124575,-1.2453391649362004,-0.2328812897825455,-0.08582322955319474,-0.09574026754344617,-0.10316908385062813,-0.5022616004679923,-0.3712016491806673,-0.2496541555834647,-0.513629678248231,-0.41046968524822286,-0.31404938429779194,-1.7111328087465256,-0.9782201806505131,-0.8794145958127133,-0.7404495695746295,-1.9925704896956382,-1.8543732903796504,-2.5434976928761017,-2.2399694614248062,-1.336237227233271,-2.7811315843291955,-2.596881156968264,-2.1506421413071535,-0.8118682346836517,1.0840213259170697,0.8581833470239759,0.5089175136188434,0.09356048583165462,-0.426472014454153,-0.3135742472359414,-0.13724743568956507,2.842229028057406,-2.746324726763767,2.87678462646494,3.1523573621604193,-0.07102928735229648,17.359035062604907,-1.6811251534171925,1.3455075391276836,0.7409302571247777,2.8254542953655815,-2.6178711367420076,0.6363947677729471,17.309310722630215,0.3286064707852551,0.22907741209836183,0.7744644176304173,-1.352560815039477,-3.327740282728866,-3.4309649673492615,-1.0445628475703013,-1.0284327595048708,-3.0854669092598384,-0.020674575027929628,-1.6857017592768715,-1.8925021350224072,-2.4190015316059044,0.062065631450080316,0.9248265670262084,0.21904103428025562,1.2481618773010865,-3.9963249701347547,-12.103393981526764,-3.8268761227620254,-3.9292993882778045,-2.840079564384241,-3.5308841317428676,-0.180340660155854,1.392274351230853,-2.032498300421682,-3.089419509691887,-3.1928351544386264,-3.287063768532588,-1.1601652667797575,0.6555826943292236,-0.9208696378759047,-0.27355177151301824,-1.6696867751950635,-0.04890175304297653,-1.0626223026284136,-1.4494923496115202,-0.9990490468830864,-2.3342850105720685,-1.3248135793534315,1.8854605798917716,-15.650822720044868,-2.5923723429817005,-2.192376870010999,-2.1635616073613764
TURNPENNY-FRY SYNDROME; TPFS,0.1696560118081814,-0.312776900890001,1.1727751667494,-4.5965054352701165,-0.643390740814398,4.050764890986764,-4.1410091120859835,1.715437848313275,-3.680001436990253,-2.308707764227495,0.44308094549535204,1.7316008138283445,0.6677739248194277,-1.228868302335398,23.847278413198893,15.331600248841951,2.096327279065813,16.788867763939418,0.018438074740965243,-2.0404466219078543,33.2879520179923,29.406904392061726,0.5677576304369807,0.5824820708568139,0.5601171999931113,-2.1398252855939326,2.8164016513376113,3.101052114137702,3.2566500215293717,0.019191344922028335,3.112839175450485,37.20059491769294,37.64779865353653,-1.9146801644117128,2.992301581457634,3.430923579667785,3.7891592224409028,-2.6729423631858014,4.373850312869168,3.194887158085357,1.7143381247184282,4.243468281105762,3.3116138212373016,2.227108421910751,4.4358806679685765,3.307855159995363,1.9719893827840256,-2.204346085820548,3.556106938212509,3.4420564657157473,3.311420385685801,-0.3094213757330309,-0.6536122518181083,2.102526527633066,4.3056907358115115,-2.1084919262300654,-0.3169368542476324,-0.6122799401276753,-0.9420882025716657,-8.7045433153726,1.0771724501572986,0.654617298854468,0.22454032029565976,-0.010377239007388857,-0.15561403231520338,0.02052776328218887,0.24967479297127065,-17.489327116960844,-1.4096347041986308,-4.178925377361577,19.34772151628272,1.0412492024838509,0.09448832691597331,1.510482870237729,31.337072078323438,28.2489563075222,4.222185348521391,-3.3486729325877542,3.848251498249347,0.09255881736644295,15.892980447522461,24.27218978870087,-0.7439479669570946,-3.9239311826947123,-14.385932105489314,-3.4708733457058516,-20.3921244262646,-30.31134437089069,-1.6831000064615513,1.0343340851138967,23.193006702790235,23.92162507668004,0.5510399796266016,-16.29433514402768,-3.7344209858255573,3.860649879049838,-1.8067605658045414,3.4868759644898244,1.3265911090010767,3.724753087370669,3.660768780069084,4.743742061769865,2.122339282481915,-4.401002881149693,1.2039512829852246,-3.55483551477224,14.864244421002844,15.031906567566297,14.928135029747766,-18.461633885570084,-0.7346273307853728,0.14302068403152712,2.6437948748463365,2.651092896078692,17.037585133501107,-27.082027653464035,-4.891296504568436,-3.2665921505129716,-2.089139842666667,4.485478888342208,-1.8843511466872904,0.8597201690164548,4.116285807861553,4.039100512243975,17.426390216321206
Teebi hypertelorism syndrome,2.631738240339369,2.3061548366916997,-2.4909407057576813,-15.66557829904826,-33.70581683543494,-3.6622139008762336,3.050828290857248,30.605945725944196,0.6409884550981272,-3.48167187560413,26.33399673267604,-0.19962058842582106,-0.22438302722884973,-4.246132560460239,1.7673373204402376,2.3596796570975918,2.2959719175231865,43.77144941614677,-15.574160950595648,-3.9455558564822586,-26.522398276344177,-0.7691292262831053,-0.06261986963314052,-0.5072779537190547,-0.9656204599721829,-0.2130769178392616,22.038064452920842,25.303238655378962,27.309390057369516,-4.15361413286824,3.5905289733800334,28.63821229593409,27.348372550173327,-1.84348866570784,-0.03918827854000988,-0.061688707024791574,-0.08364961488303967,-10.344606431346177,-2.2578546749286152,-2.734979484615789,-3.0485845212923603,-2.528600202825041,-3.0343782067756857,-10.91597297344683,-2.668784302532445,-3.151607259975517,-11.170168209048203,-0.439820579350196,-0.968359284950187,-1.2530401976064829,-1.4621471251269862,-15.53407480349648,19.221543668825003,26.26823242036557,24.969591641933256,-2.8488561762530127,-26.80573736091885,-28.104053285702452,-27.452599073069983,-1.6951337905251014,-0.3159801299323684,-0.4764495031264514,-0.6010865863217231,0.03107848862638558,0.5003975847674633,0.7893072237795088,1.0570747076358575,0.6354937616355166,-22.25551587441726,3.8767708553600024,4.052309236746146,31.608836119792304,3.568399601242985,32.562479038428116,34.27951256498839,35.45771499486447,32.77987478333966,-31.57071732731054,1.3554502766408154,3.5754682362591996,48.912972632836585,49.41083078012028,13.859871963073259,-3.7079958369150456,2.124636116416368,2.7175926767135845,-0.8972725808176648,-25.979173939800017,-2.7889551086422744,0.9985956468878793,-2.9524542009864003,-3.5494019934761285,-2.813141143402806,-3.450668577115927,-39.694591191710174,-1.5105969460217514,37.39131454705023,-2.088189747824146,-2.206980276042108,-2.0056172554020977,-2.1424084901136538,-1.4267043591046236,-3.8989171094369004,1.912392617686643,23.17807821546657,-4.0081221084664564,0.9023372540135182,1.095292210338689,1.3387891104741971,3.0859635108144996,-28.42169598130859,41.3552194068724,-27.089402537142792,16.82353994066037,-0.7840939493136597,-0.2549523080815862,25.184947545871722,-3.6270093730990314,3.526523769147391,45.26041593622953,32.51214060882124,-2.8890965046620405,-4.203768063444616,-3.9273729427281063,-3.897384764140606
Three M syndrome,3.6638126882057107,0.39218245957167736,-2.8571322231474348,-4.128091459395304,-27.553789596931615,-2.5434863921688917,-5.150149300349533,0.5704542330802185,-18.8789186851566,-4.0085190788929514,0.8768446228651524,38.92430946730594,-0.5493303103003252,-22.84911930958484,1.2795775663591291,0.5815998647508389,-0.042881355567957954,27.900967694545503,-16.545257249925214,0.28366382315492683,4.82274546057342,3.0227797295421888,-0.33278640297753764,0.48140279916461387,1.4528549837677673,-0.10206772715222742,-0.1429031873991059,-0.336045121632755,-0.5374722111990196,-16.747095281398895,26.342396890265796,37.23514364696715,31.060769288564714,-3.2944594004630496,27.427973796701927,27.585488816706132,27.032507758944263,-11.977503168474989,15.87863822695411,15.449753808147323,4.4870911328269685,3.7356005073906595,3.469835489585324,3.103363612443662,3.89081899870923,3.6112313512783203,3.2135399334910018,-2.9463294678573186,17.787307426149106,17.373420443790188,16.853693151976568,-4.617552734116574,29.745290027441023,34.74987677846848,30.597857560304288,0.007610451040475428,1.0250476489955676,0.09721625926942831,-0.7253048203274288,-1.8739916560754175,-0.3648237524393129,-0.4910744437986161,-0.5811829816460483,0.12927788521349776,0.7873959447093583,0.826066870143217,0.7916912017150488,-25.994424507616042,-17.291858428043845,-3.665459586981564,35.19185393702951,2.1990793842022085,18.443123607574417,28.744554576848174,39.731481629088236,39.11615443150314,-2.945984379409709,2.232619889555155,1.8445157067316218,18.50259486515677,32.47510124540503,34.335806227853254,-1.0193309781135362,0.8056278648962862,-0.24729228508753362,0.204668243400876,-35.71477882838543,-40.55607158381186,-3.502180871153424,27.38087584156518,3.9076277206159777,3.759059338805691,6.606277068813822,-3.4567371657529655,-36.65011337322016,-1.0309363141693288,2.9540507387875667,-1.0348244015423498,-20.99468809985867,0.042908371398308706,-0.3677237385216238,0.43251866058752847,-0.03229564272696558,-0.5395082669798897,17.069573248409064,-3.899997106207645,34.30740927788187,34.545449015897965,34.24151995275872,2.8197792532506893,-1.2999294927435054,37.55061876906446,2.277268532819311,3.4300993567378995,3.77405563453094,0.14361113341479578,24.541943765583852,2.3990607496388856,17.670540580278242,40.11723178063759,30.321573454892096,-4.053048691630137,14.240290623292854,13.355174420630977,13.270042363610768
Treacher Collins syndrome,0.40475785210089144,-18.736736666876006,-11.384712463125583,-4.050170525913167,-15.279455845621328,-0.050632438122063125,-11.059537706299526,30.314968696281948,-26.65380571737259,-0.8467005022640197,2.203334625333469,21.882547256037512,17.667200486798425,-16.239598283577568,-0.4053651694249572,-1.4900373086469556,-2.1487523646217834,3.693623103671807,-19.567672125544984,-1.408874640308603,2.4938619294410573,10.040421902315753,25.539931656354142,30.1207331466465,31.459622300769063,2.5979332822682846,2.8105124724901382,2.7120381032600855,2.5686422696247595,-19.563926926197073,2.1764544142349163,21.537476152575938,21.363327485973276,-9.276604818401161,1.3536827198365946,1.173727076816164,0.9680664596698786,-9.257680691334688,1.9763813423628758,1.218831248978104,0.48040867912506546,0.7049392893905696,0.05820676625350158,-0.537088390679574,0.7182267788368071,0.005648036366800996,-0.6508564187267536,-0.9754825285561994,1.1355589450428134,0.7027794394877667,0.3124000083790628,-14.441963086831752,2.078283945775685,12.344109524420098,16.67859106979606,-0.18803084193712247,-37.852523190173585,-42.14691616842725,-43.24410155461912,-11.796819008526768,4.608570545917554,1.157715374925872,0.7526811961903533,-8.464113334854591,-0.48095148749613786,-0.410727181390426,-0.27975934081102,-0.19371830064701556,-19.776609224090468,10.349506687985764,29.698856637373034,1.6484771104783338,24.601735438806884,2.411816510667526,23.58609745965941,22.205327378881755,52.69179362575957,-46.39326240797257,2.6588134005632393,24.555726231918545,27.371182867096888,46.8331007305636,26.552805294652604,-20.1481851828693,-0.42180116175269333,0.279749197619495,-13.407889163801093,-22.14656450682015,-14.873476158099058,11.674834103099474,0.09819508899747925,0.26237944926290063,-2.426162681184964,-3.1429676497346426,-15.271835881195047,1.2166339875579157,14.194898126613642,-19.60132861252082,-17.108320472955235,-17.117377554955837,-18.597480911139993,-3.1436763888160635,-19.732087353748092,-0.010195483326968229,22.61024514784102,-2.702606621093439,0.9974454528525147,1.0627767783308433,1.072386756386858,0.9065655406097399,-2.752672816413787,21.76523494824009,-0.004301069904089635,2.249418177822634,0.7257796262292452,-0.4054880394157623,2.58464160971103,-0.36195142708183375,0.9506243577410249,28.03758500552769,36.58713116382344,-28.21672974054324,-1.9258636928606896,-2.1069150570404553,-0.6639615364447572
Trichohepatoenteric syndrome,-3.5500525898923647,2.7985136774164614,0.03277549882495097,-1.9870849734477871,-8.803266088244937,-0.506258291688011,-2.5700261556630952,3.911385678640067,-4.26307271928252,0.7161291533157219,-1.1789347332126625,16.217534598578975,-0.1976991211880634,-0.11683744957423708,-1.7953751556275248,-3.1193853548347557,-3.449287855270209,0.25715187219718755,-1.1103201978963897,-0.8253277620130006,2.9681630382885014,2.9242899636087807,-2.5351472036660523,-1.4831257139297858,-0.3262766396329553,3.1840806918592457,-0.42379240229235204,-0.6647950915186085,-0.9151302490955618,-2.311884019466471,-0.1795587654716627,2.407623532498233,3.602908553311475,0.033407850117165544,0.2073182191606932,0.17331665910732205,0.1320216146021982,0.3294875254674143,0.4793348355996244,0.30069187029169214,0.13301174652039127,-0.12589746575329572,-0.3725607727148927,-0.6303257603942453,-0.20342074249034206,-0.4881809705326736,-0.7846153721194632,0.18796435947475706,0.11584612596532252,0.01022393685974592,-0.09011967668597268,-0.6310140474922568,1.7406010889464911,2.9892838666587638,2.8869273651606537,-0.04679824217320976,-0.9834329144535281,-1.7678259092823747,-2.340668888973277,-0.629192151744635,-0.09809699989268587,-0.574525452929431,-1.1152983323956713,0.21609737844761812,-0.12048380054659084,0.08688801275138529,0.38274945819205675,0.6072810106457529,-1.6716331011839731,-1.7584596716597911,26.568173459005635,17.758218618220077,34.90070714760121,13.04507558744216,29.435312069590942,28.412258707726963,1.5851795526208121,0.12610953269221759,3.044077606738836,34.66863280019361,30.375203812999384,25.9010532527806,0.7155532187948063,0.8932773618447533,1.3637876866788976,2.827068838995059,-1.2626527048160758,-22.103470604914243,-2.1495166358275144,2.822532119548366,0.38792714530815364,0.27167363170769776,0.024076327894174427,-2.935993881983274,-26.94537526054627,0.3034666076468824,2.685550132116346,-1.065935063615155,-2.9838556112931207,-0.6524763154326956,-0.8164352228104481,0.3241738792806844,0.33440519871707886,-1.2617847628794405,1.0234216449838776,-1.8341661039284776,-0.4343865724612774,-0.26982809435975696,-0.11781610038790855,0.9317407940798936,1.1029987100714724,15.211726645915332,2.074270546550304,-1.6288705196423732,0.655048268334112,-0.9010559363240273,1.4865020055463647,2.1086788987670206,4.11883282923816,26.64207084951257,0.9974026106367584,-2.1321709487272713,-0.611813406047345,-0.08168390711393271,0.10936245614488885
Trichorhinophalangeal syndrome,-14.584500179443804,-14.432971950865944,-24.620233952390926,-0.9980546432057927,-1.588640113808684,-0.35629551745468163,-2.007330244788028,22.312099923007708,-28.965989801294654,2.389571554928609,-2.802942110998148,51.64669913573707,-0.5077820595681359,-13.872340357476245,0.9502069846287462,1.513282364352594,1.5893143587034149,-1.4066962526740694,-25.44081448463073,2.2310592625953403,27.839353865222726,2.5894038637636885,-1.9939432112638447,-2.2189835859525173,-2.1820880168147023,-0.8420805878322479,-1.7314409277165437,-1.5582895804515429,-1.3721542782319205,-18.704577770523905,21.55326552119803,30.963134868108355,22.687748377103446,-13.040573662702604,-0.3320712383934645,-0.3391035453593478,-0.3065319247147279,-8.615306797643063,-1.2879931629927714,-1.447409583348236,-1.504205114043478,-1.5947088851584892,-1.5170473813683774,-1.3814364063320723,-1.7555675790314549,-1.7933155647365768,-1.7655758358390057,-1.182778697649419,-0.7764662547866585,-0.6827478090982918,-0.5961878045957849,-26.417244243510645,3.0935273701919606,12.42289199815844,3.2511896997453897,-1.595106189953107,-0.48090978450016225,-0.5106472499355684,-0.4823609636648146,-13.04707483966162,9.848488996698444,8.500375201583148,6.338939742718659,1.1637236090148546,-6.960322683935402,-6.222796387412506,-3.751273820861852,-43.10939753351397,-24.682291010607386,-3.011264550126448,23.229179872853777,-3.043316616066661,33.44344435728543,-1.927009828224899,0.5982278836041642,0.11826785777959452,29.01292545818285,-20.48740956657272,3.7464721524298685,33.406549008643545,-0.13844607843206913,18.396973202219037,1.5080254352985232,-10.232997537488474,-2.1338127375753735,-0.8703653241405217,-3.6057584968877676,-2.027657540952711,-14.764155863563817,2.0251045189180457,-1.645224642049288,-1.7965243951755288,-21.09499171801418,-0.7350952801764844,-11.911181843632477,-0.4652711085286805,1.27649727059511,-33.94228249538257,-30.558819375270087,-30.715738773757405,-31.498360211369143,-25.52955631801277,-3.979173413940476,-0.030058795595360024,26.062151854820126,-10.700831283254997,43.85274888882697,44.781411915435,45.39439081851947,-0.23493567807381013,2.368211710644548,1.686671375872047,24.355140199592924,0.9001502751103649,48.33079261673784,-0.44542222866199327,0.4790942821350317,2.690412352634883,17.715112597992675,3.241920370152206,42.01264432388725,-34.894731259133984,-2.19884788727772,-3.270158965991157,-2.5572918143227152
Tuberous sclerosis,0.7141072265310631,1.3184223894679235,-2.9940308682030508,-3.2613055356294525,-1.8552169003102945,1.2804500893957371,-2.608017870266701,1.2722267542109638,-0.6243965217381202,-0.3225184665359544,-0.127577892842117,3.011264968516312,0.20640489626197858,-1.7118497397781696,0.9873009133685327,-0.10075058308868111,-1.4804803166567755,3.9889474291606795,-2.052079845459325,-2.978417975733487,-1.050191687035297,1.756964259647248,-0.2343821204049123,0.4515862230789749,1.226139800125348,0.9197763099698202,0.5350717433438531,0.17780252800323437,-0.112132926967791,-2.3649669103842927,0.8916188456326534,3.7867700744367196,4.225423772199146,1.429466130609749,0.21608548308592046,0.44209570443707785,0.6803031439375649,-1.1591941454813797,0.11238261702398906,-0.4013778000399132,-1.0036501515505134,-0.06024764642899899,-0.35175386927109287,-0.6808049123434567,0.10368105177973053,-0.2858380528538639,-0.7136715153104404,2.076264957511048,0.014647489018391885,0.04517146464334496,0.07546482224442037,-1.5297969400598017,1.3210373326554024,3.6389196210364636,4.445602629175286,1.262331528468614,2.2711423984569654,1.7123604934320968,0.9612526786059404,0.11196439844138406,0.08102447455583794,0.22075772123714707,0.34633629766833146,0.8590903508604919,0.21518951935628147,0.0001876067628022915,-0.2375090500054629,-17.125783480481296,-1.446856343085127,-1.730592638303254,0.41567798625993074,-0.5003062291231456,1.2960349308841637,0.268019510889628,0.052408103239033145,0.09576951187061018,-2.8978601115351896,1.8135989041989184,0.8151053816008511,1.3212634248634174,4.241135513310849,3.659432529408339,-2.5513900606607955,-0.8758711051410665,-1.0509328787607046,-0.7913188687398918,-0.5692067947263768,-0.29094429636502483,-1.207191833197982,1.079590832362114,1.302651895477713,1.31455876677695,-2.029522059229737,-3.1339915311685367,-4.108676697828827,1.3795139384906783,3.2520056276506932,-1.2705953745973757,-1.4924899266276725,-0.7813590352177636,-1.1000906856718875,-1.1187919119224208,-1.0917243502133909,3.075287992193574,2.3782326294622664,-0.012353135265214798,4.793461461241697,5.016829725552642,5.07114112021187,2.947076892093662,0.10200396066266633,3.667273067577966,-0.22730131734310421,1.0438771624367738,15.971943207514073,2.8773157817901027,3.993556360411954,1.5434686964497337,3.668520080172419,4.823378226678086,2.2597653406639595,-2.6313811006139978,1.613088612910435,1.2132096099843195,1.3353064763936493
VERHEIJ SYNDROME; VRJS,19.61824827240754,-0.35247496368455067,-3.9703703624196276,0.1734286216610516,-2.327632781180684,-2.5918949376683575,-0.40265361664413746,40.068804556979224,-3.7929425563830983,-30.62021357059126,25.46295106861406,25.641338845171497,1.9962019602616312,-3.838587601670318,-1.121393945019012,-0.30893453792611847,0.3879766523676986,0.9739766676970513,-16.242115761537214,-0.2740214930579228,-2.930085122887922,-1.523209684076409,-1.1222753589181769,-1.2923260126174805,-1.3227093567277874,-1.7327471981512417,-1.7959695966406837,-1.6591862207014116,-1.405348832932344,-15.95944508348652,2.3996420068194935,3.265121332763076,1.9885805537191479,-0.49705206057418083,2.230956404533036,2.0205033527119394,1.7257423439154023,-3.462728111086001,2.3419647312365512,2.0516564300770144,1.6631768800747386,1.3590687955659497,1.4217444257196157,1.3752128220582298,1.5539217544673567,1.5570690741755302,1.5461606963385872,-0.7975323728435099,1.8022657758814355,1.7360880968433312,1.5924911132677264,-13.465588699052313,2.273197401294112,1.953435082566937,0.8283652541474593,-1.0254913853214447,-1.311219182618191,-1.3693394016910057,-1.2514385724867907,-1.8474718877485727,10.419015948315817,9.162895505069518,6.960801755569881,0.471882066983348,-5.399296455320105,-4.670259282882759,-2.712800843320663,-0.19531505911707872,-14.910831081836587,16.239654385299502,2.9392188834064514,0.062178892132990715,26.95450087194716,-14.987631099404537,0.9262364449751166,-0.09127410448768279,2.1393050846499295,-0.020275106667424696,3.559296381445032,27.028042594373158,0.8823955269416563,1.5977159734389246,-0.4609636544733848,-0.44554220252327115,-30.624177579423574,-28.192337370738148,0.17712611657274957,0.13998951582030922,-3.7534057727949515,4.40458572745934,0.3722545181846986,-0.24687641811510522,-15.283430406389975,0.6597182492956548,-0.77590588218015,-1.0241765118309554,-0.5599992171346155,-1.1049993033862544,-18.093881568747747,0.20227427421979408,-0.7419792248649206,1.2545600821660194,-2.878703587879798,-3.215450616165363,24.31416711795043,-1.8576185798416016,28.04828268572853,28.75762055152936,28.941781136849137,-27.783013868952004,-27.27599327569058,0.006257452228063057,-13.19772670168254,24.51503099423938,-2.7481913477543545,-25.20269260130879,-14.616755698630305,-33.34566037420933,-2.2934769262164085,2.3287689260969127,51.009389971340624,-40.02841139486501,-1.4416609641986888,-0.6759854339830458,-0.45341390005374543
VICI SYNDROME; VICIS,3.07386743414887,2.80754681219616,1.1485999086142462,-1.3771653427434563,-10.8105161458733,-1.4646298052370257,-2.7654083897375186,2.3606544656486683,-3.257291605371229,-24.15999199160862,22.858714176286117,2.3966126071651637,2.7902653478360464,-2.7795839402453497,1.8561869268144595,1.661512905124279,1.0043745948967393,14.352272554978299,-0.13376257566008976,-0.4183766529536559,-1.0378216670509612,-0.10100657780244074,0.013777979880966016,0.15354181427161678,0.2768855455457387,-0.08453515519669857,14.120076246741434,13.554639868187627,12.680953402302833,0.5141907861484223,2.3144430490360177,3.3314504535017817,2.0836090723688803,-0.04090217078469863,-0.5499328183462432,-0.7503176620311662,-0.9218858943668617,-0.11520298722043187,0.08454169553762993,0.009739948761743207,-0.05531595780578753,-1.5974645922874668,-1.670967079876124,-1.6492613370878948,-1.3954263857138853,-1.4767527743950133,-1.4536642874928838,-0.3463572020072453,-1.0937168280257872,-1.2376510419472646,-1.38467138789952,1.2966945077278886,0.8533086328834663,0.8266593632624828,0.3425808669297968,-0.23019808913442263,-13.88963268539047,-12.204740670649834,-2.9546112983534036,-0.29274274499984515,0.5773295898913295,0.48808402847823923,0.34838570226557564,0.4713939946697678,-0.08779542122635464,-0.037329006659149455,0.017897389279446233,1.820705435329021,-0.34459159030054587,3.485373572465922,4.133154440223174,0.7676865146870763,1.4643388509057373,2.4694301534563268,3.4607547373930103,3.443625787868787,0.19769254230099484,0.16516406596084524,-1.0807063688009144,1.445010539545898,23.591390375916554,14.79832712900392,-0.46123259572615927,-0.21885992117214137,0.6150898273836218,0.28732921759531915,-2.6049408930436946,-3.7436420812691753,-1.865817752241224,0.1507817104294187,1.7692088311646827,1.6211262892257776,0.20959238598230379,-0.8539507789433786,-17.061086856870705,-0.9510740793899993,1.1411336125848186,2.47502592971343,-0.4651307399014088,3.0200110472833197,2.673190387701745,3.301196142966016,2.0972185990756795,-3.1494133479676787,1.555874708272092,-2.7103595364718216,3.506265705268832,3.665901895611396,3.7312974101235565,-2.1093994851784084,-23.203323078636593,13.54052443519481,-2.9555015875666393,17.001854438332867,-14.934832001185269,-2.619562197869835,0.4475957384214243,-13.494878581868791,0.6959318009427313,13.941202761199106,29.909288488733832,-1.8302799419771174,2.2328030522156523,2.532649058449008,2.0897348721656503
Van Maldergem syndrome,4.176760535906849,24.206479713257913,-1.1994560938924466,-1.8622209915150998,-2.488578646832629,-0.40967621102386725,-2.120220957616582,3.7764043616397744,-3.5579248482093213,-3.4190506319817944,1.26094989373834,3.172611849533628,0.7578447613802087,-3.4762191651226293,4.038421384397225,3.791438247520363,2.675315383825672,25.75859020172126,-1.3006297435247203,0.25665405097489474,4.681336118699907,2.922071768422151,15.491332581000552,16.50133102780196,16.16287999730285,-1.3484347538474823,4.138128296663866,4.2005635629041524,4.132150557932431,-2.129583869128332,17.243474577272025,23.079491662226552,19.790972075148627,0.4600931922203682,3.083868888706489,3.330371775745803,3.3958361194512086,-1.6031525309152619,3.965692208398247,3.3069500417092152,2.575112449983339,2.2355716843618576,1.7370340524467534,1.1528214390132903,2.680198788921189,2.099961407154639,1.4055734705691885,-1.3208795926848067,2.589729786353656,2.4463455869776727,2.2810848966501593,-1.1230774090987714,2.0876657541050965,3.742469962513062,3.955001018300653,-0.5146935350329687,-3.439347902847303,-3.8466872092945787,-4.037201411795493,-1.1420477443035157,2.262349599109166,2.199226714389198,2.140498756019306,-5.8630655918269685,-1.1540360369382363,-1.536060648138529,-1.882582559308682,-1.778699627339174,-1.7809384491832856,0.1789120667640487,18.500659265987526,4.546258721040322,0.8236518691458562,16.166021879270076,27.150395516267285,27.186838097993967,1.2968863018555497,25.36203672134476,1.5752587051117164,0.8362079268433023,30.86981001078748,4.705065997228385,-4.087893670409616,2.3059916006454193,-0.6520206192840516,-0.2002019361424126,-3.1062976195556464,-18.790568807144282,-3.139163940298237,5.983699504276965,17.98844352998185,17.731882779679868,-0.44435990591557545,-2.15399985289303,-17.99486770245708,0.02858251290896926,2.8570059825303136,2.635477095044285,-2.000588130281072,2.812458475690785,2.8727759152204344,4.090414874528815,1.8411341374525765,-3.6407708062476556,3.0527689866114254,-0.02099530665202159,2.848361303283822,3.1744207078338005,3.528430920092946,0.15169468011879528,-1.5368034892435167,25.282355077489093,1.0051273599479726,2.6225795444628686,3.3381884770189933,-2.231607722759102,2.261296383501383,-0.4194551963854438,-0.03785647892764497,27.590092704972964,-0.24189222808082378,2.243173775297557,4.097584069659942,14.64684450226226,17.203654441963415
WEAVER SYNDROME; WVS,-1.8144659428120917,36.48128442390336,-2.295467117848735,-2.2643727778519884,-0.4867058224698124,1.7547180209296322,-13.23465228573478,3.54128660961157,-22.299387138188752,0.7671686478579229,-0.06639434897104994,14.500040849814418,-0.06252318026313239,-0.28865750964286824,-1.2357176389107165,-2.3848786444205374,-2.7695832893859884,11.542168897539709,-0.2865509323203216,-2.469279847537857,1.792360847257732,11.981271949511708,1.4580438256533959,1.876214696593678,2.0714082776474614,-0.926033299824146,0.651657202700575,1.088365017725063,1.5248118502244914,-0.12623931350408024,-0.006313388144433736,2.7341546614382435,12.324569721416863,-0.9863481175797553,-3.337810542545778,-3.0709058204992674,-2.7119320929840462,-1.4454098914726792,0.5864925663232625,0.1639608810545406,-0.18939557594859047,-1.3129055774288703,-1.8141332096894989,-2.2218596457395554,-1.0245991535735985,-1.6151717288729888,-2.0782482606984494,-0.3435330765669526,-2.646951630325592,-2.6525905668091565,-2.6301802425376626,-0.2670117507100395,-20.077395028660327,-13.114249707787664,-1.439706838586721,0.5914635072669833,-3.3833737653792286,-13.706939015092393,-19.094300773426095,-0.9718034541840859,0.2778070401137027,0.16427538906537945,0.04260131105992585,0.35168224063456094,-6.551118953474047,-2.2244558357550814,-2.2971010363908126,-0.9551006487005888,-1.3902588770376494,0.19873144170073523,25.21710196485024,0.2751836250397189,31.725467239417547,0.6239640048107931,20.01633719831917,13.957233539931599,5.60026109569816,4.084203280001757,1.3934711843154306,31.667113810792312,41.001324128227914,2.9236606419959457,-2.588964377537954,1.1396755403786705,-12.4681137782819,-11.48152674956298,-13.720501645925786,-20.565674250833844,0.46709523513775597,-0.08255513991957165,-0.9310537365296226,-0.81152755898964,0.9071750968401303,-12.427552574119796,-22.27793593786046,1.8151730036311604,12.801766458151894,-15.267285763852067,-0.5881151137547393,-13.56292441101021,-14.69871170790574,-3.473784880161178,-3.9806863024199424,-0.002002024440560171,0.30779046700288765,-2.2126715997444193,-0.6996597778238367,-0.5141715908261716,-0.30660968564928504,0.14623683149706745,-0.026611197565299873,3.3170023841331497,-1.519216452756075,-0.4632703392150299,2.858639604855721,-0.5275294721141273,1.1286868454896228,-0.5209004052693071,2.1995503852301583,2.50975424475574,23.433336329109277,-20.950857354583622,-21.27783506918314,-20.18515215679491,-2.9037242182139793
WEISS-KRUSZKA SYNDROME; WSKA,0.6922011997891678,0.1850713922396206,-16.501851315705743,-1.590135963556738,-3.0813486411665725,-0.9794318343127056,0.847567376328103,39.34440758408992,-28.55814094701691,-2.624631835453565,3.482166657585881,0.558009361402702,-1.5970410880929689,-18.394412986082596,22.875820490503894,24.484521670257852,19.52727900299186,3.2088486628771262,-20.704358334785493,1.450644753372152,17.85848157460198,2.1681819641676756,-17.449770426660514,-15.95168791936318,-13.055616169200245,-0.4132111506025245,25.839439286382888,26.21861955262739,25.857708734029107,-15.462450494474181,13.854632831475087,27.022870889701895,20.69979496551059,-1.4591928709493762,-0.16242892012877833,-0.5786144845523599,-1.0551996103986512,-18.32818754457531,2.613274169645057,1.884942964510394,1.0721366763741567,0.23511394589358106,-0.16723057412547812,-0.6033757052304992,0.30683051994054306,-0.12650148835689326,-0.5956500146662241,-1.1932708441018376,0.004994388434285094,-0.3835684193648844,-0.8284093594333793,-13.499487757652325,-0.8349397367997055,-1.135036333668541,-0.9374855902723401,-1.7133928424738893,-14.655772084986252,-22.231030918087967,-24.195724211150203,-2.366799316709057,7.573044858960485,7.410322479859688,6.545676844681749,0.2927417456636759,-0.57201102184053,-0.6480965919851661,-0.6842906376401434,4.10810914809433,-22.270790196193836,14.728332155879578,30.7766108814103,1.0478935143739871,24.188762387145797,0.3717417977167747,23.10802370887503,16.022180159107112,3.0354740562041944,-1.855205433303882,3.036704922354357,24.238848914759163,1.1632716605866968,1.104329295265432,0.3818560760254359,-1.2503614118405706,-1.1846402271583345,-0.24438303154977425,-3.7687471836136113,-20.958187743671154,-20.32247089748647,0.31491257040932247,-1.272584706826974,-2.0554244554239114,-17.160437136445044,-0.5596577220040215,-1.3102796658729134,0.09908472277917911,3.9191242527751005,-2.214505866610886,-3.2604368718016405,-1.6130096098131468,-2.222666300378936,-0.3361512121347048,-15.21624211252426,0.27496183687022696,24.83379240626677,-2.574354865933528,-2.1209071575407754,-2.269308353176476,-2.375557969902311,-1.6559821792366698,-3.9815255354376147,-0.0799342282591,-3.0309315649383635,1.9859259288031026,-0.3783282123721704,-0.8385569147742047,-0.7069545919067467,-3.995899321017428,-2.6722966188744537,-0.08815211990598189,12.696024600392839,-26.02491595354926,-3.4464321489035417,-2.777003289339314,-2.5356085926889107
WHITE-SUTTON SYNDROME; WHSUS,3.581659527622287,1.0896381105533284,-2.397690052041723,-1.916253115487885,-1.3019696966372931,0.7630321512214118,-1.4119706131282952,35.355891135438796,-23.472485195640335,-27.612520081275438,21.142162679256884,1.9215838840597446,-0.18662604663160637,-2.586941891738846,1.1970981690425404,1.2567331721152881,0.9236558070357895,-2.4921077392939672,-2.5568356550038134,-1.1377356031048085,1.1157001854698871,2.016857437611528,0.4297920117107857,1.0072426297792278,1.4867018134397554,-0.384693845864309,-0.28171797510033414,-0.1062001512468643,0.05408617613966582,-1.4688329307743453,0.3733784473219342,3.4396079107160493,13.429296730441628,-1.583846527808464,1.2004091294730954,1.496454287246363,1.7326310888117635,-16.740577924887603,4.359025289027347,3.8496959092996614,3.1353888690212233,3.1230378915684414,2.8170971854984628,2.418919883067426,3.2268951637192567,2.8317003680992547,2.3162200955112806,-2.6551778430800352,2.1222540183985683,2.169949425609842,2.1666390091644607,-1.4846380075969632,-1.962612284008283,-1.1699655308236019,-0.035894658233222104,-2.0965320783169434,1.9958057097772006,1.199862917955075,0.3674588813267331,-2.0854184574693266,-0.4853909536580302,-0.6694153570210211,-0.7919622828334675,0.1997313861780649,1.3350812906337706,1.509000495174837,1.602665174945138,1.2279561054637806,-3.1211280956849166,17.750572304390552,15.156201479189402,-3.234093484658407,16.911686558319943,-14.768703159608974,1.510997803305818,0.24296651039936631,3.7146598758149483,-0.8449990363087677,0.5941752449573322,16.871523050661406,2.0030723547326037,0.9953473859312458,0.5098333403594499,-0.22984007939186654,-2.879237131831546,-2.782148622967883,-12.746917389114884,-2.2794383723158886,-1.852993466924116,0.00494154494660554,1.540287036397875,1.2726092166039615,-2.930139712334528,-1.2353116088595373,-0.003335227857739853,1.2394535874387256,-1.8598806677388775,1.7206097874327357,-1.6866982049062462,2.705571158334874,1.8566140273178462,3.85476625556967,0.20395450149892796,-3.0107316458491344,11.977470795069662,-1.8325037419221226,11.646505315321948,12.169270524701838,12.71033001588342,-23.91437239951191,-22.822735319195264,-2.4610726416784643,-3.00911699865886,18.95380676437831,-1.1277649708333883,-14.04833357791401,-14.380292228041148,-26.724089445542425,-3.168373554925224,-0.015231558290617031,26.00639906670978,-25.60560044559745,0.3937466925720598,1.3929706650111855,1.4002050335198366
WIEDEMANN-STEINER SYNDROME; WDSTS,-0.5228434056779128,26.618343964641994,-21.237958901961928,-12.01939858383251,-27.8083018455689,-2.6087777850862444,-10.225673740642693,20.61045429481719,-24.16589763896962,-1.6073789041018218,0.7276159152363456,28.446465615300525,-0.5482104952857045,-20.67873647119099,0.3422588779352719,0.9905803796245333,1.3951270196464232,28.17808812364892,-25.583508971140912,-0.32723499287342833,1.8435142108678078,1.6952160986299376,0.7312053587580984,0.5110990863032593,0.29001222711488783,-1.0262901578517143,14.139487050285235,14.841421190368015,15.213403634989248,-22.46497547035037,19.888938320471077,32.57747233303115,26.79625739145913,-2.0231796528366557,-19.227363951958125,-18.70863326691172,-17.753514376960453,-2.4279065321290676,-15.6227040009423,-16.374527554118938,-16.137685716489255,-21.43219408444767,-21.336544122650054,-20.56987977534905,-21.120178722185884,-21.257624982266837,-20.450350892335194,-0.3827190046963701,-20.67368708282495,-20.142362910049386,-19.362625613634755,-21.346907866954034,-0.4668069692223865,-0.015805006940009764,0.43380040113226404,-3.2197031620527095,-19.66449750580038,-19.623806547119642,-17.856155372752657,-7.774180247212705,8.566391698366948,7.293175701905559,5.194453034158389,0.3977180590598037,-6.772862137822309,-6.1273836844519165,-4.900635841491755,-16.587717271540363,-27.28003541844114,0.9758833636623535,26.515413619886885,-0.802899064397909,22.975520636676844,18.975405462159177,18.08485737219624,19.366853746727312,3.4913033462763474,0.40982892483618333,18.37007936011976,22.955867856772866,47.15276674104712,31.91071512558901,-0.46758536509144344,-0.05123993597717359,-17.11821060528128,-9.487232793448614,-25.036942778189914,-24.5094222032864,-20.09669032909606,1.5536549809532756,1.7841723497953412,1.651773167189196,-14.294767039252509,-7.895476437836208,-33.535920043635464,-0.9344644785889875,14.863624090643249,-9.417934479206224,-16.108892761161137,-2.049098623269746,-2.584557068837488,-0.5311336673406332,-3.2981479506312414,-1.030011896006664,27.741468712672695,-18.52070788043079,24.51430746249927,24.75897093743454,24.928721839106238,-1.6181064098334148,-1.2956842272711635,23.926807976363023,1.8859428566996894,2.047815006345979,26.008652908121576,-16.670783371837334,0.23310240004456606,-0.3740421146387059,2.9367543593791203,27.567133780927705,24.582651510038687,-26.123922873408596,-0.4249992991227087,-0.436389500715092,0.6731515015453878
WILLIAMS-BEUREN SYNDROME; WBS,8.057966944628753,-0.558793869085964,-14.151216905842467,-18.741565074801645,-27.883834846813897,-1.579154636819867,-52.1511721621906,1.2919789204193064,-15.9179288664032,-21.45396721756277,17.23764423365585,40.50579966258264,5.006333954696764,-16.843308879165836,13.108788334722773,8.00934250897803,1.0313990868090341,24.20361808738131,-22.606041315829334,-1.275505418088574,1.8054006983891646,10.367839629511819,-15.671684031851601,-10.556739856417805,-1.1191946333188045,1.1855069578102817,-1.5262871650992926,-1.9493604912893494,-2.3159300404396963,-21.909278920229514,20.25487936479447,33.313629226047574,28.235995020434952,-16.921594420321203,25.87607063884188,26.26285243317988,26.040424759923315,-21.740262063395278,21.85805635624404,19.89111022258367,16.969671831973297,19.619653403342465,18.043755804464972,15.91838508707008,20.215284160222296,18.448334459602485,15.991060660279116,-10.038787861449883,23.42260490935818,22.831073399531174,22.0045069154251,-22.292793690908535,18.93519703491858,25.882433005162863,24.555585640375604,0.266103021829621,8.73276047048524,2.151714723500417,1.3515222746549478,-11.979266117418735,2.915129787856503,0.7979479471293407,-0.8608330422949317,0.03810488363405134,0.5753774099934531,1.2865586379944167,0.6920191346155414,-25.925430844040427,-21.221222027646323,-1.6945282936685715,24.619256290237583,5.262405593799365,25.405768748097234,15.297160700187215,31.661364745834458,30.038048752200176,24.41515455130586,0.6516452587161355,16.352169716750534,25.33302193223398,16.833098913023633,22.47910012661131,-0.8496958422086807,-0.11481438719739179,-29.513164945243737,-25.78365269905963,-26.53444453161183,-30.826729147625855,-1.777985125649902,-0.8056020146892248,18.63786235593448,20.693237895415308,-13.760748481372124,-14.767991854781373,-35.82937676987544,-0.07221990040076007,17.236607225806946,-1.976341584276568,-0.005124130834849651,-0.8075278814702587,-1.3739730900167362,-1.3285103063345463,-1.2835583580203707,21.665292157312912,27.435554860004892,-8.441625885793425,38.552127061654,38.46973857047877,38.31015672109266,21.64166021283438,-19.16493281118699,37.749268784659755,-2.205467297425828,22.836257378783454,1.1091161908740312,20.879130021380078,34.689272217302154,1.543669572483059,27.96567375158947,29.501457270415997,50.31908998922964,-25.24975904371891,18.002681071075273,12.863044876792227,18.165420563521916
WITTEVEEN-KOLK SYNDROME; WITKOS,-4.318226517039708,-0.5326816213139198,-26.815723768285842,-1.8189101988672602,-2.3100326057472795,-0.14750730509727683,0.01790877657533391,31.125845831282245,-44.83002855668229,3.0128056177514546,-3.9350509244775767,3.519948397417758,1.439077386502409,-22.154218975742836,-0.047224545233346044,0.0758151445964691,0.18517954267705483,-2.8578037770470424,-27.08818658492162,2.849633807733353,40.20981174807588,18.873815048939534,2.7521168531487836,3.521637209038389,3.8835011507358526,-1.7823280218238202,-2.3968357485966796,-2.0877614969495593,-1.7062649881589564,-26.834167746940473,13.817712033554704,29.155604940476465,24.445642423965722,-12.3267638511275,3.5408964344690443,3.5657862522644193,3.499873551043546,-19.04792364966624,23.475326001740736,22.988626537801657,21.48274938910651,4.281782424078809,4.230292620354432,4.051358142052549,4.378882375138223,4.291877604634051,4.009571812947194,-3.205393660195287,3.96470802296204,3.954553830474746,3.8846294117333473,-21.82540081612607,0.4681872836881461,0.6951202066155051,0.6293445659029795,-2.3417681968734327,1.4480484729887788,0.7773293367273799,0.14909961761983856,-2.6134498266189565,0.8070851524763134,0.4846688842967295,0.14424380617521318,0.12915075683374205,0.09946735791386103,0.29380109517300274,0.5188352266974416,-4.407917162740083,-27.438008892217088,0.12136235800596405,42.061113364295785,-1.8831033285827026,37.18368055065267,-2.88654873564256,25.002633700506806,14.900477523196201,-1.9130983622603432,0.5438989931645934,3.2208929530963277,37.17255318210271,-0.8344413335707392,-0.47374791242759084,0.2914212031481366,0.8257012249758398,-27.0532844427051,-24.437188367443273,-28.28616316736105,-26.183807942529885,-21.313721400926838,-0.3813954271538553,-21.99374335178867,-24.11929469371348,-22.780524676431877,-1.2255713829896793,-1.8497715399830164,0.42196151965503526,3.6072950833410724,-33.18030990957699,-25.739928895504775,-32.27787692605661,-32.6451979728596,-25.115949529822768,-29.503027508720013,0.7740770747916016,26.400348942019097,-2.3956794616941024,0.3714427226770687,0.6496995784178571,0.9204094478333097,-1.8780383816771329,3.582292918230935,-2.3466280466940526,24.052031586292124,-2.235430250535466,35.24419918462037,-2.4138169967683893,-2.945624736902125,1.6739595542920978,1.1745596498779003,0.1102450405414816,1.40489799341836,-37.801132387482184,-28.549616162027885,-26.41127875037201,-26.38964646800779
WOLF-HIRSCHHORN SYNDROME; WHS,2.7298455189164184,0.26999373525581044,-0.17685854254942784,-1.0634896656711936,-4.781579554433242,-3.1946860821832166,3.342510336617715,33.93708382283888,-5.8666549805230765,-4.721619362394419,4.107357121875587,1.6629064495076802,-0.4557549319865897,-2.7943321254544324,4.696489265153461,18.96273209455671,18.056844953242177,29.346810331205248,-2.2092898577133435,1.8810992361241654,4.433498829596541,0.8412107338587059,-0.8052320588777124,-1.3764124720463764,-1.87311266490237,-1.0697577759448986,4.761450271966002,17.538331632285995,18.97680480067828,-1.510512923155594,20.88581851986786,36.38688995468989,29.813540261301156,-1.2738902610777454,4.961051232356181,4.977071715569295,4.83624941308201,-3.654502713382829,3.819576138237011,3.457342302602081,2.91256495043156,1.8163584829955792,1.6662763494311086,1.4863589499344785,1.942551961992578,1.7897959377591632,1.5399416824867795,-1.0695461367099586,3.608527878515446,3.549904218354617,3.352159422160725,-2.733954862670557,27.864247442846672,31.91725203192941,26.66179464749156,-0.22023361599399602,-5.429753200002812,-5.590763356425054,-5.268359326995109,-1.1945693629947578,0.7806170240398318,0.43100371399108417,0.10860544769434934,0.38537508209997573,-0.06973889788205627,0.12989572413697964,0.4050834803402773,3.3179221716680822,-3.1728737210265665,0.8275125119967903,34.350919608372045,28.25659714169681,5.718795017763177,20.278720559272823,40.06041537608773,39.23814613210267,-0.43007704907391936,0.27452071607038003,2.22251668770259,5.662803119939328,33.33776276268308,36.370814299171016,-1.647260680811063,-1.1705024487231457,0.1444263064638555,0.8250132913593858,-4.693716170561866,-34.682186424331604,-3.506786329026481,-0.3072887001187038,2.3184556676825374,0.7986859627938561,-0.8019610151410327,-0.6339639247304423,-19.752257923292692,-1.5814999639607747,1.865807563184371,4.647630558877033,-18.120854597483397,16.745637791311545,4.797866809861806,20.128209282012687,1.5161777099684965,-17.099236694209473,2.9453493124439416,1.1157924104605967,0.1145637981128175,0.34337162451012676,0.593225153932632,-4.268769276667064,-4.560988920380017,5.019955402851435,-0.4351580015962154,3.402999117574302,-0.301203575086352,-25.90985313325429,-1.81559650449197,-16.743699006522604,-1.1111920969684301,39.463885642958054,-2.4113767554045604,-0.2961140936946643,0.6677214097366461,2.9253373879730695,1.7694995538237144
Waardenburg syndrome,-2.129307227396169,-0.8557941281636349,-3.1281112120314014,-4.119206274514559,-27.42097852563817,-2.3305014401276787,-1.9397633482996484,18.21232904795903,-17.523547531460686,0.9086809794988125,-3.2831418460589687,31.682346140752443,-3.2295380004088705,-17.566058124573203,-0.895455550022112,-1.2074519351674962,-1.1883207891128174,32.793099087424444,-4.066906668626403,-1.8318382435843974,-1.4683931747316346,0.6492330359642481,-4.645132951791782,-15.28970534050131,-4.478860557726773,3.0268834436054837,-3.787741605353527,-3.589412031440732,-3.337190626278293,-1.892486544858238,0.846545835399295,3.5279391859401272,4.033056709358359,-1.7638009187536576,2.5963588401797932,2.8709237909415797,3.0844326892102423,-3.943738742112288,0.06239106883475598,-0.25599949127559435,-0.5906157559428065,1.129772163468513,0.9973596401395014,0.8246209104369613,0.8254713267460196,0.6105572689261329,0.3724255228498501,-1.7532077945797218,2.191807632606188,2.371214225320459,2.4410714371719235,-2.998775810473839,4.155418190692649,25.059584807815792,24.70522572968964,-24.09495943941336,1.7401318019061596,1.4736437384931795,1.125355047084916,-10.42896220350335,3.3315226164551603,0.725593094371961,0.34252043477690675,-0.13189036079583144,-0.49141503862901914,-0.345669013012811,-0.1619825294043539,-0.40299496839171595,-15.289177850262323,-1.26482644308248,32.21584235061577,25.654242953225232,43.33697349032703,36.729237021068286,32.089001296930974,34.95060597047768,6.033046141071518,-21.31414780543455,3.6684326325139565,43.32110348963991,38.40487281734033,47.5668468564153,1.6663779066352236,-14.290049497616716,-4.637973604253438,-3.600470360154269,-2.4145597329657775,-21.93949848752031,-13.253229165444273,22.347558074515874,1.4750197499529525,1.1801345376404628,-1.5929755965738344,-3.4153728461634394,-39.06348117449083,-0.6841692960195738,16.32001569517554,-4.432185969534071,-29.30201688016161,-3.6849254762791808,-4.03138341059618,-2.7164664045788913,-3.129696502877132,0.7610599244683436,3.1562468383452233,-2.218171591088192,1.0098151458967648,1.226704164405863,1.4155959828970173,2.0627660970917048,2.9833565859443025,36.759931968550255,4.129911589610636,-2.3363203425396923,3.8759987346186375,-1.789630275519931,3.962522547289667,3.6156039043914756,1.8727516396312462,39.93422107560852,1.1607515133042225,-24.44161562126389,1.8614070160560885,1.4394413876440084,1.3711246686879242
XIA-GIBBS SYNDROME; XIGIS,1.3125832446076517,-3.5475772682161044,-1.3755199769276156,-1.9745625052496958,-1.176631570137309,0.9947972991449932,-2.193899575957425,16.090326651098252,-15.298954241468488,-2.3308858483395536,2.4441605741852683,3.06193661224949,1.1128715233640227,-2.7333846482720854,-0.8926113892982664,-0.8403455827754094,-0.582459953802183,-0.8077010247756153,-2.3663409339359327,-0.9398470953964443,0.3654957472333412,1.414904287119546,0.44826590616707057,0.8750569839620362,1.1588755024509143,2.3165247986054136,-1.4065476759620448,-1.3355033836501273,-1.219229841215003,-2.4534324622072,0.7038216247489761,2.6270290272856958,2.909961261442683,-1.8111434358871632,2.119333367215433,2.054755627086424,1.8839711157014458,-1.4139446210838853,1.9789071874192792,1.6934659533139547,1.3587086303967122,1.3927103142800827,1.0953515554923212,0.799439724043937,1.4783453475100015,1.182542050268854,0.8726064653921851,-0.9912357566248318,1.8166126974318124,1.6436758363573316,1.4159073014348498,-2.4810109264675226,2.0590707712551644,3.0014948552286285,2.7215323553245008,0.1291672639617992,-2.2271155689590967,-3.1491772923341452,-3.679896037986783,-2.050258025887246,0.9797343475250724,0.7475033361119238,0.450539633327953,0.0725551824251225,-0.27719568717585275,-0.18764900424697734,-0.08604175302575792,-0.4800681947202275,-2.263827130384317,1.8935842481332608,4.4027979337996594,-1.982209400847859,16.99672436600661,-3.2630278243969366,2.6800979928504733,1.330866781080551,0.6435167724009064,-3.3988983212016084,3.540346567828713,17.06089321390526,-0.20356591121560164,3.2183652832243967,1.9374456472763897,-0.6329108854133997,-3.9387149410304834,-2.8139242140037575,-3.7732019739537113,-3.10091284266726,-2.057006904665447,-0.24751740314896323,1.962663805111178,1.8178546653193333,-3.0110812348826164,-1.1836457770393716,1.0963895123490792,1.6086607474102603,-1.1662063032180487,0.4276228475249988,-0.2983208842892285,0.9705866304720123,0.5862277994002636,1.8812486467850653,-0.4401425838364833,-2.815076643892994,3.6308461020491283,0.255060373461362,1.8157094279933002,2.221173928392993,2.542768006548355,-4.32130617787817,-2.767230723856695,-1.914987109382733,-1.6779310365526299,2.5464430235334286,0.8253274356307307,-3.2513271683432077,-3.3061106857139886,-4.469535828213892,-1.941631640139901,2.6020032051133,4.773349329760112,-3.330818734128739,-0.5784808853660578,-0.30750623646051395,0.796103450706435
YOU-HOOVER-FONG SYNDROME; YHFS,0.5240259030967526,-1.5969755978027682,0.7009884572884607,-2.1881185493295536,-1.6272840913907998,0.9394365971279222,-3.209633367155667,0.24535376956305016,0.5210324515120325,-1.9448220855883331,0.7430929214762622,-2.1931076096071074,0.35581277077878076,-0.048734212877113055,-1.008957950832339,-2.3277972304307855,-2.861451842957356,-2.0676713078822995,-0.5296673591101918,-2.0140696760977983,-2.6619526686761352,0.40088428866768494,-2.378593121196594,-1.8725940796142673,-1.2103054269143705,1.3179040761590437,-1.679429789933988,-2.1483140460640007,-2.5628888661192266,-0.33120788614428703,-2.8082668361245604,-3.243143330434613,-1.2918214519407234,2.866938917818456,0.16219444275955042,0.49599966803817325,0.9479305041488312,0.5266350539767312,0.05038511953565426,-0.049646256523715834,-0.15470668027377774,0.24583902890931067,0.4077455072459231,0.605641922035668,0.2325707447871569,0.2776949789772035,0.32681166139985607,2.649155711897294,0.21552251864874689,0.5481364943966167,1.0037247581322768,-0.2031239874470688,-0.25562721606743105,0.6787993175414577,1.731687507636523,-0.2592575822237192,0.9512100908291637,1.0472213091600684,1.124980059077475,-2.031568953488628,0.6387184710222532,0.43334462150531544,0.20557256730122409,0.4717200392295107,-0.3833426935989939,-0.2513890301923579,-0.08290366976010752,0.788961346283774,-1.5610055054265153,0.7488486312889334,-0.7056494100763957,-0.9302522154476394,3.5286001028413083,-1.053404369977939,-0.8054043334785306,-0.941521321045769,0.6207764469996144,0.2951648883169333,-2.3641032139959433,3.559517188403718,-3.3799494368543064,-2.3031025830683562,-2.845116453493214,-2.1867596125550772,-2.640280465230185,-3.7880399299510406,-0.29967598956614716,0.17001487236448773,-0.25047241690233657,-2.6277469590204836,-1.4963561126554326,-0.9528280313265556,-1.6498946968397554,-1.2270667912573354,1.7280853805311298,1.9170644591520254,-2.989534552978705,1.2255490558118614,3.721089997339725,1.4488505458238499,1.1575630653699935,0.7110943194217275,-0.16334931242196904,-0.5678983073734816,1.271791895672624,0.4575831497690467,-1.4252903939157757,-1.5559299139430838,-1.7198487826894069,-3.824593262023014,-0.7923347567605886,-3.2164110635764334,-3.2800388205457622,-0.15812472658346619,-3.2138344501081697,-3.2922355761847473,-3.906962815199756,-4.183423811895311,-4.082214779708298,-1.3753851046021506,1.4101009644728753,-1.904112949426141,-3.3737033960561345,-2.6545821094142874,-1.867922139076943
YWHAZ,3.070969770680875,1.9528456832721757,-3.681417363388513,-0.5707343947109395,-13.437798271109427,-3.402541843058397,-4.445915898130104,0.02381337238795904,-0.0336685279028271,-5.183851974012825,4.1612594685221325,3.315554793313745,-2.7244269785443977,-4.032854008400574,2.7485289251647504,3.3940705956031136,3.128132653057399,4.960745932500448,-4.1429762681052145,1.517320258626782,1.685702624730528,-0.42125698778795573,0.6292890654260431,0.8794958908998981,0.9938939163911873,-2.6090072204011387,1.296508437607169,1.2413623551888935,1.1667201541562942,-4.49436657095942,19.802507957063096,28.918757219272035,17.868255138394876,-2.5924710215670945,2.9891717312529593,2.7193643992345993,2.3795749148405925,-2.2549665553003435,2.2587284871788045,2.1761558384309203,1.9887028601356629,1.6023096678347097,1.5383446565592362,1.3808463675648213,1.7623822142627084,1.6820193524649787,1.5924321271799602,-1.929541332742881,2.3931007188063127,2.141777413128749,1.9454896544126756,-3.753787200578001,3.3636431500644375,3.377293854694343,2.2451359539600815,-3.5738272648483824,-0.07021122573841904,-0.15162727393338693,-0.21842908591427498,-1.1853891071832412,0.019965199179616536,0.010347039199713378,0.00027143586594346444,0.06519753122843933,0.41284412490394246,0.45312792734700563,0.4675034184782164,-19.796158667226,-4.242906343417598,-2.190278965507105,2.048230468806704,-1.1279332283166874,-0.7838287382656366,2.879196625795849,5.037273321791925,4.9276604083225335,-0.9030840990897502,2.070848686256048,-0.3859138863786791,-0.8151001817670456,4.744650004951141,3.798113635867822,-1.237847682293771,0.36588996937586643,-1.4232589029453906,-1.7168419370832781,-18.83943968926486,-19.411913319796607,0.32204211131895244,-0.3865818348381485,2.2873425722915677,3.0055107985710476,-3.721384975436795,-0.2569289522592252,-17.4038081122408,-1.974795529185545,1.1078989556625016,3.442504277605954,1.6503449446439808,3.8557016951169962,3.6958219077842185,2.6737832963330637,3.510596131688638,0.7752426879328975,15.812856389626864,-2.3056020355460305,29.097115107975192,23.392543933281875,23.076139604243657,-0.3980730646531634,-4.472645533523086,16.234451692931387,-1.8358770419787642,18.09133022991956,3.5592212415091278,-1.5230097881659472,1.6467920313137656,-2.170170801912722,3.106335230937861,18.029709726891316,4.2150459393070685,-0.2096341742631943,3.674280248230392,3.57620292035367,3.46439430607444
ZTTK SYNDROME; ZTTKS,2.041765261551018,2.5254624884028187,-0.9991246715545271,-0.6582448388097355,-3.2853072946721866,-2.154654823463289,-17.121584526575543,18.119619819029264,-14.481275102581037,-15.45087740057789,3.8656209032346527,3.6691246778751565,4.943515326439918,-2.8303661967191918,0.4834696301783092,1.413359092508034,1.9657052083336906,1.0094216623274805,-3.0570887763707546,1.420331540732654,2.607708027458676,0.10631611687058752,1.1923171552156053,1.8541823708687073,2.2706662171027743,0.5511054665738832,-0.8358899600566019,-0.692527760939926,-0.5543868582253257,-2.9174984079394584,19.245606649141852,27.07860981358542,18.276315540728184,-1.7653209903017195,4.239746239714287,3.9134284650984825,3.5008402077304863,-2.3954703081521656,21.62316316484319,16.115724739827208,4.410594502480711,3.273988892759066,3.2296358816197905,3.05232654186389,3.628789389180847,3.4822778259387746,3.216401804258732,-1.5502730419971342,3.7704231925734355,3.571143263320721,3.310834354784941,-2.1279642392543776,3.0013053870973345,2.891640262965405,1.610565382825806,-0.20496693140600142,-1.8494155155334036,-2.7442880035200625,-3.4309754330751367,-2.62892622442466,0.06301742876017911,-0.1906126124784544,-0.4980689515431973,0.15363311381016778,0.7986992749856102,1.0283836026487978,1.2077685511708318,-14.497779509710401,-2.465456819499393,1.721141966955044,23.689601202641505,2.728090830577539,23.880727069699105,0.2514638321557561,25.28401685517731,21.759651566281295,2.9637909699910323,1.9732910188249557,2.68238348670018,23.994521846551272,18.40107679084465,13.414531568350801,-2.9432061114861128,-0.8233018927694374,-3.6593464693758806,-2.926591970775807,-2.7042361370327908,-15.77776294448915,-2.971936927107527,1.708911983585102,14.653062944219766,14.187775455833648,-2.3157117447547173,-0.02553809814642672,-4.417935677495521,-1.536485311374823,0.6813708028620653,3.80889278904055,-0.02741626821534446,4.549356982207697,4.085381358126699,4.858257424051061,1.8505687951799126,-1.5153325773852862,3.1571383093365712,-8.283782695109643,26.774744708654936,26.450383607800948,25.925331539822714,-1.5644608396568818,-4.152138636334318,3.3070653071557903,-1.8784145116014477,15.056965594441184,3.8133636021965787,-1.6727847061604402,0.41166193301784326,-3.6095495361345082,2.0274868704108573,22.23922024762837,4.167008595360682,-1.8975261433595372,2.135134532791823,2.85982087808425,3.960537599341841
Zimmermann-Laband syndrome,-0.549908971841492,1.3751044714516767,-0.6497422288592427,-1.7136207197570645,-3.756228684553159,-1.3056941971274063,-4.6183156252308954,2.088924959947557,-0.026263560569277984,-1.4598187862130017,1.0037925032474833,16.010032502056358,-1.9765268329209293,-2.349929675331599,0.15978416745863244,0.7717101915966796,1.246375293396118,1.6063458405175524,-2.8733373095781047,-0.29457939767431585,-0.22351919287074357,0.13941602010769252,0.34344798927926307,0.002980314689058124,-0.28764643745632695,-0.5906766939636882,-1.0230600738854065,-0.6750662994540629,-0.37220885559336814,-3.41156862642761,2.2041310368383336,4.260510361579572,3.7457748585059667,-1.4794039951756672,-0.4916784099541913,-0.4121156209569261,-0.32322605517502606,-1.8219865376483662,-0.3206201225094848,-0.21271116849052932,-0.10427377004784394,-0.4780095842679785,-0.2985394152047877,-0.12731770425411437,-0.3735377945344597,-0.2559539009154276,-0.1354134775510416,-1.177096935477985,-0.5334962118173945,-0.37087211692894445,-0.2077908897864157,-3.0509416938321343,-0.6095057160600114,-0.7182273975561203,-0.5533049264560026,-17.342464106588864,0.1616600474766916,0.3667472475745162,0.5588331740600729,-0.9919956971988955,-0.1414992761404308,-0.2206510954203424,-0.2835833065676021,0.14283064567412693,0.6541487244823813,0.7546984859373953,0.8010229618062612,-19.381745933374024,-4.047582996342848,0.19088773286596275,-0.4490775414855119,-0.9414935646955551,1.3853763980588245,0.07405216709894373,-0.9284466628290319,-0.7181946280581235,-1.7514995894509364,0.16432618148373068,1.5376656385544,1.3500592316957465,1.6159158259987705,0.35107072383232296,0.290126423645827,0.5386692207574977,-4.084490837275287,-3.731340487693837,-0.17219015707309587,0.4477565684152994,-1.8253212689245064,-2.72060756698332,2.1553636010404937,2.685061680761676,-2.8773071329422057,-0.9838132174666759,-4.274960290003676,-0.43042217584787257,2.1539281973212843,-1.271243532008293,-0.17183899649021836,-0.9484388726303625,-1.030981434051953,-1.34138647814888,-0.7110535377194175,1.5389889128843717,4.021380261277253,-3.9988598110943103,6.596338727690054,6.752533534550205,6.933346433940548,1.3753832608939358,-1.3543893313121897,4.178501844312424,-0.05873513297464821,2.819562114736409,17.788063406386804,0.9749150636086301,2.948248030761219,0.25064080591023624,4.724882944243395,0.12567620566654342,5.19527780953809,-2.3210937982818174,2.2331120143653127,1.1956971985961897,2.1732971918824218
