review_rank,syndrome,feature,anatomical_region,feature_family,candidate_tier,n_disease,n_healthy,mean_disease,median_disease,mean_healthy,median_healthy,hedges_g,hedges_g_ci_95_low,hedges_g_ci_95_high,global_q,cliffs_delta,rank_biserial,effect_direction_bootstrap_stability,hedges_g_alternative,hedges_g_ci_95_low_alternative,hedges_g_ci_95_high_alternative,alternative_global_q,both_selections_significant,effect_direction_agrees,absolute_change_hedges_g,both_confidence_intervals_exclude_zero,interpretability_flag,editorial_rank_score,literature_status,clinical_interpretation,literature_search_terms
1,WILLIAMS-BEUREN SYNDROME; WBS,chin_height,chin / jaw,chin_height,primary_candidate,67,942,0.1252501516562031,0.1267750252769434,0.176382523906743,0.1763056592284836,-1.4641795806953473,-1.6875257389246408,-1.2340515340431188,1.57621422160414e-20,-0.7431314763760813,-0.7431314763760815,1.0,-1.4641795806953473,-1.6875257389246408,-1.2340515340431188,1.57621422160414e-20,True,True,0.0,True,True,14.464179580695347,unreviewed,TBD,TBD
2,WILLIAMS-BEUREN SYNDROME; WBS,malar_bulge_mean,cheeks / malar region,malar_bulge,primary_candidate,67,942,0.0310405031503945,0.0323137421216408,0.0412305950089593,0.0416614638437925,-1.4071244085987935,-1.763600438424677,-1.114688286175228,1.4070686056078247e-14,-0.6327280793484805,-0.6327280793484805,1.0,-1.4071244085987935,-1.763600438424677,-1.114688286175228,1.4070686056078247e-14,True,True,0.0,True,True,14.407124408598794,unreviewed,TBD,TBD
3,WILLIAMS-BEUREN SYNDROME; WBS,nose_bridge_width,nose,nose_bridge_width,primary_candidate,67,942,0.0835529377616343,0.0834493166000112,0.0792330153015402,0.0789639324344417,1.2638604833300444,0.9634956184756164,1.5852799859835045,7.985691264581283e-12,0.5637734892416897,0.5637734892416897,1.0,1.2638604833300444,0.9634956184756164,1.5852799859835045,7.1871221381231536e-12,True,True,0.0,True,True,14.263860483330044,unreviewed,TBD,TBD
4,WILLIAMS-BEUREN SYNDROME; WBS,eb_thickness_mean,eyebrows,eb_thickness,primary_candidate,67,942,0.0174598946917306,0.0170574627305921,0.0152435255920658,0.0152085555704443,1.26278705539905,1.0217725976402623,1.5404061766275805,3.1494788136802073e-13,0.6026872009379852,0.6026872009379853,1.0,1.26278705539905,1.0217725976402623,1.5404061766275805,2.519583050944165e-13,True,True,0.0,True,True,14.26278705539905,unreviewed,TBD,TBD
5,WILLIAMS-BEUREN SYNDROME; WBS,jaw_to_forehead_ratio,chin / jaw,jaw_to_forehead_ratio,primary_candidate,67,942,1.0087185597576074,1.0090222433192986,1.084235035651304,1.0820499752326038,-1.223199549305633,-1.4382156853453385,-0.960357395751575,3.1494788136802073e-13,-0.6002788604746966,-0.6002788604746966,1.0,-1.223199549305633,-1.4382156853453385,-0.960357395751575,2.519583050944165e-13,True,True,0.0,True,True,14.223199549305633,unreviewed,TBD,TBD
6,WILLIAMS-BEUREN SYNDROME; WBS,forehead_width_mid,forehead,forehead_width_mid,primary_candidate,67,942,0.904429661107818,0.9033406859479997,0.8717933457632211,0.8709651266071212,1.2183809171055109,0.959789511932949,1.4734073236568048,6.57504781591502e-13,0.5918179801628799,0.5918179801628798,1.0,1.2183809171055109,0.959789511932949,1.4734073236568048,5.479206513262519e-13,True,True,0.0,True,True,14.218380917105511,unreviewed,TBD,TBD
7,Cornelia de Lange syndrome,philtrum_length,philtrum / mouth / lips,philtrum_length,primary_candidate,64,942,0.3480770447401193,0.3444636985099185,0.2848302841731749,0.2838415889614529,1.2804218861700882,0.9890681702133498,1.6064062947832602,7.552098962968956e-13,0.6017117834394905,0.6017117834394905,1.0,1.321004043098042,1.030106563954944,1.6417923584222844,2.519583050944165e-13,True,True,0.04058215692795386,True,True,14.199257572314181,unreviewed,TBD,TBD
8,WILLIAMS-BEUREN SYNDROME; WBS,forehead_width_upper,forehead,forehead_width_upper,primary_candidate,67,942,0.7650680023454273,0.7660865951717157,0.7335674050836118,0.7333062338376494,1.1652817549595145,0.8702598055142645,1.4605325240905358,6.408194014354621e-12,0.5669106695820262,0.5669106695820261,1.0,1.1652817549595145,0.8702598055142645,1.4605325240905358,5.6961724572041076e-12,True,True,0.0,True,True,14.165281754959514,unreviewed,TBD,TBD
9,WILLIAMS-BEUREN SYNDROME; WBS,nose_ala_height_mean,nose,nose_ala_height,primary_candidate,67,942,0.070883910986781,0.0695002629793158,0.0646928255067841,0.0644010786882862,1.1153429666364283,0.753447903716295,1.4476243006929184,8.188228853586687e-08,0.4602782267008904,0.4602782267008904,1.0,1.1153429666364283,0.753447903716295,1.4476243006929184,7.832218903430744e-08,True,True,0.0,True,True,14.115342966636428,unreviewed,TBD,TBD
10,WILLIAMS-BEUREN SYNDROME; WBS,nose_ala_height_l,nose,nose_ala_height,primary_candidate,67,942,0.0710409226560706,0.0691096386667275,0.0647331365055625,0.0645101186649806,1.109145704852698,0.7796958421767642,1.4669705140430171,7.953013770930247e-08,0.461133821339164,0.461133821339164,1.0,1.109145704852698,0.7796958421767642,1.4669705140430171,7.591513144978872e-08,True,True,0.0,True,True,14.109145704852699,unreviewed,TBD,TBD
11,WILLIAMS-BEUREN SYNDROME; WBS,cupid_bow_drop,philtrum / mouth / lips,cupid_bow_drop,primary_candidate,67,942,0.0284950880075491,0.0270673376177062,0.0224997328687181,0.0223695233020609,1.1089210870689248,0.8246430468114673,1.4064985554926723,3.5746695767079e-09,0.4992553157777989,0.4992553157777988,1.0,1.1089210870689248,0.8246430468114673,1.4064985554926723,3.5746695767079e-09,True,True,0.0,True,True,14.108921087068925,unreviewed,TBD,TBD
12,WILLIAMS-BEUREN SYNDROME; WBS,nose_ala_height_r,nose,nose_ala_height,primary_candidate,67,942,0.0707268993174914,0.069890887291904,0.0646525145080057,0.064345092646391,1.108229488488801,0.8100508754277199,1.493816751169207,1.2434586303632204e-07,0.4531799600722502,0.4531799600722501,1.0,1.108229488488801,0.8100508754277199,1.493816751169207,1.1990493935645336e-07,True,True,0.0,True,True,14.108229488488801,unreviewed,TBD,TBD
13,WILLIAMS-BEUREN SYNDROME; WBS,outer_canthal_distance,eyes / orbital dimensions,outer_canthal_distance,primary_candidate,67,942,0.6795766255824665,0.6847856271978616,0.646208071321148,0.6447895676793544,1.1052085163812075,0.8245776659677804,1.3954665071160337,5.893184793100345e-11,0.5429223310200589,0.542922331020059,1.0,1.1052085163812075,0.8245776659677804,1.3954665071160337,5.893184793100345e-11,True,True,0.0,True,True,14.105208516381207,unreviewed,TBD,TBD
14,WILLIAMS-BEUREN SYNDROME; WBS,face_triangularity,global face shape / proportions,face_triangularity,primary_candidate,67,942,0.5908318905474568,0.5986426412395768,0.5543925309280083,0.5577225634872556,1.0891849842689283,0.8749883202022392,1.319565809124407,3.328887566118078e-12,0.5741673796621986,0.5741673796621987,1.0,1.0891849842689283,0.8749883202022392,1.319565809124407,2.912776620353319e-12,True,True,0.0,True,True,14.089184984268929,unreviewed,TBD,TBD
15,WILLIAMS-BEUREN SYNDROME; WBS,nose_tip_width,nose,nose_tip_width,primary_candidate,67,942,0.2935299830733407,0.290693169184246,0.2693452136193673,0.2674081135068349,1.0845140803978288,0.8104276312119989,1.3996927156269792,4.989199845307651e-09,0.4943435687803023,0.4943435687803024,1.0,1.0845140803978288,0.8104276312119989,1.3996927156269792,4.989199845307651e-09,True,True,0.0,True,True,14.08451408039783,unreviewed,TBD,TBD
16,WILLIAMS-BEUREN SYNDROME; WBS,philtrum_length,philtrum / mouth / lips,philtrum_length,primary_candidate,67,942,0.3337672327573713,0.3266029978366343,0.2848302841731749,0.2838415889614529,0.9791198380998803,0.7014582164828146,1.2931857361428625,8.117781110872769e-07,0.4276388756852679,0.427638875685268,1.0,0.9791198380998803,0.7014582164828146,1.2931857361428625,8.349717714040562e-07,True,True,0.0,True,True,13.97911983809988,unreviewed,TBD,TBD
17,WILLIAMS-BEUREN SYNDROME; WBS,eb_thickness_r,eyebrows,eb_thickness,primary_candidate,67,942,0.017576557978166,0.0177044889549439,0.0150932583810383,0.014768934739781,0.9761077736915524,0.7328415333715574,1.2564624436637497,1.6324718826263906e-09,0.5089837437018728,0.5089837437018727,1.0,0.9761077736915524,0.7328415333715574,1.2564624436637497,1.6324718826263906e-09,True,True,0.0,True,True,13.976107773691552,unreviewed,TBD,TBD
18,WILLIAMS-BEUREN SYNDROME; WBS,eye_fissure_length_mean,eyes / orbital dimensions,eye_fissure_length,primary_candidate,67,942,0.2104429061482564,0.2094142371976472,0.1980201839698835,0.1977349209832613,0.9610817029163916,0.6719213798792185,1.2458445655484265,2.439808703541836e-08,0.4759958170928795,0.4759958170928795,1.0,0.9610817029163916,0.6719213798792185,1.2458445655484265,2.311397719144897e-08,True,True,0.0,True,True,13.961081702916392,unreviewed,TBD,TBD
19,Cornelia de Lange syndrome,philtrum_width,philtrum / mouth / lips,philtrum_width,primary_candidate,64,942,0.285337685736542,0.2837071788563567,0.3008337242395867,0.2986240588266514,-1.0102511688045703,-1.2181727529013966,-0.8163757979334318,8.622968776293074e-12,-0.5742436305732485,-0.5742436305732483,1.0,-1.0394083593579828,-1.2438412682418407,-0.8452865486497055,7.991573930513238e-13,True,True,0.029157190553412482,True,True,13.951936787697745,unreviewed,TBD,TBD
20,WILLIAMS-BEUREN SYNDROME; WBS,jaw_bigonial_width,chin / jaw,jaw_bigonial_width,primary_candidate,67,942,0.7700152754530506,0.7713754218261114,0.7939531567265726,0.7939190905288416,-0.949337567544445,-1.194863881170352,-0.7065314657192696,1.9273408465084276e-09,-0.5064486484773584,-0.5064486484773585,1.0,-0.949337567544445,-1.194863881170352,-0.7065314657192696,1.9273408465084276e-09,True,True,0.0,True,True,13.949337567544445,unreviewed,TBD,TBD
21,WILLIAMS-BEUREN SYNDROME; WBS,face_aspect_ratio,global face shape / proportions,face_aspect_ratio,primary_candidate,67,942,0.8640843390752784,0.8635275837439385,0.9118919075650824,0.9107374094176942,-0.9361683325318954,-1.207697822533076,-0.6668054618117207,1.7506383524426736e-08,-0.4802421015939411,-0.4802421015939411,1.0,-0.9361683325318954,-1.207697822533076,-0.6668054618117207,1.6533806661958586e-08,True,True,0.0,True,True,13.936168332531896,unreviewed,TBD,TBD
22,WILLIAMS-BEUREN SYNDROME; WBS,eye_area_mean,eyes / orbital dimensions,eye_area,primary_candidate,67,942,0.0118002410844705,0.0117664125054618,0.0088627570904448,0.0090304261487637,0.9140277580830704,0.6449276974461192,1.172697894869144,7.872663558970672e-08,0.4617992838355991,0.4617992838355991,1.0,0.9140277580830704,0.6449276974461192,1.172697894869144,7.497774818067305e-08,True,True,0.0,True,True,13.914027758083071,unreviewed,TBD,TBD
23,WILLIAMS-BEUREN SYNDROME; WBS,eye_area_r,eyes / orbital dimensions,eye_area,primary_candidate,67,942,0.0118026513620783,0.011724834375049,0.0088610225297358,0.0089942516626058,0.9062071640249948,0.6403890581290284,1.194708770131207,1.1820646322574865e-07,0.4541939981620559,0.4541939981620559,1.0,0.9062071640249948,0.6403890581290284,1.194708770131207,1.1382844606923945e-07,True,True,0.0,True,True,13.906207164024995,unreviewed,TBD,TBD
24,WILLIAMS-BEUREN SYNDROME; WBS,eye_area_l,eyes / orbital dimensions,eye_area,primary_candidate,67,942,0.0117978308068626,0.0117829323837005,0.0088644916511539,0.0090633649556277,0.8989868944534728,0.6463730303321518,1.186775402591134,8.85752126787759e-08,0.4588839243274075,0.4588839243274076,1.0,0.8989868944534728,0.6463730303321518,1.186775402591134,8.14891956644738e-08,True,True,0.0,True,True,13.898986894453472,unreviewed,TBD,TBD
25,WILLIAMS-BEUREN SYNDROME; WBS,nostril_region_area,nose,nostril_region_area,primary_candidate,67,942,0.0176479983466898,0.0175911702127398,0.0154232559750808,0.015282903381654,0.8555271812592644,0.593167419841144,1.151788369137246,3.933026486537669e-07,0.4381278321766961,0.4381278321766961,1.0,0.8555271812592644,0.593167419841144,1.151788369137246,3.933026486537669e-07,True,True,0.0,True,True,13.855527181259264,unreviewed,TBD,TBD
26,WILLIAMS-BEUREN SYNDROME; WBS,eye_fissure_length_r,eyes / orbital dimensions,eye_fissure_length,primary_candidate,67,942,0.2108691604021712,0.2090049952740724,0.197349087185091,0.1965973485184808,0.8443568328401883,0.6178816166532283,1.122115938155118,1.2172730353603544e-06,0.4220299775010299,0.4220299775010299,1.0,0.8443568328401883,0.6178816166532283,1.122115938155118,1.1282042766754504e-06,True,True,0.0,True,True,13.844356832840187,unreviewed,TBD,TBD
27,WILLIAMS-BEUREN SYNDROME; WBS,eb_inter_distance,eyebrows,eb_inter_distance,primary_candidate,67,942,0.2054886894616156,0.2053276835164084,0.1950117598059135,0.1945834924052124,0.8394718701756256,0.5397564066625536,1.119391045354435,1.0706452074873903e-06,0.4239312989194156,0.4239312989194157,1.0,0.8394718701756256,0.5397564066625536,1.119391045354435,1.0157403250521397e-06,True,True,0.0,True,True,13.839471870175625,unreviewed,TBD,TBD
28,Noonan syndrome,eb_thickness_mean,eyebrows,eb_thickness,primary_candidate,34,942,0.0176785821954456,0.0179461187415035,0.0152435255920658,0.0152085555704443,1.3968143569492697,1.0658958448182196,1.742607443838493,4.149055130057907e-09,0.6861496190833021,0.6861496190833021,1.0,1.393820093568083,1.0657284105723128,1.7395043111553263,4.257492169972387e-09,True,True,0.0029942633811868014,True,True,13.750825830186894,unreviewed,TBD,TBD
29,Noonan syndrome,outer_canthal_distance,eyes / orbital dimensions,outer_canthal_distance,primary_candidate,34,942,0.6874239768111394,0.6802307429531375,0.646208071321148,0.6447895676793544,1.3651085299940733,0.9350682856531022,1.792881777873141,4.112641042498678e-07,0.6036592981141501,0.6036592981141502,1.0,1.3753539247993831,0.9361383698768414,1.823328862430803,4.097019855636063e-07,True,True,0.010245394805309838,True,True,13.704617740383453,unreviewed,TBD,TBD
30,Noonan syndrome,inter_canthal_distance,eyes / orbital dimensions,inter_canthal_distance,primary_candidate,34,942,0.2731503091704786,0.2746102288037343,0.2519552872906554,0.2512061827354069,1.33788307706647,0.98383156883772,1.7020012613838031,9.264287490396613e-08,0.6321968277756963,0.6321968277756962,1.0,1.3309539627715463,0.9743374318002096,1.6986043599210447,9.295680019810318e-08,True,True,0.0069291142949237106,True,True,13.684024848476621,unreviewed,TBD,TBD
31,Noonan syndrome,inter_pupillary_distance,ocular position / iris / gaze,inter_pupillary_distance,primary_candidate,34,942,0.4871328618934021,0.4801078308554846,0.4549316656552766,0.4546033363292034,1.318882217017805,0.8200175888304531,1.8177713414474108,2.8806779586561127e-06,0.5649431747221182,0.5649431747221181,1.0,1.316091075775544,0.8200175888304531,1.8177713414474108,2.8806779586561127e-06,True,True,0.002791141242260986,True,True,13.673299934533283,unreviewed,TBD,TBD
32,Noonan syndrome,forehead_width_mid,forehead,forehead_width_mid,primary_candidate,34,942,0.906188176392812,0.9057554167765636,0.8717933457632211,0.8709651266071212,1.2716776813768302,0.7360023929676335,1.734957390254241,3.6027985480003527e-06,0.5581366304483577,0.5581366304483577,1.0,1.2863800698144463,0.7459210363335903,1.7637922922590774,3.474147190700366e-06,True,True,0.014702388437616065,True,True,13.602272904501598,unreviewed,TBD,TBD
33,Noonan syndrome,face_triangularity,global face shape / proportions,face_triangularity,primary_candidate,34,942,0.5956858419021853,0.5974923767876192,0.5543925309280083,0.5577225634872556,1.2243864433938392,0.8460470333558155,1.584428388208729,5.034721023875995e-07,0.598851005370301,0.5988510053703009,1.0,1.2190804717753034,0.8438378740933542,1.5789257445268343,5.182801053989994e-07,True,True,0.005305971618535743,True,True,13.573774500156768,unreviewed,TBD,TBD
34,Mucopolysaccharidoses,chin_pointedness_angle,chin / jaw,chin_pointedness_angle,primary_candidate,37,942,157.3463931692967,156.8358558323086,151.72734318676052,151.8780219730048,1.1491547799316888,0.8582362708699979,1.4425568278665577,1.0567021673562795e-07,0.6043495725024387,0.6043495725024388,1.0,1.1842531445653712,0.8964137602807977,1.4753186873286364,4.892043882396629e-08,True,True,0.03509836463368243,True,True,13.558958050664323,unreviewed,TBD,TBD
35,Noonan syndrome,forehead_width_upper,forehead,forehead_width_upper,primary_candidate,34,942,0.7665573729613742,0.76375906082635,0.7335674050836118,0.7333062338376494,1.2099507781487897,0.7509836861397488,1.684089117023806,1.1520017626612163e-05,0.5334707131260147,0.5334707131260148,1.0,1.2170128196807124,0.7540859498385156,1.69144257877794,1.0974558029685528e-05,True,True,0.0070620415319226915,True,True,13.555826695084942,unreviewed,TBD,TBD
36,Noonan syndrome,jaw_to_forehead_ratio,chin / jaw,jaw_to_forehead_ratio,primary_candidate,34,942,1.009822318426431,1.0046066218143972,1.084235035651304,1.0820499752326038,-1.1846595272465492,-1.6779807577527976,-0.6869524258869005,5.346330599672936e-06,-0.5504558511302611,-0.5504558511302611,1.0,-1.1816627404375923,-1.6749023143307955,-0.68532371424472,5.00127647509754e-06,True,True,0.002996786808956875,True,True,13.538665953628634,unreviewed,TBD,TBD
37,Noonan syndrome,malar_bulge_mean,cheeks / malar region,malar_bulge,primary_candidate,34,942,0.0323240705110625,0.0342786875384406,0.0412305950089593,0.0416614638437925,-1.2381657036005345,-1.6467274148562323,-0.8043723828912324,3.170206531991496e-06,-0.5618833520669414,-0.5618833520669414,1.0,-1.2708126470752328,-1.706445612272831,-0.8351193403466128,3.106802401351666e-06,True,True,0.03264694347469832,True,True,13.532871816651138,unreviewed,TBD,TBD
38,Noonan syndrome,nose_bridge_width,nose,nose_bridge_width,primary_candidate,34,942,0.0830618392832816,0.0822878455951397,0.0792330153015402,0.0789639324344417,1.137261202117403,0.7239046399964707,1.573424316543418,1.359274111370936e-05,0.5298488822280505,0.5298488822280505,1.0,1.1379209429923067,0.7239046399964707,1.574394249987355,1.2826952881951086e-05,True,True,0.0006597408749038358,True,True,13.495941720367593,unreviewed,TBD,TBD
39,KBG SYNDROME; KBGS,jaw_bigonial_width,chin / jaw,jaw_bigonial_width,primary_candidate,32,942,0.7623542747291963,0.7603044882635059,0.7939531567265726,0.7939190905288416,-1.2565595356616148,-1.561786561985991,-0.9659141664412944,6.889344033793679e-08,-0.6595010615711253,-0.6595010615711252,1.0,-1.3051316961611763,-1.5725199152094884,-1.0239473399153334,1.0730787377021064e-08,True,True,0.04857216049956148,True,True,13.43941521466249,unreviewed,TBD,TBD
40,WIEDEMANN-STEINER SYNDROME; WDSTS,inter_canthal_distance,eyes / orbital dimensions,inter_canthal_distance,moderate_candidate,14,942,0.281648059132124,0.2823333483847163,0.2519552872906554,0.2512061827354069,1.8780167035724515,1.3350946526780614,2.4827095888007413,1.6274149381302962e-05,0.8099787685774947,0.8099787685774946,1.0,1.8780167035724515,1.3350946526780614,2.4827095888007413,1.5633342778004753e-05,True,True,0.0,True,True,13.438016703572451,unreviewed,TBD,TBD
41,Noonan syndrome,eb_inter_distance,eyebrows,eb_inter_distance,primary_candidate,34,942,0.2081905701266463,0.2045209351619715,0.1950117598059135,0.1945834924052124,1.0676052312533464,0.7086939522649139,1.4531383813984309,5.726606427294495e-06,0.5482702635194205,0.5482702635194205,1.0,1.069235456777543,0.7097641320025957,1.4555388496680528,5.535719546384678e-06,True,True,0.0016302255241966712,True,True,13.424344780204951,unreviewed,TBD,TBD
42,Kabuki syndrome,outer_canthal_distance,eyes / orbital dimensions,outer_canthal_distance,primary_candidate,35,942,0.6783845122016399,0.6784835110828312,0.646208071321148,0.6447895676793544,1.0790013204294004,0.7805019629830131,1.3629520939791524,2.031458656040721e-06,0.5649984834698211,0.564998483469821,1.0,1.112128395205172,0.8188860795056576,1.4020575557263704,8.454840360442732e-07,True,True,0.03312707477577148,True,True,13.412747170877857,unreviewed,TBD,TBD
43,Holoprosencephaly,mouth_opening,philtrum / mouth / lips,mouth_opening,moderate_candidate,11,942,0.3893433261887164,0.3329698961493926,0.135578937908555,0.1242532269279927,1.95806935910626,0.9711027120448106,2.9423420101750044,0.0033248508852315,0.6703339123721289,0.670333912372129,1.0,1.95806935910626,0.9711027120448106,2.9423420101750044,0.0033812042900659,True,True,0.0,True,True,13.398069359106259,unreviewed,TBD,TBD
44,Coffin-Siris syndrome,philtrum_length,philtrum / mouth / lips,philtrum_length,primary_candidate,43,942,0.3303851430437748,0.3166319538613885,0.2848302841731749,0.2838415889614529,0.9050027577477248,0.5116863841486314,1.3666411906240543,0.003155163352184,0.3465659408482694,0.3465659408482693,1.0,0.7835094953889784,0.3943833165452884,1.2067310017642074,0.0132613238066733,True,True,0.12149326235874636,True,True,13.382016233030233,unreviewed,TBD,TBD
45,KBG SYNDROME; KBGS,jaw_to_forehead_ratio,chin / jaw,jaw_to_forehead_ratio,primary_candidate,32,942,1.008737658392956,1.0023208175006653,1.084235035651304,1.0820499752326038,-1.2233240597451245,-1.5739741072421938,-0.8784887742216063,4.24270184363193e-07,-0.6205546709129511,-0.6205546709129512,1.0,-1.2935307363825184,-1.6716973500659729,-0.9091487464426542,8.14891956644738e-08,True,True,0.07020667663739388,True,True,13.362910706470336,unreviewed,TBD,TBD
46,SOTOS SYNDROME; SOTOS,jaw_to_forehead_ratio,chin / jaw,jaw_to_forehead_ratio,primary_candidate,25,942,1.000932751395768,1.008361391751183,1.084235035651304,1.0820499752326038,-1.347914620545588,-1.7604987200447988,-0.9040081357865472,2.9139655290937528e-06,-0.6551167728237792,-0.6551167728237792,1.0,-1.347914620545588,-1.7604987200447988,-0.9040081357865472,2.9139655290937528e-06,True,True,0.0,True,True,13.347914620545588,unreviewed,TBD,TBD
47,SOTOS SYNDROME; SOTOS,forehead_width_mid,forehead,forehead_width_mid,primary_candidate,25,942,0.907160139161569,0.9056732757038304,0.8717933457632211,0.8709651266071212,1.3279207261233474,0.9034605417765698,1.7545052367988938,1.0971751874372274e-05,0.6206369426751592,0.6206369426751592,1.0,1.3279207261233474,0.9034605417765698,1.7545052367988938,1.0480479402385456e-05,True,True,0.0,True,True,13.327920726123347,unreviewed,TBD,TBD
48,Kabuki syndrome,inter_canthal_distance,eyes / orbital dimensions,inter_canthal_distance,primary_candidate,35,942,0.2675067163495924,0.2671280957412867,0.2519552872906554,0.2512061827354069,0.9804057520934378,0.650843323350154,1.3509630506498254,7.797215217525661e-05,0.483773127085229,0.483773127085229,1.0,1.0148227841444653,0.6818910536594831,1.3836837742599035,3.300439005988748e-05,True,True,0.03441703205102742,True,True,13.311571687991384,unreviewed,TBD,TBD
49,Mucopolysaccharidoses,philtrum_length,philtrum / mouth / lips,philtrum_length,primary_candidate,37,942,0.3257519254140801,0.3211958405187076,0.2848302841731749,0.2838415889614529,0.835842313214958,0.494621131786145,1.2244884348537464,0.0004555494542819,0.4284730590463074,0.4284730590463075,1.0,0.8336731031479686,0.4865031286291618,1.225488267035376,0.0005732317212724,True,True,0.0021692100669894465,True,True,13.311503893080978,unreviewed,TBD,TBD
50,AU-KLINE SYNDROME; AUKS,nose_ala_height_l,nose,nose_ala_height,moderate_candidate,11,942,0.0749459199002746,0.0758184768656099,0.0647331365055625,0.0645101186649806,1.8686864210928895,1.5203237600647148,2.195955941396873,3.11487258473413e-05,0.8867014089944026,0.8867014089944025,1.0,1.8686864210928895,1.5203237600647148,2.195955941396873,3.0773439993758873e-05,True,True,0.0,True,True,13.308686421092888,unreviewed,TBD,TBD
51,NICOLAIDES-BARAITSER SYNDROME; NCBRS,forehead_width_mid,forehead,forehead_width_mid,primary_candidate,24,942,0.9097083341544084,0.9127180378881496,0.8717933457632211,0.8709651266071212,1.4248374234264716,1.0170882800948935,1.885501225801804,4.827044077270809e-06,0.6543701344656758,0.6543701344656758,1.0,1.3841165769072468,0.9555611591166492,1.8544172510504917,8.388214767930402e-06,True,True,0.04072084651922481,True,True,13.303395730388022,unreviewed,TBD,TBD
52,Mucopolysaccharidoses,nose_bridge_length,nose,nose_bridge_length,primary_candidate,37,942,0.8385991058399923,0.8382182352982611,0.8707440926291355,0.8761468572316142,-0.8524499178244327,-1.248327255243297,-0.5055463286758775,0.0003768174647384,-0.4332931657772422,-0.4332931657772422,1.0,-0.8679147799902945,-1.2762862202301468,-0.4852469159969964,0.0004345477440393,True,True,0.015464862165861848,True,True,13.30152019349271,unreviewed,TBD,TBD
53,NICOLAIDES-BARAITSER SYNDROME; NCBRS,jaw_to_forehead_ratio,chin / jaw,jaw_to_forehead_ratio,primary_candidate,24,942,0.9995904802242638,0.998923902255952,1.084235035651304,1.0820499752326038,-1.3748546072114518,-1.7362203120023134,-1.0463527265237784,1.5403216404072088e-06,-0.6847133757961783,-0.6847133757961783,1.0,-1.3918193787823872,-1.755432912006999,-1.0774026209222916,8.566591051947936e-07,True,True,0.016964771570935344,True,True,13.300925064069581,unreviewed,TBD,TBD
54,AU-KLINE SYNDROME; AUKS,nose_ala_height_mean,nose,nose_ala_height,moderate_candidate,11,942,0.0745790499402249,0.0760256089250748,0.0646928255067841,0.0644010786882862,1.85582375132709,1.5256950200327235,2.184410621854545,2.927231340523193e-05,0.8895966029723992,0.8895966029723992,1.0,1.85582375132709,1.5256950200327235,2.184410621854545,2.927231340523193e-05,True,True,0.0,True,True,13.29582375132709,unreviewed,TBD,TBD
55,Noonan syndrome,eb_thickness_r,eyebrows,eb_thickness,primary_candidate,34,942,0.0175573412973159,0.0178894392793101,0.0150932583810383,0.014768934739781,0.9756733258641264,0.709425126861882,1.2787179084676834,3.6027985480003527e-06,0.5584488572499063,0.5584488572499062,1.0,1.0045786219151596,0.7275516066422423,1.315296625680045,3.158706849848856e-06,True,True,0.028905296051033202,True,True,13.277862733762058,unreviewed,TBD,TBD
56,Rubinstein-Taybi syndrome,inter_canthal_distance,eyes / orbital dimensions,inter_canthal_distance,primary_candidate,24,942,0.2735056415368456,0.2714763160751337,0.2519552872906554,0.2512061827354069,1.3566177165164266,0.888096327281935,1.7911002340234785,1.914583122019522e-05,0.6170382165605095,0.6170382165605095,1.0,1.334044937815996,0.8799153394105531,1.777868496163891,3.015032244714401e-05,True,True,0.022572778700430618,True,True,13.271472159115566,unreviewed,TBD,TBD
57,Noonan syndrome,nose_ala_height_mean,nose,nose_ala_height,primary_candidate,34,942,0.0696685481255833,0.0692453522015509,0.0646928255067841,0.0644010786882862,0.9266414570101312,0.5349589889397545,1.2902891471575555,0.0001763967112141,0.470276008492569,0.470276008492569,1.0,0.918735780809136,0.5310937200294038,1.2846330396283236,0.0001904776115397,True,True,0.007905676200995249,True,True,13.270830104608141,unreviewed,TBD,TBD
58,Noonan syndrome,nose_ala_height_r,nose,nose_ala_height,primary_candidate,34,942,0.0696190010131985,0.0694692761360671,0.0646525145080057,0.064345092646391,0.9355170585540508,0.5446101856379625,1.2974665161691992,0.0001872673293265,0.468652429124516,0.468652429124516,1.0,0.9223462077931284,0.5339498400273738,1.293992385547622,0.0002289471014928,True,True,0.013170850760922392,True,True,13.269175357032205,unreviewed,TBD,TBD
59,Noonan syndrome,nose_ala_height_l,nose,nose_ala_height,primary_candidate,34,942,0.0697180952379681,0.0690575833463484,0.0647331365055625,0.0645101186649806,0.906290629182048,0.5191135967378897,1.2978726460780174,0.000193614994553,0.4675284126389409,0.4675284126389409,1.0,0.9035721804763772,0.5177999450906708,1.2963758210721936,0.000189758943003,True,True,0.0027184487056707285,True,True,13.260853731770705,unreviewed,TBD,TBD
60,AU-KLINE SYNDROME; AUKS,nose_ala_height_r,nose,nose_ala_height,moderate_candidate,11,942,0.0742121799801752,0.0749482342322637,0.0646525145080057,0.064345092646391,1.8171829042054524,1.5047484536667146,2.129568472471979,3.3944699187996846e-05,0.8834201891526732,0.8834201891526732,1.0,1.8171829042054524,1.5047484536667146,2.129568472471979,3.314600038357339e-05,True,True,0.0,True,True,13.257182904205452,unreviewed,TBD,TBD
61,KBG SYNDROME; KBGS,philtrum_length,philtrum / mouth / lips,philtrum_length,primary_candidate,32,942,0.3399828689605426,0.3477201445785721,0.2848302841731749,0.2838415889614529,1.1184986360103202,0.671738356729675,1.5611013923556494,8.302179580882843e-05,0.5036491507430998,0.5036491507430998,1.0,1.1921303365728475,0.7018213656758072,1.671147069942519,7.682158838308122e-05,True,True,0.07363170056252732,True,True,13.251235234885264,unreviewed,TBD,TBD
62,Mucopolysaccharidoses,columella_length,nose,columella_length,primary_candidate,37,942,0.1639496920852428,0.1629017419366666,0.1319501278943887,0.1255073361687689,0.8123729797402788,0.4536553174043305,1.1784176038865908,0.0007450490542366,0.4153325299822115,0.4153325299822115,1.0,0.833092798733657,0.4729182570444903,1.2234822499012303,0.0007339036563306,True,True,0.02071981899337827,True,True,13.250933341753521,unreviewed,TBD,TBD
63,SOTOS SYNDROME; SOTOS,face_triangularity,global face shape / proportions,face_triangularity,primary_candidate,25,942,0.5963101909566544,0.5908321420745752,0.5543925309280083,0.5577225634872556,1.2505274585388348,0.9429469042441908,1.602417442538961,2.07708984080633e-06,0.6634394904458599,0.6634394904458598,1.0,1.2505274585388348,0.9429469042441908,1.602417442538961,2.063863542014064e-06,True,True,0.0,True,True,13.250527458538835,unreviewed,TBD,TBD
64,Kabuki syndrome,chin_width,chin / jaw,chin_width,primary_candidate,35,942,0.3080765403555955,0.3066785678094588,0.3263222865223431,0.3239064525203807,-0.9404694334062448,-1.2695041266267155,-0.5784904654572014,2.872066947086307e-06,-0.5575371549893843,-0.5575371549893843,1.0,-0.9854909602420328,-1.3053151769748943,-0.6350287809385242,1.1282042766754504e-06,True,True,0.04502152683578797,True,True,13.25042637973467,unreviewed,TBD,TBD
65,Noonan syndrome,chin_width,chin / jaw,chin_width,primary_candidate,34,942,0.3087726066234485,0.3090300749086284,0.3263222865223431,0.3239064525203807,-0.9094180800368444,-1.1946238569359726,-0.593333694613748,2.4829063675810663e-05,-0.515424003996503,-0.515424003996503,1.0,-0.8976840620435683,-1.171086685918659,-0.581809625508155,2.9846671801048004e-05,True,True,0.011734017993276114,True,True,13.245950044050293,unreviewed,TBD,TBD
66,Noonan syndrome,cupid_bow_drop,philtrum / mouth / lips,cupid_bow_drop,primary_candidate,34,942,0.0271646266848258,0.0270984132165695,0.0224997328687181,0.0223695233020609,0.8832286790281075,0.5531060432196185,1.2144136105922545,0.0001518112115512,0.473960284750843,0.473960284750843,1.0,0.882779941968655,0.5526523291629435,1.213749160927998,0.0001390311711914,True,True,0.00044873705945258635,True,True,13.242331204909203,unreviewed,TBD,TBD
67,Noonan syndrome,jaw_bigonial_width,chin / jaw,jaw_bigonial_width,primary_candidate,34,942,0.7708619096214724,0.7750016001546295,0.7939531567265726,0.7939190905288416,-0.9044460615208468,-1.3123921569295938,-0.454705068616466,0.0006566425351429,-0.4369926314474834,-0.4369926314474834,1.0,-0.8905029832064721,-1.3043229590340215,-0.4430551848226741,0.0007421140441662,True,True,0.01394307831437469,True,True,13.236559904892097,unreviewed,TBD,TBD
68,SOTOS SYNDROME; SOTOS,jaw_bigonial_width,chin / jaw,jaw_bigonial_width,primary_candidate,25,942,0.7627270647431612,0.7688978238993803,0.7939531567265726,0.7939190905288416,-1.2336200813935252,-1.6666352217837703,-0.8098610950622692,1.564824844233646e-05,-0.611380042462845,-0.611380042462845,1.0,-1.2336200813935252,-1.6666352217837703,-0.8098610950622692,1.499623809057244e-05,True,True,0.0,True,True,13.233620081393525,unreviewed,TBD,TBD
69,Kabuki syndrome,face_triangularity,global face shape / proportions,face_triangularity,primary_candidate,35,942,0.5858223514439036,0.5904245462840061,0.5543925309280083,0.5577225634872556,0.929810565729683,0.5252332124802915,1.3070251870060632,1.233681835772205e-05,0.5245374582954201,0.5245374582954201,1.0,0.981620248067803,0.5753498812069202,1.3746324341385994,6.0684901109168966e-06,True,True,0.05180968233812,True,True,13.226191201053444,unreviewed,TBD,TBD
70,Noonan syndrome,eb_thickness_l,eyebrows,eb_thickness,primary_candidate,34,942,0.0177998230935752,0.0180942181080846,0.0153937928030933,0.01521265454529,0.916328481247896,0.6482899211982397,1.238450826801624,8.232478900558844e-06,0.5402148120394654,0.5402148120394654,1.0,0.8825125941802586,0.6205895040043168,1.2185010877946454,2.3165794140258717e-05,True,True,0.033815887067637385,True,True,13.20869670711262,unreviewed,TBD,TBD
71,Noonan syndrome,philtrum_length,philtrum / mouth / lips,philtrum_length,primary_candidate,34,942,0.3311827903270041,0.3317287573945497,0.2848302841731749,0.2838415889614529,0.9473727862179484,0.5596387416823029,1.3214942611516562,0.0001336700815224,0.4767703259647808,0.4767703259647808,1.0,0.8967595170343345,0.5021302580126095,1.2837161601558749,0.0004004784080278,True,True,0.05061326918361386,True,True,13.206146247850722,unreviewed,TBD,TBD
72,KBG SYNDROME; KBGS,forehead_width_mid,forehead,forehead_width_mid,primary_candidate,32,942,0.9001361954161594,0.9020184320772096,0.8717933457632211,0.8709651266071212,1.0628894905370745,0.6764682543902936,1.4247146562047823,2.9981862750680037e-05,0.5265392781316348,0.5265392781316349,1.0,1.142761380901103,0.7970593864400062,1.4842779222968951,3.933385752094575e-06,True,True,0.07987189036402853,True,True,13.183145709809017,unreviewed,TBD,TBD
73,NICOLAIDES-BARAITSER SYNDROME; NCBRS,philtrum_length,philtrum / mouth / lips,philtrum_length,primary_candidate,24,942,0.3486871653739915,0.3467035195579782,0.2848302841731749,0.2838415889614529,1.310547920321264,0.9360641293842774,1.7142097279244883,7.241553969251347e-06,0.6431351733899504,0.6431351733899504,1.0,1.355070125769766,0.9930492064002278,1.7389246973508192,3.0058465223114698e-06,True,True,0.04452220544850194,True,True,13.18150350942426,unreviewed,TBD,TBD
74,Kabuki syndrome,jaw_bigonial_width,chin / jaw,jaw_bigonial_width,primary_candidate,35,942,0.7699195145495867,0.7742846508589212,0.7939531567265726,0.7939190905288416,-0.9470633362597256,-1.3590711276636398,-0.5666995016379283,0.0001331239954809,-0.470427661510464,-0.4704276615104641,1.0,-1.034203691915294,-1.4470991671222242,-0.6587531146487186,3.424943085094906e-05,True,True,0.08714035565556832,True,True,13.172782624948589,unreviewed,TBD,TBD
75,Noonan syndrome,lip_outer_to_inner_area,philtrum / mouth / lips,lip_outer_to_inner_area,primary_candidate,34,942,15.99734984301866,6.7730288474879785,8.15079136471985,4.001006455419091,0.8026203433427274,0.2501242172449821,1.4628535823123998,0.0141741989950996,0.3304608467590858,0.3304608467590857,1.0,0.8055500727083316,0.2515480418194901,1.4628535823123998,0.0096279505912288,True,True,0.0029297293656042056,True,True,13.156760884611518,unreviewed,TBD,TBD
76,NICOLAIDES-BARAITSER SYNDROME; NCBRS,forehead_width_upper,forehead,forehead_width_upper,primary_candidate,24,942,0.7676128375898547,0.7714165182046022,0.7335674050836118,0.7333062338376494,1.2718190736288908,0.8070687281205756,1.7165897276230646,3.903377633001414e-05,0.5983722576079264,0.5983722576079264,1.0,1.2201348837301262,0.7404660140646894,1.6809669439466024,7.06592789649351e-05,True,True,0.051684189898764554,True,True,13.128450693831361,unreviewed,TBD,TBD
77,SOTOS SYNDROME; SOTOS,forehead_width_upper,forehead,forehead_width_upper,primary_candidate,25,942,0.7638299128170531,0.7611937815090685,0.7335674050836118,0.7333062338376494,1.126879586893135,0.6900136920017652,1.5997619648397226,0.0006861672261791,0.5053927813163482,0.5053927813163481,1.0,1.126879586893135,0.6900136920017652,1.5997619648397226,0.0006201896082772,True,True,0.0,True,True,13.126879586893136,unreviewed,TBD,TBD
78,"MANNOSIDOSIS, ALPHA B, LYSOSOMAL; MANSA",eb_inter_distance,eyebrows,eb_inter_distance,moderate_candidate,14,942,0.2145673012423116,0.2115819918545401,0.1950117598059135,0.1945834924052124,1.566285425483779,0.7455922629186714,2.3988401821850256,0.0049100662791242,0.5753715498938429,0.575371549893843,1.0,1.566285425483779,0.7455922629186714,2.3988401821850256,0.004891947953371,True,True,0.0,True,True,13.126285425483779,unreviewed,TBD,TBD
79,Holoprosencephaly,chin_height,chin / jaw,chin_height,moderate_candidate,11,942,0.117045740252803,0.1253506586082172,0.176382523906743,0.1763056592284836,-1.6804570814546322,-2.256711819077803,-1.0400324526814264,0.0006739224649374,-0.7573827446438911,-0.7573827446438911,1.0,-1.6804570814546322,-2.256711819077803,-1.0400324526814264,0.000608704161879,True,True,0.0,True,True,13.120457081454632,unreviewed,TBD,TBD
80,"MANNOSIDOSIS, ALPHA B, LYSOSOMAL; MANSA",inter_pupillary_distance,ocular position / iris / gaze,inter_pupillary_distance,moderate_candidate,14,942,0.4918686501620061,0.4880183430167145,0.4549316656552766,0.4546033363292034,1.538618534748223,1.0182430959464477,2.128743588775438,0.0002436372802942,0.7129208371246588,0.7129208371246587,1.0,1.538618534748223,1.0182430959464477,2.128743588775438,0.0002241462978707,True,True,0.0,True,True,13.098618534748223,unreviewed,TBD,TBD
81,KBG SYNDROME; KBGS,philtrum_width,philtrum / mouth / lips,philtrum_width,primary_candidate,32,942,0.2877506798618552,0.2857710469813169,0.3008337242395867,0.2986240588266514,-0.8470243610568687,-1.1448107506221497,-0.5600059507130438,0.000101058226919,-0.498473991507431,-0.498473991507431,1.0,-0.8746163952620475,-1.1521761799748806,-0.6007965826548395,2.760352535143264e-05,True,True,0.02759203420517875,True,True,13.071840292646511,unreviewed,TBD,TBD
82,Kabuki syndrome,jaw_to_forehead_ratio,chin / jaw,jaw_to_forehead_ratio,primary_candidate,35,942,1.0345755830827297,1.0219203707134157,1.084235035651304,1.0820499752326038,-0.8020462568300393,-1.1390501991078883,-0.4780357600616647,0.0009218197730423,-0.4202608431907795,-0.4202608431907795,1.0,-0.8736900012205685,-1.2391694073373158,-0.5175317085750056,0.0004004784080278,True,True,0.07164374439052923,True,True,13.05875876804898,unreviewed,TBD,TBD
83,NICOLAIDES-BARAITSER SYNDROME; NCBRS,chin_height,chin / jaw,chin_height,primary_candidate,24,942,0.1373840461405213,0.1345525109588638,0.176382523906743,0.1763056592284836,-1.1088563923914792,-1.4790391498833972,-0.759427575381009,1.6274149381302962e-05,-0.6215498938428875,-0.6215498938428874,1.0,-1.1182113424064977,-1.4837783404959606,-0.7776427047573125,1.2143764144019184e-05,True,True,0.009354950015018515,True,True,13.050146492361442,unreviewed,TBD,TBD
84,KBG SYNDROME; KBGS,forehead_width_upper,forehead,forehead_width_upper,primary_candidate,32,942,0.7574084019897913,0.7596055416268575,0.7335674050836118,0.7333062338376494,0.8893418681038158,0.5266290872873803,1.2969436471390476,0.0004275432862281,0.4613853503184713,0.4613853503184713,1.0,0.9615294961893618,0.549883016622781,1.334890570606242,7.06592789649351e-05,True,True,0.07218762808554602,True,True,13.024966611932724,unreviewed,TBD,TBD
85,KBG SYNDROME; KBGS,face_triangularity,global face shape / proportions,face_triangularity,primary_candidate,32,942,0.5829466643370826,0.5880912285189064,0.5543925309280083,0.5577225634872556,0.8496307195405961,0.477840515191088,1.1664747522590972,0.000193614994553,0.4812898089171974,0.4812898089171975,1.0,0.9028363445380142,0.5605260114560201,1.2011984893576606,7.485151787137791e-05,True,True,0.0532056249974181,True,True,13.023219469545758,unreviewed,TBD,TBD
86,"MANNOSIDOSIS, ALPHA B, LYSOSOMAL; MANSA",outer_canthal_distance,eyes / orbital dimensions,outer_canthal_distance,moderate_candidate,14,942,0.6894697745907024,0.6876736660133558,0.646208071321148,0.6447895676793544,1.4421600223620137,0.8772468292974857,2.044104800126611,0.00179197675411,0.6267819229602669,0.6267819229602669,1.0,1.4421600223620137,0.8772468292974857,2.044104800126611,0.001711337800175,True,True,0.0,True,True,13.002160022362014,unreviewed,TBD,TBD
87,Noonan syndrome,cheek_area_mean,cheeks / malar region,cheek_area,primary_candidate,34,942,0.0057816906178946,0.0057361171978506,0.0076107916334751,0.0070658100177614,-0.8020761280070114,-1.1113157822762276,-0.4616186992429497,6.334009543892754e-06,-0.5461471212688898,-0.5461471212688898,1.0,-0.7192948041864394,-1.0485583884420195,-0.3804687788582514,5.94586509348069e-05,True,True,0.08278132382057202,True,True,12.996513480365866,unreviewed,TBD,TBD
88,Rubinstein-Taybi syndrome,chin_width,chin / jaw,chin_width,primary_candidate,24,942,0.305104925117404,0.3035886394274086,0.3263222865223431,0.3239064525203807,-1.1022998754289568,-1.4060854890510923,-0.8247847993454887,5.432683416376405e-06,-0.6510969568294409,-0.6510969568294409,1.0,-1.1353006822268832,-1.4637940483483065,-0.8471232642595157,4.478211197064058e-06,True,True,0.033000806797926385,True,True,12.996298261833104,unreviewed,TBD,TBD
89,Rubinstein-Taybi syndrome,inter_pupillary_distance,ocular position / iris / gaze,inter_pupillary_distance,primary_candidate,24,942,0.4802812395019056,0.4818588175187455,0.4549316656552766,0.4546033363292034,1.0552968007711836,0.6109282871572616,1.4400312856594244,0.0004555494542819,0.5282200990799717,0.5282200990799717,1.0,1.0667482174453162,0.6166691493966191,1.441486106946028,0.0003110196590394,True,True,0.01145141667413263,True,True,12.992393967422919,unreviewed,TBD,TBD
90,SOTOS SYNDROME; SOTOS,eb_thickness_mean,eyebrows,eb_thickness,primary_candidate,25,942,0.0169897507200424,0.0170964800611715,0.0152435255920658,0.0152085555704443,0.9906511112110415,0.446419980618887,1.5581284813873195,0.0031987636745282,0.4495966029723992,0.4495966029723992,1.0,0.9906511112110415,0.446419980618887,1.5581284813873195,0.0032401269979058,True,True,0.0,True,True,12.990651111211042,unreviewed,TBD,TBD
91,"CONGENITAL HEART DEFECTS, DYSMORPHIC FACIAL FEATURES, AND INTELLECTUAL DEVELOPMENTAL DISORDER; CHDFIDD",nose_tip_midline_dent,nose,nose_tip_midline_dent,moderate_candidate,15,942,0.0452338633218764,0.0447341340731643,0.0408433944974591,0.0407891897317018,1.3864705722411248,0.8365863626280863,1.9273714351530924,0.000919972515868,0.6356687898089172,0.6356687898089173,1.0,1.3864705722411248,0.8365863626280863,1.9273714351530924,0.0008397423546004,True,True,0.0,True,True,12.986470572241124,unreviewed,TBD,TBD
92,WIEDEMANN-STEINER SYNDROME; WDSTS,canthal_to_pupillary_ratio,eyes / orbital dimensions,canthal_to_pupillary_ratio,moderate_candidate,14,942,0.59738280935225,0.6073664538768462,0.5543305385431464,0.5529700731255355,1.4196749152680972,0.7765088801241998,2.1046348948829356,0.0025853224920596,0.608128601759175,0.6081286017591749,1.0,1.4196749152680972,0.7765088801241998,2.1046348948829356,0.0025503857016263,True,True,0.0,True,True,12.979674915268097,unreviewed,TBD,TBD
93,NICOLAIDES-BARAITSER SYNDROME; NCBRS,face_triangularity,global face shape / proportions,face_triangularity,primary_candidate,24,942,0.5902667326426289,0.5926979555061679,0.5543925309280083,0.5577225634872556,1.0725611543972875,0.780083642531203,1.3853998780049046,2.336197946780192e-05,0.611995753715499,0.611995753715499,1.0,1.099050983053818,0.8166203345509992,1.4046549173220808,1.2614535101911005e-05,True,True,0.02648982865653049,True,True,12.979581497084228,unreviewed,TBD,TBD
94,SOTOS SYNDROME; SOTOS,eb_thickness_r,eyebrows,eb_thickness,primary_candidate,25,942,0.0175833195014882,0.0182193258679105,0.0150932583810383,0.014768934739781,0.9764445264052848,0.5458489835773579,1.389759821965499,0.001028028266151,0.4907006369426752,0.4907006369426752,1.0,0.9764445264052848,0.5458489835773579,1.389759821965499,0.0009471047110473,True,True,0.0,True,True,12.976444526405285,unreviewed,TBD,TBD
95,SOTOS SYNDROME; SOTOS,chin_width,chin / jaw,chin_width,primary_candidate,25,942,0.3076392011741953,0.3083299168625414,0.3263222865223431,0.3239064525203807,-0.9700328643730404,-1.2486680595414388,-0.696063355966493,4.4180440070949795e-05,-0.5835244161358811,-0.5835244161358811,1.0,-0.9700328643730404,-1.2486680595414388,-0.696063355966493,4.317633916024639e-05,True,True,0.0,True,True,12.97003286437304,unreviewed,TBD,TBD
96,Rubinstein-Taybi syndrome,face_triangularity,global face shape / proportions,face_triangularity,primary_candidate,24,942,0.5901861158443334,0.5896660118240787,0.5543925309280083,0.5577225634872556,1.065084860923293,0.669865086561905,1.437088107623945,0.0001141343039164,0.5691790516631281,0.5691790516631281,1.0,1.096195990897323,0.681560828551686,1.466047477755524,8.216284430054116e-05,True,True,0.031111129974029872,True,True,12.962862600975233,unreviewed,TBD,TBD
97,Hutchinson-Gilford progeria,chin_width,chin / jaw,chin_width,moderate_candidate,14,942,0.2965524943067431,0.2874981577674848,0.3263222865223431,0.3239064525203807,-1.5335415778148878,-2.1095289634870813,-0.9047440739213092,0.0001543732325677,-0.7302092811646952,-0.7302092811646952,1.0,-1.6001414581751092,-2.0977810606783156,-1.155813207401183,6.583985686143084e-05,True,True,0.06659988036022146,True,True,12.960341817094445,unreviewed,TBD,TBD
98,SOTOS SYNDROME; SOTOS,nose_tip_to_bridge_ratio,nose,nose_tip_to_bridge_ratio,primary_candidate,25,942,3.2122522155226836,3.2089420225248335,3.3968677627334674,3.378243300922927,-0.9556782130928584,-1.254921682650865,-0.648988261879469,8.856507903470167e-05,-0.5652653927813164,-0.5652653927813163,1.0,-0.9556782130928584,-1.254921682650865,-0.648988261879469,8.168623794462776e-05,True,True,0.0,True,True,12.955678213092858,unreviewed,TBD,TBD
99,Rubinstein-Taybi syndrome,malar_bulge_mean,cheeks / malar region,malar_bulge,primary_candidate,24,942,0.0340538984393892,0.0348351476143261,0.0412305950089593,0.0416614638437925,-1.001558727445106,-1.4628332310859595,-0.4922939641232706,0.0028092798681783,-0.4640835102618542,-0.4640835102618542,1.0,-0.9870599637841392,-1.4466217949510878,-0.4780744431702562,0.0037193031391668,True,True,0.014498763660966918,True,True,12.932561200123173,unreviewed,TBD,TBD
100,SOTOS SYNDROME; SOTOS,eb_lateral_thickness_mean,eyebrows,eb_lateral_thickness,primary_candidate,25,942,0.0010154964842796,0.0010199303334006,0.0009386953303242,0.0009353456561338,0.9251800995178344,0.5014954641159237,1.3568530575789666,0.0027831535866398,0.4554564755838641,0.4554564755838641,1.0,0.9251800995178344,0.5014954641159237,1.3568530575789666,0.0027334544154498,True,True,0.0,True,True,12.925180099517835,unreviewed,TBD,TBD
101,NICOLAIDES-BARAITSER SYNDROME; NCBRS,jaw_bigonial_width,chin / jaw,jaw_bigonial_width,primary_candidate,24,942,0.7658255324977801,0.7636657907895332,0.7939531567265726,0.7939190905288416,-1.1189206981077595,-1.4548046313589584,-0.8243229601317678,1.7992339821009592e-05,-0.6187190375088464,-0.6187190375088465,1.0,-1.2023619203988622,-1.5221441354083904,-0.9063536174397504,4.825349050139548e-06,True,True,0.08344122229110273,True,True,12.912038253525555,unreviewed,TBD,TBD
102,MOWAT-WILSON SYNDROME; MOWS,outer_canthal_distance,eyes / orbital dimensions,outer_canthal_distance,moderate_candidate,15,942,0.6855587475226533,0.6860264182484029,0.646208071321148,0.6447895676793544,1.3069006619235848,0.6594759885925764,2.063116348414206,0.0023611524385852,0.591932059447983,0.5919320594479831,1.0,1.3069006619235848,0.6594759885925764,2.063116348414206,0.0023501703342197,True,True,0.0,True,True,12.906900661923585,unreviewed,TBD,TBD
103,NICOLAIDES-BARAITSER SYNDROME; NCBRS,cupid_bow_drop,philtrum / mouth / lips,cupid_bow_drop,primary_candidate,24,942,0.0283304077090387,0.0280837312254137,0.0224997328687181,0.0223695233020609,1.0996809149598838,0.6321615891417448,1.485508834609093,0.0003549508464846,0.5363588110403397,0.5363588110403397,1.0,1.1809633543851028,0.7090723453599089,1.579309008354488,0.0001236035820675,True,True,0.08128243942521896,True,True,12.897116036109447,unreviewed,TBD,TBD
104,MOWAT-WILSON SYNDROME; MOWS,malar_bulge_mean,cheeks / malar region,malar_bulge,moderate_candidate,15,942,0.0321474050317165,0.0361032370926505,0.0412305950089593,0.0416614638437925,-1.2716446808399222,-1.8800663681058745,-0.7134907324980356,0.0017417125844792,-0.6072186836518046,-0.6072186836518046,1.0,-1.2716446808399222,-1.8800663681058745,-0.7134907324980356,0.001654189339028,True,True,0.0,True,True,12.871644680839921,unreviewed,TBD,TBD
105,NICOLAIDES-BARAITSER SYNDROME; NCBRS,eb_thickness_mean,eyebrows,eb_thickness,primary_candidate,24,942,0.0169273120640424,0.0172657685359045,0.0152435255920658,0.0152085555704443,0.9603032016130756,0.4706222813303458,1.434561301120055,0.0054997272760469,0.4368365180467091,0.4368365180467091,1.0,0.9294750068582828,0.4384118296603201,1.4055474582958776,0.0080427908776122,True,True,0.030828194754792815,True,True,12.85864681210349,unreviewed,TBD,TBD
106,Hutchinson-Gilford progeria,forehead_height,forehead,forehead_height,moderate_candidate,14,942,0.2156333115538676,0.2133892243474965,0.1840860182165468,0.1856654674292423,1.5857537719450985,0.8556221970558706,2.2384444612867167,0.0004800029453346,0.6851683348498635,0.6851683348498636,1.0,1.7321544672755802,1.1082074151584995,2.418291332081143,0.0001188325479473,True,True,0.14640069533048172,True,True,12.852952381284135,unreviewed,TBD,TBD
107,Hutchinson-Gilford progeria,hairline_height,forehead,hairline_height,moderate_candidate,14,942,0.2156333115538676,0.2133892243474965,0.1840860182165468,0.1856654674292423,1.5857537719450985,0.8400388646317968,2.274251836441509,0.0004800029453346,0.6851683348498635,0.6851683348498636,1.0,1.7321544672755802,1.0562599688238985,2.410372187138018,0.0001188325479473,True,True,0.14640069533048172,True,True,12.852952381284135,unreviewed,TBD,TBD
108,CEBALID SYNDROME; CEBALID,inter_pupillary_distance,ocular position / iris / gaze,inter_pupillary_distance,moderate_candidate,12,942,0.4877756997118725,0.4967318040545726,0.4549316656552766,0.4546033363292034,1.36517996714756,0.6543248105474917,2.0363693501824627,0.0060677566404243,0.6088110403397028,0.6088110403397027,0.998,1.36517996714756,0.6543248105474917,2.0363693501824627,0.0059872396566102,True,True,0.0,True,True,12.84317996714756,unreviewed,TBD,TBD
109,AU-KLINE SYNDROME; AUKS,face_aspect_ratio,global face shape / proportions,face_aspect_ratio,moderate_candidate,11,942,0.8409172762334005,0.851018933674008,0.9118919075650824,0.9107374094176942,-1.4015259861771614,-1.888693158681305,-0.965385245125458,0.0010215939330016,-0.7353792704111175,-0.7353792704111175,1.0,-1.4015259861771614,-1.888693158681305,-0.965385245125458,0.0009297652648666,True,True,0.0,True,True,12.84152598617716,unreviewed,TBD,TBD
110,NICOLAIDES-BARAITSER SYNDROME; NCBRS,malar_bulge_mean,cheeks / malar region,malar_bulge,primary_candidate,24,942,0.0339817346639816,0.0323587125933089,0.0412305950089593,0.0416614638437925,-1.0136411404639945,-1.5022065109081344,-0.5466725027563454,0.002056604142053,-0.4750530785562633,-0.4750530785562632,1.0,-0.9447933338175628,-1.4311333425047974,-0.4580857988420495,0.0044789961614428,True,True,0.06884780664643164,True,True,12.835945527171132,unreviewed,TBD,TBD
111,"MANNOSIDOSIS, ALPHA B, LYSOSOMAL; MANSA",nose_ala_height_r,nose,nose_ala_height,moderate_candidate,14,942,0.0713758920869518,0.0703782153986343,0.0646525145080057,0.064345092646391,1.2650731423689567,0.583923461245775,1.9070073329914867,0.0069568866445743,0.5562632696390658,0.5562632696390659,1.0,1.2650731423689567,0.583923461245775,1.9070073329914867,0.0068895619351107,True,True,0.0,True,True,12.825073142368957,unreviewed,TBD,TBD
112,NICOLAIDES-BARAITSER SYNDROME; NCBRS,nose_bridge_width,nose,nose_bridge_width,primary_candidate,24,942,0.0825495649419241,0.08336833301644,0.0792330153015402,0.0789639324344417,0.9916669165101056,0.5158980187805338,1.4717122808799126,0.0020520546373052,0.4754953998584572,0.4754953998584572,1.0,0.926622150961022,0.427593402741088,1.4111702839379796,0.0039378525249913,True,True,0.06504476554908367,True,True,12.821577385411938,unreviewed,TBD,TBD
113,NIJMEGEN BREAKAGE SYNDROME; NBS,cupid_bow_drop,philtrum / mouth / lips,cupid_bow_drop,moderate_candidate,10,942,0.0299644472399663,0.0300079776146271,0.0224997328687181,0.0223695233020609,1.408294369997688,0.6810869158952166,2.019719116825157,0.0049792421871801,0.678556263269639,0.6785562632696391,1.0,1.408294369997688,0.6810869158952166,2.019719116825157,0.0049247249369555,True,True,0.0,True,True,12.808294369997688,unreviewed,TBD,TBD
114,Rubinstein-Taybi syndrome,forehead_height,forehead,forehead_height,primary_candidate,24,942,0.2026787778996982,0.2010718035751435,0.1840860182165468,0.1856654674292423,0.94124501204191,0.5558048904823462,1.3164507841417163,0.0013205319716341,0.4919497523000707,0.4919497523000709,1.0,0.9892979080447624,0.5782836778488467,1.3794406023302883,0.0006222006559593,True,True,0.04805289600285234,True,True,12.805139220036207,unreviewed,TBD,TBD
115,Rubinstein-Taybi syndrome,hairline_height,forehead,hairline_height,primary_candidate,24,942,0.2026787778996982,0.2010718035751435,0.1840860182165468,0.1856654674292423,0.94124501204191,0.5723947554622496,1.3799796796233,0.0013205319716341,0.4919497523000707,0.4919497523000709,1.0,0.9892979080447624,0.6205907568162128,1.4248130703126605,0.0006222006559593,True,True,0.04805289600285234,True,True,12.805139220036207,unreviewed,TBD,TBD
116,MOWAT-WILSON SYNDROME; MOWS,inter_pupillary_distance,ocular position / iris / gaze,inter_pupillary_distance,moderate_candidate,15,942,0.4836620528474454,0.4813450184904327,0.4549316656552766,0.4546033363292034,1.190998636724411,0.4939006613249599,1.8578733832436485,0.0068352190781509,0.5392781316348195,0.5392781316348196,1.0,1.190998636724411,0.4939006613249599,1.8578733832436485,0.0067452819850174,True,True,0.0,True,True,12.79099863672441,unreviewed,TBD,TBD
117,NIJMEGEN BREAKAGE SYNDROME; NBS,philtrum_width,philtrum / mouth / lips,philtrum_width,moderate_candidate,10,942,0.2793941201251496,0.279897827384723,0.3008337242395867,0.2986240588266514,-1.3871799690482185,-1.6011773560870064,-1.2011350367009292,8.433674376838263e-05,-0.8898089171974523,-0.8898089171974523,1.0,-1.3871799690482185,-1.6011773560870064,-1.2011350367009292,7.682158838308122e-05,True,True,0.0,True,True,12.78717996904822,unreviewed,TBD,TBD
118,"MANNOSIDOSIS, ALPHA B, LYSOSOMAL; MANSA",nose_ala_height_mean,nose,nose_ala_height,moderate_candidate,14,942,0.0712722617103056,0.0699786957975924,0.0646928255067841,0.0644010786882862,1.2222673645753797,0.4937932267463399,1.9236831150157805,0.0109324738572893,0.5268425841674249,0.5268425841674249,1.0,1.2222673645753797,0.4937932267463399,1.9236831150157805,0.0106347490913823,True,True,0.0,True,True,12.78226736457538,unreviewed,TBD,TBD
119,FBXW7,forehead_height,forehead,forehead_height,moderate_candidate,10,942,0.2113433691550898,0.20864489956731,0.1840860182165468,0.1856654674292423,1.3715488380310348,0.406472347788218,2.237316632145,0.0068352190781509,0.6588110403397027,0.6588110403397027,0.998,1.3715488380310348,0.406472347788218,2.237316632145,0.0067452819850174,True,True,0.0,True,True,12.769548838031035,unreviewed,TBD,TBD
120,FBXW7,hairline_height,forehead,hairline_height,moderate_candidate,10,942,0.2113433691550898,0.20864489956731,0.1840860182165468,0.1856654674292423,1.3715488380310348,0.3660832519062842,2.1862377161941926,0.0068352190781509,0.6588110403397027,0.6588110403397027,0.994,1.3715488380310348,0.3660832519062842,2.1862377161941926,0.0067452819850174,True,True,0.0,True,True,12.765548838031036,unreviewed,TBD,TBD
121,MOWAT-WILSON SYNDROME; MOWS,nose_bridge_width,nose,nose_bridge_width,moderate_candidate,15,942,0.0831236633757305,0.0831432707105597,0.0792330153015402,0.0789639324344417,1.1636465834574408,0.6468349140129602,1.7448565813666266,0.0041304952244911,0.564897381457891,0.564897381457891,1.0,1.1636465834574408,0.6468349140129602,1.7448565813666266,0.0040826516504623,True,True,0.0,True,True,12.76364658345744,unreviewed,TBD,TBD
122,Meier-Gorlin syndrome,chin_width,chin / jaw,chin_width,moderate_candidate,10,942,0.3000481181857487,0.3010383312530417,0.3263222865223431,0.3239064525203807,-1.3605031915406611,-1.7005998311554222,-1.07544459127612,0.0004731195895304,-0.8101910828025478,-0.8101910828025478,1.0,-1.3605031915406611,-1.7005998311554222,-1.07544459127612,0.0004339648648796,True,True,0.0,True,True,12.76050319154066,unreviewed,TBD,TBD
123,NICOLAIDES-BARAITSER SYNDROME; NCBRS,eb_thickness_r,eyebrows,eb_thickness,primary_candidate,24,942,0.017175457688999,0.017261725329418,0.0150932583810383,0.014768934739781,0.8196582917136317,0.4311469796325264,1.2164968101400004,0.004402863409722,0.4460368011323425,0.4460368011323425,1.0,0.8079408207108805,0.4213891961974803,1.2046550925444577,0.0053618685058962,True,True,0.011717471002751223,True,True,12.75622334970813,unreviewed,TBD,TBD
124,Rubinstein-Taybi syndrome,mouth_corner_drop,philtrum / mouth / lips,mouth_corner_drop,primary_candidate,24,942,0.0621751123569232,0.0528298678520864,0.1481841407468349,0.140072573395359,-0.8618204436456097,-1.2902561415537357,-0.4378854331903727,0.0044119558899889,-0.445859872611465,-0.445859872611465,1.0,-0.8971039855202637,-1.3186281012938248,-0.479429586877735,0.0024425450294359,True,True,0.03528354187465399,True,True,12.751253359896301,unreviewed,TBD,TBD
125,Kleefstra syndrome,chin_pointedness_angle,chin / jaw,chin_pointedness_angle,moderate_candidate,13,942,157.98138742027228,158.54668069957964,151.72734318676052,151.8780219730048,1.276244128991623,0.8366942638641328,1.733688766459026,0.000848977550129,0.6864282214600685,0.6864282214600685,1.0,1.2535267748090877,0.8257968950990694,1.731479232412484,0.0008500561485124,True,True,0.0227173541825354,True,True,12.750809420626553,unreviewed,TBD,TBD
126,NIJMEGEN BREAKAGE SYNDROME; NBS,philtrum_length,philtrum / mouth / lips,philtrum_length,moderate_candidate,10,942,0.3503599811158041,0.3390639650311573,0.2848302841731749,0.2838415889614529,1.3464782249293528,0.8860682137385987,1.8334095341436472,0.0033899951812258,0.7010615711252653,0.7010615711252655,1.0,1.3464782249293528,0.8860682137385987,1.8334095341436472,0.0034464951009129,True,True,0.0,True,True,12.746478224929353,unreviewed,TBD,TBD
127,NEURODEVELOPMENTAL DISORDER WITH SEVERE MOTOR IMPAIRMENT AND ABSENT LANGUAGE; NEDMIAL,face_triangularity,global face shape / proportions,face_triangularity,moderate_candidate,11,942,0.599959081787611,0.5987307626259664,0.5543925309280083,0.5577225634872556,1.3510412212644023,0.6315141715346955,2.0416344629024414,0.0130162717875302,0.5809689249179695,0.5809689249179695,1.0,1.377443279423072,0.6668655184611639,2.057632761544671,0.0093411315785163,True,True,0.026402058158669695,True,True,12.738237104947062,unreviewed,TBD,TBD
128,NEURODEVELOPMENTAL DISORDER WITH SEVERE MOTOR IMPAIRMENT AND ABSENT LANGUAGE; NEDMIAL,hairline_height,forehead,hairline_height,moderate_candidate,11,942,0.2116285566449803,0.2087435700505293,0.1840860182165468,0.1856654674292423,1.383679215457013,0.4022678346840168,2.211435803944517,0.0207108154214276,0.5469986489094769,0.5469986489094769,1.0,1.338873417270064,0.4590067206667075,2.1147343185953167,0.0423891292583541,True,True,0.044805798186948964,True,True,12.734067619083115,unreviewed,TBD,TBD
129,NEURODEVELOPMENTAL DISORDER WITH SEVERE MOTOR IMPAIRMENT AND ABSENT LANGUAGE; NEDMIAL,forehead_height,forehead,forehead_height,moderate_candidate,11,942,0.2116285566449803,0.2087435700505293,0.1840860182165468,0.1856654674292423,1.383679215457013,0.435946456020834,2.204934081614913,0.0207108154214276,0.5469986489094769,0.5469986489094769,0.998,1.338873417270064,0.458090348844164,2.1596063936297796,0.0423891292583541,True,True,0.044805798186948964,True,True,12.732067619083114,unreviewed,TBD,TBD
130,Holoprosencephaly,face_width_uniformity,global face shape / proportions,face_width_uniformity,moderate_candidate,11,942,0.7451700860424424,0.7431651409081473,0.7637602809050882,0.7632446171326059,-1.2895109879727678,-2.0509481076144684,-0.5276144809559288,0.0153946824459349,-0.5680370584829183,-0.5680370584829184,1.0,-1.2895109879727678,-2.0509481076144684,-0.5276144809559288,0.0154596389119515,True,True,0.0,True,True,12.729510987972768,unreviewed,TBD,TBD
131,NEURODEVELOPMENTAL DISORDER WITH SEVERE MOTOR IMPAIRMENT AND ABSENT LANGUAGE; NEDMIAL,chin_height,chin / jaw,chin_height,moderate_candidate,11,942,0.1287920061407864,0.1286467453846769,0.176382523906743,0.1763056592284836,-1.3521324796163838,-1.753649569954393,-0.9341122611512696,0.0010895573098839,-0.7311329859100559,-0.7311329859100559,1.0,-1.3206220887710765,-1.6197241510068785,-1.0268321932011826,0.0004737928500259,True,True,0.03151039084530738,True,True,12.729111697925768,unreviewed,TBD,TBD
132,"MANNOSIDOSIS, ALPHA B, LYSOSOMAL; MANSA",nose_ala_height_l,nose,nose_ala_height,moderate_candidate,14,942,0.0711686313336594,0.0695791761965506,0.0647331365055625,0.0645101186649806,1.1654459515513902,0.4688919243582992,1.9350061492676636,0.017556905560509,0.4960570215347285,0.4960570215347286,1.0,1.1654459515513902,0.4688919243582992,1.9350061492676636,0.0175922313262243,True,True,0.0,True,True,12.725445951551391,unreviewed,TBD,TBD
133,Rubinstein-Taybi syndrome,mouth_triangularity,philtrum / mouth / lips,mouth_triangularity,primary_candidate,24,942,0.0892560467574923,0.0786027422203117,0.170683873615553,0.1632606737885594,-0.8252535676252875,-1.199008327915559,-0.4566026890304794,0.0069378939612752,-0.4275477707006369,-0.427547770700637,1.0,-0.8578604903394152,-1.2301463928989265,-0.4620941184550318,0.0040826516504623,True,True,0.032606922714127795,True,True,12.720039722197033,unreviewed,TBD,TBD
134,NICOLAIDES-BARAITSER SYNDROME; NCBRS,philtrum_width,philtrum / mouth / lips,philtrum_width,primary_candidate,24,942,0.2874613429971959,0.2855099180241123,0.3008337242395867,0.2986240588266514,-0.8675039879356212,-1.1227194041429838,-0.6048824568671365,0.0001710760890246,-0.557855626326964,-0.5578556263269638,1.0,-0.8110388500836933,-1.0789988287504246,-0.5643464034310998,0.0006959566005764,True,True,0.05646513785192797,True,True,12.714573712231765,unreviewed,TBD,TBD
135,Rubinstein-Taybi syndrome,cupid_bow_drop,philtrum / mouth / lips,cupid_bow_drop,primary_candidate,24,942,0.027080934400569,0.0282640790526502,0.0224997328687181,0.0223695233020609,0.8672472889258721,0.5024952087093744,1.220284200693191,0.0018151112921417,0.4806263269639065,0.4806263269639066,1.0,0.92432355009497,0.5586159282919414,1.287006870809155,0.0007409702876563,True,True,0.05707626116909792,True,True,12.713094766587677,unreviewed,TBD,TBD
136,Rubinstein-Taybi syndrome,mouth_tenting,philtrum / mouth / lips,mouth_tenting,primary_candidate,24,942,0.3040882244369654,0.2730872268840325,0.5588427460691084,0.5457547151882686,-0.826935678762206,-1.2830936583861232,-0.3742008889975007,0.0091054766929931,-0.4131280962491153,-0.4131280962491154,1.0,-0.8641223817015488,-1.3210008735781948,-0.418447716349324,0.0054394078854352,True,True,0.037186702939342786,True,True,12.712562272883522,unreviewed,TBD,TBD
137,"CONGENITAL HEART DEFECTS, DYSMORPHIC FACIAL FEATURES, AND INTELLECTUAL DEVELOPMENTAL DISORDER; CHDFIDD",cupid_bow_drop,philtrum / mouth / lips,cupid_bow_drop,moderate_candidate,15,942,0.0283410538581376,0.027735708739334,0.0224997328687181,0.0223695233020609,1.103886641905038,0.6774081308011087,1.6216722793004474,0.0041294620350794,0.5653220099079972,0.5653220099079972,1.0,1.103886641905038,0.6774081308011087,1.6216722793004474,0.0040826516504623,True,True,0.0,True,True,12.703886641905038,unreviewed,TBD,TBD
138,WIEDEMANN-STEINER SYNDROME; WDSTS,nose_ala_height_r,nose,nose_ala_height,moderate_candidate,14,942,0.0706184945576726,0.0703727793564586,0.0646525145080057,0.064345092646391,1.1288201297279097,0.6187012653970055,1.6915133574214862,0.0050450390629054,0.5740066727327874,0.5740066727327875,1.0,1.1288201297279097,0.6187012653970055,1.6915133574214862,0.004990191649062,True,True,0.0,True,True,12.68882012972791,unreviewed,TBD,TBD
139,AU-KLINE SYNDROME; AUKS,lower_vermilion_height,philtrum / mouth / lips,lower_vermilion_height,moderate_candidate,11,942,0.2438342144871179,0.2346944257604437,0.1861833039807827,0.1797268633289941,1.238618659804573,0.7281390137614725,1.8306391377921556,0.0052032583751844,0.6438911407064273,0.6438911407064274,1.0,1.238618659804573,0.7281390137614725,1.8306391377921556,0.0052219080467801,True,True,0.0,True,True,12.678618659804572,unreviewed,TBD,TBD
140,"CONGENITAL HEART DEFECTS, DYSMORPHIC FACIAL FEATURES, AND INTELLECTUAL DEVELOPMENTAL DISORDER; CHDFIDD",forehead_height,forehead,forehead_height,moderate_candidate,15,942,0.205376645028895,0.2069704384346882,0.1840860182165468,0.1856654674292423,1.077685389638554,0.5987653196311582,1.5555358918248652,0.0033580272706211,0.5745222929936306,0.5745222929936307,1.0,1.077685389638554,0.5987653196311582,1.5555358918248652,0.0034031347940766,True,True,0.0,True,True,12.677685389638555,unreviewed,TBD,TBD
141,"CONGENITAL HEART DEFECTS, DYSMORPHIC FACIAL FEATURES, AND INTELLECTUAL DEVELOPMENTAL DISORDER; CHDFIDD",hairline_height,forehead,hairline_height,moderate_candidate,15,942,0.205376645028895,0.2069704384346882,0.1840860182165468,0.1856654674292423,1.077685389638554,0.5906648464613082,1.530256374480667,0.0033580272706211,0.5745222929936306,0.5745222929936307,1.0,1.077685389638554,0.5906648464613082,1.530256374480667,0.0034031347940766,True,True,0.0,True,True,12.677685389638555,unreviewed,TBD,TBD
142,CEBALID SYNDROME; CEBALID,inter_canthal_distance,eyes / orbital dimensions,inter_canthal_distance,moderate_candidate,12,942,0.2708583395699032,0.2723939029337967,0.2519552872906554,0.2512061827354069,1.1960277846778014,0.6782322311402874,1.7747474020339342,0.0067200395953032,0.6033262561924982,0.6033262561924981,1.0,1.1960277846778014,0.6782322311402874,1.7747474020339342,0.006674938658422,True,True,0.0,True,True,12.676027784677801,unreviewed,TBD,TBD
143,WIEDEMANN-STEINER SYNDROME; WDSTS,eb_inter_distance,eyebrows,eb_inter_distance,moderate_candidate,14,942,0.2087183888285002,0.2071042172190225,0.1950117598059135,0.1945834924052124,1.1125205350778928,0.6884295990415591,1.5494244413686826,0.0029082349247273,0.602669093114953,0.602669093114953,1.0,1.1125205350778928,0.6884295990415591,1.5494244413686826,0.0028826117095315,True,True,0.0,True,True,12.672520535077894,unreviewed,TBD,TBD
144,"INTELLECTUAL DEVELOPMENTAL DISORDER, AUTOSOMAL DOMINANT 5; MRD5",jaw_to_forehead_ratio,chin / jaw,jaw_to_forehead_ratio,moderate_candidate,12,942,1.0109381342950297,0.9875958079996972,1.084235035651304,1.0820499752326038,-1.1892095015207482,-1.7027775530228528,-0.6856084662583604,0.0074079406754142,-0.5958952583156405,-0.5958952583156405,1.0,-1.1892095015207482,-1.7027775530228528,-0.6856084662583604,0.0073114551750832,True,True,0.0,True,True,12.669209501520749,unreviewed,TBD,TBD
145,"CONGENITAL HEART DEFECTS, DYSMORPHIC FACIAL FEATURES, AND INTELLECTUAL DEVELOPMENTAL DISORDER; CHDFIDD",malar_bulge_mean,cheeks / malar region,malar_bulge,moderate_candidate,15,942,0.0336156418939801,0.034419518836249,0.0412305950089593,0.0416614638437925,-1.0653790108653642,-1.669047992307391,-0.5193014017522104,0.0165485219850701,-0.4826610049539986,-0.4826610049539985,1.0,-1.0653790108653642,-1.669047992307391,-0.5193014017522104,0.0166844441368981,True,True,0.0,True,True,12.665379010865363,unreviewed,TBD,TBD
146,"INTELLECTUAL DEVELOPMENTAL DISORDER, X-LINKED, SYNDROMIC, SNIJDERS BLOK TYPE; MRXSSB",cupid_bow_drop,philtrum / mouth / lips,cupid_bow_drop,moderate_candidate,13,942,0.0285498500894961,0.0280774642238996,0.0224997328687181,0.0223695233020609,1.1450024616213108,0.7289761866972637,1.5830704404149736,0.0028092798681783,0.6269802384452066,0.6269802384452066,1.0,1.1450024616213108,0.7289761866972637,1.5830704404149736,0.0027718228032692,True,True,0.0,True,True,12.66500246162131,unreviewed,TBD,TBD
147,"INTELLECTUAL DEVELOPMENTAL DISORDER, X-LINKED, SYNDROMIC, SNIJDERS BLOK TYPE; MRXSSB",philtrum_width,philtrum / mouth / lips,philtrum_width,moderate_candidate,13,942,0.2832549308692127,0.2832047277652285,0.3008337242395867,0.2986240588266514,-1.1366706725430675,-1.475117454116948,-0.7383627714226928,0.0004555494542819,-0.7135391148130001,-0.7135391148130001,1.0,-1.1366706725430675,-1.475117454116948,-0.7383627714226928,0.0004173215280484,True,True,0.0,True,True,12.656670672543067,unreviewed,TBD,TBD
148,"MANNOSIDOSIS, ALPHA B, LYSOSOMAL; MANSA",forehead_width_mid,forehead,forehead_width_mid,moderate_candidate,14,942,0.9005913288969234,0.9000743214969877,0.8717933457632211,0.8709651266071212,1.081751794340617,0.5354368362666516,1.6256592310829434,0.0095135593223638,0.5359417652411284,0.5359417652411282,1.0,1.081751794340617,0.5354368362666516,1.6256592310829434,0.0092367097124537,True,True,0.0,True,True,12.641751794340617,unreviewed,TBD,TBD
149,NEURODEVELOPMENTAL DISORDER WITH SEVERE MOTOR IMPAIRMENT AND ABSENT LANGUAGE; NEDMIAL,jaw_bigonial_width,chin / jaw,jaw_bigonial_width,moderate_candidate,11,942,0.7592900142130712,0.7496451245502449,0.7939531567265726,0.7939190905288416,-1.3697449181767414,-1.9814520904932704,-0.5952053063614847,0.0031592087326709,-0.6738081451457247,-0.6738081451457247,1.0,-1.4549211327585505,-1.947361957365171,-0.9741970205760032,0.0008500561485124,True,True,0.08517621458180913,True,True,12.639392489013122,unreviewed,TBD,TBD
150,CEBALID SYNDROME; CEBALID,outer_canthal_distance,eyes / orbital dimensions,outer_canthal_distance,moderate_candidate,12,942,0.680809954723767,0.6816407859870734,0.646208071321148,0.6447895676793544,1.1593705458874708,0.6733573152196617,1.6373383528925651,0.0038683597401557,0.6346426043878273,0.6346426043878273,1.0,1.1593705458874708,0.6733573152196617,1.6373383528925651,0.0038840847797498,True,True,0.0,True,True,12.639370545887472,unreviewed,TBD,TBD
151,FBXW7,forehead_width_mid,forehead,forehead_width_mid,moderate_candidate,10,942,0.9046867542534234,0.9103498845364946,0.8717933457632211,0.8709651266071212,1.2344030255535692,0.4005342851238412,2.022857886761223,0.0345525770993414,0.5320594479830149,0.532059447983015,1.0,1.2344030255535692,0.4005342851238412,2.022857886761223,0.0344162134931887,True,True,0.0,True,True,12.634403025553569,unreviewed,TBD,TBD
152,Coffin-Siris syndrome,iris_offset_y_l,ocular position / iris / gaze,iris_offset_y,primary_candidate,43,942,-0.0794324187325119,-0.0770397454966412,-0.0526445182230983,-0.0555630197502648,-0.9146000198555984,-1.116021445892707,-0.6859024631037524,3.933026486537669e-07,-0.5407593936700735,-0.5407593936700736,1.0,-0.9102988009075764,-1.1172133489374176,-0.6936010035487441,9.367849796053912e-07,True,True,0.004301218948021934,True,False,12.625997581959554,unreviewed,TBD,TBD
153,"INTELLECTUAL DEVELOPMENTAL DISORDER, X-LINKED, SYNDROMIC, SNIJDERS BLOK TYPE; MRXSSB",face_aspect_ratio,global face shape / proportions,face_aspect_ratio,moderate_candidate,13,942,0.8559532805717983,0.8541751990439985,0.9118919075650824,0.9107374094176942,-1.1049298459986625,-1.5449621772960278,-0.6446022490633544,0.0041304952244911,-0.6062387718438674,-0.6062387718438673,1.0,-1.1049298459986625,-1.5449621772960278,-0.6446022490633544,0.0040826516504623,True,True,0.0,True,True,12.624929845998661,unreviewed,TBD,TBD
154,WIEDEMANN-STEINER SYNDROME; WDSTS,nose_ala_height_mean,nose,nose_ala_height,moderate_candidate,14,942,0.0703887646418669,0.0701113069175171,0.0646928255067841,0.0644010786882862,1.0644441680103676,0.5425644017398854,1.6279404068205436,0.0085958130853778,0.5427661510464058,0.5427661510464059,1.0,1.0644441680103676,0.5425644017398854,1.6279404068205436,0.0083772754645631,True,True,0.0,True,True,12.624444168010369,unreviewed,TBD,TBD
155,Hutchinson-Gilford progeria,face_triangularity,global face shape / proportions,face_triangularity,moderate_candidate,14,942,0.5945434670384016,0.5927443136978535,0.5543925309280083,0.5577225634872556,1.1930683834553142,0.611149780253774,1.6856412194951529,0.0020520546373052,0.6191992720655141,0.6191992720655142,1.0,1.2613105976242929,0.8195854231980245,1.652645361992216,0.0008888929780589,True,True,0.06824221416897869,True,True,12.616583955117356,unreviewed,TBD,TBD
156,"MANNOSIDOSIS, ALPHA B, LYSOSOMAL; MANSA",forehead_width_upper,forehead,forehead_width_upper,moderate_candidate,14,942,0.7617677778909915,0.7623070030519852,0.7335674050836118,0.7333062338376494,1.0523559368868034,0.4706193041663726,1.6764000913241823,0.0153946824459349,0.5039429784652715,0.5039429784652714,1.0,1.0523559368868034,0.4706193041663726,1.6764000913241823,0.0154596389119515,True,True,0.0,True,True,12.612355936886804,unreviewed,TBD,TBD
157,AU-KLINE SYNDROME; AUKS,eb_thickness_l,eyebrows,eb_thickness,moderate_candidate,11,942,0.018481342562687,0.0175814939346587,0.0153937928030933,0.01521265454529,1.1707339266571517,0.6478408239178965,1.7226129829432535,0.0050450390629054,0.646400308820691,0.6464003088206909,1.0,1.1707339266571517,0.6478408239178965,1.7226129829432535,0.0049902016817869,True,True,0.0,True,True,12.61073392665715,unreviewed,TBD,TBD
158,"MANNOSIDOSIS, ALPHA B, LYSOSOMAL; MANSA",inter_canthal_distance,eyes / orbital dimensions,inter_canthal_distance,moderate_candidate,14,942,0.2685817279149274,0.2639953457835477,0.2519552872906554,0.2512061827354069,1.0479111716238474,0.4210174020487405,1.6574786448350944,0.0229570400310029,0.4793751895662723,0.4793751895662723,1.0,1.0479111716238474,0.4210174020487405,1.6574786448350944,0.0227909854918998,True,True,0.0,True,True,12.607911171623847,unreviewed,TBD,TBD
159,RAHMAN SYNDROME; RMNS,chin_pointedness_angle,chin / jaw,chin_pointedness_angle,moderate_candidate,11,942,157.48632003852268,157.9915364797117,151.72734318676052,151.8780219730048,1.1676716630126598,0.4409495507427918,1.9807291378636511,0.0329405765654248,0.5118702953097858,0.5118702953097858,1.0,1.1676716630126598,0.4409495507427918,1.9807291378636511,0.0329290824809729,True,True,0.0,True,True,12.60767166301266,unreviewed,TBD,TBD
160,AU-KLINE SYNDROME; AUKS,mouth_triangularity,philtrum / mouth / lips,mouth_triangularity,moderate_candidate,11,942,0.2858339283902205,0.2724304006987202,0.170683873615553,0.1632606737885594,1.1658458851724751,0.4700472539179023,1.866261160141004,0.0199327106650872,0.5500868558193399,0.5500868558193399,1.0,1.1658458851724751,0.4700472539179023,1.866261160141004,0.0199090294754472,True,True,0.0,True,True,12.605845885172474,unreviewed,TBD,TBD
161,WIEDEMANN-STEINER SYNDROME; WDSTS,eb_thickness_mean,eyebrows,eb_thickness,moderate_candidate,14,942,0.0170811544072892,0.0172334498747981,0.0152435255920658,0.0152085555704443,1.047821185892848,0.2884071633623212,1.7319985861631837,0.0311677429185508,0.4587503791325447,0.4587503791325447,0.996,1.047821185892848,0.2884071633623212,1.7319985861631837,0.0309026086651886,True,True,0.0,True,True,12.60382118589285,unreviewed,TBD,TBD
162,MOWAT-WILSON SYNDROME; MOWS,nose_tip_midline_dent,nose,nose_tip_midline_dent,moderate_candidate,15,942,0.0440341666649757,0.0444357335826536,0.0408433944974591,0.0407891897317018,1.003207007087905,0.3571541546074683,1.66440586862157,0.0439758403349374,0.4175513092710545,0.4175513092710545,1.0,1.003207007087905,0.3571541546074683,1.66440586862157,0.0433516671172802,True,True,0.0,True,True,12.603207007087905,unreviewed,TBD,TBD
163,AU-KLINE SYNDROME; AUKS,lower_lip_eversion,philtrum / mouth / lips,lower_lip_eversion,moderate_candidate,11,942,0.1570517234184173,0.145717781250401,0.1195656458365046,0.1155383630698183,1.1618818161645912,0.6795381758248141,1.6295426352802171,0.0082139140877742,0.6157112526539278,0.6157112526539279,1.0,1.1618818161645912,0.6795381758248141,1.6295426352802171,0.0080427908776122,True,True,0.0,True,True,12.60188181616459,unreviewed,TBD,TBD
164,MOWAT-WILSON SYNDROME; MOWS,inter_canthal_distance,eyes / orbital dimensions,inter_canthal_distance,moderate_candidate,15,942,0.2678279171573395,0.267266238931536,0.2519552872906554,0.2512061827354069,1.0014511577288634,0.4114434854612744,1.6266496860409498,0.0128201900273823,0.4995046001415428,0.4995046001415428,1.0,1.0014511577288634,0.4114434854612744,1.6266496860409498,0.0127508316052826,True,True,0.0,True,True,12.601451157728864,unreviewed,TBD,TBD
165,CLARK-BARAITSER SYNDROME; CLABARS,philtrum_width,philtrum / mouth / lips,philtrum_width,moderate_candidate,13,942,0.2841007555966675,0.2858820978106693,0.3008337242395867,0.2986240588266514,-1.0796543465417885,-1.5646189597166835,-0.6330576931414699,0.0053807751415499,-0.5913767760901519,-0.5913767760901518,1.0,-1.0796543465417885,-1.5646189597166835,-0.6330576931414699,0.0053618685058962,True,True,0.0,True,True,12.599654346541788,unreviewed,TBD,TBD
166,"MANNOSIDOSIS, ALPHA B, LYSOSOMAL; MANSA",eye_fissure_length_mean,eyes / orbital dimensions,eye_fissure_length,moderate_candidate,14,942,0.2112950961384309,0.2122864957718516,0.1980201839698835,0.1977349209832613,1.038589409284777,0.5613264004512242,1.5449117735756055,0.0085935332961194,0.5430694570821959,0.5430694570821959,1.0,1.038589409284777,0.5613264004512242,1.5449117735756055,0.0083636116213729,True,True,0.0,True,True,12.598589409284777,unreviewed,TBD,TBD
167,NIJMEGEN BREAKAGE SYNDROME; NBS,chin_width,chin / jaw,chin_width,moderate_candidate,10,942,0.3032009964796353,0.3016664496310102,0.3263222865223431,0.3239064525203807,-1.1971297416412834,-1.5339645025603057,-0.8611617768126115,0.0023930849369146,-0.7222929936305732,-0.7222929936305733,1.0,-1.1971297416412834,-1.5339645025603057,-0.8611617768126115,0.0023820058399844,True,True,0.0,True,True,12.597129741641284,unreviewed,TBD,TBD
168,FLOATING-HARBOR SYNDROME; FLHS,chin_width,chin / jaw,chin_width,moderate_candidate,15,942,0.305415771594221,0.3081087494508222,0.3263222865223431,0.3239064525203807,-1.0823745973693912,-1.4827126345028967,-0.7537180713067619,0.0013880933852428,-0.6168435951875443,-0.6168435951875442,1.0,-1.1256167912708492,-1.608076169376481,-0.7765578933424394,0.0013223415933103,True,True,0.043242193901458004,True,True,12.595890209566475,unreviewed,TBD,TBD
169,Kleefstra syndrome,nose_tip_midline_dent,nose,nose_tip_midline_dent,moderate_candidate,13,942,0.0373826538667434,0.0373293509324916,0.0408433944974591,0.0407891897317018,-1.0937596676506571,-1.6716042529936506,-0.4983537985497169,0.0127279227786246,-0.5365017148456639,-0.5365017148456639,1.0,-1.1028097465040292,-1.6844693110397588,-0.5200955598389343,0.0116280428109344,True,True,0.009050078853372057,True,True,12.595659509943912,unreviewed,TBD,TBD
170,AU-KLINE SYNDROME; AUKS,vermilion_total,philtrum / mouth / lips,vermilion_total,moderate_candidate,11,942,0.3881825740266065,0.3735083435679486,0.2972273166996332,0.2866296663218818,1.1508563032402643,0.5908097733601823,1.6758234610411424,0.0085935332961194,0.6120440069484655,0.6120440069484656,1.0,1.1508563032402643,0.5908097733601823,1.6758234610411424,0.0083286737286093,True,True,0.0,True,True,12.590856303240264,unreviewed,TBD,TBD
171,AU-KLINE SYNDROME; AUKS,mouth_tenting,philtrum / mouth / lips,mouth_tenting,moderate_candidate,11,942,0.9121115590166516,0.8896042838831267,0.5588427460691084,0.5457547151882686,1.1499048728550314,0.5724256739034563,1.7205297011154463,0.0155525662312347,0.5662999420961204,0.5662999420961203,1.0,1.1499048728550314,0.5724256739034563,1.7205297011154463,0.015747786727861,True,True,0.0,True,True,12.589904872855032,unreviewed,TBD,TBD
172,"CONGENITAL HEART DEFECTS, DYSMORPHIC FACIAL FEATURES, AND INTELLECTUAL DEVELOPMENTAL DISORDER; CHDFIDD",face_triangularity,global face shape / proportions,face_triangularity,moderate_candidate,15,942,0.5876015348934868,0.5940167893349216,0.5543925309280083,0.5577225634872556,0.9871347129124608,0.5164620416197264,1.45881514338684,0.0087363124408926,0.5227176220806794,0.5227176220806795,1.0,0.9871347129124608,0.5164620416197264,1.45881514338684,0.008497615379666,True,True,0.0,True,True,12.58713471291246,unreviewed,TBD,TBD
173,Kleefstra syndrome,face_aspect_ratio,global face shape / proportions,face_aspect_ratio,moderate_candidate,13,942,0.9720497506752588,0.9805652284151494,0.9118919075650824,0.9107374094176942,1.1823360039368132,0.5575746638912835,1.782694688285357,0.0125260402055111,0.5376449452882573,0.5376449452882575,1.0,1.12377352664808,0.4701905909650615,1.7699790217783449,0.0256373680941569,True,True,0.058562477288733206,True,True,12.585211049359346,unreviewed,TBD,TBD
174,"INTELLECTUAL DEVELOPMENTAL DISORDER, AUTOSOMAL DOMINANT 5; MRD5",jaw_bigonial_width,chin / jaw,jaw_bigonial_width,moderate_candidate,12,942,0.7661184667755779,0.767169308132224,0.7939531567265726,0.7939190905288416,-1.1043403031828691,-1.5703491283724371,-0.64513135802235,0.0068534056864718,-0.6017338995046001,-0.6017338995046002,1.0,-1.1043403031828691,-1.5703491283724371,-0.64513135802235,0.0067635249561574,True,True,0.0,True,True,12.58434030318287,unreviewed,TBD,TBD
175,ANGELMAN SYNDROME; AS,mouth_width,philtrum / mouth / lips,mouth_width,moderate_candidate,18,942,0.4223596898064745,0.4362388971718781,0.3705543072014675,0.3619951794293823,0.8654864983635793,0.4605313506556093,1.266329598964489,0.0069741622322817,0.4912715263033734,0.4912715263033733,1.0,0.8642536479904362,0.4909443189066162,1.2799701878917222,0.0073114551750832,True,True,0.001232850373143024,True,True,12.583020797617293,unreviewed,TBD,TBD
176,FBXW7,face_triangularity,global face shape / proportions,face_triangularity,moderate_candidate,10,942,0.5943338484915259,0.6070066541999835,0.5543925309280083,0.5577225634872556,1.1844895221350644,0.4065629734627045,1.8807887763687965,0.0193437940777246,0.5787685774946921,0.5787685774946922,0.998,1.1844895221350644,0.4065629734627045,1.8807887763687965,0.0194571366211487,True,True,0.0,True,True,12.582489522135065,unreviewed,TBD,TBD
177,CLARK-BARAITSER SYNDROME; CLABARS,chin_pointedness_angle,chin / jaw,chin_pointedness_angle,moderate_candidate,13,942,156.93423131912525,157.1646289556016,151.72734318676052,151.8780219730048,1.0617037696829814,0.5758710209711132,1.5287823210137368,0.0086447782133997,0.5624693777560019,0.5624693777560019,1.0,1.0617037696829814,0.5758710209711132,1.5287823210137368,0.0084026275631644,True,True,0.0,True,True,12.581703769682981,unreviewed,TBD,TBD
178,Coffin-Siris syndrome,iris_offset_y_r,ocular position / iris / gaze,iris_offset_y,primary_candidate,43,942,-0.0789083049916017,-0.0769220316612566,-0.0550230110091005,-0.0581125080182181,-0.8675719332841745,-1.1195939339772305,-0.6508569340621645,2.07708984080633e-06,-0.510442897348541,-0.510442897348541,1.0,-0.8709002887106297,-1.1259090654561776,-0.6508732945519616,2.8531786630514e-06,True,True,0.003328355426455265,True,False,12.580915222431265,unreviewed,TBD,TBD
179,WIEDEMANN-STEINER SYNDROME; WDSTS,eb_thickness_r,eyebrows,eb_thickness,moderate_candidate,14,942,0.017690946009943,0.017037532765537,0.0150932583810383,0.014768934739781,1.019492023603322,0.4648148102385852,1.668926467313389,0.018522468174489,0.4925690021231422,0.4925690021231421,1.0,1.019492023603322,0.4648148102385852,1.668926467313389,0.0187429737479948,True,True,0.0,True,True,12.579492023603322,unreviewed,TBD,TBD
180,NEURODEVELOPMENTAL DISORDER WITH SEVERE MOTOR IMPAIRMENT AND ABSENT LANGUAGE; NEDMIAL,chin_width,chin / jaw,chin_width,moderate_candidate,11,942,0.3031996612457516,0.3081129256205255,0.3263222865223431,0.3239064525203807,-1.192283737543406,-1.7921163116448358,-0.5193227256227219,0.0103588788878472,-0.5969889982628837,-0.5969889982628835,1.0,-1.1644864978758254,-1.783946661412598,-0.5778553379131174,0.0197851022776072,True,True,0.027797239667580742,True,True,12.576689258208244,unreviewed,TBD,TBD
181,AU-KLINE SYNDROME; AUKS,eb_thickness_mean,eyebrows,eb_thickness,moderate_candidate,11,942,0.017219118125589,0.0172380228403976,0.0152435255920658,0.0152085555704443,1.133664743020821,0.6659409414254556,1.6616724243107126,0.0083425130887535,0.6145531750627292,0.6145531750627291,1.0,1.133664743020821,0.6659409414254556,1.6616724243107126,0.0081342513665787,True,True,0.0,True,True,12.57366474302082,unreviewed,TBD,TBD
182,"MANNOSIDOSIS, ALPHA B, LYSOSOMAL; MANSA",eye_fissure_length_r,eyes / orbital dimensions,eye_fissure_length,moderate_candidate,14,942,0.2133806194217382,0.2123663744167971,0.197349087185091,0.1965973485184808,1.0107624485987268,0.5490906042208836,1.3963156453102603,0.0043187883863647,0.5821959356991204,0.5821959356991204,1.0,1.0107624485987268,0.5490906042208836,1.3963156453102603,0.0042356038308735,True,True,0.0,True,True,12.570762448598728,unreviewed,TBD,TBD
183,Holoprosencephaly,nose_ala_height_mean,nose,nose_ala_height,moderate_candidate,11,942,0.0707152497404953,0.0704670622347439,0.0646928255067841,0.0644010786882862,1.128191553938499,0.687354020644495,1.622964900758634,0.0073452038461199,0.6230457440648524,0.6230457440648522,1.0,1.128191553938499,0.687354020644495,1.622964900758634,0.0072300752591901,True,True,0.0,True,True,12.5681915539385,unreviewed,TBD,TBD
184,Holoprosencephaly,nose_ala_height_r,nose,nose_ala_height,moderate_candidate,11,942,0.0706004891564842,0.0702967885153345,0.0646525145080057,0.064345092646391,1.1277667330897123,0.6325209467810431,1.6268641936280357,0.0084176745263436,0.613588110403397,0.6135881104033971,1.0,1.1277667330897123,0.6325209467810431,1.6268641936280357,0.0082219146536379,True,True,0.0,True,True,12.567766733089712,unreviewed,TBD,TBD
185,MOWAT-WILSON SYNDROME; MOWS,eye_fissure_length_mean,eyes / orbital dimensions,eye_fissure_length,moderate_candidate,15,942,0.2104269180935677,0.2103942329108472,0.1980201839698835,0.1977349209832613,0.9666376676445658,0.2831733208416365,1.579578053156819,0.0168291916232201,0.4816702052370842,0.4816702052370842,1.0,0.9666376676445658,0.2831733208416365,1.579578053156819,0.016897602971282,True,True,0.0,True,True,12.566637667644565,unreviewed,TBD,TBD
186,"MANNOSIDOSIS, ALPHA B, LYSOSOMAL; MANSA",eb_thickness_r,eyebrows,eb_thickness,moderate_candidate,14,942,0.0176568571848304,0.0178755631863639,0.0150932583810383,0.014768934739781,1.0038166603610517,0.3544039059866692,1.713861265168272,0.0353766228717288,0.4488929329693661,0.448892932969366,0.998,1.0038166603610517,0.3544039059866692,1.713861265168272,0.0352722670520482,True,True,0.0,True,True,12.561816660361051,unreviewed,TBD,TBD
187,Holoprosencephaly,eb_arch_mean,eyebrows,eb_arch,moderate_candidate,11,942,0.1529822716553841,0.1554683661592159,0.1317169090951904,0.1313901960009986,1.121292764348441,0.5385831460275663,1.6983343504562451,0.0103137955198791,0.598533101717815,0.598533101717815,1.0,1.121292764348441,0.5385831460275663,1.6983343504562451,0.0099269707156688,True,True,0.0,True,True,12.56129276434844,unreviewed,TBD,TBD
188,"INTELLECTUAL DEVELOPMENTAL DISORDER, X-LINKED, SYNDROMIC, SNIJDERS BLOK TYPE; MRXSSB",philtrum_length,philtrum / mouth / lips,philtrum_length,moderate_candidate,13,942,0.3357797085049121,0.3427717787171539,0.2848302841731749,0.2838415889614529,1.0413171067993074,0.415067903709177,1.6877267078514937,0.0228831926627564,0.4976318797974849,0.4976318797974848,0.998,1.0413171067993074,0.415067903709177,1.6877267078514937,0.0226755411866878,True,True,0.0,True,True,12.559317106799305,unreviewed,TBD,TBD
189,"INTELLECTUAL DEVELOPMENTAL DISORDER, X-LINKED, SYNDROMIC, SNIJDERS BLOK TYPE; MRXSSB",nose_tip_midline_dent,nose,nose_tip_midline_dent,moderate_candidate,13,942,0.0441210643600071,0.0430895236111214,0.0408433944974591,0.0407891897317018,1.0380640019589682,0.5980722041284924,1.6563792543509366,0.009421820891072,0.556426588273722,0.556426588273722,1.0,1.0380640019589682,0.5980722041284924,1.6563792543509366,0.0091469136502184,True,True,0.0,True,True,12.558064001958968,unreviewed,TBD,TBD
190,Holoprosencephaly,nose_ala_height_l,nose,nose_ala_height,moderate_candidate,11,942,0.0708300103245063,0.0706373359541533,0.0647331365055625,0.0645101186649806,1.1139193625837558,0.7068640297606468,1.5671097767289717,0.0072998801153458,0.6236247828604516,0.6236247828604518,1.0,1.1139193625837558,0.7068640297606468,1.5671097767289717,0.0072300752591901,True,True,0.0,True,True,12.553919362583756,unreviewed,TBD,TBD
191,AU-KLINE SYNDROME; AUKS,mouth_corner_drop,philtrum / mouth / lips,mouth_corner_drop,moderate_candidate,11,942,0.2591124491798882,0.2415376269515884,0.1481841407468349,0.140072573395359,1.110002582346263,0.441546699860361,1.8114241513381528,0.0281255624695185,0.5251881876085698,0.5251881876085698,1.0,1.110002582346263,0.441546699860361,1.8114241513381528,0.0275677000734289,True,True,0.0,True,True,12.550002582346263,unreviewed,TBD,TBD
192,WIEDEMANN-STEINER SYNDROME; WDSTS,nose_ala_height_l,nose,nose_ala_height,moderate_candidate,14,942,0.0701590347260612,0.0700180547717382,0.0647331365055625,0.0645101186649806,0.9887006505179444,0.494792489259858,1.525980400814698,0.0137163087743452,0.5125872004852896,0.5125872004852896,1.0,0.9887006505179444,0.494792489259858,1.525980400814698,0.0135313697796349,True,True,0.0,True,True,12.548700650517945,unreviewed,TBD,TBD
193,Holoprosencephaly,eb_arch_l,eyebrows,eb_arch,moderate_candidate,11,942,0.1547587701135648,0.1588857733965913,0.1307480026338365,0.1301420480117197,1.1055241113680687,0.5991325051884826,1.6550656118680596,0.0123687037143825,0.5848291835552982,0.5848291835552981,1.0,1.1055241113680687,0.5991325051884826,1.6550656118680596,0.0121395991103844,True,True,0.0,True,True,12.545524111368069,unreviewed,TBD,TBD
194,"CONGENITAL HEART DEFECTS, DYSMORPHIC FACIAL FEATURES, AND INTELLECTUAL DEVELOPMENTAL DISORDER; CHDFIDD",eb_thickness_mean,eyebrows,eb_thickness,moderate_candidate,15,942,0.0168935324419454,0.0176170919573395,0.0152435255920658,0.0152085555704443,0.9445455917346576,0.4061560135584123,1.4609073588112025,0.0200850160285931,0.4716206652512385,0.4716206652512384,1.0,0.9445455917346576,0.4061560135584123,1.4609073588112025,0.0200082090839331,True,True,0.0,True,True,12.544545591734657,unreviewed,TBD,TBD
195,AU-KLINE SYNDROME; AUKS,eb_arch_r,eyebrows,eb_arch,moderate_candidate,11,942,0.1575421523649219,0.1528870335068695,0.1326858155565443,0.1312644777974473,1.1008926978124811,0.5484561502924404,1.7166869161601952,0.0153946824459349,0.5676510326191855,0.5676510326191855,1.0,1.1008926978124811,0.5484561502924404,1.7166869161601952,0.0154596389119515,True,True,0.0,True,True,12.540892697812481,unreviewed,TBD,TBD
196,ZTTK SYNDROME; ZTTKS,forehead_width_mid,forehead,forehead_width_mid,moderate_candidate,16,942,0.8955837998716746,0.8995327913395281,0.8717933457632211,0.8709651266071212,0.8991469930562417,0.5252349288822361,1.2681927118925167,0.0048782747437279,0.5391454352441614,0.5391454352441614,1.0,0.8991469930562417,0.5252349288822361,1.2681927118925167,0.0048602070594918,True,True,0.0,True,True,12.539146993056242,unreviewed,TBD,TBD
197,"INTELLECTUAL DEVELOPMENTAL DISORDER, AUTOSOMAL DOMINANT 5; MRD5",forehead_width_mid,forehead,forehead_width_mid,moderate_candidate,12,942,0.8997128967613562,0.9129390310395727,0.8717933457632211,0.8709651266071212,1.0508049529931185,0.435947058840423,1.5706137103320297,0.0211711955470698,0.5224699221514508,0.5224699221514508,1.0,1.0508049529931185,0.435947058840423,1.5706137103320297,0.021131770601917,True,True,0.0,True,True,12.530804952993119,unreviewed,TBD,TBD
198,"CONGENITAL HEART DEFECTS, DYSMORPHIC FACIAL FEATURES, AND INTELLECTUAL DEVELOPMENTAL DISORDER; CHDFIDD",eb_inter_distance,eyebrows,eb_inter_distance,moderate_candidate,15,942,0.2064995170532964,0.2126114455650005,0.1950117598059135,0.1945834924052124,0.9274848161566812,0.3532443435796214,1.5474287269959226,0.0336626656190306,0.4373673036093418,0.4373673036093417,1.0,0.9274848161566812,0.3532443435796214,1.5474287269959226,0.0334598784767473,True,True,0.0,True,True,12.527484816156681,unreviewed,TBD,TBD
199,FLOATING-HARBOR SYNDROME; FLHS,philtrum_width,philtrum / mouth / lips,philtrum_width,moderate_candidate,15,942,0.2860799373483924,0.2848793971708886,0.3008337242395867,0.2986240588266514,-0.9550686250405092,-1.250764115199842,-0.6909488659908922,0.0014251080562851,-0.6150035385704176,-0.6150035385704176,1.0,-0.9394003446848692,-1.2397706507020787,-0.6786214740907598,0.0014843199337158,True,True,0.01566828035563994,True,True,12.523732064329229,unreviewed,TBD,TBD
200,"INTELLECTUAL DEVELOPMENTAL DISORDER, X-LINKED, SYNDROMIC, SNIJDERS BLOK TYPE; MRXSSB",forehead_height,forehead,forehead_height,moderate_candidate,13,942,0.2038900534938707,0.2038772607495021,0.1840860182165468,0.1856654674292423,1.0032657237288638,0.5079877168147839,1.4857046307301909,0.01645636512431,0.5183733463988242,0.518373346398824,1.0,1.0032657237288638,0.5079877168147839,1.4857046307301909,0.0165579476250773,True,True,0.0,True,True,12.523265723728864,unreviewed,TBD,TBD
201,"INTELLECTUAL DEVELOPMENTAL DISORDER, X-LINKED, SYNDROMIC, SNIJDERS BLOK TYPE; MRXSSB",hairline_height,forehead,hairline_height,moderate_candidate,13,942,0.2038900534938707,0.2038772607495021,0.1840860182165468,0.1856654674292423,1.0032657237288638,0.516504882667804,1.465596783806347,0.01645636512431,0.5183733463988242,0.518373346398824,1.0,1.0032657237288638,0.516504882667804,1.465596783806347,0.0165579476250773,True,True,0.0,True,True,12.523265723728864,unreviewed,TBD,TBD
202,Meier-Gorlin syndrome,face_triangularity,global face shape / proportions,face_triangularity,moderate_candidate,10,942,0.5922251105980436,0.5928118971879957,0.5543925309280083,0.5577225634872556,1.123091769506198,0.4879604745800052,1.8525083952557304,0.0212086927725207,0.5715498938428875,0.5715498938428876,0.998,1.123091769506198,0.4879604745800052,1.8525083952557304,0.02116927141049,True,True,0.0,True,True,12.521091769506198,unreviewed,TBD,TBD
203,"INTELLECTUAL DEVELOPMENTAL DISORDER, AUTOSOMAL DOMINANT 5; MRD5",chin_height,chin / jaw,chin_height,moderate_candidate,12,942,0.1400139038841639,0.1386838938757175,0.176382523906743,0.1763056592284836,-1.034848086216671,-1.35736479133344,-0.7656947900729746,0.0025161777552529,-0.6576433121019108,-0.6576433121019108,1.0,-1.034848086216671,-1.35736479133344,-0.7656947900729746,0.0024818662404085,True,True,0.0,True,True,12.514848086216672,unreviewed,TBD,TBD
204,MOWAT-WILSON SYNDROME; MOWS,forehead_width_upper,forehead,forehead_width_upper,moderate_candidate,15,942,0.758019429868355,0.7631216505702136,0.7335674050836118,0.7333062338376494,0.9117758571820732,0.2653154071326884,1.590779905051129,0.0244548759637573,0.4598726114649681,0.459872611464968,0.998,0.9117758571820732,0.2653154071326884,1.590779905051129,0.0240235730367069,True,True,0.0,True,True,12.509775857182072,unreviewed,TBD,TBD
205,MOWAT-WILSON SYNDROME; MOWS,nostril_region_area,nose,nostril_region_area,moderate_candidate,15,942,0.0177677301024125,0.0175380356959723,0.0154232559750808,0.015282903381654,0.9059964358039077,0.293022817133762,1.5446975636814704,0.0427738724546327,0.4196744515215853,0.4196744515215853,0.998,0.9059964358039077,0.293022817133762,1.5446975636814704,0.0423891292583541,True,True,0.0,True,True,12.503996435803906,unreviewed,TBD,TBD
206,MOWAT-WILSON SYNDROME; MOWS,eb_inter_distance,eyebrows,eb_inter_distance,moderate_candidate,15,942,0.2061201792994902,0.2038321113773429,0.1950117598059135,0.1945834924052124,0.8980443749481495,0.3757542995481903,1.446474892956367,0.0262753392592001,0.4546355272469922,0.4546355272469922,1.0,0.8980443749481495,0.3757542995481903,1.446474892956367,0.0259595245059626,True,True,0.0,True,True,12.49804437494815,unreviewed,TBD,TBD
207,"Autism, susceptiblity to",nose_ala_height_r,nose,nose_ala_height,moderate_candidate,12,942,0.0699906672085881,0.0701979349544942,0.0646525145080057,0.064345092646391,1.013503545435647,0.6294615337996349,1.387159501105305,0.0071551571399691,0.5985491861288039,0.5985491861288039,1.0,1.013503545435647,0.6294615337996349,1.387159501105305,0.0071215147468492,True,True,0.0,True,True,12.493503545435647,unreviewed,TBD,TBD
208,"INTELLECTUAL DEVELOPMENTAL DISORDER, AUTOSOMAL DOMINANT 5; MRD5",face_triangularity,global face shape / proportions,face_triangularity,moderate_candidate,12,942,0.5883084814125993,0.5835748602835675,0.5543925309280083,0.5577225634872556,1.010726949111698,0.5680768585638776,1.411196794397969,0.0115882891485847,0.5640481245576787,0.5640481245576787,1.0,1.010726949111698,0.5680768585638776,1.411196794397969,0.0114765947953453,True,True,0.0,True,True,12.490726949111698,unreviewed,TBD,TBD
209,CEBALID SYNDROME; CEBALID,eb_thickness_mean,eyebrows,eb_thickness,moderate_candidate,12,942,0.0170020262317532,0.016919501541658,0.0152435255920658,0.0152085555704443,1.0093165806153168,0.5601099257676854,1.4671627586845462,0.0147543240338826,0.5474168435951875,0.5474168435951876,1.0,1.0093165806153168,0.5601099257676854,1.4671627586845462,0.0148511795527046,True,True,0.0,True,True,12.489316580615316,unreviewed,TBD,TBD
210,"Autism, susceptiblity to",nose_ala_height_mean,nose,nose_ala_height,moderate_candidate,12,942,0.0700719249986708,0.0703077038504864,0.0646928255067841,0.0644010786882862,1.0089079199316482,0.6472301950807227,1.3751853222331176,0.0069568866445743,0.6003184713375797,0.6003184713375795,1.0,1.0089079199316482,0.6472301950807227,1.3751853222331176,0.0068895619351107,True,True,0.0,True,True,12.488907919931648,unreviewed,TBD,TBD
211,NEURODEVELOPMENTAL DISORDER WITH SPASTIC DIPLEGIA AND VISUAL DEFECTS; NEDSDV,philtrum_width,philtrum / mouth / lips,philtrum_width,moderate_candidate,10,942,0.2839884666282833,0.2821971144921855,0.3008337242395867,0.2986240588266514,-1.0887881559669308,-1.3893703929038703,-0.7155333347542023,0.003187750517043,-0.7057324840764331,-0.7057324840764332,1.0,-1.0887881559669308,-1.3893703929038703,-0.7155333347542023,0.0032291498744072,True,True,0.0,True,True,12.488788155966931,unreviewed,TBD,TBD
212,Holoprosencephaly,forehead_width_mid,forehead,forehead_width_mid,moderate_candidate,11,942,0.843619692095272,0.8471429523743145,0.8717933457632211,0.8709651266071212,-1.0554235417999194,-1.7819281362939734,-0.1283739304626177,0.0449633225721508,-0.4846554719166184,-0.4846554719166184,0.99,-1.0554235417999194,-1.7819281362939734,-0.1283739304626177,0.0442767946206265,True,True,0.0,True,True,12.48542354179992,unreviewed,TBD,TBD
213,CLARK-BARAITSER SYNDROME; CLABARS,philtrum_length,philtrum / mouth / lips,philtrum_length,moderate_candidate,13,942,0.3316365165857858,0.3260484871829406,0.2848302841731749,0.2838415889614529,0.9627841557979816,0.558100959906222,1.3845702445343824,0.0087583547957463,0.5606728727747836,0.5606728727747836,1.0,0.9627841557979816,0.558100959906222,1.3845702445343824,0.0085206638538684,True,True,0.0,True,True,12.482784155797981,unreviewed,TBD,TBD
214,ANGELMAN SYNDROME; AS,midface_width,global face shape / proportions,midface_width,moderate_candidate,18,942,0.6082909972533171,0.6077579741348297,0.5844722399159754,0.5816557102029809,0.8860772455521589,0.5962332835142036,1.1956054106516458,0.0030946013445307,0.5300778485491862,0.5300778485491862,1.0,0.8223728897091775,0.5275252253797228,1.1521761246348272,0.0067452819850174,True,True,0.0637043558429814,True,True,12.478668533866196,unreviewed,TBD,TBD
215,Meier-Gorlin syndrome,forehead_height,forehead,forehead_height,moderate_candidate,10,942,0.2053249379712355,0.2057825299497635,0.1840860182165468,0.1856654674292423,1.0783662646888268,0.7245903131471555,1.4085540787853306,0.0082022631869242,0.6456475583864119,0.6456475583864119,1.0,1.0783662646888268,0.7245903131471555,1.4085540787853306,0.0080427908776122,True,True,0.0,True,True,12.478366264688827,unreviewed,TBD,TBD
216,Meier-Gorlin syndrome,hairline_height,forehead,hairline_height,moderate_candidate,10,942,0.2053249379712355,0.2057825299497635,0.1840860182165468,0.1856654674292423,1.0783662646888268,0.7722565097495985,1.498274593987176,0.0082022631869242,0.6456475583864119,0.6456475583864119,1.0,1.0783662646888268,0.7722565097495985,1.498274593987176,0.0080427908776122,True,True,0.0,True,True,12.478366264688827,unreviewed,TBD,TBD
217,MOWAT-WILSON SYNDROME; MOWS,forehead_width_mid,forehead,forehead_width_mid,moderate_candidate,15,942,0.8952265289769178,0.9056738457243996,0.8717933457632211,0.8709651266071212,0.8789983849535716,0.2736763479695689,1.4368623525235358,0.0230652221478127,0.4629865534324133,0.4629865534324133,0.998,0.8789983849535716,0.2736763479695689,1.4368623525235358,0.0228989863125131,True,True,0.0,True,True,12.476998384953571,unreviewed,TBD,TBD
218,RAHMAN SYNDROME; RMNS,face_width_uniformity,global face shape / proportions,face_width_uniformity,moderate_candidate,11,942,0.7787724923897659,0.7809020655825436,0.7637602809050882,0.7632446171326059,1.0399010744775208,0.2550400357243318,1.868750510266288,0.0456619216902061,0.4831113684616869,0.483111368461687,0.996,1.0399010744775208,0.2550400357243318,1.868750510266288,0.0448588225650014,True,True,0.0,True,True,12.475901074477521,unreviewed,TBD,TBD
219,ANGELMAN SYNDROME; AS,forehead_height,forehead,forehead_height,moderate_candidate,18,942,0.2005298951690184,0.1987374493364894,0.1840860182165468,0.1856654674292423,0.8344333759272817,0.4765779186455633,1.2328713518471777,0.0102063749793968,0.4705119131870724,0.4705119131870725,1.0,0.7938666009918824,0.266213810177086,1.2688048362445463,0.0083161358436924,True,True,0.040566774935399286,True,True,12.473299826056483,unreviewed,TBD,TBD
220,ANGELMAN SYNDROME; AS,hairline_height,forehead,hairline_height,moderate_candidate,18,942,0.2005298951690184,0.1987374493364894,0.1840860182165468,0.1856654674292423,0.8344333759272817,0.4704825063844235,1.1837211991992755,0.0102063749793968,0.4705119131870724,0.4705119131870725,1.0,0.7938666009918824,0.2856215369668966,1.2159729845150542,0.0083161358436924,True,True,0.040566774935399286,True,True,12.473299826056483,unreviewed,TBD,TBD
221,FBXW7,nose_tip_to_bridge_ratio,nose,nose_tip_to_bridge_ratio,moderate_candidate,10,942,3.189015935484795,3.153093187830991,3.3968677627334674,3.378243300922927,-1.0726756432454998,-1.3704309814321296,-0.6673158043303377,0.0086819972653307,-0.6390658174097664,-0.6390658174097665,1.0,-1.0726756432454998,-1.3704309814321296,-0.6673158043303377,0.0084772649765396,True,True,0.0,True,True,12.4726756432455,unreviewed,TBD,TBD
222,"Autism, susceptiblity to",nose_ala_height_l,nose,nose_ala_height,moderate_candidate,12,942,0.0701531827887535,0.0704983668114805,0.0647331365055625,0.0645101186649806,0.9913468023621852,0.6090267849129456,1.3492490015224574,0.007593610099113,0.5941259731068649,0.5941259731068649,1.0,0.9913468023621852,0.6090267849129456,1.3492490015224574,0.0075237302515751,True,True,0.0,True,True,12.471346802362186,unreviewed,TBD,TBD
223,"Autism, susceptiblity to",eb_thickness_r,eyebrows,eb_thickness,moderate_candidate,12,942,0.0175992355024643,0.0177406144823232,0.0150932583810383,0.014768934739781,0.9909497148548144,0.7251161242561843,1.2704378582020175,0.0041304952244911,0.6303963198867657,0.6303963198867657,1.0,0.9909497148548144,0.7251161242561843,1.2704378582020175,0.0040826516504623,True,True,0.0,True,True,12.470949714854815,unreviewed,TBD,TBD
224,Multiple congenital anomalies-hypotonia-seizures syndrome,mouth_tenting,philtrum / mouth / lips,mouth_tenting,moderate_candidate,10,942,0.8882965356307198,0.8508061042803754,0.5588427460691084,0.5457547151882686,1.0710866591131896,0.3794839385356148,1.787195151944165,0.0421169248321293,0.5138004246284501,0.5138004246284502,0.998,1.0710866591131896,0.3794839385356148,1.787195151944165,0.0419678236763371,True,True,0.0,True,True,12.46908665911319,unreviewed,TBD,TBD
225,MOWAT-WILSON SYNDROME; MOWS,eye_fissure_length_r,eyes / orbital dimensions,eye_fissure_length,moderate_candidate,15,942,0.2111358595554701,0.2146478164546206,0.197349087185091,0.1965973485184808,0.867385696933528,0.4028645883127528,1.3150199032287997,0.0137163087743452,0.4955414012738853,0.4955414012738852,1.0,0.867385696933528,0.4028645883127528,1.3150199032287997,0.0135313697796349,True,True,0.0,True,True,12.467385696933528,unreviewed,TBD,TBD
226,NEURODEVELOPMENTAL DISORDER WITH SEVERE MOTOR IMPAIRMENT AND ABSENT LANGUAGE; NEDMIAL,jaw_to_forehead_ratio,chin / jaw,jaw_to_forehead_ratio,moderate_candidate,11,942,1.0021863865878975,0.9804025399732156,1.084235035651304,1.0820499752326038,-1.3209370092554629,-2.043703707783483,-0.3236140397566161,0.0033580272706211,-0.6693688477127968,-0.6693688477127968,0.986,-1.461762231952906,-1.99625422360348,-0.8586022079420846,0.0025267163190159,True,True,0.14082522269744313,True,True,12.465286563860577,unreviewed,TBD,TBD
227,Holoprosencephaly,face_aspect_ratio,global face shape / proportions,face_aspect_ratio,moderate_candidate,11,942,0.8603977207965025,0.8474850826525264,0.9118919075650824,0.9107374094176942,-1.018807777035054,-1.307491580083467,-0.6942900350511215,0.0061609813729661,-0.6342404941131056,-0.6342404941131056,1.0,-1.018807777035054,-1.307491580083467,-0.6942900350511215,0.0060780051928588,True,True,0.0,True,True,12.458807777035053,unreviewed,TBD,TBD
228,"INTELLECTUAL DEVELOPMENTAL DISORDER, AUTOSOMAL DOMINANT 5; MRD5",nose_tip_to_bridge_ratio,nose,nose_tip_to_bridge_ratio,moderate_candidate,12,942,3.209296803761378,3.196412591594621,3.3968677627334674,3.378243300922927,-0.9675611318557776,-1.3457796288978403,-0.5137967478715021,0.0103137955198791,-0.5721868365180467,-0.5721868365180467,1.0,-0.9675611318557776,-1.3457796288978403,-0.5137967478715021,0.0100540021818469,True,True,0.0,True,True,12.447561131855778,unreviewed,TBD,TBD
229,"INTELLECTUAL DEVELOPMENTAL DISORDER, X-LINKED, SYNDROMIC, SNIJDERS BLOK TYPE; MRXSSB",eb_medial_flare_l,eyebrows,eb_medial_flare,moderate_candidate,13,942,-0.1351244435392304,-0.1429556220771587,-0.0875968659986071,-0.086894632788754,-0.926106447779708,-1.3221575205561975,-0.4921710773355345,0.0113175138880915,-0.5436877347705373,-0.5436877347705373,0.998,-0.926106447779708,-1.3221575205561975,-0.4921710773355345,0.0111530948001289,True,True,0.0,True,True,12.444106447779706,unreviewed,TBD,TBD
230,CEBALID SYNDROME; CEBALID,eb_inter_distance,eyebrows,eb_inter_distance,moderate_candidate,12,942,0.2069334711160245,0.2126179080228639,0.1950117598059135,0.1945834924052124,0.9648577905421108,0.3566083737116299,1.5216790022364175,0.0337824594060387,0.4879688605803255,0.4879688605803256,0.998,0.9648577905421108,0.3566083737116299,1.5216790022364175,0.0335792566426941,True,True,0.0,True,True,12.44285779054211,unreviewed,TBD,TBD
231,ZTTK SYNDROME; ZTTKS,eb_thickness_mean,eyebrows,eb_thickness,moderate_candidate,16,942,0.0166424193738171,0.0165368558999191,0.0152435255920658,0.0152085555704443,0.8025998605434271,0.3617391392050826,1.2559069962325164,0.0316098227628435,0.4279458598726114,0.4279458598726113,1.0,0.8025998605434271,0.3617391392050826,1.2559069962325164,0.0315264997620329,True,True,0.0,True,True,12.442599860543428,unreviewed,TBD,TBD
232,MOWAT-WILSON SYNDROME; MOWS,midface_width,global face shape / proportions,midface_width,moderate_candidate,15,942,0.6072361145879188,0.6167700045934162,0.5844722399159754,0.5816557102029809,0.8421294833176317,0.3579818879983028,1.3685640391225296,0.0326743301890937,0.4399150743099788,0.4399150743099786,1.0,0.8421294833176317,0.3579818879983028,1.3685640391225296,0.0326236723128316,True,True,0.0,True,True,12.44212948331763,unreviewed,TBD,TBD
233,MOWAT-WILSON SYNDROME; MOWS,eye_area_r,eyes / orbital dimensions,eye_area,moderate_candidate,15,942,0.0115839593673209,0.0113843999415205,0.0088610225297358,0.0089942516626058,0.8420221456581599,0.221534825556901,1.3882505992136571,0.0398480156031551,0.424345364472753,0.424345364472753,1.0,0.8420221456581599,0.221534825556901,1.3882505992136571,0.0394440317447007,True,True,0.0,True,True,12.442022145658159,unreviewed,TBD,TBD
234,FBXW7,jaw_to_forehead_ratio,chin / jaw,jaw_to_forehead_ratio,moderate_candidate,10,942,1.01999042360764,1.0113119752778623,1.084235035651304,1.0820499752326038,-1.0416303812446763,-1.5844401807271409,-0.4387631057898885,0.0336555913438359,-0.5348195329087049,-0.5348195329087049,1.0,-1.0416303812446763,-1.5844401807271409,-0.4387631057898885,0.0334104048861265,True,True,0.0,True,True,12.441630381244677,unreviewed,TBD,TBD
235,"MANNOSIDOSIS, ALPHA B, LYSOSOMAL; MANSA",face_width_uniformity,global face shape / proportions,face_width_uniformity,moderate_candidate,14,942,0.7763569589601681,0.7766328910604876,0.7637602809050882,0.7632446171326059,0.8804505886307351,0.5903324806732937,1.203441837413552,0.0054779852463249,0.5693054291780406,0.5693054291780406,1.0,0.8804505886307351,0.5903324806732937,1.203441837413552,0.0054394078854352,True,True,0.0,True,True,12.440450588630735,unreviewed,TBD,TBD
236,"INTELLECTUAL DEVELOPMENTAL DISORDER, X-LINKED, SYNDROMIC, SNIJDERS BLOK TYPE; MRXSSB",chin_width,chin / jaw,chin_width,moderate_candidate,13,942,0.3086094444170619,0.3108607849359214,0.3263222865223431,0.3239064525203807,-0.9170021057734166,-1.2743178958467851,-0.5936251396595971,0.0118130459246443,-0.5409113179813817,-0.5409113179813817,1.0,-0.9170021057734166,-1.2743178958467851,-0.5936251396595971,0.0116724144255414,True,True,0.0,True,True,12.437002105773416,unreviewed,TBD,TBD
237,Multiple congenital anomalies-hypotonia-seizures syndrome,nose_bridge_length,nose,nose_bridge_length,moderate_candidate,10,942,0.8317905492821701,0.8387644819636084,0.8707440926291355,0.8761468572316142,-1.0369419598041727,-1.6993157612782837,-0.3630590179848815,0.0398061204520277,-0.5193205944798301,-0.5193205944798301,1.0,-1.0369419598041727,-1.6993157612782837,-0.3630590179848815,0.0393749336088403,True,True,0.0,True,True,12.436941959804173,unreviewed,TBD,TBD
238,"INTELLECTUAL DEVELOPMENTAL DISORDER, AUTOSOMAL DOMINANT 5; MRD5",forehead_width_upper,forehead,forehead_width_upper,moderate_candidate,12,942,0.7591448467406613,0.7725858863305981,0.7335674050836118,0.7333062338376494,0.957634764318757,0.3553191693056357,1.5170180507855988,0.0316098227628435,0.4932767162066525,0.4932767162066525,0.998,0.957634764318757,0.3553191693056357,1.5170180507855988,0.0315264997620329,True,True,0.0,True,True,12.435634764318756,unreviewed,TBD,TBD
239,WIEDEMANN-STEINER SYNDROME; WDSTS,malar_bulge_mean,cheeks / malar region,malar_bulge,moderate_candidate,14,942,0.0350158992908489,0.0347343192318923,0.0412305950089593,0.0416614638437925,-0.8732278659651789,-1.391827139298267,-0.4020039072726216,0.0213558117604738,-0.4836214740673339,-0.4836214740673339,1.0,-0.8732278659651789,-1.391827139298267,-0.4020039072726216,0.0212768623639471,True,True,0.0,True,True,12.43322786596518,unreviewed,TBD,TBD
240,"CONGENITAL HEART DEFECTS, DYSMORPHIC FACIAL FEATURES, AND INTELLECTUAL DEVELOPMENTAL DISORDER; CHDFIDD",philtrum_width,philtrum / mouth / lips,philtrum_width,moderate_candidate,15,942,0.2879963747730221,0.288257011417554,0.3008337242395867,0.2986240588266514,-0.8312286938865272,-1.090422923993405,-0.563441036603761,0.0055559046690159,-0.5494692144373673,-0.5494692144373673,1.0,-0.8312286938865272,-1.090422923993405,-0.563441036603761,0.005517052188813,True,True,0.0,True,True,12.431228693886528,unreviewed,TBD,TBD
241,"CONGENITAL HEART DEFECTS, DYSMORPHIC FACIAL FEATURES, AND INTELLECTUAL DEVELOPMENTAL DISORDER; CHDFIDD",face_aspect_ratio,global face shape / proportions,face_aspect_ratio,moderate_candidate,15,942,0.8697926290979371,0.8781757138487177,0.9118919075650824,0.9107374094176942,-0.8305253629042697,-1.3226165686861626,-0.4047351770173943,0.034172037533678,-0.4363765038924274,-0.4363765038924274,1.0,-0.8305253629042697,-1.3226165686861626,-0.4047351770173943,0.0339674145544344,True,True,0.0,True,True,12.43052536290427,unreviewed,TBD,TBD
242,COSTELLO SYNDROME; CSTLO,chin_pointedness_angle,chin / jaw,chin_pointedness_angle,moderate_candidate,12,942,156.78428993825216,156.48105935738187,151.72734318676052,151.8780219730048,1.0306990117064927,0.5885857908289616,1.5670125445937235,0.0147315749008264,0.5475937721160651,0.5475937721160651,1.0,1.0712315564941768,0.6111357003439141,1.6396532121258949,0.0117247186812509,True,True,0.04053254478768409,True,True,12.429633922131124,unreviewed,TBD,TBD
243,PITT-HOPKINS SYNDROME; PTHS,eb_arch_mean,eyebrows,eb_arch,moderate_candidate,14,942,0.1153065710496539,0.1125645028355054,0.1317169090951904,0.1313901960009986,-0.8666380555062095,-1.2817729373377795,-0.3948200604939054,0.0168291916232201,-0.4983318168031543,-0.4983318168031544,1.0,-0.8666380555062095,-1.2817729373377795,-0.3948200604939054,0.016897602971282,True,True,0.0,True,True,12.42663805550621,unreviewed,TBD,TBD
244,"CONGENITAL HEART DEFECTS, DYSMORPHIC FACIAL FEATURES, AND INTELLECTUAL DEVELOPMENTAL DISORDER; CHDFIDD",chin_width,chin / jaw,chin_width,moderate_candidate,15,942,0.3103520615907907,0.312205790618237,0.3263222865223431,0.3239064525203807,-0.8260395101074557,-1.2433969947391497,-0.4098502351632203,0.027485773563794,-0.4518046709129512,-0.4518046709129512,1.0,-0.8260395101074557,-1.2433969947391497,-0.4098502351632203,0.0270753567383817,True,True,0.0,True,True,12.426039510107456,unreviewed,TBD,TBD
245,Multiple congenital anomalies-hypotonia-seizures syndrome,columella_length,nose,columella_length,moderate_candidate,10,942,0.1718365703095418,0.1639709581783022,0.1319501278943887,0.1255073361687689,1.0166710773857646,0.3029250426412769,1.6639754378073297,0.0435564527623561,0.5110403397027601,0.5110403397027601,0.998,1.0166710773857646,0.3029250426412769,1.6639754378073297,0.0429342177228938,True,True,0.0,True,True,12.414671077385764,unreviewed,TBD,TBD
246,"INTELLECTUAL DEVELOPMENTAL DISORDER, AUTOSOMAL DOMINANT 5; MRD5",forehead_height,forehead,forehead_height,moderate_candidate,12,942,0.2024702736146439,0.2070961020829736,0.1840860182165468,0.1856654674292423,0.9334160025370116,0.5491240356985718,1.3072914991815174,0.0110467445685366,0.5670559094125973,0.5670559094125973,1.0,0.9334160025370116,0.5491240356985718,1.3072914991815174,0.0108586005004594,True,True,0.0,True,True,12.413416002537012,unreviewed,TBD,TBD
247,"INTELLECTUAL DEVELOPMENTAL DISORDER, AUTOSOMAL DOMINANT 5; MRD5",hairline_height,forehead,hairline_height,moderate_candidate,12,942,0.2024702736146439,0.2070961020829736,0.1840860182165468,0.1856654674292423,0.9334160025370116,0.5553644992758365,1.2877395673790106,0.0110467445685366,0.5670559094125973,0.5670559094125973,1.0,0.9334160025370116,0.5553644992758365,1.2877395673790106,0.0108586005004594,True,True,0.0,True,True,12.413416002537012,unreviewed,TBD,TBD
248,"CONGENITAL HEART DEFECTS, DYSMORPHIC FACIAL FEATURES, AND INTELLECTUAL DEVELOPMENTAL DISORDER; CHDFIDD",nose_ala_height_r,nose,nose_ala_height,moderate_candidate,15,942,0.0689418430451849,0.0666350637647651,0.0646525145080057,0.064345092646391,0.8127444511851815,0.4054564208771432,1.3120347870706293,0.0267531070369468,0.4535031847133758,0.4535031847133757,1.0,0.8127444511851815,0.4054564208771432,1.3120347870706293,0.0264819606818426,True,True,0.0,True,True,12.412744451185182,unreviewed,TBD,TBD
249,NEURODEVELOPMENTAL DISORDER WITH SPASTIC DIPLEGIA AND VISUAL DEFECTS; NEDSDV,eb_lateral_thickness_mean,eyebrows,eb_lateral_thickness,moderate_candidate,10,942,0.0010222853038792,0.0010082388989713,0.0009386953303242,0.0009353456561338,1.0127102603886655,0.6029885446612984,1.4988127623740808,0.0182212586014662,0.5828025477707006,0.5828025477707006,1.0,1.0127102603886655,0.6029885446612984,1.4988127623740808,0.0184763562218867,True,True,0.0,True,True,12.412710260388666,unreviewed,TBD,TBD
250,AU-KLINE SYNDROME; AUKS,chin_height,chin / jaw,chin_height,moderate_candidate,11,942,0.1421940443811823,0.14004114810881,0.176382523906743,0.1763056592284836,-0.9716849647802216,-1.3713339882014857,-0.581993206401842,0.0086633697106924,-0.6103068905616676,-0.6103068905616676,1.0,-0.9716849647802216,-1.3713339882014857,-0.581993206401842,0.0084507643769621,True,True,0.0,True,True,12.411684964780221,unreviewed,TBD,TBD
251,AU-KLINE SYNDROME; AUKS,upper_lip_eversion,philtrum / mouth / lips,upper_lip_eversion,moderate_candidate,11,942,0.1028967759930923,0.1012035335773541,0.0805607956720329,0.0777053659893718,0.9700450297834868,0.4339787236268607,1.5315582640308107,0.0254360096402523,0.5327156919513607,0.5327156919513607,1.0,0.9700450297834868,0.4339787236268607,1.5315582640308107,0.0251268914675409,True,True,0.0,True,True,12.410045029783486,unreviewed,TBD,TBD
252,AU-KLINE SYNDROME; AUKS,nose_tip_midline_dent,nose,nose_tip_midline_dent,moderate_candidate,11,942,0.0439046619919445,0.0437744563836446,0.0408433944974591,0.0407891897317018,0.9700071671553542,0.5077438444114829,1.480678132655258,0.0213558117604738,0.5446824937270797,0.5446824937270798,1.0,0.9700071671553542,0.5077438444114829,1.480678132655258,0.0212768623639471,True,True,0.0,True,True,12.410007167155353,unreviewed,TBD,TBD
253,"CONGENITAL HEART DEFECTS, DYSMORPHIC FACIAL FEATURES, AND INTELLECTUAL DEVELOPMENTAL DISORDER; CHDFIDD",inter_pupillary_distance,ocular position / iris / gaze,inter_pupillary_distance,moderate_candidate,15,942,0.4742325279123743,0.4708884708759341,0.4549316656552766,0.4546033363292034,0.8086688112677981,0.4949688169617976,1.1315625720475189,0.0086447782133997,0.5242745930644019,0.5242745930644019,1.0,0.8086688112677981,0.4949688169617976,1.1315625720475189,0.0084026275631644,True,True,0.0,True,True,12.408668811267798,unreviewed,TBD,TBD
254,WIEDEMANN-STEINER SYNDROME; WDSTS,philtrum_length,philtrum / mouth / lips,philtrum_length,moderate_candidate,14,942,0.3257252212837841,0.3193551481551222,0.2848302841731749,0.2838415889614529,0.840418935209255,0.4449597124171638,1.3257695965883067,0.0252401499537061,0.4734607218683652,0.4734607218683651,1.0,0.840418935209255,0.4449597124171638,1.3257695965883067,0.0248889826500023,True,True,0.0,True,True,12.400418935209256,unreviewed,TBD,TBD
255,"Autism, susceptiblity to",face_triangularity,global face shape / proportions,face_triangularity,moderate_candidate,12,942,0.5851103921324844,0.5751143573926993,0.5543925309280083,0.5577225634872556,0.9144598121196588,0.5006573449518023,1.436056927950241,0.0413090230487491,0.4711606510969568,0.4711606510969568,1.0,0.9144598121196588,0.5006573449518023,1.436056927950241,0.0410803162558465,True,True,0.0,True,True,12.39445981211966,unreviewed,TBD,TBD
256,"MANNOSIDOSIS, ALPHA B, LYSOSOMAL; MANSA",philtrum_length,philtrum / mouth / lips,philtrum_length,moderate_candidate,14,942,0.3246812568596014,0.3207368404987857,0.2848302841731749,0.2838415889614529,0.8196933487368194,0.4034943807029869,1.2474780441177429,0.0139033200610699,0.5112223233242341,0.5112223233242341,1.0,0.8196933487368194,0.4034943807029869,1.2474780441177429,0.0137495222727837,True,True,0.0,True,True,12.37969334873682,unreviewed,TBD,TBD
257,Hutchinson-Gilford progeria,eye_fissure_aspect_r,eyes / orbital dimensions,eye_fissure_aspect,moderate_candidate,14,942,0.4366456136673969,0.4441889579213655,0.3344737088557181,0.3503703452408475,1.0209941103798477,0.7318316830722822,1.2725670503961255,0.000942326876594,0.6563542614498028,0.6563542614498028,1.0,1.1224506410806194,0.8491679490196423,1.374002489875176,0.0002588761113323,True,True,0.10145653070077176,True,True,12.378081048978304,unreviewed,TBD,TBD
258,"INTELLECTUAL DEVELOPMENTAL DISORDER, AUTOSOMAL DOMINANT 50, WITH BEHAVIORAL ABNORMALITIES; MRD50",forehead_height,forehead,forehead_height,moderate_candidate,11,942,0.2094065966728149,0.2149878608426259,0.1840860182165468,0.1856654674292423,1.2827692289369987,0.7720131700636327,1.8057169151186816,0.0052032583751844,0.6440841536382937,0.6440841536382937,1.0,1.1103335840097617,0.6489621669547975,1.585257338887823,0.0098574455691796,True,True,0.17243564492723706,True,True,12.377897939082525,unreviewed,TBD,TBD
259,"INTELLECTUAL DEVELOPMENTAL DISORDER, AUTOSOMAL DOMINANT 50, WITH BEHAVIORAL ABNORMALITIES; MRD50",hairline_height,forehead,hairline_height,moderate_candidate,11,942,0.2094065966728149,0.2149878608426259,0.1840860182165468,0.1856654674292423,1.2827692289369987,0.7963463143150912,1.827034949616471,0.0052032583751844,0.6440841536382937,0.6440841536382937,1.0,1.1103335840097617,0.638396467551701,1.620812100805873,0.0098574455691796,True,True,0.17243564492723706,True,True,12.377897939082525,unreviewed,TBD,TBD
260,Multiple congenital anomalies-hypotonia-seizures syndrome,nose_to_face_area_ratio,nose,nose_to_face_area_ratio,moderate_candidate,10,942,0.0319351535594122,0.0340379088205618,0.0373984314444882,0.036848471151474,-0.9762990296870472,-1.4472208940821445,-0.5196791251685183,0.0398480156031551,-0.518895966029724,-0.518895966029724,1.0,-0.9762990296870472,-1.4472208940821445,-0.5196791251685183,0.0394440317447007,True,True,0.0,True,True,12.376299029687047,unreviewed,TBD,TBD
261,COSTELLO SYNDROME; CSTLO,forehead_width_mid,forehead,forehead_width_mid,moderate_candidate,12,942,0.8992001652411665,0.902038310783908,0.8717933457632211,0.8709651266071212,1.0353669376755517,0.6528220224674228,1.398018372420903,0.0048213570192022,0.6220806794055201,0.6220806794055203,1.0,0.9624981838531944,0.534883431405736,1.3735175517463905,0.0104113190797457,True,True,0.07286875382235725,True,True,12.369629430030837,unreviewed,TBD,TBD
262,Hutchinson-Gilford progeria,eye_fissure_fill_r,eyes / orbital dimensions,eye_fissure_fill,moderate_candidate,14,942,0.2951826597636494,0.299702947012334,0.2249404457472132,0.2351054417159071,1.0138165104098011,0.7602613199139062,1.2804328905374525,0.001371999924411,0.6392174704276615,0.6392174704276614,1.0,1.1171371046966194,0.8378994575150537,1.3954447056548809,0.0004737928500259,True,True,0.10332059428681828,True,True,12.367175321836166,unreviewed,TBD,TBD
263,AU-KLINE SYNDROME; AUKS,eb_arch_mean,eyebrows,eb_arch,moderate_candidate,11,942,0.1490954278640553,0.1528056411676688,0.1317169090951904,0.1313901960009986,0.9178901147706188,0.3719716305760751,1.3752833486182712,0.0358967818876595,0.5043427909669947,0.5043427909669949,1.0,0.9178901147706188,0.3719716305760751,1.3752833486182712,0.0357395697042099,True,True,0.0,True,True,12.357890114770619,unreviewed,TBD,TBD
264,"INTELLECTUAL DEVELOPMENTAL DISORDER, X-LINKED, SYNDROMIC, SNIJDERS BLOK TYPE; MRXSSB",eye_fissure_slant_l,eyes / orbital dimensions,eye_fissure_slant,moderate_candidate,13,942,7.24553878777679,7.807672296916062,4.775603635026659,4.955040659349544,0.8407986560075834,0.2820478570111602,1.389474933007428,0.0372333668485252,0.4612118242691491,0.4612118242691492,0.996,0.8407986560075834,0.2820478570111602,1.389474933007428,0.0372333668485252,True,True,0.0,True,True,12.356798656007584,unreviewed,TBD,TBD
265,NEURODEVELOPMENTAL DISORDER WITH SEVERE MOTOR IMPAIRMENT AND ABSENT LANGUAGE; NEDMIAL,forehead_width_mid,forehead,forehead_width_mid,moderate_candidate,11,942,0.901069979154779,0.9037057692309854,0.8717933457632211,0.8709651266071212,1.0972723764632857,0.2980407501148211,1.7720657329024536,0.013785898260459,0.5767226404169079,0.5767226404169079,0.99,1.183974079925516,0.549767206402011,1.7720657329024536,0.0132613238066733,True,True,0.08670170346223038,True,True,12.353868969538825,unreviewed,TBD,TBD
266,"INTELLECTUAL DEVELOPMENTAL DISORDER, AUTOSOMAL DOMINANT 50, WITH BEHAVIORAL ABNORMALITIES; MRD50",philtrum_width,philtrum / mouth / lips,philtrum_width,moderate_candidate,11,942,0.2864624146877191,0.286140669653344,0.3008337242395867,0.2986240588266514,-0.9288175760965144,-1.2717387907496929,-0.5869786439966583,0.0124110257087331,-0.5844431576915653,-0.5844431576915654,1.0,-0.9212162583822062,-1.260297271016683,-0.5830383360218573,0.0132613238066733,True,True,0.0076013177143081645,True,True,12.353614940667898,unreviewed,TBD,TBD
267,RAHMAN SYNDROME; RMNS,nose_tip_midline_dent,nose,nose_tip_midline_dent,moderate_candidate,11,942,0.0437482813744864,0.0439475169288771,0.0408433944974591,0.0407891897317018,0.9173024728520714,0.2762603092946,1.5823864268417869,0.0493794828528771,0.476934954641961,0.476934954641961,0.996,0.9173024728520714,0.2762603092946,1.5823864268417869,0.0483582526722215,True,True,0.0,True,True,12.353302472852072,unreviewed,TBD,TBD
268,COSTELLO SYNDROME; CSTLO,nasolabial_angle,nose,nasolabial_angle,moderate_candidate,12,942,176.01230793455815,177.14630566309827,167.76730480979893,170.06356249894384,0.8773709860896893,0.6508625954548972,1.0724080352795446,0.0086633697106924,0.5843949044585988,0.5843949044585988,1.0,0.8752890090176606,0.6448580969997549,1.0724080352795446,0.0084772649765396,True,True,0.002081977072028729,True,True,12.353207031945631,unreviewed,TBD,TBD
269,NEURODEVELOPMENTAL DISORDER WITH SPASTIC DIPLEGIA AND VISUAL DEFECTS; NEDSDV,eb_thickness_mean,eyebrows,eb_thickness,moderate_candidate,10,942,0.0169015791710492,0.0167588674193848,0.0152435255920658,0.0152085555704443,0.9517020713115342,0.4614188552294194,1.4215225473851003,0.0392292541174016,0.5205944798301486,0.5205944798301487,1.0,0.9517020713115342,0.4614188552294194,1.4215225473851003,0.0388494946027807,True,True,0.0,True,True,12.351702071311534,unreviewed,TBD,TBD
270,AU-KLINE SYNDROME; AUKS,upper_vermilion_height,philtrum / mouth / lips,upper_vermilion_height,moderate_candidate,11,942,0.1443483595394885,0.1349264294321361,0.1110440127188504,0.1063641737731682,0.9102946164404012,0.3252676408611801,1.5456554711200898,0.0342931800435619,0.5082030496043235,0.5082030496043235,1.0,0.9102946164404012,0.3252676408611801,1.5456554711200898,0.0340884446403167,True,True,0.0,True,True,12.3502946164404,unreviewed,TBD,TBD
271,RAHMAN SYNDROME; RMNS,forehead_width_mid,forehead,forehead_width_mid,moderate_candidate,11,942,0.8959717894538016,0.8909569034626561,0.8717933457632211,0.8709651266071212,0.909948294688888,0.4109337041466043,1.5892041397283652,0.0469811995260231,0.4806022003474233,0.4806022003474233,1.0,0.909948294688888,0.4109337041466043,1.5892041397283652,0.0460522290482947,True,True,0.0,True,True,12.349948294688888,unreviewed,TBD,TBD
272,FLOATING-HARBOR SYNDROME; FLHS,face_triangularity,global face shape / proportions,face_triangularity,moderate_candidate,15,942,0.5818358138177032,0.5796966856135004,0.5543925309280083,0.5577225634872556,0.8179125028496463,0.4410808892059852,1.2744969954367142,0.0298027867566214,0.4471337579617834,0.4471337579617833,1.0,0.8536825517491939,0.4506736071337004,1.3680425176711772,0.0292059787800273,True,True,0.0357700488995476,True,True,12.34637240505055,unreviewed,TBD,TBD
273,"INTELLECTUAL DEVELOPMENTAL DISORDER, AUTOSOMAL DOMINANT 21; MRD21",philtrum_length,philtrum / mouth / lips,philtrum_length,moderate_candidate,11,942,0.3347900386651419,0.3406839722865036,0.2848302841731749,0.2838415889614529,1.0238369149142392,0.3865609203241649,1.614241438094089,0.0323840419886729,0.5132213858328508,0.5132213858328507,1.0,0.961880131239158,0.3452507354523451,1.5375050248657511,0.0350930052133373,True,True,0.06195678367508117,True,True,12.339923347564078,unreviewed,TBD,TBD
274,NIJMEGEN BREAKAGE SYNDROME; NBS,face_triangularity,global face shape / proportions,face_triangularity,moderate_candidate,10,942,0.585852429208876,0.591617070400833,0.5543925309280083,0.5577225634872556,0.9362601458356614,0.3986878151536336,1.456618004725445,0.0392292541174016,0.5205944798301486,0.5205944798301487,1.0,0.9362601458356614,0.3986878151536336,1.456618004725445,0.0388494946027807,True,True,0.0,True,True,12.336260145835661,unreviewed,TBD,TBD
275,Menke-Hennekam syndrome,nose_tip_to_bridge_ratio,nose,nose_tip_to_bridge_ratio,moderate_candidate,10,942,3.215393027923694,3.196422318507707,3.3968677627334674,3.378243300922927,-0.9358706340975036,-1.3575499591111038,-0.5378314082512028,0.0245521665046889,-0.5613588110403397,-0.5613588110403397,1.0,-0.9358706340975036,-1.3575499591111038,-0.5378314082512028,0.0241631356973963,True,True,0.0,True,True,12.335870634097503,unreviewed,TBD,TBD
276,"Autism, susceptiblity to",eb_thickness_mean,eyebrows,eb_thickness,moderate_candidate,12,942,0.0167298626583367,0.0166003062259384,0.0152435255920658,0.0152085555704443,0.8554026707996355,0.5035792066805319,1.1709035262698857,0.0154053332746285,0.5435244161358811,0.5435244161358812,1.0,0.8554026707996355,0.5035792066805319,1.1709035262698857,0.0154700615656983,True,True,0.0,True,True,12.335402670799636,unreviewed,TBD,TBD
277,NIJMEGEN BREAKAGE SYNDROME; NBS,mouth_corner_drop,philtrum / mouth / lips,mouth_corner_drop,moderate_candidate,10,942,0.0555273096303387,0.0661311393085138,0.1481841407468349,0.140072573395359,-0.9313308264136176,-1.351087472918947,-0.473791030559999,0.0338228915458038,-0.5337579617834395,-0.5337579617834395,1.0,-0.9313308264136176,-1.351087472918947,-0.473791030559999,0.0336659577992993,True,True,0.0,True,True,12.331330826413618,unreviewed,TBD,TBD
278,"INTELLECTUAL DEVELOPMENTAL DISORDER, X-LINKED, SYNDROMIC, SNIJDERS BLOK TYPE; MRXSSB",jaw_bigonial_width,chin / jaw,jaw_bigonial_width,moderate_candidate,13,942,0.7735947184099004,0.7734031921393496,0.7939531567265726,0.7939190905288416,-0.8101268171234212,-1.0937334353685768,-0.5088726655562589,0.0132212814173985,-0.5340519353258206,-0.5340519353258206,1.0,-0.8101268171234212,-1.0937334353685768,-0.5088726655562589,0.013169277420518,True,True,0.0,True,True,12.330126817123421,unreviewed,TBD,TBD
279,OGDEN SYNDROME; OGDNS,philtrum_width,philtrum / mouth / lips,philtrum_width,moderate_candidate,17,942,0.2860237377781287,0.2813754062056415,0.3008337242395867,0.2986240588266514,-0.9559516692580328,-1.3548486438614378,-0.5604501310896819,0.0012824036593391,-0.5837392281753466,-0.5837392281753466,1.0,-1.110203039720577,-1.5477055083671458,-0.6683357258578224,0.0006630801756351,True,True,0.15425137046254433,True,True,12.327448928332943,unreviewed,TBD,TBD
280,CLARK-BARAITSER SYNDROME; CLABARS,forehead_height,forehead,forehead_height,moderate_candidate,13,942,0.1999567069540237,0.19687122760698,0.1840860182165468,0.1856654674292423,0.8057295139614767,0.4907123887071571,1.2138033384410098,0.044636154101301,0.4470031030540585,0.4470031030540584,1.0,0.8057295139614767,0.4907123887071571,1.2138033384410098,0.0439313719413747,True,True,0.0,True,True,12.325729513961477,unreviewed,TBD,TBD
281,CLARK-BARAITSER SYNDROME; CLABARS,hairline_height,forehead,hairline_height,moderate_candidate,13,942,0.1999567069540237,0.19687122760698,0.1840860182165468,0.1856654674292423,0.8057295139614767,0.4047305389315221,1.227538006897775,0.044636154101301,0.4470031030540585,0.4470031030540584,1.0,0.8057295139614767,0.4047305389315221,1.227538006897775,0.0439313719413747,True,True,0.0,True,True,12.325729513961477,unreviewed,TBD,TBD
282,INTELLECTUAL DEVELOPMENTAL DISORDER WITH DYSMORPHIC FACIES AND BEHAVIORAL ABNORMALITIES; IDDFBA,forehead_height,forehead,forehead_height,moderate_candidate,10,942,0.204443977862653,0.2066824176129773,0.1840860182165468,0.1856654674292423,1.0335607066503254,0.7150926384175913,1.3511642111067728,0.0109860135162693,0.6214437367303609,0.6214437367303609,1.0,0.9790432955054034,0.5950541697318075,1.3511642111067728,0.0175922313262243,True,True,0.054517411144922034,True,True,12.324525884360481,unreviewed,TBD,TBD
283,INTELLECTUAL DEVELOPMENTAL DISORDER WITH DYSMORPHIC FACIES AND BEHAVIORAL ABNORMALITIES; IDDFBA,hairline_height,forehead,hairline_height,moderate_candidate,10,942,0.204443977862653,0.2066824176129773,0.1840860182165468,0.1856654674292423,1.0335607066503254,0.7040427708014698,1.3673824639155057,0.0109860135162693,0.6214437367303609,0.6214437367303609,1.0,0.9790432955054034,0.5677724175297441,1.3513104608584103,0.0175922313262243,True,True,0.054517411144922034,True,True,12.324525884360481,unreviewed,TBD,TBD
284,Menke-Hennekam syndrome,philtrum_length,philtrum / mouth / lips,philtrum_length,moderate_candidate,10,942,0.329756866641404,0.3328343628179409,0.2848302841731749,0.2838415889614529,0.9241302614745528,0.4713755704590588,1.3205856404117282,0.0229536055757556,0.5662420382165605,0.5662420382165605,1.0,0.9241302614745528,0.4713755704590588,1.3205856404117282,0.0227456924817723,True,True,0.0,True,True,12.324130261474552,unreviewed,TBD,TBD
285,SMITH-MAGENIS SYNDROME; SMS,forehead_height,forehead,forehead_height,moderate_candidate,16,942,0.2033600198459281,0.2098023971774758,0.1840860182165468,0.1856654674292423,0.9752170336319992,0.4298023874476799,1.399129195961745,0.0052032583751844,0.5352972399150743,0.5352972399150744,1.0,0.8275563413600325,0.3011036687103517,1.249500414194374,0.0167565361491741,True,True,0.14766069227196665,True,True,12.319895649088066,unreviewed,TBD,TBD
286,SMITH-MAGENIS SYNDROME; SMS,hairline_height,forehead,hairline_height,moderate_candidate,16,942,0.2033600198459281,0.2098023971774758,0.1840860182165468,0.1856654674292423,0.9752170336319992,0.3726738511685264,1.4455017354950817,0.0052032583751844,0.5352972399150743,0.5352972399150744,1.0,0.8275563413600325,0.2504418553426598,1.2617360477246773,0.0167565361491741,True,True,0.14766069227196665,True,True,12.319895649088066,unreviewed,TBD,TBD
287,HELSMOORTEL-VAN DER AA SYNDROME; HVDAS,philtrum_width,philtrum / mouth / lips,philtrum_width,moderate_candidate,11,942,0.2847701888933978,0.2814791421246457,0.3008337242395867,0.2986240588266514,-1.037317646552486,-1.4921929482807637,-0.6232493542503545,0.0075391269424562,-0.621115614746188,-0.621115614746188,1.0,-1.116464466141544,-1.5660937208789254,-0.6769223955726217,0.0059552307082422,True,True,0.07914681958905789,True,True,12.31902400737437,unreviewed,TBD,TBD
288,COSTELLO SYNDROME; CSTLO,face_width_uniformity,global face shape / proportions,face_width_uniformity,moderate_candidate,12,942,0.7759283910503987,0.7778225227191857,0.7637602809050882,0.7632446171326059,0.8482882892352145,0.3871829041428512,1.2238079471943302,0.0197043612916601,0.5276008492569002,0.5276008492569002,0.996,0.8528747631477909,0.3871829041428512,1.2287531150084576,0.0194934341201051,True,True,0.004586473912576383,True,True,12.315115341410062,unreviewed,TBD,TBD
289,AU-KLINE SYNDROME; AUKS,nose_base_width,nose,nose_base_width,moderate_candidate,11,942,0.2162057301258795,0.215898550645503,0.236860049784688,0.2347293224394259,-0.8697535128649405,-1.3592141289187136,-0.3990058670937413,0.0391781325828749,-0.4970082995560702,-0.4970082995560703,1.0,-0.8697535128649405,-1.3592141289187136,-0.3990058670937413,0.0387434237608735,True,True,0.0,True,True,12.30975351286494,unreviewed,TBD,TBD
290,Hutchinson-Gilford progeria,eye_fissure_aspect_mean,eyes / orbital dimensions,eye_fissure_aspect,moderate_candidate,14,942,0.4330925011206142,0.4344520653609875,0.3309959101193029,0.3506212384861406,1.0563958727556737,0.7776563074646031,1.310919032240301,0.0007386318950595,0.6680315438277221,0.6680315438277222,1.0,1.2105601251532148,0.9067884491413556,1.508755418529135,0.0001297329154278,True,True,0.15416425239754106,True,True,12.308067367960593,unreviewed,TBD,TBD
291,NIJMEGEN BREAKAGE SYNDROME; NBS,chin_height,chin / jaw,chin_height,moderate_candidate,10,942,0.1445085484551915,0.1426459277970904,0.176382523906743,0.1763056592284836,-0.9062322741940704,-1.216261329823113,-0.5341238408730372,0.0142593494819333,-0.6012738853503184,-0.6012738853503184,1.0,-0.9062322741940704,-1.216261329823113,-0.5341238408730372,0.0142906887115639,True,True,0.0,True,True,12.306232274194072,unreviewed,TBD,TBD
292,Hutchinson-Gilford progeria,eye_area_l,eyes / orbital dimensions,eye_area,moderate_candidate,14,942,0.0121629153080607,0.0123204188100583,0.0088644916511539,0.0090633649556277,1.0195841302076505,0.6934018691720011,1.3541121753825252,0.0030946013445307,0.599939338792842,0.599939338792842,1.0,1.1572121395443695,0.7463189224984798,1.5286684282636898,0.0013223415933103,True,True,0.13762800933671904,True,True,12.304328111534213,unreviewed,TBD,TBD
293,Hutchinson-Gilford progeria,eye_fissure_fill_mean,eyes / orbital dimensions,eye_fissure_fill,moderate_candidate,14,942,0.293811893170991,0.2951360602665824,0.2230431703518709,0.2356542511606822,1.0660273593492149,0.789491479922788,1.347398154090143,0.0008709254679813,0.6604488929329694,0.6604488929329693,1.0,1.2273383216041465,0.918847946250587,1.5474978929634768,0.0001866522037794,True,True,0.16131096225493158,True,True,12.303405434839352,unreviewed,TBD,TBD
294,Hutchinson-Gilford progeria,eye_epicanthus_angle_r,eyes / orbital dimensions,eye_epicanthus_angle,moderate_candidate,14,942,78.91872941932107,81.13252853358436,62.69262765134708,64.86940174010357,1.019495914398926,0.7095688136641731,1.3141003667601157,0.0011467630000897,0.6466484683045193,0.6466484683045193,1.0,1.1598620214318238,0.828963670186835,1.5095532980057913,0.0003838796874764,True,True,0.14036610703289787,True,True,12.29876370033313,unreviewed,TBD,TBD
295,"INTELLECTUAL DEVELOPMENTAL DISORDER, AUTOSOMAL DOMINANT 50, WITH BEHAVIORAL ABNORMALITIES; MRD50",eb_position_r,eyebrows,eb_position,moderate_candidate,11,942,0.2858930583204093,0.2854099482183665,0.3551021777145275,0.3489125318465916,-0.9196869691766788,-1.2222105141244266,-0.6422904286560578,0.0139921091937568,-0.5751785369619764,-0.5751785369619764,1.0,-0.888868677868446,-1.1835176637137674,-0.6064846808572096,0.0193550248482981,True,True,0.03081829130823277,True,True,12.298050386560213,unreviewed,TBD,TBD
296,Hutchinson-Gilford progeria,eye_epicanthus_angle_mean,eyes / orbital dimensions,eye_epicanthus_angle,moderate_candidate,14,942,77.07558528781556,79.5132012216814,60.97530832045716,63.345063642571176,1.0895948650960163,0.7663562862387079,1.4099905976770652,0.0007372507788552,0.6683348498635123,0.6683348498635122,1.0,1.2657468906856788,0.9120501292603316,1.6759091691036545,0.0001712652144754,True,True,0.17615202558966248,True,True,12.297290813916693,unreviewed,TBD,TBD
297,"INTELLECTUAL DEVELOPMENTAL DISORDER, AUTOSOMAL DOMINANT 5; MRD5",cupid_bow_drop,philtrum / mouth / lips,cupid_bow_drop,moderate_candidate,12,942,0.0268130571549639,0.0256514302483732,0.0224997328687181,0.0223695233020609,0.8169853881759453,0.4590602987986349,1.2041597495293423,0.0361410912031342,0.4823071479122434,0.4823071479122434,1.0,0.8169853881759453,0.4590602987986349,1.2041597495293423,0.0361343241212456,True,True,0.0,True,True,12.296985388175946,unreviewed,TBD,TBD
298,FBXW7,philtrum_length,philtrum / mouth / lips,philtrum_length,moderate_candidate,10,942,0.3284640624551493,0.335671946221966,0.2848302841731749,0.2838415889614529,0.8964496215749631,0.3569522187680458,1.363559321021463,0.0286794384651362,0.5492569002123142,0.5492569002123142,1.0,0.8964496215749631,0.3569522187680458,1.363559321021463,0.0281124643933378,True,True,0.0,True,True,12.296449621574963,unreviewed,TBD,TBD
299,FBXW7,chin_width,chin / jaw,chin_width,moderate_candidate,10,942,0.3089601091637283,0.3095766491134267,0.3263222865223431,0.3239064525203807,-0.8959989157995099,-1.490799089689086,-0.2643222690085718,0.0494446693972117,-0.4995753715498938,-0.4995753715498938,0.998,-0.8959989157995099,-1.490799089689086,-0.2643222690085718,0.0484308044888501,True,True,0.0,True,True,12.29399891579951,unreviewed,TBD,TBD
300,CEBALID SYNDROME; CEBALID,malar_bulge_mean,cheeks / malar region,malar_bulge,moderate_candidate,12,942,0.0354460574805048,0.0341222842220074,0.0412305950089593,0.0416614638437925,-0.8139958996591007,-1.2710306279969583,-0.3416794461241288,0.0361410912031342,-0.4823071479122434,-0.4823071479122435,1.0,-0.8139958996591007,-1.2710306279969583,-0.3416794461241288,0.0361343241212456,True,True,0.0,True,True,12.293995899659102,unreviewed,TBD,TBD
301,Kleefstra syndrome,philtrum_width,philtrum / mouth / lips,philtrum_width,moderate_candidate,13,942,0.2850792823806217,0.2860325489245252,0.3008337242395867,0.2986240588266514,-1.0188120385009989,-1.335694451811951,-0.6842444021776752,0.0030976262694585,-0.6219173607708639,-0.6219173607708639,1.0,-0.8962695913080346,-1.315649438235864,-0.4722741464435129,0.0135676219903833,True,True,0.12254244719296425,True,True,12.293727144115069,unreviewed,TBD,TBD
302,INTELLECTUAL DEVELOPMENTAL DISORDER WITH DYSMORPHIC FACIES AND BEHAVIORAL ABNORMALITIES; IDDFBA,philtrum_width,philtrum / mouth / lips,philtrum_width,moderate_candidate,10,942,0.2839345606320441,0.2818023172897042,0.3008337242395867,0.2986240588266514,-1.0925018082887044,-1.354391153530736,-0.7783263253203658,0.0020286017335879,-0.7320594479830148,-0.7320594479830149,1.0,-1.1926709286995167,-1.5158392344698937,-0.8214675323428879,0.0013242438493755,True,True,0.10016912041081238,True,True,12.29216356746708,unreviewed,TBD,TBD
303,Menke-Hennekam syndrome,nose_base_width,nose,nose_base_width,moderate_candidate,10,942,0.2157032409923522,0.2130980420215039,0.236860049784688,0.2347293224394259,-0.8912603321828814,-1.314243762409531,-0.4509436835342695,0.0257532190999993,-0.5575371549893843,-0.5575371549893843,1.0,-0.8912603321828814,-1.314243762409531,-0.4509436835342695,0.025485884645674,True,True,0.0,True,True,12.291260332182881,unreviewed,TBD,TBD
304,NEURODEVELOPMENTAL DISORDER WITH SEVERE MOTOR IMPAIRMENT AND ABSENT LANGUAGE; NEDMIAL,eb_position_mean,eyebrows,eb_position,moderate_candidate,11,942,0.288179966778372,0.2901948674200409,0.3569482830993151,0.3511348077900591,-0.9171956667224502,-1.2791739956407673,-0.5142775051018074,0.0194912234573579,-0.5516309592742714,-0.5516309592742714,1.0,-0.8832058336649893,-1.2655227670691755,-0.4793286087991342,0.0270753567383817,True,True,0.03398983305746095,True,True,12.289216000607528,unreviewed,TBD,TBD
305,Hutchinson-Gilford progeria,eye_fissure_height_l,eyes / orbital dimensions,eye_fissure_height,moderate_candidate,14,942,0.0874870024814685,0.0880511147295455,0.0653894187825353,0.0680748203573193,1.05579654040858,0.7843751377092237,1.32158718097729,0.0011999525974583,0.6448286320897786,0.6448286320897787,1.0,1.219755751588171,0.9270987888119786,1.5524259228546573,0.0003017917348687,True,True,0.1639592111795909,True,True,12.287878118049399,unreviewed,TBD,TBD
306,NEURODEVELOPMENTAL DISORDER WITH SEVERE MOTOR IMPAIRMENT AND ABSENT LANGUAGE; NEDMIAL,eb_position_l,eyebrows,eb_position,moderate_candidate,11,942,0.2920374525762059,0.2938869389140864,0.3587943884841027,0.3523879099218233,-0.8743555099372684,-1.2514364850820914,-0.4845850961590639,0.0311677429185508,-0.5166956186064466,-0.5166956186064466,1.0,-0.860068163121072,-1.2444142652900012,-0.4679285238262908,0.0351641174373616,True,True,0.014287346816196367,True,True,12.285780816304875,unreviewed,TBD,TBD
307,Hutchinson-Gilford progeria,nose_bridge_width,nose,nose_bridge_width,moderate_candidate,14,942,0.0759513285725431,0.0747707799624916,0.0792330153015402,0.0789639324344417,-0.9837637717339756,-1.5269920149193257,-0.5072211001543823,0.0108057297586415,-0.5276008492569002,-0.5276008492569002,1.0,-1.1136704276752698,-1.5896737430456431,-0.6851916126094483,0.0041546091113551,True,True,0.12990665594129425,True,True,12.283950459851388,unreviewed,TBD,TBD
308,"Autism, susceptiblity to",eye_epicanthus_angle_l,eyes / orbital dimensions,eye_epicanthus_angle,moderate_candidate,12,942,70.94982490376113,72.40607475579182,59.25798898956724,61.601753995891144,0.8035521679499118,0.3718851689913642,1.2741602438180617,0.0481234676739109,0.4587756546355273,0.4587756546355273,1.0,0.8035521679499118,0.3718851689913642,1.2741602438180617,0.0470619205928687,True,True,0.0,True,True,12.283552167949912,unreviewed,TBD,TBD
309,INTELLECTUAL DEVELOPMENTAL DISORDER WITH PERSISTENCE OF FETAL HEMOGLOBIN,chin_height,chin / jaw,chin_height,moderate_candidate,12,942,0.1423785484697461,0.1431043307606478,0.176382523906743,0.1763056592284836,-0.964303988835859,-1.4351293251013253,-0.5058010879575802,0.0213928111091733,-0.521585279547063,-0.521585279547063,1.0,-1.0487086597839286,-1.510321318085846,-0.5439173602623408,0.0119560186613368,True,True,0.08440467094806958,True,True,12.27549464693972,unreviewed,TBD,TBD
310,NEURODEVELOPMENTAL DISORDER WITH SEVERE MOTOR IMPAIRMENT AND ABSENT LANGUAGE; NEDMIAL,eb_position_r,eyebrows,eb_position,moderate_candidate,11,942,0.2843224809805381,0.2831986239988528,0.3551021777145275,0.3489125318465916,-0.9396177749719592,-1.349819477472923,-0.5483555245249331,0.0157009925529506,-0.5657209033005212,-0.5657209033005212,1.0,-0.8863852686182276,-1.3175211219296303,-0.4501263562712582,0.0270753567383817,True,True,0.05323250635373156,True,True,12.273152762264495,unreviewed,TBD,TBD
311,AU-KLINE SYNDROME; AUKS,nose_to_face_area_ratio,nose,nose_to_face_area_ratio,moderate_candidate,11,942,0.0327373273658813,0.0313397597330586,0.0373984314444882,0.036848471151474,-0.8322045599581811,-1.3202576680325908,-0.2868694870567733,0.0493376797772719,-0.4771279675738274,-0.4771279675738274,0.998,-0.8322045599581811,-1.3202576680325908,-0.2868694870567733,0.0483582526722215,True,True,0.0,True,True,12.27020455995818,unreviewed,TBD,TBD
312,Kleefstra syndrome,forehead_height,forehead,forehead_height,moderate_candidate,13,942,0.2039236569143971,0.1992701964026568,0.1840860182165468,0.1856654674292423,1.0059666592514864,0.6011608008730546,1.4473663589250652,0.0126655889898691,0.5368283521149764,0.5368283521149764,1.0,0.877456629944318,0.3478659438464448,1.385766003786339,0.0384938052560918,True,True,0.12851002930716848,True,True,12.268946600637149,unreviewed,TBD,TBD
313,Kleefstra syndrome,hairline_height,forehead,hairline_height,moderate_candidate,13,942,0.2039236569143971,0.1992701964026568,0.1840860182165468,0.1856654674292423,1.0059666592514864,0.6410176633477815,1.5104537590131482,0.0126655889898691,0.5368283521149764,0.5368283521149764,1.0,0.877456629944318,0.4176892023895489,1.4515618358571112,0.0384938052560918,True,True,0.12851002930716848,True,True,12.268946600637149,unreviewed,TBD,TBD
314,Hutchinson-Gilford progeria,eye_fissure_height_mean,eyes / orbital dimensions,eye_fissure_height,moderate_candidate,14,942,0.0880100680119108,0.0899191049508341,0.0657958179577365,0.0686404179088466,1.061787635938158,0.7496063961201065,1.362116061797498,0.0010432332560195,0.6510464058234758,0.651046405823476,1.0,1.2398392257984914,0.9048870946280062,1.5841220799430793,0.000211648379511,True,True,0.17805158986033343,True,True,12.265684456217492,unreviewed,TBD,TBD
315,WHITE-SUTTON SYNDROME; WHSUS,face_width_uniformity,global face shape / proportions,face_width_uniformity,moderate_candidate,15,942,0.7509635128953837,0.7526721788397044,0.7637602809050882,0.7632446171326059,-0.8943275974832291,-1.2369792010766951,-0.6007545890248368,0.0060940218856392,-0.5450813871196036,-0.5450813871196036,1.0,-0.7793681042885191,-1.0632587842752828,-0.5037475085398927,0.0136421987577982,True,True,0.11495949319471,True,True,12.26440861109381,unreviewed,TBD,TBD
316,NEURODEVELOPMENTAL DISORDER WITH SEVERE MOTOR IMPAIRMENT AND ABSENT LANGUAGE; NEDMIAL,eye_area_r,eyes / orbital dimensions,eye_area,moderate_candidate,11,942,0.0121249161038657,0.0123912149448723,0.0088610225297358,0.0089942516626058,1.016308320709352,0.7246507634988261,1.302547701845443,0.006098509344915,0.6350125458405713,0.6350125458405713,1.0,0.919255248240245,0.6242494803347636,1.2404262265868962,0.0128631715055297,True,True,0.097053072469107,True,True,12.262202175771137,unreviewed,TBD,TBD
317,FBXW7,eye_epicanthus_angle_l,eyes / orbital dimensions,eye_epicanthus_angle,moderate_candidate,10,942,71.77492386454205,71.63976936683947,59.25798898956724,61.601753995891144,0.8616773429610987,0.5460597908537342,1.208785383845398,0.0262028228690471,0.5556263269639066,0.5556263269639066,1.0,0.8616773429610987,0.5460597908537342,1.208785383845398,0.0259595245059626,True,True,0.0,True,True,12.261677342961098,unreviewed,TBD,TBD
318,"INTELLECTUAL DEVELOPMENTAL DISORDER, AUTOSOMAL DOMINANT 50, WITH BEHAVIORAL ABNORMALITIES; MRD50",eb_position_mean,eyebrows,eb_position,moderate_candidate,11,942,0.2889847643607322,0.2811628548064446,0.3569482830993151,0.3511348077900591,-0.9075202164517936,-1.1827952878812769,-0.6342671793946476,0.0137608606408208,-0.5771086662806408,-0.5771086662806408,1.0,-0.8593731960558543,-1.160095794633961,-0.578879018250629,0.0222511641772061,True,True,0.04814702039593932,True,True,12.251226175659914,unreviewed,TBD,TBD
319,Hutchinson-Gilford progeria,eye_epicanthus_angle_l,eyes / orbital dimensions,eye_epicanthus_angle,moderate_candidate,14,942,75.23244115631003,78.25328053377831,59.25798898956724,61.601753995891144,1.0991056026357011,0.6403367204411096,1.4670504231537185,0.0008711110007448,0.6599939338792842,0.6599939338792842,1.0,1.303667795780237,0.8619246718160649,1.7262804666819926,0.0001390311711914,True,True,0.20456219314453583,True,True,12.24998121634663,unreviewed,TBD,TBD
320,Meier-Gorlin syndrome,philtrum_width,philtrum / mouth / lips,philtrum_width,moderate_candidate,10,942,0.2877614950246725,0.2820296303662521,0.3008337242395867,0.2986240588266514,-0.8442014541722005,-1.238746115964255,-0.3966947957049004,0.0305387470458113,-0.5439490445859873,-0.5439490445859873,1.0,-0.8442014541722005,-1.238746115964255,-0.3966947957049004,0.030001265097805,True,True,0.0,True,True,12.2442014541722,unreviewed,TBD,TBD
321,NEURODEVELOPMENTAL DISORDER WITH SEVERE MOTOR IMPAIRMENT AND ABSENT LANGUAGE; NEDMIAL,forehead_width_upper,forehead,forehead_width_upper,moderate_candidate,11,942,0.7608053193956476,0.7678742628600465,0.7335674050836118,0.7333062338376494,1.0144080370935866,0.1001406389901836,1.7033375930567003,0.0180853809855518,0.5566492955027987,0.5566492955027986,0.99,1.116454460065473,0.4635299112318666,1.692824952010823,0.0187429737479948,True,True,0.10204642297188649,True,True,12.240315191149813,unreviewed,TBD,TBD
322,Hutchinson-Gilford progeria,eye_fissure_height_r,eyes / orbital dimensions,eye_fissure_height,moderate_candidate,14,942,0.0885331335423532,0.0917870951721228,0.0662022171329377,0.069487578216333,1.0553272259106865,0.7590775926702464,1.3527310983656435,0.0010077505854694,0.6537761601455869,0.6537761601455869,1.0,1.2452445581394669,0.9301609070383832,1.585369062295824,0.000163172226359,True,True,0.18991733222878038,True,True,12.235492561453125,unreviewed,TBD,TBD
323,NEURODEVELOPMENTAL DISORDER WITH SEVERE MOTOR IMPAIRMENT AND ABSENT LANGUAGE; NEDMIAL,eye_area_mean,eyes / orbital dimensions,eye_area,moderate_candidate,11,942,0.0120128627813544,0.0127197541952871,0.0088627570904448,0.0090304261487637,0.990116072851042,0.6877044781751739,1.2587575394238213,0.0074079406754142,0.6220806794055201,0.6220806794055203,1.0,0.8912285765952276,0.6153490574314411,1.178292988241158,0.0153280555973723,True,True,0.09888749625581439,True,True,12.232341080339411,unreviewed,TBD,TBD
324,INTELLECTUAL DEVELOPMENTAL DISORDER WITH PERSISTENCE OF FETAL HEMOGLOBIN,forehead_height,forehead,forehead_height,moderate_candidate,12,942,0.202222148000518,0.2022000482359223,0.1840860182165468,0.1856654674292423,0.9191604485168872,0.4744733886487997,1.401021829190329,0.0311677429185508,0.4945152158527954,0.4945152158527954,1.0,1.0059811625402073,0.5247528226507394,1.5473393374230215,0.0259595245059626,True,True,0.08682071402332014,True,True,12.225519020470248,unreviewed,TBD,TBD
325,INTELLECTUAL DEVELOPMENTAL DISORDER WITH PERSISTENCE OF FETAL HEMOGLOBIN,hairline_height,forehead,hairline_height,moderate_candidate,12,942,0.202222148000518,0.2022000482359223,0.1840860182165468,0.1856654674292423,0.9191604485168872,0.4351496943586688,1.3551496752716574,0.0311677429185508,0.4945152158527954,0.4945152158527954,1.0,1.0059811625402073,0.5059755104708116,1.5280232917789052,0.0259595245059626,True,True,0.08682071402332014,True,True,12.225519020470248,unreviewed,TBD,TBD
326,FBXW7,nasolabial_angle,nose,nasolabial_angle,moderate_candidate,10,942,175.41987601546748,175.67705940265398,167.76730480979893,170.06356249894384,0.8134868164008672,0.5247166048000608,1.0271008193669269,0.0377237249602765,0.524203821656051,0.524203821656051,1.0,0.8134868164008672,0.5247166048000608,1.0271008193669269,0.0376699874603331,True,True,0.0,True,True,12.213486816400868,unreviewed,TBD,TBD
327,Hutchinson-Gilford progeria,eye_fissure_aspect_l,eyes / orbital dimensions,eye_fissure_aspect,moderate_candidate,14,942,0.4295393885738315,0.4253605905841999,0.3275181113828877,0.3442596176066101,1.056848523344601,0.7823980079279378,1.3765940580647251,0.0009000255603354,0.6586290567182287,0.6586290567182287,1.0,1.2601310521627491,0.955276094048807,1.6532905598816965,0.0001067027471938,True,True,0.20328252881814812,True,True,12.210283465708304,unreviewed,TBD,TBD
328,COSTELLO SYNDROME; CSTLO,forehead_width_upper,forehead,forehead_width_upper,moderate_candidate,12,942,0.7577759005168825,0.7638414567801028,0.7335674050836118,0.7333062338376494,0.9094089388162152,0.5217941139992601,1.236479058448693,0.0114246777268404,0.5649327671620665,0.5649327671620665,1.0,0.8190657631963701,0.3443681214067173,1.1895038939788332,0.0295755899116337,True,True,0.09034317561984506,True,True,12.208722587576526,unreviewed,TBD,TBD
329,Hutchinson-Gilford progeria,eye_fissure_fill_l,eyes / orbital dimensions,eye_fissure_fill,moderate_candidate,14,942,0.2924411265783326,0.2929062120374885,0.2211458949565286,0.2313665593889596,1.0734943803247798,0.7422188468493844,1.384872651839908,0.0011069955073323,0.6483166515013649,0.648316651501365,1.0,1.2879636411822446,0.931929189739618,1.656223493148762,0.0001424170654015,True,True,0.21446926085746476,True,True,12.20455585860985,unreviewed,TBD,TBD
330,Hutchinson-Gilford progeria,nose_tip_width,nose,nose_tip_width,moderate_candidate,14,942,0.2497665847642781,0.2439188323916598,0.2693452136193673,0.2674081135068349,-0.896254557521385,-1.4104381027523962,-0.409737251363575,0.0154858072168601,-0.5030330603579011,-0.5030330603579012,0.998,-1.0243258548141592,-1.5152188020601374,-0.4890221712975945,0.0045972245770945,True,True,0.1280712972927741,True,True,12.198111962935837,unreviewed,TBD,TBD
331,Hutchinson-Gilford progeria,eye_area_mean,eyes / orbital dimensions,eye_area,moderate_candidate,14,942,0.012165483704094,0.0124142798349454,0.0088627570904448,0.0090304261487637,1.037800994272889,0.6645826321731962,1.365085844194046,0.0020898756902621,0.6179860479223537,0.6179860479223536,1.0,1.2413929342200427,0.8361323614355627,1.5970310793654623,0.0005732317212724,True,True,0.20359193994715374,True,True,12.190617114378583,unreviewed,TBD,TBD
332,"INTELLECTUAL DEVELOPMENTAL DISORDER, AUTOSOMAL DOMINANT 50, WITH BEHAVIORAL ABNORMALITIES; MRD50",eb_position_l,eyebrows,eb_position,moderate_candidate,11,942,0.2920764704010551,0.2842615611285244,0.3587943884841027,0.3523879099218233,-0.8749744727841077,-1.143822906250419,-0.6093657572582285,0.0181512473191103,-0.5562632696390658,-0.5562632696390658,1.0,-0.8108238047570665,-1.1090478358808324,-0.5423005317494656,0.0330021754899338,True,True,0.06415066802704117,True,True,12.186673136730024,unreviewed,TBD,TBD
333,NEURODEVELOPMENTAL DISORDER WITH SEVERE MOTOR IMPAIRMENT AND ABSENT LANGUAGE; NEDMIAL,eye_area_l,eyes / orbital dimensions,eye_area,moderate_candidate,11,942,0.011900809458843,0.0124614291621763,0.0088644916511539,0.0090633649556277,0.9389325141487708,0.6451621397543679,1.2157534439532651,0.0103137955198791,0.5973750241266165,0.5973750241266165,1.0,0.8407282711593497,0.5719089459116297,1.124526776268518,0.021436847198317,True,True,0.0982042429894211,True,True,12.182524028169928,unreviewed,TBD,TBD
334,NEURODEVELOPMENTAL DISORDER WITH SEVERE MOTOR IMPAIRMENT AND ABSENT LANGUAGE; NEDMIAL,eye_fissure_height_r,eyes / orbital dimensions,eye_fissure_height,moderate_candidate,11,942,0.0855237238375129,0.0879572142232607,0.0662022171329377,0.069487578216333,0.9131852006605105,0.7092301204563484,1.111607623320867,0.0085935332961194,0.6116579810847327,0.6116579810847327,1.0,0.8259442626932118,0.581632483819361,1.0370633090674688,0.0194934341201051,True,True,0.0872409379672987,True,True,12.178703324725912,unreviewed,TBD,TBD
335,Noonan syndrome,iris_offset_y_l,ocular position / iris / gaze,iris_offset_y,primary_candidate,34,942,-0.0773445927274173,-0.0778776772265187,-0.0526445182230983,-0.0555630197502648,-0.8438195659195294,-1.044995755162058,-0.6334721234282219,5.492595686809767e-06,-0.5493318346446859,-0.5493318346446858,1.0,-0.8573063192472318,-1.0595428716432036,-0.6435607898554984,3.6735194936912377e-06,True,True,0.013486753327702328,True,False,12.176846059264125,unreviewed,TBD,TBD
336,NEURODEVELOPMENTAL DISORDER WITH SEVERE MOTOR IMPAIRMENT AND ABSENT LANGUAGE; NEDMIAL,eye_fissure_height_mean,eyes / orbital dimensions,eye_fissure_height,moderate_candidate,11,942,0.0850910049036608,0.0892855982062699,0.0657958179577365,0.0686404179088466,0.9223460157580232,0.7056706953805522,1.1222315571792432,0.0082022631869242,0.6160972785176607,0.6160972785176606,1.0,0.8266718447220888,0.5767874771866767,1.0341932757411287,0.0207658833330446,True,True,0.09567417103593445,True,True,12.170997673686154,unreviewed,TBD,TBD
337,NEURODEVELOPMENTAL DISORDER WITH SEVERE MOTOR IMPAIRMENT AND ABSENT LANGUAGE; NEDMIAL,eye_fissure_height_l,eyes / orbital dimensions,eye_fissure_height,moderate_candidate,11,942,0.0846582859698087,0.0875303583770114,0.0653894187825353,0.0680748203573193,0.9206787402682108,0.6862358333049468,1.1272074226540834,0.0085526039346458,0.6124300328121984,0.6124300328121983,1.0,0.8176143101280126,0.5581659908294591,1.0739802745689502,0.0244349506657665,True,True,0.10306443014019828,True,True,12.154549879987814,unreviewed,TBD,TBD
338,Hutchinson-Gilford progeria,eb_inter_distance,eyebrows,eb_inter_distance,moderate_candidate,14,942,0.182627931798327,0.1849671869943807,0.1950117598059135,0.1945834924052124,-1.0025145773611637,-1.560798066936583,-0.4845172763016481,0.0134630281330761,-0.5138004246284501,-0.5138004246284501,1.0,-1.2140347356257732,-1.698190617846845,-0.7805805402011536,0.0017987590898195,True,True,0.21152015826460957,True,True,12.139474260831944,unreviewed,TBD,TBD
339,WHITE-SUTTON SYNDROME; WHSUS,chin_pointedness_angle,chin / jaw,chin_pointedness_angle,moderate_candidate,15,942,156.13582089678505,155.11549795526483,151.72734318676052,151.8780219730048,0.8996219955838524,0.4626334271328284,1.325720777936748,0.0103137955198791,0.5130927105449399,0.5130927105449399,1.0,1.080299683756581,0.635088867527119,1.5166287886203738,0.0024673751816789,True,True,0.18067768817272867,True,True,12.138266619238394,unreviewed,TBD,TBD
340,NEURODEVELOPMENTAL DISORDER WITH SEVERE MOTOR IMPAIRMENT AND ABSENT LANGUAGE; NEDMIAL,eye_fissure_fill_l,eyes / orbital dimensions,eye_fissure_fill,moderate_candidate,11,942,0.2794061883075132,0.2818683944562036,0.2211458949565286,0.2313665593889596,0.8776393654623004,0.6559812326256089,1.0965870000588278,0.0117502855353706,0.5879173904651611,0.5879173904651611,1.0,0.7813517625770661,0.4954622334999906,1.0478885677598118,0.0330021754899338,True,True,0.0962876028852343,True,True,12.125064159691831,unreviewed,TBD,TBD
341,NEURODEVELOPMENTAL DISORDER WITH SEVERE MOTOR IMPAIRMENT AND ABSENT LANGUAGE; NEDMIAL,eye_fissure_fill_mean,eyes / orbital dimensions,eye_fissure_fill,moderate_candidate,11,942,0.2791752940165981,0.2818565220156569,0.2230431703518709,0.2356542511606822,0.8457426205149251,0.6869408987284985,1.0280034513437804,0.0139451167713952,0.5755645628257093,0.5755645628257093,1.0,0.7643469165862995,0.5625500212689224,0.979341044520035,0.0329258815210413,True,True,0.0813957039286256,True,True,12.122951212657673,unreviewed,TBD,TBD
342,NEURODEVELOPMENTAL DISORDER WITH SEVERE MOTOR IMPAIRMENT AND ABSENT LANGUAGE; NEDMIAL,eye_fissure_aspect_l,eyes / orbital dimensions,eye_fissure_aspect,moderate_candidate,11,942,0.4104719824803567,0.4175536331456933,0.3275181113828877,0.3442596176066101,0.8594209063011989,0.6624926469891136,1.0558139869942471,0.0109728462265227,0.5931287396255549,0.5931287396255549,1.0,0.7582257239476724,0.5148910215381529,0.9903847948736008,0.0357395697042099,True,True,0.10119518235352654,True,True,12.097030541594146,unreviewed,TBD,TBD
343,NEURODEVELOPMENTAL DISORDER WITH SEVERE MOTOR IMPAIRMENT AND ABSENT LANGUAGE; NEDMIAL,eye_fissure_aspect_mean,eyes / orbital dimensions,eye_fissure_aspect,moderate_candidate,11,942,0.4107610205135492,0.4147659986590136,0.3309959101193029,0.3506212384861406,0.8253249999504557,0.6619425580838103,1.0252143444579584,0.0136932950752166,0.5776877050762401,0.5776877050762401,1.0,0.7387238040124725,0.5299354909762658,0.9540077214755596,0.0366026404106211,True,True,0.08660119593798321,True,True,12.092122608074488,unreviewed,TBD,TBD
344,Hutchinson-Gilford progeria,eye_area_r,eyes / orbital dimensions,eye_area,moderate_candidate,14,942,0.0121680521001273,0.0126457351719823,0.0088610225297358,0.0089942516626058,1.0296884130578237,0.7062735325557112,1.3351217464432867,0.0019039850089775,0.6226872914771004,0.6226872914771004,1.0,1.2942323886179905,0.8760171832331233,1.7491356017721882,0.0003064816416238,True,True,0.26454397556016684,True,True,12.060600461937492,unreviewed,TBD,TBD
345,COSTELLO SYNDROME; CSTLO,philtrum_length,philtrum / mouth / lips,philtrum_length,moderate_candidate,12,942,0.3271057742109391,0.3365920969402464,0.2848302841731749,0.2838415889614529,0.8696149400563248,0.4076449109367107,1.2782633692465777,0.0179470452961194,0.533793347487615,0.5337933474876151,1.0,1.044905518024393,0.4182221767994067,1.7249473889422515,0.0175565634112176,True,True,0.17529057796806813,True,True,11.999033784120188,unreviewed,TBD,TBD
346,Hyperphosphatasia with mental retardation syndrome,columella_hang_below_ala,nose,columella_hang_below_ala,primary_candidate,24,942,0.007046419326169,0.009053819585266,0.0377526322713011,0.0364499147470255,-0.9673944900320914,-1.302283805302675,-0.6372922150349274,0.0006657715908968,-0.51671974522293,-0.51671974522293,1.0,-0.9673944900320914,-1.302283805302675,-0.6372922150349274,0.0006009237086666,True,True,0.0,True,False,11.927394490032093,unreviewed,TBD,TBD
347,Rubinstein-Taybi syndrome,iris_offset_y_l,ocular position / iris / gaze,iris_offset_y,primary_candidate,24,942,-0.0787595950123723,-0.0855948588372463,-0.0526445182230983,-0.0555630197502648,-0.8884704575234178,-1.1397370503337751,-0.5863579088477562,0.0001141343039164,-0.5690905874026894,-0.5690905874026893,1.0,-0.9050322860812404,-1.152902257717067,-0.6024498825531838,7.008597043626225e-05,True,True,0.016561828557822622,True,False,11.815346800407774,unreviewed,TBD,TBD
348,Rubinstein-Taybi syndrome,iris_offset_y_r,ocular position / iris / gaze,iris_offset_y,primary_candidate,24,942,-0.0779606222772286,-0.079972728799348,-0.0550230110091005,-0.0581125080182181,-0.8307919887818059,-1.070306871008202,-0.5910345106819906,0.0003857895871245,-0.5336164189667374,-0.5336164189667374,1.0,-0.8454207825597924,-1.0842594428786256,-0.6133028528380275,0.000240806426986,True,True,0.014628793777986426,True,False,11.761534401225834,unreviewed,TBD,TBD
349,NICOLAIDES-BARAITSER SYNDROME; NCBRS,iris_offset_y_l,ocular position / iris / gaze,iris_offset_y,primary_candidate,24,942,-0.0770435648575327,-0.0779506484491342,-0.0526445182230983,-0.0555630197502648,-0.8298625180159924,-1.087947960718299,-0.5562805660732416,0.0004003335148988,-0.5324663835810333,-0.5324663835810333,1.0,-0.8030037355463348,-1.081952228651179,-0.4955398841010626,0.0009490868260648,True,True,0.02685878246965767,True,False,11.736144953076678,unreviewed,TBD,TBD
350,Holoprosencephaly,iris_offset_y_r,ocular position / iris / gaze,iris_offset_y,moderate_candidate,11,942,-0.0905534024006419,-0.0918905579772005,-0.0550230110091005,-0.0581125080182181,-1.2816618193704998,-1.6100946147951178,-0.9696862077955304,0.0004555494542819,-0.7751399343756031,-0.7751399343756031,1.0,-1.2816618193704998,-1.6100946147951178,-0.9696862077955304,0.0004173215280484,True,True,0.0,True,False,11.7216618193705,unreviewed,TBD,TBD
351,"INTELLECTUAL DEVELOPMENTAL DISORDER, X-LINKED, SYNDROMIC, SNIJDERS BLOK TYPE; MRXSSB",iris_offset_y_l,ocular position / iris / gaze,iris_offset_y,moderate_candidate,13,942,-0.0877548398099766,-0.0874279127212497,-0.0526445182230983,-0.0555630197502648,-1.1898750563494784,-1.5523097814871636,-0.8166643264102459,0.0006364558081775,-0.7004736240405031,-0.700473624040503,1.0,-1.1898750563494784,-1.5523097814871636,-0.8166643264102459,0.0005732317212724,True,True,0.0,True,False,11.709875056349478,unreviewed,TBD,TBD
352,"INTELLECTUAL DEVELOPMENTAL DISORDER, X-LINKED, SYNDROMIC, SNIJDERS BLOK TYPE; MRXSSB",iris_offset_y_r,ocular position / iris / gaze,iris_offset_y,moderate_candidate,13,942,-0.0880208240263816,-0.0860393120289425,-0.0550230110091005,-0.0581125080182181,-1.1898241425497853,-1.532850299324834,-0.8543844540674004,0.0007140929959776,-0.6945941531928793,-0.6945941531928793,1.0,-1.1898241425497853,-1.532850299324834,-0.8543844540674004,0.000642234581288,True,True,0.0,True,False,11.709824142549785,unreviewed,TBD,TBD
353,AU-KLINE SYNDROME; AUKS,mouth_upper_fit_residual,philtrum / mouth / lips,mouth_upper_fit_residual,moderate_candidate,11,942,0.0195110186064358,0.0154087378868926,0.0130368918728802,0.0122003877748201,1.2382988848885714,0.4832408081394702,2.267345458452888,0.0247793920481487,0.5348388342018915,0.5348388342018915,0.998,1.2382988848885714,0.4832408081394702,2.267345458452888,0.0243881384894937,True,True,0.0,True,False,11.67629888488857,unreviewed,TBD,TBD
354,Multiple congenital anomalies-hypotonia-seizures syndrome,columella_hang_below_ala,nose,columella_hang_below_ala,moderate_candidate,10,942,-0.0015382622262973,-0.0039747407186061,0.0377526322713011,0.0364499147470255,-1.234275682054676,-1.8214986535585933,-0.6933600145651073,0.0113075368166672,-0.619108280254777,-0.619108280254777,1.0,-1.234275682054676,-1.8214986535585933,-0.6933600145651073,0.0111428639504051,True,True,0.0,True,False,11.634275682054676,unreviewed,TBD,TBD
355,Holoprosencephaly,iris_offset_y_l,ocular position / iris / gaze,iris_offset_y,moderate_candidate,11,942,-0.0876161073203546,-0.0889013868234097,-0.0526445182230983,-0.0555630197502648,-1.1843947586078454,-1.5341346232793935,-0.8458828066438694,0.002056604142053,-0.696969696969697,-0.696969696969697,1.0,-1.1843947586078454,-1.5341346232793935,-0.8458828066438694,0.0020272240828809,True,True,0.0,True,False,11.624394758607846,unreviewed,TBD,TBD
356,AU-KLINE SYNDROME; AUKS,mouth_upper_curvature_c2,philtrum / mouth / lips,mouth_upper_curvature_c2,moderate_candidate,11,942,2.982611232270843,2.877211550207861,1.659345953216523,1.5019954560255844,1.176957853477283,0.554855295989633,1.9460372744626568,0.0154053332746285,0.567458019687319,0.5674580196873191,1.0,1.176957853477283,0.554855295989633,1.9460372744626568,0.0154700615656983,True,True,0.0,True,False,11.616957853477283,unreviewed,TBD,TBD
357,CLARK-BARAITSER SYNDROME; CLABARS,iris_offset_y_l,ocular position / iris / gaze,iris_offset_y,moderate_candidate,13,942,-0.0840420162539883,-0.0841376610371039,-0.0526445182230983,-0.0555630197502648,-1.0651900822278255,-1.3663348083351283,-0.7934504377352464,0.0008709254679813,-0.6847950351135065,-0.6847950351135065,1.0,-1.0651900822278255,-1.3663348083351283,-0.7934504377352464,0.0007843422343224,True,True,0.0,True,False,11.585190082227825,unreviewed,TBD,TBD
358,AU-KLINE SYNDROME; AUKS,iris_offset_y_l,ocular position / iris / gaze,iris_offset_y,moderate_candidate,11,942,-0.0858345603480393,-0.0835548255813984,-0.0526445182230983,-0.0555630197502648,-1.1251449948517418,-1.4750186873751967,-0.791368476112843,0.0013734003203892,-0.7197452229299363,-0.7197452229299364,1.0,-1.1251449948517418,-1.4750186873751967,-0.791368476112843,0.0013143293388671,True,True,0.0,True,False,11.56514499485174,unreviewed,TBD,TBD
359,"INTELLECTUAL DEVELOPMENTAL DISORDER, AUTOSOMAL DOMINANT 5; MRD5",iris_offset_y_r,ocular position / iris / gaze,iris_offset_y,moderate_candidate,12,942,-0.0833914752297029,-0.0818116923087987,-0.0550230110091005,-0.0581125080182181,-1.0219537180336744,-1.424007419714134,-0.5893329424442839,0.0086633697106924,-0.5843949044585988,-0.5843949044585988,1.0,-1.0219537180336744,-1.424007419714134,-0.5893329424442839,0.0084708503837882,True,True,0.0,True,False,11.501953718033676,unreviewed,TBD,TBD
360,AU-KLINE SYNDROME; AUKS,iris_offset_y_r,ocular position / iris / gaze,iris_offset_y,moderate_candidate,11,942,-0.0844119012101187,-0.0800917318274893,-0.0550230110091005,-0.0581125080182181,-1.0598573347045783,-1.4277268770307028,-0.7258773613015173,0.0032339311665169,-0.6720710287589269,-0.6720710287589269,1.0,-1.0598573347045783,-1.4277268770307028,-0.7258773613015173,0.0032894492981309,True,True,0.0,True,False,11.499857334704577,unreviewed,TBD,TBD
361,"INTELLECTUAL DEVELOPMENTAL DISORDER, AUTOSOMAL DOMINANT 5; MRD5",iris_offset_y_l,ocular position / iris / gaze,iris_offset_y,moderate_candidate,12,942,-0.0827323673192548,-0.0830122443259604,-0.0526445182230983,-0.0555630197502648,-1.0189988833778325,-1.4425675880488706,-0.6060932291457445,0.0069568866445743,-0.6003184713375797,-0.6003184713375795,1.0,-1.0189988833778325,-1.4425675880488706,-0.6060932291457445,0.0068895619351107,True,True,0.0,True,False,11.498998883377833,unreviewed,TBD,TBD
362,Multiple congenital anomalies-hypotonia-seizures syndrome,nose_tip_elevation,nose,nose_tip_elevation,moderate_candidate,10,942,0.0551324651270513,0.0580333597448358,0.0431568875178435,0.0416403440919241,1.0566160371832425,0.4291456546814948,1.6595139527761331,0.0311677429185508,0.5414012738853503,0.5414012738853504,1.0,1.0566160371832425,0.4291456546814948,1.6595139527761331,0.0309026086651886,True,True,0.0,True,False,11.456616037183244,unreviewed,TBD,TBD
363,CLARK-BARAITSER SYNDROME; CLABARS,iris_offset_y_r,ocular position / iris / gaze,iris_offset_y,moderate_candidate,13,942,-0.0809476296340566,-0.0824460553608802,-0.0550230110091005,-0.0581125080182181,-0.9356511357327156,-1.225531423164668,-0.6230803651590836,0.0040190503687518,-0.6083619140943982,-0.6083619140943981,1.0,-0.9356511357327156,-1.225531423164668,-0.6230803651590836,0.0040029096042187,True,True,0.0,True,False,11.455651135732715,unreviewed,TBD,TBD
364,INTELLECTUAL DEVELOPMENTAL DISORDER WITH PERSISTENCE OF FETAL HEMOGLOBIN,gaze_asym_x,ocular position / iris / gaze,gaze_asym_x,moderate_candidate,12,942,0.0332690668002989,0.0388408463032994,-0.0266205644044378,-0.0318405867507992,1.0022082754868062,0.5466480441314705,1.452840898337332,0.011044337927315,0.5674097664543525,0.5674097664543525,1.0,1.055142598306492,0.6637468477084157,1.467705556519454,0.0059872396566102,True,True,0.052934322819685686,True,False,11.376339629847436,unreviewed,TBD,TBD
365,PITT-HOPKINS SYNDROME; PTHS,gaze_asym_x,ocular position / iris / gaze,gaze_asym_x,moderate_candidate,14,942,-0.0753784265532748,-0.0606799888009363,-0.0266205644044378,-0.0318405867507992,-0.816179956209073,-1.2891515913600045,-0.4046807650364059,0.0436141188315463,-0.432666060054595,-0.432666060054595,1.0,-0.816179956209073,-1.2891515913600045,-0.4046807650364059,0.0429918681089172,True,True,0.0,True,False,11.376179956209073,unreviewed,TBD,TBD
366,FBXW7,iris_offset_y_l,ocular position / iris / gaze,iris_offset_y,moderate_candidate,10,942,-0.0812943657084924,-0.085281204761444,-0.0526445182230983,-0.0555630197502648,-0.9703312401039792,-1.343027881599443,-0.6145378599402199,0.0153573941756816,-0.5959660297239915,-0.5959660297239915,1.0,-0.9703312401039792,-1.343027881599443,-0.6145378599402199,0.0154168973971192,True,True,0.0,True,False,11.37033124010398,unreviewed,TBD,TBD
367,AU-KLINE SYNDROME; AUKS,columella_hang_below_ala,nose,columella_hang_below_ala,moderate_candidate,11,942,0.0085774543667096,0.0044980888118706,0.0377526322713011,0.0364499147470255,-0.9191449987137796,-1.271333900491675,-0.5146154775291238,0.019562854382241,-0.5512449334105385,-0.5512449334105385,1.0,-0.9191449987137796,-1.271333900491675,-0.5146154775291238,0.0196386793992264,True,True,0.0,True,False,11.359144998713779,unreviewed,TBD,TBD
368,NEURODEVELOPMENTAL DISORDER WITH SEVERE MOTOR IMPAIRMENT AND ABSENT LANGUAGE; NEDMIAL,iris_offset_y_l,ocular position / iris / gaze,iris_offset_y,moderate_candidate,11,942,-0.0833092670611122,-0.0774128826536192,-0.0526445182230983,-0.0555630197502648,-1.0372389466595868,-1.5376386478865671,-0.5637329059991295,0.0143260840242443,-0.5732484076433121,-0.5732484076433121,1.0,-1.103835214906935,-1.596191267810069,-0.621281164864555,0.0081342513665787,True,True,0.06659626824734821,True,False,11.34404641016489,unreviewed,TBD,TBD
369,AU-KLINE SYNDROME; AUKS,nose_tip_elevation,nose,nose_tip_elevation,moderate_candidate,11,942,0.0531001875706133,0.0505010838903316,0.0431568875178435,0.0416403440919241,0.88045085096166,0.5090326581198978,1.3164663498828288,0.017556905560509,0.5587724377533295,0.5587724377533294,1.0,0.88045085096166,0.5090326581198978,1.3164663498828288,0.0175922313262243,True,True,0.0,True,False,11.32045085096166,unreviewed,TBD,TBD
370,FBXW7,iris_offset_y_r,ocular position / iris / gaze,iris_offset_y,moderate_candidate,10,942,-0.0803375878795073,-0.0829238178249733,-0.0550230110091005,-0.0581125080182181,-0.9116520418327536,-1.365940850543892,-0.5021317665091777,0.0342931800435619,-0.5326963906581741,-0.5326963906581741,1.0,-0.9116520418327536,-1.365940850543892,-0.5021317665091777,0.0340884446403167,True,True,0.0,True,False,11.311652041832755,unreviewed,TBD,TBD
371,COSTELLO SYNDROME; CSTLO,eb_arch_asym,eyebrows,eb_arch_asym,moderate_candidate,12,942,0.0440783660666053,0.0261971220250966,0.1316460297274369,0.1015036805399727,-0.8356486735532715,-1.046364823262723,-0.5583687762338995,0.0086633697106924,-0.5845718329794763,-0.5845718329794762,1.0,-0.8235910773326663,-1.032150383456319,-0.5405980505399897,0.0104254467614625,True,True,0.012057596220605205,True,False,11.291533481112062,unreviewed,TBD,TBD
372,NEURODEVELOPMENTAL DISORDER WITH SEVERE MOTOR IMPAIRMENT AND ABSENT LANGUAGE; NEDMIAL,iris_offset_y_r,ocular position / iris / gaze,iris_offset_y,moderate_candidate,11,942,-0.0799591272713329,-0.0786437291951811,-0.0550230110091005,-0.0581125080182181,-0.8984464237344375,-1.3184298005634507,-0.4900315423674758,0.0252949661718338,-0.5331017178150936,-0.5331017178150936,1.0,-0.9566366658760598,-1.3547032466135276,-0.5611394441754587,0.0153161451989495,True,True,0.05819024214162227,True,False,11.222065939451193,unreviewed,TBD,TBD
373,Meier-Gorlin syndrome,iris_offset_y_l,ocular position / iris / gaze,iris_offset_y,moderate_candidate,10,942,-0.076504103678686,-0.0780912848577113,-0.0526445182230983,-0.0555630197502648,-0.8094263461413009,-0.9961154979058788,-0.6054405754370471,0.0153573941756816,-0.5959660297239915,-0.5959660297239915,1.0,-0.8094263461413009,-0.9961154979058788,-0.6054405754370471,0.0154168973971192,True,True,0.0,True,False,11.209426346141301,unreviewed,TBD,TBD
374,COSTELLO SYNDROME; CSTLO,face_asymmetry,global face shape / proportions,face_asymmetry,moderate_candidate,12,942,0.0180508095488694,0.0130146253952237,0.036784680324299,0.0319041727490471,-0.8188666305477641,-1.086717102231336,-0.5048136908310948,0.0179766487499081,-0.5336164189667374,-0.5336164189667374,1.0,-0.7648532929888997,-1.0753718309525473,-0.4243604382419505,0.0313473781792157,True,True,0.054013337558864394,True,False,11.190839955430034,unreviewed,TBD,TBD
375,INTELLECTUAL DEVELOPMENTAL DISORDER WITH DYSMORPHIC FACIES AND BEHAVIORAL ABNORMALITIES; IDDFBA,iris_offset_y_l,ocular position / iris / gaze,iris_offset_y,moderate_candidate,10,942,-0.0789997867606347,-0.0785165979360427,-0.0526445182230983,-0.0555630197502648,-0.8933796500344405,-1.2282853791313362,-0.6024496731087975,0.0141741989950996,-0.6016985138004246,-0.6016985138004246,1.0,-0.8279296029927649,-1.1793091385498464,-0.505899950066936,0.0294578404202905,True,True,0.06545004704167567,True,False,11.162479555951089,unreviewed,TBD,TBD
376,"Arthrogryposis, distal",philtrum_length,philtrum / mouth / lips,philtrum_length,moderate_candidate,10,942,0.3600360277728864,0.351863145063805,0.2848302841731749,0.2838415889614529,1.5301273120474608,0.4992973804309462,2.5923151261199244,0.0381134030936949,0.5233545647558386,0.5233545647558386,1.0,1.3185203068218658,0.3978884523925747,2.2958734127422984,0.0509760672361675,False,True,0.21160700522559495,True,True,8.50691330159627,unreviewed,TBD,TBD
377,INTELLECTUAL DEVELOPMENTAL DISORDER WITH PERSISTENCE OF FETAL HEMOGLOBIN,philtrum_length,philtrum / mouth / lips,philtrum_length,moderate_candidate,12,942,0.3274488711729872,0.3294138245074486,0.2848302841731749,0.2838415889614529,0.8758588671682498,0.3994270147782714,1.3372568967470255,0.0316098227628435,0.49345364472753,0.4934536447275301,1.0,0.8247015174974134,0.3185557209303536,1.298339695323493,0.0505280036417111,False,True,0.051157349670836405,True,True,8.253544167826577,unreviewed,TBD,TBD
378,Hutchinson-Gilford progeria,chin_pointedness_angle,chin / jaw,chin_pointedness_angle,moderate_candidate,14,942,156.2234313301489,155.0909107011875,151.72734318676052,151.8780219730048,0.9165982078329348,0.4986126208518505,1.3238525933790015,0.0168291916232201,0.4983318168031543,0.4983318168031543,1.0,0.7140381663333326,0.2394883313416526,1.20358836685295,0.0848842924118497,False,True,0.20256004149960216,True,True,8.071478124833732,unreviewed,TBD,TBD
379,WHITE-SUTTON SYNDROME; WHSUS,chin_width,chin / jaw,chin_width,moderate_candidate,15,942,0.3100929022296544,0.3104860278107579,0.3263222865223431,0.3239064525203807,-0.8376752382941677,-1.3130906777871534,-0.3339908426042793,0.0353732860812585,-0.4339702760084926,-0.4339702760084926,1.0,-0.6471687977720518,-1.074218599401381,-0.1802383062002757,0.083614552191434,False,True,0.19050644052211585,True,True,8.056662357249936,unreviewed,TBD,TBD
