syndrome_name,ala_flare_angle,canthal_to_pupillary_ratio,cheek_area_asym,cheek_area_l,cheek_area_mean,cheek_area_r,chin_height,chin_pointedness_angle,chin_width,columella_hang_below_ala,columella_length,cupid_bow_drop,cupid_bow_peak_asym,eb_arch_asym,eb_arch_l,eb_arch_mean,eb_arch_r,eb_inter_distance,eb_lateral_thickness_asym,eb_lateral_thickness_l,eb_lateral_thickness_mean,eb_lateral_thickness_r,eb_medial_flare_l,eb_medial_flare_mean,eb_medial_flare_r,eb_position_asym,eb_position_l,eb_position_mean,eb_position_r,eb_thickness_asym,eb_thickness_l,eb_thickness_mean,eb_thickness_r,eye_area_asym,eye_area_l,eye_area_mean,eye_area_r,eye_epicanthus_angle_asym,eye_epicanthus_angle_l,eye_epicanthus_angle_mean,eye_epicanthus_angle_r,eye_fissure_aspect_l,eye_fissure_aspect_mean,eye_fissure_aspect_r,eye_fissure_fill_l,eye_fissure_fill_mean,eye_fissure_fill_r,eye_fissure_height_asym,eye_fissure_height_l,eye_fissure_height_mean,eye_fissure_height_r,eye_fissure_length_asym,eye_fissure_length_l,eye_fissure_length_mean,eye_fissure_length_r,eye_fissure_slant_asym,eye_fissure_slant_l,eye_fissure_slant_mean,eye_fissure_slant_r,eye_lower_lid_to_iris_asym,eye_lower_lid_to_iris_l,eye_lower_lid_to_iris_mean,eye_lower_lid_to_iris_r,eye_upper_lid_to_iris_asym,eye_upper_lid_to_iris_l,eye_upper_lid_to_iris_mean,eye_upper_lid_to_iris_r,face_aspect_ratio,face_asymmetry,face_roundness,face_triangularity,face_width_uniformity,forehead_height,forehead_taper_ratio,forehead_width_mid,forehead_width_upper,gaze_asym_norm,gaze_asym_x,gaze_asym_y,hairline_height,inter_canthal_distance,inter_pupillary_distance,iris_offset_x_l,iris_offset_x_r,iris_offset_y_l,iris_offset_y_r,jaw_bigonial_width,jaw_to_forehead_ratio,lip_midline_x_std,lip_outer_to_inner_area,lower_lip_eversion,lower_vermilion_height,malar_bulge_asym,malar_bulge_l,malar_bulge_mean,malar_bulge_r,midface_width,mouth_corner_drop,mouth_opening,mouth_tenting,mouth_triangularity,mouth_upper_curvature_c2,mouth_upper_fit_residual,mouth_width,nasolabial_angle,nose_ala_height_asym,nose_ala_height_l,nose_ala_height_mean,nose_ala_height_r,nose_base_width,nose_bridge_length,nose_bridge_width,nose_length,nose_tip_elevation,nose_tip_midline_dent,nose_tip_to_bridge_ratio,nose_tip_width,nose_to_face_area_ratio,nostril_region_area,outer_canthal_distance,philtrum_length,philtrum_width,upper_lip_eversion,upper_vermilion_height,vermilion_total
3-Methylglutaconic aciduria,-0.05761432675953399,-0.44371963193082414,-0.0008115952578736295,-0.005035178973373644,0.041690814406083875,0.04710784898066588,0.05522545882487003,0.5045998280211239,-0.06398486475533256,0.04139294648736149,-0.02800536187651458,0.019205171708604717,-0.004803147634648196,-0.017646511287631582,-0.27757797442537413,-0.31798225528303203,-0.2795846070825151,-0.5765420983935108,-0.0018628242869410036,-0.02549492017113092,-0.010010966287804346,0.014651933118567839,-0.01193663672854228,-0.002653162667106181,0.004299146983913281,0.01839588826845931,-0.4172258172264303,-0.41037118576617,-0.3956572483419825,-0.0035889342840857755,-0.2640027706535825,-0.2898062841166978,-0.03777573317110539,-0.018859337092449947,-0.026494403724322317,-0.024453923091930493,-0.0211913449740273,-0.01527636789747481,0.002775236073456808,-0.008883870404504298,-0.023789438477628606,0.00354437488592326,-0.0011822305749667396,-0.007209144119100708,0.0019436559622265568,-0.005246459829160978,-0.015414944920405538,-0.02541191294413339,-0.009851091290696945,-0.010796496581538532,-0.011639370379049038,-0.014794711057154752,-0.05728801019953465,-0.04961235499331125,-0.017934019327213058,0.0076523046235944,0.015288641856001973,0.0011061518806008736,-0.01084708711361274,-0.031595133408030496,0.07890571218797313,0.02002914408041246,0.012937885196421332,0.0005808433688442067,-0.048543231191615875,-0.01586662034928242,-0.015285037358128615,0.046992077831014833,-0.002894294879376609,0.05064499412746643,0.009645158665674228,-0.002632801943138386,0.5380881341386516,-0.3188070825182712,-0.0637395070334238,-0.07590877708379333,0.10274376981374835,-0.31322111275365033,0.03898158384679684,0.5380881341386516,-0.584767817363609,-0.3697603955400806,0.002544800099106471,-0.2615788224608459,-0.22950359047982594,-0.06337523435978208,0.24283491600277013,0.2912581762887865,-0.024021875187684828,-0.0007560991035465874,-0.06261704556199407,-0.07186369530226443,-0.011572286178053205,-0.003081367480613647,0.27695742056435607,0.03347477584690485,-0.01975489046692905,-0.41670984509695214,-0.32062794579976445,-0.41656326046147296,-0.4171165288967694,-0.281417095299837,-0.37287467016199877,-0.0006544104463918438,-0.008838734054389945,-0.015602612517060325,-0.05826219239447375,-0.05678591320413046,-0.054417582234116586,-0.06997603487899001,0.024702872678824876,-0.48860878308724237,0.013358525776903683,-0.04202230508521414,-0.00427989690209897,-0.03660829445176307,-0.29176785422746393,-0.03710341771094599,-0.03478055221054434,-0.48287665805011826,0.06308549862284428,-0.5173535802747017,-0.25578034507334907,-0.2595098844314753,-0.2545586750488568
3MC syndrome,0.010379003396602523,-0.002780665745883364,-0.015673679253268107,-0.05952658975492434,-0.3285257503509684,-0.012370902030326276,-0.0005825869926657485,0.3805557036158924,-0.3484820768804198,-0.020214780974995267,0.011449496808075135,0.39501323500729413,-0.002171529572157293,-0.20301754756505144,0.5344029458793699,0.5763065003933667,0.5016903786981395,0.59343047426969,-0.05671234543771357,0.04117476794008805,0.6365322169523987,0.34521856824576547,-0.07379025030978986,-0.07002938074808085,-0.059650408028362585,-0.031196728723842,0.5685747394705899,0.5846171652823517,0.5919043458768868,-0.044973657764438284,0.5191331764739809,0.7134191771802533,0.6320832946388363,-0.03358535130941211,0.018113186994670225,0.019083067211862252,0.01955954867323737,-0.1626561997345822,0.0066120876235033895,0.001149235737275507,-0.0032660107987416,-0.0001552705266442887,-0.006421753590263747,-0.014593574487552415,-0.0006422968159026847,-0.007708193391852778,-0.016572226072824603,-0.013878929491051252,0.009771178647694981,0.006699437671434887,0.004130362793721756,-0.05736493439659429,0.04780676942774896,0.2406654047977607,0.23977209413694964,0.008049864503085959,-0.31308427462314803,-0.3275967131013202,-0.2518401297655746,-0.029165727303517935,0.12509648249819946,0.11138845008897708,0.06800239308542794,0.0016275426097118535,-0.04799672185722547,-0.0414363624252982,-0.009413932477085949,-0.0594056804534753,-0.05829646735310736,-0.017755220191959242,0.4862310782521214,0.04600851543114506,0.0021370561884935953,0.28686419361262655,0.5419886793854181,0.5338869986061298,0.0651038994297176,-0.3271157742818883,0.2321785295524501,0.0021755160492680525,0.5407856788398759,0.6077889724411035,0.15842133191788854,-0.022372462626306107,0.033802901399305696,0.24726861116424761,-0.41553752396237165,-0.5204404560309969,-0.2339766650393874,0.561650214790056,0.21304535716387674,0.18141646416525953,-0.021962178900319526,-0.042062774861771804,-0.4611023467810178,-0.002577264033870931,0.053329955001290404,-0.0014384164254509924,-0.32337391889449374,0.006476989061467493,0.0021606971097378365,0.016673566066416817,-0.0033323642618266567,-0.029426410816875463,0.05938024917898358,-0.024790984636541582,0.21297799874986134,0.21915360254314523,0.22322017586227005,-0.015116590168157976,-0.016687011459572205,0.4048826854467472,0.19206191638916736,0.046438308990520934,0.3908664920695047,-0.05746311552497364,0.011121144344799428,-0.00014873188056766483,0.001203638918320995,0.5252432351329834,-0.023339513719427045,-0.023223026297768894,0.194992893096496,0.18244347324462964,0.19117151537502697
ACHONDROPLASIA; ACH,-0.012767266909135568,-0.016996732947100298,0.015896111001875084,-0.0644642552380595,-0.06946834931016127,0.0020415148189125293,-0.03175897457798061,0.04710331981131688,-0.053273037697575146,0.004683028201334116,-0.0030986376320661633,0.03750262329298811,-0.03835521117182325,-0.05044017463962813,-0.04440565053513687,-0.05249806519231076,-0.04525817187001966,0.05918946937183161,-0.011203183400531665,-0.015623965838986419,0.02662056667514662,0.04103619225455627,0.011804679369325104,0.0097061583854209,0.006693276239773026,-0.00854508356657177,-0.06844469332961503,-0.0651339170941414,-0.06089008842091369,-0.03121994659105171,0.015740483984092266,0.06584313616801286,0.07529734563197371,-0.04428803497150361,0.08786547626174973,0.09281387529882844,0.09486313496571211,-0.039961737973568855,0.06946557792683783,0.060260527252053935,0.04701215163029119,0.0678586477920026,0.061916513552539784,0.05418916079484811,0.0691604207654381,0.06127883052748299,0.05062045744206037,-0.04533626569248586,0.07949687582359398,0.07999889929604873,0.07982496005120322,-0.017341339964241326,0.05166950822023147,0.08972827293937755,0.09285351078441459,-0.010303071323385421,0.0010227898165094242,-0.0020222824266600712,-0.0052476598198559835,-0.022996987514987317,0.006955321783100025,0.0038045329697791335,0.0009661849999216153,0.0010293287247646078,-0.0005654459154745264,-7.258861698062629e-05,0.0005685610568133678,-0.026623953459939172,-0.021028582888095428,-0.03752878855763296,0.0962261738212096,0.35326903864895853,0.3899772851400693,0.06888295004251464,0.13322588236951435,0.12967286281899218,0.010706059364923496,-0.03461270061064948,0.032674905307518855,0.3899772851400693,0.08668558577679393,0.11714702395949089,-0.019854705781725643,-0.0528190101503741,-0.2733751233336851,-0.0798737073455735,-0.019012642715500974,-0.08768050221822364,-0.02337275042940205,0.035453689642036615,-0.045957248526394025,-0.051068027188453255,0.014529045150427355,-0.05097864709380923,-0.10954854122911556,0.0028559248867646436,0.07418896935258013,-0.044364304587799504,-0.021241246892363973,-0.037480307904849436,-0.041652489778544084,-0.03522591804595387,-0.050872017489570154,0.02788806218903714,0.027633366342781816,-0.03984334977846779,0.0076475223077238155,0.012041825106287476,0.016971980578584515,0.032056575196194384,0.00029825642658369117,0.0912660777389551,0.012997382699394096,0.001276545738286792,0.04339661148252557,-0.0005841611756941467,0.04632844410665428,0.02321570246617562,0.051730902916926724,0.11507039249556678,0.027861498875026307,-0.04920012842629686,-0.050130633310528784,-0.04694814124306381,-0.05191565458453021
"ACROFACIAL DYSOSTOSIS 1, NAGER TYPE; AFD1",0.04857498189007668,-0.05083537608003314,-0.270792634448245,-0.038082882978663975,-0.04527151324586331,-0.0005827653565505651,-0.28333295085391064,0.06191020682940228,-0.060248910194185795,-0.0472066341168572,0.016352281560380346,0.4622794639682417,0.17769863447922807,-0.059308245912661296,0.046108329170017406,0.039681977787133435,0.020459768889682237,0.024193381956020263,-0.3070407880712018,0.005870748190972955,0.3603874546900695,0.05275294793956126,0.014268342185319385,0.024442814265977424,0.031246920931393397,-0.01311099665888247,0.028947191357641164,0.02614200067766706,0.022944643602503728,-0.05709712782760534,0.052957629193165934,0.3921531603584929,0.270862621808696,-0.025341792037316468,0.002481628615781089,0.0043176622572282716,0.006447613422147615,-0.047103449074145196,0.02621452761898444,0.02068782996660071,0.014966360364262986,0.0023996452003134804,-0.0011577240115994826,-0.005277408522917414,0.0038868610026340676,-0.0006163632493213049,-0.005592716606124208,-0.02191021446745129,0.002257461555316,0.001730531777393069,0.0011733210675560464,-0.19751860294209578,0.003964670144142506,0.025994226553518567,0.03843953769816793,-0.01189209168255521,-0.22533217957334262,-0.25265072241594694,-0.2584751005478853,-0.031767338512198276,0.009563335877800876,0.00499156212318061,0.0008236224587522158,0.00020445384056157472,-0.0007226637214664914,0.001329175920459378,0.004309440252112411,-0.03470640773810364,-0.056478566047496355,0.0010973215056107836,0.24806162150490463,0.003320674077873663,0.03827229442184095,0.03412103128974224,0.22934492718401295,0.06777234336278619,0.5666281037382211,-0.0670695672434833,0.019411518794174534,0.037800441021105934,-0.007184869546967915,0.04599605239686673,0.027200005349799876,-0.031049838585186618,-0.001032356764313961,0.003779192691769199,-0.06631127895510575,-0.2506862524288689,-0.017584202916626098,0.014137096171742768,-0.002173309151327073,-0.0020867170348007513,-0.20025838528602558,-0.03227854122075707,-0.04504082171723435,0.014712973127357766,-0.012033183624017094,-0.05442386671195174,-0.04114254995285106,-0.04503851613240088,-0.048206923321319844,-0.02833695186000956,-0.026157195187630634,-0.030247803738762426,0.29082000552123916,-0.0009225915136824216,0.2996227715746869,0.30332292750150885,0.3037212524990097,-0.031844356621950294,-0.019316541886479903,0.05149903384409928,0.06002117124855629,0.04857147124473874,0.025351996773240723,-0.042314145402639364,-0.002502859632741694,-0.005401469733960585,-0.0031409154015615143,0.019239330221650745,0.6479671786237243,-0.23631916879851383,-0.0058800770985273755,-0.015222853033706798,-0.007176786344698058
ACROMICRIC DYSPLASIA; ACMICD,0.18923630664002383,0.41324407687814724,-0.36600517992809306,-0.014260225111073138,-0.02602288573471386,-0.0065611447202155474,-0.044509465841085324,0.04189735501604656,-0.46957574819302156,-0.2981525933911332,0.024373935713081663,0.35170913016697125,-0.00026820877764937255,-0.046816807924922405,0.03855233227423038,0.16648495118440082,0.16199386165256108,-0.02384173107307019,-0.33436704968782993,0.03685901473268392,0.5076564163868841,0.17790809452838685,0.0027965748521023986,0.022164780765542298,0.03817074223146923,-0.0140056658848779,0.38042743710219756,0.3703910552546914,0.35246772303768625,-0.3027530065680253,0.20585193754345563,0.35109272496033034,0.2844437409636267,-0.005538269027219621,-0.02826601280254237,-0.025203457256083566,-0.020483401562435003,-0.007995606120945494,0.03327129219023571,0.035173048974887766,0.03379438355513895,-0.009299940717758432,-0.0065638068503088495,-0.0038558175468996828,-0.00394499764841354,-0.0018738279914082283,-0.00019394444950952196,0.03401763026916573,-0.022982072958302308,-0.01942300227303586,-0.015512162769653082,-0.28840476503226364,-0.044555930802540916,-0.053791168011862844,-0.04308437982769855,0.0032244186633210927,0.017305734725765274,0.0005695849558952153,-0.014920979925995387,0.03171005397855073,0.07883600943251952,0.036892179311196295,0.041417005586464585,-0.012374682203373722,-0.007129484392620246,-0.016829890315559568,-0.025337078086894026,-0.01680377263476838,-0.19777649026783262,0.17063689402468538,0.3701179083023907,-0.3384244060410078,0.03175510534819482,-0.04305393561954941,0.007519005385914467,-0.00030397337718684195,0.05296290052523199,0.47396975447796313,0.04898718218649011,0.031870378003892946,0.024051799379415303,-0.29567680189815515,-0.04064433842736264,0.2858290374391562,0.028020233727951465,0.04971416586198397,-0.374411922202681,-0.046514836286673224,-0.2090542177029645,0.35245098591536445,0.4015263795363166,0.39508589290355894,-0.29657176119362294,-0.004921574278818137,0.002488773559842817,0.006181321182271053,-0.044038627051791956,0.03796428891137395,-0.04692200538160843,0.048012599568450616,0.043556964137379035,0.2365220063643023,0.009173738224624015,-0.05186133039061841,0.3450863464831089,-0.016600659547744548,0.19403433016269078,0.18509087425344348,0.05425491034212146,-0.02491814603474625,-0.03195639874605456,-0.022630233031222663,0.00484818677917792,0.03583987962933985,0.015042330830613045,0.00623061915316248,-0.0052671326113607475,-0.022897637487588125,-0.03066703867703204,-0.03024923750155342,0.02563014639896288,-0.01462572529658161,0.3925628320383305,0.40949059328819293,0.418654753519834
"AGENESIS OF CORPUS CALLOSUM, CARDIAC, OCULAR, AND GENITAL SYNDROME; ACOGS",-0.0018406863949617758,-0.018522561101161728,-0.2868247123274953,-0.024079082897714477,-0.020057150443112164,0.002375955882688905,0.0026793649478299934,0.08555730698050044,-0.024659260453411436,-0.02806615471293922,0.028068219468885422,0.06227914810575918,-0.01472596870286437,-0.028031281781089035,-0.026915260634005907,-0.05740879698705307,-0.06730409709123336,-0.0018270589882142744,-0.05528254966657432,-0.03270256630122512,-0.014190980513711409,0.015894060072290345,0.01805805874828153,0.03623606018830731,0.04845508801060878,0.10082023451127885,-0.0462472305544469,-0.058188706427802106,-0.06768720244570137,-0.05354453877318456,0.0019459383357063984,0.017862231783761902,0.021889447834703358,-0.002798919197380392,0.0015625013203351653,0.002541970191626403,0.00356646414112174,-0.033898518071969405,-0.0018639470654797554,-0.0039457621044977405,-0.0059039021538045975,-0.00277835287244409,-0.006664887253955185,-0.011570443825565694,-0.0024536887840319586,-0.00744042235231706,-0.013067715315311043,-0.0014396401250139181,-0.00027670742472205967,-0.0009025552517426068,-0.0015608874393695659,-0.04101525307704963,0.003869925427477535,0.020393191444319725,0.031141491922707765,-0.014230567106840565,-0.05263256844169029,-0.059235101696770376,-0.060469370494496764,-0.02145407493630302,0.02095254936887609,0.019626615257245295,0.016085831614296966,0.007496974509136145,-0.01245259949375272,-0.013588126909377682,-0.013224606245107334,0.005671899949325209,-0.059601001270550194,0.004428713161858002,0.048117411771726785,0.03498134722359481,0.29397270608276366,0.007186164655463937,0.06821298017499738,0.05891176031934739,0.11367409873303791,-0.02223845801519114,0.01374481527809175,0.29397270608276366,0.0026414544262160257,0.026118264461177425,0.009912852663760421,-0.008495135800173376,-0.41502696306442943,-0.41705982490180415,-0.013958437419433332,-0.04257074755598707,-0.04355326750716392,0.003437857032733635,0.009021062452196752,0.0028224203573725716,-0.015544561011744,-0.03267215404845949,-0.027713687969930557,0.019375605570452887,0.009912046416820888,-0.009200388253341938,-0.051673623040113484,-0.001164106194919147,-0.006737854359376458,0.002515378701167553,-0.016186410993581878,-0.006906346882756359,0.06732364598892353,-0.03256095454528065,0.019203727077113254,0.02298512869661698,0.02494225255206135,-0.020653924141894823,-0.033936746971303326,0.025954583081809465,-0.02127327799256532,0.016563392012939576,0.0026420177281010118,-0.020365772108126734,-0.0009108234843955905,-0.03451233671406181,0.0067885483691903885,0.020240281667063546,0.0858950770866937,-0.06526723517926056,-0.0016523637098142066,0.0013107210426687725,0.002369612582791486
AL KAISSI SYNDROME; ALKAS,-0.050667273716773154,0.37334629770749894,0.022569077884982254,-0.010874936775505313,-0.044190621758693864,-0.030555467672219113,-0.039020551571481585,0.03755271554237972,-0.27727363571844366,0.04427357823214355,-0.05523585881374813,0.08377660443147354,0.033822197914652845,0.03226214166336594,0.0799163782865887,0.09544410982938346,0.08552265309770789,0.5400989087069129,-0.005037323214483691,0.042127794857283046,0.3095623075402921,0.0143761702970784,-0.07654412746508714,-0.06569134321846294,-0.049297647415742996,-0.0303726435441663,0.0035391175501077016,0.0018162441160051357,0.00014104692353512287,-0.016670707688628755,0.38090096918074196,0.5805669175737169,0.10121099690940218,-0.006278685007466402,0.050155993954976566,0.04291553435944449,0.034504917779264045,-0.04451685768200372,0.04185186422292077,0.040742322991987885,0.03726087758326129,0.037276427366647207,0.037990039474954225,0.03703804266633565,0.036701771024344985,0.037475506822703473,0.0360994213685522,-0.010221842196499343,0.04613747399693818,0.04200388821380198,0.037366823173715806,-0.005037266248384333,0.04921272990833112,0.0412150063547876,0.01253452355365137,-0.06323135233929206,0.06740537108697833,0.07472041144356614,0.07521682063719194,-0.02957087033495089,-0.0003518947986263596,-0.0007478517798250798,-0.001180642286927105,0.00015940486525687107,0.005049420388843166,0.005201220147812695,0.005364675525434469,-0.5071996210877747,-0.014098704611832604,-0.06666176164561129,0.45722989088198646,0.07191064313789013,0.09566563010773797,0.353219744649016,0.3450912671847234,0.3642430164284438,0.06019324080692165,0.11423957428518108,0.012047902820382862,0.09566563010773797,0.5622059894215343,0.061223226908100135,-0.06543274110639656,0.04328191156577406,-0.2539426410596188,-0.07890864490754652,-0.05001026120981978,-0.3159651750252547,-0.02747151637715758,0.007461466073885939,-0.022804789701241418,-0.022600281245884948,0.027996237650095932,-0.011375086729619977,-0.6011486605883333,-0.04975827688292162,0.5143967375703489,-0.33905660455005965,-0.06537040364228909,-0.3337588503894807,-0.33119586475524393,-0.30761634219748185,-0.07197321633657751,0.06904098341222617,0.0026961347022138654,0.037529845792954306,0.09436015664590694,0.0906893865339534,0.08508223723571814,0.31079115080119335,0.05576054114379321,0.5450415040876437,0.07693947125391488,-0.010676288707818877,0.6383190522844753,0.04754977238397563,0.3496725663341542,0.3424643832400118,0.5230141228908208,0.34969501056482505,0.003652018316150355,-0.2780233729008873,-0.04633577880303915,-0.057779060341819524,-0.04111919310954039
AL-RAQAD SYNDROME; ARS,-0.06746301676879508,-0.3009292191827009,0.0027858713961635057,-0.06884092766318879,0.028219925936389553,0.10315828464681398,0.01235763156148481,0.060111360956689244,-0.0931115381462922,0.06456502632395274,-0.05148194767821652,-0.013647249063606488,-0.03348194468415446,-0.02360709545887745,0.003902376522522286,-0.01682603215160794,-0.041833394290164416,-0.05283112502947702,0.028925952414732614,-0.08636972616865456,0.02611937922041031,0.10342931936921497,-0.07642935647447453,-0.08751335088916862,-0.08774417912079129,0.1103238468142662,-0.06964248466667976,-0.05794631169004335,-0.04241219111405736,0.05625667117869708,-0.09120773649359379,-0.017375626674652474,0.07076505594315001,-0.00025900238545231686,0.01936973498949855,0.03507853256043436,0.04905774872448852,-0.026301745788554855,0.05527998113440788,0.023047718196252776,-0.0009697959179005692,0.048281379487164884,0.029095712884682597,0.010619463157117653,0.0504169322377484,0.025499883667315128,0.002381014604917437,-0.023251872553746583,0.03260869627496406,0.03557486241315029,0.03858553016597157,0.03718895032519005,-0.031865647659429404,0.04397236610114467,0.0956649239742935,0.06759927714693227,0.060967436433137796,0.05251390484973783,0.03726100561712485,-0.04179213691416708,0.013983171208325419,0.009714123973011165,0.004585659159427951,0.001436050064263551,-0.004685520319211125,-0.005458612664146544,-0.00602744392222956,0.0075096660479982424,0.017259231322557474,0.002261122759949643,0.07238872534866125,0.01621185694784587,0.4425450132237079,-0.008642567384224902,0.012100320078823746,0.007841522641087357,0.04900247586640555,-0.07622789203933841,0.052496554906814374,0.443398385370934,-0.07034768240421806,0.012489065067039042,-0.01970024863181692,-0.27880287904208845,-0.04980565334260558,-0.034791113939812435,0.0033154332136782045,-0.0021581762687207097,0.030159116307571447,-0.0374455370718862,-0.05409977859838292,-0.06179820727850499,0.012245689433084772,-0.09221766148399373,0.006331456853355388,0.09458059215651735,0.01029814517978084,-0.04078828503250525,-0.026540684333936006,-0.035527194949611325,-0.042162024786950345,-0.03885906938693003,-0.02647765692336769,0.0043037856001485846,-0.04236996439422683,0.035919116351822905,-0.07102947108663406,-0.06510291797262457,-0.05669301191422092,-0.006003780136129991,0.05407255803575143,-0.06522009905716512,0.01706166778285119,-0.05779678069384892,0.0341947901081557,0.006992675656813884,-0.023751024421413233,0.007824261644035465,0.005907166630317436,-0.0017376910849955466,-0.09417082916389113,-0.05966232179307511,-0.053993733737660615,-0.04453864514391334,-0.05768428063331105
ALAZAMI SYNDROME; ALAZS,-0.020729799106205923,-0.031518889143922625,0.006117593215907998,-0.0015152679037431242,-0.01974881342482027,-0.012716699464097859,-0.060151137560492174,-0.010707678618016924,0.009416768177241274,0.020468383656584783,-0.018340551968640463,0.34879200896347645,0.043591200807994834,-0.04924553194994302,-0.08502890254126398,-0.09264533245230284,-0.0770323548891841,0.01175424545848115,0.0049577508861667905,-0.02754718836104496,-0.08038406279144919,-0.016002360556936282,-0.0021853514657355143,0.002138112465672504,0.00681648868522196,0.048179372559242706,-0.09901354054586294,-0.09797561026376171,-0.09507357352330378,-0.01385620497294028,-0.048318728594347396,-0.04063355703333275,-0.008449775674870872,-0.03270275464129053,0.011760310432655765,0.00866371607559901,0.005320002143764076,-0.005129824435443425,-0.00474524092319748,-0.007346859529492856,-0.009076489095827868,0.0015160257334820228,0.0001659770844866828,-0.0010688657481894208,2.798110810283853e-05,-0.0011650994898981192,-0.0024993727474851577,-0.031131113607255134,0.008435763452514471,0.005739940035445907,0.0031559462535996397,-0.007810858762056825,0.028562772385772022,0.0383635638993604,0.02828888573810925,-0.05033047894900044,0.02080954485624411,0.014515221740010496,0.008440072266051962,-0.027527310961002225,-0.0009333869094120769,-0.0037433866101691223,-0.006704886927705346,0.00033579243228845515,-0.0007982282990738781,0.0002967528881993352,0.0017097835316420892,-0.061684552829642,-0.004310359030430009,-0.07823482344489242,0.0138148195790862,-0.036351339266953796,0.07998174682589003,0.020302255800322556,0.05105208943643414,0.04715485543390269,0.0015989865260014671,-0.012153821248176695,0.030156150678615278,0.07927770327617216,-0.006925498636399516,0.01929049266999006,0.012382642551660942,0.0015093061665747537,-0.038721859435064586,-0.028172642343749763,-0.2784840910687928,-0.0795250867856403,0.0009487865407399512,0.007900794689376612,0.08927469325796121,0.09050812025381724,-0.0039831523221474305,-0.007850194066197226,-0.0377945731918232,-0.0005963053543741532,-0.028832391847695468,0.014481912955643723,-0.011177324080901122,0.023209676525275474,0.021125458376449937,0.009755843122840481,0.039291560084946865,0.0023776430269754527,-0.009242696275129123,0.00022928649325563747,0.06167302425467969,0.06027913811716572,0.05895801080325474,0.05616496044181905,0.01658140923705383,0.0681973670172511,-0.013533392019154732,-0.00728560442487759,0.03937893986554598,0.06634417612845066,0.08117496290442479,0.04186747140417408,0.08425763554998922,0.02584306235259164,0.00865951674282192,0.017704951910656307,0.07504453144361817,0.05705398284301088,0.08055071437345893
ALLAN-HERNDON-DUDLEY SYNDROME; AHDS,0.0003390520209609076,-0.0008050435358792729,0.00520816782483945,-0.006401395468190798,0.04050415250934209,0.05187475069681696,-0.051510757729614526,0.009811255630233658,0.013113284992793742,-0.457110007451775,0.12990671597172174,-0.025002939119091225,0.09362041215767883,-0.02352814525151998,0.04700059024748053,0.06913597803560677,0.07079798192649199,-0.000994623472998207,0.03716954055256776,-0.010673752759960235,0.017629657104485257,0.02520519509995022,0.0699104498199478,0.05554862971027297,0.03555996213219719,0.3347098592848225,0.009557076467412103,0.02889559795661027,0.04947461948593651,0.04991996575914756,0.011674459680141318,0.0700688206169045,0.07657761525135214,-0.011678562991672888,0.02998920476173381,0.03763082824152752,0.042521013145679014,0.019670007299646682,0.062286475618002005,0.05226831777816179,0.03675397500648248,0.0442958240054728,0.04173055166090483,0.03592111240148539,0.04712480103190969,0.04269944431162691,0.03475985825695844,-0.028403393841246957,0.037759663117225895,0.040975666810773886,0.04305727171153014,0.03678288798487748,-0.002481104280197037,0.011044102125356952,0.02277481688575285,0.046314585313479976,-0.023191026080352773,-0.027579484781093743,-0.027989003640458945,-0.027003505944900346,-0.004315119638590655,-0.010268008645896621,-0.015614582276100904,0.0016295199195736404,0.012502047469467356,0.01826463671423798,0.023317862849762398,-0.03851277894301189,0.05331057753706262,-0.006304357225510192,-0.02170852954793061,-0.06663189869674602,-0.03163968992606848,-0.047376581928973385,-0.003746889880286178,-0.011460695612212381,-0.04556930194912504,0.00020552303603833604,0.04728007983973413,-0.031105629656468757,0.019371734066490794,0.022759124098499454,-0.03810974542462998,-0.034472208534124256,-0.05783226898354667,-0.04514358971455752,-0.06233142483836061,-0.011179279187083726,0.0016471466232504868,-0.052144616007788636,0.0380731314510736,0.04695500181893087,0.058087377980212615,-0.020962126629515694,-0.017971693055829054,0.012019060518486268,-0.0789587110605193,0.4631421145334126,0.10872786115145738,0.46646256168211253,0.46373976742716433,0.5761620903514796,0.414775070142495,-0.07822202550691991,-0.019844108705532815,-0.014140047788422172,0.1088935847858509,0.11338242425597292,0.11591240254934337,-0.10770556150079096,-0.1259188934753788,-0.0409896135184444,-0.08803884840579093,0.1242818627333443,-0.06114753157446299,-0.08378960190437384,-0.07955221195764484,-0.11367153760246718,0.025393963425244356,0.0196712352004474,0.09040474011020995,0.044352728107941,0.06650503821222217,0.08626360111125038,0.06937860760906076
"ALPHA-THALASSEMIA/MENTAL RETARDATION SYNDROME, X-LINKED; ATRX",0.010076953757251534,0.02730898569275914,0.010172654452708782,-0.026412647180957073,-0.035884252210967055,-0.002120373540834682,-0.3742402825287082,0.035557778858013644,0.21138696211621333,-0.473515375531876,0.41154015295343155,-0.012830078921748618,0.03203874564484389,0.010405947349453744,-0.002432421627076958,0.0023388346621814847,0.007183356509291569,-0.010748108670648569,-0.01128496381731901,-0.029988017856895623,-0.03339937627494592,0.0068879677629380374,0.0014230998983328536,-0.009455092200420429,-0.022900281766882486,0.21213460296305398,-0.008476783118716923,-0.0002639276839367161,0.007618531357020698,-0.005449301108833279,-0.01717996155209464,-0.0007080909657743558,0.016002504405339003,0.004033323768664061,-0.022765169585536222,-0.023844405821961262,-0.02577619124968816,0.01166165391308772,-0.006021928553954248,-0.005942997000407696,-0.005123714593013113,-0.019158134654552142,-0.020621617412970805,-0.021631641574285567,-0.016381901802862774,-0.018578743193952984,-0.019586859693803117,0.01015485416218866,-0.023671321987612702,-0.02425259161667787,-0.02500408021909698,0.002430275741948023,-0.015287531816604888,-0.01835424572605666,-0.01222019813127672,0.01363369606171229,-0.05491271387285672,-0.052834571654537386,-0.045936463630109,-0.0023525845701349215,0.1089320259136124,0.09526657878474139,0.07230724859459012,0.014031494125376817,-0.1915851875225899,-0.05482322883977615,-0.04440537361956957,-0.015263811509990961,-0.01633345289857093,0.01786098919850101,-0.04940024038108861,0.020356681965143116,0.024170783401623614,-0.004963781325614473,0.006606471903453124,0.00412773632223805,0.25968710667134953,0.01782501751589535,-0.00027586422901173445,0.024262286150435925,0.011561571391342751,-0.007839200973293,-0.004026346056741352,0.009788064713776072,-0.035651407060431003,-0.039090975152323175,0.017530978270257746,0.00516664637563388,0.058415343567492804,-0.03528980813443765,0.26496503769973234,0.28820815021643187,-0.02215407231871659,-0.013144320005538664,-0.00693370180540934,0.009362192889619755,-0.17192163495840695,0.4604114532765673,0.39985355411993606,0.4832030116299811,0.4627955991799799,0.42633248035386273,0.3817247083960898,-0.020808443690482157,0.03571254831921636,-0.021953423871219332,0.3512171860822938,0.3743113160189746,0.3934151236888968,-0.1948828127828717,-0.4219594670976179,0.01889737528147648,-0.3465750518384163,0.3632550858838075,-0.04742897273640269,-0.18037799677224897,-0.023581862013076892,-0.37654462188915266,0.02877403177257159,-0.005136413336149284,0.304564950261874,-0.006167111799659377,0.04779495177658099,0.1858012994742617,0.2769659228466665
ALSTROM SYNDROME; ALMS,0.04841979530164775,0.5848290599950702,-0.01879781192576969,-0.002838737654036938,-0.17866025080182926,-0.048748837322191235,-0.3239102121444144,0.011139200026768244,-0.5056358566773184,-0.21257752559586907,-0.00880536183441821,0.46872026833114067,0.18584960536915696,-0.04656135058215856,0.04636755394613509,0.2218885192389054,0.29020095869124074,0.04951809129069804,-0.055389883728130834,0.26627038185010055,0.548687968207799,0.034290999751694994,-0.049911706096829975,-0.04724811315456494,-0.04064537261531718,-0.14380235431639588,0.31148591819089844,0.32066360533990956,0.32331014976959765,-0.05020668528244061,0.33375107213312627,0.42721682269480615,0.2703552753725081,-0.0066636736245678264,-0.18584100735137277,-0.1873263037758483,-0.18427164436695928,0.013367287299106068,0.004777289475050633,0.009644791307778528,0.0141108819298826,-0.03781955674748179,-0.03247058992443147,-0.026457324921485288,-0.032732466718313626,-0.02671803756099201,-0.019231800949178514,0.01679084075722364,-0.16834793838265297,-0.05099268529300525,-0.04877851010470635,-0.042227142724188815,-0.17036830385671833,-0.31198941600815805,-0.2971699283101838,-0.0008887489270205608,0.06449413399945457,0.0626431613550963,0.1765973392096726,0.0004578145159154384,0.17537694558224148,0.1936923156082695,0.2429984005912392,-0.0016375095292230897,-0.0385025285792251,-0.05735601805424157,-0.07229662308451329,-0.043960467930789796,-0.04722891963552382,-0.0015743058042034194,0.4899366115870789,-0.050785583113049655,0.20676448804813063,0.017228523717055227,0.20320975339036582,0.18641038641980587,0.08789585375809075,0.5814037136648539,0.006134834469642442,0.20712441871956405,0.263164115470013,-0.06753014334913827,-0.05478175176774682,0.3636594321677686,0.018883064070773545,0.023507020643424626,-0.44412801338047886,-0.3854130617572897,-0.03262567385840254,0.11015838736550287,0.4593239195083133,0.4455782838951853,-0.04058060819869924,0.002618660069220735,-0.05787494472584515,-0.02575278929900512,-0.21293739423000602,0.2783848803122191,-0.038044092544792234,0.3155868262261739,0.3067405345352976,0.4496050162586139,0.22312127882828264,-0.40869907230400443,0.27541178333690897,-0.04254296613044209,0.36584706058029576,0.377346247960431,0.38487982264999937,-0.20393927094753128,0.004579419103915139,0.011007223341367675,0.30214994051673977,0.012828190527472692,0.21779216933431958,-0.2087439448610649,-0.035783095206247686,-0.0063727224653686645,-0.01860452106642521,-0.02227870911295653,0.001470174919064323,0.029430050757714845,0.3690530021097199,0.40396880199228563,0.44577670536734953
ALZAHRANI-KUWAHARA SYNDROME; ALKUS,-0.03327552677634632,-0.03561907338163629,0.025827823471508093,0.0029547508134215336,-0.051534817366636475,-0.05126473853372586,0.0001881617221171439,0.03772705596709914,0.03155263339897326,0.038010868402734446,0.008736719218113177,0.06250695892404035,-0.04043023129237763,-0.008982618759991734,-0.003538857175229574,0.019284851279352217,0.044743019967039104,-0.01572571872697729,-0.020404528837402583,-0.008252447363320994,-0.07758697606478421,-0.03648547915416171,0.019343039310614665,0.01207067727505256,0.0045145905002679605,-0.012165514628508402,-0.02567629773087523,-0.018422420870149586,-0.011054521331959418,-0.044225666401852465,0.029845601136946003,0.03305690802509818,0.008514502960063036,-0.025587838398502913,-0.04020952600360274,-0.04362456888877985,-0.04578670881255937,-0.20917779068941253,-0.05953202600458186,-0.06455753915907399,-0.0656419561087439,-0.03658847526527749,-0.03660410358425412,-0.03541828121014894,-0.04368582159518246,-0.04408455354711023,-0.04263724639205487,-0.009135929444480188,-0.035553792146520456,-0.03718325957100978,-0.03843452106839823,-0.037699034877531505,-0.0015726222681958293,-0.011090596941228027,-0.016313651861010147,-0.005665652099719677,-0.009143185157948758,-0.010276656928865239,-0.009555397778993967,-0.016188579697886264,-0.001550825396907893,-0.008168751295044963,-0.015069944572197125,0.0005954270534540881,0.0012407157206262675,0.006430381045207887,0.01301942045827283,-0.0711640362559416,-0.02311222172099572,0.001821638715493432,-0.04087533650194007,-0.026182102612900195,0.001499507753278798,0.013944329057722894,-0.04209428895993034,-0.028864752671075078,0.5174789586010897,-0.5775350712571035,0.05921586392820174,0.00138198486057899,0.06618270574383858,0.3508746182614415,0.050122733848155146,-0.30971630266487543,-0.27095660169155833,-0.07127335265628981,0.005684842585892794,0.022986653959619855,0.002914096730479314,-0.011028416451706189,0.004949748514157117,0.006152112186083777,-0.02199015892288799,0.009165395172917248,-0.04733655121890461,-0.026823010897894177,0.08552291241128364,-0.04233414670283839,-0.011039135580936424,-0.039134432072310224,-0.038626320227764445,-0.05797534637660104,-0.022965648591887083,0.10656666148891587,0.036281529826115884,-0.046403174020702376,0.033737360232712156,0.034402093341289505,0.034829998372552795,0.3873637506853262,-0.01074604449476197,0.039190166687865714,-0.025989619126701276,0.004859245590605617,0.10914369477171182,0.4355026700791011,0.38596785556783964,0.06359858529343194,0.12716488582584676,0.022126763624873865,-0.024468882028873498,-0.010246400962651957,0.028426308530894673,0.010094281759206632,0.008394862623358281
ANGELMAN SYNDROME; AS,-0.33839722933951905,-0.15674971357935738,-0.009535766741030788,-0.014103448119793003,-0.015278876956349658,0.0008431505441856273,-0.15061896764793437,0.10690946681139923,0.0035637486580278334,0.31205451646674937,-0.15641675337437047,-0.02573729623369707,-0.01585456474282305,-0.007780780845942891,-0.19083665657605883,-0.22414124157937654,-0.19413171555876685,-0.19326299864879337,-0.014391176807991226,-0.09793984861549457,-0.19980670859677818,-0.001052717305681721,-0.008623322519671251,-0.014149558545829137,-0.017595371245107187,0.011037507490418225,-0.28529915241447645,-0.27197091739422175,-0.2523853425556042,-0.005885759749779508,-0.16744902334575495,-0.20067927206326333,-0.025987040541048185,-0.020742441731746653,-0.14113867252314533,-0.14947422294780824,-0.15417585264674996,-0.020629626344581715,-0.17425716604570746,-0.18594350715898678,-0.186107615415782,-0.08048941408636799,-0.10194138692935409,-0.11858975433822963,-0.1117318760725325,-0.1311014211689631,-0.14406720203228773,-0.01454663747070547,-0.10356319256032522,-0.11692482157422202,-0.1286753114534155,-0.019193422406407458,-0.09734250167198473,-0.09782497617242897,-0.018282701812963348,-0.005865830227756166,-0.002684042294593985,-0.0030991086479493254,-0.003310796445934254,-0.10619681463576658,0.0014824742414753522,-0.0031056455973121687,-0.007361556296714328,0.005746488605944473,-0.027982443560129754,-0.010948246058505346,0.0010879259260103353,-0.012597067244687205,-0.02137063400338089,0.027288127258259295,-0.013290647712047196,0.009535603120760778,0.3398617834567512,-0.010427807208991804,-0.018178210578729193,-0.01716272483210821,0.42182764122274696,-0.39729470869324246,0.22586111982242968,0.3398617834567512,-0.006361632577708022,0.029397664283894787,0.20771669845082413,-0.16126955191231307,-0.3634392416536453,-0.3106077729823234,0.03186854530139083,0.03152723907880892,0.013296488681299677,-0.1441613986456137,-0.28213204208244025,-0.25777810639229287,-0.01720444502479716,-0.012689348627189217,-0.004396643185041111,0.010192270646809413,0.2720127590752393,-0.2856763054943804,0.17736026248521156,-0.29005756744806965,-0.2940052942542105,-0.3095405304926979,-0.2768351372641773,0.3702277271150784,0.006073735596976017,-0.011545860420530638,-0.27713234882341314,-0.27528391993770535,-0.2700102093927746,0.18667021918432947,0.16207493583379118,-0.03075912962193025,-0.14637480328011565,-0.2120460303926738,0.21818562842367775,0.2312195034811344,0.023887282255175453,0.029076060006134115,0.1951429490899183,-0.028948673104136097,-0.0957753011804926,-0.27781187019089404,-0.35614909429985264,-0.3569703120637228,-0.31647733260722616
APERT SYNDROME,-0.045692489657566566,-0.003983217683490582,-0.04007337641674111,-0.05875965295863092,-0.035690473426037345,0.02990984425801364,-0.08729186389094587,-0.037929362167988034,-0.3983270267059401,-0.03755475922587458,0.01605089949805525,0.06908352827633182,-0.027702736668239754,-0.05844069420735432,0.02959864197119429,0.0169193879271188,0.002725015634099162,0.008957764568267476,-0.025049768993868793,-0.03911199010356779,0.04646430793683968,0.07516499861388315,-0.06313480735240833,-0.06808887818860641,-0.06709848519100248,0.06116544092243677,0.022626795160174806,0.0460826203382003,0.06423458161531886,-0.013202567814989968,-0.030734349803811685,0.008719037375613574,0.04916967163331747,0.004482811143161308,0.017626405905751114,0.017737335379575853,0.018067308378424192,0.025038334984392185,0.017927779119017044,0.0011674072741725368,-0.012508032005582394,0.014026723855406755,-0.0007922504476062581,-0.014398662093290663,0.012672307153800766,-0.0017877692423780257,-0.016424229613346098,0.008560608509161577,0.01717848197931715,0.009476120155814291,0.0028428645313528476,-0.008797053901296734,0.023788904481371723,0.07862660414819828,0.10017695811853569,-0.017406938664773393,0.003552287068700665,-0.005183499142968507,-0.016251068662392384,0.005055098936245241,-0.004993122972685825,-0.012682877788205081,-0.01954694695301897,-0.0013390787707103107,0.0002127214189818325,0.0013016051835064266,0.002678610276636133,0.03437522148302716,-0.03562259091224095,-0.025363175711138705,0.42706074828988383,-0.07336120820561463,0.11459923565154385,0.03113307830098595,0.3537017767451518,0.3232579104548243,-0.026306658990325006,-0.014983790625380878,0.099531574927692,0.11459923565154385,0.08712904382030129,0.33522580379454026,-0.01209068868332189,-0.029153347417056982,0.07062418564299357,0.10577027631055218,-0.4902802316588053,-0.4554551316925542,-0.0037841272356348337,-0.03553690411099693,0.07435749764576609,0.07591844509353803,-0.02806205870732906,-0.05428754954697644,-0.01796595404620219,0.04690411089509289,-0.07706968931843859,0.061546223545367366,0.006549000222026769,0.06661648886520319,0.06567614008080733,0.09255309713545092,0.06054648349111865,-0.09300809735042061,0.051310865045989744,-0.013664855522499395,-0.0068100333852993905,-0.0032583063661871053,-0.0001820283865020148,-0.07428967670901682,-0.020177055990033377,0.0005690618005977062,-0.009502991421214095,0.004542489394475154,-0.06441177394288687,-0.0752580102155522,-0.054491716164241956,-0.04277920130669365,-0.0060586074931886285,0.3447912567485438,0.056019055457619614,0.025051053830106206,0.04437160056011579,0.047806283284501906,0.0673360852608231
ARBOLEDA-THAM SYNDROME; ARTHS,0.0014110468649646422,0.0417038933787779,-0.030011910524398368,-0.016064089946196264,-0.23496287730572876,-0.03737852648764998,-0.032273910173191867,0.3433926644435386,-0.29486426022149737,-0.0298251976910394,0.019615435325047472,0.03686040065523449,-0.009869248345293442,-0.02755569232530188,-0.022542150648736783,-0.008744310069386493,0.003393289918236969,-0.002656971259221233,-0.22115983821906482,0.0021824010066544396,0.003265862304914288,-4.329211511107259e-05,0.009907629537259008,0.004393876682898658,0.00022791064504336294,-0.0006702593798794802,-0.034344967804445375,-0.030846151829993423,-0.02668613436110817,-0.2156647418901701,0.020818996212003633,0.033966505787674454,0.025032254774838808,-0.034741278727913945,0.03799216490690485,0.03921630104247674,0.03918996844032452,-0.02391341130133797,0.21318328003005899,0.21802754728054302,0.16829070243656372,0.037454315242962555,0.04029814090248335,0.04155166394053725,0.03914777070678285,0.041489091507209475,0.04192173176148592,-0.025577769139846024,0.03814278415144285,0.03979483635604528,0.041033539708938124,-0.14521796624588965,0.010148544820170323,0.008911015010127662,0.004354122642857998,-0.023017293251431956,0.010630931691069689,0.014624597081129084,0.01696763345302224,-0.02556279037737453,-0.010612044128358939,-0.013623814460582785,-0.01544180243358954,0.0027291764869095984,0.015761436298130947,0.019288160626383888,0.02198139314697085,0.002176948105036549,-0.2449725262568146,0.1533007916545775,0.30500152740282027,0.0334496768001222,0.4018565418399257,0.0082468034251769,0.05203507781273329,0.045945085087855796,0.03629299157773401,0.048959242824843624,0.01711814174002496,0.4018565418399257,0.0398035057955491,0.0029948364378307242,-0.01609051383179926,0.025350745280056108,-0.1533405497961116,-0.044651630930083806,-0.00840812650764942,-0.03382294129556623,-0.11921775098518764,0.012234615795242109,0.00029436443280870264,-0.001172527412537565,-0.16123085126094117,-0.0022027181222538336,-0.04784405798528193,-0.013624664407612147,0.03110449017598566,-0.011840072224830264,-0.02223700709857119,-0.0052246686406854925,-0.00994487248061796,0.008471943316129101,-0.027651982335771225,-0.007387951307953381,0.2510485315418448,-0.02645407735705464,0.012626244043037596,0.014896625397969257,0.016479778962317004,-0.01743127466833032,-0.02460843068547586,0.01933539543251119,-0.00520834907725554,0.015707709794136097,0.017570449133788867,-0.02831737790268354,-0.005284177384350803,-0.022632908348974374,0.0030418848153127205,0.02760626204585009,0.16403262465711843,-0.26582510654541,-0.02386088152550635,-0.013208597476521295,-0.006001872823137944
ARPC4,-0.06510946251552584,0.07197027095134058,-0.014947763359270758,-0.02647500516183524,-0.05765314146456739,-0.017694421075116373,-0.06042934536376525,0.006040225417006559,-0.5316686732582044,0.062075482069146246,-0.07452903543972693,0.052242370838951634,-0.03451200827619121,-0.007720070680708871,0.04405361957691037,0.05400877119408946,0.04777535083122425,0.0861650407781923,-0.03428579987970885,0.02363691876530338,0.09033536834926718,0.03098811664800359,-0.30177121326331396,-0.08983728746376167,-0.07661329973655615,0.026023595966475434,-0.008275436175576826,-0.007322612840560363,-0.006662176955008658,-0.03890866280283836,0.06874804045745186,0.32853484308029984,0.07686319468892805,-0.03044255434778707,0.0831411666349418,0.08536166363996146,0.08614244757829488,-0.021248182087779656,0.07188205473668308,0.07191615061145812,0.06936065532864741,0.07828113622825512,0.07890594092047125,0.07700763749674006,0.0785616402888491,0.07768224387631961,0.07492932560580624,-0.023738971020317558,0.0829714919526822,0.08384768936633327,0.08425035717683836,-0.013747830762164608,0.03914726283903346,0.04413034724788226,0.03192206344663399,0.014521198691207566,0.46595914563601054,0.46120953917298274,0.33843175051834906,-0.008129984640510513,-0.027843602605672105,-0.028862146969427523,-0.02714692975874901,0.004864054753837002,0.021175778780887684,0.023777132003237694,0.024803316855562772,-0.019358070864157993,-0.031195184525889975,-0.0032644067562194296,0.5185346500990508,0.011349373851296859,0.434620578086504,0.06039782532312333,0.06408878639634775,0.06677251508949297,0.03837215984119414,0.1160909421571741,-0.018186525450996482,0.434620578086504,0.05185926509720261,-0.009911465069024943,-0.05223692063211708,0.05759530472534308,-0.039646447494924936,-0.0516837999643546,-0.05362299624144009,-0.06894675486877246,0.006056421993021747,0.03597265969934779,-0.07119706952003567,-0.07285450837422143,-0.018357371852226346,-0.016458027436539083,-0.08741114555175358,-0.009673608495508794,0.3215836983835007,-0.4601351607458193,-0.05487568407465016,-0.3741327781139204,-0.36526281937443744,-0.09181289639956582,-0.27576587110115586,0.035396346180230215,-0.004682584694230742,-0.03385570953383199,-0.011546188339272961,-0.011858053262456847,-0.012284796760720794,0.04428420150467934,0.07211484703946966,0.05497411441558282,0.08509617985687301,-0.06371783954041271,0.10276779666468819,0.009037714153374739,0.03547557845302422,0.08608121565499438,0.06715804583533082,0.05674005418995009,0.0036742228374118746,-0.2594319246956726,-0.40762634790560454,-0.31342195445491905,-0.2817766227314134
AU-KLINE SYNDROME; AUKS,0.14835634900772723,-0.010141493233865569,-0.1567709924104615,-0.02329303345315975,-0.02942405612565438,-0.001227469594664029,-0.3872351043164561,0.045586067577111866,-0.0298712251135019,-0.2764620103972212,0.1508599550584866,0.3047347905709548,0.12073322996593028,-0.22695777579881077,0.3022341518856235,0.33096163291656633,0.27311700519138743,0.04697110446347565,-0.14497911230486363,-0.009149338613576806,0.01118993901265581,0.018670132348637417,-0.2569800175297705,-0.18425267805383605,-0.045784411777712926,-0.021098567361015907,0.0038458663230304573,0.008210913874601622,0.013405538774713845,-0.038844823153104134,0.22994468763540177,0.409614400054639,0.34780222856011056,-0.007239763775172878,0.03933263653436992,0.03756406249346453,0.03464106082284161,-0.13947885251020298,0.02300350389171604,0.01367515736928985,0.004747131981914886,0.030716860630068933,0.02320207114658437,0.014488586434347013,0.02962551916423258,0.021595713886981397,0.012901664894944162,-0.0033207163066174793,0.037135312120322915,0.0324658909485078,0.027080210428974023,-0.03595522954643607,0.031201681908806483,0.15362809323858606,0.0464190099992062,-0.005423854918479797,0.03809093407244847,0.027805896851202726,0.014748476575191924,-0.031227236297802347,0.10039960508958122,0.0880596384921649,0.06629259696836683,0.0032332205007077554,-0.03975427688392363,-0.0320554494352965,-0.016525965454542043,-0.35567031788322956,-0.03825530589743922,-0.003120109876674242,0.03582224078007913,-0.008227059920220122,0.12375395127046884,0.009854008094269907,0.03214440092059608,0.029231745076077155,0.006673938840127874,-0.03271022371370791,0.04785456143796629,0.12323933632361583,0.1687205601977267,0.28997962630121005,0.0018779560640959563,-0.02518389836761304,-0.2830939645506705,-0.23525598995580332,-0.044355100540073154,-0.041176209509772174,0.0007390759905389461,-0.011567106248922768,0.2618995727488185,0.2922042378978871,-0.11244961160643024,-0.02264865028527783,-0.17335420521816164,0.002352091748850287,-0.018481060272961865,0.17264285432313445,0.05124638821918802,0.24723576183012744,0.23435325076912594,0.2527361145195375,0.14192490534220356,-0.031179769623989044,0.2534946382177579,-0.030181582486745986,0.47226511246826525,0.47440528216246197,0.47163208455650135,-0.240277375352276,-0.2130331060274971,0.008179213391285415,-0.01687923663663606,0.2821368213606991,0.27708929513270064,-0.22227637443055587,-0.03457805536531216,-0.24586704318940325,0.00914006947622075,0.20812718394161497,0.30545126576024423,-0.004316024972251833,0.13527861480223868,0.12755220834536943,0.2470671480885795
AYME-GRIPP SYNDROME; AYGRP,0.02505245711618205,0.328366012075659,-0.00044288390313376963,-0.024599244365034068,-0.006832209632394545,0.018176020200009142,-0.029144197866445697,0.23841771130176814,-0.4011436857171386,-0.27279242297411344,0.21487853036147764,0.21805209230185782,-0.022211324805942602,-0.014458224317795077,0.015035543363218188,0.012935513919150134,0.0067124090982629,-0.045570828468040704,-0.0115441210674894,-0.01620150089696969,0.010269059053579327,0.025839908726504397,0.013128661598649742,0.019823758661075976,0.023963784567956708,-0.012638888149442024,0.0019425135755086007,0.004572859067033448,0.0077518633383986055,-0.00764403739281341,-0.010320791924990535,0.011838306736809424,0.03243747030767597,0.00012864758320337602,-0.008730827137652214,-0.008307922642339174,-0.007615932863320755,-0.04389799159442672,0.05845374932606698,0.04578125544830745,0.031012732048031826,0.025559390269136378,0.017733062232209662,0.008814580584272329,0.030094845938636584,0.02027277274837915,0.009929623519014621,-0.0035009659364509983,0.002563703847225416,0.0010385103877794198,-0.00032931602313593264,-0.004728934395739404,-0.2160425565052333,-0.2115062741382946,-0.03882096138687874,0.0022545170241843795,0.012756664926378653,0.0028703421905869712,-0.005516938409812938,-0.03053357572478344,0.007089099631859043,0.003024154643847479,-0.0003245924957324591,0.0012722241607366867,0.00378045176357923,0.006891883906251939,0.010751264345402085,0.04061270696954856,-0.015244782111549676,0.20023585157859614,0.31595939292466396,-0.059005782723718044,0.2516731093436706,-0.051949204294985896,0.005851807286195892,-0.003305455799716092,-0.012592568186117663,0.00856937286189538,0.036185659794516135,0.2514513998728629,0.26829000510080586,0.010474882807259145,-0.037171870600681105,-0.025781631685463,-0.05771650262498861,-0.04883846962764679,-0.06229090520419949,-0.031463421838871554,-0.03552586702030402,0.013898709029330884,0.056081274249736045,0.054432235139958374,-0.011932851115550301,-0.020797232905550207,0.002455202102590092,0.022065577380224927,-0.0314525260818788,-0.0004960468280397552,-0.0425465068334365,0.009212926097841459,0.0017727912679551163,0.04203309626649453,-0.01608359717493635,-0.28813495834602837,0.033797672049527,-0.027454931261950657,0.015995499268070153,0.017668244498321346,0.01999576395475394,-0.3134250296570275,-0.23221987533160093,-0.03226295125891672,-0.03943379355088796,0.056676111102211775,-0.06691772412079827,-0.05916251020735832,-0.05902458029890432,-0.3426728284456529,-0.0453435182595389,-0.009133062815788058,0.5140465826002102,-0.32575876110927504,0.018818259272955988,0.030210108116627034,0.0460197744727999
Alagille syndrome,-0.044052691637444547,-0.00190930374624294,-0.1292799371307088,-0.036551911218341025,-0.13471990584431512,0.00013335852182343337,-0.013843530347551081,0.3539865194248605,-0.4288676428665966,0.015743528493893856,-0.13737478033026412,0.2646777682635216,-0.0012533235650373782,-0.1430710941647377,-0.00474344023951747,-0.01695777173927435,-0.023702051144493287,0.001647398531125573,-0.20738293321924808,0.0019304961828913562,0.28067083010967847,0.1416455968445142,-0.03052422022749474,-0.021599221924332182,-0.010985708313163589,0.016978843581287973,-0.020297110918839782,-0.020872019927657273,-0.02118503380825581,-0.1368481792712351,0.025525769420128592,0.2436000470290506,0.23226133875051141,-0.004436071547282876,0.02952146923128945,0.03004516938611599,0.029633869305715117,-0.06816914886067237,0.03822309714647741,0.030119742790352545,0.020288147819175543,0.029211861112869227,0.023167594311081684,0.016514553516239046,0.02841658064096597,0.020994664156429636,0.012966416165682707,0.000851491941673047,0.030961732499482066,0.02913332189123427,0.026879569704839124,-0.033127352792685416,0.021036098874229237,0.1326929781189778,0.18086539421813172,0.0008943354806966081,0.14179862025442455,0.1211213569570797,0.027458726428378814,-0.031329348448918846,0.04448238982548252,0.03507785818506218,0.009201343405969913,-0.1314754983159688,-0.012540329462105926,-0.017080385784092798,-0.006244649882952939,-0.005062218521446875,-0.21892180050571808,-0.003517531060635337,0.46141756164263764,0.18760716511573122,0.5283988529951369,0.020423727325056026,0.369100984264826,0.33176725511414173,0.2347442243634928,-0.012449510370691953,0.027814573601248574,0.5283988529951369,0.18437005321579333,0.23621626505623367,-0.008994098496690939,-0.023527058644754125,-0.032163436456817726,-0.023887712088953406,-0.037696044728609206,-0.28436457111002017,-0.18203160136133362,0.056251707208513024,-0.0020620113876117277,-0.01035889906420154,-0.08540753585924044,-0.03250083649495953,-0.2197725922313583,0.01087292080205489,0.022936722401592766,-0.1451063634322766,-0.2796951767878005,-0.03645122353317104,-0.13540209085106497,-0.01207599114048922,-0.1478032530757697,-0.015588491283920015,0.12951046073448647,-0.018335991982519388,-0.004825630137349229,-0.003952794125955773,-0.002959251958271635,-0.020232032643071374,0.12756296561923294,0.0107577256852244,0.24098531093799416,-0.03820686019708708,0.2854043867048285,-0.12470849618968738,-0.019864693750475674,0.014016239212833764,0.012694069609788446,0.2273052495771243,-0.010282221778074438,-0.33909269596892994,-0.132623306886511,-0.03032581394802939,-0.0203748257762859
"Arthrogryposis, distal",0.1250435117820088,0.12777987900039703,-0.13944747378194952,-0.009693439109559896,0.025386486866041093,0.02079802498757712,0.001162569726704429,0.4014870202202895,-0.008505102926359365,-0.38493882292323023,0.3876688030088509,0.34933846970870247,0.02097394324849476,-0.03412177987100154,-0.004639047988675311,-0.0039102193147320915,-0.0023039126397192996,-0.35152600601016526,-0.1344392283653466,-0.01137553327912207,-0.009513315043426434,0.004476024532546445,0.01676189758217233,0.02676838271429515,0.1043026227587916,0.016174108892901384,-0.004988557323280269,-0.0032822458858618457,-0.0014572150046401726,-0.03191596565353789,-0.022787891223334578,-0.02268302187945661,-0.006969771974346698,0.03196921286126301,-0.19508840415622394,-0.2086096567495362,-0.21700999673726565,-0.0055473338186550186,-0.003042008954085605,-0.006282261824339942,-0.008858029286402655,-0.09387557607267132,-0.09971041059162417,-0.1020387628060837,-0.026206923882161937,-0.09037515519216954,-0.09344583538225322,0.12031338258412626,-0.17208018856201446,-0.18071280480096646,-0.18706989877499908,-0.1688543965516981,-0.28217524432161273,-0.34227378240528833,-0.28168920982407714,-0.007821025817799539,-0.21243110899496168,-0.24401159948564036,-0.25432700102267075,-0.007023472308644731,0.09657611054847347,0.09113096884004712,0.07767115126432989,0.007714293373546182,-0.05976462448569371,-0.018482224792539245,-0.017277512467152284,0.019331374818202154,-0.16671346788876754,0.2909811528003303,-0.037801757313288824,-0.2660556161678156,0.03865568534441833,-0.4055606889304292,-0.321296173913011,-0.356357934370621,0.15783953580852472,0.008728178031258057,0.019632601476213554,0.03871578737655867,-0.027130746993913754,-0.27724517891351824,-0.004247586300558335,0.0030647060684153406,-0.13106006603057943,-0.11513826304160142,0.019654216292485267,0.28850947138894434,-0.15263492275814328,0.14517350884522198,0.032440783993220965,0.028674251484102926,-0.17076275376674244,0.0018181776318345058,0.23495761308167298,0.01807290047526867,-0.2555831165771904,-0.0014598337946096689,-0.17136413956807514,0.010132965121747032,0.0018532098492836811,0.03404010421159857,-0.007118067855505587,-0.2509649188531661,0.20300328800009168,-0.031000341655927542,0.2817402313083354,0.2894396466007117,0.2940198933484676,-0.37922826211584976,-0.40404252859038153,-0.2805514697413718,-0.243185924314195,0.3429601839474639,-0.24573759345765653,-0.2508365352709244,-0.31100531003683024,-0.4321730853948739,-0.024748871808387127,-0.3372447347370022,0.6953757949380935,-0.34633685985904394,0.14335114031597834,0.1417026850735583,0.11967779692862149
"Autism, susceptiblity to",-0.010300121314210701,-0.018760594708418808,-0.1727453093116872,-0.029476805482316557,-0.021658252986250823,0.009008510813140896,-0.21903399976806395,0.051238551350577775,-0.0461241343675533,-0.021670527742409816,0.00222857995171826,0.4269410570658028,-0.015221119303064919,-0.16760627375744744,-0.006190721148186912,-0.009671257179235535,-0.010129402138705076,0.009852702451909992,-0.17207776615880455,-0.011103057397544564,0.04516636374314767,0.13615239691482975,-0.0039418043261052116,-0.000786753457751862,0.001683691335467543,-0.0018707986359190172,-0.049362503236260465,-0.04441351189342306,-0.038127520453981885,-0.23497705713875022,0.029592984804295352,0.30325691794388565,0.29760097883609715,-0.1166112609120694,0.03398619154856046,0.035069035173943094,0.03503935602745753,-0.12483214009214438,0.027679777835726917,0.020852778665902263,0.01314914552209933,0.03298887822086865,0.024963637925747118,0.016086606125521045,0.03105032559654474,0.02219653038668639,0.012546772618771474,-0.024182033922775487,0.035785919093931716,0.032933073707905006,0.029571137888263144,-0.16175844488106497,0.023236984113338657,0.14922606685908876,0.2057461916252733,0.0018364626961471793,0.006339264661852469,-0.00267060188229135,-0.013663010113435316,-0.023291259566093774,0.029924737138541088,0.01292543551171804,-0.0002592994434374734,0.0029755665815441932,-0.015044578695215497,-0.001021722673136579,0.002443052529882023,-0.3998386690055311,-0.23697416029546345,-0.043083735889442275,0.2148810214545519,-0.0038786021851817515,0.3145468459834683,-0.0016487591503426637,0.3350280337565375,0.2263623122936659,0.07173196939381565,-0.04043069831623466,0.30455360239271057,0.3145468459834683,0.046663052513628386,0.30121526254335695,0.007953156257449872,-0.025385213828961996,-0.20698874385195767,-0.04130583067569556,-0.32216145551021325,-0.34438901509317205,-0.13192704151197057,0.021214300964499912,0.28988589700909223,0.2852135883383603,-0.15314784097856143,-0.029835546630127475,-0.03685177301814579,0.014706527639137155,-0.012675077315738636,-0.004248138452306633,-0.03419275343482882,0.005379377837128543,-7.071440407004128e-05,0.013385084015483037,0.0003509414271741237,-0.010185408673948178,0.17750580412905304,-0.17770316722652935,0.4251577060657238,0.42866884677695005,0.4275741570276545,-0.04364732488831441,-0.004882484785635231,0.03743748953513168,0.01636976989257518,0.028388898975435062,0.3776392755051875,-0.19606891255774056,-0.02455937910327109,-0.020872371789266236,0.0388199618706471,0.25462273963598103,0.22500497199061587,-0.19036044863381324,0.042554980168372454,0.03736223334097138,0.19145501371038154
BAINBRIDGE-ROPERS SYNDROME; BRPS,0.03988845342607218,-0.025060633797589094,-0.036239877816870936,0.0017118025812108643,-0.03868897597796338,-0.039872542149145165,-0.04175430523297469,0.2932877392921743,-0.008353662823358447,-0.3237047077137482,0.22454794928264638,0.0064534566192357996,-0.008400985861431341,-0.03848019974937591,0.00988534822072895,0.02495262345751642,0.031490600569477174,0.02806943639363431,-0.043193366622381366,0.0030708479067891844,-0.02490149314228048,-0.020078865449337555,0.022547937119087022,0.022787805650187485,0.02080045919351376,-0.028538342917100758,0.0015308980579729322,0.0020582201708062133,0.0023613032417991076,-0.04303412811687445,0.048888962054817575,0.19043861557315694,0.03140225098514217,-0.22269404331495085,0.009162108720169758,0.007463172769926516,0.005804417659709667,-0.02661956714966249,0.004518643558733447,0.0028606953550774053,0.0013290195344198758,0.005416493890843424,0.0069250985900363516,0.008503310834423707,0.004475110144463064,0.005791735686820424,0.006762173101398279,-0.037940896798016134,0.008481454199635374,0.008281041798423377,0.008285529706947183,-0.047912922268512965,0.020560934844950564,0.014741894665291043,0.004008894785476957,-0.03712496463739029,-0.1742513616037512,-0.15190172868281165,-0.03559339701617573,-0.10445069953785423,0.05982888261711814,0.012556264464292506,0.005551455350697912,0.002343699946903315,-0.007858599437709194,-0.0036811905222789982,0.0001452614840859826,-0.028264445398327835,-0.18839742412227953,0.02832302774106795,0.007399940237773542,-0.004345419821281695,0.01305293892661477,-0.008217304218704036,0.009369571220645655,0.005951454945740729,0.07749547981133581,-0.336745029781928,0.15398637863374445,0.012952928944461877,0.04850747324044567,0.26380824402655095,0.017034646040885632,-0.17883272430581165,-0.3365576579475685,-0.2956437232978827,-0.012795672954016638,-0.009059437333359264,-0.03226680085369811,-0.005530243408835937,0.293777982939496,0.2809175882738471,-0.04737992385706786,0.009281683385896477,-0.02482276439172506,-0.020648378727583985,-0.01945815241611842,0.3171940748256994,0.027831146726269188,0.3402792880423403,0.3224621903191275,0.33429852209282024,0.13611493236772063,-0.03968597391474214,0.20352250004997777,-0.018413050128931584,0.3117949919566316,0.32701437915981885,0.33851122506385123,-0.20271818139452127,-0.24199514081260315,-4.803554811103228e-06,-0.03554754642717134,0.2913957773009497,0.020262567082721797,-0.053644454265831434,-0.03623983311098583,-0.3020089483973304,-0.0029847473197180696,0.042299422212449866,0.025535311188916124,0.0007428290191550782,0.04128887857162392,0.1446334873294511,0.24978113629539553
BARBER-SAY SYNDROME; BBRSAY,-0.019535503296901492,-0.0006339810528127348,-0.06247820431307076,-0.03959002830872808,-0.2887582133953018,-0.0457025645899008,-0.041043904742615246,0.016867223977098004,0.0010553053617524883,0.028739063967400613,-0.035964062465999064,0.3342935574261608,-0.03845899832088979,-0.060932680318150065,-0.043848130039851954,-0.06211571921693146,-0.06297096390984841,0.09688615703810624,-0.06921382977151103,-0.02908726814575552,-0.0651961809618737,-0.010032848127556386,-0.06394722367013632,-0.05866231388149631,-0.047489810190019625,-0.017988346126593783,-0.07980352592097341,-0.08097743762306563,-0.08054821086465376,-0.07105954190639792,-0.012827111704149076,-0.001750034173218969,0.006921350638869092,-0.05956428921294073,0.030016306576745047,0.03489555982927441,0.0388868886338478,-0.008650893938274687,-0.010617844133430535,-0.006138527953685265,-0.002222423672771967,0.00834448353214182,0.010056543933844517,0.010606740050626891,0.003277156072245951,0.003386000520305388,0.0035155453431555427,-0.02527299423808811,0.024930588145405583,0.028066365604444792,0.0314920833126005,-0.0693906830095623,0.0647758427997478,0.08471056720959044,0.07495378866230139,-0.06703616121528737,0.051552788049051036,0.05858715717695875,0.06060563101530533,-0.027405625063125657,0.00985844989906715,0.008181047981584281,0.006064912207757074,0.0019098532461348122,-0.008136228138223019,-0.008624847001166148,-0.008595510932895596,-0.040508249198788086,-0.08114169088376556,-0.03553143372648953,0.030761279203780648,0.046853148222055045,0.3349556082819343,0.11365225749877597,0.04792904490586226,0.06734697428817188,0.03887644317245866,-0.060030786578399956,-0.006433172945044415,0.3349556082819343,0.12733981433095723,0.4507372140822245,0.04286607274042906,-0.007057544924964003,-0.041925566603061216,-0.04774501008818336,-0.009992562055615464,-0.05299471721197528,-0.046914948754576996,-0.03116157168091449,-0.3383669391292077,-0.35137417672132487,0.009032591421803833,-0.03613978513283165,-0.13180378175542423,-0.017997300847945853,0.08161482604624108,-0.5134945638134443,-0.25341714988651476,-0.5141617137366756,-0.5030638710450476,-0.4623502647041326,-0.2717117581402992,0.0944289213795428,0.06931741245345543,-0.020758687233493497,0.08963071392083717,0.08769985263874217,0.08484006367289684,0.10229330978237888,0.030722365678830122,0.6400051854668456,0.09018239587392382,-0.0038686520755367502,0.013398222138367822,0.019452809882270456,0.120214647732087,0.3740399455214132,0.0929222935763173,0.1276817705317687,0.586720110734593,-0.5202708202514729,-0.09791362141469293,-0.33585667199862296,-0.35860992452272933
BASILICATA-AKHTAR SYNDROME; MRXSBA,0.011402111179630007,-0.012793272502467753,-0.18511158346287682,-0.035707457431057125,-0.033845742748422857,0.005026794006337149,-0.0350912452771225,0.1923256895452965,0.04052092296695134,-0.027961963786736096,0.028868925850535822,0.04711790540682457,0.04508760852095323,-0.17783502652289135,-0.002794261860537662,-0.007831425693036933,-0.011035837104115964,0.0539038467333137,-0.050003879965672376,-0.047772158848516946,-0.18774178634654637,0.006916209071250705,-0.02766489588062266,-0.02484522241259502,-0.019421274756212782,-0.0025818510174580676,-0.05040782511564551,-0.04678390065840599,-0.04183368834709572,-0.04094690389669439,0.014355484100392807,0.2014883597948488,0.27826820638278876,0.0011036396834171445,0.007080332120781681,0.011877434600328597,0.016429057654427842,-0.012916018988246474,0.0013935057314963572,-0.004358524362697083,-0.011287095521384507,0.013900809228048375,0.008882265404766285,0.0044545613267146554,0.011010000299798045,0.005812869292469459,0.0013470240534990308,0.0012066543836364745,0.01198656230823409,0.01301202351456637,0.013609387610918358,-0.0457206652185348,0.00124073163161866,0.024435507579021576,0.03916432787420294,-0.013198131595747464,-0.011552986550648507,-0.019088241870571537,-0.02538460164163231,-0.027613104570605264,0.002070670971859288,-0.000519224523727563,-0.0035664859309199022,0.002212018055134579,-0.004718449775447953,-0.0020509554742269296,0.00037828022908197457,-0.37440235114198533,-0.24764390946629627,-0.008209918969208776,-0.02370325117781868,0.007156159253828008,0.049108100593768904,0.0006951260686013526,0.014658422535886664,0.012183826591726246,0.23331242585892384,-0.17498112882471917,0.04193130656178768,0.04893786591438783,0.05275593037771385,0.2416287588976097,0.0036615727007315527,-0.04137691220065906,-0.3277388117154801,-0.29318569858514937,-0.003414547491996,-0.008220359197670581,-0.037981848489541004,-0.012602859219465336,0.014134382159107168,0.015775419629299826,-0.23279996866489877,-0.02925744738783081,-0.026821500562994635,0.017625194241942317,0.019084599030941563,0.02366547839330752,0.023022066191321282,0.030691108361023463,0.027141863134487316,0.019452302342194038,0.012789062150050353,0.01434091794299655,0.2858872801833407,-0.006493931929439157,0.3900475124262305,0.3995245640192056,0.4047814144186452,0.014080995440286946,-0.03295173538642478,0.0438457111674388,-0.2845581883156434,0.036872825286037594,0.06698389679939822,0.022721674068657657,0.04064955340897872,-0.025837204157542877,0.06338397802550266,0.05067676225721199,0.36496627745928417,-0.002675811724365639,0.006634007788867611,0.004140272049437091,0.011009413804413675
BEAULIEU-BOYCOTT-INNES SYNDROME; BBIS,0.004921394781114402,0.05704134684323135,0.001616837605786424,0.0009536900204340419,-0.03465127699579542,-0.032015176268630055,-0.010517250611646857,0.2705589192148174,-0.018561761407628902,-0.032024997047456163,0.025417638650082387,0.06338612505298281,-0.022174763557044133,-0.027513569270972774,0.008682289116061394,0.03302911588664415,0.048489815374624545,0.008442346675327724,-0.03719732616420689,0.01659610588651762,0.018124761971073555,-0.0030299865189007806,-0.03442404263762594,-0.03932910631710271,-0.03889038993658944,0.002019367884382179,-0.03124255742369675,-0.028503250701226456,-0.024829587786928977,-0.0464144793226563,0.054658941158295345,0.07084624048304643,0.041024234486815477,-0.017634051900678325,0.01838660268749588,0.015634763203548344,0.01174255166200925,-0.02602977256973571,0.02491277259932029,0.03088643126765472,0.03485410065646483,0.01995214873022525,0.027237232891662834,0.033399540327392147,0.020519426849030457,0.029072022719408636,0.034893863208258574,-0.016940722940560468,0.01858326925167195,0.019689051614183273,0.020067624808044304,-0.03619208683877952,0.001988869589877356,-0.01373155619361277,-0.03141700797482038,-0.04415445721504033,0.03460930041731294,0.042694363821762095,0.04572803365793217,-0.0177633195831005,-0.012311040109193028,-0.018758939316325957,-0.023153421602656342,0.0033257894765122763,0.016069385598654475,0.023312358113763122,0.02991685566456196,-0.09029589839306541,-0.0462753767514624,0.001808691603546824,0.00888548096233957,-0.012537505551968382,0.06140777788363837,-0.015180880449530544,-0.0014582041550072404,-0.004197362250274215,0.05691567060379167,0.08603508686794284,0.009801968657945893,0.061700988586731925,0.0027690006593036063,-0.05132336597129914,-0.033068430686536,0.04193634668347456,-0.035166333670386074,-0.03288510929789238,-0.006732192263070195,0.0003194147201728337,-0.01948683697253171,-0.012732762017341694,-0.009109695851927042,-0.0185269411349967,-0.03394679085673152,0.0033381315141689546,-0.025161624236844236,-0.012949150798349775,0.025230092910030602,-0.012894623968781977,-0.03611035418512972,-0.004514739451002033,-0.01093291573300997,-0.008765853201266976,-0.020531043971223177,0.05337918574972787,0.0561253495084177,-0.007914473583670038,0.12037488639162446,0.12160992160857623,0.12194964171417044,0.008272780827468584,-0.032619746046019374,0.022024541031410168,-0.0070573259379231226,0.05461997739419958,0.08429710555257923,0.02147306496151268,0.02856023853444752,-0.005535764280109988,0.07798759557981752,-0.011018482941342812,0.10778792999817724,-0.2972968464971244,-0.00999292092447004,-0.011813903630620745,-0.016695959377136485
BECK-FAHRNER SYNDROME; BEFAHRS,-0.058734068427484916,-0.009199081781915357,-0.016428640657480603,0.00794630443195167,0.00673093994612491,-0.0022513037690800116,-0.03935415728669904,0.048934756373638116,-0.04469885833438823,-0.06890151417709049,0.057569253265737835,0.05618753436523123,-0.04040057229240137,-0.027595357619882226,0.04251837438450938,0.04898703399360304,0.040506194086506686,-0.01731434172924435,-0.0160287758832777,0.0060901301667736895,0.05359482808295417,0.022005624766211943,0.03079864399900843,0.0332937490323975,0.03236263400557547,-0.04177130950141742,-0.001490887566559373,-0.0011438486388049207,-0.0007896636484881987,-0.018411787322002222,0.05195003245496886,0.2845934100575187,0.07129024709507165,-0.03380267660747636,0.04425402834800653,0.05058463683843064,0.05527417829442215,-0.007199304071435281,0.04959625582088919,0.056297671385499286,0.058280804948184876,0.05169303825273341,0.05433115562231051,0.055188819376306,0.05070748874785013,0.05499100667404207,0.05604514839166121,-0.031917026210418364,0.049734100970542074,0.052776246963604286,0.05572611502506914,-0.011400633571070589,0.005917791393906778,0.008850784562139604,0.007963486721293964,-0.035021458236443134,-0.0024656498199270758,-0.0008147606558648492,0.000823894071959123,-0.030875373022381993,-0.0021585521358028145,-0.003853217377600478,-0.005253497165007684,-0.0006338560917205692,0.004823032494169235,0.008728428312538176,0.012931080357744165,-0.05923093241962695,-0.030442987975730456,0.002358549174679836,0.03217179916869062,-0.045713645687557064,-0.004728084402719485,-0.057744442625443954,0.016677463099004367,0.0029991087153493864,0.22636293808306485,0.017130361565285458,0.019517993523790772,-0.004638506193074847,-0.03633789040520004,-0.024660618255812325,-0.002754893711352927,0.014468487449034947,-0.068564684030641,-0.06505331690270832,-0.059788678019382605,-0.02913735309436196,-0.024961189881376453,0.0023509736938747768,0.06757776701792724,0.06529740714400413,-0.022248922547239702,0.0003173733586285873,0.021775111482904196,0.0066963675600430535,-0.05077480725555677,0.056158203325586034,0.004602901178403952,0.07071796159266798,0.05953384254397124,0.0831059969476501,0.03444344754937313,-0.048381807344047116,0.03595266216170479,-0.03296449538199996,0.3227944955575077,0.32387590607901867,0.3239138897008904,-0.08502544418746805,-0.06325810065421054,-0.051389691807266755,-0.0017800474663780565,0.0678171875018513,0.042774394878899114,-0.0718506492095624,-0.07683353470549699,-0.058317339872893816,0.0069286404911507804,-0.00616743962507674,0.05219449733203672,-0.0265645380112578,0.04824831315356156,0.049833746713202204,0.061487372825963414
BECKWITH-WIEDEMANN SYNDROME; BWS,0.2928727991542162,0.04446442977895701,-0.02391621418087228,-0.015903591227208413,-0.1428591706229306,-0.022553995338579023,-0.35647091728083785,0.3575118320129459,-0.023095313079379426,-0.43634628520461916,0.3748304906453509,0.02003730684071658,-0.007045481931926923,-0.009715961870127235,0.02413239526560064,0.02575131228326918,0.018989082248506806,0.02989833288640281,-0.03456014798208291,-0.0017026947765290878,0.0026373283254655495,0.003820810924883082,0.00757481833308049,0.012042419188908304,0.015534647595802198,0.1582678344816374,0.03692095531387476,0.03633283068976506,0.034825870306585925,-0.028558280430790246,0.03689247066948399,0.19208518873950764,0.04527258598930267,-0.022878259748359095,0.031984719511644805,0.031032637234455596,0.030015646167501527,-0.01608634429423882,0.14697569896654125,0.13630627971349804,0.11969682254149948,0.012547059112248545,0.012788376296519674,0.012123162948839177,0.022649966139975913,0.022563730810074647,0.020720870196118776,-0.014212553001935644,0.01854416222632924,0.017964804580060532,0.017169184714263673,-0.02162432774988254,0.03306421775786911,0.04192201263765273,0.033956003692863425,-0.0027908711091471318,-0.040256969013741775,-0.04537858138360195,-0.1473299276189643,0.028365104652993432,0.008677166784609447,0.004842052763802895,0.0006656053624794976,-0.0013802537346031,-0.012638382296265521,-0.01911263428685189,-0.024682064199039108,0.013896987278819675,-0.039356214847732884,0.17779352489064362,0.041453855190472996,0.04167748878351582,0.03968030788603426,-5.526458681516243e-05,0.1900544596657977,0.050056749886318246,0.17557930352940165,0.30527179285982403,0.004872595500738826,0.03961421190247443,0.05351508662536135,0.015366263612821599,-0.04918480844497484,0.01710058665721532,0.01009575904430169,0.012444726376223743,-0.004522596493967158,-0.03261134697622374,-0.02493872500704959,0.009088006924695616,0.015917095990021363,0.017000772318091724,-0.02316695639788108,-0.013881161705600005,-0.18523782025486243,-0.004129701905350217,0.008323095331227714,0.1527467313179336,0.0423046232616761,0.23388537679653842,0.15889491024800476,0.1457841007252636,0.004944366953305062,-0.0036620376918978822,0.24733748372305153,-0.018353008334109532,0.17332905225196385,0.225949381638813,0.2320011853135101,-0.03624041172449417,-0.39579505807541165,0.028831448148306165,-0.27537050513913014,0.330357175206395,-0.03932248513184832,-0.025526426801252562,-0.0015899627873359643,-0.3367796009498058,-0.013949814312440871,0.2056029662168981,0.4357724687467512,-0.050341844025214154,0.009150385919957423,0.017946191726825156,0.018446472869304068
"BLEPHAROPHIMOSIS, PTOSIS, AND EPICANTHUS INVERSUS; BPES",0.026497489456329862,0.5726341575710755,-0.03234748946462411,-0.009533542182568504,-0.04774798876545348,-0.0322808033717838,-0.04731595347091331,0.2444956198266992,-0.03245399389062101,-0.3877066019587822,0.2627089985196718,0.20060634422262297,0.007344752967773197,-0.03619763486058366,0.15501454937602435,0.28466926981354296,0.2946346538364122,0.05620678503112275,-0.04695213062000068,0.030174618736803036,0.2285088026885577,0.0137199704031167,0.4238332089336933,0.38404135991195715,0.311055960841241,-0.02054516712892541,0.397965703617756,0.4344395236582743,0.46151371643169925,-0.16157103545540027,0.19558513517739395,0.35127841315968517,0.1967639547784767,0.02808848344694622,-0.35312393320121693,-0.3578920746754211,-0.35441561154498263,-0.01580977963045521,-0.005785175976148249,-0.01454105202195032,-0.0223525847431565,-0.26242066818235543,-0.27020024732349196,-0.2690922764157187,-0.2447812813991332,-0.2567935626648836,-0.2577813589171602,0.038775486804020966,-0.3299891292217383,-0.332073926789743,-0.33050334362608313,-0.0355027618509508,-0.39395342100052494,-0.4658019600259106,-0.3841845104291678,-0.016090003354817962,-0.2157969900839797,-0.19631774748220876,-0.04998013618073313,0.0026738497899597233,0.12643334415631458,0.13468911730593439,0.12926178763796417,0.01842700644403025,-0.04626214602244444,-0.055687544807624695,-0.06265578155513461,-0.015430908895116743,-0.15862983192292815,0.048093606436525035,0.02663652090743841,-0.01097735211940585,-0.029388719809400683,0.011583118901319986,0.00790843901504586,0.00958166218694954,0.02651148685218592,0.045448278865930655,0.2682572712697443,-0.02981433298100076,0.5515968476403383,0.010776411442743845,-0.022671620171217037,0.016556123418275677,-0.0035335845291167814,0.016562241001885507,-0.02937978872173308,-0.020363599376936853,-0.032029361662983126,-0.004118946358876838,0.02619744685194522,0.023846794988276916,-0.032936216299861217,-0.00034004384764028115,-0.06528922956355598,-0.02275148534495801,0.005246350410836916,0.015182839543108662,-0.008812640015400903,0.025844132270202845,0.01944031062963685,0.038365134413309646,0.012294984997290823,-0.02224454399415711,0.27044023863849603,-0.022331051724282402,0.4091801435790091,0.4205161659331302,0.42746046300224744,0.005463280335043315,-0.3432151424904903,0.06435860056390717,0.00013733958095351278,0.35512496767318635,0.020280327446764296,0.004577603465174534,0.03849558788156299,-0.011340839448531474,0.06204759929707947,-0.017913389869270647,0.46503528184160015,-0.037045610960535824,0.021323324137811253,0.02841900995120863,0.02772842680761675
BLEPHAROPHIMOSIS-IMPAIRED INTELLECTUAL DEVELOPMENT SYNDROME; BIS,0.05334741941508156,0.49672709763256434,-0.02014613587348107,-0.014430252055743662,-0.017435698247860506,0.0006717805294081213,0.0168572424387152,0.45762856535510743,-0.04425902689379602,-0.38068559067268254,0.3842387720524045,-0.03588160048987072,-0.010899392232200517,-0.03306081215893034,0.015570148924057507,0.0219061220836392,0.020730969733355902,-0.03682677858326837,-0.02920214848877247,-0.008822353909068286,0.010013777529666949,0.017517190332835404,-0.019944363680058322,-0.020153529477854454,-0.018371121846902202,-0.028124728238687845,0.05176379187307572,0.18828160959085313,0.20619951499969325,-0.024029096057674275,-0.0029368787154964516,0.011778512869669954,0.023192356473387975,-0.0035202732139159114,-0.05190871917326436,-0.05300652160126532,-0.05286194505793337,-0.025389575797427552,0.019742241860019362,0.011589188097143798,0.004308134627970342,-0.015812331483259397,-0.022247224766135106,-0.026841817563484027,-0.010868169989204682,-0.016696761579326404,-0.023032014419123847,0.0026255656929261477,-0.04075899570017517,-0.04268612530657613,-0.04432417288009671,-0.02470266835279129,-0.3263965795451155,-0.3851485059138537,-0.30917885387765454,0.01097260128687084,-0.03867867775059611,-0.1537924567502787,-0.1678797300413052,0.005791743826781799,0.027605922393061786,0.0344709239048715,0.03704038328460664,-0.015505492098008099,-0.009220382849584553,-0.015987156448679814,-0.022855279362522334,0.23544323329434558,-0.04113835117336135,0.31423381790322974,0.024432757947832937,-0.01562598540434661,0.2504606520408931,-0.3068254309468639,0.005508329508909764,-0.007482236827173277,0.005266226726853769,0.4494616128631664,0.04048003353690028,0.2504606520408931,0.049583163214735756,-0.31181365116590753,-0.2462207840374396,0.1392789740245952,-0.0190007755481046,-0.005980222861128607,-0.0065191961468121385,0.0023043770638524062,-0.13641412049940857,-0.031248889487865444,0.016350062547241875,0.010887236760584616,-0.033965276597507296,-0.00434006247593308,0.024105148248382734,0.013697138262187302,-0.010297678308547237,0.05193524708429473,0.007459972786942316,0.058365697561079885,0.05032944260334476,0.2710062937901684,-0.011133719170385761,-0.05097860424622738,0.16191569714054538,-0.04003631911850676,-0.026209536042511836,-0.02372826508905309,-0.021693788858219227,-0.382610703284436,-0.3955746417987755,-0.2917454320194209,-0.4304654724073011,0.18208782235985943,-0.2612874437456362,-0.2120898679554527,-0.33106434766443,-0.5042909744489137,-0.27210424771679753,-0.18525532174109005,0.3292637284968562,-0.04305996616019633,-0.008119230695744705,0.006516230921505558,0.009341273379716639
BOHRING-OPITZ SYNDROME; BOPS,0.06708365977531112,0.030102083866247027,-0.00028603133900369096,-0.02894179344163052,-0.06009833191607265,-0.020408990600761446,-0.019642915136435745,0.07758052264992517,-0.04179902401763447,-0.4331121487787991,0.3596881941323582,-0.015364859676825174,0.05975784994193265,-0.007147263152706082,0.03725369380536126,0.04734803149556215,0.0407808672398738,0.316870356158395,-0.019224190752878467,-0.011117004046244508,-0.03198287313895018,-0.005181716997577298,-0.01800015871486829,-0.01309965362076247,-0.007653095389508735,0.045568144413822204,0.08134483486388325,0.0809362162513847,0.25130534525935166,-0.01658924977131979,0.04069848396026725,0.24304577917027492,0.06226961653784334,0.011520091930652225,0.040512680403071724,0.03773655298551154,0.034604280091843014,0.006231357927112883,0.025845118051445973,0.011161713954366532,0.0001992887586306707,0.010447196670599072,0.009579951228446418,0.007906545284214484,0.01511725270067128,0.01315952401710504,0.010402267760861469,0.0035363196653737257,0.024253819820762718,0.022961791544681247,0.020748735462449274,-0.002170568622103672,0.048861469022087385,0.06562152759464938,0.05720759930982056,-0.03086361544119154,-0.011785203462429412,-0.016612739377629738,-0.01938091487669017,0.029347606755396657,0.004197267314831365,0.018566349920416274,0.03154635376299885,-0.12065885765312136,0.003906362258389585,-0.006568186179084566,-0.020625027953918792,0.04805984608426204,-0.022771199737377675,0.033229734474182725,0.05647215016727839,0.051641506730591154,0.019453323004457682,0.04362733423773817,0.05248197895765542,0.05465776694417568,-0.02972184389982075,0.00511298843379102,-0.005644745267593468,0.019654531291341766,0.3786184103065089,0.3458265128593418,-0.07101280741032168,-0.0648594984642876,0.012949413913935073,0.011297050040818058,-0.00217909915799856,-0.029359364510787623,-0.0007159478392681388,-0.00273217206392983,0.011146474486261194,0.006102407871389968,0.0011875605014699422,-0.02170023632947981,-0.09979236553841833,-0.01036813041183491,0.025358671413189305,0.058409169407382576,0.005151780619639486,0.06530467651820449,0.05885261042185701,0.07433971144799537,0.03790602162350448,-0.04926302767967927,0.029915135907824957,-0.023346387168775892,0.04516584802766917,0.046065920831787024,0.04768805986917938,-0.049275747604534896,-0.3731110487760649,0.04632600904574171,-0.06703609912884032,0.30169433635211046,-0.06550172975916108,-0.054390432759531745,-0.00776275030359725,-0.3004026514596195,0.003739238813029964,0.3680373434179324,0.09301076716806429,-0.030950371180154302,0.01356891038634516,0.030584116969498237,0.016733993826073025
BORJESON-FORSSMAN-LEHMANN SYNDROME; BFLS,0.018050366480262578,-0.0014542297769636451,-0.04703578523568037,-0.023400484311788657,-0.03207155293584374,-0.002131045951862801,0.004276567329146281,0.48187380720005596,-0.020061047288954775,-0.024702477050991163,0.039286059722198126,0.3153113990340058,0.007255369409895509,-0.05314410979823511,0.35603366758647764,0.37398953247197214,0.2969263113644842,0.06074991622630039,-0.04020303994855777,-0.022048576319791634,-0.021657308013891798,0.005766684012473765,-0.3974249276604584,-0.4029850110590401,-0.375009787212506,-0.00047302839244804505,0.028913513836146626,0.029695492599242722,0.02913263367226659,-0.028984968218756808,0.04319269557020135,0.3081942286762684,0.202528814531127,-0.014805531512355185,-0.006791934781833974,-0.00783101423233862,-0.008619334081076301,-0.03532902139900908,-0.017912538449933704,-0.01987443295196573,-0.02089486831662302,-0.0015009805585593284,-0.004081864564396041,-0.007127375199581542,-0.003000848829164784,-0.005922634059873465,-0.008843349700813486,-0.014615449021359642,-0.0036978668002766,-0.005274030182671255,-0.007051279481096665,-0.03682937614739832,-0.01247902411321005,-0.012250882333462923,-0.006757436951501339,-0.23749346905707622,-0.0014957562725594925,0.0010179004093295169,0.0037514147310010377,-0.028323781225615956,0.0010194223018992828,-0.0019187851654388747,-0.005780171649261954,0.0020560685985672525,0.004598240350808208,0.008892345231231585,0.013348510407393224,-0.04718459283501712,-0.16954494132092185,0.04332547114095025,-0.002595719378367461,-0.020078995908183656,0.03893624973692166,-0.0033073891129031504,-0.04673807938665405,-0.038733632175369376,0.21990039343643097,-0.21115158941856352,0.025222017913888395,0.0382057502808987,0.04276046783550464,0.051824782857042145,0.04134402188403654,-0.014760456606305174,-0.016180653208187023,-0.008143917995294871,0.015093418820900354,0.03601961233005164,-0.14371319978350025,0.00864678190327421,-0.015349759862412934,-0.019432153703858274,-0.047097744214505986,-0.015585045323161725,-0.03234310366643882,0.0034877868031790277,0.04566938964229447,-0.2924012232723836,-0.1709873676710867,-0.20954638716208307,-0.2236521287643484,-0.058478390104562496,-0.20270813860732229,0.027633085705263297,0.19618325868632114,-0.02733088411743141,0.3568525513119349,0.3642862363165528,0.36776239486639334,-0.0380646615191665,-0.04482468086713797,-0.001636659565357768,-0.011558400644532667,0.17486915634823325,0.22126009964127036,-0.03174443273766835,-0.023806174177539823,-0.16970046873574252,0.0047061785627641245,0.007452570720984354,0.49893380341884314,-0.4582194612107296,-0.03279034009468276,-0.04356305249127646,-0.031995519801096224
BOSCH-BOONSTRA-SCHAAF OPTIC ATROPHY SYNDROME; BBSOAS,0.02838850936162175,-0.03871787972581765,-0.04705272961720226,-0.02707458356775833,-0.00444309832976869,0.021813425669472607,-0.027355476274798264,0.36443790526351316,-0.029320734025634128,-0.037664400115333986,0.024363055803539996,0.08139400045656027,-0.017096756962149042,-0.05293633572151992,-0.0014193563805672538,-0.013120096381709904,-0.023564520694411378,-0.043548699224012194,-0.049564116684985456,-0.02617084823421898,-0.0010814434513705439,0.023930124936583447,-0.012439333998740369,-0.005411132490485303,0.0002844363750055018,0.006287261013688851,-0.055415376666988016,-0.05850151351336367,-0.06034335769698032,-0.051536253971164826,0.0013415944243764662,0.04065500466394101,0.0542982670815452,-0.03439015370240815,0.0007998346816490634,0.005727234693000716,0.012279671122128346,-0.038014685352691854,0.009692779339715815,0.0029661891181445234,-0.0020854992025208107,0.009230226263685656,0.006482262004779704,0.004130038068243032,0.008909162119644732,0.0049488867194933065,0.0014290566897176352,-0.018371788808214995,0.004601700635852687,0.007686209059369895,0.010379782015503873,-0.05468326082219828,-0.013927721724220785,0.0037918895566928846,0.021557594383506105,-0.01896327954267806,0.00977490879504039,0.006233767858919067,0.002537290466109399,-0.008715988378845633,0.018109813097364147,0.016708152269759823,0.013757744153101534,0.0019393874856406669,-0.009540016790535288,-0.010660744275844198,-0.010723574622041593,-0.059513692408610236,-0.055191895214785694,0.01613741853498631,0.014865440138101232,-0.032568813011011784,0.26486015604938234,-0.042130275287760456,0.0027035234815316824,-0.004064704685637781,0.042223159506765126,-0.037274057911092826,0.013559579288732186,0.2643828846724729,-0.029945171337265233,0.0001426672010786222,-0.004062045591007174,-0.04091724616971039,-0.3317397927958916,-0.3309772359595209,-0.029157205163533477,-0.008381772537520886,-0.03755346474195366,0.01698648119049927,0.02544246844813796,0.018958753307918297,-0.055967948166341354,-0.019362960452163024,0.014140069121166398,0.027284858644448188,-0.029215099827322726,0.01029800353128609,-0.025913254453749448,0.02560597379437739,0.015745012236859073,0.023250566892179712,-0.0021780052142408427,-0.00190208033997593,0.2169185248760187,-0.04172035763968263,0.2994411701431593,0.3061701293800769,0.310226172960893,-0.034677066325762666,-0.030481876488658924,-0.032420663241196496,-0.019449302111820065,0.038907594143119555,0.06017674196746284,-0.003026674217296601,-0.02018863953989626,-0.0464443004421858,0.022641861755561685,-0.009627823385282282,0.24661205699782487,-0.05251907042247439,0.013553434412367508,0.020510535106056525,0.021597934567365307
BOSMA ARHINIA MICROPHTHALMIA SYNDROME; BAMS,0.039585807337951834,0.06811371767749803,-0.012475598181172057,-0.048988496293110216,-0.19799558540208376,-0.0030302353036282077,0.24763704674592973,0.07936099251726804,-0.03731797546732115,-0.0339684570185801,0.04258043479776785,-0.37894778899355874,0.013796245071586105,-0.02966754285267518,-0.04775250189057729,-0.0529067186554962,-0.04333562102802746,0.01798784481045058,-0.03369483292955563,-0.0475002513879391,-0.06306017615648844,0.002770757681133701,-0.02952195701105997,-0.027321342899479326,-0.0229048546648855,0.029571208930552158,0.0026559671950486426,0.008433934142186116,0.014836503718155545,-0.011497076806384723,-0.05432160132883757,-0.03636823766543068,-0.00014391571279100685,0.015472128300138801,-0.007243292258169796,-0.0027286748507415765,0.0009054654508324365,-0.02628197513441682,0.013129529366276827,0.010181608140426571,0.007322801765109199,-0.0027727411820042697,-0.0026454534969133216,-0.0023175098345980766,-0.0011900011494323675,-0.0016143676471697223,-0.0020488698546193146,0.012142874047683133,-0.00573871647679972,-0.003082678788349942,-0.0005717059419037446,-0.017814941729895166,-0.011187262805424777,-0.00029474836246711037,0.01049747376819548,-0.015130189154056936,-0.045432305674561496,-0.05269996091168228,-0.05425030426511812,-0.014811459576151452,0.03319082581955811,0.029815009531447587,0.023019749118720817,0.0041159327086653565,-0.019256749861185394,-0.01715487137764471,-0.013922204158553124,0.5409878229678228,-0.04205264649939611,0.04233114347475348,0.07026265952800625,0.04932474164316463,0.5180040579194776,-0.004115706636033586,0.403660369495336,0.2733795130456418,0.026575507694126733,0.0344579319471094,0.00273027132686787,0.5180040579194776,0.31336658441794335,0.04376485455834987,-0.015080524104206417,0.013334618349186972,-0.01995438647828465,-0.018518450496143993,-0.033799955440628165,-0.07294202230452666,-0.04437817543152508,-0.01746015979556844,0.009042257297981283,-0.0006999566838819784,-0.03917767171058862,-0.02529498910523194,-0.00139202861684179,0.024450079286321032,0.008562870998222961,0.030727383173865502,0.009354118213557803,0.025613938027083356,0.025245292090232102,0.03981292532079695,-0.010694308897641516,-0.05497915584710964,0.04566287845913035,0.014234291691167007,-0.5584961282120732,-0.5484413942766435,-0.532617932164737,-0.4184055455317829,-0.04703357193869198,-0.03477674997234012,-0.5038069973000909,-0.018498072546496575,-0.4929612642868201,-0.4426548628221862,-0.38960203771457746,-0.5060088855512452,-0.554967415234527,0.051976919929817386,-0.05562997327498586,-0.001788280778949359,-0.07492502690632158,-0.05917393464976107,-0.025949335028601597
BRANCHIOOCULOFACIAL SYNDROME; BOFS,0.00048629239650682616,0.06474614667029836,-0.04208938437922132,-0.045314279102961263,-0.2889844313784125,-0.040126695517735546,-0.05234087345031336,0.025666462424097442,-0.024019379963368316,-0.058173484882281495,0.031299915211287214,0.05125357361644143,-0.0031288224692123676,-0.061830263930793286,0.061828301635873786,0.06779503961316825,0.054675258114309795,0.6215450999992882,-0.05522833657132379,-0.004018647091156069,-0.00542433876528254,0.0002046011038418494,-0.07603565018813832,-0.069505323851263,-0.057055052423723315,-2.5742848841137525e-05,0.058303791153639435,0.05152165697318402,0.042700387583497194,-0.06611900536556191,0.37558997484440004,0.5283280855301963,0.32617214897643804,-0.036570573352067565,0.04103683162122087,0.04272407158318471,0.043394705454565086,-0.03758590008444065,0.0012488325916324699,0.0019941635538354777,0.0026900761411483023,0.0041991125526456945,0.005001227708077865,0.00597208058859457,0.004749342876179338,0.0055212984219990355,0.005963607837791796,-0.012778765980626529,0.023113872616851522,0.023977594081687943,0.024144516002179726,-0.05868069418174566,0.29053050029238187,0.32889513725235386,0.07967279092319163,-0.0630881347255898,0.003442259935349507,0.0013032990878019193,-0.0007136645662118106,-0.01705158828576784,0.025251412902890447,0.020894554408169123,0.013770626683859479,0.0052083908836054885,-0.011238265333478449,-0.009279935832625688,-0.006411687342328935,-0.3211468469631502,-0.2441100324891683,-0.048218980312151674,0.06621173595517284,0.05935418060747676,0.07121439456279162,0.08184517883499286,0.09860856309207215,0.10191088542683992,0.026272949330982884,0.029853553845284094,-0.003785595001506622,0.07211083833334496,0.636052345646677,0.4580894253930364,-0.01877535891088027,0.006884021171854074,0.0010647159386634327,3.5606633517447524e-05,-0.04432815220693426,-0.08341603527106832,-0.03544992146893565,0.023407526601143158,0.05126054803621187,0.048521358508634795,-0.0011547031685715098,-0.03613361699477456,-0.5761897413756136,-0.026345032838760808,0.07904833837297168,0.021442201480443318,-0.01516585197514191,0.024558529955861923,0.025309368827724634,0.030282027021024116,0.010858309865613919,0.0019448483917552544,0.22127853414465393,-0.036094258815712855,0.4701241962170433,0.4679025197742273,0.4608214469668859,0.02639515454071549,-0.039149337425714324,0.5442197009046758,-0.031000664702312865,0.04486046507408503,0.05713181132799393,-0.0049483256462236,0.0738027924905636,-0.0033289296349252673,0.07625630299241207,0.6170673509104357,0.06394925627729048,0.0012442902240544357,0.04043579543960754,0.039209165036138714,0.04645930175937673
BRUNET-WAGNER NEURODEVELOPMENTAL SYNDROME; BRUWAG,0.007925327160819957,-0.09262708633429297,-0.0055310042662899085,-0.026086086106909216,-0.04557396039121358,-0.005951217711036283,-0.003955260953476157,0.08422002026347983,0.03938258892077474,-0.05579498556722409,0.06905265326478525,0.01083079080576368,0.040701638417287016,-0.06472361041828989,0.023865917140071496,0.03222765174522651,0.02989090087514103,0.043439506219443834,-0.018117947747167275,-0.050527407705936236,-0.10246624426283352,-0.01297340143175156,-0.0020361353001822585,-0.004346044749320617,-0.006036989144189336,0.009974782906608052,0.0022064986323032786,0.008098530419295463,0.0148676726839346,-0.002044155398329613,0.0008701119043293097,0.02981188378500753,0.04424694990812735,0.009606580409530956,-0.005825510922239094,-0.004729214471670902,-0.0035709358684612963,-0.03716828754205471,-0.027774794453714294,-0.03845871198903491,-0.045707962405154776,-0.0169097851228791,-0.022073089112787634,-0.02636679359787559,-0.017841951428282897,-0.026122568005110543,-0.03176770842177145,0.0010565629729251097,-0.009583033083115257,-0.009948148722760041,-0.009865414677818143,-0.014050576689954871,0.03601586696188143,0.05695292482178269,0.0529156600381559,-0.08050901067282452,-0.08087881878737962,-0.07600241186344377,-0.06709392366041082,0.0050083548290756315,0.03424852919140959,0.020572807738090344,0.003645862712611484,0.00912299891094573,-0.021316036711464238,-0.010886861537547364,-0.0003932115318300928,-0.00027933138839471457,-0.017103107362997336,0.035504267981384875,-0.03875375724601325,-0.0036016333158682984,-0.016467495866217995,0.0077575578720867405,-0.02167634651692061,-0.01624045023791284,0.12639658566220915,-0.1193716650562505,0.31064397154126283,-0.016685271577676977,-0.0038254494067927825,0.09049362119235277,0.028228873370067225,-0.07846639879544173,-0.04144320569373236,-0.005551142216310838,0.010059964786555744,0.0143761085505354,-0.003213171444800803,-0.03235599699103007,0.06040307879893345,0.05941225831574699,-0.026580411454637135,-0.017213525944542587,-0.029596076023169368,0.0066593083955479105,-0.007746713541486398,0.06845167466708302,0.01180908608359021,0.07254244931262503,0.07017795856047718,0.06172071054094668,0.04029779626931983,-0.02397555044010514,0.006141537691248541,-0.038316515077170835,0.0632610763972928,0.0636011133344525,0.06428601553613202,-0.022534897960199883,-0.0746297069365496,0.018651136801284655,-0.050529066168143434,0.061976649969123235,0.002537713251770507,-0.007817669157980755,0.0018033868878897393,-0.06313632586231609,0.016793748237085456,0.046228122212805894,0.010838084673077663,0.014116064374337446,0.06618951454855074,0.062467791103680226,0.06403022723389502
BURN-MCKEOWN SYNDROME; BMKS,-0.02700182354350796,-0.02187173905357126,-0.051319059149735995,-0.003098938398379215,-0.004053508318242682,-0.00010243448785503048,0.053537686342431556,0.5122882604436072,-0.2567577469395803,0.0018850796698017763,0.010867347418407962,0.0018574585527148832,0.03773299551801034,-0.04216945924655998,0.002084265670466001,0.0206189294794504,0.03532879642142739,-0.2595556765528428,-0.21987470968778206,-0.0004689303838755511,0.028431717032841086,0.019004114806730046,0.024046268751764806,0.01618162861642629,0.007916844473356225,0.02684549478461742,0.015900969920091663,0.024821766373856247,0.033134016103388085,-0.06271665672544931,-0.0021589974002436422,0.015499474806625864,0.028596216500503067,-0.03311850788332252,-0.021886505096042404,-0.01993150080006204,-0.017844934572487262,-0.04652766829733156,0.01529339041261455,0.011236947765839004,0.007476304151114367,-0.0007776505771659545,-0.0011408537501396776,-0.001564364399366777,-0.0011338254986866753,-0.0022413648473118544,-0.003502129099488594,-0.014507501585256918,-0.011527648418653245,-0.010833983356859532,-0.00950082168401657,-0.0570668528742498,-0.05122629327924905,-0.05565183208544186,-0.038831706856715345,0.015067101658981811,-0.2260186100668071,-0.24936538027634214,-0.25118913232264223,-0.031367784435328394,-0.0008783705110693269,-0.005381648425979081,-0.010401641526958933,0.0009373557132837824,0.007754689659556867,0.01267931522467567,0.017235452382900435,0.048417594641401426,-0.056919213323528395,0.3064830148529377,0.0434279391560299,-0.05460781477489027,0.04743667946591456,-0.24326354227760028,-0.030616170420211572,-0.04362456820218726,0.4221908552597652,-0.2505792599269862,0.03799344913196119,0.047700242608731055,-0.0280243895044371,-0.008898437059901,0.04223655376733033,-0.026925985005700998,0.0015036190347243773,0.014505722496666129,-0.012342468970461765,0.016956942114714425,-0.04680934103363092,0.019049772847635763,-0.003268954921770791,-0.006668294380905924,-0.19670599150735915,0.0066353876523243425,0.23824553916221214,0.017546157300488367,-0.007398121334913291,-0.03299915367889196,-0.0446519750913494,-0.0315608232175131,-0.03276147358673836,-0.013807616356566,-0.04755264920569133,-0.02586662205202756,0.03818852829405969,-0.017976889974276385,-0.037919729236091944,-0.03598533631500548,-0.034252619276765504,-0.06675878933356111,-0.015251736591075364,-0.3977339336380809,-0.0043060701452193985,0.0006504815181571131,0.03291327686433459,-0.04055002251594819,-0.2564157420053545,-0.05369678359899259,-0.026109891122319213,-0.06018214345418969,-0.011581174817492632,-0.05475381104349699,-0.012382778748322977,-0.009694694638340462,-0.008326042822981447
Baraitser-Winter syndrome,0.021068563489931996,0.016110248194734687,-0.14265458971519715,-0.22305410635960457,-0.3354498745440722,-0.01984147284225737,-0.13702801814449025,0.2513055057906467,-0.005303807265446523,-0.1929550881688694,0.22601659020654216,0.12745091041652953,-0.010750591637407821,-0.14813791932042028,0.012902153248909724,0.016058564872886448,0.013956028070283287,0.4796623154932379,-0.22834407651647787,-0.03665502703858806,-0.032079678565819475,0.014912737927607982,-0.011747064160945815,-0.01962082658094402,-0.025036614748406245,-0.0004331949428717398,0.20925854757937506,0.24061081109123159,0.26645838726134413,-0.21240928973981632,0.024815493712247373,0.29931188285642596,0.31314400284961946,-0.01262930736339343,-0.02209405350646832,-0.020974280094534826,-0.01900171337151035,-0.06747075577059325,-0.10563609987223777,-0.15764158643034867,-0.17139119109777667,-0.10374680595174512,-0.14890291189034283,-0.1627752296501399,-0.10215598022196315,-0.12004241424631855,-0.16370632326075477,0.005558388973642495,-0.027269544111852118,-0.02856950535002646,-0.029547721191593334,-0.20817069066215868,0.013763056847420145,0.037603802516382547,0.14685695995918951,-0.031218188019908534,-0.2732369200456205,-0.2513852502903284,-0.20724667150068932,-0.004747542097211227,0.13060267402879408,0.15640011193322315,0.16339201284543364,-0.012376491155327672,-0.1765489487946437,-0.17481772408778845,-0.16039195033769285,-0.012515181125704046,-0.2683414388624449,0.013531542703380799,0.040536364179372654,0.14523838443571374,0.039830053936139594,0.24902161916597645,0.28427551699279485,0.2939467255307464,0.40700864817114235,-0.2573721706816526,0.18574855323977985,0.039798751799530976,0.4959680693725102,0.5062585965292219,0.02976338348273585,-0.0285987111368296,-0.027664875924009333,-0.011633666181100852,-0.02845914214221045,-0.24019331708730945,-0.14343983922127074,-0.007365538948231823,-0.011336158729339248,-0.015282309963860416,-0.16709179215886233,-0.12632988656109664,-0.39532201039572484,0.0006240479950207859,0.2513244378023016,-0.02295165473868566,-0.012755058981401134,-0.012489709702159485,-0.021161797120595714,-0.013927633661400658,-0.03613178049338501,0.027781698123091263,0.29279081212261304,-0.02143709269523899,0.2147997970270534,0.22715476146903538,0.2370493225602299,0.000819473384261973,-0.2550566041601708,0.425188062949515,-0.037767855984629894,0.21201465590945065,-0.006328314012600166,-0.02971107422574078,0.0380525940788223,-0.03228984031735546,0.017452597056271404,0.39664409256187494,0.47040780539777166,-0.36404073129222747,-0.030908251733027938,-0.03060109426518395,-0.02342263617620537
Bardet-Biedl syndrome,-0.002911166708051698,-0.20566272683167536,-0.03940053222293973,0.0035622943037880513,0.08212826080667146,0.012848119352853293,0.3020932216061354,0.507432263248489,0.017149641504537766,-0.0011223554861914827,0.01330307144397494,0.3153748602059553,0.029714113509758305,-0.04977716096336622,-0.057729737038761005,-0.21071819266608036,-0.1799934585900267,-0.47976646991142,-0.04731658909181439,-0.023675922204876486,-0.04118466848734574,-0.0016463386032066272,-0.0015093776744247135,-0.0015544771959429807,-0.0013979567991421016,0.0072112394481797844,-0.17613611428490916,-0.17317712914117178,-0.16556981327160047,-0.03172724320628334,-0.20586599535356254,-0.2965599206572322,-0.03701431574210042,0.001211233189121764,-0.2940230807747316,-0.29205047416690144,-0.2831685512996807,-0.007959825413327954,-0.3068989218214548,-0.31116572275493676,-0.2986324446539659,-0.2355768256589206,-0.2392178803299809,-0.23513313672803746,-0.26006056708840447,-0.26446835416732317,-0.2580964525049732,0.011494440907520912,-0.26646873063574567,-0.26424373366393317,-0.2591242580795304,-0.17477266687302645,-0.27709184363331285,-0.3196855900162087,-0.1989527574463119,0.03138442997057643,-0.14914318345175823,-0.21413375712413887,-0.22193529438721418,-0.002441898921852172,0.0704516155672339,0.049629721027711335,0.011698801931620477,0.007993428743840507,-0.10161824209620708,-0.08735203114990041,-0.049876611575718405,0.000825110694512424,-0.051511423245767726,0.2692255484736049,-0.27705083135689845,-0.02910774076375069,0.3399344342609645,-0.37189398364137816,-0.3702193254147767,-0.38375494700578705,0.5698498992664925,-0.5030322724267455,0.025678761984336437,0.3399344342609645,-0.3180622212694061,-0.03171243367685522,0.16978191933171582,-0.2706728058811831,-0.02941694417305809,-0.019988515427611424,0.29326223257533257,0.4306261937131803,-0.22741530762389486,0.21020756772225738,-0.0027774268135428598,-0.021504757543414136,-0.1808578607318744,0.014111183725864049,0.42795514647149957,0.02604748385222357,-0.3027056252183157,-0.03387371286878668,-0.2460429823375317,-0.02298405978884671,-0.029597223694667944,-0.013061682802541776,-0.031778863464636584,-0.04849337835462463,0.18089436810857792,-0.01573522696722828,0.0233089427619938,0.026010447363681494,0.02895418519940273,-0.30248096978289346,-0.018584004051292395,-0.40681881482806287,-0.03282434222290365,0.007465427395405679,0.009841125402068319,-0.035878474524964475,-0.31919863879097776,-0.30176624803644275,-0.1568579569007872,-0.41044639720157916,0.4583715242078549,-0.29915733008155315,-0.04419619984211086,-0.04263703606479547,-0.0327644448272691
Blepharocheilodontic syndrome,-0.000828485289724286,0.014372245227233935,-0.04399892689350288,-0.01125289495911803,-0.06810275105255152,-0.050330545403211885,-0.010638584197178998,0.06172174098772582,-0.07610947447543802,-0.0026708449101936673,-0.028652297114805724,0.09201506953994079,-0.041643240643087956,-0.058306641367558365,0.02089989538975201,0.034508376400519354,0.03974582181186422,0.0763371903425809,-0.065905177986738,0.011880649102747984,0.00593726098952426,-0.0068185622206815835,-0.07073982222477061,-0.07673940169164631,-0.0754851948563244,0.019183846879053477,-0.032257873734541705,-0.027146219911256965,-0.021388052256570415,-0.06770611226448044,0.06537372777500941,0.07809545933194396,0.04085475617359532,-0.03365593968722375,0.0789820851563687,0.07508769015979395,0.06932107928213783,-0.02929211539563969,0.041340921822380486,0.040224716727033066,0.036353746996864424,0.06807970291661322,0.06570482622165692,0.06128613539189703,0.06439061650945754,0.06252152210389336,0.058280166915414815,-0.02377315675253167,0.0780266704141881,0.0737917614317799,0.06873715038716238,-0.067351725466383,0.0601827194776575,0.06471515817842739,0.044027606611217227,-0.02126135311725397,0.06127320903846716,0.07095094940962324,0.07438537849578883,-0.040918963570378754,-0.013112929870231247,-0.018309142046171237,-0.021744887311250512,-0.006235648934563849,0.015061243346583613,0.020860526799870414,0.026064919618810974,-0.00945740845143336,-0.05063515390211854,-0.009789407197142549,0.3028986521630476,0.01657598574785236,0.31264205967332254,0.05250053185991133,0.07965480833588728,0.07934853636984278,0.05965841524615144,-0.06243065314421224,0.052549695004984597,0.31264205967332254,0.4603516837186919,0.47475659373539164,0.034001138986766384,-0.018315960810461555,-0.04360469924397357,-0.025708365270249483,-0.062444156401147866,-0.08306037697723667,-0.029234901649875328,0.3966159924192254,0.07992133448268675,0.07978561881346992,-0.06000222267546259,9.304192990456518e-05,-0.05845198734225337,-0.02275119959707227,0.004904307809062823,-0.012937302333940123,-0.07455164848381858,-0.004087666645615775,-0.00778961221513968,0.019564903212320024,-0.004439946685426983,-0.06528993799448202,0.054402919031870375,-0.039769897725837146,0.011418779277083365,0.016228645859288345,0.019795391438269118,-0.021204295304382673,0.02515682763288017,0.06176204742479882,0.05607968059337138,-0.018502480306251047,0.06356395002903821,-0.06796423708383718,-0.00943347056296911,0.010750143238901578,-0.0013622367360827503,0.4083314711391,-0.0203848490942257,-0.01204989362368959,0.03549343450614404,0.03945220437078983,0.06592610861005464
CANTU SYNDROME,0.18897042815324258,0.19723050884727913,-0.023524130627988905,-0.0009919527049310768,-0.0008048244660503192,0.00031984056853429034,-0.40232811812263203,0.02178157183946808,-0.01525145991277043,-0.341564129675728,0.18484202858245036,0.44356577390059015,0.0031946066087927606,-0.024659891121080336,0.010721194899399336,0.0116861558059577,0.008584244275423605,0.050968146056577825,-0.000290316609823435,-0.0015156544257749823,0.012914118968815363,0.009252547455213707,-0.0030963729230734124,0.00320496218875404,0.01088968257160803,-0.015526332083777687,0.0237269440772577,0.021123625941621618,0.0175603865528485,0.019568399813958436,0.04678771312378047,0.23075988480418805,0.050663459113044845,0.06794092968473893,-0.018929006257380362,-0.020125639635515075,-0.020076443405281662,0.011723769076715636,-0.0020343084587190054,-0.010918430768931002,-0.020609403883437464,-0.023778577198864927,-0.028155662045267274,-0.03186622184992643,-0.017287071702576286,-0.02412975023850492,-0.030185815329098847,0.0443217792098324,-0.02457698285443409,-0.026033480131171217,-0.026355731356522562,0.010781519342076102,0.00593315995783477,0.006170717332050429,0.0035379900503783985,0.00924490520913423,-0.010457074034465408,-0.017558932747533205,-0.022710101295575814,0.06405227884621585,0.3138856553240797,0.23222130642111447,0.026139152368244913,-0.07739886158517026,-0.17976028327157284,-0.20722908099695792,-0.06959348247804555,-0.28144836514819066,0.0028221251142768237,-0.025951411988129548,0.02069493247669166,0.00025615637558635597,0.03496708936689002,0.011856055600167578,0.018734888661195805,0.01869562642132561,-0.009691748117020636,0.1857306284547949,0.02349542689071936,0.03518655108923057,0.23393337097362377,0.01960393128766008,-0.17201494900137884,-0.0017786419129618663,-0.032423160271830315,-0.024929184663772294,-0.018877059486097362,-0.022754494336147044,0.003612261862263875,0.001190072691201675,0.32522577700084243,0.3384218425111804,0.022259775376189506,-0.013278711940528121,-0.3440518107773804,-0.012355688338595107,0.004815710392593204,0.006769419122990493,-0.018772056776243457,0.024234405158678276,0.013263397997649008,0.014665938472765662,0.021374773282955433,0.007278591834620178,0.017485544216967127,-0.012165996411658414,0.5221530614689115,0.5314166077394523,0.5359141882009774,0.009622401273554843,-0.1946264327458273,0.3655690332948244,-0.014366158262426484,0.3137150354168392,0.02019262752554995,0.008717987230079138,0.18435012420650154,-0.014966215544393391,0.2053144862545173,0.046363963001959475,0.5123156508791235,-0.25530040349799055,0.31560084770454855,0.2844336926531148,0.32982079700583045
"CARDIAC, FACIAL, AND DIGITAL ANOMALIES WITH DEVELOPMENTAL DELAY; CAFDADD",0.07793114280341899,0.10671132689832519,0.07977139145800154,0.01307204442548497,-0.050493580863379545,-0.06357883927345227,-0.024470201852889863,0.09673149651037202,-0.03708202058429217,-0.10063519439618539,0.08859378240386806,0.02021257039660824,0.002523272029316361,-0.0066117041520670885,0.07483688755702145,0.09634264556623272,0.09179188274171092,0.029400616504476014,-0.005868517617145129,0.03925381344216152,0.03827392224876159,-0.008525749163047863,-0.02353090191270774,-0.0330979486563818,-0.0370911439861824,-0.07034900248477424,0.06853059770683104,0.06931108099896069,0.06907997613529386,-0.007291485224777823,0.07843235146112021,0.08800255576947065,0.03371062614666739,-0.0003698729831109204,-0.03679010056772494,-0.042282177136198515,-0.04635562776970804,-0.007586497718282245,0.0027812758755386214,0.00399587096491027,0.005365552386419939,-0.024885092136914505,-0.023845970637070675,-0.021090729882772684,-0.023008230087761972,-0.020789528592495284,-0.016836887302705498,0.01631594278222913,-0.03247148012404558,-0.03620386043282831,-0.03868102252387574,-0.0015357111961933666,-0.038432071823073365,-0.07073197844281078,-0.07545943362940916,0.00117225944154867,-0.02028936267638417,-0.01224492947049288,-0.004424327017586948,-0.028039433391752275,0.018190465472909693,0.01899016687133003,0.017444653229758748,0.00012765169380486174,-0.006237990705836966,-0.005736505784644677,-0.005005097558721778,-0.015253498256104918,-0.010978643695521546,0.06463225394434846,0.03511355540323697,0.002221749923415011,0.02687155361784334,0.003925371674311465,0.013648516274943104,0.012273616508455765,0.02222242855980056,0.02036713236026884,-0.0006178974985657159,0.026286017441444605,0.38054206681653446,0.03531374183726079,0.000577161729173756,0.023139534061068907,-0.0326940900590988,-0.033355680814158614,-0.008218814958868594,-0.015616659662629834,0.01205098789480814,0.06402171263306376,0.004800611783546593,0.0013534082246992837,-1.3007751759379261e-05,0.0177548018646252,-0.0511666429366352,-0.03845876215500657,0.020854092017664586,0.04487598864601762,-0.00835262891105347,0.06064119827412939,0.047024235280581396,0.05399316596212913,0.01384073217872598,-0.0030614982919529472,0.025691565553336796,-0.0588305238748288,0.09783619353248134,0.0981675958447101,0.09743072927076515,-0.00952878056252521,-0.0929143683132356,0.028355181120676348,-0.048326260432491615,0.09700063668654292,0.0008128224355811385,-0.0027585834374595124,0.008137086062976388,-0.06683462903924642,0.006892194334646023,0.006965847962970562,0.07774025762450419,-0.061350994383047336,0.028575651938470788,0.04474676884785405,0.01718831926590432
CAREY-FINEMAN-ZITER SYNDROME; CFZS,0.005036688565973444,-0.06392002120473474,-0.07413513792580255,-0.011124467127545515,-0.004433023710069488,0.005928628539205683,-0.029149402834273662,0.024031038329712578,0.013551787304360064,-0.014684071106372688,-0.01404858511701764,0.5348100385426799,0.019672810515405335,-0.3606371514754307,-0.0436806433426732,-0.04886999274314622,-0.04035143641709231,0.013380447664075555,-0.06622476218397456,-0.04054017429917104,-0.06535742800735896,-0.0011331270675698016,-0.020198140467404552,-0.014095929555843299,-0.007697020785584449,-0.04575503159452896,-0.2735831439813428,-0.26848378175015514,-0.2576656550073362,-0.06438378758818576,0.0050657365590441655,0.0401978931690627,0.0488925006118737,-0.021148518394193547,0.010551875613665754,0.013993100332898419,0.01726524074878455,-0.022559228832711112,-0.028533198372493563,-0.03973941788106321,-0.047018990032268906,0.009217878220979057,0.005803573457848776,0.0026449647953609864,0.00479757645577481,0.0006098765946989229,-0.002818613979082654,-0.006326614429014134,0.012762103548848481,0.014115820477444608,0.01509260294003662,-0.25366542202987824,0.020752991046045076,0.05019183784352043,0.05924589113273362,-0.016818573469317335,0.04883565540821557,0.037885238257947894,0.02484268278896707,-0.03149361679353693,0.09801689143417062,0.08512307261344726,0.019796065909102538,-0.006931602916241815,-0.08043070157945167,-0.0841996321489821,-0.08188511689621669,-0.5400425546507424,-0.06911219750007074,-0.08098965323488702,-0.04635167419329707,-0.08762595531648124,0.038870251358426804,-0.06851846662448872,-0.051630939866884724,-0.056704065680301806,0.395230402167869,-0.46383959229234145,0.058755859624847216,0.03849145854234679,0.03616679615358037,0.34051046738558427,0.026874802224551332,-0.24959402105486778,-0.48142645861953615,-0.4443603452195018,-0.031872779312317225,0.02120925731478279,-0.03100509004123695,-0.005461271619969606,0.061775709368529025,0.052446003773338606,-0.07080605050955927,-0.008933376154331507,0.004664348377384844,0.01143148689799963,-0.06554500927582867,-0.003488421345426649,-0.03172819145900219,0.005932915653244589,0.001466171394249231,0.011356087040512063,0.0030076721342461496,-0.030872206473146976,0.26726812935017263,-0.013148068385726467,0.6075204639447254,0.6118155196283547,0.6117749745617851,-0.05634887229842091,0.008920363287133996,-0.01247015646202258,0.008582008880561343,0.013599372748283796,0.4806639305726521,-0.04646275793897235,-0.03859205035064844,-0.01785979028379654,0.04465554254628797,0.058955422991477754,0.3944110404329104,-0.03604967323162843,0.012604077730347853,0.002689125034253698,0.030434941686139385
CDH8,-0.0005822887432309294,-0.01136725584860183,-0.02976407731238999,0.0021513455627134625,-0.021748100496740974,-0.02502886216805622,0.0013956054466401655,0.4461021196163855,-0.021052032052880337,-0.017433645562412867,0.02832641809649315,0.24001540571936386,0.017094537285947082,-0.034693112735959354,0.0027072917230889964,0.0139149884679981,0.023060601991704077,0.020575796380641366,-0.041389827118733506,0.011854604663593742,0.004621465578870605,-0.008483870503610517,0.016051890674796374,0.02015697555012972,0.02118170685844325,-0.017240108603896326,-0.014102905989687319,-0.015317958387781588,-0.015186344778506897,-0.02869479295852763,0.18858436308879822,0.06742829626038553,0.02992368828031941,-0.02871330528068811,-0.014943697237604655,-0.018926734276943045,-0.022091809870832854,0.018207206521821152,-0.04056745768538681,-0.03409113043012765,-0.02586555318458979,-0.026862117140214466,-0.025050525199026147,-0.02201909699319967,-0.02841502541320058,-0.0267687985056045,-0.02358205995581281,0.009601033712615833,-0.019808225687998476,-0.021176495518481088,-0.021629322715756294,-0.026650894304272747,0.012395463878748712,0.003979906153705171,-0.0034783912645011176,-0.008653403520145177,-0.2739409160353868,-0.2748621015442643,-0.07889453437143236,0.0015247928994424431,0.24262942713139757,0.19918471038084545,0.13311722028385087,-0.2187262951703179,-0.18601982119527782,-0.1588470216601718,-0.09042434583713344,-0.24290402240352027,-0.04111175627357482,0.004726477561607756,0.02802526842895231,0.008813901287741954,0.07161193415833883,-0.00962454462163299,0.037392839796715996,0.028144836542221927,0.06542587934456957,-0.25982145914346527,0.03635259284287936,0.07148075161637409,0.05987489612658612,0.2637381993066674,0.21987762126091626,-0.0020078989618614114,-0.3325076526351075,-0.3038523285217847,-0.017708665742274383,-0.025826854407731675,-0.037964655160863156,0.030764726155474546,0.006286360398988395,0.0013217714115935715,-0.04471287255725547,0.00739317464299996,-0.021751411238227006,-0.016698813725910314,0.02147450372835187,-0.02672470440381575,-0.17572953247418216,-0.01510429703721918,-0.023036144963066198,-0.009794616299776225,-0.021903643720998324,0.011478876238791569,0.178787459459669,-0.04624240276268164,0.308575993219247,0.395609217493765,0.4014201706295471,-0.027542159532743558,-0.032282457212420124,0.023501453350133244,-0.006958966477956212,0.04998086326309611,0.3768767646942221,-0.030734318819953636,-0.008444794983762605,-0.03989510448801513,0.044180274233860096,0.03663533245663916,0.38512411837076094,-0.3598987897047844,-0.0033237530367270667,-0.0054272916262013025,-0.0013824400787496168
CEBALID SYNDROME; CEBALID,0.029766669849480416,0.012514502575351673,-0.00777372482839583,-0.033907694736517696,-0.2983338176014728,-0.03480227639630827,-0.035382800433340536,0.2289531705988655,-0.013821896894859588,-0.04554286005187751,0.04110825498578663,0.22700764406750223,-0.023041996867776714,-0.04693294325593832,0.04821063156225947,0.0575960777613694,0.05084050918854532,0.46011341949553874,-0.051852944494124725,-0.005889367572695748,-0.0028662584000949455,0.003220477179765835,-0.04110983646297085,-0.03133859607975607,-0.019509248003784077,-0.020337510654469787,0.028355095329887232,0.027400856788346462,0.025585295876507066,-0.19011747560006875,0.2977493369979219,0.4736447349535737,0.3838633646117584,-0.0238331512127913,0.018783810459556877,0.01860257819577769,0.018475951641355765,-0.03658684803074891,0.0003548753880380514,-0.0025694501175888514,-0.005703413008452847,0.002547732453403322,0.0009989000319483789,-0.0003300587907836581,0.001721808073073769,-0.00010883234603783466,-0.0018759628553578422,-0.01140456390977249,0.012342743698438885,0.011627354779249656,0.0104992734279976,-0.0541470054497565,0.04263213530123258,0.1836676777479438,0.050759888608307276,-0.016414791994357913,-0.016799126626452613,-0.024972905003715486,-0.031374389592038684,-0.03190408330098239,0.01396998287411487,0.009268542755912995,0.0035143511700036624,0.0022319899677278555,-0.0022930911436931925,-0.0005379923557342663,0.0013267124831409685,-0.24797693092556103,-0.1957685885610046,-0.0030743137476137985,0.04573453301909121,0.036001081512018786,0.030897743651337947,0.048910728554765824,0.234198437321764,0.2320234923260463,0.0682625001105241,-0.20025646953516932,0.03522474808945754,0.03129230835041065,0.5303907891008757,0.5539606630556471,0.021614580523142676,-0.032096510602105534,-0.1754677166107692,-0.046067696983261366,-0.03693676338545291,-0.2070403020826721,-0.13387456206373863,0.009143421060875493,0.05298767399784854,0.054110940369699545,-0.04751099530521088,-0.018134436145278418,-0.3529296889210342,-0.012604958636868661,0.04960022298630013,0.011698830581695938,-0.013306743380483646,0.017504265180637846,0.01561914883451761,0.02740406750522515,0.0013354791475306514,0.00037947962780910446,0.2893862137557159,-0.04214236995532225,0.3900194580097418,0.3902930206560697,0.386157505426534,-0.0038893353960740705,-0.04836244900056081,0.2420567991135858,-0.023175562749130775,0.17986120748755519,0.0806571083500602,-0.01970349368979259,0.02219468433102411,-0.028526721427848137,0.02601398475561219,0.4666742428565301,0.047296922282596306,-0.007570129877749649,0.05768617808523419,0.05330662655899368,0.056603087156686126
"CEREBELLAR ATROPHY, VISUAL IMPAIRMENT, AND PSYCHOMOTOR RETARDATION; CAVIPMR",-0.024411796101223997,-0.07244810854453604,-0.013880725702765365,0.032071938743701074,0.004149792737968766,-0.037040690598588055,-0.014213758075620718,0.048801325058364514,-0.04907312589964301,0.00045775161795814695,0.0011601628745744577,0.033698371502978476,-0.013233649984045543,-0.01208320957638799,-0.03954858967850193,-0.014341083230550292,0.0047444022560189465,-0.08800497391591751,-0.0097751690527376,0.029224092088362172,-0.006641161373396183,-0.034911837254584306,0.03391172218713882,0.01288192797883652,-0.004261385031716751,0.006044327523108735,-0.027946035652618544,-0.02169854346406177,-0.014831769708739864,-0.031931570490859686,0.03491485713776787,0.02235847457805712,-0.002746042506602165,-0.0307608266382118,-0.0013055470425594286,-0.003445420187565968,-0.0059768074570399204,-0.05177990397632695,-0.008088809701934646,-0.011325136682640374,-0.0162755802917227,-0.012992526034167293,-0.008960824559454603,-0.005287986856362959,-0.011320856572159244,-0.008251163646612245,-0.0054434655248158164,-0.008173203163322205,-0.006065746136343839,-0.005635540511338715,-0.005137949344802558,-0.024641393155018506,0.04494876635639414,0.03185178074042791,0.006353968221502424,-0.0032819006763539723,-0.06374623248388954,-0.039784574988803716,-0.012258282760181613,0.009643224676347515,0.31851583716517956,0.2838843231396251,0.22086661827542098,0.08316705724560082,-0.07743301706840397,-0.07367708707643371,-0.06384235958895754,-0.042334958269465456,-0.022674473351500152,0.0005406383811256036,0.02468192393552099,-0.06654625283586824,0.04444423973651521,-0.029075088333021103,-0.009067519988704602,-0.013717520976076973,0.017060032670561606,-0.04466435562661539,0.047483067304766376,0.04541133982029864,-0.06587077273661626,-0.0017448781688443817,-0.02932264228632006,-0.07459917743576126,-0.06637564030458873,-0.054376729580755165,-0.05611790193329406,-0.016284792607559495,-0.023215643009593653,0.035283981324419796,0.011591256643866893,0.01040611450518683,-0.022673868499018687,0.03426394770060101,0.006496068703641797,-0.030766810460333825,-0.04737779654180557,0.02925475760669582,0.0028223327958279395,0.036470321903115346,0.03304409936521689,0.024458454718186185,0.02353611266677029,-0.0054090166653442346,0.059628329975149726,-0.25284374341663957,0.052209595364457406,0.054485052294348836,0.05700938203534494,-0.029524949972247985,-0.0010604156229827063,-0.039116219426572445,0.018135705610608076,0.011034215578824086,0.08348754750387738,-0.010175481558356592,-0.029483138504383763,-0.007563777424206724,0.008213794664904853,-0.0012109446216667286,-0.06832305130819356,-0.009838907717173394,0.01255236101244247,0.015011601719412786,0.013013958925334636
"CEREBELLAR, OCULAR, CRANIOFACIAL, AND GENITAL SYNDROME; COFG",-0.025868634023067084,0.05068544534099879,-0.006551462306122957,-0.00848410967480772,-0.048939850880437966,-0.03309632229137362,-0.044417826029905134,0.005224588242140526,0.04359294980618668,-0.044402024189922076,0.037279134571401744,0.2949838472915452,0.019578353520275427,-0.011935900422087425,0.034153814274042536,0.04371845829677931,0.03992818638539953,0.5530733595957009,-0.020786673492929574,0.008045895251554656,-0.00033323050831675854,-0.008879018876090338,-0.0015526214420624185,-0.0017265261497763924,-0.0016016484481520686,0.020879901569198053,0.045357453116540436,0.042765044437546466,0.03840998377579501,-0.027616192588304462,0.07538562968091066,0.32331541004899544,0.06767898962786909,0.0039114391204057904,-0.0008356009056821661,-0.0008275973060160176,-0.0007971714440019993,0.04713636320761023,-0.019833689841178493,-0.018975705423380843,-0.016848813117148094,-0.01435473258003796,-0.011186141942783404,-0.007328277558151296,-0.014215698667349293,-0.010011095862637008,-0.006127184773506771,0.04122399241500566,-0.006056931550108081,-0.005062588081003117,-0.0038239295479045097,-0.03126720988044576,0.018478122864032803,0.02318880254642982,0.019310571702390065,-0.04687877110920014,-0.05444251547489053,-0.045030844853635885,-0.02906550542816132,0.02400822658669509,0.02468868770460742,0.029754246350278468,0.0298778024997309,-0.056158673301938834,-0.019726808999996376,-0.026455344599779666,-0.03105982470761601,-0.05410919385749657,-0.023801098918343516,-0.049930113012653016,0.0031836245847669965,0.06305104400103775,-0.020286719146685107,0.06341633141393352,0.084147899182113,0.0848856818870148,0.01998070399989927,0.006374309786232991,0.024621293146365,-0.02068890910891687,0.3438172631530283,0.07800635995020827,-0.003564671314071137,0.0014953578711696864,-0.05389267361258035,-0.04761443663369494,-0.01608085248280965,-0.06177879019118989,-0.011595972045134994,0.04566753808845413,0.05844789168591138,0.060687746828725256,0.06694065657998656,-0.0035708625861055805,-0.08952147903474052,-0.026671092478802724,0.01977334824109272,0.005562328220233585,-0.005265218375022986,0.01214167248471933,0.010138702358570412,0.015605603617094716,0.013076967618631469,-0.001789507095157015,0.014185336755063612,0.006239939627556032,0.3037735565646329,0.3021668979068559,0.29735864511376364,0.006102950188910656,-0.043202541245466755,0.3439844921508562,-0.0032967651549057897,0.04349221378826491,0.027339524494750557,-0.019622304347857937,0.043031715645765065,-0.002216816933409449,0.31561991409925505,0.0799046991664386,0.07142052686333333,-0.007349529797028634,0.03725029612098332,0.025817133091224062,0.04876365019526717
CEREBELLOFACIODENTAL SYNDROME; CFDS,0.0336450884342315,-0.0018681996852290873,-0.030861153050889847,-0.012009431246794086,-0.03962304882678724,-0.015664244321513657,-0.4470951380928709,0.017312534156193052,0.01345333041016589,-0.016049661742137976,0.028639178737303185,-0.012348843173261877,-0.021273457678593795,-0.029405727132653298,0.000999490042589788,0.0009276041998613668,0.0006250094935046709,-0.02470676612090624,-0.04909214977043943,-0.010498094490234781,-0.016689197314556786,0.0012190617857407255,-0.011058008244815147,-0.01404172760059152,-0.015356302733880278,-0.04959991628180186,-0.04171472520839159,-0.03701073232882625,-0.03183467315242105,-0.0644755726025019,0.0015074058168357044,0.01886466805581044,0.022891220944132463,-0.05368545259354859,-0.015236556181417551,-0.013529142318147749,-0.012638639621020391,-0.013490454615877119,-0.017134847311850204,-0.01305449821727847,-0.008928044076964852,-0.008950855160751304,-0.011542223363921456,-0.01342774402715939,-0.009908528556272224,-0.01142373693056744,-0.012191027426815024,-0.04231819255754467,-0.012480352620876663,-0.013581615580067125,-0.013904963501125437,-0.04330981638865327,-0.019918492452172493,-0.01898732774406486,-0.010342021171601356,-0.03257897423908779,0.024136272900995806,0.02452223653463919,0.022117366073942275,-0.029727195092108846,-0.0008065176737537228,-0.0018430260557285364,-0.003056768522526957,-0.0002489414691270394,0.005838791884947457,0.008629480119207212,0.011277735671625417,-0.2920678910123255,-0.060535136943903986,0.024582243500602053,-0.016748971476063218,-0.046988921625866986,0.028966175822106522,-0.00020084956362818776,-0.01605042442544099,-0.013216985944685015,0.013302371781708929,-0.022723445058074797,0.03937389478674679,0.029315734709785223,-0.014632147556581387,-0.007802169181268107,0.03256584746551347,0.008318232952330872,-0.26950004980884906,-0.07685132534139669,-0.0324122115196857,-0.007045023693997797,-0.014948967683804814,-0.16756178411454367,-0.07376068691005491,-0.06686960357200286,-0.047502047087720246,-0.007781866331123476,-0.03753644255939669,-0.0014968257837621214,0.06359924426074218,-0.011929763519061233,0.06150305406760174,-0.005519298030273494,-0.012791721595939567,-0.04813741569583254,-0.04710277250715615,0.562190527771519,0.039909209343507564,-0.040185198108265915,0.28192195506313633,0.28556934228703823,0.286049823092743,0.09913867514507438,-0.03236531930892228,0.010385551245045274,-0.05277100494408646,0.04340792103102185,0.06566275363212803,0.3940036764734386,0.09926750375398409,0.030460715984897985,0.06961245669190261,-0.0241798768842878,0.04684867977166178,-0.0731655375246151,-0.025053244373980266,-0.024707433747940058,-0.0516363263018134
CEREBROCOSTOMANDIBULAR SYNDROME; CCMS,0.00602233308417537,0.01545380727739906,-0.05934237562034602,-0.03700608481902375,-0.037337520598206685,0.002113336084602247,-0.3657205282541733,0.03499276832200866,-0.3288311083097657,-0.028350010461977864,-0.0014884919285453524,0.11643593379536239,0.01267034988569603,-0.053512364875844036,-0.003278038750255915,-0.003240962401947774,-0.0020838093186719094,-0.008442007262734572,-0.0470763573324556,-0.007947873162124029,0.07126173973496627,0.058262024460022585,0.05769327404321779,0.04660114011655061,0.03127475213332887,0.010049421540410549,-0.05118824522369228,-0.040214801399968296,-0.026543103441996393,-0.03794800268068397,0.016453224411000143,0.07534697208946478,0.08604826502494249,-0.040590405276404506,0.06912040170752848,0.07241978817556793,0.07370944982604738,-0.05017680484942869,0.08831449433862733,0.07908884076910204,0.06590779738265168,0.07555984741793574,0.07228272366155439,0.06693287623426128,0.08155401455051264,0.07604357489321407,0.06766624822258208,-0.03779488734279358,0.071094057512956,0.07168943890765359,0.07178961056578224,-0.050526494513415995,0.004077163440289249,0.019257539987005235,0.027285109547475057,-0.04676777841691604,0.018458493138899735,0.01640090220163936,0.012950363078721836,-0.03218422799179053,-0.009768699704757819,-0.016527238491505863,-0.021939145718187288,-0.000846991098914148,0.01640324441870576,0.021661896219789836,0.02635915176986672,-0.013620980072272698,-0.06279587824286234,-0.014711118419795484,0.3089174072025856,-0.030449096314197295,0.07095265129246908,0.009432025458384993,0.0341748716458514,0.030955340712608276,0.06831198915276115,0.029551703011362642,0.041932411331775485,0.07095265129246908,0.016315171165719226,0.005740120835608911,-0.05193624220742383,-0.01805338503601029,-0.051996096209161416,-0.03965027967168573,-0.08099613544708792,-0.06349227873334047,-0.04774502406169961,-0.03839350438602384,-0.009155230694779519,-0.0047354084200632585,-0.01748407702095246,-0.03751015222755675,-0.051069350194779844,0.013750677378425958,-0.006662979096585806,-0.06571751947722639,-0.05013733656916414,-0.05568185347795421,-0.05889330385935946,-0.03077526868469953,-0.03477481782997768,-0.021337885147398362,0.062493210242277886,-0.03070608209472503,0.0849257956790975,0.08840366099804357,0.09098850705995212,-0.004519622093515085,-0.000984179243323179,0.04441373434176619,0.09515226433067484,0.02129965407859928,0.034562991651611544,-0.022947336633420655,0.005514864694440426,0.03464051904635546,0.024066965307339983,0.02360812954417882,0.5247307163682321,-0.06013790097520914,-0.0024677545601358535,-0.010525955091415767,-0.0073939590937591535
CHARGE SYNDROME,0.032811307853436646,0.007916889605233757,-0.1365557379005092,-0.023457323353098095,-0.03708283565563608,-0.006995297794296152,0.013841847970497199,0.4652040506031656,-0.02320958319314824,-0.043650990597939324,0.03059392172560365,0.14654735046712491,0.20109831690721844,-0.142194530271853,-0.023893669630646888,-0.02141135703869615,-0.012276691220824525,-0.002855099879165618,-0.157730029106737,-0.010343422268712755,-0.00831702684163555,0.0037615697309610566,-0.020288606554621186,-0.013703730346239004,-0.006000448985609498,0.06474959344663506,-0.000496501624296819,-0.005131319856505941,-0.010593552902211941,-0.13570995584594767,-0.0016810019699859005,0.009904865897530346,0.018171193884929483,0.016710994142598485,-0.02540617643460295,-0.017923201897566726,-0.010004301118827864,-0.009949720562259755,-0.009661922246854429,-0.006119006432202129,-0.0025660843482622794,-0.02499099874913084,-0.019017210405490505,-0.012577931744623657,-0.024402694341715846,-0.01954567372253964,-0.013797927701385085,0.02488252797831718,-0.025790621844113404,-0.01819116859239672,-0.010493003539285532,-0.22157674701124583,-0.008995270465204057,-0.004070994009001503,0.0008579821441519885,0.0005331360654238493,-0.21760750913745372,-0.21836265627777773,-0.1595078128166114,-0.02042770143721073,0.007778389639670802,0.00508243013136987,0.002286817084071361,0.015473759003504206,-0.0030550533433675977,-0.0015089408100384056,0.00023940555176750716,0.02561413495181306,-0.035112635456638085,0.12843502088080958,0.02344970664548513,0.027767113105423947,0.31831642040584207,-0.019989806562682667,0.017018336890511403,0.008915937225064063,0.026220512414673814,-0.027820723859031653,0.019440213510766146,0.31831642040584207,0.13462321148311823,0.037938034860822416,0.007083294127173883,-0.014896516882663064,-0.02546884185867796,-0.019261951951125646,0.019208777387406825,0.0033750839748163844,-0.029644453362889518,0.214968567244848,0.023207788569558394,0.013336156261062248,-0.20100797069957868,-0.0075923905673510456,-0.008739891586090915,0.0037172064609769266,0.001041125017929759,-0.0007186952480449381,-0.1962664305606189,0.007803047498728011,0.0009220727326564477,0.013011204887036977,-0.02080015418762643,-0.014613247432007459,0.16170670356737643,0.002743266660337393,0.011610332138555939,0.01644424740511105,0.02176837062391056,-0.037785064703335855,-0.11107212106411309,-0.0058522845297011876,-0.024742790892300682,0.021015650689002394,-0.007556363395990459,-0.033004136259196584,-0.027753619461856685,-0.21335252498942447,-0.1474634313027319,0.0184420452817178,0.22317086527040034,-0.31250371708499003,0.01196658383015856,0.016115619815471494,0.015475145703176766
CHITAYAT SYNDROME; CHYTS,-0.05092991350610858,-1.9018381188125508e-05,-0.00942784336528947,-0.011139942000403857,-0.051816272840658775,-0.02863865468922238,-0.01653782207263127,0.04726810038513671,-0.07720206526579687,0.04975759563213434,-0.03811467799038139,-0.0026597796691000537,-0.01839712080669954,-0.0277534951780029,-0.023321437280174672,-0.02151475894241848,-0.012900874519094116,0.054940809808168,-0.046045175653274185,-0.008046847705127464,-0.032667584191890746,-0.006062590402575051,0.011992873759477347,0.023751810827407394,0.03265873108756774,-0.030057646502027628,-0.010339129798029994,-0.010120008224582158,-0.009510072531656446,-0.04450169000297495,0.013460154741316784,0.034843369419286035,0.03152594172134311,-0.024591117269930997,0.05165072437182533,0.044739119223814086,0.039324063397537266,-0.033619729601010055,0.014452335822477172,0.01393449438454246,0.01231428839802,0.03741756539831126,0.03384448427325724,0.029459180305775035,0.0333572933198449,0.02986724421585375,0.024251738272077265,-0.02277071038721073,0.04782403347954113,0.043924390583488994,0.03773709996443277,-0.022819964626469822,0.04922303164799217,0.04975710524191612,0.028402976886749816,-0.008164947942922798,0.02800344627750016,0.022057310989371335,0.014987117683225736,-0.042261342286549625,-0.028871824712862086,-0.03555208787137821,-0.03889068269112348,0.00010730109679665459,0.02377461880360574,0.029649286684685184,0.03435793642923722,-0.003204795912142656,-0.051322419745143254,0.018885321673067824,0.06752571511729846,-0.008913839475045477,0.03841619916175691,0.003187384079390205,0.00805969021516927,0.007381467514529818,0.021881855007291742,-0.009866960481043732,0.021019295600429422,0.03918336780958068,0.06396791600661618,0.07573609493044166,0.014112341787040489,0.0032304258635844287,-0.051726907490410326,-0.04635123964424065,-0.021253257014070145,-0.018540701508830016,-0.059841035645976585,-0.03020342789684683,-0.00493057112280154,-0.007220589605926886,-0.041493557497344374,-0.0019213325045593238,-0.03904347618987359,-0.007526913744609201,0.06673062204243975,-0.050323859006454495,-0.02260616255038807,-0.052753030743452785,-0.05099730134987812,-0.04239117621005988,-0.06111483790101296,0.04250678101125197,0.04861167509023987,-0.0458554491201371,-0.0330629994869738,-0.03725739520864311,-0.04143634999622358,0.027603586831714613,0.03771904951546425,0.0042669834931269805,0.02724839278493569,-0.04021770552917984,0.07943484475601766,0.01725656637933825,0.014611600418983793,0.04214688359532838,0.03371848433172137,0.07351191288768442,-0.07565955467039925,-0.0324453499825424,-0.044016925648542156,-0.04485704236027041,-0.023440538330986322
CHOPS SYNDROME; CHOPS,0.0704932808617604,0.030721179258236003,-0.008566731187353122,-0.04951993951162182,-0.3330109874256499,-0.025020130398645177,-0.008579273634935446,0.4109942397407572,-0.03492783141566918,-0.5210495956322394,0.48325101423956346,0.007213841511761256,-0.04545560904224013,-0.05037530925761811,0.005498141762430077,0.004370205100297107,0.0019123218339251722,0.034473059891764773,-0.04224656598621765,-0.03132444431225313,-0.056960201739834286,-0.002286847919704028,0.03144418562011692,0.03361069880847019,0.030809895472975777,-0.0431308842284078,0.2688734783851359,0.2817360218468356,0.28903067923122283,-0.035231792374656214,-0.009843616982916602,0.003116198328281543,0.01690191836092487,-0.021078321163546732,-0.05942110099167649,-0.059531543323379524,-0.05815365689705486,0.011703102231542058,-0.045961386191895055,-0.054108127800437104,-0.05821554128050025,-0.06232673893616814,-0.0642473668510898,-0.06415096031919719,-0.059301290362624784,-0.06272430394483358,-0.06330986795727687,-0.0017538274245869434,-0.06318057012968503,-0.06314627484247433,-0.06242572647210459,-0.042035685301853205,-0.016850501147935237,-0.007797621494264203,0.0010857663228279833,-0.06574308537062876,-0.08311180670044456,-0.0881658350088338,-0.2763811604746571,0.0018422806472124923,0.3036542825316937,0.2831074920743288,0.23768729437839844,-0.0038517269873117755,-0.06862970492469547,-0.2510706440730931,-0.08494959260232467,0.524178570482584,-0.05499326950208475,0.36987685996810643,0.045638558787076886,-0.03035155331061478,0.027678470568544947,0.02674894993350103,0.03400309155806882,0.035048982603653044,0.04348419508219029,-0.06862721581630386,0.0023589993233162077,0.027561578054912148,0.44574464636796896,0.32499494512126426,0.02365356745559766,-0.03266902440849267,-0.026813585493340876,-0.026800891192708565,-0.24588806797407955,-0.06696279218005378,-0.16784994608936912,0.06116840718328965,0.021237327295886583,0.01707545197278311,-0.046325334186360985,-0.01889885761453699,-0.04489432079738643,0.0026753555276277123,-0.01837603482829722,0.05064830451006055,-0.020116243947247304,0.06530067956856694,0.052062162551635004,0.08368945753013707,-0.008201987772203262,-0.06107918509601983,0.062439944616047086,-0.048946866184626805,-0.002359094276878625,-0.0031892633122391966,-0.004049546728195025,-0.27885848504938,-0.5085771091274782,0.037172063282502874,-0.061410280526341975,0.2786295220403717,-0.5423847850755387,-0.38026203264817027,-0.05094391325610941,-0.4426066056282111,-0.050801580761160314,0.054373269137085914,0.49946255287349484,-0.07532862650861255,0.017009175136614423,0.03649698223450451,0.027013024719056547
"CHROMOSOME 22q11.2 DELETION SYNDROME, DISTAL",-0.04469031795625355,-0.02634462978945911,-0.20266485805326728,-0.04448997192934199,-0.38182596922868334,-0.04653808361458032,-0.25266182116590097,-0.012467515254373812,-0.22927841150014913,0.030690557337595927,-0.264623317681235,0.49647264223445664,-0.025072804783372794,-0.18421957392898883,-0.010176840473686777,-0.01188526916002755,-0.009221155413262232,0.41494209909920926,-0.31328361759810414,0.007825053393272986,0.042511234210101216,0.017547217894011757,-0.028543777415932402,-0.024805910284708237,-0.019274489269539896,-0.0018899710600467018,-0.02907172636250871,-0.030369268676570572,-0.031002175780387064,-0.3110301339714683,0.30137918282286746,0.45021301129082014,0.34235303650609544,-0.1983907392123312,0.025847040636467648,0.024361801670496674,0.022150152167266516,-0.15508625774792156,-0.019516417415359262,-0.02124886706271971,-0.021269894274772945,-0.0008796430297594202,-0.0021206827248496122,-0.0033452092370836305,-0.004308608830346129,-0.006353225049492613,-0.008333442507249654,-0.03336548880911382,0.015294177316551277,0.013632507765312702,0.011792417253346647,-0.28868073005554895,0.28355035159743225,0.34245202468428126,0.28003404552890243,-0.040696638723364896,0.04831683367119249,0.046025120902471205,0.039414276215199544,-0.15862166713385725,0.14865401345766607,0.1412052655112016,0.12021384150810253,0.0006920539910429695,-0.10333846996762078,-0.1088327939469533,-0.1070974975474741,-0.5113668279996204,-0.3418993447848469,-0.31893018767123105,0.399497579915586,0.024221913385156613,0.35153646818545825,0.4346685988321978,0.38326023270376125,0.4163966655879648,0.5006043648515018,-0.3964623478771838,0.04201516107163851,0.35153646818545825,0.4736418471745158,0.6102586620774759,0.19769980621233282,-0.1357119875089193,-0.3727253486083674,-0.34303536897312686,-0.3432360861029613,-0.428782117645545,-0.1520071574883493,0.37209722957011016,0.2230116065658615,0.2830658032122434,-0.2353529405538181,-0.03236543029789691,-0.5435516030393742,-0.02439978538148947,0.05350557219055174,-0.03154495719347131,-0.26055038763514216,-0.022149594371403528,-0.022955737937314615,-0.012495940046683904,-0.009708301910975757,0.013493450695988734,0.30441020015875536,-0.16198704761639313,0.42296869750295807,0.4261685195384479,0.42485400875356233,0.04742027959960319,0.200035002671191,0.4911250852066483,0.3608055742151485,-0.02401183408666045,0.6205270144901238,-0.002096339513534711,0.21767228257395327,0.36254489487438557,0.35651279528129715,0.5035480085379676,-0.03014500646364529,-0.03114948232362044,0.05350961654824266,0.04218455805503797,0.1973788475330846
CHROMOSOME 2q37 DELETION SYNDROME,0.061889488319457,0.016754537186662224,-0.044228165011659215,0.0023301058621591304,-0.06025908088869739,-0.061064928773706735,0.035579627134908816,0.1009141043048388,-0.01886800371547686,-0.08047319001483955,0.06600036756987611,0.06539011992470756,-0.005740480164689289,-0.04870497898866159,0.06831618332642324,0.08179014423643775,0.07323175928839193,0.33828445922242656,-0.06420774512211487,0.02258938063820917,0.00430322396426908,-0.020692379058914665,-0.08367322546459519,-0.06663233610568088,-0.040637432060941364,0.026475689722046756,0.06529712862394363,0.058881454675239774,0.05027996881897673,-0.051518978753517734,0.08950908931696755,0.09406611566957068,0.03714369849767353,-0.042583873400178884,-0.0013829460933483305,-0.005812199563697121,-0.010886789525687487,-0.012168934559521019,-0.004728679977165057,-0.001339346042506857,0.0016389624428560425,-0.01109435302683169,-0.006796258870514301,-0.0024149259238929787,-0.010850905110523324,-0.005979614245211888,-0.0006554709432125402,-0.04089470719287952,-0.004721846959571251,-0.00653062341424462,-0.008222029521315356,-0.035511633507696226,0.026264298977481695,0.000270239401183547,-0.02782049750091903,-0.011134322339670806,-0.040075669514294504,-0.04544974735171799,-0.0462353626342844,-0.028269632419356414,0.01534372472985644,0.012085953838868,0.0076085767953844394,0.00042087746988748884,-0.00858167878129247,-0.00542290302816264,-0.0021713591965560027,3.449430256152789e-05,-0.06206910269788628,0.0484259156788526,0.03293662101425243,0.0258289625238446,0.036614757217244755,0.020333284825113946,0.039614128514653506,0.03980601734155783,0.38556161275409284,-0.021709138119783766,0.029147878065019152,0.036650128063193406,0.07427211045387011,0.0636947630324046,0.0009233348440248642,-0.020143602891458084,-0.03737546038965252,-0.028656944419400986,-0.009628389401219678,-0.028023516107432946,-0.058397117281363084,0.08043465426864616,0.0011474912935571032,-0.013779680816197324,-0.060037562276708194,0.012272338418761788,-0.04873448936371684,-0.0308756740114144,0.03838698273572041,0.0005299479982848298,-0.0719084644200159,0.011732691763107235,0.0027840036325223654,0.014050310648267169,-0.016613796721000756,-0.0024708877992685794,0.08670718062820312,-0.02571130231016099,0.07891641088932592,0.07701245274439018,0.07408566459906209,-0.0031260623257137314,-0.0721054698003135,0.07205944582358632,-0.04669546592544732,0.06418085279505165,-0.00507277170125549,-0.002252196736084306,0.03194397998166334,-0.05118740382283122,-0.00870986114613411,0.04324918200395389,0.13046672548771024,-0.07885194449501015,-0.0035663614767988978,-0.001156718843760484,-0.008087312219436356
CHUNG-JANSEN SYNDROME; CHUJANS,0.023566150747979478,0.0009310184110160614,-0.2755321480278687,-0.011323710730334596,-0.03468671217020333,-0.01800697447204705,-0.0005995832521889739,0.4213894994204343,-0.15394795937717154,-0.1789935805915062,0.1580779806865238,0.4492063648109986,-0.013144078197671645,-0.16684049385595076,0.0035293756001426955,0.005823821777098649,0.006129653567546232,0.008473591091112726,-0.2884070486602602,-0.006575215062833099,-0.023200067823310924,-0.006397304635826759,-0.048420364462921014,-0.043200956859525325,-0.03393502336752032,-0.0007433356594836212,-0.02816140247637485,-0.031880591698010226,-0.03480555205987259,-0.28298765588341745,0.03646133774093049,0.05057150311062925,0.03235146206475759,-0.14376869431968106,0.013405057315490649,0.012251069992238418,0.011169007855745212,-0.22875722197804954,0.022442631269975085,0.015166155946048124,0.00798789770663151,0.014182313583765491,0.014165211090731529,0.013651016891042632,0.015553167963500883,0.014192564085410154,0.01218334293944464,-0.031146909620608284,0.013838009489074767,0.01380045482867592,0.013873370254845932,-0.25790049951205435,0.0024382249822148556,0.0034938475092828962,0.00317313278531867,-0.04407190601792787,0.013761005585784665,0.012561867010794835,0.009838579113450615,-0.02826723924721635,0.020502814054210533,0.01740898052714392,0.012607556790753153,0.00349342620857692,0.0018933327354675432,0.0015241163186779838,0.001086226250286789,-0.16706476207878054,-0.3015955462965084,0.03891672375875893,0.017019122441092167,-0.2364949826581619,0.28440724742333495,-0.14350239134991138,-0.01997098955481591,-0.02616282686138495,0.03305874407456004,0.01890211571845077,0.014073428944807821,0.28440724742333495,-0.014350269923069375,-0.016204510625224468,-0.025997955408744798,-0.004493881510446611,-0.24487476517725099,-0.2391489817663875,-0.03589861228175338,0.0012380011182052824,-0.22580637823362598,0.04519893925552487,-0.006618449050757312,-0.0102531375893805,-0.2515369511806488,-0.0020186067593468363,-0.021305111077667353,-0.004199355181125981,0.010918141890943863,-0.2759433015200199,-0.2815264369225409,-0.1818179452935557,-0.25449224559446526,-0.04220486160075326,-0.16701787302167806,0.009582003023078992,0.31499624127179215,-0.030740551262897462,0.4435698218018554,0.4423734952195559,0.4362359806593108,-0.042279177713413364,-0.1819491070692607,-0.0013097362492865098,-0.02495844426025504,0.23135188281807645,0.046067086382847615,-0.02549092515710284,-0.01831495857529463,-0.16766378189666567,0.01499068785642952,-0.0032925849612475823,0.638108021375156,-0.49224601196451656,-0.013932893064007223,-0.02141197212602385,-0.01587450182388558
CLARK-BARAITSER SYNDROME; CLABARS,0.02013005944033623,-0.00171662910017255,-0.04606811868655788,-0.02257243264315838,-0.0013323829503700255,0.022793933991509252,-0.0025882063527730547,0.41381661345105253,-0.03324494666129231,-0.015222618050592948,0.02239254472276158,0.05072723271966197,-0.005545570595586372,-0.05047475979254915,-0.006083992705621165,-0.013445397551454292,-0.016864632911188455,-0.026342470946976285,-0.04055887927967442,-0.03540206874896685,-0.028780215074207558,0.013439768483087873,-0.012360343349237468,-0.004836228001841702,0.0009615986678943927,-0.012797594666182948,-0.047643818870388585,-0.04881825068754088,-0.04893643783553353,-0.03287643826903892,-0.0038342224264351563,0.021950427366658712,0.03974897756272822,-0.016022858189511185,-0.01730346342791174,-0.013564113189493627,-0.008980709705919923,-0.03786386732330539,0.006544617222119489,0.0008668205779055859,-0.003662248039585039,-0.0006058934772025474,-0.0016245950531275754,-0.002522908513587925,0.0011551742021727893,-0.0007360305305402403,-0.002694700796387031,-0.011556290232945077,-0.010187037795686327,-0.008028629561076736,-0.005466006937765681,-0.030223345443879005,-0.04157272815626828,-0.030800059802046892,-0.006298301064642996,0.018064123636896655,-0.0002749604350438335,-0.00892529030678671,-0.01843547985709676,-0.02704006178413526,0.0043259975399701014,-0.0001804608369674519,-0.004842212203707922,0.0020106029090524997,-1.9867903404052752e-05,0.002572772629641923,0.006527580426908255,-0.04602722558681291,-0.16974072560251008,0.04285415727030913,0.0003862191381198525,-0.040973090550632134,0.3121808415992152,-0.21531912162758868,-0.04231450045354486,-0.05088451821161878,0.010304872366833908,-0.007966296092801518,0.2670944273110225,0.3121808415992152,-0.024965320818255126,-0.02599200800545158,-0.015656600446655976,-0.025164517934067772,-0.40130113866518996,-0.3439477731428161,0.004772669466653641,0.03745418190837925,-0.1507198524711132,-0.001140407037410739,-0.0016733865948691331,-0.004781514122531091,-0.04861019830755204,-0.02016364044352881,0.009936355332709037,0.025146050356757606,0.03410660701725877,-0.039130402290461615,-0.04469506253427995,-0.02725082194647262,-0.036899029311012,-0.02663085762645459,-0.041068112499904746,0.04851116658788981,0.0506167796284634,-0.02299544559516696,0.20568905023845516,0.2119110429628555,0.21554131701998022,0.005611617340933461,-0.025210737541241195,-0.026650581827616468,-0.17514530268514708,0.025641038927207378,0.04809913247646823,0.04926548725922357,0.016754375893550933,-0.031672771036454196,0.005526915097536025,-0.038608571658539204,0.36308773755822804,-0.381715278612378,-0.004344505683232286,-0.006263614577627913,-0.005750157857601839
"CLEFT PALATE, CARDIAC DEFECTS, AND MENTAL RETARDATION; CPCMR",0.03304147393666424,-0.03430827902096064,-0.05472158849589881,-0.008001083729880051,-0.02030438878799897,-0.006402020612788193,0.008561653543618035,0.47195638729293143,-0.06520179434613747,-0.05374558940198323,0.04577676691709113,0.016706067714861314,0.003860708809530201,-0.20214873357843258,-0.010138886384773909,-0.004349829954249716,0.0009006905772894037,-0.04341340132090866,-0.053283647712569146,-0.0011878389037464072,-0.004154635608203671,-0.001382197264395865,0.013463721011285526,0.014493757129407365,0.013968373549515514,-0.0030262698070107003,-0.021889653768293504,-0.020062887531160783,-0.01804974551583339,-0.04701823506560849,0.00178128405856351,0.012925641498820419,0.016915059072616895,-0.03393013041519649,0.013719263622181009,0.017164616156685953,0.0204819436490291,-0.047284542623383184,0.025494013150318868,0.025497061613388296,0.02357782094516683,0.020609936600705037,0.02565796382843212,0.029386587802576226,0.02091432222689752,0.02575201772777653,0.029123831833295366,-0.022924682275023624,0.01705111754044815,0.021568745183847833,0.02596514885100188,-0.04973158653469662,-0.004867725062734427,-0.005346946789695156,-0.003754679223793657,-0.025633834474404756,-0.02748681004491274,-0.026034100663861172,-0.020636471924184985,-0.037652729679762645,0.008494602108417239,0.0059679951159620406,0.002961102072090052,0.0005693801394388824,2.1634772533343367e-06,0.0009115614358733132,0.0020911185978505337,0.05415311399164767,-0.06076738235582254,0.2355449948697857,0.03669643251175852,-0.04296421351704554,0.06941158318814533,-0.06455804053553235,-0.003450071973575317,-0.014905168273175971,0.2712614460907344,-0.0505878009134481,0.005144741097774077,0.06909528147271399,-0.033253534804155216,-0.0009416177783497069,0.018210256157368286,-0.024596869104877333,-0.3203736466541985,-0.3295518107476694,-0.02464552202532956,-0.0005394930018878619,-0.03263585124527509,0.025040457927835272,-0.005054356984718968,-0.01524122577491649,-0.05781559627949962,0.004947448937796823,0.03225385613503819,0.003451672471309509,-0.028831299305452147,0.002682838502529246,-0.037472143719235025,0.011952005930816783,0.003425114974083117,0.028549986586317903,-0.03066498393300877,-0.040559557766215996,0.05651708802318402,-0.03219075181667166,0.0013456123562661814,0.0016241620138092473,0.0018296824276443733,-0.2517535588935196,-0.05196216180143127,-0.05792029493229476,-0.023167509815363706,0.030231857713230174,-0.02857099170345058,-0.055959292177514025,-0.22347744803547276,-0.2554319770907449,-0.05510780396193322,-0.019394213284683996,0.23840704932626045,-0.2589697491470699,-0.030064749506475197,-0.012201808483848577,-0.014644186038663935
CLEIDOCRANIAL DYSPLASIA; CCD,0.3087602899733328,0.05185451899186717,-0.3682428896725904,-0.041596043121374694,-0.21692392397285062,-0.01964893648228279,0.02036289916581393,0.5842002898344434,-0.008449873952322799,-0.29184378514883275,0.30342209464389647,0.22648093263416982,-0.027976538990265993,-0.3422530456912572,0.04683160077003093,0.054077590246367026,0.04623152542033098,0.4619884370281829,-0.3747492691660849,-0.005017535127404015,0.020177150812596908,0.022097816184397268,0.046024997234550336,0.052156701888668784,0.05293854958936905,-0.006121397987706996,0.3672667203947141,0.3682829124665592,0.36191603033365904,-0.34028551518830946,0.2986938532382335,0.47222970308215195,0.3863484181813304,-0.024204913942657752,-0.012013349944157557,-0.011764716421216478,-0.010904186129888808,-0.05409649871365072,-0.0177919382364068,-0.023145613754177282,-0.027598669737323844,-0.028342910544111175,-0.03290713251834517,-0.036625707300144035,-0.02519670615589364,-0.0304029536519055,-0.034720702943838486,-0.0013780154949757366,-0.020895733544001326,-0.022440591600761547,-0.024149156219227523,-0.3520121827029919,0.015632252735231562,0.03274657809035873,0.037066864407663776,-0.0244375097790031,-0.3060679568819563,-0.31348819185140603,-0.23599229048034884,-0.0028035332831795644,0.08975906310914897,0.09139969376470897,0.026638974178762563,-0.0028370262397859965,-0.025278401292308145,-0.023082701581812252,-0.018079404737540074,-0.012653677599475782,-0.36818611463066053,0.13483722544200866,0.03649737391518882,0.2091736945927111,-0.001032753248831439,0.020128259756080274,0.07277501838012732,0.06756799366113551,0.026143606119512528,-0.008043128688654297,0.17796885967222878,-0.0010023524412325995,0.5344157266362579,0.45485514843093494,0.0031310067802614912,-0.003718027522018441,-0.003230590233199317,0.010801604101289577,0.000974372344608009,-0.035979441270583994,-0.2540137396409252,0.31608851010945305,0.051388026016869516,0.03708636446987725,-0.31982515125782096,-0.02382432546527349,-0.05903485264242841,0.0009074264333223758,0.03760012640673568,0.018425700001484555,-0.3115239717374192,0.035187317752214,0.02284538155080125,0.034731645984205306,-0.012759762167189987,-0.005394420818067937,0.37853213199637925,-0.1730277983492926,0.35348452496812305,0.3624995756522669,0.36762202691528034,-0.0005117927383329521,-0.33784250455790416,0.07470803552126086,-0.017247181987795537,0.3401487365462367,0.042518628097135344,-0.008768913835718012,0.02922831326811243,-0.04626753359525129,0.01654181018211293,0.4183629655653283,0.04472368267425586,-0.19492372933259092,0.267902978818655,0.2910485485252493,0.1791971285176045
COFFIN-LOWRY SYNDROME; CLS,-0.017882910511334595,0.3105517468060308,0.000663344671387639,-0.04125673632245223,-0.38348322623583664,-0.1611469797593024,-0.5258019778592168,-0.20450818512401267,0.005017536971589153,-0.00337285984490104,0.010541062242448386,0.3413042094147002,-0.005419676538417009,-0.02679964851026273,-0.003916719365816925,0.0029342973059086975,0.01028425885383114,0.6238137934140995,-0.03310344516168926,0.0007267148161319499,-0.014070420948637688,-0.009894515681201777,-0.01081454373348474,-0.007528559129636311,-0.0035917968365249903,-0.01832230131886197,0.003623217469746242,0.004625221901033001,0.005089700971630926,-0.04097802176146357,0.3156535490607118,0.38619275908554523,0.17838020614168265,-0.025724265993086512,0.006582303707244752,0.0006096717560695693,-0.00520666609326729,-0.004697453837228662,-0.02522014598952605,-0.022472301038118533,-0.018197910118208555,-0.01251691423041009,-0.013240088777108487,-0.013128743644215048,-0.016526104801087394,-0.016164449050541638,-0.01505716386257737,-0.027138756399906712,0.00012579287541611493,-0.003325614596267669,-0.007492197365458985,-0.018262778657081733,0.04781594105748386,0.04040821157882841,0.015376011525181562,-0.007730946304097207,-0.011922358143868586,-0.014337162677160047,-0.01597493835783793,-0.02411222011241055,0.010728956606769105,0.003618376778600141,-0.001538518405516854,0.0046068059858865055,-0.03330687426115283,-0.005988337278597324,-0.0009618367767359741,-0.4548988378436755,-0.038978447168110136,-0.27191007621075797,0.06094945958712773,0.18258084483245499,0.04609851153531153,0.526192441468266,0.4987827306805342,0.5306187374689466,0.0803086195480889,-0.21664558194455785,0.1859895792645401,0.04617862171017862,0.7608725233134908,0.7115826418577783,0.04847234111298056,-0.00918544385548786,-0.34120216877464754,-0.28734435732931973,-0.3626874149126782,-0.503034894608788,-0.008756805456203394,-0.0385135007700396,0.03910390899220898,0.05651590774493038,0.013106134131551537,-0.027838016302015458,-0.6431445668845335,-0.04453410685198624,0.4565179189550076,-0.022435963861362786,0.04405077584136701,-0.020639292929725182,-0.01762991270114121,-0.024930393081954813,0.000834226498803544,0.3177629258475792,0.03716090655830863,-0.036472968076575955,0.3612461139770721,0.36529729974954833,0.36525161994065947,0.4840206980657789,-0.013428172090744634,0.688159415160132,-0.028213056500460663,0.031761915388580066,0.22839952444631675,0.2903400240850162,0.5855352575764581,0.2454148740458608,0.5653896924479657,0.6071961349428389,0.22590802059505216,0.00691854011796862,0.039720621636123506,0.02495536186018002,0.04540809607222626
"COGNITIVE FUNCTION 1, SOCIAL; CGF1",0.040350268037183876,-0.011859315710824955,-0.03154624910057262,-0.0075967831481109655,-0.22553252745669397,-0.04408913847991621,-0.2316918965049476,0.06015418395822065,-0.24493066962278803,-0.04280553035360181,0.029951662666406774,0.4168978782404181,0.013055833152219769,-0.057475701698272194,0.4178659515820131,0.49809595956515534,0.4643023300426388,0.5237177608014171,-0.026937895341678893,0.04277740131256663,0.3429191134890559,0.027029582197030975,-0.07395616862328307,-0.08311632576049639,-0.2683174312068059,-0.017388041606577306,0.34077840831990863,0.365359364824897,0.3823788459563938,-0.01604539551851904,0.5161589959619544,0.6555097601632338,0.5070253331838638,-0.01274078762010473,0.05877733722366509,0.05667056568882478,0.05278108417911447,-0.018477207472244465,0.030721228956143765,0.025176100393395427,0.01767037323708372,0.01341666562231025,0.011960710023323452,0.009783830875024511,0.013831393495813239,0.012642367918763199,0.010525200824846499,-0.02610178182669587,0.0397670992333869,0.037631453199598645,0.034474480394932276,-0.003633338762435524,0.3720465967526115,0.4350091611399315,0.3524730626351065,-0.015751969845732412,0.012244139240779705,0.014990010044644076,0.01553896015162629,-0.0227038612550968,0.07657372341355632,0.06397837892402866,0.01352908939582061,0.0027594562697601023,-0.006470562635671536,-0.004225558052272294,-0.0016964641906298441,-0.41687354049341535,-0.027336576939471675,-0.03887570559851152,0.4227254972380287,0.04565713136686575,0.03581337430470933,0.3662602963258388,0.4487323327398332,0.45483316250330413,-0.0018043824504608652,-0.024582857854311465,0.05675297583893579,0.035637800184980035,0.45014459310026067,0.5472175626171014,0.0016991238959869494,-0.017053242981237882,-0.017459760189658582,-0.00041053057355709953,-0.24634343082568375,-0.43256592951285305,-0.03912383940403688,0.2803830866060093,0.24174749217484937,0.2428590985943902,0.015074598492488347,-0.022738089286743843,-0.6051767339514188,-0.04134540969878276,0.39991002753165106,-0.00020036807206211458,-0.059279186452195314,0.0068914622549982865,0.0038480081337925326,-0.0006200920410272707,0.0032536460195373863,0.06347734950910644,0.043360191463011934,-0.02020891347544054,0.4804536999244946,0.47898394465065947,0.4725563409324276,0.2713561300311684,-0.03379931991527616,0.509400309579449,0.010979742302436745,0.0656916490280757,0.41950645727444247,0.21786866904800603,0.46021695629764814,0.04539076973285596,0.38815347872862793,0.5545353842410512,0.004625903953820393,-0.03919878296006203,0.38934572041004156,0.34881249286327937,0.2704964603776907
COHEN SYNDROME; COH1,-0.036495051442484945,-0.025392543612869703,-0.01689776631714391,0.021110633975176988,0.10516544350493631,-0.00021411071334507628,0.0003782194125879269,0.4208846758293316,-0.22875591406049695,0.029126872837887983,-0.023512078790856004,0.015506612562616432,0.001370017912841388,-0.008705272817691864,-0.015127800532284187,-0.003226593724696559,0.006308397518923821,-0.42903576089073786,-0.027353845572192084,0.034099888175325,0.28615467535969386,0.010899928344556458,0.16092468312047367,0.2107730363580632,0.1599796486271765,-0.003312961857576517,-0.0042237314938606075,-0.0019630379585477225,-2.326192066408529e-07,-0.028148827565809154,0.010596759130083276,0.008055685718750132,0.0005314993150472766,-0.17425037363096788,-0.21072300883225156,-0.21845142082809202,-0.2209131952407687,-0.019857869686294823,-0.021971200303104097,-0.020725550273720673,-0.018024956149441333,-0.02690582321110874,-0.026088280280480793,-0.024595422420570504,-0.02803405998311298,-0.027576428221222648,-0.02576952604043741,-0.025012379929007296,-0.16830417088036254,-0.1701373597516221,-0.17002347992497763,-0.03205901421371316,-0.25762681727885234,-0.34392230068874435,-0.3061136737488173,-0.018737437130791047,-0.12167694218813484,-0.12951150592505095,-0.12534503987322065,-0.023215452132750725,0.1552070628226616,0.14515624701662302,0.1212206482803928,0.0006616210871767893,-0.13210803423938197,-0.12203274041223429,-0.09868757356020277,0.001423604545823087,-0.03388816326671076,0.15305190263186627,0.024094330148232923,-0.13166222578312167,0.2197426933522774,-0.3163230016586954,-0.03286952790608799,-0.1466525186193921,0.05985850741351687,-0.29987707033659217,0.142589601493161,0.2197426933522774,-0.27865468902423196,-0.22782431831133643,0.18361946799257828,-0.02096427299529788,-0.3225472284999407,-0.284165616896507,0.0009625423651321844,0.0293894791775678,-0.11890105624078173,-0.02255331055014754,0.12741910651447788,0.12296874764227453,-0.031533434317915374,0.027552302567197453,0.307673557632862,0.00035437619246825574,-0.0364589771350379,0.00029398302402344474,-0.0011639620856826796,0.002027164771865796,0.0009392660553005774,0.015753163463181695,-0.010296591319962757,-0.035583166441146584,0.034360307357128306,-0.021307210886234773,-0.030350003511407778,-0.0301980435440313,-0.029874185663238337,-0.2220420011466585,0.020313307652689516,-0.45749141849893965,0.010083147157936503,-0.01853418538750164,0.32001706220238474,-0.011089931374659037,-0.28501202275218773,-0.034890000796140935,-0.13780090844151993,-0.4143735682701094,-0.2936454774845572,-0.0032175900419966655,0.0028235324192385923,0.0041138634981673005,0.02471269807634816
COHEN-GIBSON SYNDROME; COGIS,-0.007964305146174001,0.004791950545608819,-0.10222341434172283,-0.0010325377868300265,-0.040600408796484785,-0.036941727463336314,0.0017575184596394695,0.0832084778930674,-0.040500838309013236,0.01213941771015931,-0.0030290535253107297,0.08379706457989168,0.01420087517227239,-0.03663649918985451,0.02341601879065577,0.03518354508006728,0.03348502732432954,0.03265701157424802,-0.09063185355508663,0.010113916166697304,-0.00044571259731403636,-0.011758624773947261,-0.008037133030992736,-0.003444090129597456,0.0004753367303941111,0.034805901402346635,-0.021388661945290856,-0.029451974521817404,-0.03581865304199112,-0.08778705467084803,0.04970943026115607,0.06429060609335245,0.03850985544690279,-0.03881660992680191,-0.018298652736528115,-0.014741380853167901,-0.01270589549496347,-0.0501481852927719,-0.02660199186797155,-0.027481887475595233,-0.026779501349595596,-0.019253036577693842,-0.015772083314794027,-0.012081065564872512,-0.020287048687583534,-0.017396174656035646,-0.014173855263907917,-0.018915349591026576,-0.01755843882392952,-0.014182408629680525,-0.011494330669439796,-0.31897628244585957,-0.0059280943788900045,-0.007234863266539343,-0.005221346891472588,-0.018831546104525167,-0.0471481186310305,-0.04362288495780139,-0.034920268315558806,-0.01997166520817355,0.013222121337288369,0.01451086082606837,0.013904873066227319,0.0013427407544159059,-0.007657840381426869,-0.009491953340757713,-0.010580201138143931,-0.06041949734922225,-0.08294762787591316,0.020334242410980554,0.04199984484871371,-0.029421879195309936,0.0534801107499337,0.01965708768869073,0.01118259527577186,0.013492524800848494,0.0016773777958774662,-0.03374310946956597,0.009449738642933463,0.05374534495053165,0.03587673167974398,0.029148466403859742,0.010271745835272392,-0.016278492738887995,-0.08895578561675517,-0.28668020949891937,-0.054938292224591415,-0.03885460736239177,-0.0460874428256951,-0.01629172196458739,-0.005383666144288093,-0.011808162501190609,-0.08146187951710598,0.004926889273874766,-0.01870600921073856,-0.014391192478464645,0.029407344438266994,-0.06826294640998279,-0.05771249570969959,-0.05765325543562414,-0.06427290761569186,-0.0495751371380903,-0.056880537956087884,0.016091125187129414,0.41080160667872523,0.04240234032831,0.08093085160742032,0.0811730090130475,0.08046059561656387,0.005578581276383412,-0.0006699768082987059,0.04194925603799719,0.03684177465327351,0.011447487445519619,0.39542990229482067,-0.0010843209801058404,0.01624876995601973,0.01378544856726257,0.04216965756445958,0.007284964270645064,0.07614323205839643,-0.07801813419379403,-0.052557709415218166,-0.05673811265620751,-0.032110714852752346
"CONGENITAL CATARACTS, FACIAL DYSMORPHISM, AND NEUROPATHY; CCFDN",0.03722963814888216,-0.022429378966641867,-0.06633598201847882,0.011969710920845386,0.043914593264073015,0.021069013216813617,-0.047383370536389996,0.05105133992743389,-0.04572856613045051,-0.030777632193622142,0.01580100440315147,0.08565822481024818,0.011746710694198746,-0.02382011605015648,0.050237311469144445,0.061708915136222786,0.05249211541752165,0.027046266007991097,-0.004747947588881156,-0.00034017499335036746,0.049066296148198775,0.027342539674797384,-0.015449898654663495,-0.008283101511142994,-0.0021543347915900495,-0.006016651175319913,0.005975725146690464,0.005867284115765821,0.005502315875499626,-0.0042887264797765055,0.04276159550508467,0.08241638833110591,0.06697290100029658,-0.0009295203413202402,0.006403967286059559,0.007209437262296483,0.006820026719934964,0.006898581405846523,0.021098799566511086,0.02379589754863569,0.022753875815550873,0.015010479469235753,0.01609379543500514,0.015808711994581996,0.016898356674390224,0.018021938220933925,0.016794180752593858,-0.028879601548818554,0.010501103817879855,0.01132167173564176,0.01179968707855831,0.001773237500545374,-0.0017241304386838264,-0.002315519917214298,-0.0019990126094745412,0.014798549431482065,0.01527867360197728,0.012207811681738663,0.008458261290258257,-0.02820572996218831,0.013871264897298698,0.01434459329860487,0.01334702936208958,0.002887621300471737,-0.002089354182937497,-0.0032971424233688494,-0.004579428640163114,-0.0688937267346022,-0.009230168999090417,0.0034707310961463096,0.033822630649428136,-0.049526583347975314,0.009203926210349692,-0.0032912473257536382,-0.004696941568990613,-0.004981704019759631,-0.030182142569204116,0.03375641627774118,-0.010888255601392055,0.009082263924666044,-0.08082451427113425,-0.06889752961828022,0.0052285019180829465,0.03485649346835417,-0.069553522221895,-0.07740526291835319,-0.04719286187821843,-0.020482770026019205,-0.0391151105662918,-0.03748274252807717,0.02787205302062127,0.027621838823184277,-0.011208378894618825,-0.004732526646572312,0.004694055541648227,0.006656088646786774,-0.020823266019549484,-0.005065089543932837,-0.009313362188603966,0.0008117109761937041,-0.0018686440437469156,0.000995937058058307,0.010930139504623834,-0.007062759303803225,0.020666737163071033,-0.039566351492968645,0.323993925464412,0.3269531209571033,0.1018250710860984,-0.03304165589459992,-0.01318987739921758,-0.010867991215021359,0.02114954569316087,0.04470647780009631,0.0887490242878723,-0.012677321792507423,-0.017214619323891095,-0.0170401595778013,0.011235230993242739,-0.046991871850747324,0.06569568826683843,-0.052933607657672764,0.015934130898138707,0.009308778135265596,0.019485057292436343
"CONGENITAL HEART DEFECTS, DYSMORPHIC FACIAL FEATURES, AND INTELLECTUAL DEVELOPMENTAL DISORDER; CHDFIDD",-0.030569943322434654,0.04670558769203669,-0.007036656117103579,-0.02399890398246327,-0.126849199655273,-0.008602600643422212,-0.03099690215505365,0.30893755138737006,-0.3490751846541116,0.0021293251631641684,-0.018681531310565467,0.4091576180330629,0.03214839913830253,-0.01839247594699771,0.18549153205795094,0.2496220389297747,0.15899433288400167,0.36790570624861274,-0.02327118396427635,0.01440700089080547,0.3126557335114699,0.034868750296776885,-0.04828234575520793,-0.045726193859273366,-0.038815109211404054,0.01159142182021548,0.01850839460625032,0.02491282660282725,0.030500038316757093,-0.011497710745758848,0.2700654412398345,0.4494129456505916,0.36835039096878947,-0.008307807455115885,0.023164611670356258,0.01880008760172596,0.013537209197345468,-0.036877126333206486,0.03706966919769451,0.026925570278273105,0.015685252782195805,0.026761637364786546,0.021061627761369318,0.014200831096058185,0.027363738222758394,0.020397818719222166,0.013106010092898763,-0.011176395778685549,0.025675702045368686,0.0208834045653486,0.015806856416575872,-0.024771869725120094,0.002765105755971279,0.006832135926026206,0.008233980307611164,-0.03391723619381708,0.027087028081999354,0.027437326575122857,0.02553205571798235,-0.1428632900361959,0.07306153350045763,0.06419834000979113,0.03899893434603033,0.001123810562997065,-0.01666655830937342,-0.014243881156408483,-0.003222515275368062,-0.28924448027169186,-0.02642034437352754,-0.004535218199783615,0.36200482919147636,0.03222456536346473,0.2921391949686264,0.046866755288840455,0.17476851354830447,0.18032363315052458,0.04151569023381799,0.007699299094095434,0.04038938975514692,0.2921391949686264,0.34704842802413793,0.17877395388776438,-0.015574276012434085,-0.006546196783661594,-0.24457931987693754,-0.16374360680348213,-0.022574434416217568,-0.045644900709221774,-0.13148130968424313,0.1549153993825821,0.039478918491702486,0.036736481878962356,-0.007281491173305973,-0.02339840151473806,-0.36608154903950113,-0.008136321056587832,0.04720300543566562,-0.03553938029099101,-0.28475212235382263,-0.025483581931162808,-0.029843148915921623,-0.0016081877567098557,-0.015849691773097967,-0.01869409994248676,0.03228958475651937,-0.027073645061005677,0.3087454015413404,0.3125789646691137,0.3127966122941743,-0.0036130994795410877,0.016922745350050554,0.05695450485013088,0.28019445011659405,0.006405261569874601,0.46755847972414505,-0.02505907607114458,0.008819980195480165,0.022755756237375337,0.05021358628294307,0.17004836175547586,0.01366841008257734,-0.23822788542003723,0.016118946406130395,0.017094650809892042,0.0297981288942726
"CONGENITAL HEART DEFECTS, MULTIPLE TYPES, 2; CHTD2",-0.004635044260712417,-0.052784193982223844,-0.30222329717057417,-0.03008971154595799,-0.04992069097314464,-0.01283204894707689,-0.045065182861209425,0.2757396383494225,-0.040345952278033115,-0.007221872552732644,-0.00026435716537681245,0.4615471845623771,0.010924040996050727,-0.22174695829637847,0.04758442058029682,0.047856336188233754,0.03475128458147738,0.04600288729816006,-0.3099038910725279,0.01671897780721767,0.3890488861813673,0.049161280076622675,0.030260405930869684,0.037505581062475035,0.040127402374915085,-0.039293267591454864,0.0088154677514924,0.00675138408082949,0.004445443550825737,-0.3211455691415867,0.36923858922774216,0.5436408875435761,0.4327999634717746,-0.011666819732301565,0.012872188641427064,0.014170431002598164,0.014947594005035744,-0.03813950459100202,0.0013326722852408644,-0.002056952984545763,-0.005590729316964944,0.00787490506582445,0.005212974439162599,0.0031999352748324646,0.006624811515529754,0.0033522110242310424,0.0004326154490370741,-0.0035510515599188734,0.012048963160200946,0.012391830669749828,0.011739244307070785,-0.3171593669343362,0.0245987148931254,0.04350021152027623,0.04504932116274311,-0.04005632498786151,-0.026380359114356208,-0.030149615309497776,-0.03073580964809155,-0.023215646111838628,0.12550581313648732,0.09626454894279235,0.08042678721210636,0.01917039627508804,-0.0483489518940913,-0.01718991293300059,-0.01844868190275314,-0.49383730095336487,-0.29708614967497754,-0.033832872520028166,0.06499473637657352,0.0378445718321307,0.028218602088835407,0.04251297980494872,0.0757905257109802,0.07341920837422107,0.3281508979066054,-0.4146430953220225,0.17782559664108605,0.028030685042585785,0.04126275838643185,0.3952430439550178,0.15755475811909003,-0.14986442779224182,-0.21196805268766622,-0.16342313581994825,-0.036324176659026305,-0.06370274296393476,-0.24023136977175466,0.36075635634270764,0.031177006466073912,0.030229752910254173,-0.1983599579756655,-0.026771127631945568,-0.2336803869540831,-0.00011208607253931814,0.044614244250731266,-0.039242590794380146,-0.29084852922527116,-0.025251648982723408,-0.03258406205281669,-0.027601026203047312,-0.030669422430172847,0.028739308193348422,0.34783600825020017,-0.02213426611228371,0.5411655683142986,0.5410428828069899,0.5357964633015819,0.0270414315037042,-0.004153012953806138,0.3265357821267355,0.293924256529821,0.049126268238079876,0.599266370675219,0.004606860521505871,0.048227483993669565,0.041866306000829946,0.07578464360985736,0.0585613156117999,0.04930584588548249,-0.28470801575971777,0.05151553155356484,0.04182274831244304,0.03705631082299776
COSTELLO SYNDROME; CSTLO,0.03241020986536213,0.2715832101367679,-0.23215988689059722,-0.017386967928446267,-0.2280879404498946,-0.03487116515919605,-0.1298223694629763,0.48661030192019944,-0.02655956276351064,-0.3641207592472477,0.37650575993336016,0.03223463093114081,-0.018478672672811523,-0.14596085307996515,0.02074989614214367,0.03955480226496803,0.14644254120888442,0.15301308412968734,-0.25107514223163674,0.006353172139189748,0.008743219640083053,-0.0008242035492798607,0.0011436145758081467,0.002975072806128415,0.004380730426386052,-0.022796642855603573,0.03594568896279769,0.03736299874368678,0.03804086546683842,-0.24276604475273017,0.2161168788076735,0.316946994616492,0.22538689322231267,-0.024274721464217105,0.012798202301515892,0.012449748368851425,0.011828433537937827,-0.11554629164986421,0.04002005422295464,0.04075740578638723,0.0393898152061327,0.007817577210245069,0.010984311942326819,0.014167671338355056,0.01092912661871225,0.014470391508783032,0.01717532542656026,-0.00447915318060609,0.009664474469914938,0.011233090105819504,0.012662383522039172,-0.2176806419301781,0.006655832342872836,0.0015853581857334746,-0.003198670579450083,0.018165264905405248,-0.2489048267358726,-0.2698560241316418,-0.2667719595036538,-0.026593784975142254,-0.005279651178406312,-0.010966596425474186,-0.01574788898696392,0.0028405519594146738,0.01391241078234014,0.018410173484706596,0.02215829288965186,0.0006544391150633615,-0.26201407331007043,0.12953908164990255,0.24412521515067614,0.31788880129596153,0.2344408658481895,0.005781597821089513,0.3821524716527721,0.331473601657415,0.03094635034845708,0.031216059321317397,0.013475140722884613,0.2344408658481895,0.414885354183288,0.1848325600207982,-0.005763219322816178,0.0204819123995246,-0.013244269956820246,-0.008721055091984613,0.0015939970918694053,-0.1685343500636206,-0.15054549371661155,-0.02621956987494372,0.020772828514549875,0.012951157783254811,-0.21294467869907854,-0.00377580191632756,-0.25120146909209673,-0.017003528625549026,0.2494464181297594,0.0061057450112840216,-0.020474289576234445,0.01639872603968519,0.007790999042843849,0.01637537079773588,-0.02340234852910754,0.0259611013248882,0.32484557702385003,-0.03907675273313698,0.2512782484306171,0.2574039571605614,0.2605296380094683,0.02631475450245772,-0.39743155191129725,0.32899120848718133,-0.30724946126393154,0.3265934600810136,-0.02034191038182169,0.028977180037440653,0.25758028908841246,-0.2096828374395352,0.04316899459494187,0.24778936558679707,0.5543975949651467,-0.2772652815360543,0.002476910394102669,0.004470006254511728,0.009548547823987617
CRANIOFRONTONASAL SYNDROME; CFNS,0.2878193852553681,0.16030843000647552,-0.18067545249005157,-0.04890710975412201,-0.47501592980609825,-0.27447422055288107,0.008895762041867986,0.41094931864549017,0.01701413433591346,-0.45499218710304196,0.43273076720641096,0.030568910904613493,0.2582535500571471,-0.03493390955439811,-0.026808199658536747,-0.022228896876486666,-0.010593715243640509,0.6735985569198364,-0.3177170693017193,-0.04151157108830827,-0.5018198244347947,-0.15832663264326569,-0.013306247126807495,-0.02429213022784645,-0.03189677892273219,0.03296642644377084,0.03392781297858182,0.038266262520768986,0.04171036150552825,-0.3161294793506926,0.11150553083478326,0.16521892736008248,0.11393569029879774,-0.034376608540408124,0.13827740878965947,0.03835366692769369,0.03239699645565499,-0.03022446089921936,0.005022234696913706,0.0007066087107602977,-0.002816365440227547,-0.002336089287006965,-0.005503734358333966,-0.008964614352841202,-0.002321241373067772,-0.0053744145194009095,-0.008377464286625173,-0.007411752185708399,0.021682807260426012,0.016293981540858676,0.011034775520458241,-0.26797693289097335,0.39013542576463905,0.4512197843163495,0.36416881751773256,-0.011666933795765848,-0.27519295199395,-0.25694854246095694,-0.17279762426701784,-0.0033609774755318004,-0.0014781049839070967,-0.001709558488402328,-0.001821764802201809,0.005056317614622508,0.007059218527633234,0.008350281075939475,0.009076796664820332,0.19412072249335977,-0.1601296507450547,0.03263435860447859,0.2714238401543404,0.5072942160802262,0.40687015736029336,0.47719766995866353,0.6101706542942359,0.6123973710102942,0.41027768439751205,-0.23089047545350164,0.008141883540828865,0.40687015736029336,0.8005286567431822,0.7953841519600481,0.026828778822052566,-0.03770657970838381,0.012394581010675221,0.016788490025350118,-0.034452495960551326,-0.46625816630354855,-0.0006070694328599167,0.2564077560116493,0.2584522221448689,0.21675549748768658,-0.236299818940923,-0.025781221171992642,-0.5763650614265704,-0.11318232228329156,0.24737559826828606,0.20253632011685357,-0.019842471189978665,0.2582256378789462,0.26277873755418174,0.3438977278513887,0.04289513919858361,-0.28043342384944164,0.3214469817311048,-0.0040838838721853786,0.010302600746392797,0.01318110123804885,0.015563340128923773,-0.038830321131602404,-0.45906417064596283,0.6096875956998925,-0.4435941254154886,0.29137712486471173,-0.40411221745916714,-0.3448273352048136,0.027584534283608728,-0.4280349064682324,-0.01638821890980273,0.7546054218828767,0.48249269846855997,0.023197913685218296,0.03206397506607965,0.13940911903670472,0.20838166639301045
CROUZON SYNDROME,0.0024028790252394057,-0.44328279874363785,-0.2018681578271386,-0.16259095326681874,-0.36027814693728166,-0.03342424097772954,-0.2163605626587146,0.28972055264382207,-0.29957037395914254,-0.005223109830878626,0.024413280224339213,0.034649271897352146,0.007790602522374153,-0.22493993204270937,0.13280743679101922,0.15075198413935212,0.12677738665520408,0.5611969851783775,-0.24714537141867504,-0.005826064890306034,0.017808074788113807,0.019304882589132693,-0.02042624111216507,-0.019378181089758206,-0.01617296855736224,0.005405820378147324,0.30117416976915695,0.31774460219237766,0.32758980551241307,-0.2535500641301277,0.3491892966577569,0.561207085184902,0.4779822353701181,-0.02933093390164131,0.3526294365649692,0.3696811645022781,0.3780287460505629,-0.13024003599997536,0.010631504544565929,0.007256186930649641,0.0038332739849845305,0.024513420548568438,0.021505062961101176,0.017687724801730073,0.02108184182352634,0.017182058885641796,0.012573947231561326,-0.02509691943305177,0.2520674390527933,0.2546151270795736,0.25426731221216226,-0.14901934428298566,0.5589444659597547,0.6679101039763479,0.5996601084640637,-0.004341923818063345,-0.3379994250328123,-0.3574938030701395,-0.34763171390924325,-0.11029002285355538,0.019556854204055604,0.017319194664313527,0.01355806306722456,0.00415852994712696,-0.00767376163170489,-0.006647773780173579,-0.005488472379450009,-0.002696981540753798,-0.24898307101379882,-0.0014976124274660352,0.5084876893947389,0.3409184141241566,0.28364563622733197,0.40677286165766774,0.6395904249257474,0.625726119592821,0.7593270432683079,-0.6885188625823462,0.005637780804763355,0.28364563622733197,0.5953109864207985,0.8424746962115015,0.35617407173874494,-0.37523603385555604,0.022967922461412056,0.0861888474746609,-0.38756691415202643,-0.5718324426198339,-0.025816297099136114,0.014647441330324494,0.30289043245214575,0.31378003793427284,-0.0003328513096369567,-0.12389058126151378,-0.47250012093567195,-0.009439330888080667,0.1964024050619952,0.16830471766898836,0.02173220010517795,0.1540703029835163,0.21963402570334906,0.2662732033179597,0.14414989746497683,-0.03761126809323934,0.32287377891995356,-0.015653933243359817,-0.01668799897007141,-0.013480168991725565,-0.009662045799071078,-0.00939111720881462,-0.031473086607614394,0.34671914415481814,-0.013610128923868885,0.02254311747622207,0.028951211927194378,-0.15433256915729987,0.01120063399103037,-0.02372861212795264,-0.00700498694385569,0.7654923628884224,-0.22747705189602685,0.29463642212892444,0.025941253565506618,0.029416218913216552,0.24405114669329683
Cardiofaciocutaneous syndrome,0.16566015326071315,-0.005642753089786003,0.00017139485107263457,-0.014164414049783898,-0.02970056990459187,-0.008588384506496396,-0.14487886320076937,0.3108563972290089,-0.32297444826349114,-0.3174683381599372,0.1543202273458722,0.33257367762155243,-0.014867106967548463,-0.022487758790101443,0.002318165315813506,0.0010517579032287686,-0.00026773283476985905,0.0365720660729692,-0.011394207842500495,-0.001880020595138153,0.0035749920435967034,0.0044513158192114365,-0.010941426986882259,-0.005950878498618405,-0.0012109522941509043,0.03083384324175716,-0.009629513835945354,-0.007513728860120004,-0.005561242239760098,-0.014936424294047302,0.037597341841250506,0.2616041825383812,0.16630103194488535,-0.004313578941285193,0.27075136553204526,0.26471030904343623,0.2519123827666218,-0.013221791270209927,0.2599445142386747,0.24161568602745953,0.21075174958898235,0.1553554318307189,0.044778505196586924,0.0396824452555056,0.16183478595541884,0.1495988703266422,0.04098818545155638,-0.008592042526359677,0.23926976890694923,0.2273576053423645,0.1703175835656026,-0.004275143617521228,0.22611545987664758,0.2923140456397021,0.24960612943477503,0.02935680405932889,-0.02797581032887444,-0.03509654042101056,-0.03805604930362049,-0.018384793941853713,0.04267510425178443,0.034441409028261774,0.017660653760003114,0.006252173161076766,-0.0006299419570823422,-0.00011743029662009836,0.00048456631839840424,-0.1349783739863644,-0.021986263282719118,0.01797293666904092,0.3779642397915545,0.01773985973523678,0.45569117283133026,0.0034913631196640403,0.35172306784540375,0.30355210043627595,0.38455094275561075,-0.0451290287102054,0.026771482985526885,0.45569117283133026,0.40865926375155126,0.49067172417873345,0.021180753452557814,-0.016892939354596452,-0.026291099492840624,-0.016494174728507092,-0.24367172551991767,-0.31641251482186167,-0.14183831292346766,0.023907894975168438,0.1560457385804139,0.1294943195937057,-0.009264192964273126,-0.013174077960951408,-0.17152728903091766,-0.0031450419815372793,0.0032847203455908802,0.012269688081160152,-0.13620484123627385,0.028105668157144752,0.01757558882411818,0.04045895777025283,-0.00029644543585864496,-0.029644340692337873,0.03513355496646737,-0.016874622700674392,0.30002279655625624,0.312112503926427,0.3206952971044467,-0.007609649144377568,-0.16341680955907692,0.24792097763354518,-0.17083718307070722,0.1529209851919369,-0.009061551899350024,-0.005321795020694079,0.027206016150115312,-0.049527400779770525,-3.929517319195107e-05,0.4507376852859181,0.5244038922525767,-0.2760705987266503,0.01564463363706472,0.022926006207985784,0.03486685048394637
Coffin-Siris syndrome,0.10628936087885504,-0.015342537375780585,-0.15985711420950602,-0.03436131549279891,-0.18297465552600978,-0.00453575516665482,-0.2761289799146355,0.2689961559935493,-0.01379017303338785,-0.22888802615414366,0.180943528789347,0.2883179178533325,0.002396199662217768,-0.2202419696832298,0.018053819225573434,0.01551126626267676,0.008233388487556099,0.18275003731802086,-0.205552308493331,-0.01937510559746649,-0.0011900236868595377,0.018192661561187127,-0.006783325899329155,-0.004499270624639412,-0.0020775049605098166,0.014517841416513196,-0.01275239488874891,-0.010931412239708928,-0.00871943144812109,-0.1893925549274852,0.14893249963315816,0.3094277741290977,0.28230149005942656,-0.14630646952311396,0.020047023825056718,0.020739472494638277,0.020885090255878893,-0.13453601078234298,0.016834213837825993,0.013117439273609149,0.009303668540156317,0.015137126734997654,0.012574766662157642,0.00932113638828921,0.01638285170363422,0.01303835138101904,0.009440998335143062,-0.06914371705171599,0.01818147051763427,0.01749362836488115,0.01652744055463032,-0.1914917728815099,0.02092416705867762,0.1390550584367015,0.14167170310036684,-0.018847002200884852,-0.021485094642920158,-0.022401534077315932,-0.021252496822622632,-0.10084210026511062,0.07604849907251493,0.07804516411787533,0.06816498728359391,-0.02933892778306184,-0.025841605816744544,-0.031026597795153262,-0.011368278972040034,-0.24269394808673225,-0.24198843793296532,0.003009838282264888,0.022818744129501585,-0.006868042239604862,0.189874600035173,-0.005603826837994048,0.1488948131536995,0.0956585853277035,0.22164804495412713,-0.0928149169725947,0.20030561334039074,0.189874600035173,0.031651511655133094,0.20847246042099568,0.019329458877841318,-0.006354304965376266,-0.3030683859808249,-0.2538203851983684,-0.17038209031139478,-0.1549336865926809,-0.10619775980011711,0.012224518053656958,0.13132137410006353,0.1360749507546942,-0.18455093323452443,-0.08059123010154168,-0.19605018166432372,0.005074608041509953,0.01698987787875792,-0.002408396496143947,-0.003888304456176633,0.006224112707393568,0.00042541866508104265,0.0028970393867057335,-0.010410118382771089,0.02136838945161385,0.26721067605193,-0.09335305337990468,0.36708205586581955,0.37433938144775536,0.3778015533170755,-0.013157904640013571,-0.19875485594564743,0.17085020058153177,-0.11014889029419057,0.2201155595322235,0.11122032808867321,-0.009305419932263855,0.014144550938252981,-0.15579176449457502,0.028281377093837122,0.18182751050279156,0.42416698164214156,-0.26802081126482447,0.016488182801686846,0.011768605733678116,0.08291554809763575
Cold-induced sweating syndrome,0.29540551455635694,0.06300567098120954,-0.03207059618449292,0.0035581575541056417,-0.061360151883544954,-0.0645816799810861,0.001456276516176154,0.48923543678462816,0.009373485992980402,-0.40700957573027763,0.526062493386019,-0.030395467952099808,-0.003356568882203328,-0.017675787613583432,0.02523293788964559,0.05501415381634671,0.06500121311033384,0.03260899101988745,-0.05388910560367569,0.0011850441459582773,-0.061797871430522344,-0.04342295101221979,0.2809546726679923,0.2728606843088475,0.07531718491053543,-0.059654271643507596,0.4402550371754498,0.4569739074176851,0.46561691227817037,-0.06308601883242075,0.05369336643891245,0.06225850497032468,0.030130031432492987,0.006950461412451719,-0.06409100303941412,-0.06715978402746768,-0.06772949621763333,0.0033951574047762457,-0.06374118324913826,-0.06066726272311112,-0.05521575245705745,-0.08586032182712079,-0.08457854502916488,-0.08032791134651313,-0.08317720412794875,-0.08167485119789461,-0.07619682376825727,0.05695038916475713,-0.07592669114979975,-0.0763593550710909,-0.07650961762919603,-0.06656827073218076,0.0037440360391128393,-0.0025738835128599835,-0.009937030710131132,-0.03417140085327045,-0.5443925743975171,-0.5370364155888877,-0.4943809437800945,0.051443508920355395,0.06969964854820267,0.09419119025688745,0.10561333969539877,-0.0024856109721406333,-0.12101345751276574,-0.11541263954412517,-0.09761319762343794,0.023993460625997044,-0.06015295106928475,0.28827311298348696,-0.007664105312503552,0.017353904502910574,-0.00519544439745867,0.007871443169823104,-0.0014538488562108377,0.00040968966987110035,0.07853542572651803,-0.0010805047051822571,-0.006328169231269801,-0.005353082435658888,0.37427175682183766,0.08039319027422262,0.014121428505708215,0.009773829594058639,0.05621422909357161,0.05707734149495994,0.0221491248932062,0.010948973304785031,-0.04051342484633612,0.01590192013080178,0.03570421839863115,0.03209392277919002,-0.04101453101530541,0.016758850043525633,-0.06951276124138595,-0.04384855899601526,0.03460899865696763,0.06878191575982807,0.00031627169174760665,0.06813859766343255,0.0679618871538238,0.08046264911894026,0.012995041846306534,-0.04552304825901883,0.24119666810122098,-0.047975635162603836,0.06974931843019298,0.06978803319870809,0.06984973155785057,0.00024393713041940727,-0.5443518021521743,0.03971014425350632,-0.29891384075151545,0.48624751580171643,-0.040822620385603546,0.01741588467007185,0.034726553147920815,-0.29873185382362416,0.029924849144854056,0.06579375379871276,0.4946909895061265,0.035122512063875615,0.04017959225346967,0.05827175485781201,0.04656947008070212
Cole-Carpenter syndrome,-0.018975534544983266,-0.057812085296485544,-0.011685452657724102,-0.08264618216135437,-0.2977134341001669,0.0008822056215989589,-0.07646546797403446,-0.0034841971419507594,-0.4140399506020825,0.032716710476096644,-0.02970070218307966,0.08172383674150976,0.029544034723845675,-0.06293675688447041,0.012547049846859972,-0.0033388522708202297,-0.023190790649769,0.49920862063115373,-0.03848953894224266,-0.036905603130503194,0.05016377855502847,0.07243495455157435,0.007059853519442796,0.02179116518905165,0.03651592445679655,-0.001961096171049828,0.030947100999795626,0.034161568765274423,0.03451082163967672,-0.04072484666845134,0.062243119469152945,0.44464979273500865,0.4405300300062372,-0.03903350451720543,0.628732654381099,0.6467149843986463,0.6560956169739579,-0.05520374741906553,0.48620345898954553,0.34788174414871875,0.09029719474763455,0.3820662872991952,0.3448074892247549,0.09227748333580245,0.38972817346056543,0.34826388522739177,0.09092101458367312,-0.04075399450393799,0.5716995496248611,0.5663320007642799,0.5568556806845587,-0.025825823224218964,0.5248353295015162,0.6723278075419852,0.6687727298256128,0.05463061637243396,0.04763467487603674,0.018682761483875383,-0.0028636828898569826,-0.042227679422966784,-0.04522702462881975,-0.05281722974575981,-0.17783246217832224,-0.008326934625198413,0.043105081632585356,0.16232707496723603,0.17919200573131333,0.015047393530097531,-0.05027033837386711,-0.0417557212247811,0.6338271305365227,0.09204939917095377,0.07941371180152526,0.1129402284931912,0.6762699532303861,0.6646864875533849,0.0328855701292791,-0.05220158723461023,0.04061968587184229,0.07925346906587002,0.46950199419704153,0.7079565068775037,-0.019352381900611098,-0.06664030403805282,0.05490799179187879,0.07205729777556188,-0.39751177111028374,-0.6331278234784776,-0.05023737896426096,0.007930982549764064,0.03741666499514164,0.04121355659110271,-0.0021210371969951416,-0.07564795778232347,-0.42857529501168284,0.02085715008192632,0.07963955085643759,-0.0317083572117203,-0.032044408598506234,-0.030964675239931714,-0.027967222879857954,-0.014223705634397784,-0.02010043099035372,-0.008022169012142684,0.014355913561460085,0.025740218531122187,-0.049393991778525916,-0.04983937881832598,-0.047692498940190044,0.040528396344894566,0.027571843141732354,0.37850072849745653,0.04826331139877344,-0.02652633890976184,-0.000869700918017448,-0.0011932497104578993,0.06477851790743022,0.052830507497676545,0.01690214386468966,0.7196942155776712,-0.030900361421866765,0.011995130503364515,-0.016863961440191675,-0.014999529982501167,0.012609560594264607
"Congenital disorders of glycosylation, type II",0.03985625922647342,0.25926738697491264,0.031166356553973987,-0.03948734644526699,-0.021793683295998303,0.010790423318939148,-0.37786975719084936,-0.012767034409909096,-0.05265831714853133,-0.036788642179178606,0.011311172624084896,0.4242111344216893,-0.022948389129946824,0.0022826491580505053,-0.016879803725515872,-0.04763083256451027,-0.06142862041588616,0.27492802356455315,0.00023960736689488025,-0.040105535719897174,-0.006060258171630005,0.03190369437200309,-0.01650886406757037,-0.005371446845406835,0.002755877897467969,0.03319263217437913,-0.065914498930556,-0.06851959777729594,-0.06970856257108964,-0.005247140753231594,9.163174672134939e-05,0.04500231901190834,0.061687162171400294,-0.013281806624690258,0.02054389859084082,0.020175043510262506,0.018335035595304933,-0.019586507347481956,0.004518762274480643,1.9163890984894028e-05,-0.004068330712556343,0.029596203976455723,0.014764803641043838,0.002544133731494355,0.028712112950336505,0.013556825598948838,0.0014430595033888191,-0.0012126431381913167,0.02694126447208017,0.019032437774980867,0.012535898645904523,-0.0033194885541178647,-0.00048729622429531075,0.02127966731256799,0.03984291928545334,0.02159348442278132,0.02953681410713131,0.007144539796802573,-0.0077418509959601665,-0.0033095912410246956,0.014519252505427252,0.00701103892538386,0.00046567786852054146,0.0035865935780793226,-0.01254001785495668,-0.010144465931435446,-0.006009628234216112,-0.2924729390427615,-0.005896154658121683,-0.06086419492556109,0.28321270539973836,0.05120354740206743,0.46376137019235497,0.01703899241107828,0.4603036091851624,0.33184711992007687,0.042921629915040824,-0.05448869430919352,0.06506587257300227,0.46376137019235497,0.6907937550660361,0.6215360523268804,0.0547292959291103,0.004287317590136234,-0.46985740621507044,-0.4268366778070224,-0.05852415322576846,-0.30652231695397636,0.006410362764156648,-0.02242355145739851,0.04322348354955499,0.0512457128754083,0.013730979637746799,-0.05844771797785359,-0.3307623245162682,0.014315176824752402,0.022707486223725475,-0.0077995619609922285,-0.009539863576463149,0.0008040639886812639,-0.003285145888175928,0.00579363208330036,0.01597523390158577,-0.018112611142486627,0.02491242985340018,-0.011062253407434938,0.3140742929115928,0.31221053222251977,0.3067543009432724,-0.004176364438995829,-0.01567829713941946,0.30657634447966975,-0.033768667339445654,0.032826576846851654,0.006981884686477779,-0.03331828855156522,0.021817632865624388,-0.02869848254684085,0.0026166551317115135,0.5255628868743527,0.5547039909085708,-0.04464587309966392,0.02464340424361132,0.021875496934037744,0.04056400836509542
Cornelia de Lange syndrome,0.1752505629843645,-0.0009671858525492425,-0.11509326032671005,-0.10040935683296047,-0.19472631591840991,-0.011662314992750786,0.06379119472088486,0.4366303611586564,-0.07613501019000718,-0.3465314159442286,0.37004680622747976,0.22751207913345836,-0.00015778536690530862,-0.15663121367071217,0.13821118725715403,0.14358263738041185,0.10960702351181499,0.12623666937510114,-0.14401769607026724,-0.02094933044253081,-0.014591461441335529,0.010041510662764446,-0.09527971965882703,-0.09604777180193644,-0.08856674317985157,-0.0008758507828678445,0.15953666549215742,0.16779517397651955,0.17246300954756666,-0.09666369792946067,0.09837349648280093,0.20929112196615757,0.1947330535762229,0.00497428134198369,-0.018156342859279802,-0.018134042615725165,-0.01759300587651314,-0.06397115600616722,-0.012971407253664254,-0.08833407047797433,-0.11520038290519996,-0.10341462581859062,-0.11739749584779945,-0.12713051147551227,-0.0976725696507014,-0.1152382766822046,-0.1274383511630292,0.015073843682465685,-0.09069847221674607,-0.09490304331107756,-0.09788151094791966,-0.11017109732044304,0.006223668909571925,0.01907338847912051,0.07672077265418048,-0.0199234708102316,-0.3264548238481855,-0.329937812833507,-0.3094621932328136,0.0020963253603702194,0.13987774899147604,0.1356786056634536,0.11954315209002785,-0.0026161754541201617,-0.09354353089898232,-0.1073920050867193,-0.11176877470522313,0.17352811253215403,-0.17566623994884079,0.18053362452141383,0.1305967044501644,-0.011784924655347532,0.20383161075858497,-0.015522160691100415,0.1780198500984388,0.13681702859018552,0.1922480340882604,-0.14089170545777388,0.20219920492185942,0.20383161075858497,0.19891193528897272,0.23281874747169226,0.0032614400453354515,-0.11713665031675223,-0.14007942978360424,-0.07661023769139594,-0.20343106617939866,-0.18771984076625212,-0.1830005099482468,0.0799360031025278,-0.08968969212281297,-0.15722581134901817,-0.10999217077829873,-0.06861784832440533,-0.1593898686835288,0.00432894353771974,0.009449253062415905,-0.019302980490203923,-0.20398760063702273,-0.00288731310221204,-0.01629841884551256,0.0002668043799090448,-0.15029977931851904,-0.012678161266259907,0.22163903452794798,-0.13601947917408133,0.1762268057357616,0.1866184009424134,0.19536203415314132,-0.2165761100423741,-0.3834894669627015,0.0922357184567862,-0.2659090419093428,0.3036749845345022,-0.24471311430000853,-0.2097914449743913,-0.06288395598368113,-0.34419274801323124,-0.0018924935672680928,0.17383876317370678,0.6185613854942248,-0.4705752229829941,-0.020421355961729726,-0.01751722238980718,-0.10093059809403566
Craniosynostosis,0.019286445267188708,-0.00669201804691889,-0.2679193843963689,-0.03382409691027995,-0.035321801422034185,0.0024013605004107185,-0.018560498656736788,0.31145853846043736,-0.028242267018973546,-0.3255520137589052,0.09120779833855505,-0.025300004682118613,-0.0005779704942185411,-0.06143177929884086,-0.012274228482508557,-0.009375427922248561,-0.004413743957718446,-0.012118746849759186,-0.06462596757942772,-0.04045173005682966,-0.051124432554175335,0.004510941702105564,0.0006077577988153351,0.0036166463961602546,0.007052523342424641,0.038780624687026304,-0.0039680941803522185,0.0005483789690175761,0.005330772595255458,-0.05030289535150383,-0.04115424941895897,-0.014260249054662884,0.015634090781584554,-0.04597650807548906,0.01389012469842628,0.017259096517815826,0.01954386003636444,-0.05617955758268469,0.04951279691077215,0.03625417183988622,0.022074376771608437,0.03254580620774791,0.026912400083168246,0.02047656789541001,0.03132473400421699,0.024642062690044226,0.017174247024634035,-0.041410037149290924,0.023975354702768185,0.023231619747103402,0.022903789871313765,-0.06031011056856415,-0.010292154190983333,0.0019801817605221788,0.015951533120580546,0.012249010319933128,-0.028977866462665782,-0.05199500956615616,-0.06832195946890253,-0.03200626601709217,-0.004489764382986365,-0.008491580679045348,-0.01224327747182971,1.3416901834494476e-06,0.008334892297155906,0.01118929639624371,0.01359129836464008,0.32226740033351153,-0.05702975758282333,0.07189173368345797,0.03947190382160845,-0.012742780059133653,0.07213198370448715,-0.02978170828848759,0.05301912597418466,0.03367597747995641,0.0873122001062436,-0.06772541890004909,0.02187160915701331,0.07185053731555362,0.04812511134788498,0.06709920310656638,0.00984380014933753,-0.04809161440114179,-0.00033424702412520555,0.0057291782769265075,-0.056454831944631106,-0.05248073866426627,-0.04624917013500779,0.00037923095732093735,0.05009700386056758,0.045011344406389535,-0.05877160461177413,-0.018210163259684282,0.018567818213532865,0.028104802180510865,-0.0586804797778177,0.07446547473651534,0.017697647826859106,0.07750044990524875,0.07570955747531768,0.3626150719196758,0.00480398170754588,-0.28458531017071,0.0708495756236363,-0.03018730513292996,-0.01682029746687149,-0.01938563433276037,-0.022210559780902247,-0.32121111356669274,-0.09705052482197575,-0.017358735421950943,-0.08226993010456851,0.05152621839583143,-0.4982695034123888,-0.3187967778393055,-0.0825831158002637,-0.4495588555619622,-0.05604255601530931,0.02779623215600136,0.11054405878521313,0.006711124586239518,0.014395911617885065,0.03084739481809926,0.04171458374504089
Cutis laxa,-0.0017129095225673862,-0.009415951830874318,-0.01747499955171926,-0.01822370454724665,-0.008698278763841698,0.007892962889862421,-0.28324096427705975,0.040787107592982215,-0.13757785206901804,-0.03369812097674366,0.018373672406670562,0.36758461318937374,-0.005014680810821555,-0.03349875489800365,0.025080740049877436,0.026792122036212913,0.020233974834349588,0.03733943816940392,-0.03097347605208671,0.0012768060403155546,0.34760317372190436,0.22395243358173372,-0.007271326736024509,0.00045165857600698025,0.007873685124352643,0.009995790457665911,-0.016981884334866186,-0.013983240983429769,-0.010699716922158731,-0.030406368143513798,0.24705162478895212,0.46742356377578376,0.41612371120355157,-0.018551109424100674,0.28695507706646556,0.2952163673666199,0.2965392527968342,-0.20989354273266028,0.26156060783468355,0.24357746447592127,0.21447869816733278,0.2543506274211945,0.23188913990215984,0.2025912627058984,0.26254445925538755,0.23807713846538242,0.20425664385691855,-0.019974922827514095,0.27429247903497606,0.2680634616173501,0.2589965233500496,-0.02467935711296184,0.03123228305171196,0.22547248128621605,0.23882050516461106,0.0007656851158548313,0.0035242006984854907,-0.008533357326207627,-0.024227290887350286,-0.012635483276693863,0.0011072143669397794,0.00035482226292955825,-0.0003627619709338979,-0.0022406896861762024,0.0031483003610139467,0.003482679801626769,0.003536625467190065,-0.4175822798454601,-0.025167911354918547,-0.17917471899241216,0.287832812547844,0.15105591444726252,0.28685030589282323,0.0013488724775679764,0.4059666477488316,0.34899377257207015,0.2796551870316136,0.00600133990720533,0.03896835610966011,0.28685030589282323,0.024007908474654123,0.040514550082331686,0.0018830575907652655,0.008508998438563096,-0.03888357538965133,-0.02709508117959815,-0.043039550745264436,-0.30269928333033835,-3.0879143800861755e-05,0.029069173218225067,0.018347473116600215,0.019452594637386224,-0.023152270969915,-0.03223081853377445,-0.1481502715310101,0.013811301581089614,0.005579207217659961,-0.01604400894532069,-0.0038392338447245503,-0.007641366832970565,-0.010677015623995693,-0.00021612748021367713,-0.0029362053146518375,-0.005279363606749437,0.18332905473215944,-0.034298497457379576,0.4386977663267416,0.4442508982588517,0.4452929640790247,-0.013634276094681243,-0.02299097147511407,0.034649280784135914,0.0012299697802092317,0.14760072427334087,0.29893350250836204,-0.016657388485638084,0.002836950965057683,-0.01932604386697221,0.04732394001796738,0.19543959217102344,0.4769007523401172,-0.18349465740063867,0.0002869113742024895,-0.003444217988905216,0.008099644525170821
"DEAFNESS, CATARACT, IMPAIRED INTELLECTUAL DEVELOPMENT, AND POLYNEUROPATHY; DCIDP",-0.010128824535947892,0.05192308614348301,-0.0017981167323452597,-0.1936157576960795,-0.26870609021413167,0.0020859565348900775,-0.16498516234882746,0.04230943335166733,-0.05006824958919901,-0.023844864571704025,0.004136774927202802,0.20271077224818213,-0.03669172953281044,-0.04186154147915344,-0.03537822999722919,-0.049160962358363605,-0.04854888008844704,0.040798147162264195,-0.03976658328246814,-0.030305679401582363,0.008323918920478712,0.038157180774943227,0.009912207453248336,0.011564226281554428,0.011507685040873529,-0.008814582157413181,-0.05617714698422938,-0.05417557517308818,-0.05027139531806931,-0.050215987209938306,0.011997250749879016,0.05674364264852122,0.2014140364875715,-0.04474668965996948,0.03814917484735661,0.0399058200115491,0.040667369886509014,-0.2324334723125801,0.058385178040265925,0.05389938310046365,0.04670897144767607,0.049065249720002965,0.04351300693798692,0.036679806403394896,0.05030277868533069,0.044330365523191056,0.036654361786539164,-0.03682295576631738,0.044176591297916575,0.04242081576113795,0.04019647420031214,-0.047540491870338195,0.0013766842006848361,0.01960641185689764,0.03096596189044545,-0.0379371851611068,0.015280788066795692,0.013034569165330584,0.009860902370369046,-0.15244709011483792,0.044466103855950685,0.03761855596756012,0.02784974232415477,-0.0007420432275670512,-0.004957051712381442,-0.004038996694677304,-0.0026310324832438687,-0.04269446460880571,-0.057223774723765636,-0.01300777642941044,0.3405662817281729,0.2118071852872827,0.411987236910619,0.03521624368051374,0.43771233244045954,0.4048097920326341,0.08158872491240705,0.032816359723275186,0.034700268635105294,0.411987236910619,0.3233274399477327,0.04361295008672737,-0.007555823273073136,0.021473981396331488,-0.3207469665958586,-0.23679829436869812,-0.03644263992340353,-0.3349668365075125,-0.03893461720980067,0.03993587409836089,0.01135703344428421,0.011762462057502471,-0.03583556812848472,-0.04595905065687955,-0.30315920317121436,0.017118680339097248,0.02404929560016803,-0.013650709131202818,-0.015040089513342706,-0.006422548749035322,-0.010715009433328114,-0.00010416036498311923,-0.0154162679450034,-0.0038520933475581576,0.052557475045320975,-0.04855697244545071,0.050830025307793375,0.053877411485002316,0.056890882295096874,-0.010620727295864373,-0.007424479225824943,0.24484368429826478,0.00413410997405384,0.011178199178449555,0.030283341973249635,-0.03918022191222688,0.009758275934611102,-0.005888717272032009,0.03361860038449691,0.19525423866372518,0.05861421639015973,-0.19591627737337122,-0.0065337478602087475,-0.0029625027801783747,0.00457831810146746
DESANTO-SHINAWI SYNDROME; DESSH,0.01100635862051594,0.05605699236491681,-0.004952627086306902,-0.20706589655562724,-0.03199293282330302,0.04162589214204014,-0.17957174500262754,0.23001752974670958,0.0014679967951133103,-0.05555671500034503,0.04568008822557093,0.0015900523413511385,-0.013408448463151958,-0.01831110177015058,-0.0032248918987536923,-0.03177742887282895,-0.1656478574499276,-0.02011432124055293,-0.028038648299330803,-0.052220100309502686,-0.0023892996821459054,0.1618052196379104,0.016784164746611395,0.03226723441425528,0.04374828647371256,0.0019704714405164216,-0.014652421789429704,-0.01810035327699815,-0.02077685481303273,-0.035559347989664015,-0.04181918853860303,-0.006055698930065654,0.03217759987510189,-0.029943014999622052,-0.03242898653658158,-0.025810408208378256,-0.01925872425376295,-0.031442291638481855,0.026503017667708358,0.013638799882535885,0.0028273199852982263,-0.000826552275619473,-0.0054454587356042436,-0.01125016662331826,0.0018815039919664429,-0.004165430060500205,-0.012083534077689312,-0.023160287993065926,-0.020062554945751994,-0.01808915594444588,-0.015058086011405134,-0.03642932556492654,-0.31824377772937706,-0.06346297471320833,-0.019024471660906084,-0.009830010112165896,-0.011565275294218342,-0.022880149265580487,-0.031959633514350105,-0.02381580733699674,0.011733769192319736,0.007952200390378028,0.003652959304736821,0.0029374694034315064,-0.0017319241944087275,-0.0008930569642966543,6.839595044543618e-05,0.0030600059212063596,-0.03426564500797492,0.03895643219143684,-0.00030951791268478786,0.00850992094252094,0.05328326416739944,-0.050156395372279436,0.02186662163314109,0.00691770002720536,-0.01611635599173818,0.04996830691176123,0.03803565245858319,0.05220202555540451,-0.0012535178565554123,-0.05767472898261452,-0.041989902487364617,0.0011828019256172337,-0.2040494368466347,-0.17458732673044935,0.0012738913442803972,-0.001971843792906312,-0.011540678755854376,-0.008295793461430964,0.01940334837954734,0.02080235129673492,-0.03266308898273628,-0.053559097288819336,-0.0021921701057363886,0.052033984769065615,0.0032116514914154884,0.0009226794169075991,0.0169451469100841,0.0053193009761329305,0.0010720255384792212,0.0004267833405229743,-0.0313728554002825,0.038328462193299384,0.02904710904596044,-0.019718615315903163,0.010786728445781981,0.013563926140578362,0.015000533666669426,-0.03359569411226782,-0.04995742102589611,-0.0012487518346581796,-0.19528889447310316,0.0334457815926347,-0.031087600941965443,-0.025343046212195474,-0.016550213005777126,-0.2051989456408575,-0.008561847787534297,-0.0534812632068433,0.05295951578268206,-0.30190828352463256,-0.00767245822791914,-0.007288361842155639,0.006533756699108253
DEVELOPMENTAL AND EPILEPTIC ENCEPHALOPATHY 28; DEE28,0.34348257232612145,0.033385351757932856,-0.044855492774549116,-0.010391835008977153,-0.05102987509622098,-0.03296188368432809,-0.0006759886944324982,0.4774100904779473,-0.008375296692726358,-0.3861065955465411,0.43707710172033054,0.05492712923934058,0.0024309444414054556,-0.029237311886014014,0.052786012341680205,0.07404597975285834,0.23487249065490207,0.04889314911778673,-0.04872526437288525,-0.009002839192259903,-0.032474132089570784,-0.00797546344601784,0.05943459484961744,0.066603145090212,0.067737962493894,-0.05953149732153728,0.22890976232261762,0.2439339907862452,0.25394595726171204,-0.0451016372057164,0.05185514850582248,0.27067265605573265,0.06593784870704493,-0.01574718361278652,-0.017549315309538807,-0.02138224702254235,-0.025598813183478116,-0.01707943331042534,-0.005324980034709438,-0.01887374629097741,-0.031169009885735472,-0.027586788955506716,-0.03209510956008894,-0.03529396569632156,-0.02361052713506087,-0.028516545530784924,-0.03336828741666264,-0.0019425386640803957,-0.024026322037176157,-0.028383143263159584,-0.03185293133334966,-0.030545430108817256,-0.002912156178462189,-0.0006936776081285062,0.0015917687511093897,-0.02604330209369354,-0.07106167254593426,-0.07658436997533921,-0.07576934347576912,-0.031024898204373052,0.0061208847398764145,0.0038301647704464476,0.0015868351981744334,0.003390660116557568,0.0020116481559665747,0.003081334738485138,0.0044552220484772925,-0.013495378636180827,-0.05285578085896977,0.21067260514089925,-0.008576706803374605,-0.014549197511708472,-0.032231804895215765,0.0014992460744513395,-0.03621623558275486,-0.027056563520883103,-0.004387375257683923,-0.020695243353188102,0.05359320176413285,-0.032130700724630284,0.36396567920702405,0.07239105138295662,-0.029421232505712352,-0.05104477858280684,-0.007947539613880608,0.003922639805081431,0.011566380834259959,0.02994444630145612,-0.038570108954275636,0.019885049649951365,-0.0023618125898276555,-0.005392934944228855,-0.033926513404767045,-0.008305045756902569,-0.2819773124313716,-0.01973335927809427,0.03015753037913075,0.0001272903256339341,-0.023524563555501816,0.007827771549766289,0.001926816959941946,0.009886434078838631,-0.008908764673325499,-0.024573118372051627,0.057027096139800185,0.007436090623463488,0.4389978577655162,0.434570542575759,0.33989131611895346,-0.02633253173571124,-0.46013827908437804,0.029837110829039306,-0.0320866704143794,0.4719181862288149,0.010530093188764716,-0.008882396632496879,0.0064856405277883096,-0.229310033784206,0.02514046665583037,0.04770167616225967,0.5626726863670075,-0.06342005505911334,0.006161720226297929,0.008123428381422744,0.0003215350317764948
DEVELOPMENTAL AND EPILEPTIC ENCEPHALOPATHY 2; DEE2,0.06599822822795547,-0.03626573889116422,-0.017066159491457365,0.018783496556735068,-0.050024227323065606,-0.07087087692590184,-0.0052831739981618765,0.33437389267764406,-0.0534964877341953,-0.08198408606572558,0.05733460719235869,0.04249585346405069,-0.002217671441748423,-0.01922555799214736,-0.036389035347673765,-0.012252877304920255,0.0063559258980426525,0.0027326096448039286,-0.052457551848201535,0.019598752212499054,-0.035301662337321876,-0.04502395133107178,0.03779396834600632,0.027387231718700913,0.014928520493619916,0.007082890624261687,-0.05852627922400262,-0.05303799992090762,-0.04585677403129225,-0.044931376065046026,0.044140382168712244,0.027510787550073766,-0.004502211735142862,-0.011163974694519716,0.3212640095736076,0.2868180550387149,0.07594887924531106,0.009819045587062505,0.06515900200714263,0.07154087820918915,0.07336496350473423,0.0711193033108273,0.07628985567482252,0.07903265595881842,0.0712847908863788,0.07834740818336583,0.08202180154709379,-0.02940273365241817,0.28653545272806114,0.2697906130552148,0.07811115293756901,-0.006408834732961095,0.2826254294332591,0.06924270436006649,0.018425449697740775,0.0008269131939764434,-0.0006714448101146113,0.014036622476145335,0.033337796155867974,-0.005054184350276237,-0.029507146844233216,-0.035083223634794235,-0.03739481845554171,0.001319949804639788,0.02906727607652473,0.03664909474558127,0.04286454599228316,0.011794435551765771,-0.04238378387184199,0.034532811856682,0.06511979253645363,0.05013110438706664,0.27512892788804033,0.002854527828995424,0.05422680985015094,0.04546289958363827,-0.0033511528344853025,-0.00816045807072099,0.027069437940521336,0.27512892788804033,0.013537456476873185,0.054367110676645146,0.020230201447841073,0.011173581193727945,-0.017937532384009726,-0.006683977105819453,0.004216422496397448,-0.020756216538429385,-0.05534567476242374,0.033984579243352686,0.06546599199285084,0.04490738283468407,-0.052208744560695984,0.027346906792122504,-0.017050413657289907,-0.03584888774795874,-0.017141347590124825,0.043038721256408785,-0.0633314579089438,0.06374780954044963,0.04569680105364913,0.06426403634122017,-0.00066595272644029,-0.03124905772325594,0.061024266411748455,-0.06514234825263451,0.05204125489803391,0.0566569879349356,0.05998320334157527,-0.05029418838810799,-0.06268410163063416,0.023679927960601546,-0.00801132225589193,0.06013664356905584,-0.013334496883435354,-0.053096797169382634,-0.01893203614104148,-0.06004925747128741,-0.020493249727720892,0.0674209392106614,0.04687258530799991,-0.2990874736581655,0.028834150224770885,0.0413074599129101,0.04626671529369479
DEVELOPMENTAL AND EPILEPTIC ENCEPHALOPATHY 66; DEE66,0.005556795471777046,0.012099819640008667,-0.049123939737240774,-0.04989812980436627,-0.3570588961411067,-0.033280255046384856,-0.051012005257063925,0.08312189906735654,-0.3319745828870702,-0.020213145723558104,-0.0037165958979661646,0.06363748929529853,0.056827492186355646,-0.06389938467238716,0.0067916175186151385,-4.248431837704568e-05,-0.006581796636582007,0.07826092683749512,-0.06899564507852636,-0.0026889990577321295,0.021640809816856652,0.017651150537549908,-0.020447570224503386,-0.022091152897052217,-0.02100324555160984,-0.01642817408111517,-0.0035047010803729546,-0.0034355969903489777,-0.0032051797234558775,-0.06422125624546444,0.04557403419452562,0.07352091598465574,0.054704617156146565,-0.007513643797010986,0.028222178485377614,0.024809422065614213,0.019549994327464598,-0.04319708521348878,0.03255488761757224,0.02697099641625352,0.019753516023386933,0.01683267427656628,0.010383882418662005,0.004968688878254409,0.018636281931900072,0.011383621907349728,0.005421966870819558,0.0003458911167169686,0.023978428377841254,0.018903151546960813,0.013056077894803631,-0.056319402779125824,0.03438780487579627,0.04600105426414906,0.03802172869380904,0.010292443334721683,-0.016887768567448686,-0.011579741750192435,-0.005401744548795469,-0.01876226061176327,0.16132521619203238,0.1286294258643681,0.11596174560038541,0.004341517534064555,-0.07244654505407544,-0.07935008281269171,-0.02522927567748737,0.04251766089215077,-0.06891686981038717,0.008097899124561067,0.5092229544332023,0.03442005938787072,0.37889952014674066,0.0772544335835158,0.4967664128293497,0.4842039293966632,-0.00801538413513287,-0.015122148776807698,0.03264368685634278,0.3774499005267104,0.09675604321855363,0.3087907234541965,0.011583828076301813,-0.0015971640493282555,-0.27966960598991014,-0.2624580210997623,-0.09850308680611902,-0.4934211907705842,-0.046296470876583874,0.023797638287492692,-0.004912558017512618,-0.011470603352770399,-0.05599761164053298,-0.03226128170854559,-0.3149470270913295,-0.003732076582501975,0.042305521859310295,-0.04376432152657522,-0.057740190279524706,-0.03452972423012514,-0.040936983136611746,-0.03338338616234767,-0.04763093423700416,0.004647445971604283,0.06540611135686965,0.025020298370422644,-0.00521503481089077,-0.004404148865517904,-0.0034102557598390854,-0.009950750600196682,0.0006305226481476076,0.30343738089126915,0.03843857378024014,-0.0032434460088077376,-0.0010236312723844335,-0.04955977836351276,0.01028067664858424,0.0024932187699504204,-0.018229111025324565,0.0898252667610256,0.03655972280995606,-0.31922324651805467,-0.04428995934068074,-0.04195996759365593,-0.026168236832262513
DEVELOPMENTAL AND EPILEPTIC ENCEPHALOPATHY 70; DEE70,-0.04542295626442668,-0.03068152796013711,-0.02818418742349584,-0.05279115976009338,-0.01332154188459592,0.04095747833952461,-0.028776977364219854,0.021395649045879272,-0.35328084705745866,0.04870479850500688,-0.05441213386713763,-0.010299024930405881,-0.034563822518300695,-0.054252788543991834,-0.05494648394704985,-0.08244499253587972,-0.08660071103269999,-0.08521793438522533,-0.030854384687147737,-0.03652944094700843,0.03677344537595051,0.05981497631354836,0.018046426998098757,0.028865940369591402,0.03626151430020166,-0.06674146239752066,-0.04936216076171615,-0.047977460383964055,-0.04646843707789414,-0.04344657713084355,-0.03303616059940122,-0.002615847693171468,0.026621777571813037,-0.0314931769556249,0.0013450516700502933,0.0032982872440508047,0.005265824232449817,-0.045927924585557944,0.027004332552051435,0.01180469038021441,0.00040562367147278707,0.0027659795307637667,-0.0031564675914783832,-0.010240627940552615,0.00451905276381213,-0.0033955905614822665,-0.013525563207372894,-0.03745753320490493,0.001576931097550977,0.0006296289468845442,-0.0002978739096373384,-0.013960064879752102,-0.00646474310967961,0.019117891005960962,0.045658725810580655,0.0004132890636125505,0.028345741034908056,0.013446185548888073,0.0006706818074798598,-0.02985714256733064,0.029702082229181772,0.02818525779934259,0.023853636269762047,0.0031019499623827114,-0.015650042067314317,-0.017049041766804978,-0.017155784425194418,-0.0025327299766528667,-0.045830313337017675,0.014982491492993681,0.3292047131199402,-0.05555365961568993,0.4375906237272702,-0.022638262171818607,0.04664095024613949,0.03187227174495383,0.03117160439313175,-0.020723196262697887,0.026239780343914245,0.4375906237272702,-0.01636762170894604,0.008283787554324192,-0.02208458050319928,-0.0505826511060365,-0.2709954542216259,-0.08039438364869131,-0.30147730944410817,-0.07654612372692005,-0.037169064348995466,0.03977330205116162,-0.021486458521027037,-0.019993051745895878,-0.025190552945107674,-0.05197214457114798,-0.005197086942588194,0.04941915115691855,0.022541878540134494,-0.027679829293502514,-0.007831421327944958,-0.023811533657228778,-0.028204055818009756,-0.01875618015724297,-0.04641454866879487,0.02414049386905111,0.013869062035837479,-0.037309874421562014,-0.0822355450272966,-0.08361642820227635,-0.08390668597615934,-0.004965017874797147,0.05265181643998976,-0.055286540199944334,-0.006271855248257992,-0.06320238164330656,0.022618486264118387,0.004497816282706562,-0.02114885008503962,0.006118407153804687,-0.00260786128747402,0.005249894287366303,-0.084705357501124,-0.06826889724465675,-0.02415312426326173,-0.015168861406776172,-0.018473330890809846
DEVELOPMENTAL AND EPILEPTIC ENCEPHALOPATHY 83; DEE83,0.07022433129059276,0.0233578539841754,-0.012589349691897565,-0.0374022780595324,-0.054738426503777395,-0.005260086439995848,-0.0057770381846462115,0.08970612895346552,-0.03821313480693665,-0.09471444640160162,0.07940686786170505,0.0796174738588648,-0.0017440249543712396,-0.06652291585476298,0.03687769691914382,0.03716328224984279,0.02482710355695807,0.0670671108513013,-0.025472583796985086,-0.03445356745459821,-0.010526675957550287,0.018862590763553375,0.04314858740806376,0.03391577014770625,0.020961597336952027,0.013290838253327676,0.04606558628247097,0.054385399086495784,0.061112840992559946,-0.01777747102417371,0.04132553688690359,0.10352250522261525,0.10180007536252449,0.004586106458971303,0.0016709750207188668,0.0028912474551311905,0.003751022896916905,-0.0012118302955397443,0.0031949306331530863,-0.0037191920867058518,-0.01206190469542018,-0.007212328993509999,-0.013140562906316666,-0.020043978685132382,-0.004678276292754844,-0.011527042820545272,-0.01978152849806239,0.017348742843584782,-0.0028800469319917197,-0.004374535520206557,-0.005681837447693655,-0.0242383254817867,0.021817316940671842,0.053750273752516384,0.06141488766243286,0.016315894126179693,-0.030315959827015456,-0.03085836531268243,-0.02797707539078042,-0.012205667236828492,-0.004986060086509186,-0.006268994972694513,-0.006803328205114804,0.003928502017571868,0.01207045336326166,0.0137385103250175,0.013917733397031772,-0.015543547237269199,-0.03753296309176911,0.05673524492979013,0.04407559235456,0.01457402984372254,0.011415326146241933,0.06091909634128457,0.02631439135259708,0.03511594731495394,-0.011667002477571924,-0.017227530838124647,0.0001390703373302354,0.01218223028860705,0.40207406127228973,0.12033686043516459,-0.03467715557697015,-0.056483889674916535,-0.00836986530436407,-0.008743419399674478,-0.019486906895050032,-0.031232276590934516,-0.05360458344072146,0.02716284591618507,0.09686948578589416,0.09089305237243508,0.0016888233987968635,-0.036634614693475745,-0.09421149889373784,0.003724040774572332,0.006234529850069301,0.0714443231775343,-0.0634380732665332,0.08334320298829885,0.07614530158145025,0.09805639734637794,0.029594532061780733,-0.06393819498913862,0.04035536908154795,-0.0032419679532544035,0.3071824963589281,0.3180125982093967,0.32556826177988896,-0.032853584225344824,-0.08236660599649019,0.057934966879982244,-0.010644946750246412,0.08827430251813076,0.014520339698388734,-0.03405315714581869,0.0033956046450285817,-0.0591087006695414,-0.0011227791119196757,0.11324129676144735,0.06920376754781636,-0.005322162204710677,0.10361413004761325,0.11068464571909621,0.333475875650818
DEVELOPMENTAL AND EPILEPTIC ENCEPHALOPATHY 87; DEE87,0.05614360063504796,0.08430669072964724,-0.004759028487442392,-0.012036011467494476,-0.03621797293884339,-0.015322338855316477,-0.023392477133757836,0.29473452193980815,-0.010818076283854668,-0.3379364351632095,0.08260612448635056,-0.004527615996328006,0.005467436374089186,-0.012606165132679538,0.0006485613835175032,0.02027166265619728,0.03961961192445515,0.03735865770148794,-0.02722864564053005,0.0011200668382934061,-0.00935803138529195,-0.008002856270986776,0.02511582562630087,0.014334739140343507,0.004135483023018416,0.036415509644796534,0.05083571721950379,0.06740068231125396,0.25999062300989756,-0.022062311850154538,0.03946090408121146,0.0689542079571444,0.05283863102072479,-0.008598132075601124,-0.02206203071598141,-0.021861783259294058,-0.0215935466866519,-0.00782129582371799,0.0026923983707904226,0.0013092916829307948,0.0001861412763018606,-0.0262749249534845,-0.023220654886264677,-0.019259361517171766,-0.023696285150567466,-0.021344468131776664,-0.01826546163534467,-0.0037606235201009847,-0.026117355082163188,-0.02403688476287472,-0.021632087787079004,-0.023259064890459865,-0.0027108598336758882,-0.007916633654519197,-0.01035845612945092,-0.04909321919384006,-0.011928481713798792,-0.01721345913979361,-0.020694469422386855,-0.0010712803815290611,0.001762365963757182,-0.003687966212705341,-0.01097226253027734,0.004025622625640948,0.004864138400775582,0.011482511460801618,0.01899368752414451,-0.0012524102492857704,-0.03528635813210629,0.026664997963182873,0.014910384005439883,0.008388045181617914,0.012626364273309387,0.012763298891641274,0.020113582895000405,0.019199932723055056,0.04884702549802384,0.04666554565883524,0.2601498327461585,0.012862455219954856,0.10680967763930377,0.03790361963954134,-0.04526575274686241,-0.00046111186096219937,0.006711708411412812,0.035968149125719655,-0.01114951024197342,-0.015269907120971152,-0.018701983398518127,-0.0008005286577654736,0.3208509088856667,0.29626212127431695,0.002317395264483378,-0.0007598125217057831,-0.04720914041268412,-0.014158249588169376,-0.01284208563846257,0.34160204593292703,-0.0010973352467534402,0.4358233494264806,0.34401443197799336,0.37909495093060996,0.06405722337232082,-0.05096055730630331,0.0530570743548792,-0.03863550946166165,0.07351814633342554,0.07704624152083318,0.08000937504823537,-0.030431721682258002,-0.08855540408087399,0.024431588736713306,-0.05272769496492349,0.07754297914658564,-0.00666222658763683,-0.015496060915320119,0.001574653942056238,-0.07039608654377563,0.0030435031697678104,0.04575446235576316,0.010089629880164194,0.035741871038469465,0.08140170675432339,0.09567626343481046,0.31374562922075966
DEVELOPMENTAL AND EPILEPTIC ENCEPHALOPATHY 94; DEE94,-0.03627562383735673,-0.012674784806352387,-0.029511852437419116,-0.010698350289703389,-0.010276142639195632,0.0015450889901518815,-0.021579003370468683,0.06416734619650258,-0.03421044135017369,0.02732248230193299,-0.024875036464480842,-0.0017442126791430688,-0.04476941598758362,-0.027487945799009907,0.0209137960172554,0.01840131946572746,0.00954153090771069,-0.01505378238252956,-0.041602292094224426,-0.012862944456404296,0.0028409371496275707,0.01564419166040188,-0.04994402649197024,-0.054429363027565326,-0.05188461965844042,0.0012768238602480079,-0.03226808387742206,-0.026811797006329182,-0.022072645992256466,-0.0357022976707182,-0.0010547120280982101,0.010338932085592233,0.017913504660480768,-0.048576812509238565,0.02407247995003038,0.022359013095895847,0.02048077151694152,-0.0009475342548943151,0.026423866613244366,0.01747187303524439,0.009631699114463864,0.03255422919455616,0.024478910482619635,0.015650553259326967,0.02880769711244164,0.02040149076085918,0.011818126454070446,-0.028639107425884342,0.030450290066159433,0.02628523987744739,0.02175779084231788,-0.0206080896878644,0.002473842576445569,0.019615287568201398,0.029614037455835653,-0.015162832902317798,0.04498802282760243,0.04567409943186132,0.04274841371088612,-0.03333564273633951,-0.004772338404631733,-0.00788205098789052,-0.010263396947427431,0.00664096017781179,0.006259693435517761,0.006327691661611951,0.006295693311890397,-0.04688603630859859,-0.04979084923674691,0.04091865678090491,0.02200572395228968,0.0014321081924738343,0.27451760490588484,-0.00710056790294645,-0.002509002091199216,-0.003507414030620895,-0.005373233317700589,-0.019978115597323338,0.04042273144322022,0.274262984043682,0.007644857154423148,0.024755762080137956,0.017977227497582512,4.705312186320162e-05,-0.042204362720708176,-0.02729278373695164,0.005483551327818692,0.00567265642677421,0.011180658254206674,-0.034279132879507006,-0.028950740581033363,-0.02682521352501039,-0.041909208699596856,-0.01152394355356917,0.0015807963655829912,0.012182901177751325,0.028012940157509398,-0.0153219053020867,0.016315982875892258,-0.01374653620041187,-0.015522755228319966,-0.01683183748777785,-0.038056035642291874,0.03164880039223344,0.043184490348670744,-0.054880016229520816,-0.008018396187246337,-0.007076577092515562,-0.006655982169622112,0.014000115919797955,0.021575534733157306,-0.026935230019899795,-0.011886878133161935,-0.023696176860968345,0.07311449563638839,0.029697670984255447,0.0034013326669194797,0.002240451507970692,0.02209954795435707,0.017199954349590863,-0.0476592859811855,-0.024192744729292014,-0.03919148124062247,-0.03350845087855111,-0.03167616535057314
DEVELOPMENTAL DELAY WITH OR WITHOUT DYSMORPHIC FACIES AND AUTISM; DEDDFA,0.03148315157633405,0.0300419932856589,-0.030982937399734164,-0.04348759229287675,-0.018727569948184107,0.029472779566742,-0.018608689462617154,0.3894730118147925,-0.03790282118044566,-0.2358353581305831,0.04852524242402475,0.007391981467633078,0.011015232854605784,-0.2977372310259421,0.003058956393734983,0.0007375626263788012,-0.00148574505764199,-0.04382171560266929,-0.047812193643958535,-0.04141317397978452,-0.013859102995430549,0.030294588922096626,-3.326322000474036e-05,-0.0003103291251630891,-0.0005549554625604124,-0.013109748617513772,-0.05046081961427942,-0.04225199151352527,-0.03253551153514862,-0.026645197373649638,-0.035153972855955166,-0.0004452364148296533,0.03488095247803814,-0.02536381146466861,0.0029323484855218523,0.008251911358910142,0.014865421654421678,-0.03344468323483769,0.04052888038915118,0.04154220679942072,0.03987915610868826,0.04370306355631316,0.04255014542499107,0.039967543094692554,0.044060997929571855,0.04209263427908813,0.038253192228564,-0.016154372192564496,0.020701378438101433,0.024820433850556416,0.028281121552759345,-0.04839890079395883,-0.1978291729245337,-0.18107700588886677,-0.028679876920511885,-0.016421063252804662,0.03884847760927246,0.036010548776599004,0.02953668538468022,-0.016663623596348452,-0.0054114964125042955,-0.0051084162134090285,-0.00447617449990557,0.0016187336927252962,0.01138577591026236,0.012611195328329059,0.012736566282090312,0.009082417419175573,-0.048797429354988514,0.043296264698720326,0.008418431080887155,-0.05186636601833323,0.21553100495224614,-0.2912364488932792,-0.01725182975869893,-0.029594098290763593,0.015244567814843363,0.005363649350984958,-0.007042505921386149,0.21514924916354167,-0.004055501631045758,-0.03967244929167756,0.006783032283289769,0.014420521621117765,-0.3286056009357144,-0.358291214058989,-0.019680449837293928,0.008581522983568924,-0.02435247198588845,0.0016214779662299,0.003077220477889283,-0.001302955331419996,-0.05258142053044046,-0.024732170922946297,0.12871357447999446,0.040536580100492575,-0.0330731019009469,0.006394360885451621,-0.01039966920849083,0.01558348609884755,0.006956952170845575,0.015984581191420124,-0.013845951448549915,-0.008766480436678162,0.0440856647426224,-0.0063301754628759125,0.021274101018256452,0.027178405447896063,0.031881974610763524,-0.21740046040087768,-0.054325969642410155,-0.18103743375864748,-0.044327623466631466,0.03241074560287688,-0.024093395510611113,-0.03638143061287821,-0.18930421431628058,-0.30860494483639467,-0.03532152669409988,-0.17018968807006707,0.38234194599248666,-0.2386614825474251,-0.009710303326963184,-0.0024277732306573355,-0.0017832881094022627
DEVELOPMENTAL DELAY WITH OR WITHOUT INTELLECTUAL IMPAIRMENT OR BEHAVIORAL ABNORMALITIES; DDIB,0.03943329421014063,-0.01048685845960808,0.025353891838689163,-0.03015850151519774,-0.06321820888918443,-0.020364691835864243,-0.05719324234855291,0.06799629882643037,-0.2887263812516517,-0.03562122093311199,0.009452551673126836,0.3550471362571606,3.934466698499819e-05,-0.04828873094028726,-0.00044623806792038726,-0.0009958058792303905,-0.0012648101744578203,0.02155499028095347,-0.03858318561877253,0.007264743213715636,0.0614412704135229,0.02710973802893651,0.022320375874836137,0.018801013249972125,0.013126240785867934,0.0018758260082142391,-0.038198275817217395,-0.03320280921422395,-0.027585283360398644,-0.0328614607923224,0.0553612765742428,0.2905006034164401,0.0716303912445036,-0.0296915237534269,0.04385136469967269,0.04389448490045474,0.042688748956058266,-0.031477559858690225,0.037994819217025855,0.038681738374262614,0.037343798230698055,0.03588028155678417,0.03267013581994481,0.028460233596695132,0.03733611505367168,0.03406484611877548,0.028750379438322055,-0.030653157113696892,0.041207404243986695,0.03947899162858333,0.03605393963687571,-0.013348700472310467,0.030181057550808337,0.03637931142752438,0.02501982245197829,-0.014164102104352387,-0.004980144175765088,-0.009001570012249882,-0.012261324350863561,-0.03788904253266502,0.01903432900471053,0.015772944741644472,0.010704105735795126,0.0006241395186586814,-0.004238088755688436,-0.002478983876301805,-0.0006885543659949785,-0.07757797836976713,-0.04684281031578244,0.0019790967949387954,0.3184489358337365,-0.011547998290517175,0.31824682258631776,0.01618470682673415,0.08123182030252,0.07302802517815055,0.008494595229748627,-0.05094120544997388,0.04518294435064567,0.31824682258631776,0.06237712525847765,0.08454547565817881,0.036185914268611355,-0.0048606095130609445,-0.24379976547726634,-0.06594696552180028,-0.29531502391500214,-0.09391895928783586,-0.03365220424561326,0.09321649517732752,0.04044613271441948,0.042401929572967956,-0.03180962251072137,-0.01570895120713433,-0.07347531145040198,-0.006319355193999555,0.012675969496065722,-0.023420447384483,-0.05875610187980723,-0.0077991477762653135,-0.015687222486467887,-0.004277227003031516,-0.011413831023004847,-0.00504009001359935,0.050094746208623725,-0.04511866637339076,0.0982800740888543,0.09921267527512669,0.09871406200988567,-0.01889691455339357,-0.01505793970775914,0.05469597059980965,0.015563681788288892,0.03946259153849884,0.07730923304779157,-0.02551329548909261,0.005941174761061086,-0.014270807283747071,0.0025449975486465802,0.06443356903650951,0.2502599391973805,-0.26993459436102135,0.03385540647133494,0.032434952263444075,0.03989532418006997
DEVELOPMENTAL DELAY WITH VARIABLE INTELLECTUAL IMPAIRMENT AND BEHAVIORAL ABNORMALITIES; DDVIBA,-0.02536858053160121,-0.021243783848353848,-0.011226849977861688,-0.04503075066166399,-0.04797681315153401,0.002918106485166101,-0.01359645240759499,0.22551702175572494,-0.05464188360399478,0.0017951629345012798,-0.01028014795548911,0.19405044258596812,-0.028630296873798724,-0.04569504284965997,-0.03397299643424862,-0.04150422132557008,-0.036069405579390305,0.004046496061081804,-0.041453145583268666,-0.02422361745486177,-0.002497345731247213,0.021526891347926173,-0.00821472179519215,-0.011602451479615309,-0.013737353977943725,-0.019071535583918605,-0.043317860025225634,-0.040504829521324046,-0.03630121665692269,-0.0473842051827987,0.007036662217168547,0.029820954520782848,0.033806114538755656,-0.16240775225526238,0.004594202034765094,0.006606141296766957,0.009202074229239984,-0.03201130937338644,-0.0029327231476776365,-0.002392113061910536,-0.0016431460637055977,0.005676076440492504,0.0034870430120181343,0.0015198504058434275,0.0033113655955288542,0.0014475149116516019,-0.0002839339291836399,-0.026562058727426188,0.006121720467250522,0.006564276654750225,0.006763119253036171,-0.18756513221026047,0.0032275892550383584,0.012490816347652244,0.018886476002768084,-0.03436367371816934,0.00858950479956644,0.013617788912742746,0.01734082207127717,-0.02873024151756739,0.051658748757323784,0.04819389613704919,0.03928862870989888,0.0004931934768928736,-0.031933066122865186,-0.008950302808317516,-0.006651863522752842,-0.02140222651682902,-0.05864247212379133,0.014620487463578023,0.20968288733527604,0.01430363933256639,0.3776960487088963,0.005630474536380862,0.062380128240379785,0.053738332445993055,0.19740006906993085,-0.17807343918055432,0.007363219028872079,0.3776960487088963,0.018226936699858042,0.04882773942825752,0.03535051681371869,-0.009812063740526978,-0.21076922543775012,-0.21263100806412594,-0.037579944738969764,-0.05190829553376136,-0.040063589534387246,0.01948886019599674,0.028396623722678826,0.02164471920015179,-0.04465917223276703,-0.0277456586367438,-0.027700523640409345,0.015155671408834297,0.006781412000557028,-0.016173068073892828,-0.0415748143337806,-0.0069442333011974725,-0.012790893218223624,-0.0014621950541468982,-0.029792442279797934,-0.00035561746348825187,0.049559846496026065,-0.018709739810182504,0.021305316618647544,0.024294288201461754,0.027024632377838486,-0.007682670544188838,0.005644839741025586,0.021354476561659685,0.010366667602123722,-0.004613842999626078,0.059067588947970574,-0.013476325470872609,0.000701586601642831,-0.003432469544205715,0.030324822950072428,0.021448836845197623,0.0032300590459725187,-0.05876172067623391,-0.0030169707680358523,-0.0021604131307727758,0.009711247128076767
"DEVELOPMENTAL DELAY, HYPOTONIA, MUSCULOSKELETAL DEFECTS, AND BEHAVIORAL ABNORMALITIES; DEHMBA",-0.06559841000000241,-0.19886126013292463,-0.019679014623547056,-0.008744850339124605,-0.045404275460739135,-0.028817924797200266,-0.38036624044671313,0.011276225162781687,-0.021412727210122585,0.015307965465604739,-0.01375544832120674,0.29491276176950065,-0.020712229499538323,-0.056502102667723014,0.009413267115476628,0.012855985082688938,0.011918868028462527,0.017437710869942454,-0.05422025605657863,0.014870562150850442,0.03665105078144443,0.004966007757841201,-0.04315540971217629,-0.039638739826264285,-0.032048347008579545,-0.03835462029399485,-0.05240632574109182,-0.05562346198252567,-0.05761817826169438,-0.058171665907164063,0.06913956041113647,0.31276869294545484,0.06884918221831067,-0.02023122560231227,0.029850449924226863,0.029615911271405084,0.0287668882097053,-0.0401657168825258,-0.0005788660653329602,-0.0018189227451226337,-0.002994127216015155,0.01448599062161634,0.01562680044788393,0.016494911222841864,0.010575747921284632,0.010661147675592175,0.01038402015927685,-0.015015640301086671,0.026936166451038388,0.02735674425970071,0.027303423523996444,-0.04272705912479734,0.05198062686968427,0.058213682616328324,0.0424921564310648,-0.03126006876675561,0.03526188407916242,0.028354367785922964,0.018036641889760303,-0.03444299378068553,0.06197104499805561,0.018293808460057237,0.015242981600088603,0.0010181375648387035,-0.013504010309532005,-0.015008660381226904,-0.015816832328043123,-0.5390152107846509,-0.05425431988457424,-0.072292655435254,0.05691121852486988,0.03842660140255714,0.0703359828400538,0.05892554247690602,0.25187417212473767,0.2524461509748699,0.3036175935153407,-0.23566543272993284,0.000762225904879518,0.07052860723568102,0.004193420516893158,0.22842684032233218,0.017974828777049267,-0.045279733374246865,-0.3232772722602354,-0.33965582088972474,-0.04257259250019448,-0.2335140753162106,-0.023363276114792133,-0.008673219435572239,0.03154262742528827,0.04072565247889437,-0.04065561181864406,-0.005838052934348482,-0.21665649681945678,-0.014747539144922002,0.02150734506914549,-0.006836850610681383,0.012889741408286474,-0.001275816423175219,-0.0031094921250133345,-0.004560185881578342,0.0009644229108485247,0.03250116892478417,0.0566576505424045,-0.049359623917638845,0.4960413040129489,0.4952400425692262,0.4895669879973686,0.017662446413456757,0.009476025725959687,0.06401251127223248,0.04705501372523663,0.017179185967637005,0.5901194176988525,-0.0020414401591569344,0.028130547818774887,0.03763192965845459,0.33793709896633506,0.050842975161500666,0.017676135030804365,-0.02431947379481308,0.020056640112410058,0.008767905872342647,0.028383260122017227
"DEVELOPMENTAL DELAY, IMPAIRED GROWTH, DYSMORPHIC FACIES, AND AXONAL NEUROPATHY; DIGFAN",-0.28838285478891995,-0.02168783054147718,-0.007511439123656743,-0.026675144925236313,-0.30502361697415287,-0.04420627316292192,-0.22575000851511884,-0.0029560426959084115,-0.03473973868400086,0.2664219792142392,-0.23345516533851174,0.4326466560222192,-0.033394969788395026,-0.05315552638062109,-0.01656561421199463,-0.011437757935883789,-0.004147800130572993,0.051627400720836325,-0.05804027260671317,-8.873192721490116e-05,0.004350144694042133,0.0029734081650568465,-0.06698366241240113,-0.07447042591580111,-0.07469765164047242,0.013561507772262324,-0.2948887199160851,-0.3010370188875244,-0.3014594354152065,-0.06424621633591059,0.046269331521351376,0.07298820498068488,0.05399257368219328,-0.037503613670159384,0.06644751539281508,0.0688364955449137,0.06987551470000872,-0.01173324588555675,0.009124498707649338,0.008265639045954303,0.006257271674090988,0.04392318612677479,0.04694182080156342,0.0470984015814368,0.03781408415029027,0.038625634524432566,0.037369770660810514,-0.018505367092279262,0.06109793037541244,0.06374058933471727,0.06589148373633577,-0.05997471739895181,0.06761794234765386,0.27451221674608023,0.07335698171623328,-0.015258353920871449,0.28629225713387674,0.39229963137671703,0.39552301870163586,-0.02335540801200911,-0.014581843670556725,-0.02293982305595391,-0.028833210112644427,0.001121331378065807,0.010898362231657337,0.01711233487312632,0.02304162777068654,-0.5426270144600205,-0.06946144333322152,-0.24882257063852187,0.061233399670598924,0.022429653703960082,0.4734721152554213,0.26930078507341104,0.06698368524486031,0.07476097021190327,0.06118645105713565,-0.03320910268458309,0.044205554908874616,0.4734721152554213,0.06503038529701556,0.4016316240301942,0.008333731273189432,-0.018012539409195654,-0.24026797987029733,-0.20816867560524904,-0.04989590242808847,-0.07410227917164788,-0.04503295498335581,-0.006797546168710526,-0.019541705169796638,-0.012733993486990799,-0.037312820941049464,-0.020526119833985636,-0.4659979597289773,-0.023904679980614834,0.285064281785025,-0.29528281585790267,-0.0319806008968729,-0.289878717030056,-0.281504849835988,-0.2688912594716107,-0.052638798633290726,0.27950371735146856,0.044598540438321434,-0.01097617927324681,0.2739018056457045,0.2768607755548947,0.2759152881101739,0.4210982710371326,0.0708407453665634,0.40952841784127525,0.056763494115585365,-0.04076874034026837,0.6166371931011273,0.07776815533677178,0.4248673140059342,0.4563739465909073,0.5923111580548047,0.38973150656680644,0.009938661934305539,-0.04706614709625898,-0.02315651187804814,-0.0398532448453094,-0.02602030094417902
"DIABETES MELLITUS, NEONATAL, WITH CONGENITAL HYPOTHYROIDISM; NDH",0.07187099797066383,-0.028803805723372565,0.012196011977072518,-0.05592765249736516,-0.05466309709174112,0.007268080781549761,-0.03079814408650136,0.28205951032422294,0.0007344737165305966,-0.06393285018275499,0.07340282032432505,0.004416817005403323,-0.01319360863712764,-0.025411308631912294,-0.027074881462774387,-0.03960742760828601,-0.038147779192058244,-0.009145634740540736,-0.0367635644947589,-0.050754128650496784,-0.0475261768786831,0.015877764286025945,0.004768933171845898,0.011961511453270807,0.018195740536097713,0.024211670873507646,-0.046218733590192594,-0.0427778410103987,-0.037927465981289,-0.03313842644630656,-0.031990348017886784,-0.0025938326644383185,0.025662839449984137,-0.02711697947514732,0.028435083705455538,0.03659494135967038,0.04311505143463176,-0.04665366741593827,0.03546269907130617,0.032026144985667665,0.026524305021016194,0.02810814933419126,0.024173953238176126,0.01904751611652062,0.029895941566187426,0.02569964416479077,0.01999427482240289,-0.024084081426708637,0.028217057944859847,0.030548375910401257,0.03228979764289082,-0.04312469358206226,0.005400296300082622,0.03018491693237808,0.04629167688516128,-0.03397206954250098,-0.010059691982498191,-0.022609164572963754,-0.03253348200746286,-0.026807870646896558,-0.013586933983391987,-0.01459305771719469,-0.014533108801572315,6.124521116660945e-05,0.02024509761973489,0.022398400369751974,0.02340622161123827,0.002830648658211414,-0.05217171510715992,0.04742649103208735,0.01250453141892769,0.05112470406595151,0.08467414911809135,-0.008558473139814449,0.04641669351743201,0.03332813518287909,-0.014467499725410123,-0.019153790736653645,0.010232765069341171,0.08451530982752241,7.283394236014903e-06,0.022283084593366143,0.011929998039638694,-0.003317486580551562,-0.025120603485131104,-0.023291639532882484,0.013433380846079038,-0.00854435453597443,-0.00853863012694734,-0.03519999971266886,-0.004691096180482832,-0.008153657307123991,-0.028161112134106624,-0.03695490127775542,-0.022420786812926693,0.025946991570830413,0.028535628447718436,-0.0020057695356555847,0.0027210821209958194,0.002316926807153821,-0.0017407358812957506,0.0006461523137375888,-0.024082656515924245,0.01761862965921705,0.055936026829648475,-0.037329157846886576,0.024222846175988362,0.0235190445973685,0.02240827966986814,-0.0018337246827512816,-0.07905346846270456,0.015204245214193961,-0.08279185582809352,0.05696960138114161,-0.05646616063393912,0.006117530635477638,0.014359070850165755,-0.06451713824731778,-0.005877903000952269,0.02386308303369104,0.5108081398506567,-0.06430110678476521,-0.02511471855905157,-0.022537821362784757,-0.014558801798284478
DIETS-JONGMANS SYNDROME; DIJOS,-0.03652214647830721,0.0009021037462740664,-0.016203320350922625,-0.052846271010370226,-0.2548219017371113,-0.016925802165176567,-0.013742158027283236,0.07115341748415044,-0.0693218487654119,0.02357222127601045,-0.008558195907184424,0.030560914952578875,-0.011314493240783758,-0.06658871302409196,1.0442349917794042e-06,-0.001938403170403887,-0.0034119059792411806,0.031219974972298732,-0.06338921937150424,0.00047412883226461615,0.05422544218007223,0.03480280411489297,0.010466962314309769,0.008199195491043403,0.005766807968187411,-0.039785675948258374,-0.022947161025522116,-0.02240315077669503,-0.022171120328262392,-0.05237115899378385,0.04000159383321052,0.08152579449838396,0.07171859751421189,-0.051857543387476945,0.005187564216729174,0.0071365147727044265,0.00931795612987477,-0.05496801093032679,0.012705303715435712,0.007200442303968778,0.002454388287211841,0.0006540459480425585,-0.0005723285216218272,-0.0019067725007252203,0.0005480306722329618,-0.0016412638908815454,-0.004104903692698414,-0.026034007571674275,0.0033271859264416585,0.004347291627439544,0.005248109932846429,-0.06247959292776639,0.015390422706644247,0.03313550586097085,0.03835718135719705,-0.2249170985851584,-0.019507364869218866,-0.019161327693447024,-0.01648594961768947,-0.024377752530189766,0.0029784355232280223,0.002749328349617414,0.0020344684697226794,0.0030108901541908754,0.001527145695705858,0.000699695211189939,-0.00012544083180286635,-0.0658577455332059,-0.25318450184220714,-0.0054127256824126665,0.09320462412666827,0.05771266465791499,0.3180539840707464,0.04633214663166405,0.31392794260111173,0.09396496098455169,-0.016624457522112158,-0.005842553933865879,0.016546139566026578,0.3180539840707464,0.04629938545616486,0.05246474906547111,-0.0008050635277723819,-0.006793665282535268,-0.056775603651540135,-0.05429707290662757,-0.036146940527391556,-0.07787990427972154,-0.04175154743912836,-0.028967889950834453,-0.0638750006343309,-0.06701756437929977,-0.050547533004557464,-0.0355814295866966,-0.09367395245411331,-0.00032332976869200623,0.32308625589227974,-0.07692862772514301,-0.03636137953136029,-0.07486155429019864,-0.07598758427909132,-0.07220649082446863,-0.07010899757059247,0.07462087577381038,0.06589124723754898,-0.22458538929358893,0.03942285985099707,0.04227057462034967,0.04501704555349852,0.0704256939490179,0.004311821616007689,0.0945237279204378,0.026298588529648587,0.0011802635907383432,0.39568027931534855,0.04638447607124073,0.08366761565467705,0.056599541171217294,0.07322510130108428,0.053877300472079455,0.02094538468103447,-0.2630858540925494,-0.06696622392300797,-0.06789680963967291,-0.07061894704636186
DIGEORGE SYNDROME; DGS,0.03651155220434622,-0.009836912055957115,-0.21073441084215483,-0.05207860450302434,-0.047730679010156776,0.010484695502482044,0.005847434821963009,0.426666163390523,-0.03761657287112145,-0.03810619927731575,0.007346401472098175,0.06001569338379584,0.009528752739966645,-0.25568741643504,-0.019487698491603245,-0.03576556808032592,-0.04049408549948749,-0.003518650324375887,-0.2894033135620003,-0.04010502911107807,-0.016705996109693543,0.027689213034196154,0.015662229655180337,0.028265208411918794,0.037886399764679536,0.003678237923166025,-0.03914241475695438,-0.041476888051030565,-0.04273562259270427,-0.286692982239277,-0.03032090964121244,-0.002329394497624622,0.025510747381053654,-0.04218388477795626,0.0008448212022382341,0.0025536585980209248,0.004203332414603386,-0.216491268905856,0.013948562359148571,0.00619013238875425,0.0004448419519989577,0.008493811440981673,0.0027952120010383942,-0.0012781967950826118,0.007838347145294017,0.0012385353668005778,-0.00408530320576562,-0.021061107058729253,0.0044981505193571105,0.0036605476892164162,0.002962502441053466,-0.27238937671460267,-0.008325131072692253,0.0054471728781293905,0.0215634917753368,0.004718143463186245,0.0063584322906631175,-0.0017726035643433175,-0.012023690160173172,-0.16939239949381343,0.009909819399717688,0.006706628741627912,0.0032794756504952653,0.0013363839831254842,-0.003517714112419599,-0.0026144781145274465,-0.0013850830159908931,0.03745400780422772,-0.2992925662252571,0.046469811101908856,0.045490361141780504,0.047681545821201064,0.25995493805655817,0.011066835345690657,0.034720896683594515,0.03171055823005019,0.06788902420670823,-0.06092409739273988,0.017104255152212502,0.2594973306153126,0.03735457291733109,0.05888517025641072,0.007288722670932998,-0.04381096319828059,-0.203112400974499,-0.19643231812986484,0.017740731288471808,-0.00741319696920824,-0.20993412952175894,0.4622746426196446,0.04319141889607204,0.03342793861488853,-0.16077585877261846,-0.03787847247379706,-0.017536287179464552,0.030043766653003328,-0.014041721217404383,-0.0008384752279785556,-0.3238462091288915,0.00804606049478644,0.0011627594849377995,0.030849105658956145,-0.019273743479024354,-0.04449434171889591,0.303263455934407,-0.007415686234697637,0.007038879468358457,0.00919330458725927,0.011210581907267791,-0.04489089565016177,-0.01234019621873118,0.008363538058817642,0.021081036365349307,0.007167131672502016,-0.011533129624118557,-0.05299893847498989,-0.027056536411825097,-0.03166428820570645,-0.1773181832251218,0.02465721032562145,0.035285043099397284,-0.2191963227810011,0.037475606523823354,0.04731089933703903,0.04194135360003123
DONNAI-BARROW SYNDROME,0.01675777492573436,0.03875808598231454,-0.08783451020557771,-0.04682087529038739,-0.08550047603969523,-0.03163447912035886,0.03814270448239653,0.06907673183888725,-0.03098867347838289,-0.007511818403117371,0.009649619379507764,0.01894991395024836,0.02803464018883318,-0.07956344190032737,0.022356894956920524,0.021720789465188437,0.015258562272400448,0.1183007551015821,-0.08110567989823599,-0.009099931910586058,-0.004935825970202447,0.005736640382101969,0.011181472837193607,0.0033466155860664027,-0.003037850109534538,-0.052204386862484624,0.00810728829276183,0.011584552211849541,0.01566394189955809,-0.07956489149069808,0.029557419198198733,0.06854104309638658,0.06672318266277168,-0.06383404034677063,0.05013402741325155,0.05183092461808904,0.052228812603643454,-0.004266166481616366,0.014402573681227153,0.012617761624770409,0.011002472862400681,0.03718949636486358,0.030503156303450484,0.023436438267340425,0.03783785083690807,0.030054630878346186,0.021586523144749892,-0.03949069056591726,0.04492565054997322,0.043583809872256116,0.04176201022647302,-0.08068775272294029,0.040804091360984215,0.06625697290133103,0.06934072290186699,-0.034262921525685545,-0.06017303152026894,-0.04457105305450092,-0.026110883015918653,-0.03566884512762014,-0.00100121811158296,-0.005765530906316517,-0.011596001076349007,-0.0016980388034964391,0.0033922959470025793,0.0076726778333852125,0.012369370297173693,0.02426899255428375,-0.31202503019578964,0.019545494045810102,0.06424541892819964,0.06458860165752499,0.025035871841368972,0.08494678765585541,0.07155513192569865,0.08194163517009721,0.10064597848844413,-0.0021402421080874427,0.04694490249108542,0.024371056505554472,0.134462904532665,0.11809670906197102,0.026049954451552934,0.023729953273779116,-0.0640452103047604,-0.050540716171789755,-0.007698107341982457,-0.05099998622398152,-0.22069856577807412,0.04548511183667701,-0.008688911580555398,-0.013451036931175298,-0.07571061103789313,-0.027511480123397467,-0.07783012965255971,-0.004013507166939535,0.0710453652516561,-0.039904555530962615,-0.07335355613180014,-0.03332618700278506,-0.038617615476805915,-0.021333129514080524,-0.05219787061109103,0.00811195944917397,0.07804154980458904,0.020130298662108893,-0.005156514536259474,-0.003287790691330151,-0.0014394698176992426,0.004701118570942449,-0.016094273674610565,0.09192737149735285,0.011568556525932744,0.007296654421973237,0.006660165886215699,-0.04272558614221328,0.016277067299360213,0.0018315099120859454,0.007950507233956537,0.124477531829704,-0.014012299300074357,-0.07507130305876118,0.0002806766637407738,0.0017667749549396478,-0.005976520497973692
DOWN SYNDROME,0.21546183292575574,0.45176471902363524,-0.03526241174679497,-0.05946487325058595,-0.5287145654242866,-0.303453035316212,-0.5822387010454082,-0.022503515318176053,-0.38923861996590636,-0.45447297272786086,0.054128512682759665,0.3384194936808844,-0.004490240212456582,-0.3221924582257609,0.3325153858128984,0.3940901818811872,0.35549462154368994,0.6205197867888192,-0.3162770893815282,0.04384548303440123,0.46777122899119017,0.03938546191330233,-0.04313102473599698,-0.04014606123856458,-0.03313008204407687,-0.02974645036888312,0.3518701532233072,0.3676450581866878,0.3760719397934012,-0.30785003875416056,0.500165366907773,0.6487058049950881,0.5012926166261916,-0.04175849068035102,0.425068862976946,0.412433991347177,0.390404378000438,-0.1662722680178087,0.4090933361060909,0.39067415160504515,0.35362453253750903,0.3078129887469524,0.2955250296065978,0.27435681796618405,0.3236677950476144,0.31308358324954894,0.29050281157437013,-0.03781548586139677,0.37530287759809006,0.3588979549261704,0.33862761930490237,-0.21849241052607984,0.3387134936006499,0.3820675664834348,0.29251148158116136,-0.013574092213191934,0.38423223911320925,0.3564213591075143,0.23837641192025993,-0.014430773522029346,-0.013721148553609331,-0.018380976905501757,-0.021095745506625616,0.0026078414096082805,0.02393970526033473,0.02870812834431637,0.03221122871240132,-0.04661460552284141,-0.3011425835836191,-0.018376385590421495,0.5878991076604517,0.2037189033347506,0.029865766016480146,0.5656280429592655,0.6775720399718912,0.6811229326265438,0.03243917575858281,0.5269514488681947,0.030032604088267426,0.02905947677171786,0.6321577865506014,0.3830829766185906,-0.3475991187862665,0.03960768137459488,0.02591077328271969,0.039190508915055385,-0.5690327227346537,-0.6732135233156703,-0.0364387024230978,0.0024278870877399226,0.40707643237940266,0.42862659346677456,-0.053261451725771174,-0.03757630575367253,-0.674294794404818,-0.04330417711886081,0.03933898105056769,0.33447228808314383,0.03252718831601239,0.345723215759032,0.35428490925042777,0.35953075719246935,0.1709128546877482,-0.03622692326402371,0.3572367133323493,-0.040944501572366176,0.4244741339535908,0.4258636961302961,0.42260740214165193,0.030858613867333247,-0.06159880578334729,0.6054264227893599,0.014323738174473482,0.3007247145439547,-0.007098544927246177,-0.0057899484628561645,0.3480841481292283,0.007768778138192757,0.050254076033003574,0.6020621372056654,0.0418312293403969,0.2712405967454031,0.39787864986511795,0.38903179430215873,0.42929841843469346
DUANE-RADIAL RAY SYNDROME; DRRS,-0.056848719932784945,-0.00272225856179774,-0.06262187659936622,-0.04912009112405738,-0.0002814224393412166,0.05347759428355906,0.00827528688076665,0.07770264613378852,0.0061843112903219415,0.04604658319380709,-0.03994261037018897,0.09887731466874551,0.052888170452717445,-0.040401907560537235,-0.0003761007644930489,-0.006723388897683008,-0.012220839925601615,0.027234146435085517,-0.023211035051290095,-0.06054289079734957,-2.555361560896026e-06,0.061162307445943774,-0.027932193970655484,-0.03481405884160858,-0.037974135820517306,-0.013002217536206093,-0.060076904075114436,-0.05048811152724811,-0.03766136834364703,-0.009670704726773156,-0.017108586351793534,0.04862421976766773,0.0873088767846932,0.010680875830793265,-0.01699085945380666,-0.005384505694587769,0.003231625526725531,-0.05500358736743561,-0.015543839462356799,-0.02493772987928876,-0.031795032030167016,-0.0021073814243379525,-0.004331669406937128,-0.006887709896309803,-0.005685411206796271,-0.010562388743751277,-0.01543287164948148,0.006302788209892836,-0.008746655082524129,-0.0026196990255827283,0.0019522242002404872,-0.014860596199580191,-0.024923319179255755,0.009179337356442595,0.047175363442028634,-0.029280550168126085,0.007704355540093213,1.5177054338857446e-05,-0.00731184297103429,-0.0390508830701741,0.031132669692459747,0.02817860524478046,0.02216864846428259,-0.0003507812283771985,-0.026591566220178418,-0.027419143045878575,-0.026757919541165104,-0.10061336781366455,-0.043343658541326435,-0.017981335407055776,-0.005889621139737044,-0.0006602316657322775,0.0800150867060883,0.009104332234779852,-0.004539667359230798,-0.0015449615857101907,0.042518440671272494,-0.06395308575949266,0.0421783075333285,0.0800150867060883,0.06435811345379686,0.07811184867017013,0.0007544236395294651,-0.05530469300747487,-0.06631386235772989,-0.05498370531966903,0.0008332386252237859,0.0013153201130422065,-0.028695793090317386,0.05044274441542122,-0.010616453360821237,-0.01713943327779206,-0.024177839425209183,-0.05703194040625415,-0.018893361711515056,0.047600288975009106,0.03011654481484864,-0.07898430601039044,-0.06232870638959313,-0.07384389011507633,-0.07454576096112803,-0.06567833971102051,-0.05088318552300745,0.022450937815656078,-0.003987786920100034,-0.057615120557791444,0.07769162614668697,0.08205550117927937,0.08441355680332238,0.016520392339827647,0.03539046301190991,0.03434333422117667,0.033813261750814574,-0.012095249354769464,0.4291566431723676,0.0006452230121003969,0.01671047215759818,0.033852072377146596,0.05221015429070391,0.03908872300137747,0.04052410288645069,-0.07970852221362149,-0.01679236524946377,-0.02871736865420067,-0.02210083003352093
"ECTODERMAL DYSPLASIA WITH FACIAL DYSMORPHISM AND ACRAL, OCULAR, AND BRAIN ANOMALIES; EDFAOB",-0.010268710031513277,-0.04460396243363186,-0.07604962455054373,-0.026824259892810835,-0.04927061911621374,-0.013866265276878374,0.042343457940476656,0.2750395151126536,-0.04479947022584054,0.0007763633626207484,-0.012072684405839624,0.06299128359990629,0.35354105367806427,-0.017681272882851866,-0.031743006821161754,-0.025179816969553327,-0.013165134962604644,0.03669863952940839,-0.07434313241091423,-0.017333395492874125,-0.023249078219161997,0.00023719465700398825,-0.005733807314216986,-0.012611673746827779,-0.017812128268863348,-0.014315779467189066,-0.05014644562606999,-0.049178823254433596,-0.04731199106834678,-0.07501880255450417,-0.0037240236914346373,0.012366511235462061,0.025358159863494784,-0.014118101691555206,0.026422324072005544,0.03508692229038716,0.04228124790445491,-0.19602261977594806,0.024773796143586418,0.015400295013542769,0.006302164897358721,0.02369549319574346,0.02546858529118879,0.02645398181112858,0.024396754020373834,0.023537290773197266,0.021245691160379453,-0.002977363897158563,0.025180464713047163,0.03243773445049564,0.03839242721858432,-0.06848632349242445,0.009971431487854317,0.02851787994847348,0.03664471529467951,-0.001033336103300135,-0.041285090580093435,-0.03686537976742702,-0.02865212480533228,-0.03467765360913854,0.01966957226081781,0.013959495660283927,0.0074532397811513254,0.001084019231340088,-0.009631090621791497,-0.007766258443303148,-0.005057401054087445,0.0026074435052785487,-0.05178889610890043,0.016053432637967133,0.043169586094659734,0.0037184427186124675,0.27343067865526505,0.010268577832315945,0.022406329247197966,0.021273087336366486,0.07388257346146618,-0.05401607616029502,0.0345099514650207,0.27343067865526505,-0.0030382453399791297,0.03880645553751655,-0.012484107307893906,-0.06749051725001103,-0.0790293396109211,-0.07247332253985796,-0.015579600204465438,-0.02123696568948202,-0.18718477038650772,0.07525370913279907,0.05525101904815884,0.049221073343675044,-0.07213726354445364,-0.006620347542780866,-0.006379190466999562,0.003228748668463624,-0.00785350131997785,-0.01495429696222462,-0.2477238015943598,-0.010626970970027308,-0.01261611300739698,0.006523990141204114,-0.02408066550599161,-0.0657686505534718,0.07317674972363365,0.007874593687346101,-0.007277606921775073,-0.005665611823239914,-0.003923456661000447,-0.06855210405220348,0.00808773511493393,-0.009525949737283759,0.0006792577442430368,-0.01834383857266398,0.03389281705874138,-0.07389637743718504,-0.058618616434527954,-0.03680693459682539,-0.03250977607066729,0.022749894552669736,0.014605199818161791,-0.037616869770523385,0.02286803573896361,0.027916838158347078,0.04231466172746186
ELSAHY-WATERS SYNDROME; ESWS,0.05717586713919073,0.005408596154949974,-0.005372552331721181,-0.07264710313562987,-0.5623777942194567,-0.07918503920602678,0.042859795298555436,0.3975459554079754,0.012216497743694868,-0.04258574372321307,0.33789712899764823,0.07730142625126571,0.001076832127979103,-0.05940539401171988,0.039653464414858015,0.06431165922632716,0.06936128147937776,0.7236524019493864,-0.07040141143360658,-0.045517739158121906,-0.1073094333997358,-0.0282736803480543,-0.0028579571517777826,-0.034148376680472756,-0.06462261862059888,-0.020363783863866065,0.4262286877420587,0.45207916160783657,0.5872283489098857,-0.0655801980079898,0.10938160822790098,0.4829230451875611,0.3998850873875708,0.03799591992055298,-0.007573186563039908,-0.006935503355073375,-0.0061507084641027636,-0.004859405625933563,-0.07237131700099551,-0.0820752802055171,-0.2767329027651871,-0.06990835779684391,-0.0747578170653065,-0.07704138464288104,-0.07046099997728313,-0.07562175698871598,-0.07757968376452606,0.04704760707310604,-0.035248436643710294,-0.03891310343678127,-0.040844091106668146,-0.07067437893473746,0.10854398519571959,0.4479833971257831,0.4245634026684195,0.026129282735633013,-0.5893709069365182,-0.43210197555204904,-0.1105666825542419,0.006190866756010844,-0.0005972574652131157,0.002284892209412413,0.006319627471676731,0.0034762973364857873,0.004914195863879514,0.0035446528988080537,0.0015393096417557165,-0.01997054803377049,-0.06390218390020685,0.02773618729585297,0.06308674875652959,0.11746113980325569,0.02792528351359163,0.46443199515297034,0.13930712047769803,0.14628049475722538,0.5687668947114787,-0.6416201222105159,0.0037393808174798434,0.028099604499650287,0.7632116968203038,0.7711017583082413,0.0752251412028606,-0.3318011348981282,0.071591643484815,0.07698807311102814,-0.03786048245378046,-0.11631431017273806,-0.05847608053912106,0.020714963780118213,-0.010923065745118374,-0.02011536941339437,-0.035876485391855416,-0.05153942298661405,-0.696149332488414,-0.0453696319261183,0.6043075545988437,-0.060688267711605674,-0.06123523234348695,-0.05606321350202934,-0.057330695285415054,-0.0523121594051039,-0.05257353642850418,0.030043478424249308,0.0785329620240713,-0.0009867866961987262,0.05666726241746144,0.06767782764066423,0.07784574445216137,0.06999840282359558,-0.35819649187184566,0.7040326346773409,-0.09089062471697457,0.31988523101215005,0.018628174003182944,-0.001804850402554383,0.39647213168805756,-0.040714789121141244,0.05939895195835191,0.7504183515831823,0.5827068553604083,-0.04606971770833422,-0.02555483764620337,-0.034958294139548624,-0.028266962187140456
"EPILEPSY, FOCAL, WITH SPEECH DISORDER AND WITH OR WITHOUT IMPAIRED INTELLECTUAL DEVELOPMENT; FESD",0.042134037111712645,0.011529375249518529,-0.017070055534080253,-0.07098590118924566,-0.2647739318691689,-0.0007904828516045513,-0.31310710565989125,0.040650887149495926,-0.03400072905121639,-0.05264280167024181,0.019066086789339118,0.07747182497314628,0.01947941435437237,-0.26757409920013075,0.01575580648407986,0.011397304449903327,0.004894247083814478,0.04261072634609145,-0.057287713574948114,-0.03245030311276021,-0.0012483305717509098,0.031428583994240845,-0.0018318531638272498,0.001292253666615592,0.004944106628724795,-0.3452394671920981,-0.010013451758247239,-0.008631853205378176,-0.007548603556484694,-0.05290640379692486,0.032670165431266225,0.29718093808012463,0.301617578670685,-0.0377935880359123,0.021195596079432343,0.026899633650537665,0.03179278828962135,-0.022300351099979104,0.02716469582928364,0.020574997326424222,0.012590263672784327,0.019336839716198866,0.01510027560302825,0.010418367199551021,0.02227917599183959,0.016293267216226003,0.009996295377902586,-0.03432973939575688,0.02020397979810002,0.021769384548986713,0.023409940851873236,-0.05752829624160032,0.014292729960602268,0.04364595285748827,0.05342595637367972,-0.010639142785579756,0.03780884636133615,0.02261003065390182,0.007277267648041623,-0.027018592341386236,0.00956478283676396,0.009750948575215978,0.008834998072174981,0.002911504085361339,4.323432099035012e-05,-0.0004050855017450171,-0.0009748541404745768,-0.07754028539587572,-0.06453209530540409,0.015771961740821086,0.05861063844439706,0.0032141993174332854,0.05108370377070353,0.0611247006570562,0.05887211149148211,0.06323632350158308,-0.014055783604300223,-0.0034594430351950274,0.004005100750007893,0.05053353774399074,0.07865777913813256,0.0764232302207883,-0.0038115522017015727,-0.007423868516383938,-0.23429119757688613,-0.24146612371179393,-0.05893362957384228,-0.07296874553572119,-0.03186503077147457,0.007059803147337547,0.05422440382473272,0.062031814816589106,-0.0514467403080624,-0.05172121692437313,-0.32472541189768667,0.009896743654825405,0.024473872666907856,0.027789652055708648,0.007465278015441487,0.03938167219277562,0.033282768020429135,0.02574951642084208,0.018177561417670792,0.016713818806883822,0.06515675166024575,-0.056507279994992374,0.30129876881746676,0.3063646928941932,0.3081595469092788,0.018851385825115804,-0.024021666387062462,0.0751631761008599,0.0006992418358431183,0.04645515270126861,0.05505107192495223,0.010762426435881335,0.047450100224649405,0.00200351716054125,0.022990902417649634,0.07660433677734194,0.010133485548521722,-0.02849991330731108,0.048932649589302754,0.04783671453954709,0.0593301621833527
Ehlers-Danlos syndrome,-0.031013380375989073,-0.012202802509372649,-0.23652550411586612,-0.02599765313398786,-0.027230515446061174,0.0018966712811385382,-0.1530946882723353,0.19804186403690413,-0.29371505585862984,-0.0006090966943555725,-0.012666255652284663,0.47902022077579004,-0.0182718224720179,-0.039243211302041704,0.3400697339966456,0.34384313827405955,0.25751112304198537,0.24885074788747552,-0.2576789786542605,0.01584787003105088,0.4714916539272414,0.2614131324680159,-0.03247817536517499,-0.034382732592221125,-0.03293153343502442,-0.006972700400407273,0.01717482323268573,0.023118228777424473,0.0279263248166709,-0.2146358839878942,0.3400308205215451,0.5477996226154899,0.4573287227972234,-0.20993125628950485,0.21215640132087135,0.20837041167154077,0.15938114586040908,-0.19199477102880702,0.17069959728747394,0.04678860295505304,0.03815401884037563,0.24932081257341365,0.17432709342389663,0.04492737156916346,0.24680493438027007,0.16951423892845022,0.042248613906490116,-0.12464639062683032,0.23710654557136887,0.2208836263297593,0.16178968895040646,-0.2396913523289896,0.008621502449597453,0.027200215584038942,0.034258869502666864,-0.01904100129350933,0.030334125909634056,0.028714502389789412,0.024159055895249307,-0.16230820597500636,-0.0013793770760728312,-0.007505652795768514,-0.013981675054289438,-0.0013027925585178998,0.008794092662981517,0.014204344059022758,0.019320339560836418,-0.3976934326564794,-0.2766115768291536,-0.03375342032654768,0.2985617820086737,0.008601916655552426,0.02967855691684052,0.003321288081302496,0.13815648588088303,0.03700278843659103,0.34731586647098994,-0.0359091265238639,0.26197407346531226,0.029703218882259987,0.028464270192394683,0.16497551389709494,0.02140608092129462,-0.00873928692015892,-0.2798092013191697,-0.2079396477997171,-0.025797972997166043,-0.03839974426523412,-0.20277684344614025,0.17987061793581843,0.03767327327814083,0.036512834607748915,-0.22617986829777526,-0.027122772838427556,-0.12184062198329554,0.012329533053227199,0.018945190674459798,-0.1670670840452556,-0.2662822292475412,-0.042611486935391574,-0.14670243037718753,-0.020291226718585763,-0.029341526843475747,-0.002685140152169054,0.2906535160104193,-0.009764070233915444,0.4311677823729534,0.43102479598551185,0.42602200507617277,-0.00990329306629624,0.007572226354860985,0.009596257686984236,0.2755470462955723,0.01814550548528342,0.5136306492996132,-0.010431581557179102,-0.0019955391649633756,0.015689387138222176,0.1654620796098258,0.03754296605380782,0.23928391657596973,-0.2572366841241337,0.017578957441478502,0.009933700239957407,0.026712950973304526
"FACIAL PALSY, CONGENITAL, WITH PTOSIS AND VELOPHARYNGEAL DYSFUNCTION; FPVEPD",-0.0076290773158485675,-0.21000093255977972,-0.05148458471633579,0.00020390797583130156,0.019720843942811605,0.015097204455008593,0.04574377737874384,0.4987320668985172,0.03628577183093461,-0.03672647996227538,0.03915352156006603,0.05555804184152158,-0.03532457460578808,-0.05724969428114524,0.023329773122038645,0.03454183350877968,0.035509518279098394,-0.39449750400047,-0.06116740566297067,-0.0010992232219094959,0.04061763745070398,0.028272607827591226,0.010021601492523012,0.018564882505141076,0.0252852945789449,-0.016606406898276947,-0.034919524753049144,-0.03198791525850559,-0.027396090073891665,-0.06031935127973836,0.020343090618921013,0.0553110999921962,0.053446951457281434,-0.023343263954918855,-0.018086870083760778,-0.016748543053753603,-0.014801692610359771,-0.042402317038620116,-0.008227625792645356,-0.013705793793057312,-0.01766803804960006,0.004130584961021718,0.0014534156504887195,-0.0006606312181701778,0.0006977547277321024,-0.0022313118220030643,-0.006115296155870936,-0.018602147166704004,-0.0036081089302442654,-0.004027948750458644,-0.004210885466951105,-0.0628702830615358,-0.03101750113858704,-0.026694329858971192,-0.010413692017934437,-0.000399588982998408,-0.025816772776423046,-0.044303933327045374,-0.05699902449460214,-0.02976184073467878,0.005214878335990488,0.0038763825574071728,0.002168791723552741,0.0002703078970903622,-0.0026796008353551005,-0.0026549375212032754,-0.0024495607076718685,-0.4044755470029241,-0.2137591266343053,0.03119957291646504,-0.20849768115007034,-0.04022292268050275,0.020127000119483048,-0.061169673363901035,-0.2269070734470467,-0.2330209162323833,0.6761727281707599,-0.512310605366717,0.03921031137359779,0.02035669827482316,-0.027607921263731107,0.036892071344685674,0.05119064490192132,-0.23365165515950653,-0.3147148060583172,-0.22649711071277762,0.022118736212197728,0.1962798653881727,-0.24150419224546915,0.01498698273161767,0.029958887443835593,0.007342457126548384,-0.2050837599258744,0.0008184686906360627,0.2268338895638037,0.023102754748771933,-0.06260198149621234,0.03127029935934348,-0.05281478030653823,0.046587989905108776,0.03470068497134513,0.04815520735616188,0.0030061585380631506,-0.031968822998456256,0.05554229321363687,-0.02623390355662269,0.5000573213474397,0.5038559102387054,0.5028881432434478,-0.060261781975277914,-0.04489337252212153,-0.05796510361170618,0.006522605070085148,0.07532017126146255,0.42956889939821025,-0.042911592726298284,-0.060117957357347186,-0.05465852061508562,0.033358138060216876,-0.03546353744745471,0.2284626118470468,-0.05293665383906673,0.014132987161642355,0.01801800179813913,0.012555651215824502
FBXW7,0.005705549713748807,0.039240804789976394,-0.05285670406113246,-0.02750859855124554,-0.19818964857265722,-0.028617141559248653,-0.18857731517362664,0.21954213411820278,-0.36317633110359193,-0.03724891175293853,-3.143357825742919e-05,0.43809498604626507,-0.03806921437482623,-0.2692440967841334,0.01628386619600966,0.015523057067666065,0.009908509624912576,0.049236409307270516,-0.20953627053193744,0.017969917247737402,0.1896388486980447,0.018106611522211206,-0.0270331280248152,-0.025490146882199784,-0.020719988588058673,-0.036090064974498126,-0.03812091737567422,-0.03833224314149705,-0.0376338757005302,-0.056014496426819174,0.2842053279912156,0.4119333751652288,0.29868718707607017,-0.1484217037705195,0.050099379117325774,0.050348216594708575,0.04922688452227718,-0.04013796151719446,0.04866765105458958,0.04769799637589231,0.0441546309642584,0.04520067355514336,0.04547151877161421,0.0442913306099588,0.046086763499661336,0.04626739502838878,0.044516803075458244,-0.036332086268050075,0.04898043854089151,0.04896457683551572,0.048314893687003174,-0.1645508539529623,0.0268742781030599,0.03226735504126158,0.02384204369344429,-0.044643295531176234,0.015499017573981226,0.01902198354881858,0.020646531711874767,-0.12466354797526942,0.07751045501463588,0.06830748096898953,0.05231741916667865,0.00026145322462598744,-0.018406626722934052,-0.013934363878234197,-0.0025405391378394114,-0.30122528456301956,-0.27658977957592173,-0.0016763471123719365,0.4395771587690781,0.02306204923228007,0.44366070929721113,0.045089008911629445,0.4156796967988747,0.39156819007710847,0.05896249588918533,0.021725496716222994,0.03668847373033683,0.44366070929721113,0.3261709434409459,0.056105515659103766,-0.00923089308628601,0.008804329631436864,-0.38118293684536253,-0.3589817224589412,-0.3200338122791467,-0.40727900241568643,-0.14994237169661825,0.02180994566200016,0.19971865457928215,0.1964140339605881,-0.16682752845971316,-0.01621462979758616,-0.2773605547392391,-0.014519466233458948,0.01483995608278614,-0.01742530442426826,-0.18186394882505696,-0.006490266148777507,-0.011256756616645009,0.010462160436144213,-0.0168697091845279,-0.04027695288494737,0.31429342189908105,-0.03355648207710525,0.3770894820332064,0.3835709230703047,0.3858804075546891,-0.04855107381784549,-0.003823203158941402,0.23334799646434848,0.040201055527448515,0.02563594261244634,0.37294601878631845,-0.31643866248628155,-0.016658637392486443,-0.018022951171417095,0.006990589133916961,0.22310414424468672,0.302251370124274,-0.26948693302837284,0.021451240925982818,0.02037416395548453,0.1501133781222652
FG syndrome,0.016692336651126828,0.03975573512744812,-0.05431613425936519,-0.022509355759041116,-0.2550723578445744,-0.05182126638889844,0.02522434756347897,0.3344713374212538,-0.030254110459094506,-0.036985257699813166,0.05352225930736475,0.0560091567270279,-0.015975934355362677,-0.03947946338916587,0.0025574711550963103,0.015960150054599838,0.02483887663474053,0.3204517588116768,-0.20433387606456563,0.0019401344611628863,-0.0006782016248176426,-0.002671174477605912,0.0042574849227688056,0.007680338977733982,0.010783831039741894,-0.02528578182340978,0.03702409167413205,0.03980428152950753,0.04028372445247692,-0.06007972302810964,0.05325265529133024,0.27361864469732416,0.06557664456468308,0.018716699330525156,-0.00902132028434225,-0.010057197906428655,-0.010332545358877981,-0.0010915226144623384,-0.02804004309988259,-0.02601023659308802,-0.02272496348233434,-0.03094211192016852,-0.029371520027434088,-0.02731621178861941,-0.03210869250625498,-0.031168191731343574,-0.0293175667706097,0.029260307250993874,-0.01786301125689199,-0.018059523548069882,-0.01720303920706065,-0.04632773091606456,0.03714848623092195,0.04253070435687686,0.03028483412899844,-0.03211001663925016,-0.06994694318425189,-0.07711568053449172,-0.07838469617997465,-0.024400568039656796,0.06944373136878193,0.016299047194919144,0.008777935359324286,0.002142205017785212,-0.03874085474267095,-0.009998776119519066,-0.0065733512641853245,0.013768961839069517,-0.0561157846228875,0.007719204187273135,0.07928090953832079,0.25283488771397045,0.06167934337243229,0.06219865512994416,0.4790546377592162,0.4615392916289362,0.022774456719374614,-0.032859163387419676,0.044072429234790114,0.062313139314489785,0.5603046421133514,0.5244531019820887,0.030765335243491936,-0.00022937877306087803,-0.031441812570329034,-0.01660517367538268,-0.04077939392729243,-0.3003685908735421,-0.04430365110326911,0.011659158599134106,-0.0368607270066371,-0.04658156595888084,-0.040862966545018545,-0.01627159171673772,-0.3402733520711578,-0.020463636557900056,0.2540381625442897,-0.05601127431782397,-0.29512898742694205,-0.04646976091065208,-0.05301241995108567,-0.036743158517729635,-0.0583416681727206,0.01053734182093266,0.21432738444923866,-0.0047979830745407195,0.03615812705498334,0.0327425482198056,0.02884048009800497,0.02020450852053441,-0.061231435326745964,0.3664129722786686,-0.01603936679275718,0.04904536203257938,-0.008858438079086468,-0.010059469885231286,0.053833483805245025,-0.01022920116065448,0.04525336254352467,0.4585764470950584,0.4878479370702481,-0.39283846308610354,-0.029148095398887724,-0.02966923691903366,-0.04149054293962586
FLOATING-HARBOR SYNDROME; FLHS,-0.3799925502391705,-0.22523077422923485,-0.12411205970799413,-0.022157840708753374,-0.03331571393228363,-0.005553367623692302,-0.023151056598773388,0.2970863829446933,-0.5489288515877631,0.3078543859036076,-0.3265620169063607,0.2597032381980753,-0.010897959057209498,-0.19788531761815867,-0.18998970389879982,-0.21885587420420205,-0.18715603899183555,-0.19321189636176395,-0.20689731102533415,0.0038309393939019907,0.21276507595123692,0.09597852693020156,0.022717675640908607,0.018856755736759167,0.013203838685982051,-0.0048317670426563505,-0.264249747604822,-0.2571957110855858,-0.2444546528448309,-0.20362633533694482,0.005122687941015875,0.022484197752368203,0.025419969267774165,-0.08518433330422971,0.19511544727369243,0.20767039403615006,0.21521515427092358,-0.019735974092427274,0.14374518658352273,0.14484489909169546,0.13766384249273153,0.13350866697893238,0.13028754032538953,0.03837887059118814,0.13208180276039072,0.03969624363292806,0.03643240884861519,-0.008221836515539545,0.15104621382188713,0.154633914721953,0.19553637578734287,-0.1966670464859034,0.10367797964542316,0.19955455933103786,0.1953757381076024,-0.004931463794855763,0.026281729473908583,0.03189460297318359,0.11005082443612822,-0.060044583099857676,-0.00708874811598559,-0.007652820818905091,-0.007307871086335778,-0.04737263337064755,0.010518233081255096,0.010392568123286473,0.009534100829113174,-0.0042511466024061,-0.24365563166814538,0.012017492702614659,0.4556571814879174,-0.13752335729125734,0.5082317206155494,-0.009100508673772366,0.00901929031322506,0.005315807716434141,0.03769140853971328,-0.00017355525464887077,0.15393856765384673,0.5082317206155494,-0.24690156625993886,-0.013492638964586072,0.00420845958237217,0.003903894497194374,-0.1711784884331146,-0.10149567313639055,-0.22011258800656738,-0.10412606506695697,-0.18666313280168093,0.008715627603805218,-0.24640567039721922,-0.2658211027040599,-0.17088504216687336,-0.01587417275480807,-0.026995721336468534,0.004970687322763575,0.16991173844773944,-0.4621688471905472,-0.33913153971574234,-0.4573532024998096,-0.45525979446227205,-0.38268187661565206,-0.36782950063102876,0.17760797553048127,0.03680834103722996,-0.19707865271784777,-0.02275367006550693,-0.02223305713069779,-0.021036948929721137,0.019191212905471516,0.32264302302194653,-0.006501960623242844,0.42984459248068885,-0.2953090949266807,0.3941077550641097,0.008641726787350389,0.0016793059001171257,0.336114032020414,0.23270645883279592,0.006454794065669791,-0.003916646715060085,-0.45949156669291574,-0.330700982102006,-0.3396908693569104,-0.31265560621558114
FOCAL DERMAL HYPOPLASIA; FDH,-0.014529797155711904,0.018724014102878685,-0.03208765848450762,0.01060901740090464,0.013899143955451677,0.0007134370484464381,0.022689280945411408,0.22316554133982602,-0.04837667927789317,-0.01124833381062477,0.017477065430423478,0.026240452663311507,0.026387164391325327,0.03426466827843525,-0.027218882502791725,-0.006926973020682132,0.00932345373702743,-0.011666287745343465,-0.0009183526769589923,0.01836526051575879,0.017273617474987638,-0.006028118800826046,0.009517650603658908,0.005777424262661963,0.002018479563866411,0.3312169208984999,0.03276469165924899,0.03498390326864777,0.036082897778457516,0.02084460759141479,0.02336380434455149,0.027914014777748207,0.01126772290539304,0.19218265639052481,-0.04717891126087519,-0.04710362617846996,-0.045348471639971286,0.10900574994223053,-0.05782648801251485,-0.05603431022189271,-0.05099684880081868,-0.19819736939588217,-0.19179718328254894,-0.17956310246451643,-0.06322340854298023,-0.1968041804338937,-0.18342202017346532,0.32438031316852867,-0.054222613081040004,-0.05280847408411555,-0.05075321186704786,0.021452122392732406,0.026355759552780786,0.017579648468315966,0.0012722505287763226,0.07886843533903133,-0.06169659577878335,-0.20602557832119897,-0.06035118261257237,0.0973230337078445,0.014890388438366523,0.01947369432683576,0.02146824794294662,-0.08952944388183227,-0.06089605629550174,-0.0588202007308094,-0.05021831236451344,-0.004525138429940444,0.011460435999925637,-0.004168302937901707,0.03761257611769335,-0.016869799888379895,0.055110760881607566,-0.03476887212729112,0.0113236141271233,0.002659987647814789,0.024729408367326927,0.011667225950969978,0.05707388838341617,0.055062492841537324,0.045158539637944604,0.030320534466816932,-0.011684224777761537,-0.00044942282201987805,0.008174213377118681,0.032804155193463316,-0.023868518527874204,-0.012893865839902333,0.003909790983471985,0.0010559943512871153,-0.006910703721497822,-0.021298930363538235,0.004707785667971896,0.012921680727286408,-0.012219009634455632,-0.018549232311812214,0.008932876602931416,-0.01900373179667127,-0.05300334365061948,-0.008131397901775987,-0.01796343943716179,-0.014551535140842757,-0.01594083810301473,0.024840211269845272,0.0012139578818732208,0.017515695325227253,0.02833362051515463,0.028316101082113715,0.02655126636745152,-0.001078191330057423,-0.01820620872528215,0.007676016810360443,-0.005430458348757843,0.012709935744203643,0.018010434849301222,0.0010256097989276012,0.0038169420716814523,-0.005162989947999703,0.027271806293376947,0.042142162954387545,0.02158708975338599,-0.35781464261512635,-0.00911018422123755,-0.008877140323644624,-0.01676983806830408
FONTAINE PROGEROID SYNDROME; FPS,0.05230135151053447,0.0590330891016824,-0.007379853907727875,0.003814569122423144,-0.006061637141553318,-0.011493406551133505,-0.004858070087490283,0.2773921099885651,-0.044319832588203975,-0.2860888490629981,0.3093999518068132,0.009714637799284232,0.057002860359272975,0.023834896326214026,0.0002579323375322844,0.018032423128958624,0.030301105553676436,-0.0047712443870739085,-0.01770944986478905,0.03168429250656244,0.06761462670890786,0.007176643963474521,0.005621686813451444,-0.002758221807882204,-0.011928404028070506,-0.004334073395450872,0.26784881140539,0.35932818447127735,0.37639469787688273,-0.024376096072239565,0.02943870826822049,0.03925852364727424,0.01948795195862791,0.015070163617892525,-0.024749483824070835,-0.027050436875707375,-0.029090957355576146,0.0014299461351380115,0.007294152232873376,0.006214181326961107,0.005014738500848257,-0.03379408425880649,-0.028083943879227444,-0.021784819674205775,-0.03075425833229131,-0.024377897198980727,-0.01795455812057024,0.03823036511970048,-0.031767727185872695,-0.03016358421837666,-0.02862628047499732,-0.006154461439438125,-0.013567580461930703,-0.02580288705067999,-0.026027851644553266,0.007629994226401352,-0.06715141149601382,-0.07405736937845508,-0.0756236588883986,0.007029835246181755,0.013296166484855073,0.013061947806940827,0.011593008630954107,0.011809618600946788,-0.0030079812541594026,-0.0037208271671972234,-0.003988168308255783,0.06851270972266127,-0.012268439979311336,0.03572066792229409,0.05398511471162506,-0.028696168642004378,0.050406606539150085,-0.28054944892216666,0.07867336593609878,0.04446132429398947,-0.014600803052575313,0.2707119130622281,0.02707141012787645,0.05085857875304606,0.008698846597150292,-0.044480404043294716,-0.048868041577080384,0.026249242312976696,0.04360351200805841,0.18236664802109517,-0.08369140874789209,-0.07316656037948469,-0.009178533231873821,-0.038563738286787656,0.004782412661153905,-0.0014638001618845198,-0.010810922894864758,0.014424833445128822,0.01608833690002583,-0.007112294844567633,-0.01843909000970979,0.025754619551878306,0.004199608440124139,0.03626530818632882,0.026880091007850795,0.040481959644305635,0.0216657703003497,-0.041188936365950016,0.010576084255209691,0.04331741213278384,-0.016374738775043675,-0.0184608214400973,-0.019855983848160147,-0.06623797148786179,-0.3213166491255662,-0.024851019683697094,-0.3281742486242196,0.05874856626527047,-0.38046791337501024,-0.03688441351000448,-0.04202466731097053,-0.33748464084605967,-0.04982062585158039,-0.010227451721105528,0.5888365768169462,-0.04508995716795449,-0.02355410922222247,-0.01792584998047713,-0.008121229007214572
FRA10AC1,0.03743533068658871,0.016283014938828028,-0.006138186948960115,-0.07904928088308011,-0.039767935772024685,0.04393947902173221,-0.10416080577127626,-0.04362529220234049,-0.08260831973973318,-0.06369073159164103,0.0039799316589851546,0.4641455639774309,0.43623082404117763,-0.06801483874706607,0.07301905708640594,0.0652150336942372,0.03803482796232445,0.5892805993076793,0.010297430262891719,-0.05164888155515368,0.39537352461477715,0.39730878192791313,-0.015262311047124442,-0.003793815130273574,0.0056370614702060855,-0.05394088303622333,0.0825871357066355,0.08927561887858722,0.09412298266126067,0.026600307839334706,0.06854049108034009,0.6758905231758419,0.6951638969971631,0.02494953080552847,-0.049961525300104906,-0.040858895201422024,-0.031822924358738174,-0.01142539341582811,-0.04998489196307029,-0.06795238579498981,-0.07665924252339232,-0.07315392061591022,-0.08047338889700716,-0.08487375559803827,-0.07098953695530216,-0.08078932886476936,-0.08618928933366019,0.018452302496769424,-0.062058643328186454,-0.061263222993651396,-0.05756524397275533,0.01598064526290874,0.006762318188719816,0.07751944743939741,0.11085890099985217,0.058889933285618125,-0.03301730404161934,-0.06801419388292784,-0.09302396724345316,0.0009566830971530163,0.30711042442484837,0.3224445587709614,0.3125281055546265,0.012541209951258975,-0.2275500800733502,-0.26064373230076576,-0.28134598784693504,-0.5954782134891424,0.008948091105705732,-0.12262394899826556,0.3982473255407993,0.004606602289182182,0.04302993158257458,0.4208454383399195,0.4561010938332702,0.4679497103950702,0.0029165533341219034,-0.022638671032143457,0.03940973177320906,0.04191005028663827,0.5405318568667558,0.4426733841386355,-0.01138509812382688,-0.03459658349325343,0.004889394846851766,0.017806673562153392,-0.5898665817651262,-0.4952346466107881,-0.03890258359393315,0.03834059366292402,0.5726210672717288,0.5736205932169658,0.0664073078217972,-0.3371920302740974,-0.6253127100719563,0.03804309521774747,0.0018741699984014865,0.09403795135675544,-0.03539161297652949,0.33817187657789644,0.328209509093821,0.09861262003030578,0.32833840283131527,-0.04339664530556066,-0.002122703012154557,-0.011760171787468982,0.6515094365542392,0.6549748924831647,0.6547653042537812,0.006705403471749203,-0.003995325113932155,0.6143330208817225,0.0741173925027661,0.07057434643319742,0.47418597319460015,-0.03588949106015927,0.07222748565187331,0.03423705526862993,0.10018224108243927,0.42559039572929713,-0.003860290692674675,0.04015925150572534,0.5960544887579757,0.5786419756316439,0.5925873978717933
FRAGILE X SYNDROME; FXS,-0.03533015767206297,-0.035542509027979334,-0.0427623473695987,-0.03911001570042943,-0.020799734994368834,0.020831618931764797,-0.13359201476308613,0.045260246176379824,-0.008798880949959889,0.01876546324939195,-0.004548356673994902,0.2748860847673444,0.0016734108369834747,-0.03880014180198555,0.1310559765913563,0.03602601056156838,0.019882587161149455,0.03234772455891044,-0.03664969447217146,-0.01621829152374864,0.24435237442859953,0.22849138387525006,-0.025865649783284813,-0.02363690842870811,-0.018525602247743037,-0.028688197306212745,-0.011769714091690484,-0.008302278349915745,-0.005118682977016397,-0.026177080833392995,0.029659920873438123,0.3680588943186313,0.386916013494717,-0.011040906367211974,0.007245343348706756,0.011756729288887364,0.016469613360758383,-0.02685946528152707,0.010046235812393918,0.0008358014482325281,-0.00654842132818369,0.009148332447747518,0.0034741945318981027,-0.0008331259210435237,0.008387580586917935,0.0016021119790328691,-0.0037565659521779427,-0.005639811949424669,0.009133094402101737,0.009625803013757681,0.009553499678086228,-0.03432322448697194,0.0026904585954276253,0.030561083505024345,0.1482590084182905,-0.0048062387802632256,0.0022607607403303197,-0.001857093479120389,-0.00667921998940976,-0.024352140600155562,0.008352909203289146,0.0021022343923983813,-0.00265806743564794,0.004833736705367964,-0.002870970325085947,0.00036000269233789925,0.004732043971395875,-0.43759794912399463,-0.1439944514156723,-0.031187255156510198,0.0332552537392829,0.0356420855427588,0.04792209576641793,0.02037388180078155,0.1937232833811252,0.17833107974585088,0.015273671125500406,-0.023020068487565725,0.2515159165555943,0.04816155967108392,-0.009927748187885443,0.01749546304345236,-0.015637411457914897,-0.037993300288304596,-0.26419357911781727,-0.15572255121743367,-0.0180420826163923,-0.045204946786993584,-0.020994205297151763,-0.021702014369767524,0.005280951176505906,0.004419642466226158,-0.030164229651026993,-0.04227963174869371,-0.05199278430304456,0.02259160022260248,0.19165308447338536,-0.041384522407621166,-0.008550749994606902,-0.03305021287004782,-0.0380908040922111,-0.036721180925106386,-0.03735151327650682,0.1987762010566839,0.21042295235735628,-0.019186128693530966,0.30231916161607203,0.3127668344824019,0.3197510752266689,0.042150341058204095,0.00197770575923175,0.03982411967522823,0.002057523538245436,0.016655808564590317,0.4818514287113622,0.03902096959954963,0.049650094898831994,0.0256169417241107,0.3244819889819528,0.017469955820492516,0.035133956371080105,-0.2530127913135173,-0.0040491394071623206,-0.01203978534895067,-0.0017896985357610776
FRANK-TER HAAR SYNDROME; FTHS,0.05694443622511181,0.06568333658151304,-0.06125462391398748,-0.05587635053985075,-0.42499330842710836,-0.04787373108561909,0.005673713267025535,0.5204594276710748,0.014175060150981638,-0.3695245086600847,0.4234884885934387,-0.06868224984682944,-0.03918743355671588,-0.2971724371958854,-0.06482405209358393,-0.07622576721306355,-0.06743265187967801,0.09299498559184388,-0.07406323593710942,-0.04397833762055624,-0.36313350602719197,-0.03703217459549267,0.022796222980074898,0.016422366145093775,0.010212234976380248,-0.014039421800951612,0.03334902852429665,0.03450634978644507,0.036265648876453595,-0.07343617444163116,-0.01404739898845443,-0.02164845237776076,-0.013891962362247772,-0.051875551598379914,-0.0018191565390791445,-0.002994553637587364,-0.004171585731098836,-0.035089822368015756,0.011659852742246063,0.008681931645702091,0.006373353972113774,-0.0206741060838544,-0.021763869104760417,-0.020304318076098588,-0.01960554773045801,-0.01994652187165847,-0.019758301410307693,-0.00925492293213313,-0.01001345958601168,-0.010328273649960203,-0.01053452795708199,-0.05384499235612518,0.0480235276432253,0.05264530628808829,0.035992806467041,-0.06544467898943342,-0.10835600755024057,-0.10445167346458643,-0.09242077160349499,-0.03445756956881162,-0.03046700124455647,-0.039211758609309005,-0.043718517995584905,-0.0004968476173743323,0.029879659817968043,0.03937139331846188,0.047589358590340365,0.5050158338487968,-0.07956165692752752,0.06648698471627901,0.035525850636177046,0.36247200955521786,0.09735284891811317,0.05321572960742641,0.3908945397499788,0.36988444978887763,0.00479810390658102,-0.006689167915496608,0.07051465326290955,0.09725981566585086,0.635659750003636,0.5682763407803165,-0.0012972625802416713,-0.007408322577785639,0.06281694817251197,0.09057224554898426,0.004337395846999835,-0.07216619871098856,-0.04310775221140063,0.015876802324837066,-0.027599487560119207,-0.03106334621175932,-0.06665826591257173,-0.02846411621264969,-0.10311072155164286,-0.009327172258483807,0.06290037684584875,0.0245807571472701,-0.0032655744888169017,0.02785117055966438,0.022080954561752957,0.030187508970008027,-0.03682075886631357,0.00045401879134570505,0.07672230354025886,0.014202706133750742,-0.0432922149405512,-0.034343149316051744,-0.025012720515353352,-0.009698601817763712,-0.4431781378800211,0.1073906973573716,-0.38453531963056947,0.08396667704250257,-0.5924306564579231,-0.06025284219394055,0.011244951339737337,-0.10668037937931232,-0.0032292952849268444,0.5396729691794666,0.3962602103787638,-0.05184708959448127,-0.035075929852751535,-0.008638009465552125,-0.021803006796701396
"Facial paresis, hereditary congenital",0.025003084810464184,-0.09656851871434466,-0.05299161520501055,-0.02679691295365427,-0.4244753329580691,-0.0784823647533178,-0.3913742430499359,0.0377967803029873,-0.05088123617923495,-0.015737777884267536,-0.014364112655934425,0.07502361571365376,-0.014269417014308592,-0.044566021906532596,-0.07962919113767135,-0.07752035761128476,-0.05479682661002659,0.02590652891770302,-0.08407519914151498,-0.010626367163603625,-0.08164904601635109,-0.042539093605195324,-0.055070655737845274,-0.07116448866612887,-0.0793154512194269,-0.011554423565347928,-0.3669871434134078,-0.36220289954466683,-0.35097283730726625,-0.08180927853608097,0.0191397069535846,0.02020137755184923,0.007568403718270396,-0.06441932316930775,0.1116523321182854,0.10967808521315227,0.10540255399843182,-0.025356885670172608,0.011946713662016118,0.01635428707119371,0.019132342967784904,0.044386210678187855,0.04571102912703466,0.044037605371908276,0.038095894005984794,0.042271767276059594,0.04251577349914932,-0.04595126888492463,0.08735325852014071,0.08472202033745592,0.08116190332762044,-0.07326288944730246,0.4421424825600337,0.5960224683606081,0.3919803217833083,-0.022790007233185656,0.015869718275599975,0.03969004647575951,0.058887565561762285,-0.034953982409624246,0.021711108958984614,0.020050325665326198,0.015169709958568214,-0.00014849407268595664,-0.018110649777535768,-0.01484600333711842,-0.010866022715363502,-0.005995169974243142,-0.06762206578097375,-0.02396785870450191,0.3310113604333244,0.046320070877940774,0.5880213561116746,0.37904547409180334,0.4221268970568162,0.43218923258228825,0.06051179992657452,-0.07516582681384695,0.03263663277573195,0.5880213561116746,0.0535265087918337,0.46420090869808717,0.05661972147177586,-0.008530077309122861,-0.06180165040299382,-0.05437258530063757,-0.33818711567092036,-0.4248080051209505,-0.027207686198630933,-0.006879686839976925,0.05117347144374187,0.051183030889993306,-0.06066923782752584,-0.00718201200326688,-0.403081989525161,-0.04351253276991536,0.01732077242480487,0.0009172801458247417,-0.013579347883211575,0.012689950660783114,0.003715600854393122,0.0017734460718772482,-0.009161045003040692,0.03239642066305756,0.06195434573127672,-0.06002871491357442,0.04227227803546982,0.04500292688461302,0.04702451269859664,0.048530984701829996,0.010751134892554774,0.45477106847247684,0.03184589332046101,-0.009651684142813928,-0.0037419132737823886,0.00112451167129153,0.0877007114435758,0.05343155255865563,0.05050606247719085,0.5939855290778184,0.030726158808251244,-0.061416107313139186,0.018182595200202344,0.007835365184408607,0.03324744726713431
Facioscapulohumeral muscular dystrophy,0.005080474113790849,-0.06413341763550413,-0.05394619118637396,-0.06686719831228845,-0.06131935172759102,0.016938835102216734,-0.017495585984956066,0.2817563914692807,0.07706733971477595,-0.0047306285931613705,0.03406472380060812,0.44010655099463075,-0.03254364939753777,-0.04634572097976652,0.3201953755763378,0.09087230088707539,0.056440598668803764,0.3581031706777532,-0.06355209846725328,-0.0579780080931526,-0.05574829848488087,0.023491857704630886,-0.049421083229685914,-0.025464176916076428,-0.003179053780107423,0.012943745626887826,-0.03544578623957172,-0.04340058616841553,-0.04961031578456856,-0.26210499559456873,0.2768533550391974,0.5805474099672309,0.5268927222336371,-0.037578343722029145,0.05071732665875477,0.06142922430637117,0.0698596343410235,-0.04611061381097907,-0.001370594186087991,-0.003495958629007503,-0.005818252972161304,0.01880024967082675,0.016622850021213165,0.014058274965453938,0.016586767056623215,0.013553280017956961,0.009816599827995591,-0.024452044779370845,0.038761308340444854,0.043836936514484434,0.047839361784000826,-0.07582032914972706,0.07400370122099549,0.3588453382639661,0.3588405264072083,0.007029375699682484,-0.010569418206799885,-0.033223640609471417,-0.052603820092491226,-0.030498570390827092,-0.00630348345177232,-0.0074289042177124245,-0.007964529145755805,0.0003641721716077837,0.011763997885742238,0.012385279856740893,0.01198834391807338,-0.6723791569466699,-0.2562263206321105,-0.058996721282093836,-0.0577338518001923,0.03872217382191262,-0.004063017813749928,0.06485850576600308,-0.009625290247696643,0.0027048076550460712,0.3937345057781028,-0.46815095294578535,0.005918832446016735,-0.004379823288403674,0.3496526088649459,0.6401008161203706,0.05912535199383659,-0.053108898430169596,-0.23415447422971744,-0.23966447900369167,0.042104091343197966,0.016986466489270165,-0.0359764578685743,0.006532080070001914,0.004314263576500776,0.0027556441537909767,-0.06409646737345646,-0.05207906261907372,-0.32626868714425145,0.012986449202336974,0.3431115446621489,-0.0444516941800222,-0.03451340645622197,-0.03141728651978463,-0.036997045669602095,-0.046421453045198374,-0.030246561589477396,0.304815800009109,0.26271949087096685,-0.012692824649202374,0.7059433790011274,0.7068925147091387,0.7047061139728451,0.31314623624573734,-0.04093205531603776,0.5233919487573747,-0.007739870622845499,0.32784278033085895,0.7079777914304191,0.08031739882568728,0.49607415524547643,0.039272927366223176,0.5585495608802652,0.5596897592177197,0.5069943189188846,-0.05439249141569146,0.010046131183028792,-0.0012822505523979425,0.000852969890036576
Focal facial dermal dysplasia,0.01813080307556154,-0.01973269229078994,-0.06496665029727122,0.0007278814380329718,-0.051188320027706076,-0.05025376190326652,0.01337425836299221,0.10401773086174404,-0.0023523170735947744,-0.05324779952239859,0.04201345542714727,0.0670817539377864,-0.04875483968898069,-0.004965340626793388,-0.007764544134951116,0.011926725825925381,0.0327649584384859,0.06569329901065778,-0.048162516185026476,0.0140868819955316,-0.015383134978323889,-0.032732091888649756,-0.32210539782643777,-0.4700513569161547,-0.4942841866395204,0.04063137922260619,0.013707504129469639,0.02530394878769981,0.0355125740120775,-0.030971373597411582,0.022825149285713827,0.001352287387722752,-0.024845795040667827,0.052556513341543536,-0.07526102230916668,-0.08347585570314592,-0.0886401274542619,0.021870769726076555,-0.33135052743138815,-0.3375924252669664,-0.32772815106996167,-0.08870108518733578,-0.09341261929707032,-0.0949976978184115,-0.09528132936294426,-0.09792037332590568,-0.09697188429380803,0.05969792347152236,-0.08021919868533622,-0.08707719452858281,-0.09251973133133837,-0.057837308775594135,0.007875332303629284,-0.004507575890615151,-0.018809173622537062,-0.013518901350054404,-0.06389321764442332,-0.05758430721050646,-0.04563680901209353,0.06932979302268596,0.3480474597559887,0.4922024945697701,0.5702418103482438,-0.09080337636506601,-0.32444466001735484,-0.4521782301025402,-0.5457478153461064,0.04025478128997718,-0.06470596197345779,-0.007344037006533317,0.04300437497163711,0.27467142637992487,0.46246404559526744,0.031134223184896604,0.09040249942472683,0.08377753468882354,0.10479957770335861,-0.08656805533998321,0.05266561354524425,0.46246404559526744,0.01548498945158758,0.048679077482317645,0.03186063414399603,-0.04526147824811307,-0.02760388427197482,-0.013192817380260227,0.006538046394940257,-0.0443942601970647,-0.050070688322965885,0.10025280631250656,0.04693661595617121,0.028477023725257167,-0.037565249757440994,0.015971270993042404,-0.03715656327533885,-0.03100382127704688,-0.014012900628126131,0.029563814822582704,-0.2562751673279586,0.04945484810016059,0.035214447128289424,0.04413434768321177,0.003284899513880006,-0.009872577568659016,0.06790155051358937,-0.03739335498876698,0.019416811254326385,0.026017236856189743,0.03315620181391727,-0.013888299188530899,-0.04757381696383636,0.07197762874987225,-0.02355141834570477,0.021236323986358246,-0.043628850308788075,-0.023342817565766994,0.01045430543395227,-0.03849365228636666,0.00047391629166957934,0.004516928695777679,0.04081108815229681,-0.06990442766745597,0.06156550213408162,0.06864727716663231,0.04991818154408248
Fraser syndrome,0.047950540817529884,0.07744761049136817,-0.002378830014602313,-0.058220451008525076,0.006275279721871646,0.06843296875103878,0.0023433374799385134,0.04164707904509372,-0.023725174430062484,-0.027786739415634656,0.00842162129094258,-0.0038460031675263654,0.004960132897849116,0.023005077102034404,0.007897345367612253,-0.019815690696079954,-0.04887304007011307,0.03084745572044353,0.027111869095748923,-0.08419007672047782,-0.025036187151691064,0.058142666765474256,-0.10609602167069555,-0.36400995199956504,-0.3596515377119742,0.08258837003333558,-0.04018888104119232,-0.015111233841621951,0.002157545480896399,0.01998008370253054,-0.0872704528382802,-0.035325882813757974,0.028503388489362024,0.04590182826410936,-0.023964199204296315,-0.01634794719245471,-0.009296357982474761,-0.04267125090938239,0.030427116539521543,0.012844093466964303,-2.146458342908941e-05,0.009602629533669136,-0.0063418260977657235,-0.02932828323510081,0.009514708932829172,-0.007453444081322676,-0.03145110947679799,0.004720782120998414,-0.006343682571948436,-0.011884603560872842,-0.018024493435022465,0.021247639365464,-0.06927192797066543,-0.02344435265032011,0.016472320647933452,-0.05566089640504889,-0.0098207241288238,-0.013333903723140575,-0.014984607236792334,-0.01559510930991054,0.03171328617997715,0.027234147919470104,0.020048840609751612,0.0016936018128734876,-0.02313968857059601,-0.019218061969771334,-0.013074371195803746,0.05439393087772577,0.05336042075579631,-0.010844186502610945,0.05457713290612765,0.05673551266260225,0.5985330623399693,-0.013779552245671222,0.08865178254947405,0.07218000880854236,0.014183375285924962,-0.009341832990265812,0.05367476087761996,0.5985330623399693,0.40953813331278827,0.0843241025531296,-0.008409896071483054,-0.01817828004220268,-0.03108142478624102,-0.01129179781613332,-0.005764611663563864,-0.05078974987782274,0.1156222606286759,0.0815910968922347,0.015058822958534092,0.017422746960508623,0.016344685914020017,-0.08152321738633073,-0.023486416624300455,0.07290433236532425,-0.006421983900692878,0.027584708467807542,0.016935035183407297,0.032779058002778465,0.026564235337514876,0.04220401542334347,0.05593861401656872,-0.06592824378736387,-0.0025841106000118303,0.06779468855225758,-0.32827478616796063,-0.09348253561986251,-0.08187568966046503,-0.08034309060076615,-0.012300804755798601,-0.003417338960823526,-0.37761673960742037,-0.02490946802695608,-0.36695077025089823,-0.0839586699579103,-0.0643529363856596,-0.3466650139955362,-0.3419030273107029,0.0537889335931767,0.04143506385190371,-0.00816641986242927,-0.012279763813116518,-0.00024349510337329564,0.009114672995030808
Frontometaphyseal dysplasia,0.02639350078383519,-0.03176673771335191,-0.42301368880288037,-0.027374340443283067,-0.06050844801402824,-0.02864967310743001,0.05446144986514103,0.48560751103670535,-0.0375383109764493,-0.03277671783872576,0.020632995669716825,0.05848577910728904,0.03864913892244798,-0.07035658501901157,-0.0049086920558854006,-0.0002587949354485751,0.004364436422858088,0.04743954728031903,-0.3786994637628382,-0.02485064904178724,-0.06903265240011842,-0.020163904582820594,-0.05602833477845323,-0.049261769446406097,-0.03769126599673533,-0.038786105514616205,-0.007582443597348798,-0.009856188146007024,-0.012040274327852298,-0.407972084476732,0.002702635050099712,0.009042792226655787,0.0102547110252328,-0.0543905314775352,-0.0013829142871930069,0.0015682135733708301,0.005336093206295039,-0.04521041599529379,-0.0029038673701858994,-0.004652182571859882,-0.00631810849086287,-0.004022454444221189,-0.002153722916364192,-0.0006720857214729082,-0.004370984614336737,-0.003172775069439961,-0.0020027694110924463,-0.023233633048373985,-0.002215334193694734,0.00036049965471856665,0.0031920765437015233,-0.35817078972292593,0.009706390433303212,0.02104795772881435,0.02378007454952645,-0.004359399265365172,-0.06451023267988178,-0.24702124011416196,-0.26558593566460365,-0.1337949358196962,0.14031537674619995,0.13441130202372215,0.11561780843001002,0.0007916613434157908,-0.06319675170105812,-0.06978236827635519,-0.07235140550917672,0.23135542913877494,-0.23559602269747382,0.2743874111612591,0.0453439157448171,-0.004419528236852463,0.08585459909530714,0.04412331483955702,0.02234459468598645,0.02904764477534511,0.08473978956911182,-0.07847160444863836,0.023665537747998608,0.08593530975602666,0.030463823606633213,0.0742944643926929,0.0254745656795374,-0.042383577017952034,-0.0426250940651647,-0.036712694087115846,-0.036737985095585374,-0.040854883107757846,-0.15660983203784148,0.15520977250189144,0.022697857181849516,0.00949463384129041,-0.33775186760604,-0.004534966055042849,-0.01125254952212867,0.00020292879061714785,-0.0017433675961705769,0.011855710965189916,-0.23858780474009197,0.022334368493920963,0.014917097949302637,0.03948994181009377,-0.007428879308763123,-0.04130702123630693,0.3989676879414759,-0.03152786848376222,-0.00476070327938674,-0.003874459704221197,-0.0029669068352250537,-0.02396688386888346,-0.0285756290037583,0.04829502125919679,-0.013298223506675776,0.0068017305271435395,-0.010348016416826018,-0.0311498481164383,0.00046910861101261245,-0.03918405301635886,-0.05278398881609315,0.03897812602050964,0.019263481726996334,-0.04469026937183911,0.01967667437558461,0.030635942298981037,0.018661429051397112
GAND SYNDROME; GAND,-0.015267983676390677,0.021579398277069995,-0.024356981425590146,-0.036898317527192755,-0.19205255773999205,-0.014524463835858037,-0.0043012455053458645,0.3883376950441334,-0.049800742043371066,-0.011257057884816181,0.005019314215354107,-0.029361795672831887,-0.006175478529863739,-0.05055913603441392,-0.3111252814998775,-0.3454382281518042,-0.23200478636051153,-0.0211219695931589,-0.05482547140734747,-0.023411897697759743,-0.03270381555018842,0.0011974701855908413,0.032126466040663666,0.03165351749066536,0.028016612259169255,-0.0035894883182875583,-0.2974597119791207,-0.2916343252697501,-0.22367108484691026,-0.04263229401737741,-0.006798745051366765,-0.0021525665172111305,0.0031951108884747856,-0.03405299005403566,0.02859251252914335,0.0274474837578792,0.025740755787268935,-0.021676013742007706,0.04099117289270298,0.04106768909306584,0.03761714766782051,0.029143308574444325,0.026364259337714944,0.022980586600447953,0.02932433831859091,0.026888315228860055,0.023821807892690894,-0.02570602782874815,0.029935487819899003,0.02795452537469742,0.02540386480041291,-0.04173240766677419,0.010334204069076983,0.016350785009671468,0.01466055292294913,-0.03611562467936609,-0.014020345278956809,-0.02184828704418194,-0.027752886951838814,-0.03151228744575706,-0.0019424645702541502,-0.002757214843914283,-0.003305868012110126,0.0011901291117437068,0.003954087728657419,0.004486871195495804,0.004932408703718028,0.008925697972390642,-0.19187756169510214,0.039682349278308174,0.2060227340338109,0.030140929845073706,0.5162345985703107,-0.004098384802012125,0.2931875292264338,0.19384101354766653,0.05208602545388535,-0.006679869352523622,0.004272062648072191,0.5162345985703107,0.23093289242837844,0.06134031896415018,0.019492255723053402,0.010329500502273787,-0.05262999713913491,-0.05382728882695567,-0.026590475150723086,-0.16561476354984292,-0.015178885330103125,-0.010873181115622448,-0.026692774837519705,-0.032754215899677946,-0.053759491569042785,-0.016639205280897525,-0.03103157353906171,0.0047642358873003325,0.03149993591849556,-0.0006831025532203596,-0.009599996218420757,0.0007765787435031694,-0.001755757679640231,0.010816046861523567,-0.027322395089368633,0.0026659537957985885,0.05535471717111513,-0.030111629151925712,-0.01602421310512319,-0.01272494650704142,-0.009170218111784194,-0.013855360484176942,-0.009333101975763022,0.02747959396629528,-0.02849134999116432,-0.002282684005167842,0.007327234768361631,-0.031024540030596053,-0.005946839402620955,-0.02693864886115074,-0.0012948754280626283,0.05539025896237289,0.010458255805909988,-0.04381783113935064,-0.04855016396571973,-0.032637585284160595,-0.03459918099647432
GAPO SYNDROME; GAPOS,0.06920933641211763,0.07162523121532535,-0.2572988624581605,-0.051160172662342594,-0.21170206304102,-0.007879971170829793,-0.03910722390763704,0.41061521280989016,-0.022052809390555563,-0.540250188667112,0.5535846396614471,0.32885608530207866,0.0012914574592738717,-0.04492776987350479,0.0707971319923717,0.05219624271610147,0.01788703558845806,0.5568415108131691,-0.20584216330098248,-0.04964167014731745,-0.03000642553838027,0.02163547057138826,-0.0363853508497526,-0.014701891710968376,0.0020010623574215408,-0.018852577222724785,0.47171530120031935,0.46223104997973796,0.4442470418814478,-0.21211779200451286,0.04147336645227029,0.32902459222708713,0.3256856788523961,-0.0030749763135503737,-0.005251410783105428,0.00028092209689476984,0.006399971048788149,-0.01947479236212379,0.016359858285481498,0.01552995538608207,0.014349649871196876,-0.01904336581456657,-0.023598033855049844,-0.027428849549211123,-0.014843037738196303,-0.019416800445522058,-0.024178039027213365,0.00781565104747994,-0.012690049553121804,-0.009975291062639452,-0.0068350927737671745,-0.05310495298709307,0.033973174399725074,0.06570371161899397,0.07126521151185777,0.0038414986008281026,-0.33238442709257854,-0.3589170162007356,-0.4475441933363526,0.004301396955230984,0.02244097343972093,0.01602277651987801,0.0076630953757757594,0.01112667318092493,-0.006280167604005496,-0.0027453527010746774,0.0011074088249274775,0.021500717788863224,-0.21677992875857788,0.040984810078153966,0.07537200642156365,0.3292920051097504,0.0486259853291816,0.04873323458558667,0.49907051641596234,0.37693274363370116,0.09938856420595261,0.009982074211039567,0.01961928683690325,0.04900560407395063,0.632038414609366,0.44057779648040685,0.00037097041846693627,0.010112972744138967,0.04732524286589636,0.058983678438915194,-0.010127263555875668,-0.26719373490491155,-0.1764980496868063,0.013410216398818233,0.2791352721769447,0.265900083154595,-0.021713784859050678,-0.057945275233391366,-0.39369910237826555,0.005642923347134527,0.07453176386799461,0.011709782249478374,-0.05157989345455023,0.02831541429133733,0.01831416451860727,0.04441419764963053,0.002341760403948128,-0.024730213453537663,0.236473836155087,0.003052326237832991,0.07123187301363844,0.07474994193476131,0.07684785722387354,0.01149021870397621,-0.5753638544814966,0.5520500773260659,-0.49328964320425456,0.4576120656302968,-0.33121409979247834,0.002710851419270694,0.08618905815025421,-0.31056363890099725,0.059193947211785565,0.5598984365970648,0.72381892522516,-0.05273613695754018,0.06358535539434573,0.06319140288876918,0.2495776732860736
GENITOPATELLAR SYNDROME; GTPTS,0.03794513621828753,-0.03183881912487856,-0.021131782703773996,0.018641575653120315,-0.03704386626290774,-0.05743494610435929,0.031903728255626276,0.49877003709504303,-0.007409998713542409,-0.2674326929402082,0.4038737680927241,-0.0013110720573076158,0.0028207337736912245,-0.014581266874840147,-0.000568716873102697,0.017818274632143766,0.033179830312678175,0.005708637613261717,-0.03246133621577613,0.011732996915544348,-0.06167858653803291,-0.05444833753384554,-0.013118898479921223,-0.012540968462869525,-0.01019088579721995,-0.014330324486265417,0.3929009933392596,0.31329790155827036,0.30499159075233173,-0.03349704330297792,0.04504321459813813,0.016753664160506186,-0.01718099386404523,-0.008685429792948335,-0.02824944575751313,-0.03951434313818378,-0.04785896933728335,0.0072239730495665365,-0.05232311542795863,-0.05491796117689784,-0.05418994140906338,-0.06860078763775093,-0.06762327369989295,-0.06489637530137947,-0.059798279915005755,-0.05866547482020626,-0.05502015902481257,0.018141071381539583,-0.05380972905472568,-0.058345160882993255,-0.06196489523437067,-0.03870267863095457,0.053823600811739265,0.036518409993084665,0.004507754258431728,-0.0008766258092417095,-0.4417260767224271,-0.4414532466870403,-0.4077964987680238,0.13622863260753595,0.02078678685652499,0.06884912212311371,0.3656729746372536,-0.10089044693518798,-0.2606977121177491,-0.31212973853944825,-0.10343838768524104,0.06478973849612722,-0.03379509324170997,0.35001774897602117,-0.003772622404070909,0.007525415280457688,0.03679748699050346,-0.0198353531982414,-0.021082603550330325,-0.02235016555536023,0.27174459776555104,-0.04602929837541934,0.022894599742492562,0.03646377677092377,0.014810883309834157,0.05472281893314019,0.01205142175607102,-0.025826452653219877,0.0646237831725405,0.07667180335358331,0.03721439623994063,0.03671705905069428,-0.026302368739740276,-0.03564234636190778,0.003861002356971866,-0.005231728293965971,-0.028234622869904066,0.03193070280238888,-0.0091048395866772,-0.03648242192990225,-0.00117387319914091,0.04681568640486877,-0.007011107529717722,0.05251684075208123,0.04692759497862271,0.06851165797908011,0.03426417038897349,-0.04589672200187652,0.059738382893007806,-0.017566130927265,0.012310938863516724,0.0113060831348833,0.0103454414968381,-0.03562401165635902,-0.4169058847180253,-0.01791694256296869,-0.38404123779950633,0.23161189486664938,-0.2477434094421399,-0.0018670432269190162,-0.009218867826649452,-0.3782958814715346,-0.010513464985779783,0.04394077548819104,0.472599610309321,-0.012954218878122717,-0.006058389213818698,0.005054991861469427,-0.0005069912134414481
GERODERMA OSTEODYSPLASTICUM; GO,-0.03395943182149424,-0.05874309102206009,-0.06198296292704633,-0.027502667230081542,-0.05431896060571438,-0.018419617087441657,-0.012331557225869405,0.37504472796234906,-0.2720836163499817,0.025858914073596098,-0.038264760024498044,0.054234506060397036,-0.004662468906753605,-0.04346027632371482,0.031152942054096844,0.038924559081229604,0.03483157210209469,0.2839067215247692,-0.23202803911169756,0.02558175796657638,0.3571066613956512,0.051366805939838736,0.009219712904856306,0.02160841352730859,0.03139269695062284,-0.004058897661841608,0.0021873656812116853,0.0035028484605681832,0.0045415001179112385,-0.22884661069862472,0.26069562759807136,0.5026407823381286,0.40909407794296804,-0.04688721800075586,0.4465364448483554,0.4414534886024927,0.4271257184121503,-0.16809877119836333,0.25152918942237457,0.23964863956827218,0.06747119113846302,0.36409330982007504,0.35794729338537623,0.3413871991603298,0.36171385867616396,0.35356443750483446,0.33220831027881564,-0.031724966398972355,0.4199729777864319,0.41245944427032366,0.4009124343896473,-0.06529076037441324,0.25720118347989007,0.30865132702409503,0.25501868250400866,-0.004653249143403034,0.012961131925129574,0.005160618655074864,-0.00101636459983007,-0.03586426787721768,-0.017106249589526074,-0.02185256142103045,-0.024125029030186353,0.0001220752525114622,0.01998017824273068,0.023746526849601306,0.026326707855963374,-0.02996697992186029,-0.23295724199574705,-0.015179280082397892,0.43947155880359273,0.06057544411404695,0.03625901795748006,0.052193568232877845,0.4400128952606177,0.41739206249915073,0.02719362209317171,-0.038997298160603676,0.0029818899484557434,0.03646455029736125,0.019562141098803713,0.28559533629600076,-0.0015403728281516709,-0.03664561831610009,-0.023151526748254332,-0.022491691746342416,-0.04784703838044675,-0.29299877848582495,-0.1711829108623379,0.00019582136400074553,-0.049133803091982384,-0.05752686520295709,-0.21754813792322705,-0.013272556869616906,-0.03841998520501463,0.000572251362025575,0.019454754690242992,-0.05381984229810117,-0.14901471849386416,-0.054184331135795336,-0.051120082251895155,-0.03910125265458273,-0.03276691526319859,-0.011220649989127458,0.222347255793514,-0.0341766882250521,0.026989707344590393,0.026725603592829283,0.026466026200206046,-0.005115493288692702,0.03422683307962535,0.03773898666610633,0.4267352533174174,-0.011940491115809979,0.3873677428298994,-0.03376599822251433,-0.003884936662030499,0.043648677332846275,0.03204583651746182,0.37755011073650585,-0.003260783892291151,-0.12981828055872033,-0.0666447046681703,-0.06332197461715416,-0.06443068062568126
GLASS SYNDROME; GLASS,-0.3549835869115151,0.004758020430834422,-0.025477073301137222,-0.01953895831879811,-0.14486519368476225,-0.01871536072579017,-0.17248034295259665,-0.004988850578734702,-0.23303003243164605,0.2920193323504959,-0.03907797668704264,0.008974433823015666,0.0011193919856959022,-0.04420244208948951,-0.042099667452641265,-0.03620305037384645,-0.019595633866826716,0.0035096702937580035,-0.03341501206308583,0.008102128245968801,0.017445580013062616,0.001378612224291507,0.0065553812759588945,0.007593359199141181,0.008157213884064233,0.0009164662441892231,-0.04715202238836056,-0.15756473362559664,-0.16047531450885333,-0.0056815322029251675,0.031801582236021315,0.048619009464757765,0.032838675685584406,-0.004205882277721796,-0.02591329212517449,-0.028018184068421943,-0.029649158393015015,-0.011286875010881076,-0.12270806956575105,-0.12244968088174416,-0.03593550983744042,-0.09588466906265594,-0.09362853668640167,-0.08878764454701257,-0.1127244582945729,-0.11172161441363115,-0.10556672339054551,-0.013125118490518688,-0.025375031225906442,-0.02599230808885459,-0.026567760503291377,-0.022626767459416608,0.009906079423153394,0.004092046631695066,-0.0018813254106911789,-0.00454696177890434,0.004831228695152669,0.003058437372309421,0.0014397831807758488,-0.0930934969196838,-0.00040262846567816116,-0.002899182806909948,-0.005874037091368891,0.002920302227853789,-0.004253462989715598,-0.0016866533128070764,0.0006909272098547418,-0.3649950753930838,-0.03650038856047741,-0.027728946786099447,0.2802200135112725,-0.00012734176408886366,0.34065058748031796,0.035835553933696696,0.23277074292493216,0.22751290749627615,0.03372426354560882,-0.05132154724644032,0.022670114890013044,0.34065058748031796,0.21583626514410548,0.2868207193922856,0.016215544030134033,-0.026426652455628894,-0.3783822034549015,-0.3722419868187027,-0.2417267350542009,-0.27249985093795126,-0.0009288610513431819,-0.21148848131699827,-0.3031902294273231,-0.2783782452626219,-0.025477240904501663,-0.006281271737326276,-0.3205827929794683,-0.02038595172134431,0.37237875528401765,-0.34178434038964967,0.020070076280246093,-0.35015037555481243,-0.3434842358504238,-0.3364268424152755,-0.27361284640700706,0.3341760380101472,0.040045258018669004,-0.016100571781503013,0.014299453977311348,0.015559456583200954,0.01694111293666795,0.2775341034135949,0.038276096782238804,0.15865973853142654,0.02403344073280603,-0.02230481612838952,0.5116150935632843,0.04732205019054273,0.18813720385136246,0.29613550854465504,0.3872551440145088,0.04110413950476237,0.0018465102166497214,-0.26269239334649236,-0.3133818198658314,-0.326132402121499,-0.31379784832544244
GNAI1,-0.02846280855585967,-0.04597622696289572,-0.05561048673958491,-0.025828484076857762,-0.05557286413266401,-0.022491703010302927,-0.07261525610131678,0.023969128515756027,-0.06142445070178362,-0.00793385706432285,0.0018084638868943886,0.03523683987917601,-0.005012796400995758,-0.0632109191076263,-0.04095135606918974,-0.04371587054623284,-0.03374345264659418,-0.048193918938110036,-0.06422031932837272,-0.007860870612741572,-0.0005176010955752072,0.00634083534033801,-0.00635307186028735,-0.007190421153516914,-0.007284057022960957,-0.014747993345898302,-0.05467046297915933,-0.05152178248452556,-0.0477694003153902,-0.05619663926575191,-0.005457250973706872,-0.007681430253563401,-0.0051265079897615294,-0.04041408779994278,0.005982348030632714,0.004212600193384335,0.0021478907221753373,-0.023656567375727536,0.006128672703260985,0.0034825246937438305,0.0010022300261930126,0.0046575609923832995,0.0030410264914129456,0.0014682407776505598,0.0040271767413384545,0.0017556225167353464,9.327735232956229e-05,-0.03351677023659964,0.006311470842067941,0.004536647870074753,0.0027402580243516645,-0.05640021918448565,0.0071508316007373035,0.007741965814091028,0.005795249576403719,-0.043837970145032795,-0.007509036788827298,-0.0065839083908572574,-0.004708761925875151,-0.02705344053836374,0.02763515450892032,0.02457856600043242,0.018778023545582785,0.0014319230449406873,-0.016001989012502146,-0.015087079300588958,-0.012402206137242952,-0.008664154350300513,-0.24504739302256862,0.00665018047698392,0.06133638628159936,-0.04627662723159777,0.3207818448334394,-0.011983738122449098,0.036343081151598955,0.02504787100273497,-0.0351039874579905,-0.025896140306881754,0.021178184232231726,0.3207818448334394,-0.044356913748538625,-0.009449246028182808,0.0006495033518490606,-0.015743324035617755,-0.06595857978748886,-0.06298804440227704,-0.27833866067978275,-0.067561886061661,-0.04245539894810112,0.0009483999771232443,0.01843063438901771,0.02733670824548455,-0.0580698159106418,-0.007212928009726035,-0.018894904656965254,0.0004833312559197612,-0.025594581287362916,0.004472626995316758,0.021691861064150247,0.00816990870383926,0.0061815111768665125,0.015908810405371492,-0.004473052670511274,-0.011509212236037358,0.07149042297843936,-0.016519053706307886,0.004950661869859204,0.007937250231433332,0.011480270575662548,-0.05576010079992123,-0.0056588883174445515,-0.01684973516307554,-0.0014711860784316728,-0.0010493263977434113,0.008130701703980336,-0.0591953906831123,-0.048803125027860786,-0.030510606189926882,0.004507958144893461,-0.01007286540512355,0.02197153943477576,-0.04061774527212133,-0.003375313720083126,-0.0008714779497133104,0.01317639606569596
Galloway-Mowat syndrome,0.24932549059056175,0.5156608960055851,-0.017816847260849707,0.00011120263327663058,-0.3675943942335816,-0.3541494461662793,-0.08259073063082452,0.025049072459153127,-0.02397075310377746,-0.2821160674190661,0.06611653928116325,0.040255539970361603,-0.024248351953523112,-0.0277038798074123,0.011405390214489558,0.033303059339141156,0.04379763714820066,0.06724723924586497,-0.025936388238343336,0.046985841729786246,0.004489857581159201,-0.04209351061564008,0.0014456844274798643,0.01517495004505465,0.031307185941015794,0.030597725879984498,0.08621883523349427,0.07880679472632805,0.06992808831911558,-0.010144658198394196,0.2333810418869527,0.048458400598353324,-0.0034009846488098476,0.015278320820222051,-0.07144822174048221,-0.07896274342261043,-0.08496914908968077,0.005551743024983024,-0.07083930845349805,-0.06439805405208224,-0.05433472534716788,-0.0940957231196175,-0.08907958754131291,-0.08036777684852699,-0.0902102927691933,-0.08414692311957354,-0.07390126130902089,0.01960127646347565,-0.0857551417674453,-0.08671761745081161,-0.08835286705834038,-0.017673368279056037,0.0001483673359357093,-0.0345016193652392,-0.06315632558116288,-0.030989272963587042,-0.046413792948734746,-0.04622044198697519,-0.04227029468937844,0.06791480583852906,0.06538876978359381,0.07615773011608408,0.07869489926965016,0.18409689383514452,-0.04510900605433839,-0.05795477964000612,-0.06824412925200277,0.0182968175843205,-0.029223570258721358,0.017393546284140197,0.023533653867529696,-0.015362720807954793,0.016547180273001713,0.06429455161661271,0.01848072751986528,0.03006705190461314,0.015748069083462365,0.31868336560580546,-0.002906624174661993,0.0171618820350252,0.5143267244480486,0.01699982713307423,-0.04055766302459996,0.05091785236339602,0.001753833237408394,0.000771002715649565,-0.05367592381514764,-0.036825090302455996,0.022538478763609,0.006323532892613306,0.026430201177359912,0.026434836836987455,-0.018147560356552093,0.015237277408856859,-0.3912040756944339,-0.21406710435988924,0.0055674613971189646,0.04770426288646677,-0.0003230974822034681,0.05491776634547461,0.050906696360358585,0.05758754084910321,0.037550886736888875,-0.03327648361409575,0.06398278526440589,-0.0025242867563729362,0.06664722366309979,0.06261491160280624,0.057855515666701295,-0.006172491334724432,-0.06953626232568486,0.09422130138969295,0.0024563209113188404,0.06514521230232415,-0.018631179008961288,-0.031603357860579474,0.024079061050070533,-0.015051054383223537,-0.0008290074909088298,0.03445044352537387,0.3187433379060518,0.003803413612196766,0.04896133675965192,0.061607442511611175,0.046279893552460184
H3-3A,0.05486732639380867,0.008698046104738833,0.0024098498017453137,-0.021579635100848663,-0.05928100073537749,-0.02638487186185613,-0.053035961764071174,0.07406904626729872,-0.012801168714604684,-0.05600413058133874,0.050591457107389645,-0.004012089065748951,-0.003458205568205688,-0.013350900102588673,-0.004123603271534627,0.00852394090706937,0.02254615258614042,0.02256248899456463,-0.01948508222604796,-0.010926833560106061,-0.021196474810540843,-0.00042224137534229784,0.007946040076515183,0.010812203023341922,0.012571784086941344,-0.02203286106091612,-0.019934776673563782,-0.011509403088844067,-0.004205901581877219,-0.017002233787271524,0.013657727380723834,0.04660869725062714,0.04722656355408793,-0.19923915560345873,0.01408189496217302,0.015204361397824407,0.014960046643303299,-0.02733102707791967,0.023682480359759086,0.017117859251305614,0.010366147354240893,0.011912467232397656,0.010794821361219419,0.009018947932053972,0.013053120488961447,0.011164225004425798,0.008602512680593243,-0.03224276948355469,0.014276996323383329,0.013694878273116199,0.013037588631934138,-0.04075005912771966,0.01453426415650749,0.023663553633531675,0.022670995284240433,-0.005122694158759103,-0.0030640245322242207,-0.01694547301962366,-0.032311468186152846,-0.0315014638273541,0.0023758126810804713,0.0004954140381781355,-0.0011634322292632606,0.00035970730042454344,0.004191422795433535,0.00605391112437215,0.008045482910920543,-0.005722307398323616,-0.03034252836641836,0.045692677754695925,0.03527099947234162,0.012088805481298684,0.0547149940588337,0.020740111601821126,0.0508712028046824,0.047413625510068634,0.35672428606605244,-0.04868484245641691,0.02853868922562165,0.05488168388249477,0.0995328923394532,0.10335609010248152,0.00201173879536927,-0.0432670600510289,-0.07564214259796224,-0.07081594299292253,-0.035502597714888603,-0.04821998695337218,0.0018769493368797205,0.022035585342641682,-0.008793727525865934,-0.010348968150704886,0.012979751453319855,-0.013777402474041096,-0.07775693551377759,-0.009877786186839672,0.04367699711117361,0.03382149034460913,0.024676260611333475,0.04022983350058576,0.03395159573792117,0.03480518840735202,0.0010237665359311132,0.026589022332384703,0.05530546850988802,-0.042959272742587686,0.03540854158746832,0.0351910430773691,0.03497459508334899,0.015168476439379611,-0.05691372114963535,0.058197496649220574,-0.05223275091012936,0.046202050243088794,0.003347885669911212,0.008926723556919527,0.03806913187869559,-0.02338184812767408,0.012091955697677539,0.07656355135118587,0.047331977294415246,-0.02509287605206616,-0.017433462490209065,-0.00531537785780437,-0.008661348663312909
H3-3B,0.05368599002763631,0.003229230063910299,-0.05396542690435142,-0.024200798319848192,-0.0002815309707312933,0.022578040950152888,0.042804851320721586,0.45804749556468893,0.05478219268770298,-0.2860480787796723,0.4020552519987193,-0.011102249830710332,-0.01319802845661284,-0.04757920335213371,-0.007574607936141028,-0.016316412431745055,-0.019154620049962417,-0.05009070034872167,-0.01172632076144993,-0.05674978994640924,-0.06651335690917737,0.011317321948660695,0.05436660304821458,0.06606542009031538,0.07056112090753194,0.006046344368934283,-0.0002596402356980076,-0.0015719714797400913,-0.0030647739682237436,0.0034302233055635003,-0.036916824778406444,-0.010574235625477229,0.017795724456695312,-0.03974800881774665,-0.04424492317069864,-0.04006369308969086,-0.03530306043878206,-0.009438243309025863,-3.515480331907608e-05,-0.009073707551261993,-0.018872332118095702,-0.020718515807012103,-0.027931390249910943,-0.0344414606808944,-0.01600425529709728,-0.025211527617460722,-0.033536139682122,-0.03508830638027354,-0.03739776455558985,-0.036820898252298284,-0.035456770286237865,-0.006034665036439547,-0.04696209626983205,-0.02699095446764916,-0.0002823080106579665,0.0007961030660894616,-0.07945530615914838,-0.28339433539362624,-0.28889142172085813,-0.018619065580491433,0.008361230320408782,0.00655519857851398,0.0039361659101572735,0.0058711597691199794,-0.0031635389441142282,-0.00159883117132378,9.030754491899684e-05,0.036404043239798824,-0.0247054042398226,0.06698914634265504,-0.07220376972213398,0.00027809905135013906,-0.001931673597815044,-0.07248703579972644,-0.045613074361555574,-0.05310709944324457,0.03092604616230448,-0.012004288376597401,0.043812196955107505,-0.001913163371688947,0.0008678192569164684,-0.0024484160476134858,-0.022587740742893186,-0.03652954038478953,-0.02968596389267671,-0.014930951811720092,0.05948660743993309,0.07060302895876679,-0.021896295623222328,0.02627497687343053,0.0007334818108607131,-0.005273777535562674,-0.018655937590802994,-0.028826579925160564,0.006225137244233952,0.03193918571314113,0.0066229080855323905,0.02829716262444879,-0.013174648461825466,0.036927581638563564,0.027226531107741928,0.029424438363255465,-0.00935090704126088,0.01589811476609073,0.04374676145748696,-0.03700506558954144,0.032298708193254415,0.03313191931262633,0.03473670541486241,-0.02368593260189447,-0.4057427255075214,-0.0036345481698517364,-0.2819655386144967,0.26233253441327875,-0.05463797738087689,-0.001123967391363133,-0.003650831109838001,-0.27563838125277146,-0.0050475836430033325,-0.016943797053870186,0.2846180141607802,-0.06152072891396911,0.009948699476575515,0.01661269608091201,0.0029455086225896273
H4C5,-0.026457980587514196,0.01000604769682246,-0.0027858221577491465,-0.013736827174068728,-0.04868488990694718,-0.02557603774895949,-0.01475501156253038,0.013158895012808399,-0.006385770858462964,0.03840339601048406,-0.026739041909722306,0.016252646110230133,0.013750792659451158,-0.03937296515464833,-0.05771045765556251,-0.04774613478030764,-0.023458873000420325,0.028248424338946296,-0.04353043858806395,-0.011163138833932764,-0.04574643343634095,-0.01308933029143093,0.008900450621098024,-0.0019174872789550796,-0.012803894826184107,-0.023488030319778995,-0.03455955712160637,-0.028815357229867875,-0.022476989017170892,-0.05802333062694704,0.0010300135531892188,0.006195065440525007,0.008197352292109607,-0.045149949473044564,-0.030811770779844518,-0.027160978165679993,-0.021792645962146397,-0.03857785320277347,-0.035183270396305526,-0.04353824358193489,-0.04771408403400524,-0.024970156469126037,-0.026246232708580283,-0.02616931391035275,-0.028705418027761206,-0.031698170887336924,-0.03300110652278808,-0.030359999614718088,-0.026829709123499013,-0.0238477634229617,-0.02051904262773948,-0.05350397674041634,-0.009833932336674176,-0.004709924995445833,0.0010248912296448598,-0.0418343229962941,0.005483844032526999,0.009893750644045273,0.013117444306991327,-0.025435451131553776,0.005984060900466715,0.005754058131705449,0.004370162065172613,0.0013856296697289724,-0.003692698797703489,-0.005018096407800462,-0.0063148262286431426,-0.05050934203521849,-0.05136896271662286,-0.0016408850964463588,0.012608875627705105,0.008320706992772625,0.057812466582930634,0.016886022986932907,0.013566779657416454,0.014688124352111493,0.012317463136100092,-0.047430419093532114,0.01723566262087025,0.0579201105125272,0.05819884046829704,0.05432750172149031,-0.002203948101858411,-0.04489239133195004,-0.22288435065307716,-0.06750801289750573,-0.005188416865207856,-0.0122198468619151,-0.038723081369756704,-0.034944926891294005,0.0014143865685967774,0.0016706516987503239,-0.02626037042089653,-0.003907101012586453,-0.036890620757327755,-0.006511520267691155,0.060371241543772394,-0.03873574007705773,-0.005373852817974862,-0.03476350453570351,-0.037624216004671855,-0.033748460800319985,-0.04773303796361134,0.0650574688537657,0.0329132663680487,-0.04322325415896046,0.00424677155101386,0.006006252257310386,0.008254446072030143,0.05539918245143833,0.022568196259312785,0.03534405388762832,-0.008416175800630315,-0.022395936212104117,0.0674321266815866,0.04578090024462388,0.053402595093253395,0.03773247403436109,0.05312801768862289,0.018633422886440806,-0.029238122029490086,-0.04173483365231916,-0.016911089958331214,-0.0197292790160683,-0.006072777987699825
HAJDU-CHENEY SYNDROME; HJCYS,-0.0008359961758920397,0.02820148529881918,-0.06569685420826021,0.0043818317240006755,-0.00781334283561002,-0.013303909116664799,0.08178714552556363,0.4080899078386893,-0.08079671007841126,-0.002759286925430965,0.02904221936018349,0.07533465248785395,0.006448782156144524,-0.07168539276361935,0.07051159813199537,0.08319131379976864,0.07423873014420379,-0.0288486133276961,-0.0683213874779755,0.03278670343829513,0.06878436041061317,0.008873701987791449,-0.053605607101518606,-0.04929605486604075,-0.04177620764607948,0.0015236201667287743,0.04382701959032739,0.04155014206902175,0.035908543808157486,-0.06413694398906851,0.042890789633792524,0.04561934856351825,0.015023157613786123,-0.028425461276745632,-0.047689901520503515,-0.04850138344415834,-0.048126105224256345,-0.0385680294721901,-0.009526382069476388,-0.007802766516087864,-0.005531019078903741,-0.01912683005499312,-0.014003836283562707,-0.008335012474779328,-0.01950371123633861,-0.015369367565697676,-0.01045204760582296,-0.002375769332208629,-0.03668586588980725,-0.03445641209381678,-0.03184964748878899,-0.06423838435484841,-0.06589875419687079,-0.09043759509150415,-0.08309209175802242,-0.0021508338127649864,-0.00570155467468215,-0.012994953858011546,-0.02012065476650471,-0.02453193418950725,0.003825157783366104,0.0026039638283921755,0.0012129367096306847,0.001839365331008661,0.0022050322767700054,0.002360379790010907,0.0026518191817061936,0.013695261320806548,-0.07334570281136059,0.08622139851606501,0.024755835558575964,-0.08392499276199974,0.04465753092441176,-0.061951992901223274,-0.06501077786717127,-0.06726546498071932,-0.03345397189241513,0.0012377250827832363,0.004777644000078811,0.04501108683555337,-0.03676579783783071,-0.07481394607623985,0.0022577845908230837,0.0038172278517030847,-0.02930562479298472,-0.03239858568256889,-0.019166707512208347,0.02484360662099834,-0.05613153993380757,-0.03486414288390819,-0.3297802820697796,-0.36840815003642124,-0.06692163433531081,0.014486444333372601,0.04717495179582821,0.0003663745129002512,0.012603898982118044,-0.34205549426843296,-0.2912554519612391,-0.33469091896040176,-0.3353796883899438,-0.09300178370994966,-0.08019247858919062,0.009962171991815637,0.08230696578704289,-0.04972726232571513,0.03420264073363126,0.03414079309429581,0.03324105710068923,-0.006794287951356846,-0.036490228488963834,-0.055247972107141545,0.007453190594605747,0.033260028381739803,0.027322799945251247,0.019438544827939587,-0.008390866346962702,-0.01415353669738747,0.010152262961565881,-0.09471508215515799,0.13253241840269647,-0.4905788255552544,-0.09389077512146629,-0.3059082441126663,-0.35593258956291796
HAO-FOUNTAIN SYNDROME; HAFOUS,-0.3033299601497907,-0.008166836944826575,-0.01496253765175069,-0.014325224906767632,-0.03227028469987016,-0.01084731422708106,-0.014411822609998563,0.2029044835827196,-0.3855110622962291,0.29811388309277886,-0.1546001454091147,0.00686416546427098,0.008072552975642822,-0.03547634310481092,-0.02191262620277701,-0.017798458646328015,-0.007978242627389782,-0.273896109041161,-0.03405394201805756,0.006850906697715343,0.03568040218475365,0.012785074138955087,-0.20434509800490386,-0.21038588130746386,-0.19708596302378498,0.002977479793863212,-0.23065828217997397,-0.17484349094004367,-0.16114060190866916,-0.021415088477744596,-0.0005364938777128442,0.0025049843568440942,0.004232797978054029,-0.017331167179440596,0.0016214668364426268,0.0014438167198003052,0.0012311444844740128,-0.03204524951140896,0.011210437725530764,0.011043019788914888,0.010192554767548987,0.01646405814293344,0.015665906797948513,0.014145633171535383,0.01087648646591824,0.010155259270514331,0.009398404106120061,-0.01855445144725682,0.00994312103184964,0.00953999720495736,0.008813136699638686,-0.027013182414312782,-0.01209538648859582,-0.014287076582583803,-0.009884109154492383,0.005909594865786119,0.030487608792298098,0.027007632924724148,0.021225640097094323,-0.10517960445066943,-0.0006135563312776211,-0.003700224459102311,-0.006820458869750877,0.001985173389577323,0.0024569960527776012,0.005542593481356488,0.008699951279390295,0.012082979052156632,-0.029632406764609463,0.024544691353624463,0.36487705677607785,0.021344013339356746,0.5641176990202426,-0.01152606878132138,0.15526232516258334,0.03744770329321036,0.04164351277767251,-0.01975113912146016,0.0322770820243188,0.5641176990202426,-0.013755828619979737,-0.005847633570000899,0.01586163827672026,-0.0014136497108455492,-0.26781014496450734,-0.24079964483003682,-0.010522257229068686,-0.028690728243577986,-0.01758393641242483,-0.018772862142135676,-0.1573691167117713,-0.1571939060243091,-0.029727530854884946,-0.00480984159727752,-0.024861483219590395,-0.00201223235520988,0.291467449982767,-0.3428920442570672,-0.02628299479416981,-0.34478026648541277,-0.34484430808028627,-0.28670936854985135,-0.32963335959104684,0.26675497636545525,0.015967072223440196,-0.012108491349849522,-0.3336769438466659,-0.32905644186583655,-0.3202295964640712,0.02689475610443947,0.15372234931444023,-0.03283626211253495,0.0010480762732335395,-0.24542589910487297,0.04593709716089782,0.03625635432175207,0.005685780418092591,0.026620319084445038,0.025930789260343506,-0.021545076092546817,-0.13388710065897266,-0.3631377961720845,-0.3108497206137455,-0.3083509712584577,-0.25855295268382855
HARTSFIELD SYNDROME; HRTFDS,-0.06213685323043235,0.0005532308967218345,-0.05519044578394313,-0.0414857183668071,-0.008731660546869724,0.030420644161188035,0.00489422478860639,0.07310150014835604,-0.08254106735860252,0.05580634144708902,-0.05018510705933178,-0.0037383199981434628,-0.029028010071217032,-0.00436831898454245,0.06384086940140217,0.06127139110539439,0.040611994067804975,0.0010127151338568164,-0.04026414791970804,-0.00406547984024289,0.4921302353813708,0.09111448159602267,-0.054401891224294764,-0.06087165845147581,-0.05976120514068915,-0.02823078639777251,0.010985312467815946,0.01911810587122624,0.028470968240522736,-0.03893601818663648,0.02239045514816684,0.09470261581691426,0.33120331181601115,-0.02346421770608821,0.015730300641577905,0.024748943091808834,0.03207966221416003,-0.04622842131166312,0.04965369146066574,0.04186820225544002,0.03397427769942788,0.04088692122999235,0.0370526787594099,0.03302116056042233,0.04218992875765376,0.036411757487357546,0.030339849089164237,-0.011036725688790066,0.025918750381949806,0.03106628661151913,0.03486203005030904,-0.04135238927531247,-0.03152617884773598,-0.007882913855468259,0.012874868898556033,-0.029117136027070372,-0.0041774750362072776,-0.001629628954490011,0.0005930414771575635,-0.013022493755090363,0.00044070354441628384,-0.0030506756177772583,-0.007680901932506201,0.003990267575632848,0.0020731151621578786,0.004815743764348474,0.008276522530562705,0.008522375978771684,-0.05677240493376486,0.0025583000349582363,0.0844007748578838,0.0060280006846796606,0.06671550334355264,-0.014529649539376653,0.057273884120467584,0.04238569325738616,0.06995004864183918,0.036517806151468823,0.0293776916415543,0.0667815246770458,-0.05997107990985529,-0.06862735431723631,-0.014603191542268667,0.015178317794115883,-0.049698932418141384,-0.04103481736892337,-0.035190790994392894,-0.04832353938577272,-0.04604929565202137,-0.002399844945057669,-0.033947388250640254,-0.037270863936310364,-0.042624754053538313,-0.03869302537799321,0.0030491849721403256,0.04172610409387584,0.04169911072448995,-0.06234272452909889,-0.02475538328130534,-0.06376100411848062,-0.0640885273573077,-0.04958542438442867,-0.0629203195218086,0.01609175729258825,0.05101804902909205,-0.01864241982209756,-0.0704142818810712,-0.06760502756044666,-0.0633500599070895,-0.006295095293777205,0.049366513919691775,-0.04236745609816065,0.0359238298636938,-0.05334030518418798,0.06481607753573992,-0.00529122298219782,-0.0248159895875461,0.01831853586029176,-0.000574618677443183,-0.03849985943937212,-0.07910553204533144,-0.03530766986500458,-0.06585358275566212,-0.06510700779069753,-0.052201938190968425
HEART AND BRAIN MALFORMATION SYNDROME; HBMS,0.004949191594670095,-0.0076865084309508105,-0.037152048792497984,-0.017346527539462735,0.011855088485983883,0.035360234205520494,0.03135243390901123,0.4964805147290997,-0.025225232193131077,-0.005980751150658567,0.018582848185966633,0.03938403104544663,0.0074696216035587465,0.0005749595095517992,-0.009847281787578935,-0.02607171600470673,-0.0338301823257294,-0.2520687553286527,-0.037655054515958644,-0.04700272658894886,-0.04936131280594978,0.012374370772719679,-0.030050292360085117,-0.01377081374512265,-0.0020581487695277515,0.0004687754973855716,-0.026390980373880907,-0.027507129502333562,-0.028708574750038917,-0.06691136267734792,-0.060480692450229565,-0.06940309990358645,-0.032727383901333604,-0.005071590037964237,-0.05373642972455183,-0.05409334438676343,-0.052833469471470704,-0.05054458729242129,-0.021398677899906387,-0.032690247108454126,-0.04119859235795105,-0.015625544303993256,-0.0264616428651203,-0.03575103223014225,-0.019947046614004208,-0.0309239797754954,-0.04009177858415936,0.021147446295475332,-0.037111843613450275,-0.041525286289076715,-0.044721115832206344,-0.034510024771289595,-0.2859954456819584,-0.2815226185710114,-0.05433001102438455,0.0006398328117038889,0.004053358896958434,-0.009277951193883178,-0.026478557294500472,-0.021722345766284908,0.00013543320151560825,-0.0037362580851607115,-0.008945169520602777,0.0015668402717574827,6.290228584411693e-05,0.0022264475138217385,0.005392921148151988,0.030005125500041984,-0.033776463204342216,0.237790893620203,-0.012052859243071456,-0.029305487287395973,0.30528804990112757,-0.07212345742963154,-0.06960630036296032,-0.07432421117485041,0.10774414019296645,-0.07232235222711919,0.0496880383160075,0.305001975002023,-0.04025149847612342,-0.0427380536232407,0.03484102123774444,-0.02698695639832566,-0.035260330519459364,-0.019661057734022522,0.04465956562585427,0.07520966795259744,-0.02371056970095244,0.02867072652271733,0.009046373719207306,0.0038845638162036985,-0.0367240226255197,-0.02077695903526799,0.05897597061913094,0.04543326696933722,-0.017598183689575962,-0.024368640730024763,-0.05049078289509474,-0.01826356815170664,-0.021873352654333107,-0.0037896189759137463,-0.03868220409528709,-0.019101859987994137,0.03545254185585108,0.03325071847750938,-0.010331907561747724,-0.007137804055143953,-0.0038499303604457445,-0.034362044960650776,-0.023300903368071516,-0.2779630594538733,-0.056066259561737546,0.0027148983798248724,-0.008522688065422562,0.007890774070022592,-0.03634628357781407,-0.0626816044183267,-0.0190505687701635,-0.30666512560777887,0.26067497794100647,-0.05791176176560622,0.006902963800730048,0.004505911974352392,0.004576194715033425
HELSMOORTEL-VAN DER AA SYNDROME; HVDAS,0.02850760745254162,0.006802504567072976,-0.032854968032131136,-0.02580048853465546,-0.019437650185480212,0.008139641311437787,-0.21154997807992063,0.32015841585109667,-0.3608495297644529,-0.23022452578249944,0.03603602413892488,0.02308865896219908,-0.021608495343516786,-0.03246868668968059,-0.006461499345121929,-0.0037306702307163633,-0.0004590141816151686,-0.017130693686985228,-0.038107962143177875,-0.015377350139877474,0.02751483834411108,0.03493583619741851,0.1961387815334175,0.20422072864333013,0.1928809731463913,0.0055333713045746975,-0.030642439257230664,-0.0242048180652568,-0.01694135832578707,-0.03579669375722706,0.006163158546686561,0.19800882236832154,0.24012262864473422,-0.034887086506261974,0.1160363609355914,0.12953919274562395,0.13967336768783384,-0.19804805607198825,0.248964443590951,0.2328075786101567,0.20507986018289553,0.2042858278341498,0.1915576744741688,0.13827499502391713,0.21332441521926737,0.19751428510475216,0.13908171892585383,-0.03287073548140615,0.13782623112087294,0.1407992742245318,0.1421308887694346,-0.028229023491907337,-0.009275627995884415,0.0012602653667200309,0.01237819538749139,-0.023189400251437037,-0.006402205507877352,-0.014213672703804268,-0.021005256273771672,-0.14269155459521976,0.010571038730605019,0.000989482214632279,-0.002378412302250262,0.005139556559722311,0.004078636699294238,0.007491298900075963,0.01123043203770311,0.006918032427166782,-0.19329314542584933,0.12955022110660838,0.344253002713394,-0.007907431414005527,0.3352537371726638,-0.0329934509298664,0.21370136834141,0.11985260556243263,0.014276963716793068,-0.01539019118915148,0.17337659605658692,0.3352537371726638,0.035105035976209155,0.03226971695612218,0.006074163258034284,-0.006117665806410535,-0.33319342709175065,-0.29725592357284025,-0.2019706447361764,-0.20182862167029736,-0.042049983028829535,0.0022291338010854214,-3.328840336668923e-06,0.0009633712410680951,-0.029908528691558325,-0.023383672159118227,-0.011781875331530802,0.01775669000730793,0.0004945698929534616,-0.018260873568762163,-0.004159076078126212,-0.007132348365514195,-0.017255296944851395,0.00547052263212792,-0.1336353062980257,-0.029429421886020074,0.18747029691179706,-0.12759580457212097,0.015409209156873983,0.019886296450108705,0.02394090706676193,-0.3076645692982595,-0.13375745399690994,-0.016867551967535633,-0.011758529517283109,0.11108466938056927,-0.0057626411451475595,-0.3108047049612982,-0.2565796589976154,-0.2900821399239623,-0.20265434656269948,0.018847537928271617,0.38428432480763874,-0.4261312710786633,-0.21908887297271123,-0.04229048823689773,-0.017325293918254128
HIATT-NEU-COOPER NEURODEVELOPMENTAL SYNDROME; HINCONS,0.004341343609822194,0.03183328167516608,0.020733962766504264,-0.024226577585636056,-0.05907213736836624,-0.022542099636596674,-0.4433989227332769,-0.04807109354702295,-0.32232241496022307,-0.01018175150045929,-0.012516058280958111,0.10798203946057824,-0.017191654018884093,-0.013515409264454627,0.019852204709148773,0.027256302544534768,0.026703798634326134,0.0665960884937415,-0.017730450948779692,0.01662738817338524,0.06284551269413416,0.016821612311328737,-0.06807001373221237,-0.0653728143293292,-0.054607389565927984,0.0028452556618735786,-0.03140933065508839,-0.032634901973224814,-0.03226374800016232,-0.005968096821518145,0.07060631510840892,0.31300205697386874,0.06505295621994785,-0.0015361579920474965,0.06270332700789918,0.054499335036790185,0.04464797095931182,-0.026059086801598238,0.05520424991950977,0.04030992720892175,0.02276566737450911,0.05470417288045099,0.04902103655292927,0.041630405617884766,0.0574876804756848,0.04925171638817528,0.03934948162265837,-0.025423290948296838,0.059537846123883215,0.05321351219883521,0.04592852593337616,-0.01008322605733625,0.03462401845740584,0.03667742542700681,0.02032834238024909,-0.01596423283671779,0.06315322875627417,0.06494443582181778,0.0611040229025443,-0.029746875574352176,0.01745611196701381,0.01518176920078203,0.011235294231897367,0.00169533139216246,-0.00630211640184012,-0.006009125700715454,-0.005627493361534034,-0.34079922292242143,-0.022672844143335695,-0.25347726698466133,0.4661499340216755,-0.011264753935320799,0.31504931823206755,0.034713000687383554,0.32972995663609583,0.307539845635014,0.02530738956691406,0.037076135446350966,0.031881048057006804,0.31504931823206755,0.057818176709206505,0.02922480707785823,-0.0798329108818937,-0.03532672345249098,-0.41370357921247686,-0.3995069165622246,-0.45736079720930406,-0.4736191019512751,-0.011568481939891767,-0.0075018226992308425,0.05401258112540154,0.05720394065151815,-0.00800559050850593,-0.017302629642461095,-0.31664489278336916,-0.01365613853234485,0.02607300980861942,-0.02821218048894322,-0.01386812569069677,-0.016574416398156298,-0.021388500406983448,-0.01543725382042805,-0.0054936575648962425,0.04333988691146606,0.0460129104810979,-0.024116365531925137,0.31598279457014466,0.09958909941828255,0.09957472227934534,0.01669099125188617,0.009754208811410878,0.07266358019867193,0.010037335309816412,0.011248995326608868,0.06943120615093133,0.005909530305564851,0.043412633054083764,0.022354027000924155,0.0483231635227944,0.058982225946602324,0.07269696553699974,-0.26085653350753457,0.024566606702187865,0.012561974361705744,0.04027550105219065
HYPOPARATHYROIDISM-RETARDATION-DYSMORPHISM SYNDROME; HRDS,0.2879004196125266,0.038261343010417365,0.03471457052140032,0.0021666719406699406,-0.060781338355207035,-0.06430748776316683,-0.028838658624198866,0.04124118415456252,-0.07962431891814188,-0.49186172085192975,0.32060777429816795,-0.00040601497886967196,-0.04404307772891608,0.04516024364202695,-0.07646180160915356,-0.06682976164849935,-0.03685191017423162,0.3353192624322534,0.03706884131100997,0.008440392324079456,-0.07265802419550686,-0.059322625373555884,-0.012244572517565295,-0.00039430902143487175,0.010094452385503798,0.05453462638832518,0.07889558869386211,0.07211236813736854,0.06336691030328778,0.03975794011689624,0.0050853017460566466,-0.023820530681037094,-0.043833290656535344,0.014532228379590487,-0.003852938360327683,-0.006893514240005064,-0.009615112035038516,-0.006475016228168422,0.00170699132480178,0.001176573245272258,0.000585411854769627,-0.04371509418066615,-0.038538074853380615,-0.030519519911563407,-0.038125672284845834,-0.033146846404486854,-0.026369129993740508,0.0011760148718654667,-0.0225063119853709,-0.021668233783963688,-0.020553188207233133,0.07040768871448863,0.08485256576656035,0.0587421124003604,0.005772842052902596,-0.007230437097827508,-0.0648370072810048,-0.07744152726240351,-0.08277374980244531,-0.0003080769785179233,-0.005631470863838096,-0.008811757720422352,-0.011156018324151237,0.005974886631448628,0.01381149146308497,0.016928154489603605,0.01892402404238229,0.1780235513253793,0.056972538342185824,-0.08300735699442649,0.3846093192241157,0.04033483650799917,0.3860742715812952,0.08150220122640177,0.5754469013355443,0.5574898988979462,0.014439825824151745,-0.003446695824985373,0.0405679075030169,0.38570780834306206,0.43756193653948855,0.4015854700419825,-0.03898146512987766,-0.04039349279290336,0.05756029149963551,0.07415062617608753,-0.3698055627402095,-0.5577755572129824,0.04223114745922777,0.05366696769126846,-0.02699301080930925,-0.039648360680116825,0.07370379531049329,0.012832964148503996,-0.5504304509200059,-0.07274678464465276,0.03601305015634762,0.00014487240445625282,-0.03897911325534642,0.00472717650067357,0.00012352440268858844,0.01783658625288079,0.004460273365770626,-0.05850246853655096,-0.01498607494883935,0.019860739232340913,-0.08687872804536924,-0.08917399290586854,-0.09471361020734506,-0.03671556572120382,-0.32905041601691437,0.40786799745416363,-0.09960431939401522,0.024751214528322886,-0.5583665536022261,-0.07079791418601704,0.018115239108362324,-0.3040228994516163,-0.08089487983922508,0.3961310625567566,0.6755676852974144,-0.05047784541284673,-0.05049011842017527,-0.03322933648799002,-0.03871720815873425
"HYPOTONIA, ATAXIA, AND DELAYED DEVELOPMENT SYNDROME; HADDS",-0.0009131700668960526,-0.04182747517037358,-0.019842009116131813,-0.05033325785550732,-0.22941120122526334,-0.010205941786518605,-0.01721651364242011,0.02804450348311758,-0.0564886889801991,-0.02731126508909037,0.006510373218050781,0.4253746812132245,0.022099134988032478,-0.0031696406343478694,0.03018821289157254,0.007640057284209973,-0.01159039382825187,0.28922451173629105,-0.050022294439496455,-0.012562735519823245,0.01427948919263078,0.025325731168973423,-0.06202753558281609,-0.04386182643112841,-0.020875204388073568,0.03005718645458212,-0.0009950041496014368,-0.00914024531344242,-0.020616015460304383,-0.05089467621947078,0.056992623884145034,0.28914981052767685,0.06952088436023987,-0.002624728206465524,0.06414675543917511,0.06733448926615064,0.06882295579482658,-0.04323750585162383,0.023991796120015015,0.023426291665010607,0.02015406840950092,0.030483876820880034,0.027877395906686607,0.024860746782964512,0.03228864578596057,0.02894682710362434,0.0244382471358991,-0.0024122179642579174,0.049420075383029186,0.05102224555311315,0.051090773940097194,-0.037700597412259555,0.2561398459337894,0.42632232743727766,0.39075536068086525,-0.023576261689647673,-0.00044402166630640747,-0.0034961609901407015,-0.006602307725801128,-0.028144333235966202,0.013236605122188974,0.008831799843407871,0.004278788739304596,0.004474788403757462,-0.005292694527037908,-0.003648150234538328,-0.0017623429969408362,-0.07058048827363815,-0.03851253541772287,-0.052058254112187174,0.2760638302115432,-0.018566433299525353,0.0704987008344239,0.04382385064791823,0.40131121554014154,0.3036054818281446,0.029593562596538604,0.004279965295615236,0.00280526516552422,0.07043304326770408,0.017958157676599425,0.07054945657608946,0.009517816381843154,0.01410564148876705,-0.014063606371265788,-0.01426802348630023,-0.4681015988229668,-0.47557391353537987,-0.0202762779072584,0.12202993390996143,0.05117507923697415,0.04257822787040683,-0.05106250052957025,-0.03522640574882363,-0.08197576292366492,0.0026996694111490875,0.008343492642624935,-0.009471197658107678,-0.204069694371883,0.002293511500019091,-0.0045212529553971224,0.005994459866314427,-0.001429265030825951,0.0011942137376189025,0.0490220509858844,0.01131286440209715,0.26755407442890294,0.27080160463604824,0.27148683915448035,-0.01928253979100121,-0.010053678196249069,0.07866112784710927,0.004261821205308482,0.024066739361856757,0.049972029383208126,-0.044535374023756846,0.00671285367945155,-0.0049882980676912575,0.0235857772677327,0.32757782719311296,0.058005926740158184,-0.2710723703768329,0.04325432423848211,0.038936460015400756,0.043234051549426625
Hennekam lymphangiectasia-lymphedema syndrome,0.04546566049777652,0.4472600406508522,-0.008453866638692457,-0.018418669887846892,-0.22762892450137448,-0.04673528900877458,-0.2409579985196838,0.2607345339440398,-0.2769217595568491,-0.25967625056423355,0.04366136309101996,0.057904308367933456,-0.007036501415496615,-0.039560066380207703,0.016298503290931587,0.030034317432515556,0.033960557234641676,0.07228235477254727,-0.05227761878117806,0.013838458666782114,0.03300080233994596,0.005725170676710128,-0.015762833862014724,-0.01603130464637499,-0.01433968593242306,-0.053889690304667046,0.04637338809575828,0.046527673492690005,0.04529652060293582,-0.058005334751329005,0.05570495899313645,0.25220983863394386,0.05337704707403749,-0.14916730141406342,0.008990295678136653,0.008250724979806487,0.00615486130159915,-0.04018039218278251,0.031408939711154,0.03149115533424889,0.029400255013914543,0.01384187709224823,0.014175507469233344,0.013834149594953953,0.019744952003175855,0.01961511430237142,0.018314178977810604,-0.015685776567566673,0.009152543671068564,0.008653596136130804,0.00810584428840531,-0.05687921042592141,0.004672884893316762,0.00022828717441257678,-0.0040280227798822595,-0.02219803883478529,0.0009825129291366511,0.002682757505631525,0.004110654329660286,-0.002719620965700026,0.015708790787954598,0.011563324233201758,0.006433533323718663,-0.017305060509023844,-0.00789794099566705,-0.0049293557180552765,-0.0014217332530534095,0.009540177004097426,-0.04845732820237546,0.025733051085724473,0.3043483485346811,0.00884660726534617,0.2582260217991341,0.02430807357310647,0.07624964728645238,0.07088555032015138,0.08556951642374448,0.3354398441086492,0.0194664118904654,0.2579921715989226,0.46681253940584466,0.02308228602451815,-0.040970784664364414,0.056315107292904114,0.0031180077954261324,0.00922449103516435,-0.06019878389062981,-0.07461793655799696,-0.03755291127504849,0.020609274478604802,0.050751234870773876,0.047782307227755144,-0.04593113800590551,-0.003364289221554336,-0.06492535579068147,-0.016879139535653634,-0.0002743660773177144,0.014180247957027959,-0.02742318581004635,0.026612907894875422,0.017356481394115428,0.050539876175753194,-0.005402523855683769,-0.04172471907005289,0.06324243236373353,-0.043357450908612226,0.0437809323910667,0.04475093777025569,0.04534583044392725,-0.04691106544068217,-0.050859886734021184,0.04161202564033041,-0.007240156140758343,0.040054898350613696,-0.02017799829317919,-0.05844471947363972,-0.016545163650006075,-0.050584773293313186,-0.028223203367529127,0.06559002934777701,0.36481631008020543,-0.04974412022712947,0.020739291176466192,0.0349940277261273,0.044255936316582596
Hermansky-Pudlak syndrome,-0.005452897074082349,-0.005907530284617468,-0.026347943833845592,-0.015472032480273026,-0.0335566792224575,-0.007957399872930175,0.04657784681560494,0.4027347475740902,0.0036154500996971014,-0.04171238042712572,0.0363666913662738,0.41982880103298653,-0.005033725647529537,-0.03515890629249359,-0.26357915135231713,-0.276641970629096,-0.06806352541097872,-0.34207688174502204,-0.05356854749289487,-0.021210705448145,-0.05268717196593071,-0.009983168360460056,0.05794449373371356,0.05563621846114055,0.04873889541269794,0.005178413109106121,-0.046642179380665526,-0.047188284758898344,-0.04693440322408512,-0.05070319481752403,-0.06608344780710493,-0.07573019600166048,-0.03578997632831539,-0.015545819878311488,-0.21197168692691376,-0.2045054682034509,-0.05999220686611521,-0.009424681727520859,-0.04538855167252354,-0.04329655265242278,-0.03835020822146135,-0.21314589770030368,-0.2061562918679866,-0.19267029012584913,-0.22115449137038332,-0.21474186158983588,-0.19974178600246043,0.005840383499570767,-0.21319484169378092,-0.204772378566908,-0.19411460575387862,-0.03940139673021229,-0.016568429983134868,-0.013149019897757908,-0.004941814711041809,-0.018923282224746978,-0.2586156085403541,-0.24231022389133067,-0.06401285451066353,0.02435007845745469,-0.014681349534772042,-0.02060284817603982,-0.02480872779773491,0.006617426585279842,0.0024001276609766755,0.0061081301378002216,0.01063096028807313,0.04887050673455013,-0.05443744066988949,0.04866472408320136,-0.016597086649909422,0.002359031488267153,0.03450808288702908,-0.2387231897765621,-0.014704118619140477,-0.029665113313988165,0.08650968307651254,-0.01940652921693593,0.03322619116916902,0.03450808288702908,-0.01599840905361024,-0.004848510153879948,-0.0005790653055885571,-0.019194695972992157,0.02420707551662892,0.04018464470013969,0.038108728534668755,0.04067087111998584,-0.047879950388836606,0.3088525114320957,0.046136863519054064,0.03230350239918824,-0.05684061500376403,-0.0004426090458595106,0.031250002770078666,0.0109661321292098,-0.05131747406820375,0.00010508502328633938,-0.2914238987095577,0.013308976343471403,0.004033942659441325,0.02216993206641575,0.0007653021841264576,-0.041856968292007087,0.056289600586859945,-0.05528038583919594,0.019032896048997217,0.021849759497977503,0.023846846334131158,-0.03822865532830647,-0.04034782198999202,-0.012154914825572384,-0.0061375191854295096,0.015794505903961975,-0.018695028579046875,-0.024421211821869706,-0.024399120448863984,-0.04127576545378696,0.00717112204271358,-0.01580702092158488,0.2975986297970955,-0.07225205708003227,0.032191487729894865,0.03587485660732976,0.036303129152514824
Holoprosencephaly,0.00852940553934789,0.018343804533249745,-0.2726287830297154,-0.037602682375354836,-0.02945277222880761,0.011997472477388534,-0.30788562445291157,0.2857238752178592,-0.14520085705812621,-0.0513759727751466,0.034561264069961586,0.00963332831020994,0.000360754392537159,-0.041547795956346396,0.029856737855559083,0.022425494994977722,0.009057227854106653,-0.02579691023228093,-0.28462470407506857,-0.028606801008898026,-0.005668491042911505,0.023677834854907424,-0.0013154525521330558,-0.0008617522655407811,-0.00042916887437156106,-0.00972965710373176,-0.024961758691130043,-0.021444860118363926,-0.017761960487126936,-0.29730767866079333,0.013033535719883116,0.04672260905021588,0.19941597429623176,-0.14025225540946004,0.027664032524470108,0.027460833206467822,0.02632984483892955,-0.1864526871922415,0.044100555476150334,0.03381189887782549,0.021730232076243253,0.03708972942331573,0.031258089776165406,0.02446787871705262,0.04074396932515473,0.03321709309908588,0.02421609467170897,-0.024735366136817333,0.03112506572064916,0.02895554061974975,0.02666479008277786,-0.27867447520366884,-0.011922192596319069,-0.0020401720699654174,0.00704961051412193,-0.010812519998956781,0.026444084496723856,0.02376987984008544,0.018158506472070488,-0.029056671583047613,0.005675836781560267,0.0014154446925714684,-0.002107296319333152,0.0049041243839527855,0.0025728839314126447,0.005632490184251053,0.009186315454399968,-0.1575908348116159,-0.2987816924953694,0.14747348479305483,0.013632149616415113,-0.19611265987284324,0.04585935557997883,-0.1519757496962749,-0.03169578457717135,-0.03652480872845549,0.04617220164485851,0.02937493200898219,0.02865300144279009,0.04585935557997883,0.004040415550879844,-0.01106659353518495,-0.04286158798310541,-0.013191611142734618,-0.3440026748928275,-0.32801247847254683,-0.030396536096241482,0.007545457826683856,-0.07385363829567315,-0.019789188395899566,-0.008893093016152225,-0.00445464115314581,-0.27503297088307016,-0.025588446892034804,0.001889497979795099,0.02640654032342398,0.0023402505133436374,0.003118895178785854,0.03857886611868027,0.007301357000526231,0.0036267707021500053,0.004577626789468433,-0.020083213447580652,0.027173873700618443,0.3010920308861085,-0.03125191667215938,0.2517899484027528,0.2600212756785979,0.26531067571510303,-0.028782809898618075,-0.041567020061664864,-0.036581394998547075,-0.04084681087504258,0.03769419603465814,0.04472274466500692,-0.005225385420271316,-0.024667068989056896,-0.151234667812442,-0.0003399735241509162,-0.0005853219202028007,0.28093431680496084,-0.21311857478092608,-0.01282567946060712,-0.008434883850319918,-0.006384857247190815
Hutchinson-Gilford progeria,-0.015639138124886265,-0.04066254524408998,-0.029591011953099097,-0.013553345352294844,-0.017051459240741283,-0.0004525089846227976,-0.2270935203923343,0.3465363622342426,-0.57923709418769,-0.00583092160779979,-0.011789817397545409,0.15533251194822995,0.009137276058117086,-0.03467349075977153,-0.016222145025705986,-0.021532884274343918,-0.019857230709074334,-0.31890804341875384,-0.14098339238482335,-0.000991660930124791,0.21652047919350867,0.11838342638563784,0.0008300922530385818,0.003297251177833658,0.005790796953490759,0.013984199964716454,-0.01794637419928525,-0.012710858875893223,-0.006757681204496281,-0.14357698708586203,-0.0035890937087815003,0.01980352337510566,0.10638885494971102,-0.019987689921357066,0.3118335640099938,0.32219089707784393,0.32493514288190867,-0.10183595241862063,0.38072814048103815,0.37151284031030224,0.3438125992428138,0.2841972739350991,0.2764669128671474,0.2602253928891941,0.2940986553181154,0.2841268798092207,0.2630711620322038,-0.005603628317155978,0.3009217441930098,0.30222313024766456,0.3002496994757745,-0.034564561878397154,0.118475346332603,0.21610336119454499,0.2037965383665487,0.004041959064732649,0.015306608833304309,0.00897390288122924,0.0027584693947905947,0.0004377750303639111,0.13639927781771075,0.02718282167321118,0.0015804265643480269,-0.015829924677746264,-0.02677735448181501,-0.014733271703496479,0.004499950635771089,0.3040359999343708,-0.12452183830152273,0.109358101219596,0.49609426699939074,-0.029122623111521296,0.5272905916297742,-0.26987105993314414,0.13339388700378926,0.01871827736845068,0.02822590534561278,-0.020916089475629437,0.18889298782585934,0.5272905916297742,-0.0036206138817735235,0.03648946745073624,0.006121618835304157,-0.010295753027365045,-0.031302097813135275,-0.015346501187587692,-0.2211505905169664,-0.12384668986805945,-0.031889283122948364,0.0023329702301093168,-0.014886251030261494,-0.015254990430984931,-0.03328557049896181,-0.012147131995336135,0.007378503866244772,0.015847309898432,-0.00743627226609635,-0.22882890228022357,-0.026023905977782563,-0.21620436302365792,-0.2210995058747457,-0.026190028095953596,-0.2133007290218391,-0.13531404173428552,0.032225190067432574,0.0018700055000286304,-0.31173950404895406,-0.3021679015125598,-0.2886271079182997,-0.264067424145,0.007765033950729411,-0.2831405003762997,0.007015144441458623,-0.029854573438909498,-0.20965408672270205,-0.21383084945168604,-0.2941899347196932,-0.12960872851091168,-0.2547394094129094,0.1364375492065589,0.23421956888046513,-0.34588892102877095,-0.240219788800365,-0.21495195731858127,-0.03496941988478761
Hyper-IgE recurrent infection syndrome,-0.04790204837476727,-0.15602252335805125,-0.044739993553465446,-0.04166066708965566,-0.18490108653749973,-0.007906551101026251,-0.00966741983151604,0.3158370915517065,-0.03607707059198413,0.044969509482957616,-0.19126910754427529,0.4276526512072627,0.02353528979067925,-0.156469367925526,-0.026781337716570992,-0.03584694520744527,-0.03437982936739796,0.06122628733649955,-0.16162763247045867,-0.0259521231505643,0.020133519667654507,0.04086702911547534,-0.04027766030499609,-0.038024818631821354,-0.031919669611172104,0.0313394549320876,-0.17406169970551832,-0.16612960706159177,-0.15394491029805069,-0.0449369643648875,0.014608498761871494,0.18200477417313857,0.19652342104609355,-0.0076906343209809285,0.030442937293742423,0.03588957677491957,0.040635359961122275,-0.025405023927861238,-0.004483358478224752,-0.006448195523565939,-0.007925626570114636,0.010680665991141118,0.008670710220576075,0.006054987069379975,0.0069993658909467205,0.004146103973982521,0.0014622512011014395,-0.011085057445290992,0.024687312028506596,0.026898082047893047,0.02856180556194536,-0.0356549478326853,0.22774521842860537,0.35839476184452196,0.35882764063741457,-0.02809293064605042,0.00463352867309684,0.005805012901497639,0.006135424901536049,-0.05165049261300919,0.039036916026183956,0.009553656425475366,0.006367968946113387,-0.004454727727282333,-0.07045917242955914,-0.06331128209496065,-0.01561101938450731,-0.20079541986251312,-0.21767295597262978,-0.049146114065839436,0.19226805334588554,0.2582466485931676,0.44414812475368076,0.3241527200730661,0.06533703475126378,0.23452688973977642,0.3142359078631557,-0.19220110578574745,0.2521940962452859,0.44414812475368076,0.05492738328959079,0.43468606121422215,0.03344159426573475,-0.018772904310909912,-0.03871827517043225,-0.016704097299398528,-0.004378479998336279,-0.045371209878747355,-0.21033364421078501,0.3122298782551757,-0.01912553158846355,-0.029171304458354065,0.05776563256353809,-0.0469478648856389,-0.42916257434817556,0.0034687906776596565,0.18072922283361986,-0.32266578881327906,-0.3559172389231487,-0.2933158729441247,-0.303950714200667,-0.26091124116421344,-0.18131801050302096,0.028366170801683674,0.024365935784910978,-0.012490892344435602,0.18156729039705194,0.19141643370243733,0.1983208029964603,0.2470391542227139,0.18780627435381536,0.4344145243788095,0.3542780286221805,-0.0361586574859298,0.46810439549897087,0.0218268136953677,0.3002834924972337,0.3679891666649515,0.3378417493036699,0.406781735488928,0.03208683906544364,-0.34609605080394423,-0.031393487608363024,-0.035894387849283546,-0.03418606517395656
Hyperphosphatasia with mental retardation syndrome,0.23788668477400954,0.14809756928189335,-0.036085905900599416,-0.022876122448758404,-0.24907034403281303,-0.034680754985336903,-0.1938326375312602,0.3699212798738042,-0.2208321149375423,-0.4262788129246517,0.33110256266171445,0.22113437910879,0.008790061227620868,-0.038780769233340756,0.023679024878644393,0.11546786608436324,0.12056829978343267,0.22800302264967748,-0.12238393845363567,-0.00043409334661233294,-0.016675945183660248,-0.010070829646692526,-0.26724531617466224,-0.2594616911999862,-0.2280989703242048,0.0288982473813586,0.007470945286741611,0.009414970220281621,0.011191020045632478,-0.015929302628271132,0.03901063335145293,0.16235575636641092,0.029865417738334718,-0.007991987769539438,0.24279433308065626,0.2298200322383437,0.21082861771830094,-0.15786938954046548,0.25125706892240407,0.23940647366327256,0.2153815633826477,0.14987822759740269,0.14627182651721124,0.13800640889676202,0.15875811502411494,0.1936781009348248,0.14482098286705197,-0.018362715302786794,0.2185687499317451,0.2072726002734645,0.1935837911518079,-0.02332833223224665,0.17575234739872655,0.1383284356124775,0.025327306928394168,0.005388234625228902,0.018377496501825238,0.011618403433181521,0.004658959316904686,-0.019311118851790075,-0.009210280931136704,-0.011426466051359867,-0.012697047831083127,0.003638115077969677,0.01793243504650058,0.020642897712912577,0.022264716227606837,0.04228862334127955,-0.13858949410082555,0.17804244936933178,0.267712033982704,0.03567415646613562,0.36451189883658053,0.032577002950897285,0.2444368144127299,0.23553598697438063,0.04287976006696445,0.2532553948904995,0.018917816698672072,0.36451189883658053,0.26820298683456106,0.032477953225512377,-0.11544103664867303,0.020738956863935246,-0.0029980408252326574,0.0018482273763927393,-0.022186447125581224,-0.15227931353421503,-0.03221352437200337,0.007047664731016076,0.19589566750570628,0.12536365210942346,-0.02201588969219704,-0.008866930151592812,-0.3355184239130479,-0.02192298502304177,0.0013531376611458593,0.20863982100719822,-0.019042776413407205,0.27109325487961966,0.222691270349335,0.2827039919736974,0.06315409339354844,-0.12874197809361734,0.21561004633692235,-0.019352988550009147,0.147366455529042,0.15094131743596695,0.15298117078832316,-0.20445313525703365,-0.34923487943876264,0.24413572412108422,-0.196357316875319,0.27516656543865997,-0.18097819642630508,-0.23413584113661406,-0.006854471331708603,-0.3152799110768021,-0.019898867831167604,0.2755562527680228,0.3953198618213426,-0.25506082437765537,0.014946671177345711,0.02926629205148847,0.11687823117951757
"Hypotonia, infantile, with psychomotor retardation and characteristic facies",0.2518772552514474,-0.01404047986979782,-0.010360543309840249,-0.02203650097262487,-0.046028178563425226,-0.014356812441113446,-0.32426501890475606,0.03547874060621895,-0.2830257214631478,-0.35619232768605513,0.05506948076051488,0.07101538314677885,-0.030135029870967032,-0.024079780766068273,0.029524299364056844,0.03815115647769212,0.034699627172373244,-0.011173298356993648,-0.04043840632952667,0.0007374795268219388,0.03625166291337861,0.023630481400751645,-0.03630819819483586,-0.04947218927054813,-0.055180438480005596,-0.0038706693756793776,0.04092009308520661,0.049188096309079145,0.055877298223571376,-0.03917608781162701,0.0161537027751432,0.04498129931932726,0.04234259587043829,-0.013630995601764851,0.0010790225644320094,0.0018143560660663553,0.002554873029945477,0.0013834511965753469,0.004644813155293947,0.007665846029498998,0.009953759927111273,-0.002206497910603449,-0.0031060141259734064,-0.004219880128793736,-2.6582706996542514e-05,-0.0010989056261347429,-0.002202379718745206,0.00926722600751472,-0.0010476518683381348,-0.001132320575892054,-0.0010958973373772184,-0.02540823151742737,0.019183912573982,0.023052260009392384,0.01702843877696543,-0.007654866443055758,-0.012710959405400336,-0.00681432009149826,-0.0011134122716174074,-0.0151039917399843,0.05664237067155987,0.05391503901787129,0.04568607017370693,-0.012629739733652364,-0.03207974527046195,-0.032487819258475804,-0.029662594263166937,0.03320014640807214,-0.036915529876364504,0.027712827029194444,0.07086451205487423,-0.27903733853123497,0.04817047408321495,-0.02732348960614542,0.014082049075605976,0.0063413811591504846,0.0005765054807508486,0.03590836805862362,0.024306335242038422,0.04799246664045331,-0.03903197334850398,-0.030837889967327357,0.01519027097440118,0.05231809858923406,0.0014795486515356154,0.008525111169847483,-0.42110041164350165,-0.06147022760258764,0.006983004413272978,0.0472355745119564,0.2373486343410295,0.24632935252016283,-0.03568243313305539,-0.00927444471794609,-0.01160663431515374,0.004566064128712536,-0.21886465439450614,0.06330996105764203,0.00900895133781484,0.24047742841909017,0.06783535284845839,0.2327648305733721,0.04471454811136954,-0.05461006074264867,0.04746382976930004,0.013536648892510803,0.029002970597503414,0.03491184538080117,0.03930361730107217,-0.2666304295470891,-0.06197981436886164,-0.028279937780144978,-0.01822484786670138,0.04607350323144451,-0.0513200842198844,-0.05752127444205968,-0.05678926038920662,-0.2481488787477614,-0.05454993303354441,-0.0002202053614999205,0.04183684050135083,-0.013236536382954335,0.24584272329181936,0.30528632686441104,0.3211010142904217
IMPAIRED INTELLECTUAL DEVELOPMENT AND DISTINCTIVE FACIAL FEATURES WITH OR WITHOUT CARDIAC DEFECTS; MRFACD,-0.0020718151849555087,0.02578093252961316,0.008171355000992366,-0.011218460543021527,-0.011472857289819572,0.0015076553759319317,-0.34176994204481115,0.0003597485995138595,-0.011679233679280077,-0.049359736117139105,0.025062816355017056,0.020829216911659943,0.018363794739717287,-0.04212115512936238,-0.029801318118324118,-0.03581576226634656,-0.031799287125802184,-0.039244921500761074,-0.0007873638495957663,-0.01370003706705608,-0.008134783630695606,0.006969802451073085,0.005312510173975154,0.0037767644338082694,0.0020788732593868026,0.03668053948082283,-0.20127984100616572,-0.1967684917335742,-0.1878832380658061,0.0060065694262172,-0.0061198052053651345,-0.0005073534857178715,0.005103041312933194,-0.010209352712532356,0.007926344921511296,0.009704470440688295,0.011109148380804172,-0.026848043600810112,0.04227625073940901,0.04056083954700532,0.03681564636369886,0.03910540526175276,0.03392922398457647,0.027538916910940455,0.03965892595222163,0.03471859036290787,0.028176058058302412,-0.02505195626354892,0.0229750175065955,0.021152237798576924,0.01892421751532357,-0.0004186449585207096,-0.03364520212772111,-0.033881071425036706,-0.018437319463586888,-0.03341324364061626,0.023640498413161647,0.028605306303136672,0.0302037984657457,-0.022766618085994082,0.005145051198514964,0.0031717780207056465,0.001104729377630567,0.004152944728119294,-0.00018711010069479722,0.0012377752939760436,0.0030744160118276413,-0.024128099101690725,-0.0077047406348334764,-0.00036158366469545873,0.011764430104954987,-0.003815436642299064,0.264966340915389,-0.022278265261243095,0.01752194303783842,0.00919938522465699,0.23722940789627806,0.03288381913100832,0.0013126983558245358,0.264966340915389,-0.013131780039660819,-0.0458339070986426,0.00030459868906265687,0.031046888709583186,-0.2934703059804472,-0.30784362565389395,-0.016350221560303562,-0.011757649292907494,0.027751205249723486,0.018628918753197925,0.03385155993219272,0.04307130645653282,-0.0028393660460794955,-0.007653345537697422,-0.00686354789833994,0.004337590596465343,-0.023805647786270017,0.04318797708018063,0.05807547877340842,0.05135286377863362,0.04465074333670093,0.05242159769962489,0.026076157035180934,-0.003928736353727436,0.004977409395722846,-0.015649918569175945,0.030238816200751792,0.035851591224684384,0.04092434062984831,-0.028670695904395256,-0.02587193762969932,-0.002382689877788377,-0.04333436317644215,0.0216412564856003,-0.0013903911372181161,-0.02171607051404902,-0.014893887189864133,-0.03818876233097938,0.012772233617638032,-0.037015279087721266,0.03578726829410067,-0.027066182966134226,0.026387829381039434,0.031462083730619414,0.040254361214172196
"INTELLECTUAL DEVELOPMENTAL DISORDER WITH AUTISTIC FEATURES AND LANGUAGE DELAY, WITH OR WITHOUT SEIZURES; IDDALDS",-0.00014595229894703377,-0.0020369602149920775,0.012292287723684223,0.02165673424131762,-0.021877343376728895,-0.05111974712435882,-0.03737026572520426,0.026045917383786924,0.0014403077089049727,-0.006164729748539074,0.007378150779131684,0.006390386395529737,0.05081355647281069,-0.03345890957354214,-0.002132664421244083,0.002778539227537023,0.007221070859237832,0.004292076465696648,-0.008025008698195422,0.03484815760959299,0.005140934890718809,-0.029812465677909357,0.023158199499695383,0.01887888633624299,0.012460963646187073,-0.005837349896093542,-0.005764119378018381,-0.008286841512411002,-0.011515224035922547,-0.009164791136599012,0.07632270914928442,0.066911444402784,0.010420701190093142,-0.025998255726921955,0.012236990203456534,0.005386958780594333,-1.0572443332837787e-06,-0.007363300514552943,0.00754231490402066,0.01107650348009391,0.013382899263284431,0.009586820035953512,0.011591721144827583,0.013262936709980855,0.009457873157466606,0.012759856638221547,0.015349202093985147,-0.021407620502040002,0.0121944781074038,0.00838602283643965,0.004873315012887597,-0.015622399443154099,0.01420524079096141,-0.0017638160192901915,-0.020908908140902186,-0.009920606214390565,0.0012878786026914515,0.008959772050247495,0.018033780903888078,-0.027352295025386757,0.0008098606045620366,-0.0016412832189080782,-0.0045308726337588414,0.001233059091158668,0.004797808422844062,0.008894003242669217,0.01282067202779147,-0.05623447978176648,-0.017051030012779793,-0.02506673365345822,-0.004024358097741041,-0.01829345263423159,0.009583846565695598,-0.025117528352436757,0.0002361237167789572,-0.003912148241979617,0.001947463209302284,-0.017010819787831245,0.019971045034251515,0.009918934827593104,0.00840975960796078,0.012198137287086443,0.006356108725745663,-0.006493553447203316,-0.25873921150896684,-0.250156889999884,-0.01346581202044808,-0.0020751823101318023,-0.03368550075354276,-0.01512689148768745,0.009016601427631275,0.013044520743622815,-0.012879716377985878,0.02568383984020714,-0.027410229100750017,-0.037558357853104504,0.011952447963496761,0.025158925350921083,0.03391203126118108,0.025623400078105242,0.026221439863988033,0.009551612626224235,0.013504702688692345,0.01869850381382859,0.010632779941834031,-0.02151308417336047,0.05377420562727064,0.052186273193741056,0.04839191922214768,0.0006715013837584024,-0.008001499615279387,-0.011622408504397918,-0.031226956066060834,0.01874862688595176,0.06610219851962565,0.021152434004131446,0.006492727761186573,-0.017304036301638914,0.030746403103288186,0.00196851646416347,-0.014436779711248373,0.005764593892345122,0.009512149973047505,0.006413954646372296,0.010510034618916073
INTELLECTUAL DEVELOPMENTAL DISORDER WITH CARDIAC DEFECTS AND DYSMORPHIC FACIES; IDDCDF,0.006808306235731586,0.010327916751482594,-0.015893658679224102,-0.03209970358390413,-0.44386683997555676,-0.25164679295124154,-0.022089438660435477,0.04019316001711519,-0.0708350103473623,-0.03948488140231242,0.019682056017575045,0.309050816501213,-0.03882852939985945,-0.05231041123864302,0.04617186735928384,0.07107217397018055,0.24002258336769833,0.5796719717072419,-0.06923441977538596,0.012928551164325083,-0.006247959792032428,-0.018731225028200914,-0.06840267323969107,-0.07735654970010168,-0.07859472178188141,-0.015674745483240243,0.02692540317767132,0.02889734255139739,0.029940357245217354,-0.06783223254176418,0.42931754176122633,0.5259540747787896,0.27667347641074636,-0.039043464562106465,0.30009793386238126,0.2898447025195121,0.08525190032407448,-0.045142761863602,0.040714014154957096,0.04047721927022131,0.03795356006204372,0.044813995934235386,0.04704848830357665,0.04741336498944678,0.04501336740351691,0.0475158490390395,0.048078140785432585,-0.03776860829826281,0.07373810620169541,0.07206327540724312,0.06976313468411088,-0.05333721075345282,0.43976266472203357,0.4702719582566945,0.2799961816640232,-0.06390621701439131,-0.0010787881648898691,0.0028443562212521643,0.007227247041322329,-0.025768156834907192,-0.00457049021342773,-0.010627457107739737,-0.01589883133027307,0.0006445187869009029,0.013337882245611828,0.018781869055309715,0.023751077819124514,-0.04816992736306491,-0.25187996712034094,-0.006032162051303139,0.3247452200963066,0.003874093067137274,0.04277053922389848,0.3581599405135094,0.33554186007303466,0.3618044733306197,0.05139388336170075,-0.003436386175897205,0.04562539655886497,0.041742357739795254,0.45641855553613964,0.5945652555496267,-0.003042277626453841,-0.006876762801170153,-0.011925121088687986,0.00041972900586290096,-0.36548265756629833,-0.3914137818281094,-0.19156052580766192,0.06819049881819039,0.0500127090867136,0.04592946753773617,-0.041024369087643404,-0.016435237202175212,-0.5908496415370945,-0.04955406193437009,0.0656787851234492,-0.003371048249376306,-0.057918068224164565,0.003585034084577748,-2.872184742333704e-06,0.004549760224063104,-0.007383223592458457,0.0006271719042448803,0.06250491740757001,-0.052717119898436755,0.2848635134896982,0.08759971298922536,0.08493183936131467,0.002881214453253195,-0.025964246287535474,0.5245343267082583,0.024109778259667057,0.03950276994221706,0.07030506384942377,-0.043970493715468545,0.04425889515344225,0.005660817626134714,0.04004245349076198,0.6223114837743952,0.005938726985982094,-0.05059532014022066,0.039224699711336714,0.03381973687758378,0.04313412424681395
INTELLECTUAL DEVELOPMENTAL DISORDER WITH DYSMORPHIC FACIES AND BEHAVIORAL ABNORMALITIES; IDDFBA,-0.027545188310900644,0.01900335824145183,-0.04791365489563195,-0.011605897202444088,-0.015168332381368608,-0.0011416104775640677,-0.02709450798240626,0.27851135833459106,-0.28357740588925456,-0.00078586348828164,-0.010174155220244856,0.3334824356161711,-0.005125360531425489,-0.17620227255765047,0.001130345055351912,0.006209819877951263,0.010174178607240118,-0.035305233877967794,-0.051423900951745406,0.006017154131724967,0.19413549310377243,0.03102430697345138,-0.009284386708890409,-0.01614395880630296,-0.02145978216634247,-0.15061476584295122,-0.030954382278603115,-0.024218346566470466,-0.016954048848743367,-0.03254810976903878,0.018143683034373328,0.03886742850792295,0.033148665243957535,-0.017337920337249953,-0.021859411320977865,-0.020506426953279585,-0.0186954292774983,-0.03964814886175566,0.0010555558275824688,0.0013151421066260858,0.0015016641151682536,-0.0013853135519010726,-0.0033940373959802823,-0.005635983963254005,-0.0012490018807082804,-0.0034257455130303725,-0.005970289323455163,-0.008063495583251831,-0.012092764531357509,-0.01248275682515386,-0.012771086605569939,-0.17393699179430278,-0.046246827934384206,-0.051853810684142854,-0.03775355144357183,-0.03146475360434501,0.017172772419905055,0.016666509153037162,0.014381183170662972,-0.030211552214927235,0.08677126298287957,0.07543830243408174,0.05594522724513038,0.0027481860728404495,-0.039207549455028794,-0.024333928098973404,-0.015258337850350485,-0.04357608153661641,-0.2516561531505596,0.01610206960747514,0.18238033956169558,-0.020619207714818278,0.33285680368085285,-0.01924910588908397,0.0029998918696198156,-0.0006783804943206888,-0.004158445236413472,0.010082357998618709,0.2595203855448038,0.33285680368085285,-0.024059115877957445,-0.052144769251729076,0.013177280296399233,0.024768323779818482,-0.31701682286494715,-0.2512274100822528,-0.024035173585211886,-0.011935827795299746,-0.20514991609307015,0.017360152142573696,0.015357167028941474,0.013888119791346472,-0.04247554512003633,-0.00827551225520731,-0.0047562034488983634,0.006199086325665785,0.00864550786415232,-0.26587016308172745,-0.24297362830772903,-0.18200242673809947,-0.20109396087091871,-0.04371527646776803,-0.18953121726781194,0.012002579765717728,0.04677444715529516,-0.18542326187547858,0.051366677001461955,0.05309579836105538,0.054598447976641755,-0.017296728041046074,0.006747208261371244,-0.003833854625428353,0.0359200640562756,0.0006232425289676243,0.25189799463340223,-0.015394020427628522,-0.012977948065558445,0.0037391301533062572,0.03142189791191126,-0.18656418150627854,0.056740540405350676,-0.43423422705906545,-0.0019852817282700317,-0.007016796413330175,0.0036236868985937134
INTELLECTUAL DEVELOPMENTAL DISORDER WITH DYSMORPHIC FACIES AND PTOSIS; IDDDFP,0.030886210224753578,0.06251000951846133,-0.0516854993138691,-0.03976258182791655,-0.23037155175754453,-0.009307422335492279,-0.0074525965535592945,0.3575618129569162,-0.2215107515870817,-0.1884667773559758,0.044583656811643425,0.2449535698809624,-0.01740345418383111,-0.1895411227812756,0.03769338830232133,0.04118181600485428,0.03307831131285477,0.2079667981412955,-0.19047363002386922,-0.012309905465582997,0.023393861002362203,0.029724419111799055,-0.0003185194579348125,0.0015940217578603129,0.0035341723688077026,-0.2476178482508992,0.015615220542552452,0.019063538632041133,0.02158190064322267,-0.1758645298646757,0.041951637142099964,0.37059257288821745,0.34837174703353424,-0.008060449082719988,-0.0115143409384306,-0.0068972065565548225,-0.0029379892122652664,-0.18337577080652234,0.016531477450589832,0.011470966380236109,0.006404197736834345,0.0010014522966552556,-0.00011894403964086555,-0.001240738383196188,0.002222905703585012,6.336196354282938e-05,-0.0020929074542293735,0.005202349628030905,-0.005709302307974923,-0.0035926491668950866,-0.001717908468638268,-0.19431441020294696,-0.026232262670601258,-0.016688490115820315,-0.00251294625103561,-0.02371695634138254,-0.029185706379763386,-0.0303504910501173,-0.028659132259819538,-0.0261473995411824,0.10980213293778412,0.10245485112506335,0.08488888753507631,0.002170305308235629,-0.03856116664259027,-0.038331643496730655,-0.03502636210025126,-0.019538918282141094,-0.27267419067502235,0.039666160549066985,0.30413365860333297,-0.0034859545470581196,0.21434602283382348,0.0384898512374217,0.15736231299366152,0.15981602738318754,0.04306052745479943,-0.010292428934112082,0.012326616577606973,0.21453139226423962,0.43890583932058774,0.2291571493438446,0.0006378297228936248,-0.00864053468898011,-0.2830245796591628,-0.28140286164794326,-0.19129599971368563,-0.203959822533938,-0.25906004287097883,0.04464689080719576,0.02004421434048453,0.01819821628593389,-0.17363545762723454,-0.033241585507690095,-0.21697842953522592,0.005972160846307406,0.02819011455085131,-0.013758788531285386,-0.24759086961203053,-0.0030093596327570795,-0.00985751503245166,0.01046488315626398,-0.013927288480688828,-0.02280911671168292,0.3401353711605306,-0.0406387967832433,0.2969306102915413,0.30415808694376295,0.30904835644264994,-0.03361143117748173,-0.05146631472938119,0.054986506545550144,0.001272826217234471,0.17871802912692755,0.041420774082595854,-0.056963687345999894,-0.006224389105777266,-0.028853467842856074,0.007856196552896745,0.14399323995707677,0.3463912467308898,-0.3241058046900759,0.01874399871685842,0.027339187165784016,0.02336313882764491
"INTELLECTUAL DEVELOPMENTAL DISORDER WITH DYSMORPHIC FACIES, SEIZURES, AND DISTAL LIMB ANOMALIES; IDDFSDA",-0.01569036643251721,-0.2761169371783893,-0.06711513325412703,-0.031716408228744955,-0.023039588748810333,0.007994132917770815,-0.037656396662011926,0.07483043916296139,-0.006074591584857282,-0.022432586757285582,0.034248763006157465,0.3955729657660721,-0.018221914525876463,-0.044497163578603366,0.07885154810611732,0.08547964522727512,0.06975622761586432,0.41380996545942683,-0.01907140177118085,-0.0011598687836393965,0.07574881696897817,0.047891683841761706,0.018180546043616626,0.011089494487875167,0.004020753899834741,-0.008772774126847448,0.012614542900937475,0.014693761151046229,0.015539760329708137,-0.0160509101300298,0.4377643889219795,0.6375760353033013,0.5583512219769762,-0.00961152309373429,0.05494490504496741,0.05744454398235647,0.05833886202337739,-0.039815398235754446,0.017239980572605194,0.012984478234256207,0.007987856186308807,0.010797723108138408,0.008212933112186441,0.005452674670459179,0.011753328700682889,0.008067233820407829,0.004360979260413524,-0.021194527522844717,0.03604446800302265,0.03639732659188291,0.03646500952251643,-0.0031344791159572706,0.302346189114014,0.4768373165659649,0.3409441853572014,-0.01761032142710015,-0.08828641284001426,-0.07974775309479946,-0.06355247304415826,-0.027042173777193906,0.010183492136617841,0.005177837819557683,0.0010921462685284512,0.00012492102970517287,-0.0013641771144083101,4.06771023492628e-05,0.0017957432817372564,-0.5271484127184405,-0.00887137621964936,-0.05886746317650829,0.04702258401048311,0.04854246177001362,-0.0027827725287422503,0.07278069909852987,0.08536397280761929,0.08746457192670419,0.057487273496256014,-0.08050635259732615,0.035772546683182214,-0.0028240720001663734,0.04231696378345922,0.5143608099103442,0.0518641221136333,-0.015169492401032991,-0.05258276319497542,-0.043616886598347934,-0.03679434860460763,-0.07613110604804453,-0.035489479834812786,0.007652619712140835,0.00817028054317597,0.007335887801947002,0.0012816969021590863,-0.043937862153385895,-0.5168241825628769,-0.005263950604083932,0.07337016696183145,-0.03996097599698937,-0.06304666928434516,-0.02030633461711384,-0.03240261500063214,-0.0333885621808302,-0.013144328754588163,0.052163685824341104,0.05405939585278521,-0.035241510467796985,0.6265069848825324,0.6319161556029215,0.6332220009447106,0.03433905585072824,-0.0337424898026495,0.5361561646141851,0.07052629230045196,0.09054362210480664,0.49208174772659874,-0.006362344883968732,0.07252948989988578,0.038387849670402825,0.5936738057048574,0.49187461085565265,0.08628092433874658,-0.270680443491575,0.02836473651338563,0.015912592350048434,0.01177175455832116
INTELLECTUAL DEVELOPMENTAL DISORDER WITH HYPERTELORISM AND DISTINCTIVE FACIES; IDDHDF,-0.00822340732548728,0.6449364838074748,0.024049437031180954,-0.0008732762390037647,-0.05306501698933054,-0.06240166087888642,-0.34186241129471523,-0.0668894993317053,-0.5158229800254632,-0.024996740645248757,-0.010724848423528645,0.45084174572289054,-0.01357511255863716,0.0023847207517442605,0.04542184540729899,0.29726421784177937,0.3530992766989412,0.6254699981217218,-0.0015373507582488047,0.08457668822294805,0.1050816351869911,-0.010499978933582357,-0.07732231223592725,-0.09385856087494633,-0.10072788608897788,-0.05333425522491014,0.055252832743122114,0.058740866073708944,0.060993734721660545,-0.0008687764282278657,0.41479591644094127,0.5493474178533512,0.06659923864619888,-0.028693586130222756,0.009116655271755083,0.003645146515727932,-0.0009641657998688216,-0.00556913887702915,0.016921661116306254,0.025467898801430112,0.03235175137566649,0.0029085965669945675,0.01262057250309397,0.022143820314801072,0.002947678809036451,0.015596689512548698,0.026853396395114117,-0.03787803720369226,0.00652919954445157,0.006899938719396414,0.007081840704367647,0.010991740418484426,0.017181483258838597,-0.009421969581633908,-0.04044989222358004,0.004456365230143684,0.09584643754407376,0.3720189470965227,0.40430515932811484,-0.021127162779833827,0.014528850605007321,0.006954599487464147,0.0008864158114414081,0.0009227424163116803,-0.0021642050856863007,0.0007754106440006538,0.004707405235062476,-0.35095856364603684,0.0024692242296855444,-0.07240502626167412,0.457902726002186,-0.01299111670081358,0.09291399672305925,0.11865913405324335,0.1209926405670377,0.1268186120925216,0.03992999064788447,0.11652479788058956,0.051679447975543115,0.09291399672305925,0.7304286752678667,0.3835839010882771,-0.04324493205221861,0.06772939626035189,-0.05904062956590434,-0.04461913187978544,-0.4580711048634769,-0.4641554088596695,0.034063237650661875,-0.03835229088355653,0.05718311083960561,0.07205974587455286,0.043762188775689256,0.001634390720518259,-0.662700681414324,-0.08396544037826566,0.0797372189468322,-0.04144816761452754,-0.021600003467730496,-0.034996263586111874,-0.031893669990722524,-0.009209756553448818,0.014803529418873022,-0.03915314854626086,0.02006920704451042,-0.02742071827582012,0.10408037235482989,0.10377428777405864,0.10233646025459368,0.04717930572903381,0.008620485600772939,0.572974766681197,0.04023621946642291,0.010178574428532159,0.08501813104920515,-0.006663407684413942,0.0821373802915349,0.058880439976466074,0.08913081872055642,0.4110380438145333,0.08643783907388376,0.011994122299037083,0.06351906712252373,0.04219922936285407,0.06236149147310165
INTELLECTUAL DEVELOPMENTAL DISORDER WITH HYPOTONIA AND BEHAVIORAL ABNORMALITIES; IDDHBA,0.012793949171218054,-0.04826231647580629,0.018990577870835277,-0.036781443979817405,-0.041629845897396406,0.0017168148107395962,-0.06681224234602663,0.06371299134305448,-0.058174824560748246,-0.0989341049513515,0.07940894816528014,0.020093992040416446,0.0019224072087617506,-0.02536401452338587,0.08223249632133708,0.0765911172429378,0.049971364142274724,0.008883988952222026,-0.010744950593785541,-2.9480161001492167e-05,0.07999245058327818,0.051577165385684215,0.02122897911801017,0.014420966293022577,0.007666320332841629,-0.055789033982865034,0.017875660513694696,0.02223383032589903,0.026340203849040258,-0.023795716947903528,0.07273822969480057,0.41468171757109834,0.3716150991800397,-0.0463662773799617,0.36493679396985673,0.37235911906764146,0.3726402082878893,-0.04981155563432597,0.3130852833621766,0.2950160031758733,0.08221392624204218,0.27730339958508343,0.08124721779430817,0.07342097022790597,0.2873218277308593,0.08382057695066142,0.07467643424449352,-0.039017838647889644,0.32755707890585256,0.323667399715966,0.31669477172481253,-0.020446871952280253,0.0835364401401602,0.37028087098949575,0.350656212692539,0.018349215233259736,-0.007449568234300913,-0.00553025964456411,-0.003337332802415466,-0.026891973038411163,-0.018979340409360876,-0.02429955519173905,-0.02726583658118536,0.001270044416648965,0.027029279642763516,0.03210488219630494,0.035690619788417394,-0.08563781912133592,-0.03126519851171568,0.007061493781012585,0.07535124298027382,0.002902769158857436,0.010502220362031004,0.0020157178071141383,0.08533521164800872,0.07260218560749256,-0.03804315030079305,0.00276211472932856,0.017620874068595065,0.01078938962434972,0.0208374999088878,0.08053810695552409,-0.009491005794438323,-0.004754322206202011,0.007908732472249776,0.017564691436527308,-0.07852776519566988,-0.08344522162133593,-0.009787605652432042,-0.03435803637220084,0.08915673996685128,0.0878228212794194,-0.012685120324029731,-0.03178992817423674,-0.05283906546045128,0.009967130633996471,-0.004625603097321039,0.09098309929526315,0.030869181434218695,0.09882352488792864,0.09289867569877126,0.09336913726891011,0.04855155588763343,-0.016329940374436483,0.05482873280324094,-0.043078296214848794,0.3416104358583924,0.3513819561955141,0.3576836556698606,-0.03809601146983951,-0.08475725241624178,0.025473832246574003,-0.02303793611014721,0.09986983527845968,0.03253762973518778,-0.0392626707246283,-0.008546606167146795,-0.05884689099649155,0.006467671016486,0.11167718399157818,0.012516657305973766,0.0009861019745596032,0.07534434094035489,0.07044602868983037,0.0841084890771237
"INTELLECTUAL DEVELOPMENTAL DISORDER WITH MACROCEPHALY, SEIZURES, AND SPEECH DELAY; IDDMSSD",0.01709627286551346,0.07737341539019356,-0.039183133488373885,0.005501441052286523,0.00308431462873875,-0.0033613985030649554,-0.06288006553991701,0.0305759198365191,-0.04766166807524623,-0.07828760368935964,0.049922992918202465,0.03228530353451895,0.035069488130621454,-0.05850199931239596,0.06564431521643913,0.08726015200917213,0.08534343876961079,0.012082671015095418,-0.007322655772154058,0.03941468159603054,0.09996043816278631,0.01709509247792841,0.01873682068980263,0.02369368636483363,0.02610611890118468,-0.02807988438063253,0.010061710881104894,0.012322413149393257,0.013204648977173173,-0.001402829288255931,0.09888830134263348,0.4160740184578445,0.09218415620886332,0.00045246737014616997,0.0726259687936585,0.07279933563675826,0.07099428873616165,-0.05316737309982656,0.31173522417344646,0.3107901153876429,0.29491632068098084,0.06358057881033312,0.06443546972683942,0.06319197163544382,0.06973773547815187,0.07089819811306557,0.0692280410870113,-0.027891951635030922,0.06717746937739662,0.0663970471955128,0.06535695726432605,-0.001669398514284245,0.023565442384713736,0.02182473375912078,0.011723378434052401,0.022793553449958624,0.02387092480592764,0.021613205777149078,0.018195903986755066,-0.007217890486225153,-0.003661415829819011,-0.0031632962818373463,-0.0024861392156846937,0.004435475692509098,0.015302456443075005,0.015423588880391182,0.014149635140714602,-0.09153565675901375,-0.005494089483099586,-0.012218658506373964,0.06761495769073313,0.00858008185132474,0.011226592885704219,-0.0031145642066280226,0.083376044304839,0.06911925840793243,0.14205689969998392,0.14164306622855719,-0.003601060680190528,0.011340250195244208,0.0036958951783640556,-0.05789915156533063,-0.08774166035286915,0.05773278220235924,-0.054289505797990224,-0.059299127511959905,-0.0633031607959463,-0.07692846394598352,0.0005990757770356109,0.008144697209514391,0.03684394182467707,0.03858520870218567,0.002538173707617447,-0.0015760526540545053,-0.06720864552320822,-0.016613687934593155,0.010415233693823574,0.01644395906875228,0.01097011742713214,0.01956108926714675,0.018610715409122534,0.019561595254161127,0.012334121628709569,-0.0001340297117217701,0.021751312211369386,-0.02912563368869591,0.10848035805669028,0.10905319305888936,0.10662300373544144,-0.04021208424040021,-0.051420278173702996,0.010565314546633021,-0.00397688029955903,0.08138622111589724,0.07305345725226854,-0.04162637578955288,-0.01620870393302144,-0.04206379206830957,0.008804370693485164,0.01972831767831438,0.03370323564849405,-0.039872469068163996,0.03150451292673556,0.030897846311986363,0.03665748328933066
INTELLECTUAL DEVELOPMENTAL DISORDER WITH PERSISTENCE OF FETAL HEMOGLOBIN,-0.0008539051594556174,-0.014457529585479034,0.011013860181297033,-0.038381688629775826,-0.21631230321753472,-0.007016443146548472,-0.31670663578708164,0.0238442559977651,-0.03831789513428934,-0.02278793898815275,0.0015435686614182157,0.40546186459543654,0.007099634625689798,-0.028644974798271335,0.007996262710432724,-0.001812342383764681,-0.013014528223261844,0.04334041470556159,-0.02331310626347517,-0.028547892429317417,-0.013920685080153953,0.016951391762887204,-0.255595723119505,-0.17610151466278784,-0.04106133052153682,-0.009191978829846183,-0.24432810829980203,-0.2511664628398188,-0.2526943933895563,-0.035954653467482105,0.02159800372679764,0.19212898189984992,0.23855429002877188,-0.03242963846293323,0.21933284642654907,0.21800453075231854,0.16897540417144644,-0.13881709552896024,0.037374602348382184,0.0311171516321429,0.023196070731055382,0.1584728209158113,0.04408235861280229,0.037264195370861765,0.15611008078416724,0.042402384816005965,0.034422770821963364,-0.023649842945857927,0.17364879384401513,0.16568034046654556,0.15587759438498505,-0.022018503660934243,0.035414222975264066,0.17413376577301753,0.21003174681663603,-0.017451571096290214,0.05108806231333697,0.04843181816853404,0.04134816618673071,-0.030295392500064897,0.0009038688808190549,-0.0019323700544737106,-0.005864986656958465,0.002526117336090226,0.002957285492001485,0.0057853198563211925,0.008984007269135626,-0.28653465758727364,-0.037286895252850505,-0.03718027664448147,0.22472025318725006,0.004487606577491846,0.3598966189398653,0.03543120652289564,0.18625726439424872,0.18173520314568195,0.040392003434770715,-0.0005634346985648158,0.01983274730839513,0.3598966189398653,0.018876742029130953,0.042182190872762655,-0.005866935500659579,-0.006709826046753647,-0.27253400315324755,-0.2616762742498996,-0.05260973315725078,-0.257630320567269,-0.025325606086223494,0.007905622463810496,0.17509972767444315,0.2263883199157651,-0.025681415354917803,-0.03206801163342943,-0.27367757545575533,0.005613006905421731,-0.0024388684161729926,-0.0015944575211398401,-0.012303022674711759,0.006392505605468688,0.0022228100974710143,0.012093878969353945,0.0031320142941821567,-0.004417000322634349,0.037340294251129,-0.037591711350488784,0.36552957096647326,0.36679530601207777,0.3636435488367239,-0.011207989831481057,-0.004908807838032676,0.1688502331221926,0.005209276389055937,0.017038285731161198,0.17852975067131588,-0.01953410129021432,0.01001320756269305,-0.0043167213105132106,0.028923676717113996,0.17513163423331488,0.30549969744431565,-0.1500568470554899,0.029996762605517594,0.02256809504246571,0.1430341133949188
INTELLECTUAL DEVELOPMENTAL DISORDER WITH SEVERE SPEECH AND AMBULATION DEFECTS; IDDSSAD,-0.0008284238861943067,-0.05417634524340306,-0.007550026561252248,-0.016401138353767532,-0.027900203788786306,-0.0035137870876280303,-0.0024694368852526717,0.08694490387993961,0.007898006433535967,0.001600606104491076,0.015200760712526315,-0.00537412458641206,0.0021855475775425055,-0.013707132384464086,0.00025875747435043234,-0.012961241603427221,-0.025252543527833994,-0.015226521502829727,-0.00726988037824907,-0.010281869252287764,-0.016044077199143116,0.0006474165093987443,-0.06354004176218392,-0.04454894561030193,-0.021257159343196386,0.0784258721835959,-0.0125251422101901,-0.021967641894189562,-0.031499679254381206,0.0020760277846328806,0.00025752955895325016,0.0017232952536018933,0.0021562672047275196,-0.014138721468258683,-0.0045225985325649575,-0.005495196136531735,-0.006731603568217031,-0.022782464744037705,-0.03137831199959747,-0.027512446000830595,-0.021260123000732246,-0.019509416849386736,-0.023633382376076716,-0.02563984119775413,-0.02473888875382528,-0.027190004903797853,-0.02810308300029812,-0.022778040418777044,-0.008710079958502303,-0.01140784649741476,-0.013974579408772439,-0.01925386307793697,0.013901251773528365,0.021582009176694776,0.02084447204152444,-0.052523849592204234,0.004481794003533911,0.0013757592311687782,-0.0013833393392806998,-0.017150499840770186,0.021279524079461494,0.021094034724724903,0.01806328108124875,0.004009754488850124,-0.014693790403348244,-0.013784660496057168,-0.011705748692919795,0.0038542606703444843,-0.010599710325029736,0.019731540165910055,0.005674455374256657,0.05656138737298151,0.08145253156561857,-0.00971558573949641,0.04767982832341834,0.034969980209376625,0.07006315074374282,-0.08369946142811989,0.016876597786000595,0.08145253156561857,-0.007134160559296354,0.04581494989400705,0.07273445809517656,-0.0013013743656398544,-0.05776530954299675,-0.054501369532500385,0.017951749915538814,-0.007240402883050651,0.0068161084118819985,-0.02833364071169303,0.020937894431464148,0.011012760789527225,-0.016739066069225386,-0.015034923299191252,-0.024730026985976213,0.005775893759414789,0.03529361837872189,0.017418791481549397,-0.0042619818383357105,0.025315479566507357,0.018001413312695287,0.012279998312188059,-0.006134461595549951,0.0389104413915548,-0.000319226550263382,-0.010561521210861314,-0.005105555819949107,-0.003866717734011397,-0.0024988666547884303,0.0006704740271190452,-0.016770033710024432,0.004337623853695376,-0.047955513024271035,0.009024439958330188,0.006228246292096194,0.010467837759650213,0.008507397389521162,-0.03392549584738169,-0.009608540911661105,0.012986510113780379,-0.03426713039381156,-0.050463840786545984,0.0029089482236280026,0.002776082514739547,0.007624944441631273
"INTELLECTUAL DEVELOPMENTAL DISORDER WITH SPEECH DELAY, AUTISM, AND DYSMORPHIC FACIES; IDDSADF",-0.0007898747570195219,-0.2557235745782173,-0.0033548562592623536,-0.040213132535153656,-0.018694184521561033,0.01919936995358528,-0.018386495800434128,0.05734525571069214,-0.042559522978947675,-0.001090384449644692,-0.014883944469980771,0.05030407280961032,0.03939342896060436,-0.006872687352395012,-0.019195837264270772,-0.05137492860682933,-0.06753049335953171,-0.0006410079780099405,-0.007988162416930306,-0.03859396186065633,-0.0046673205081389155,0.03232338264338665,0.006295021149791161,0.01388464071440477,0.019249083369296597,-0.003784621641477061,-0.028016515862331143,-0.03331515809941511,-0.036338391130391466,-0.012733932439080045,-0.0057606025055796295,0.01966904594678875,0.04120952004643126,-0.008739447649656187,0.008920917769694968,0.01090623396657169,0.01261449077264659,-0.02377153413618512,0.0034779194633523447,-0.010817868289475051,-0.02695943459608383,0.009809159385806473,0.0022404790181861406,-0.0026898074259392698,0.010422547523129705,0.00035101844911732355,-0.008207510422388669,-0.010236847763634356,0.008409495932440494,0.00793875808895673,0.007615072140674554,0.003405501621189256,0.0017890856830240641,0.03203547257371012,0.05711491643707009,-0.013942481200934703,0.030362924364052305,0.02806018758774161,0.022499965560926614,-0.032547627833639126,0.005860704599081293,0.0010993785654475302,-0.002690229258715835,-4.4165806140984764e-05,0.0009950392825261113,0.002747922628185584,0.004997818225726299,-0.025731181779009137,-0.009602546627156209,-0.010255628140278427,0.035457266644688866,-0.022678249337918396,0.04678524267943376,-0.02541536213064615,0.01279369863017536,0.005077981971069289,0.03387624791306587,-0.0670411987190279,0.04926713333743173,0.04665124169128567,-0.05216974804524693,0.014265270517208679,-0.007894116050630565,-0.06770088836214704,-0.053085364945852184,-0.03875390246096894,-0.03452912173873938,-0.01832733809479779,-0.017654574221242347,-0.01740713299847989,0.002267902686901933,0.002693157859143041,-0.01566187974869186,-0.04294744363415135,-0.019789832582140638,0.03076226881458915,4.995379170381814e-05,-0.05327333748139551,-0.043180909359140644,-0.045096461619301524,-0.051008124499189,-0.03984997831472296,-0.04636481440342471,0.002429318500289309,0.011024512686616923,-0.006444304774552076,0.03627590009540407,0.03788631029930666,0.03857155018335534,-0.04655818229857875,0.013223563347814967,-0.014789146850818221,0.02536996239788679,-0.0018150754248742983,0.05435718227461145,-0.046243547374782236,-0.03758805440906376,-0.014540903191254943,-0.017891985475135392,0.0013709050994221432,0.03621348822197702,-0.38597685567013135,-0.005099686598317874,-0.011732876561567799,-0.0028262578796749995
"INTELLECTUAL DEVELOPMENTAL DISORDER WITH SPEECH DELAY, DYSMORPHIC FACIES, AND T-CELL ABNORMALITIES; IDDSFTA",0.02250822613426181,0.04495620555366992,-0.020929067074467712,-0.029844502641506242,-0.03560883177666318,-7.726953642214129e-05,-0.04370737666941624,0.06157254827357444,-0.3954554029009169,-0.02802429205073791,0.006153298959923756,0.24597718903228338,0.0014628856421061347,-0.01707387046671781,-0.019966686038184616,-0.017846043146626012,-0.010038023997928877,-0.007370426524533054,-0.03793408801035625,-0.012809045579525176,0.01683415021055161,0.026428122469018836,-0.030641071242126967,-0.03375057327234316,-0.03245123110387087,0.01743116625716232,-0.0042889535274299485,0.00017970381458077205,0.004689966572129638,-0.019987512380431234,-0.0011242797520596896,0.02968769331921818,0.043797230966100005,-0.011296244689415234,-0.026321247857337287,-0.02749384830351841,-0.027635535451603733,-0.010347065329770606,-0.01283142275259273,-0.01590276460092176,-0.017974478613842316,-0.026688985249565707,-0.02714626918464771,-0.02552711934247699,-0.02557958927393713,-0.026051287222086904,-0.02565632855521523,0.0023218316221463057,-0.027017616296348374,-0.02751301342430726,-0.026527850004053704,-0.013121703861362435,-0.02242474721010276,-0.012347534269885191,0.000348577138811555,-0.02466822113637686,0.020157663692213588,0.014000462937312433,0.007006275112596955,-0.005394463648114172,0.014524343206894942,0.012058012461334389,0.008177741985251206,0.004281055761669997,-0.004682188606341022,-0.005876903029176958,-0.006569500539193202,-0.002318247996322076,-0.037683754789399435,0.03011716868553584,0.367438715794383,-0.0021123655717195607,0.4651946534912698,0.001664119405628588,0.036864310084738255,0.03032651383895199,0.023780621535552337,0.009902967636462668,0.03627308102866613,0.4651946534912698,0.060511761015868824,0.020449154992625444,-0.003357182285793267,0.0047414067971417355,-0.042912187550558124,-0.031211287335053694,-0.03829745349219346,-0.040654162829948985,-0.1530331748883669,0.06187061828683503,0.04371268502344003,0.04636461560762686,-0.031931837381239676,-0.02595853410697903,-0.0398202631453688,0.010081123691605558,0.0010056970580527833,-0.0261896562378624,-0.05545159787383242,-0.015483444720993052,-0.022434828309615358,0.006776113364912932,-0.026249992506439945,-0.04774570155257525,0.03724021764873457,-0.03253296886244936,0.024471123292266528,0.024865325579874233,0.02473653018005513,-0.05465244395857057,-0.009880601018392651,0.001696315625891732,0.001343377829900736,0.007806456490455876,0.004740353937220527,-0.05968931683779393,-0.039718808690440165,-0.04240605543043516,-0.024083981010425106,0.014856415367764289,0.3742667488314736,-0.3035884403530096,0.009668509756876675,0.013731050861291935,0.03357964307149988
"INTELLECTUAL DEVELOPMENTAL DISORDER, AUTOSOMAL DOMINANT 21; MRD21",0.011425195775140319,0.047425092144365896,-0.021405104574145142,-0.03274770986992734,-0.04045815197145242,-0.0011265832897031788,0.0032020138240820327,0.45343965430971755,-0.23072037476190688,-0.02143453092389456,0.013677219448752003,0.06159116460732315,-0.02385593320078505,-0.04702192359874698,0.027235169953932402,0.019958721953163373,0.007184565003119004,0.016920359639730542,-0.043953961822207926,-0.006482172517876853,0.02964108250923877,0.02850194210815885,-0.022270505119904888,-0.018363012083076655,-0.01303768721318462,0.0040384797996269265,-0.010765537196675995,-0.011242113857403377,-0.011107118388051163,-0.041477032351663286,0.02072654735291068,0.05533791984245451,0.054184122888731236,-0.027907947803883504,0.017876374273528915,0.019999429325431608,0.021715132145560194,-0.029869603631499524,0.03776936627979997,0.039224955754205815,0.038128168226078396,0.04073908302475066,0.0374044278095791,0.032945587879217225,0.039879383845215235,0.036665677204696295,0.03197211895472342,-0.03496616653185988,0.029933106694342633,0.02940097061803692,0.028438511961896833,-0.0305733409931102,-0.020017258016705893,-0.01673701831012009,-0.005889814412279989,-0.04480515896481444,0.00934336954018282,0.008176156113965044,0.006275726153565391,-0.01853525630355081,0.0030365450978653372,0.0019903970889915776,0.0006640202233279515,0.003227899272048223,0.00216250284253554,0.0037777835261896095,0.005680252399065931,-0.005776369846775346,-0.051813591163006975,0.009933441995268445,0.06939040540653152,0.013221772508256627,0.3614898943760444,-0.009811696739545708,0.04629662389278474,0.03515923456029261,-0.00433296826577093,0.039630963440740824,0.018094865058397754,0.3614898943760444,0.035828563790277795,-0.004394606544418405,0.01262109889284781,0.048911445408351115,-0.27843518600383255,-0.2692667943678005,-0.0180881166644749,-0.027854395493766743,-0.20791719802349054,0.06468824592913389,-0.009045081571438912,-0.01668583602822247,-0.03705755820400297,-0.02207871040378414,-0.023301501434281648,0.010899784355077761,0.013270743231607913,-0.02569053066603977,-0.23594957443163034,-0.016087498794580653,-0.02239956311009655,-0.0016885583024395035,-0.032003251648875956,-0.01592153403296927,0.18924918151829595,-0.02331708241590353,0.04097051782063561,0.04212773118321632,0.0428283235141274,-0.023652185736946798,-0.018800248900690163,0.0009470906366327755,0.0007131893279290039,0.014341503597784314,0.04568292714464529,-0.016420978818558966,-0.010249002806612782,-0.02627908169307995,0.007676858634604202,0.002102130495237489,0.20856480100746622,-0.197874738822693,-0.02109127977146571,-0.012046568036572882,-0.015414384854333607
"INTELLECTUAL DEVELOPMENTAL DISORDER, AUTOSOMAL DOMINANT 23; MRD23",0.040133440097085187,-0.031592654606632464,-0.36460171414462444,-0.03373356032127666,-0.051216058167536334,-0.010336020278198485,-0.0017694551864501833,0.2564614975750809,-0.03134756753332435,-0.06322793720483175,0.04611505053778665,0.205351770512622,-0.010525763145421458,-0.057753447876596295,-0.014635631161055913,-0.026598925653245703,-0.03075950869663318,0.01229077395550462,-0.3608309054727373,-0.01763861812838614,-0.0075869145119852825,0.010873066376888858,0.02998466236036171,0.041522132657841986,0.0474987495228013,0.016378127137046734,-0.011361217264140326,-0.014133023776570554,-0.01668075358219034,-0.3405553074574054,-0.0009354197034086047,0.009516970216704314,0.01659514907072829,-0.1787339507075835,0.004551528909299405,0.004365545609037486,0.004044191537358115,-0.04153730345201791,0.006448128083957064,-0.00035052812665691853,-0.006717988190611584,0.008861749082756686,0.004593107873303317,0.0007570500032441025,0.008532245090531987,0.003312115136876799,-0.0010202929865551435,-0.030965276482319105,0.007393122751057917,0.005717544545067784,0.00429928322770738,-0.35235679515733503,-0.002469863919190352,0.004795644440231982,0.012531604770505488,-0.01781605878749,-0.01918601830482364,-0.02638512801176453,-0.031824330554301145,-0.10733513811386364,0.053119613186939446,0.04272729257631449,0.008525401134862743,0.0004313122007612693,-0.026239593672212333,-0.007279503105015963,-0.005312329149158486,0.029843399124680297,-0.34770504592493356,0.03347845408881661,0.0415513799131564,-0.04460660202508435,0.036592141798931464,-0.020100203797191424,0.047021726871001264,0.034268741036559726,0.035592209100006086,-0.05425047286480777,0.023973034660373257,0.03711220707189186,-0.0028181168734149266,0.026230936018272567,0.0068549036240022196,-0.03704068144608274,-0.2902731006664383,-0.2737891551933859,-0.3346279341554678,-0.2243439708722383,-0.22938279348379126,0.055351694001554326,0.0006751324737709724,-0.00580374326181885,-0.3222018913012746,-0.011721934995282884,0.0024874475767573995,0.013188402455786678,-0.028028933012878853,-0.026456241841385633,-0.19773152034754127,-0.009766180297694198,-0.022698873179856492,-0.0012725070598834994,-0.04883912228782914,-0.0037664737682642476,0.3607276244795771,-0.2122442162743665,0.03439908099668421,0.033414015317300164,0.03224482964696531,-0.29020619485611304,-0.05499409725519655,0.004646676527971915,-0.00184622166041227,0.042971581664230034,-0.05853615572285957,-0.32899792910436176,-0.17950212053899717,-0.20313523330711694,-0.03813175644402909,0.003027317515151101,0.44467360883626933,-0.48531497819696345,-0.0007577732268511235,0.00044426278577141344,-0.0028927508890926115
"INTELLECTUAL DEVELOPMENTAL DISORDER, AUTOSOMAL DOMINANT 26; MRD26",0.027341994397001513,-0.00480333014034193,-0.04102472992839785,-0.03783516425537185,-0.013396625062887278,0.020541254558714726,-0.03350114074524364,0.07137778287882261,0.024851379491321282,-0.06974760000990461,0.06549587917701126,0.08057671573833744,-0.009024229664842169,-0.037909585664167106,0.08339044067863065,0.07678159668009836,0.048601120497189045,0.04363315310800098,-0.029003502705490826,-0.04598353130838013,-0.005479658158156472,0.03731896298764628,0.0013241780821863914,0.0026218020400192053,0.0037243000489113128,-0.02867313174268345,0.012108006424698415,0.01203602606608302,0.011787177224411506,-0.040249062267069674,0.039317606413763605,0.42440924258010554,0.3435985337392005,-0.00022566073093476137,0.026325870217661786,0.0374192178452505,0.047837562895070296,-0.02939653714420001,0.03662501642677881,0.0248930750762941,0.013077359501662998,0.029125132723599255,0.02523983419474892,0.0200800002770146,0.03195876579246228,0.024961541458554424,0.017350876273194864,-0.012213860698688564,0.02733096350611291,0.03329602564476266,0.038410691840089335,-0.014967503000745572,0.003648816140040294,0.043215513648602835,0.06744121533113562,-0.030412976985980437,-0.039458798813490584,-0.04373392688609051,-0.041966841875470964,-0.00021681797691019386,-0.01757275978248332,-0.023424788819329228,-0.02719703565656248,0.0016953589436777615,0.02193035044454919,0.026746067272076846,0.030082855067603,-0.07816809250678597,-0.04530174458078584,0.017227938715388084,-0.010553604407403657,0.031835036244427205,-0.02047622272035546,0.009307432696137135,0.013115578789896753,0.013853822693444507,0.0671468013531242,-0.0338026750780944,0.05674011275662725,-0.02080670403210756,0.0684052646482557,0.08917394265624032,-0.011946858360903733,-0.05095143056481325,-0.017276043637394725,-0.0026705628318926112,0.019351759022190943,0.0017807965218045163,-0.008507464896055202,0.0014393448770609694,0.3153455202624763,0.30616101366317294,-0.030017044601631165,-0.04691724819471204,-0.04337988568044231,0.027824899398369542,0.004937290779457548,0.0642311169762862,-0.0002196437015663217,0.06785056324871196,0.06939601522589241,0.06773694026619427,0.06828523725712614,-0.014682252823843752,0.06046042381387312,-0.03972006580082726,0.4686104056023384,0.4874995570586727,0.5016707365528588,0.010085385229428692,-0.07189390191888015,0.059010889828183546,-0.02603722159954114,0.26549586764685634,0.07156745922774532,0.01841387507854374,0.04690664096730564,-0.026499218847907933,0.06017405206791448,0.07547607922372318,0.04657075516319332,0.045588623759828806,0.29782019035732493,0.2682839461381534,0.30318829605306136
"INTELLECTUAL DEVELOPMENTAL DISORDER, AUTOSOMAL DOMINANT 40; MRD40",0.039762137216359905,0.03686335701900657,-0.007785991736274247,-0.039837409738158316,-0.04169289261416154,0.0033585383938035196,-0.01955590627420505,0.35003747013401487,-0.017531829173175573,-0.3693591361749943,0.23541614970737915,-0.005361802019274949,-0.0027647826415229605,-0.023419904716062912,-0.00016042608369944895,-0.006126128098821193,-0.011575817666833849,0.0077178191200629595,-0.025504209282636497,-0.0378681527952125,-0.03253147453619061,0.015158069343120894,-0.0258335489308692,-0.010444003695155631,0.0013025359771250996,-0.03428139340191606,-0.0015762923748733422,0.0009144507024725844,0.003947530791891297,-0.00914283099338735,-0.01554158387239048,0.015628740297561075,0.04431859599306691,-0.030969658948190107,0.0011686815393672483,0.0013765540025392486,0.0015014733201866232,-0.035491940045293616,0.0282550480498868,0.012618206556144757,0.0011391787117822996,0.013528577511512813,0.007367486255664964,0.002239750821990252,0.01507526637590937,0.008098190929582224,0.001813329300258969,-0.024307711754941484,0.005238961028069347,0.0034781074262587638,0.002089099188542849,-0.028233764241069423,-0.02665319311349033,-0.012665904838601819,0.0015594144742792488,0.0057042025499999035,0.02769429694505508,0.008906768284695174,-0.005350264861725287,-0.018547322501848824,-0.0004565894376547643,-0.003410574739632142,-0.006682207377680036,0.0030418324493407044,0.006262546547998896,0.009410654051111113,0.011942891098976722,0.019477751778456686,-0.0443679983524064,0.0464464713586416,0.023451779640380255,-0.0070664156107260795,0.052055991052557544,-0.02130713698463338,0.031662286203749425,0.019624820285979703,0.036688241515959945,-0.009355018608014156,0.018900819778483787,0.05196353240282654,0.2160469638798097,0.04020206453350352,-0.035253484998868004,-0.0472557972229158,-0.022789400668145342,-0.016190770229441372,-0.031534970434883194,-0.02948982904810911,-0.12912462903761932,-0.013934511712691446,0.04673850294854748,0.035357262472670535,-0.034430664694396956,-0.028272654643810947,-0.010844039123823087,0.022898011256252387,-0.02158508389365136,0.21767897171125178,0.007727830801580046,0.3256983011215239,0.21888975956205003,0.22713763684665028,0.00913326296796898,-0.017575188598637784,0.055122007857619545,-0.025860679062649796,0.03874450751685835,0.03920607893479357,0.03884775206561045,-0.1998869816556933,-0.2504261494742178,0.011370470549625068,-0.18564437373972384,0.19859763226111382,-0.0406123747292942,-0.19815905616102,-0.036461563184928096,-0.3431589943504214,-0.02834410748093139,0.01940925825267656,0.023521352466046877,-0.05379846217350042,0.006608623487270768,0.015922026726765064,0.02837386629943256
"INTELLECTUAL DEVELOPMENTAL DISORDER, AUTOSOMAL DOMINANT 50, WITH BEHAVIORAL ABNORMALITIES; MRD50",-0.014039488779912674,-0.0029751068527246053,-0.14222465245082921,-0.02858809364319879,-0.1285692473599029,-0.004897555578110357,-0.019736754929899784,0.3857122483758443,-0.31768794576153153,-0.001067627997910689,0.004519308111600054,0.009747164649887818,-0.03221226101217643,-0.22300597845826875,-0.13480101777619302,-0.21480496202250568,-0.2007504404687348,-0.2487854830910618,-0.22512292035465864,-0.015450946787076258,-0.0017466624309209564,0.013229818713122688,-0.00156387524670474,0.0013709983821885976,0.004411186561918044,-0.0046557414024504945,-0.21502350900594705,-0.21073227851613313,-0.20210965343134865,-0.21360021932498424,-0.022399775086130887,-0.010705639859455421,0.004781600821730807,-0.0225601945733506,0.019694292619564423,0.01973072639406941,0.018880516912141005,-0.19754894729571099,0.039826237849371005,0.03636285443260949,0.030873351828429846,0.02930162204124582,0.02399505817170169,0.018334537846656264,0.03115263188509541,0.025267530279930353,0.018366949106893755,-0.024411738312010146,0.024348975298270247,0.02220864449799033,0.019505198184156528,-0.15957563862019486,-7.452548261615149e-05,0.00516973253098837,0.00939653254815634,-0.008209688342676552,0.0014496937178061554,-0.0014159222638183803,-0.004579650249059397,-0.10460539068637809,0.009136546055894508,0.007001503861487917,0.004667592405462612,0.04528416780063156,-0.002947929735464096,-0.0027335722308418826,-0.00231135387112264,0.1610196892546935,-0.2537889702726317,0.22568144446357546,0.2914435831521373,0.010980500718509603,0.483495487521828,-0.028973500997651537,0.033831388378850455,0.020507328851552587,0.17084575771949165,0.02575948262518738,0.014122835811644193,0.483495487521828,-0.029453869082461847,-0.028803279117086997,-0.006961653532811092,0.01461612989152177,-0.2391702012890709,-0.23367471414586638,-0.006867867483402637,-0.018257846851256417,-0.19354911197285826,-0.010270577710696217,-0.23843926413919247,-0.26017032654675676,-0.20918071066273392,-0.013754654196899233,-0.0024750741041451563,0.012379969339143959,0.1513965385630543,-0.2754472173724425,-0.13302710235567838,-0.25839407147000176,-0.27623262304162943,-0.21896102698661785,-0.3180671440024507,0.15833886586230672,0.15617902523382732,-0.22275056862714007,-0.0360682803339967,-0.03370220466694707,-0.03073183861338594,0.0024932835253683124,-0.009218683201261419,-0.005665863153733193,-0.008988240533812067,-0.007566671025294687,-0.011708854698018965,0.006408456552403552,0.0005762800533163896,-0.007248263359414614,-0.006786042330451316,-0.008149954758395143,0.2871433574395017,-0.47634847716183903,-0.3094707367587694,-0.2825920368049339,-0.28300789501047335
"INTELLECTUAL DEVELOPMENTAL DISORDER, AUTOSOMAL DOMINANT 5; MRD5",-0.020251319987810455,-0.18842035656525194,-0.010702783987149501,-3.0139773973211412e-05,-0.03365893700174862,-0.03134170050688831,-0.31208862771821066,0.03660682788164819,-0.029052120164750776,0.01164618127444446,-0.0070792471261459525,0.025997021061269186,0.011667997496163283,-0.03401058705687524,-0.017757991624310153,-0.00847460534893196,0.00027318589505756713,0.009958998681506254,-0.027739466944197985,0.01091119369384715,0.015393390942302002,-0.0010005185740433761,-0.013213903874564838,-0.014987426424123367,-0.015501611845087327,0.00043922254029816343,-0.04723506317732762,-0.044218062044773396,-0.04016254928541079,-0.01862617668649744,0.036809566110676685,0.15316108886514798,0.02724705336793552,-0.014791020324079945,0.024408200649377137,0.019255181548293608,0.012980451398474,-0.01462373180569596,-0.005493709238590064,-0.0022459353684434183,0.0001719639776681897,0.010439269079899914,0.010849402249148623,0.01060085881620299,0.005831460145217728,0.007033266483364139,0.008078000558386828,-0.02073556789665483,0.021427946339717594,0.017992027957480144,0.014140373997457868,-0.020259317841858172,0.13806510437799674,0.037274350335160335,0.015176605896274042,-0.15719059256038728,0.010031171471590982,0.012431465275536359,0.013593881218623559,-0.13888719844569897,0.034456469485297514,0.0023086400311640555,-0.002551737281389276,0.001889004092930367,-0.010603507934913334,0.00025647317849721317,0.004954461780599692,-0.2858309032635964,-0.033520949576251444,-0.014676200393789604,0.04171203327502014,0.0028175923286967307,0.27771147132949386,-0.0004131020085039561,0.16895474272348013,0.14073578539120488,0.049450493669092585,-0.23998218618906744,0.03179949773922405,0.27771147132949386,-0.020269335037736178,0.03652077181874216,0.2193261963069458,0.0013818256707020847,-0.3688534356629237,-0.35076492314291335,-0.13707584861425967,-0.1565414824883559,-0.005311352918968752,-0.12292148199707101,-0.00010227472534975563,0.0030527075978891384,-0.022164867904364526,0.0014787726754111822,-0.16144313627555307,-0.019369827584891478,0.025872332432049235,-0.008246003775311764,0.14062176900510498,-0.002425079314011004,-0.006603487631406572,-0.012079906769572329,-0.012022576054606883,0.04078119567876859,0.04246978044434813,-0.03660025403704922,0.031125468807785984,0.03212162414555458,0.032981775500652954,-0.011752295090309749,0.006162449115533637,-3.48912769189227e-05,-0.008629075171405598,0.0019643880443761573,0.33941418490630476,-0.009979475355605326,-0.008226611521695685,-0.014780289635117148,0.006522864138131255,0.019138135982995637,-0.0004114290777524661,-0.1496477784129108,-0.032726535435575466,-0.03443310847049864,-0.011259569396230388
"INTELLECTUAL DEVELOPMENTAL DISORDER, AUTOSOMAL DOMINANT 6, WITH OR WITHOUT SEIZURES; MRD6",0.005901830056697147,-0.016681963723748545,-0.21814970911394674,-0.042500052705856176,-0.33379198521227005,-0.035570983870414144,-0.3088152068141973,0.046245254145243615,-0.2163219124922532,-0.03730181068003772,0.00990944904381425,0.4145757952096816,0.00031179670887364265,-0.27383960869729324,0.0051245689328687834,0.0016397205068783504,-0.0014514693860247546,0.052690072542406874,-0.33296789697594537,-0.0011959672035743208,0.013947713783950946,0.0120735448525549,-0.010419426401766458,0.0011356571318742444,0.013257346629496312,0.027187329307969643,-0.048117876145252175,-0.05307714545308132,-0.18188265799344794,-0.30224371717791926,0.25024195435925345,0.39954626290035467,0.3139492960506189,-0.22296799425721633,0.3633820163115909,0.36806347247989796,0.36449530624316584,-0.21066722461572085,0.20765418897042798,0.20359506263872473,0.18880768185878838,0.27367749063323354,0.2739122332173089,0.2655619033319886,0.27790557581911635,0.27550532677486655,0.26215555502959115,-0.12831010165774356,0.33009007021724596,0.3315383137128509,0.329482727098555,-0.3304653982710676,0.2961998042759664,0.35682281596162607,0.29249066355930414,-0.03791094127613525,0.1650080112457841,0.04539850679753722,0.03489803809945343,-0.12390600094594686,-0.0005038720773217856,-0.002310565387949017,-0.004322389665464492,0.00022959393013102789,0.009267647473690507,0.011131510846549696,0.012167720493990288,-0.32670930273994214,-0.32243324065517753,-0.023478174717305924,0.3524235600669599,0.013986083192779835,0.27250078474406586,0.051523546173168296,0.3483476064740588,0.34134812447387114,0.009653193861963295,-0.004557278471024163,0.0010753128664449467,0.27250078474406586,0.06052302393349491,0.349063399612601,0.0009858878513256163,-0.0028342086434071396,-0.28721544911601293,-0.3011238035777919,-0.2963027082961235,-0.357062930475686,-0.2107262435188064,-0.01181098410323523,0.02109995082987048,0.023571784866177444,-0.2893145502501314,-0.027726019814816247,-0.40068212443345397,-0.010120945296695822,0.025643076184336977,-0.017923596190630057,-0.028219380543829192,-0.008085061217338901,-0.011864705150898,-0.00034173562778601633,-0.012711873679023497,-0.00048007652936639346,0.3348817468178538,-0.039321243885766945,0.417551763178517,0.4198203598341287,0.4175299622555959,0.0007759159008632118,-0.016556424409027833,0.2614005897178734,0.020793078337324536,0.03423546046840713,0.07799780300045613,-0.015764136858873543,0.028932723081157914,0.0043922619878412625,0.04614510940744197,0.4074658474469137,0.389390322228671,-0.22741311360858138,0.01019782722279457,0.007777540367217989,0.017945610010881696
"INTELLECTUAL DEVELOPMENTAL DISORDER, AUTOSOMAL DOMINANT 62; MRD62",-0.04916454493821126,-0.3702690110112676,-0.012848997039247165,0.009077402546578739,0.018192340754750607,0.006080118556642169,-0.009587722219134943,0.25500241368072557,0.006284153589092267,0.04940061422659109,-0.012922386066382557,0.0384832083073286,0.008170733220310934,-0.02198016675576683,-0.02477284598538691,-0.006500474029129053,0.006434155286437936,-0.0020914511961360673,0.0011330471975436694,0.003020137232446216,-0.016845360586370428,-0.014682075998963874,-0.002578836649089014,-0.0026617182096192542,-0.002411565365484852,-0.016327868731627112,-0.04836994956232678,-0.04791252681562865,-0.046533019104068075,-0.005169787561302683,0.0409212194483941,0.1796427030513199,0.03352047160381575,-0.037500817034151014,-0.006859158279794221,-0.0075430521946072806,-0.0076931669206946,-0.007890304841339353,-0.16008680175684442,-0.13853275905257667,-0.03457349797574646,-0.02293343590180007,-0.02073043305080543,-0.017586965500137386,-0.029578214471286092,-0.0259184532875102,-0.021001470071271483,-0.023657030908001777,-0.01022707110309473,-0.010045425522378833,-0.010056848953128274,-0.024083492457726362,0.040255687534297674,0.037413281577110054,0.018011723411172905,-0.010519214788833678,-0.034065577485164186,-0.03456139043162181,-0.03135942316861049,-0.02884689910392699,0.04791839092578479,0.041372255831433224,0.009179329054941251,0.0011054708509659662,-0.03917889282529296,-0.0319407177956629,-0.006231715159977862,-0.42728641939772105,-0.020326484389545207,-0.015026491149620073,-0.012705840716772242,-0.004046803721453745,0.05755665726536876,-0.019616486621312785,-0.010412818714422227,-0.013140252940633621,0.5973264302383114,-0.5451734862145547,0.03683591297593499,0.05720141568702995,-0.002249382304680372,0.37754380369868545,0.3893641801120671,-0.03380800733032392,-0.34838998537286053,-0.32309917533083254,0.008508623320015023,0.014449649048417449,0.00414385875428122,-0.03442125457829848,-0.038727758844481604,-0.038995173275548974,0.002210147569119735,0.008360370203542123,-0.031174352299742934,-0.019852219477869283,0.22107467130005767,-0.19039675283175717,-0.0018382379222504795,-0.0579520702596318,-0.18669239258999903,-0.20728702436983693,-0.046338493060661116,0.3405386170632687,0.021312273405643376,-0.05254304937477776,0.22300271066455046,0.23055922687588623,0.23533730048847634,0.1856502540143604,0.01156339234671269,0.0007296300346154883,-0.01786648598905948,0.0011274893125621343,0.5415007820088997,0.30799057987494416,0.1775607376262611,0.02586393045515051,0.3663034664105905,0.030758021682068957,0.024143042093946267,-0.19817052532794852,-0.04820866708396865,-0.05655272108905958,-0.04930900882634238
"INTELLECTUAL DEVELOPMENTAL DISORDER, AUTOSOMAL DOMINANT 7; MRD7",-0.02697824382977285,-0.25481993608486175,-0.008909428487291374,-0.0410514632182579,-0.012605773921777915,0.030857422660473734,-0.036633403873409645,0.28959202199147577,-0.35213553279919874,-0.029631853859368982,0.004403813865376465,0.19318819153345168,0.0008295727328381545,-0.03660605189918547,-0.01763782367595813,-0.019240817872692908,-0.014388321437922727,-0.14890892261467856,-0.014471998008576136,-0.02599372917118427,0.028093028594932408,0.14466083471794194,-0.033550346635225624,-0.04239640712641774,-0.04652355610132612,-0.0034459521408479695,-0.04825709054158854,-0.0398201716213875,-0.03027254543670839,-0.0009146190187628135,-0.025155147679594172,0.007242925463895569,0.03932559263464932,-0.01696659412867561,0.0016802892098235873,0.005018636407258196,0.008726713343666712,-0.13467929207457824,0.014022364757169574,0.0028485912184921256,-0.004914294039216641,0.004108270241603555,0.0010455941777725052,-0.001370611583918884,0.0029466890108895637,-0.001438749291779633,-0.006674881194213872,-0.01803471975314464,0.0035581055538431764,0.005165207545722234,0.006736937948343032,-0.01415977921142067,-0.0005174208857044744,0.020466890402245135,0.03671609548765692,0.00043461911309190034,0.026557804954995986,0.022838824775252523,0.016677514121267473,-0.1777905549795906,0.17807224975072425,0.16279794392421199,0.13178518034999226,0.0010380635678506893,-0.11303316375829849,-0.11332453217220397,-0.10495845363346343,-0.0023940698646054055,-0.02748918518936836,0.01287896010220175,0.31491872127730114,-0.011158641601061945,0.502269337107186,-0.012041785464134598,0.029901559469396273,0.020772397813435463,0.3879378091027356,-0.3268369703367869,0.24146917954482996,0.502269337107186,-0.026632144905831358,0.035008948647664156,0.0031665693260318527,-0.2674953206537056,-0.3663887099181405,-0.31227330908022055,-0.037715401717348156,-0.03425848486515754,-0.02852470667863521,0.024695811056234095,0.0018216340203292812,-0.00016988921267864837,-0.015354017624073695,-0.03944062899536087,-0.019694879585786935,0.030857802346882627,-0.012558695947575027,-0.026567040964552098,-0.04356508420595436,-0.01304795372583127,-0.02355541142066981,-0.0020593986233472866,-0.0418010558035283,-0.011140595127445072,0.01762651212642827,-0.042518073013105055,0.021542415525020283,0.024267828494613446,0.027229138187856054,-0.19483351796972587,-0.006280676459920273,-0.01888706925382653,0.009328398655048113,0.002052280844783936,0.0036765772390478157,-0.1963609778358122,-0.17046699638172655,-0.0390832081979452,-0.010151192073923874,0.0013786401732505335,0.2692185967483953,-0.4289350998822038,-0.02417869802861776,-0.019084451197176753,-0.007628954463774203
"INTELLECTUAL DEVELOPMENTAL DISORDER, AUTOSOMAL RECESSIVE 46; MRT46",-0.12099706139539511,-0.050488395258768005,-0.027112124163996002,-0.029943610056594884,-0.2741566519763035,-0.04866363084378361,0.009616150682824459,0.006593527507630551,0.06436671591940933,0.11630646744272401,-0.08014176607986251,0.08809814872107197,0.0018515188263640405,-0.008958986852134122,-0.04409019332482522,-0.030540947729206736,-0.008564668092245337,0.38799266175517166,-0.06602300130923876,-0.007878429793084011,-0.01893489930631096,-0.0025398300630527877,0.02114893193005232,0.017980660536231634,0.01209724523004907,0.005449379367787947,-0.03892284836673942,-0.03554766655160351,-0.03116440357027909,-0.07354589533102068,0.0538070030255056,0.08333600945762788,0.06278982092915539,-0.054464013303698024,-0.04581202591433589,-0.043871843704265834,-0.04157970247760556,-0.010219720249654491,-0.1076589891398696,-0.10807134748422928,-0.10325110231486442,-0.05889000306936749,-0.05940220323677436,-0.05706376343828017,-0.07366551449206375,-0.07238921694483046,-0.06826936933623597,-0.005534334400496724,-0.04455212175182798,-0.044035971398042675,-0.04355507656903842,-0.06911453920084781,0.043784890287068515,0.05448307914649514,0.044853529730955286,-0.03793900858061113,-0.047977227207876186,-0.04818803645359896,-0.043822351186080265,0.005476062129736004,0.0015072255346307802,0.0036222356773747315,0.005991382486541394,0.013187005094723623,-0.05626896502213729,-0.056670926029796696,-0.05332946390111183,-0.3763057827913111,-0.0673438902567091,-0.06555339435487678,-0.00911593544962776,0.11678691328465104,0.023418901619942867,0.5885186092181872,0.054275086620780975,0.0849632602161476,0.48670876693682114,-0.43737243882046883,0.03269004868279844,0.02322023617107622,0.09954961134822717,0.5833436843031032,0.06728454489547869,-0.07123536308466681,-0.07523930909294577,-0.06928616717128921,0.04296058905274306,-0.019307816121033862,-0.03829194609726548,0.10543683342397717,-0.019770280227252884,-0.02573680509028999,-0.053907878653073976,-0.016875599980174842,-0.34015281846943907,-0.021028968597085855,0.11405668753744257,-0.10444590727163393,-0.07356310625213386,-0.10266677661561502,-0.101071822275234,-0.09430245770288491,-0.06411858367432369,0.09096237076017945,0.03698762305896663,-0.04282679013250454,0.06723336017213286,0.0672178690179545,0.06691519391598057,0.13083435710047178,0.07802311643477573,0.5753862318797183,0.35170056146801926,-0.04638401337429432,0.655797557202922,0.07146562902973869,0.12942545487599985,0.48005641654644854,0.15903634847433823,0.31589089240939483,-0.019863150360575944,-0.04632746395051622,-0.02373313348020732,-0.039988817333793905,-0.034788696122906665
"INTELLECTUAL DEVELOPMENTAL DISORDER, AUTOSOMAL RECESSIVE 67; MRT67",-0.006399437270872131,-0.01963304130837688,-0.010980714060724164,0.03784579463834776,-0.009092672381872018,-0.056017915506498345,-0.0010869632271697308,0.07129870967113756,-0.04802025885662388,-0.005771332667033097,0.00649490009802288,0.0004758990982360754,-0.053065150541778745,-0.014286580843135735,-0.01823877808867426,-0.001382997983828068,0.015142239023407814,0.006971244532719093,-0.01830697388939609,0.06550804996255033,0.06819031459508482,-0.018780517677312005,0.007258590336825242,0.007952309368296558,0.008071487238432016,0.009278337141878923,0.0014501789456109263,0.0034936523228542493,0.0056294585375540485,-0.013851128542663021,0.08030678549802872,0.07217909604212475,0.0131404935205427,-0.00443977504686393,0.037983606097615835,0.0264507731472439,0.014642935053730996,-0.018883238333675202,0.021285272229803715,0.02894463652174506,0.03542291827045285,0.012964712201781588,0.014803248266588057,0.015948140744440828,0.010869334710464026,0.014306004756447966,0.01664040981572236,-0.02347410199468814,0.02774358343805681,0.021932834964990003,0.015414308713377223,-0.009443993416479824,0.0659759513863672,0.039097374374797385,-0.0004967930717337507,-0.05086166265223332,-0.01733914065633443,-0.017251855517020534,-0.015443560822843577,-0.039715671826394565,0.008539458960345003,0.004327203324695503,0.0006158223894457526,0.00010339266731512005,-0.0021813371471912013,3.16309597352203e-05,0.0027949285305982536,-0.03428968426216057,-0.01389529060070622,0.004049215537778807,0.06932116826873734,0.030392713686601597,0.0623765924362633,-0.010055398057044144,0.08675781889177177,0.07060513906475419,-0.0036911924395346745,-0.009159154650683348,0.030004218713843487,0.06091583000768741,0.01095225932737391,0.037759602396759816,0.030782820961613742,0.01610717603163819,-0.042639924908393106,-0.0331163131093344,-0.03312172637689561,-0.06436156932029055,-0.029954840325628028,-0.03650516729911433,-0.007360103137832716,-0.012295173569064746,-0.0011245361424615146,0.04147820772533701,-0.040791384483055845,-0.056739895929502106,0.049516002612983445,-0.02223285127465163,-0.024282287465347458,-0.018914319164722415,-0.022780985343740345,-0.013464882840338461,-0.04466828047502284,0.014277069918461513,0.0031454190073274537,-0.02029974052702108,0.015776191728865425,0.012066823575131388,0.008206217468964385,-0.00834233709678173,-0.009835889350694954,0.011998319543089005,-0.0029116733369452708,0.013145271429969876,0.053873494982862084,-0.01639070403969162,-0.004959358470240965,-0.012899448237827422,0.01437826889655678,0.04329638623309361,0.0027468704339232634,-0.07380917128083739,-0.020175461513283855,-0.01846863810072759,-0.01551417219176125
"INTELLECTUAL DEVELOPMENTAL DISORDER, X-LINKED 93; XLID93",-0.03461355753032344,-0.1955919952568435,-0.23471890976406984,-0.02271494351295214,-0.028573012814136396,-0.0008031857631412043,0.41183880785906035,0.6434840239983302,0.03239451651774506,0.018242791716482014,0.0061239887054273055,0.03762587939459008,-0.027493921928295847,-0.2953340796076743,-0.003948738075880951,-0.011034207909050797,-0.01529324266522962,-0.00352130306943427,-0.2212131703022383,-0.02337586793873216,-0.02202829506884708,0.00732246897799527,-0.031066755672328555,-0.022093769213083328,-0.011873239248019526,-0.008947697720055645,-0.03493313520466096,-0.03392672786681502,-0.031614479880476255,-0.05688791107267234,0.0023114003422011185,0.017844009954698523,0.024982879700541177,-0.01079092257280109,-0.017324590630492843,-0.022080124006803623,-0.026830213294578676,-0.10658521751457231,-0.035100001622531636,-0.04378823777646768,-0.04911854121666588,-0.02319059380482107,-0.029980546549270144,-0.03602344450139026,-0.02828824866863691,-0.0359533363289501,-0.04127027359171385,-0.015413478226152154,-0.017617246399867573,-0.023309605119018677,-0.02812246036107741,-0.21107721410000196,0.004398467929741748,0.01433901739604813,0.020133742391112656,-0.0023986928867114005,-0.05887898988100644,-0.2095807810995233,-0.21222203593741412,0.005257115377325533,0.007839777944292676,0.004955528134470415,0.0016193613193601361,0.007281197407996332,-0.09799029039906451,-0.08615398015720714,-0.08876791844812171,-0.033559945605302184,-0.29798979317327096,0.04398086528026266,-0.020103575364843244,0.227939213862556,0.31507088481717277,-0.03012450006044461,0.01616338183096535,0.006495210217863847,0.083407871577659,-0.366061201681678,0.044687247674442744,0.31535168706852396,-0.009937554786627641,0.047934289102051324,0.039745417374024976,-0.13936633916809724,-0.036187077476313244,-0.021685826245538557,0.22831729825296235,0.03317598232458633,-0.24056770308892256,0.0025156515323412477,-0.20645853406613104,-0.3171508842486556,-0.2911596803635855,-0.010248957479107739,0.008808581790379617,0.01504497985813494,0.19829744755145792,-0.21031920261390682,-0.3176379657612094,-0.05774754445607724,-0.20655948888854928,-0.057855859196604235,-0.2824462383108067,0.2886243927249774,0.29595421846585623,-0.0017132044238606751,0.05314368602192191,0.05349734061697161,0.053484816511732966,0.018900347452198946,-0.010758649794549354,0.015075024112239856,-0.012952852120857011,0.011399209828827247,0.40097434510402463,0.018247364141213314,0.021910436413884005,-0.006427192125979165,0.05557017854876091,0.007710894188217117,0.0249947475614865,-0.4301190454566744,-0.052306291020524094,-0.05339190063948228,-0.22922720999847007
"INTELLECTUAL DEVELOPMENTAL DISORDER, X-LINKED 99, SYNDROMIC, FEMALE-RESTRICTED; MRXS99F",-0.03920085402152648,-0.004542191353685748,-0.1998154755574958,-0.012456138145360054,-0.0480429170391793,-0.029536915732019373,0.003317853025979381,0.390561872760026,-0.010370093187725766,0.01854271455679208,-0.00029866697493831747,0.05962272365038912,-0.032701797192701394,-0.04772812889764129,-0.005932727890546551,-0.00015001603961244385,0.005433036235685933,0.033571623576749025,-0.21651870061195286,0.0009144660749769167,-0.008450509010084649,-0.0071368891776779075,-0.036975446074918,-0.04282250110621971,-0.04430845818196505,0.043605970457801596,-0.017407444031332427,-0.014373021118919057,-0.011057240641923309,-0.18445984890604128,0.03273339332684333,0.049155129496082126,0.03361186225204927,-0.02149317580388411,-0.008095607749571599,-0.011789278730839636,-0.015069919113349834,-0.007818106460041562,-0.02261649244086822,-0.01862815128267761,-0.013334755945037757,-0.008706913068823516,-0.009676874833318732,-0.009792852811418108,-0.013047759830376898,-0.012422785614689234,-0.011834701432431767,-0.0008413703038475293,-0.006676452066810692,-0.009352660649588687,-0.012035089047060656,-0.1941204464252449,0.007019529229169696,0.0015836684818029548,-0.003560461733204895,0.007179613974790873,-0.03470843524399517,-0.02410874115469029,-0.011894156995476912,0.005941153824357418,0.025315789192914873,0.03303531154980564,0.03782552742803366,-0.007200351776232652,-0.02410556401040937,-0.030170623953532427,-0.033694727492514474,-0.2519169411589299,-0.19081476065929878,0.004939593155674108,0.01492638847359599,0.20765938424462782,0.36997982613181496,0.009063145107798484,0.015801572991039375,0.014796886731627006,0.06821207046975575,-0.0671372802993798,0.005447831946558834,0.37030897845816835,0.05338844345496769,0.21988406076511208,0.05047361161335564,-0.0068718529895955924,-0.02514646704876319,-0.02436875863776112,0.05489619392437179,0.01574932732121366,-0.039771064144859807,0.017914946046036547,-0.018105536631021383,-0.023291342153469202,-0.1896854653667036,-0.004655393172945254,-0.05285417135494845,-0.01158682428627909,0.24376188257274745,-0.17495410309280687,-0.04562308887082101,-0.051000729508737824,-0.05118090156768839,-0.04134180894302141,-0.04275269354618463,0.04587624843835126,0.3158037735487887,-0.02217206533246356,0.06107757978702994,0.061376969079303095,0.060995602032106515,0.044243215749580046,-0.002406843821373289,0.05405622813954312,-0.017594495284464603,0.010182699192117665,0.38802817415265156,0.03794562089259738,0.17650287266764575,0.007573016162462791,0.3992145065956088,0.02898765863231933,0.07901122087177424,-0.20372591987370536,-0.0222271062812034,-0.025348016441304046,-0.025387795049543842
"INTELLECTUAL DEVELOPMENTAL DISORDER, X-LINKED, SYNDROMIC 33; MRXS33",0.0034712393415073624,-0.012141340444578035,-0.014813828757000255,-0.0377783830620345,-0.0432358353989826,0.0004912442920616591,-0.133505969810609,0.03858849197836651,-0.0163082169291967,-0.18773071946897904,0.18601040075663192,0.171575834643594,-0.0015898659495102423,-0.02874500038482358,0.01907992078884677,0.010202117507654462,0.0007830177753912721,0.1291269729091506,-0.017925757202018694,-0.026822393347722236,-0.0066616536400467205,0.021091483360178274,-0.03559324868949349,-0.029708883274281422,-0.021230285727933923,-0.02100485383503779,-0.0024171207380920185,-0.0016313520478311132,-0.0008378701194144977,-0.014479086579642588,0.015102970345863049,0.17928519514532273,0.2378282955658058,-0.0007808890222157234,-0.003943055097875555,-0.0032668702516487707,-0.0025727170321150454,-0.02928065070597874,-0.0018255524438862793,-0.007401920827620709,-0.012979844824432488,-0.006296662446017283,-0.011635842911589724,-0.016651989086623843,-0.006911860500291588,-0.013116752173851503,-0.018656588852275117,0.0023173219817302125,-0.004360924956905744,-0.005831070024606531,-0.007441660484741888,-0.00991413799209119,0.004607160745941882,0.024126825451793295,0.03350023806344664,-0.12180217529348697,-0.042644995336442934,-0.15345699789392114,-0.15640062625401888,-0.022213995097851883,0.12429043417208414,0.12354830769394427,0.1110435204278854,0.007379247292534616,-0.07514211492934918,-0.0824191023369923,-0.08477955459436219,-0.022099785397321776,-0.031379144142982575,-0.00707525978404383,0.047167246244125584,0.002050250217333654,0.24235001749400692,0.011851609692828939,0.3123364536630013,0.27711963484778546,0.04552164190408314,-0.05748884344642404,0.020340249712098565,0.24215262994166403,0.17007679877667925,0.3037528623403996,0.020881024817103817,-0.029297163919761338,-0.2554083072370044,-0.2425675360153319,-0.28140934966474,-0.3228154984593335,-0.01739365689566067,-0.002527154508175333,0.016328400269564954,0.016534437339428564,-0.0185706798524081,-0.03489649276441465,-0.18840226666576132,0.011563516249916627,0.022307056330416814,-0.0038206138885135046,-0.006031829054186521,0.0050113336931758585,-0.0017357689305342431,0.004078593261720142,-0.017044990502895326,0.0194689901037886,0.03661678273771243,-0.04107871006041742,0.188480367902014,0.19387377758535979,0.1980507847910095,-0.008936141110005886,-0.19995054098351997,0.24276697807015812,-0.1810477919886367,0.1687731833674575,-0.015641539037745837,-0.01616459679749777,0.01776395414519047,-0.041646452585053124,0.03286040123240094,0.16138401397349073,0.4730530036091053,-0.33355941421097185,0.0037670173585819602,0.0010345289435517398,0.009308709959914997
"INTELLECTUAL DEVELOPMENTAL DISORDER, X-LINKED, SYNDROMIC 34; MRXS34",-0.024821441764916904,0.008362960848010755,-0.0017203003575135534,-0.037024635241112415,-0.07944923012250427,-0.03054753318846544,-0.09293145661239106,-0.006936704672618039,-0.08157895749866756,0.002988500449507363,-0.02066209479593729,0.03408224734212658,-0.004485584314775017,-0.04788129949740967,-0.005085009628858991,0.002603809732380555,0.010628098355690613,0.02560816410009209,-0.06415173055660883,0.0032475186274041968,0.04768622790383819,0.023014005419943834,-0.02942069050390597,-0.034208198291401364,-0.03623325439447033,-0.05413210715025299,-0.05717937035286435,-0.0502328799459866,-0.0420233178372545,-0.04738719091049554,0.050780555383343064,0.09263540150613046,0.07705055924158631,-0.04727300874068928,0.35906968812019757,0.37675855678875897,0.3868644993461457,-0.038335150165610385,0.10318253828060671,0.09980715529352412,0.0919936964081003,0.3012740131077264,0.2878107622597554,0.08313893832047195,0.09546028603091931,0.09110337548717072,0.08339631414143592,-0.036494386282691686,0.33968695542394695,0.3415192504994305,0.3401933269139375,-0.038027326567180095,0.07739953926723418,0.3446736034212181,0.32718161555570624,-0.0037577118375515897,0.038287058678461716,0.02003769765501892,0.0035999603579649118,-0.030924664345703613,0.0003547129647940106,-0.0022008117979828625,-0.005662725591955376,9.924493024572238e-06,0.0020246737130154924,0.005026128343650034,0.008463422664158188,-0.07313857501729042,-0.0619070237705161,-0.03472974034626435,0.3753964371094505,0.054557463316739885,0.12835982497521534,0.07213874443446158,0.4263322215900483,0.4131137134604152,-0.007596917915575752,0.04086944474193471,0.039758800580196735,0.12835982497521534,0.09640024160374842,0.10038162270379453,-0.0331236418474474,0.0004453983491576515,-0.04744219261335963,-0.03671128616631301,-0.2907136029461432,-0.3989529596380004,-0.03554930753403187,-0.03266686984134603,0.04851201438149068,0.05628646704933572,-0.04306287973196858,-0.02465073370034155,-0.0947684782684836,-0.005586075978786544,0.02773789418579891,0.016471109936405763,0.03494451212211551,0.01568312160075628,0.018506256812811647,0.0225755089227764,0.007821630527740786,-0.005284818385800111,0.05528917747010243,-0.04485759975291273,0.01684545197205254,0.018453935003069664,0.019428718058532343,0.027661706672147072,0.017620643600845184,0.09138684702848082,-0.0005219893806509595,-0.01687603688432319,0.06630036430554885,-0.0013457524000903582,0.04257251084446705,0.028387691390866134,0.04962626591912417,0.4203612201940904,-0.02782209577185086,0.039386036822342166,-0.006765504404321986,-0.0044975736228591865,0.025089123160824636
"INTELLECTUAL DEVELOPMENTAL DISORDER, X-LINKED, SYNDROMIC, ARMFIELD TYPE; MRXSA",-0.006440018273818113,-0.06776397131326527,-0.022048596203352696,0.010247937044539506,0.0001552560891151338,-0.012980276006187513,-0.06284172946232289,0.05384358025265742,-0.015324171563963124,-0.028410144944186602,0.027514413171539263,0.052796943076778236,0.005641939788662378,-0.022465361154455386,0.06010042369962227,0.08924502493485137,0.09224026493034278,0.02449562581625143,-0.03049565078374036,0.031562269754640465,0.06614344895406771,0.006966970085881398,-0.03414027832986827,-0.045431905593672814,-0.054169330660975644,0.013329672544428607,0.004731063169345394,0.015179375235112594,0.027336981213087728,-0.030347529326272268,0.09282836516635713,0.49626544250966925,0.2859001870928341,-0.04655051899690942,0.06676828414863752,0.06085362840293957,0.05312382127561114,-0.04785048168165287,0.048946523995365566,0.043085295465939664,0.03492768730228999,0.0514209136545236,0.04967520559314854,0.045135845925952545,0.05086599106905582,0.04825609799618612,0.0432029986964514,-0.14466055544615916,0.06209467232012837,0.05716760283323025,0.05193720473308687,-0.03916578519870745,0.050784336683118686,0.05452182021501169,0.035029358729104794,-0.014939644473020708,-0.0015991906258510018,-0.0017513172596364981,-0.001620148920529516,-0.020454485787164793,0.005565486628221331,0.0005597119834051238,-0.003844046627968027,0.0033120778721975577,2.9858307330245902e-05,0.003618094785736967,0.009404756005239436,-0.48000450460823973,-0.041353263717554996,-0.03777887882242993,0.026804472071014766,0.020232414845474472,0.024647730597096084,-0.038464148422712584,0.04533792819683206,0.026245096245555745,0.36636568883535114,-0.02425418534908785,0.08333453626671652,0.02438961607825129,-0.05498265242297312,0.005235575563853698,-0.0013415008829129533,-0.026227486762810087,-0.03934072203463607,-0.008554632575263682,-0.0023312142401274443,-0.01900461545028749,-0.011535846590743037,-0.034549163798633625,0.07652325803281976,0.07540497157337435,-0.04054087853265155,0.0080660938208086,-0.004395225766387615,-0.010133559665847516,-0.0038012042142353767,0.03884002948240209,0.017466016992574888,0.048150485356037415,0.042450101678437054,0.04679472709816606,0.041226365606428526,-0.003961234510186105,0.05441356974159087,-0.030780874523357225,0.35761344165559344,0.360447088808438,0.35966154817485796,-0.00720967684300513,-0.032674004413146975,-0.015729105879967675,-0.03932930296580777,0.05016898867040491,0.08097554000031215,0.022142081647016566,0.006244988376401613,-0.03536473350878007,0.08927734360945633,0.017438823659237147,0.06537719612823309,-0.0036372392666126274,0.03708031203187364,0.02859206876256219,0.059161817936656536
"INTELLECTUAL DEVELOPMENTAL DISORDER, X-LINKED, SYNDROMIC, BILLUART TYPE; MRXSBL",-0.0721876246830481,-0.044088118217456555,-0.0696533989217787,-0.029766350336091853,-0.053697418710935446,-0.015832035502073082,-0.017298425681146035,0.03479374007350413,-0.02097987382071799,0.05607794444284216,-0.03639313084035119,0.08097084935656897,-0.0134418311004857,-0.059670739526509385,-0.02277472253977967,-0.02103551850333411,-0.014223330711952368,0.01081058900923967,-0.2573460716279152,-0.010452493511291261,-0.002893394198816591,0.007786094592255175,-0.0019436655220112123,-0.005682915711314832,-0.00897863180357803,-0.010335350629220431,-0.06556750586289462,-0.0621470098561568,-0.05766487202179331,-0.26198050530943173,0.02218404125596328,0.04593659154868167,0.04003555792490678,-0.028636647877330904,0.018300078593404295,0.01662776699080572,0.014529515165975237,-0.18676198690235668,-0.008517864749011572,-0.012319296355299538,-0.015225891451971627,0.018441020773988712,0.013932961320415504,0.008841738515977313,0.010428984318550846,0.006160161559308362,0.0020452038366109144,-0.01442742088325934,0.023182662673527355,0.020056929398692882,0.01694173094875343,-0.26904771391798743,0.02430760343996068,0.03488270311592095,0.031404267798650784,-0.030520580013006584,0.020234633917837846,0.02613308726073805,0.028202165939984678,-0.03369943012172217,0.0057526853780698025,0.0009703511567391585,-0.002873705535512376,0.0008088532658691092,-0.004377987953498422,-0.0006498510407806547,0.0031271642087331384,-0.07432461313929649,-0.2678515402861916,-0.026868175845025228,0.040517375604045454,0.02403331746691136,0.06367224502010538,0.020538698926231683,0.04882409293736592,0.046827485453009784,0.03420869326427482,-0.06051942971749109,0.046828108422452844,0.06379327636276301,0.0016226782892878704,0.04575640065212548,0.027277842443088646,-0.02583496904697193,-0.3749795796590178,-0.2729399167864315,-0.015016806939814638,-0.039744448800619205,-0.03726930778377429,-0.03695419818760997,-0.03687575468661872,-0.03253186332707084,-0.06942777377691478,-0.013491912828573581,-0.03471084308222646,0.0009319357647245596,0.05806744594681387,-0.4072377102172143,-0.04827103078369665,-0.40274647877099395,-0.39727847356097445,-0.37340223750316814,-0.23280133654133406,0.056458144424381615,0.06876321326308839,-0.20823756275479874,0.03462841035964809,0.03567046368354323,0.03657831864112149,0.030314759331327126,0.03081718096831044,0.03098237249646654,0.03812022252170631,-0.02310946892609387,0.09787500365046486,0.015111535916675248,0.028107616116224064,0.048483660164199305,0.0843536495122247,0.025203199268444568,0.041270768080535494,-0.2580439861843137,-0.025413813857209054,-0.042107213703433954,-0.038442718542131556
"INTELLECTUAL DEVELOPMENTAL DISORDER, X-LINKED, SYNDROMIC, CABEZAS TYPE; MRXSC",-0.40236426829131683,-0.05469176940519919,-0.027925707252965,-0.02472522554671408,-0.012846399616249332,0.010544096787399272,-0.040560042301092586,0.040889203669073275,-0.005209588201365461,0.30043578458925496,-0.14675101415437494,0.21155221092793564,0.0009750820413013056,-0.024134137545061045,-0.009050037448253195,-0.016692086191149976,-0.019238272840468487,-0.0005938891489211352,-0.02576805378989708,-0.029081824946624518,0.009172295063649,0.03721067009590836,-0.06778041270798532,-0.22787956898828493,-0.21786556854115124,0.010013047123138104,-0.04755447982792596,-0.03977042632301489,-0.03088277749596463,-0.03642694031681307,-0.02176170705915382,0.0029603768729025105,0.028874255084829787,-0.00997602307665973,-0.029881229227497655,-0.032066187043899665,-0.03351884269530899,-0.02791422880140927,-0.03890435592365734,-0.1442368293993209,-0.15319265988225736,-0.016813929637796668,-0.025581999638130133,-0.03315090749997994,-0.024970665369097922,-0.03394212546315031,-0.13062880250317715,-0.00211221302937241,-0.02016316205021394,-0.025543305175762653,-0.029869443312110656,-0.036565454400255056,-0.020407679328701262,-0.008143539448023067,0.00382150349170574,-0.0296101403749472,-0.0053712724288961155,-0.011600851247108353,-0.017383493670007032,-0.028131633662913404,0.11392076928824801,0.09775572182884815,0.07148323521564004,0.006455410692500767,-0.12077354361127476,-0.11636364274164611,-0.10196282237050484,-0.18297343214854547,-0.037176064575296285,-0.019831095584950564,0.023938718325264563,0.14034483544385998,0.41009615788909437,0.03729753232720809,0.03759879666393156,0.03962013948542219,0.09682070296813639,-0.3934742130937691,0.19413818415804784,0.41009615788909437,-0.02209239996461309,0.028711762665906197,0.16990145706143056,-0.036920734689826464,-0.24554951404537187,-0.1414769426659166,0.005884817899530327,-0.019318006124940768,-0.010048989914022824,-0.009550404824886097,0.0018914980225867885,0.00306035029335706,-0.024167180321203775,-0.032605581637236605,-0.019927425704986023,0.024825039151324318,0.044481464995157746,-0.2715297910332973,-0.006885903245071455,-0.20576084363494102,-0.20834091506087693,-0.19425459203502327,-0.04744347793039133,0.19927475951493334,0.025289267366653347,0.0034514462705944778,-0.004394779137529844,-0.003279834141479768,-0.002102215164163915,0.048440216864712456,0.04239092748632852,0.023836073856144432,0.010460157563399672,-0.0464011495006861,0.36054451597436327,0.04012563998825052,0.04106093987404983,0.05301929062479565,0.3861341799693008,-0.018181264442044553,-0.010598299600237632,-0.27587017901190225,-0.027438343757515877,-0.04067311731318019,-0.014061125604652
"INTELLECTUAL DEVELOPMENTAL DISORDER, X-LINKED, SYNDROMIC, CLAES-JENSEN TYPE; MRXSCJ",-0.37297525893631295,-0.002830256636647311,-0.07281508295831232,-0.05563404139300529,-0.038468347026782444,0.02549316438370359,0.008807170309778364,0.05866531914302025,-0.09900892800641335,0.32502571539192715,-0.07766180918109751,0.03312866869339322,0.0032923324258732323,-0.04580824090779897,-0.038741396239676804,-0.04979236256865136,-0.04663101395115115,-0.046609697621680865,-0.0644562806606298,-0.039833359411178326,0.0007973895231364443,0.04123684946144195,-0.03400499783592025,-0.036671646740337564,-0.029587225750675895,0.0018136367447741566,-0.07789869368685008,-0.07411380826810879,-0.06870089782600007,-0.0356595036024657,-0.036979361083655835,-0.0013561348183917725,0.03954412959396002,-0.027300266921200154,-0.0005989935913477694,0.0031261505330645685,0.007578233213561061,-0.05369032311198664,0.004600694448234127,0.00012152354710773044,-0.004223430394924419,0.018806348719657643,0.014652523543953478,0.011057150749064002,0.015770283571273472,0.010669201411498465,0.005589976952209602,-0.012154617166876281,0.007099454145826665,0.01031242484679376,0.013375973395607157,-0.05632778901902933,-0.03958251581169368,-0.015967082711323896,0.008209276033824677,-0.00662814852097234,0.04437549462406552,0.043742317561126454,0.03849515256795816,-0.02933239797635936,0.016243200270606765,0.013219886990681747,0.008378291358121891,0.0013658818839024922,-0.010801859795420456,-0.011221354906220017,-0.010258815168181437,-0.017846577319502278,-0.06155639658599461,0.03720701735396318,0.077103794662642,-0.0027921312252207867,0.5097166936018503,-0.0022946744508736926,-0.0028492334979159373,-0.0030736391304716794,0.024542359491793987,-0.02663427080201469,0.04964876784204058,0.5097166936018503,-0.0012236042942606461,0.0006881180765324613,-0.002552453911810583,-0.029186812158231122,-0.4542724843742213,-0.426977028753489,-5.092014653602442e-05,0.0013671099132853892,-0.03084868190757071,-0.00846972133770114,-0.052689845033805104,-0.04836890214524504,-0.07022165013168563,-0.03720058699847286,-0.003367671893752021,0.03510876203110178,0.07786531519058383,-0.45912951799749147,-0.06399098920067092,-0.46937488561432544,-0.45838179378684507,-0.40947776739767594,-0.3691630728805725,0.04488518072467868,0.06179492644164222,-0.0056521901281763424,-0.05678746003896453,-0.0542921245356043,-0.0518118143854486,0.0026912206537816554,0.07576237664231047,-0.03281051506125422,0.047345078001494935,-0.0744990471107485,0.31979077430486424,-0.009052406438466495,-0.02251518354538998,0.039843970464845876,0.02896529520195354,-0.015159966228598313,-0.050590308821809794,-0.2799081948150117,-0.06297183851155873,-0.06790994512074526,-0.05986679284664214
"INTELLECTUAL DEVELOPMENTAL DISORDER, X-LINKED, SYNDROMIC, HACKMANN-DI DONATO TYPE; MRXSHD",-0.0006380398997384472,-0.0579736211723627,-0.0006271328910375045,-0.025312083600883883,0.0032369120397353654,0.0327218098772164,-0.008565154835804995,0.07449505470077232,-0.03139528664790169,-0.02700743162933114,0.014200974108011145,0.0676049217772645,0.01243839796827588,-0.057181860461859656,-0.020618481978069845,-0.026646958543176613,-0.023195816812622273,-0.07896619595282343,-0.01934534289827253,-0.02487524995438716,-0.004745510742477198,0.023942493077179,-0.02185512066857971,-0.02957031255319202,-0.03375367272543314,-0.041078202256545224,-0.07218367724851615,-0.06974391780146842,-0.06512105399896863,0.012157910286908765,-0.03191120067731103,-0.023198389272184164,-0.0005185692897355537,-0.02556624791651549,-0.0048925886682121035,-0.005520443244228719,-0.005517133534901318,-0.0366779693544699,-0.012281737574353697,-0.013981003107343105,-0.014229407355442607,0.005392793175983173,0.002773020195315532,0.00043431821551950545,0.0007567930204792562,-0.0010753494504665423,-0.0029522325283732093,-0.01716892935489244,0.0013509377998069097,0.00035783213075263673,-0.0006024236571100849,-0.03277856483918448,-0.011235022970641,-0.00877491306477702,-0.0025577415125971133,-0.01930236837563555,0.025760960248389347,0.03186535832959636,0.03587675391973985,-0.03769843697087628,0.02699263982608238,0.02674498564492655,0.024059007164031778,-0.0003969261718087744,-0.021585978661937698,-0.02145580475579667,-0.019937835601628023,-0.06499576397641281,-0.026249528795054353,0.0019550161096955,0.012561703154078745,-0.07212860968766292,0.08392470912375787,-0.049708329394165064,-0.011331913080541786,-0.019788487802826358,0.540642294883992,-0.08310834216011104,0.021653747236067264,0.08424829825746828,-0.048999186098849956,0.002395397353966778,0.0440395816581661,-0.02883283888560305,-0.07683048198881261,-0.07431808721748571,-0.05765942880302844,-0.013604768129041826,-0.03378063290178764,0.015021177147977034,0.05906245459933705,0.056163509216159264,-0.03690802907890159,-0.017550984080610368,0.04689004155404262,0.035123700093680287,-0.07688408711927879,0.04317271684206827,-0.014977867707938096,0.05204290088911287,0.04791094739152376,0.055274971670197515,0.028894557924226058,-0.02794182899780689,0.025580366089220416,-0.0002706670415772704,0.31087008392397086,0.31885489937783773,0.3238517225821772,-0.25528417443094353,-0.019415557096863937,-0.06036307692491426,0.004884947474019838,0.03319941478972223,0.07358313625092551,-0.06750796935542212,-0.25195058484007943,-0.05500620975270722,-0.003585290697247765,-0.03602139021093202,-0.002561232208026714,-0.020999814792927726,0.07365551955772337,0.0731830756066008,0.06750222894665026
"INTELLECTUAL DEVELOPMENTAL DISORDER, X-LINKED, SYNDROMIC, LUBS TYPE; MRXSL",-0.042843148869234564,-0.3798241747642196,6.143809404375339e-05,-0.050672440979572346,-0.2514375176639245,-0.0026808700502072035,-0.31473990549209097,0.013076188881671202,-0.0390945726429957,0.010563969069422148,-0.02601552173016377,0.38707565896620316,-0.0013034978439573836,-0.04449031472329063,0.001727139972235943,-0.0012767559954729134,-0.004354959633901296,0.043830066658642315,-0.0366777667476956,-0.022754133776272233,0.004089551507203821,0.027333078454395317,-0.06196128302154381,-0.057088626548675935,-0.047377818856519344,0.006646026028778778,-0.03546462936309672,-0.033863681587668386,-0.030986030599271158,-0.036099334899063584,0.013329778696476991,0.056312279971647186,0.19728018618875656,-0.03485877551067398,0.022815122030794565,0.022903140127973724,0.02316629147065835,-0.036708706344533916,-0.019277274908263142,-0.03005725511626128,-0.03767334509492308,0.007564909641971871,0.002622846657905409,-0.0011501886595216002,0.0017614259605652927,-0.0028349331223782026,-0.008385491291813417,-0.03430266789622332,0.020209266451156747,0.018387674477658385,0.016058953408138905,-0.031140157131716938,0.16972792459628333,0.3231377694921498,0.31557223802835316,-0.021970699833034808,0.020461114792561238,0.013168593231178848,0.005610205184510064,-0.1115825337474805,0.1570016575710699,0.14624131197425966,0.12127084121965992,0.002545367847740043,-0.13310001306978173,-0.1374612790818513,-0.1323792547757592,-0.1725788046071911,-0.04451498849966375,-0.05911489088082341,0.20897883890317437,-0.007781378245415332,0.3205769482436539,0.0480148191557039,0.3098984626287722,0.30365892140729184,0.5184353470954796,-0.4664016355397807,0.04807576363280058,0.3205769482436539,0.004363883737796569,0.42439776105859656,0.03585020955219313,-0.2905332640964258,-0.34130862278444024,-0.30014056808355477,-0.36019787728831104,-0.3769945848784218,-0.008585933465878822,0.008115768221397613,0.26625316478125705,0.291343891928792,-0.03355103084138067,-0.036432631351652235,-0.21025096010721922,0.010585687062984636,-0.02444666599997739,0.0009848368494227095,0.0001322171949441624,0.0038778561919252667,0.004843496314397959,0.009765464398762424,0.01920627734465919,-0.026216639230934008,0.04245579200739741,-0.03330561120632438,0.045011903604327795,0.044227871780778936,0.04277291940412786,-0.031898684094937325,0.021643227460103262,0.01800773620788138,0.03531679107330628,-0.01720591058324947,0.06042823159856165,-0.04629294619729899,-0.020189674203677954,0.005842976059342786,0.03425925023949404,0.28450508364994487,0.0003776772601339937,0.002011704913969787,0.044364485700492146,0.030529894201112007,0.18595121241675608
"INTELLECTUAL DEVELOPMENTAL DISORDER, X-LINKED, SYNDROMIC, NASCIMENTO TYPE; MRXSN",-0.027470820203817078,0.03565659325697201,-0.0755040158951033,-0.02386401473814057,-0.049572503083188786,-0.019549198355504477,0.021608579789618717,0.09655696691032542,0.011035194067705513,-0.0033361451927410354,0.010042556226403898,0.04330909762797558,-0.002519949329142212,-0.26009135266100214,-0.023097492009397026,-0.023209970831597187,-0.016151475699479122,-0.009897098754457514,-0.2704922746742266,-0.016430153799623214,-0.025397312788320924,-0.0012638965968023424,-0.04846171852615693,-0.053586466428346816,-0.0526908510361719,-0.022459825759775273,-0.022866671257847065,-0.02188583657454043,-0.019960371381203924,-0.07321969944127311,0.005009270593574018,0.0033341153023619128,0.00021976180461822625,-0.04262091136593847,-0.06022266195960672,-0.060834528907748445,-0.060632365907218246,-0.035940481343934925,-0.058128403549062416,-0.05888917422085203,-0.05776966790441835,-0.045411957530423756,-0.05216911795698427,-0.05651711218688279,-0.05096892574779421,-0.058312953214999574,-0.06156158902173633,-0.012539044958831253,-0.05285264572916405,-0.055626368380286624,-0.057211324055034186,-0.26152722537193424,-0.044971169971789036,-0.046885699785274855,-0.03130613211298278,-0.04284000482051689,-0.0002635433299238906,-0.004241426509078212,-0.008364302085851686,-2.8147873426254526e-05,0.024584635319059196,0.022672687516259008,0.018377239465512656,0.009597081642221436,-0.021244783768792446,-0.023738526099824776,-0.024542440794576664,-0.029633790038868072,-0.3666045099089358,0.02041959124444512,-0.007821911913456244,0.025471501034909128,0.32966558418134134,0.0116433652842383,0.005463758350568665,0.0075826463830012914,0.07902005019391925,-0.025989327703897346,0.059515407464936575,0.32966558418134134,0.04077023439957885,0.007795443358191113,0.036961750932442375,0.009865087845993645,-0.023513263075399787,-0.004687298766822236,0.014854033934941065,0.0061479508649853335,-0.26989444672672824,-0.028630413520048865,-0.0005623967313898643,-0.009103478793254105,-0.23085979037725635,-0.007452636750071327,-0.015472121189906199,0.0011978848741893632,0.005468521811223841,-0.005343821886253799,-0.03264591655380384,-0.0008685525099759615,-0.0037596754240752403,-8.2465792621994e-06,-0.02571161389459195,0.019424664653994707,0.24857274746214603,-0.06479896728242042,0.04242972959204118,0.0460599290035898,0.04932850096151707,0.002965682533490718,-0.015459201776857178,0.031658690998042804,-0.01586382710106473,0.007586507188545063,0.04372703217892616,-0.0004754261806007288,0.013365743333834851,-0.006891845304106701,0.04595088179390748,-0.01668394116656539,0.012224866491559074,-0.06109790394955989,-0.011424225703806874,-0.01113285939109348,-0.010889877574186253
"INTELLECTUAL DEVELOPMENTAL DISORDER, X-LINKED, SYNDROMIC, RAYMOND TYPE; MRXSR",-0.0010495277083758467,-0.0943480380211704,-0.021641917522448192,-0.02502029534105839,-0.001339658411166051,0.024844417986648548,-0.037013394467594364,0.06104660609701154,-0.012543434357001578,-0.006877252183446441,-0.003833182817966931,0.11066595411190809,-0.00937682486915434,-0.06800552988423604,-0.00683613262448801,-0.00447716641409522,-0.0012328402685990968,-0.014610382598465553,-0.041265474813645654,-0.01681011524111437,0.03068749549012116,0.038371223453982695,0.00880461321394188,0.0076191932602590875,0.0062230708046381806,0.01947945973844685,-0.08502756488258581,-0.07962145064462926,-0.07235563266200087,-0.027741001532147924,0.020853678686119443,0.08190160463535702,0.08678308329016853,-0.046340757058993855,0.05854474881756085,0.06435226079722715,0.0685029202437372,-0.040704631037469255,0.033260987479075396,0.034610092173801954,0.03418771671932164,0.051495901713570456,0.04989795139540976,0.046860503999965705,0.05196576367059148,0.04924298665247748,0.0455291608674318,-0.03651065431437671,0.05757147088879584,0.05969058841088929,0.06157058066130125,-0.0590844364240955,0.0425617626068928,0.06593525121338029,0.06433990476196544,-0.027155602962111697,-0.023202591818554465,-0.030989082583744356,-0.035841594363462265,-0.027731794307058355,0.01663570077075975,0.012891192516924417,0.007946916626625581,-0.0001913540972919712,-0.008857475852213349,-0.0068724407972593085,-0.004381888209793604,-0.11095143463888402,-0.05415725451359169,-0.0279427197651711,0.01839401267692629,-0.020808744210987683,0.06112649514338205,-0.03759869706438994,0.0301815871491121,0.014986956345173384,0.42819895671754865,-0.05927070841229982,0.03139346101331452,0.06112649514338205,-0.06308617742733982,0.02564421712074861,0.057030134695236157,-0.0020506606089927535,-0.3388189891204627,-0.3275389428486907,-0.040773808199526376,-0.03611912350599627,-0.025396186528704116,0.10579255745452187,0.05929236472047114,0.0602186877632398,-0.05205295279392231,-0.015764163194906918,0.028319687848124466,0.02704070159764533,-0.02600957500413479,-0.03183268747325695,-0.0501263906378572,-0.01470826838146091,-0.02423966207764747,-0.010832723499546535,-0.023945230651165914,0.0038089785246044556,0.04920503937625913,-0.029374357332087268,0.11307028829911897,0.11618718314160699,0.11721646100842341,-0.038516672300299266,0.0012164641718789661,-0.002412226099562758,0.015670506559076477,0.02799857781011765,0.1190435431482782,-0.040857551893698274,-0.025867029077491232,-0.01911136921617461,0.0027610706242248992,0.022464669134338925,0.08457044335024864,-0.2937171383493437,0.02320568042164204,0.015798130255282452,0.0428584658374553
"INTELLECTUAL DEVELOPMENTAL DISORDER, X-LINKED, SYNDROMIC, SNIJDERS BLOK TYPE; MRXSSB",-0.013453712848035168,-0.028221599464578445,-0.040119371640665695,-0.03710677919410903,-0.020375057630198434,0.01937167409124869,-0.2748144021231517,0.020211102224004893,-0.1815214763923429,-0.02073770480563089,0.0013442122289082415,0.4466651733772691,-0.025900803108488458,-0.04138858031481846,0.019780539639075317,0.011561744359340974,0.0017223876629173605,0.018370848036801453,-0.048801116320545415,-0.030121326131552658,0.004344050818895898,0.03388841469957379,-0.16079949119503406,-0.16365807924675235,-0.151036176304756,0.005416367811025989,-0.2462622725026173,-0.24605331266272884,-0.1923974821172567,-0.04285331930270827,0.01493782830042044,0.25657460511293145,0.28500478569452864,-0.1839841036946042,0.15753389570774604,0.17474025373676552,0.18750566878878744,-0.21377972766775744,0.031148499553423747,0.027945673779282306,0.023590048191037598,0.17826879673179477,0.17417886593634427,0.16463018035158838,0.17579505024932107,0.1670069211259422,0.04738804631761606,-0.03171065278401053,0.17330170521977192,0.18197751892793812,0.188489058346217,-0.17288317054895627,0.010887300655091832,0.0318716328858645,0.12475494670483336,-0.008613429129178715,0.175467571690369,0.1752835499055875,0.049763815178351926,-0.10354144913347825,2.975973248337792e-05,-0.0033203875991844674,-0.007602271678288707,0.0014677880276578604,0.004194074519406479,0.007720915806227431,0.01147278233579082,-0.4250429300749249,-0.1926515507626641,-0.02687555451605039,0.04247430337133662,-0.32615391023668455,0.2069249940082286,-0.04086740695966168,0.004056555630704758,-0.0028537704069796317,0.014828737783540888,-0.01743678835270176,0.01936090260499448,0.2069249940082286,-0.0058922826969768,0.01463346082593069,0.004676855413394643,-0.009306651303085722,-0.3915386216712372,-0.3899731314555056,-0.3538915461408433,-0.048107067314383134,-0.02447494389406162,-0.004320844658216347,0.04171914521474252,0.047288017822014576,-0.18288673137139044,-0.029498826514422073,-0.006294028399143148,0.026108276721840958,-0.029639413954203126,-0.027893557066636602,-0.0004094389524551362,-0.015587507738403289,-0.02026961965913776,-0.0016205848518186954,-0.02306347911197618,-0.02858195074116196,0.27238849431762024,-0.21862269491334124,0.44468596091699464,0.45059837301991423,0.45187915555241487,-0.2997513790392901,-0.00545620918756794,-0.028372884286593236,-0.0024919624501313813,0.024229764683003432,0.3449494388775824,-0.26978331235435365,-0.2503326080817089,-0.04933369640129989,0.018164599040942645,0.017966412053449936,0.5086585747331013,-0.2898316898285856,-0.006214430103037129,-0.014963807362046638,0.017922989231155293
"INTELLECTUAL DEVELOPMENTAL DISORDER, X-LINKED, SYNDROMIC, SNYDER-ROBINSON TYPE; MRXSSR",-0.008402274775386258,-0.013956866106734979,-0.08669862069066932,-0.061467260689474494,-0.06585760684251928,0.002530739176260663,-0.3519852749787105,-0.022723400117838622,-0.00850196956820539,0.008005862108385211,-0.031521000031373425,0.10154901901972524,-0.008167412824727655,-0.0724501130615711,0.005618073971720887,-0.00035971675522011886,-0.00595115718572323,0.08356793149180096,-0.06122872799034898,-0.03283102375120625,0.024862765459896418,0.05483009814670762,-0.009303886229894366,-0.017354315629272626,-0.024017741099674545,0.02844899009885452,-0.0013231667506051195,0.004537806231046599,0.013228611376707188,-0.03893128231450452,0.005997976009962952,0.08294597569614803,0.10153891405676783,-0.015244677069535913,-0.0007515193929049453,0.004127227313456625,0.009748388241110902,0.03651301096068445,-0.031401897502770004,-0.03398942028990692,-0.037916929457596296,-0.018241206123091512,-0.02092027680875671,-0.022623184133926916,-0.014236246168862944,-0.02117642362355499,-0.027583011692062256,0.05391442167501178,-0.00944845225068822,-0.005195801053286256,-0.002016830659488429,-0.056217216675165625,0.023981797313710092,0.06875349435168779,0.08525077686105374,0.0169727702491433,-0.02110870518241928,-0.033245845636601386,-0.04463194696170943,0.012791144479271224,0.01876290512710617,0.024557917515821023,0.028032093371448533,-0.07723269544614306,-0.0932173792090467,-0.06832468412166026,-0.02935283774265659,-0.283366979100619,-0.06219738952433442,-0.052762851383693646,0.0352957747639825,0.005609838127465297,0.05963013103083838,0.06307374814142414,0.0906840198751843,0.09133418261415108,0.09399987679984624,-0.04641051586328748,0.020908093372468607,0.05975748724129377,0.07987782529348185,0.11130602227217913,0.002049246984131145,-0.044789483874818785,0.01568452253452286,0.02906302286772547,-0.09511774549232191,-0.09673236967465572,-0.01462399119086421,-0.00046079636343376737,0.047950157303133865,0.06539823998906936,-0.01949303016472404,-0.05285589829319803,-0.08434190469550482,0.015019974707107316,-0.0006562837510119187,0.006763077216344701,0.04252241692292101,0.006179992920173644,0.01142864094360994,0.008663467771780212,0.03183911726491613,-0.017139028197334663,0.0701411924513439,0.011641629651244947,0.05157939109858338,0.053239235191895065,0.05479435690827435,0.00020280172934248784,0.026518110717066442,0.05391247416001617,0.0060964284024030485,-0.014138579724185278,0.07212878141393948,-0.006463036258481112,0.01805804212600886,0.012553021925430202,0.02094580208228523,0.0968913766154592,0.048948739628211876,0.051177020254768245,0.01561598411551777,0.006503800711318969,0.0391656813181161
"INTELLECTUAL DEVELOPMENTAL DISORDER, X-LINKED, SYNDROMIC, TURNER TYPE; MRXST",0.0038644554285627163,0.2269894241068074,-0.03483817727639374,0.0003522169581995016,-0.005362877691968957,-0.005455171485629245,-0.013649751690769546,0.2673977169077744,-0.21788250364560702,-0.0170886441523057,0.013808055353406207,0.01237359737960534,0.005554592060683352,-0.04132396960376563,-0.0370639992399018,-0.036277796614358954,-0.02401568712349297,-0.4248519039827935,-0.05465429197647317,0.004103561575354666,0.02632731124310113,0.00942390828825095,0.045301456986673684,0.04127626304240962,0.033325884549044414,0.009517790598060844,-0.03991053052081682,-0.0342279088394139,-0.02732386147472893,-0.024022968051716408,-0.01846508385912988,-0.021072164182331623,-0.00890172726106039,-0.012781436602259149,-0.019632234872009383,-0.022197453780769035,-0.023699276431693856,0.023229299105191472,0.029439340183618764,0.023477334679841946,0.01827780054525313,0.004606813107666724,0.004001590445373081,0.0034894874890511658,0.006920470226982055,0.005829144017527034,0.004877403198022712,-0.005643948398500824,-0.0096394673097852,-0.010828254240854842,-0.011702196914613527,-0.04420812419995402,-0.3305435912960189,-0.3986898226401511,-0.2665186628667171,-0.020252612834238397,-0.021137948163205262,-0.02084435100224846,-0.018629049890315698,0.06581734281329736,-0.007087784375256354,-0.015993472616210654,-0.02521772251460741,0.002715662434168868,0.004410290709599861,0.00816954252949683,0.01209776544572248,0.009134486948441526,-0.05089424704651163,0.19674543853887966,0.024478685536431396,-0.18729981089875292,0.3481847421587479,-0.3744458583747168,-0.03505617609859717,-0.16592350434793962,0.023943088148959877,0.06237722303436122,0.049993377679964965,0.3481847421587479,-0.031100341723171995,-0.32397924900782815,-0.023239543423780127,0.027725496323638996,-0.21356507084947496,-0.05363515724803363,-0.008302692709537209,0.027415906795657585,-0.027515897275705994,-0.012568551756203758,-0.004370290937032667,-0.008639946807069029,-0.05514093264062021,0.010881344714367441,0.1808963592960007,0.005929883981580527,-0.027268505154280104,-0.01736683471725504,-0.0049728734205462645,-0.010412711554763532,-0.01658705227537032,-0.0035003211197365287,-0.04360583633737413,-0.01785292964820967,0.05477081205855218,-0.014568089625077189,-0.004267739297737714,-0.004211741801663543,-0.004153674654990137,-0.0544427928587342,-0.01714292313548943,-0.30563214530303817,-0.030508233360872692,0.003959076567121975,0.0025979818223202315,-0.016052650905663452,-0.054944567950659516,-0.056629239228180826,-0.019587621878606014,-0.3983696566116293,0.06835282498845302,-0.23241652689113146,-0.183344087188976,-0.0474560372902887,-0.02708468234753953
"INTRAUTERINE GROWTH RETARDATION, METAPHYSEAL DYSPLASIA, ADRENAL HYPOPLASIA CONGENITA, GENITAL ANOMALIES, AND IMMUNODEFICIENCY; IMAGEI",-0.30829330433755975,-0.04324373669167461,-0.04946416108267529,-0.0006113268605171093,-0.0407649434041998,-0.03732677026199001,-0.3927022435647512,0.021834787376317777,-0.27181058619213866,0.035299902121786686,-0.03150061607232253,0.03086315474650904,0.0016253276885173423,-0.062228555410042186,0.0022190313163535677,0.014502401862359031,0.02530559050949664,-0.004490581866749824,-0.07127578004196075,0.02419800792179851,0.06111290991074481,0.012554472833368344,0.01501437781905544,0.01578365142137823,0.015190463625412704,-0.22110472150473434,-0.018007038680764684,-0.016206940132249555,-0.013512380692839845,-0.07453495399108852,0.051532402321574806,0.07578206907294666,0.053457346492951814,-0.05283504763963715,0.0391927181640391,0.04009593784273404,0.039782517608702134,-0.02897677096985492,0.02815099043489289,0.033855690584062695,0.036585743534268814,0.03986629131396031,0.043997802334418135,0.04622987151745524,0.03632628724007135,0.04037751316543815,0.04247359629027702,-0.030497947751995595,0.04268605913374467,0.044685159692845866,0.04599138778074581,-0.24963295537112426,0.02685764499984914,0.02379951089534227,0.010371922837361807,-0.014450434034451329,0.013902883123300977,0.017439068048878268,0.01972365113713617,-0.0347495901970526,0.00401967034971533,0.0009744939884810933,-0.0018658541584498421,0.001521312181683478,0.0001304689098943198,0.0023316136067010437,0.0051383429936446645,-0.07163961181028747,-0.07114078332840001,0.005063186101724458,0.2515015811961346,-0.01694759334082861,0.03917928286135415,0.056337613322144625,0.010668355836408745,0.020382406741767344,0.07071719765197203,-0.07433299609805247,0.024542839736968466,0.03906241502452926,0.004822985105864581,0.05276338564123589,0.04899646196476357,-0.016178080979537896,-0.24830101944931565,-0.23585559129645928,-0.05134729166181924,-0.04059589811827076,-0.008544607389182403,-0.041937282782007576,-0.009184880888072136,-0.0025287456833439762,-0.0612473997167287,0.0058046649239258995,-0.016483423593435128,-0.014133715838467719,0.02783452757000456,-0.06936144955108657,0.014486557904154786,-0.06667774023832286,-0.06895258192134568,-0.058558026059399304,-0.06669107792322806,0.03542990839295472,0.0633973573067317,0.002989546267274566,0.025458624532270754,0.024184420518505417,0.022574341117488052,0.004072026753389953,0.026126829533837288,-0.003249854420858007,0.08109872124080443,-0.01102608477109215,0.40177290775888663,-0.015782794699653022,-0.011590356649649068,0.04806566845834022,0.059091155132153406,0.019974986835711632,-0.016565092242906754,-0.06867023134906287,-0.038505788121112536,-0.047717104797535236,-0.02058407609763231
Immunodeficiency-centromeric instability-facial anomalies,-0.030006139708809214,0.24280808038609347,-0.01995070472557435,-0.028560418949436908,-0.05000277976485486,-0.010486086541906543,-0.028480952803808704,0.08061282216922762,-0.37026101284467067,-0.004845177617057224,-0.0010901274747033905,0.37528429732459484,-0.031684633125168976,-0.05531363269469753,-0.0010121919081456023,0.009749176438433526,0.02048217208212585,0.32506894102167944,-0.05763364458245509,-0.0030413439214612707,0.004658239766411493,0.0067493616728311655,-0.01756212351159746,-0.024699319979445036,-0.029422882959032684,-0.01320419496798135,-0.03282483525207023,-0.024680822876186462,-0.01576300778125179,-0.05791780510164602,0.05817549993620937,0.3083363284449969,0.24906362960276407,-0.04188377198405825,0.3864061012024265,0.3941949364941821,0.3935998499844642,-0.05299885783091392,0.2907388667514485,0.2882578081689923,0.2715537228537607,0.37097779982245915,0.368091471978667,0.35466913836262126,0.3843877206083592,0.38011201983017967,0.3620593045461006,-0.04132049208688435,0.38219853400628434,0.38329821074079623,0.38062789801360947,-0.05148242352091795,0.042577064147691655,0.05555801555809985,0.04681788646295182,-0.03169005492592832,0.04279095573715951,0.039070717165164186,0.030294133578287696,-0.02028536595905333,-0.039639136524525345,-0.045753613545725394,-0.047573781957655735,0.0010266156709963562,0.039524488761672485,0.046459434810230724,0.1639290691597154,-0.06723398882993518,-0.06499988646731267,-0.0090139477447608,0.38655957951788184,0.008813562288734362,0.3389523104886665,0.00539185608218992,0.06491575059043271,0.05571213593807941,-0.015809444829268327,0.06922865536097886,0.01495200472661675,0.3389523104886665,0.5103325442438907,0.08327813839526102,-0.024378061666613188,0.034723595862582994,-0.0021149657935932583,0.001852513291448189,-0.04916089959861644,-0.061427222081917324,-0.053292297151156375,-0.02027769493039913,0.009356704803351643,0.008940067003294827,-0.035526358809127426,-0.01805044317629404,-0.061568642231995076,-0.00331772396525053,0.04203190392052736,-0.0767389435578514,-0.23345572572247503,-0.06694861135376635,-0.07106309658316985,-0.04907342542020927,-0.050749171015783225,-0.016906804245219294,0.055270790534707265,-0.05858592577149767,0.24033454553827838,0.2481119159485429,0.2531424877448927,-0.01229117242587509,-0.002206896882492534,0.06168096101440427,0.0036026303981290097,0.0038255644736648583,0.07606066454513909,-0.039869447543264463,0.0026544438683238224,-0.006810229960320914,0.059534094424946817,0.3583904655804897,0.3339511062035103,-0.2661062390101714,-0.024205920628741415,-0.027764280940021074,-0.003399074948031393
Infantile liver failure syndrome,0.024453250130741743,0.006046539507827181,0.02476399087443181,-0.030683858746388078,-0.026904144280265545,0.00026929855724416456,-0.0621788621509792,0.05576723555081755,-0.11201409469969212,-0.07625169400249854,0.021821550833520408,0.3780908383706896,0.007920195562511176,-0.04519684904217518,0.08640780477016553,0.09049950747915819,0.07102166860870812,0.4096205916953822,-0.0025527052320828297,0.019842312483100234,0.5900679610378969,0.08867777258208683,-0.0007870061593875762,7.825405098372457e-05,0.0008359425551963606,-0.048356840570026816,0.060114530816715576,0.0651152267598484,0.07086583085577797,0.0050537054919841,0.39435890613372326,0.68395985818529,0.6243098269856805,0.01331149270133204,0.40349165921414276,0.41635151944977977,0.420689321352618,-0.016462299086999248,0.3342682426463839,0.3227955859279141,0.09246011144596346,0.08733908195136941,0.08281247279197092,0.07257794656146585,0.09103020971475226,0.08722539883712271,0.07810952236029711,-0.03388807825492724,0.3487249260324651,0.10844246246552215,0.10787046599466737,0.045956188272803844,0.09770157057801938,0.42822399749923046,0.40982115034939187,-0.005327194332667415,0.0037529361250459967,-0.004040667511487648,-0.012827147994864507,-0.004463963101459683,-0.011554039704888133,-0.014115745792102424,-0.014372712677281175,0.0050463946459264825,0.020834199491846117,0.02332706830125181,0.0250489149291771,-0.3584806629866011,0.006930126538008818,-0.032940220951030504,0.45282230015161135,0.10509717600475522,0.05954056695338339,0.08693134318032998,0.4897462879222905,0.4758384997107721,-0.08560882489207233,0.06580079414992791,0.019839729511090882,0.06083604328059279,0.10995689608400006,0.37604900788457685,-0.013488351039714795,0.03393873704712191,0.03844198010787986,0.04937556315284822,-0.06859563154359193,-0.4089027200063746,-0.024605930940231984,0.36299036479780233,0.08363225450440087,0.0787087928197497,0.02922959706656376,-0.05945095071836384,-0.4351310587592263,0.0022601352497478465,0.06469245765376272,0.0005013641602868329,-0.27210068872865234,0.01390882523694639,0.004672256355503973,0.007158124479005026,0.011279403941528106,-0.009678379339958522,0.007884856251558185,-0.05435605649884096,0.41216878928743994,0.4242680640997926,0.432663163893851,-0.010356893425821696,-0.017196001268525305,0.40351048799764294,0.05302002894067926,0.0755132096773697,0.34117148892810595,-0.054735214753654976,0.031011926530055557,-0.005267942678561793,0.026916616399524872,0.4877615293721007,0.03500171893850972,-0.27429362353276054,0.06902193248162776,0.06795134248217945,0.07887782077738839
JANSEN-DE VRIES SYNDROME; JDVS,-0.013398566500184169,-0.04944769315951652,-0.00015381053532624757,-0.044042467269693845,-0.03410003847516295,0.014790765204529367,0.005498001260455483,0.08791878419942939,-0.024624667539849,-0.015736154294195656,0.022489493885997924,-0.013142440104926713,-0.031305742582995816,-0.0421086503698327,0.0009141391806892274,-0.0010516540397588028,-0.0027452389792646066,-0.04302657871010199,-0.03023368692509071,-0.02261160558127503,0.020001805994535916,0.040724711009117405,-0.008959775636558734,-0.00756154555847303,-0.00518507141265681,-0.014305983123654525,-0.015945972887696884,-0.010586459123456097,-0.005702322788107872,0.007686858421948262,-0.010478887713887981,0.026792710396561666,0.05906472787056653,0.0018061014827640625,0.0012760528011220456,0.0034247783138329395,0.0059593186560257805,-0.05114153612959195,-0.0006107939699882957,-0.004755051549622352,-0.008711042040717655,0.008620774011985384,0.0019187342806727338,-0.003241675771862579,0.005899530406846027,-0.0005402493171238306,-0.007765539824089057,-0.0018040805711291566,0.005696306382362958,0.0041237714801049315,0.0027957505235775607,-0.02385207992054186,-0.00718020054537578,0.005036181506022898,0.01639647893211338,-0.004223077095090029,-0.0032443619476289374,-0.0054961586331898115,-0.007299084479435445,-0.038376344414000015,0.0899689171257036,0.02364083386511072,0.01678226204137785,-0.0008538371604671991,-0.01679512313332409,-0.015354581660251188,-0.012440426949392042,-0.024169019542900197,-0.042429261178793504,0.0017243497712145712,0.033344269800980875,0.00013779017422741328,0.04861667889142081,-0.01383370407932786,0.03787641443619295,0.025628371572362564,0.3218851855096422,-0.038036575858534385,0.2608752662253572,0.05036145910564562,-0.053165088228235284,-0.006902023363477577,0.04157670160483336,0.00234878358618785,-0.07182569828908188,-0.04461595279924199,-0.029848441199743052,-0.03287747009594467,-0.04933697581650518,-0.036921056936388294,-0.04466666410637116,-0.058397957688008734,-0.03931181551561091,-0.02583783362822645,-0.0014903002302702713,0.026328388402828137,-0.006069466711287386,-0.0005964478579439337,-0.008942491100953085,0.004733219166562287,-0.0011985649583662738,-0.0004988947776036959,-0.03882217309144643,0.028468928865949535,0.049654589160944514,-0.06845695393997281,0.04437891829047427,0.046389752125741694,0.04891965255327927,-0.04589202397276321,-0.02464094715345774,-0.030624195205479023,0.004332205947320985,0.030340379596561953,0.04223465908378905,-0.04591200643214595,-0.04870321181412105,-0.035590517900747146,0.020537438498867962,-0.01769264315038662,-0.0026894422581560597,-0.3400798778993426,-0.04394537007572809,-0.03199904022837041,-0.05007360101018705
JOHANSON-BLIZZARD SYNDROME; JBS,-0.05075976374631373,-0.023822710725440392,-0.08087223771333725,-0.006916012686325152,-0.04892140815544883,-0.03638530177680554,0.0751445844981151,0.30633086808413423,-0.03827209296346253,0.02290478614786631,0.005424508905181652,-0.004834802350874169,-0.005398340352904905,-0.038064646560413785,-0.005738226658274712,-0.003329745794376938,-0.00042992986764904626,-0.015389455476982106,-0.25923286711919935,0.010920235917056363,0.008255043877360549,-0.0038959004279445304,-0.032932303134913944,-0.03497212103533111,-0.033186026735469346,0.02936168989861911,0.002315808045308392,0.0024634388742272575,0.0021923614113810407,-0.2516550480999144,0.008781724006390155,0.005323917692170207,-0.0005770220357597892,-0.027523601166302966,0.002376717164398933,0.00039127435902457054,-0.0014671758297174476,0.008315229817718175,0.0005403335287098429,-0.0011427117834740983,-0.002730397417199955,-0.003963153575365979,-0.0040247413570811035,-0.0038596231011664333,-0.006121799719890425,-0.006095151128706563,-0.005658658844656246,0.0031914830548093434,0.0008446687190039551,-0.00029621151110216504,-0.0013562507440308146,-0.05824348438545194,0.027965937955902204,0.030214225733896954,0.019823303415656482,-0.059899779113792,-0.02153129423425655,-0.022904374441874344,-0.023503147419949074,-0.025142236962769522,0.023838036112068816,0.018961219776161015,0.012138601820225572,0.0039753564088385145,-0.011635646990190379,-0.00912524003936421,-0.005758675577705005,0.05532319874603032,-0.0703890392292551,0.04391233849228414,0.05859090864023514,0.040769296315198725,0.09159975274410079,0.00503012389439916,0.05851042535885143,0.05072995353116911,0.030885847171003625,-0.013563179714719157,0.051819061655361424,0.09159975274410079,-0.004421210241743948,0.01796073439093437,0.023634092271533798,0.006423120350216376,0.0014160802108911764,0.016429105635607212,0.00018261239597779482,-0.03226850732391745,-0.0434521675688969,0.03214895287284239,-0.06059133912716398,-0.07126324581068248,-0.22219277446117972,0.00617771379589717,-0.0030535053070554186,-0.007741219777826739,0.035505648941664865,-0.050255455679091655,-0.19729327429681298,-0.041385446222532,-0.050859169538326636,-0.031481287774058425,-0.23304424133309354,-0.0006263259826516254,0.039998497584823704,-0.047900853263197596,-0.050471389942777035,-0.050753009433881426,-0.05154260893128144,-0.01632572738020247,-0.009193179931355653,-0.008981599057112257,-0.011229604738767832,-0.008982330597836324,0.002162517856845745,-0.020572776964638776,-0.019543515820885943,-0.02379193071356699,-0.0008940811698071018,0.021056586724958356,0.010127369937814875,-0.42046008848276867,-0.0847478138751863,-0.06943467413967389,-0.07408613356154568
Joubert syndrome,0.02598377947223939,0.00811921525924944,0.00014927738562243949,-0.018098225764825487,-0.15654887903942272,-0.02379631220086375,-0.04944324636258276,0.3899173593768313,-0.03993945862134939,-0.3164741897466915,0.3244898764158139,-0.01147004213354932,0.02577756815901721,-0.041378553036904166,0.02924121004578,0.04412953375313829,0.14711149870818496,0.050100240324352986,-0.024021900423087786,-0.0016547119326421672,4.6823811033205644e-05,0.0016871908692767355,0.010332720467993365,0.0029445717551391856,-0.0030646818041137397,-0.005399496356274318,0.022683275151285417,0.03011937408225278,0.03628065232270191,-0.01250266272771317,0.16204258483253126,0.3299655667501446,0.2544994491937957,-0.003754843726244892,0.22782213923584352,0.23126794128540898,0.2293660257346833,-0.023640737739942304,0.15601362272580135,0.16188102743961963,0.1586283349882348,0.035351263536565064,0.03762834779913693,0.03863342353207834,0.038338672435575774,0.040590097798659255,0.040912627111748735,0.0010058574510802853,0.15048655715824413,0.15531069328059421,0.157806509691358,-0.01191588023409714,0.24422224055565125,0.2737449179785284,0.16069447504782997,-0.011093250741313003,-0.0575476210607097,-0.05550189748315857,-0.0479355158916655,-0.013596006232636963,0.0002669447230338586,-0.0049383442401692195,-0.011457829733762089,-0.014431771938778957,0.004298236497782766,0.011030081901025569,0.0195254119615768,-0.000939061038618847,-0.03519043423126504,0.04211308234281331,0.05603814383891038,0.046430061265720315,0.16539042205014287,0.013828655302842463,0.1994092365302481,0.17937110707897885,0.06665273333330261,0.02307020675429572,-0.00036963866947125424,0.16566660051842796,0.06213698824098705,0.19777463783829044,-0.006316160501842412,0.01201496033479923,-0.00714016873236415,-0.00801846314891631,-0.005000597684253659,-0.03642946092252179,-0.02750541879665762,-0.0014834078264626192,0.03375900473547323,0.036017623574291883,-0.02119029640953502,-0.00933038168025617,-0.21068057237522486,-0.011498987932244662,0.03057663194743234,0.057148848926627575,0.02952854275942974,0.19290891257326295,0.057118900686661776,0.21543181096890654,0.0284562096010565,-0.010438975704871605,0.044934799753425694,0.0006261832675409667,0.03993008476408435,0.04317511624304088,0.14641446376426817,-0.044735297839612644,-0.34286028714764727,0.01792630774600584,-0.23377106536336575,0.2846340793884471,-0.0031409657275141105,-0.04579272344806202,-0.017440743282107735,-0.3122223162728007,0.007348490418257881,0.3551147218753767,0.04154611190337287,-0.02391957147843714,0.01726396675937361,0.028371630994882026,0.034601128966158315
KAGAMI-OGATA SYNDROME,0.039768991661432065,0.41703190108840754,-0.03763865828803669,0.03279637285823725,-0.0012881198666843615,-0.0389584482047163,0.000658961763756757,0.2863895790402623,-0.055371923925615206,-0.09712117926466195,0.059960939161263944,0.07604555895299978,-0.00836642757661922,-0.0042978651256699784,0.010000856220107589,0.05522034183447238,0.07959726257705324,-0.05992583396661791,-0.05345535881250372,0.017760385054649493,0.0025597828855870516,-0.014637882946300512,-0.026781029475543672,-0.06815134618675905,-0.29868635426983553,0.04545940761426806,0.0012573405585367902,0.01501884218660237,0.03187109149716838,-0.04873405284179004,0.0028071223917769195,-0.005538066145148875,-0.012144161526828616,-0.027591922259508805,-0.043978581593634596,-0.04492820219925899,-0.04485915374699475,-0.010233459089989847,0.013019043789799683,0.022012645649053322,0.030014124374662454,-0.005444485951224031,-0.0020083978686221927,0.0011330978492411386,-0.004946390111682576,-0.0011469658076956736,0.0023979415484185313,-0.0066780787829319715,-0.026865496821567858,-0.02557256394590532,-0.02354999628559657,-0.05057668077630966,-0.07707168550151,-0.3422324388060104,-0.3240355160425658,-0.017955994169811713,0.09446938607757072,0.11176166967575957,0.3776379598593192,0.04803066507791018,-0.03004672833000958,-0.022693340003360755,-0.010189772384665775,0.010455183791477978,0.03091035979963135,0.027734951852267823,0.02073508357599804,0.0025203845397834554,-0.045489932055151186,0.2725094069482889,0.0007947578579076474,-0.03907421300442269,0.04418934926650185,-0.0673869528808161,-0.3093255276466754,-0.30524621481285896,0.09608123412071051,0.6035925800320938,-0.014531240347386296,0.0449254861593806,-0.026642575129279235,-0.5732719133730424,-0.07182182666396635,0.28480016315880496,0.020792662408411645,0.02105018450503101,0.06207416219032018,0.30469349937614043,-0.0340787133962981,0.12226383076220021,0.02778751865535803,0.019016115182944174,-0.05862338567527074,0.03765181783841132,0.06029537039273189,-0.013363228375170802,-0.07702160785633345,0.025072941661131984,-0.05140714049136075,0.03905774976203575,0.029627331983131413,0.07430559990102835,0.01789339354625587,-0.08910427453104497,0.06517814010131358,-0.005980341853984136,0.092457865394122,0.09314582265415572,0.09236045011279403,-0.09709094097257615,-0.0627379690670283,-0.0788589958055788,0.004294224645538879,0.0693458534842044,-0.013162568251724934,-0.07226615723289569,-0.08800899308044197,-0.08197610421616176,-0.059244764637200756,-0.3570512279642698,0.36061354674056634,-0.06865254223915171,0.04192317344696928,0.057381318590533616,0.03623806060860081
KAUFMAN OCULOCEREBROFACIAL SYNDROME; KOS,0.02558037335822878,0.4004511882616636,-0.0032920265369490056,-0.01796614058124126,-0.04086170033761781,-0.014435428109132252,-0.026873411015665725,0.41946683459110995,-0.04479454000601936,-0.22046992321646025,0.04425905885951214,0.20275047426159257,0.026619137783507045,-0.04275134023805169,0.19901399615926085,0.3143069582696887,0.2948793305101881,0.33755782667809087,-0.021311521122046102,0.0038148172217180782,0.005187571916399665,-0.000663993960856212,-0.052789870962062106,-0.06140191602532433,-0.06312094961276676,-0.0030840005994532366,0.02202452565186287,0.02453965675228528,0.026694425846347694,-0.01565294460397275,0.060285395762279634,0.3452137749414681,0.19100303465567248,-0.011030225226412962,-0.0012119232832581328,-0.0019560995384356704,-0.0026806338241230437,-0.03368239990851437,0.020815407787426236,0.019381394949233036,0.015934204019426433,0.015095000492564948,0.012900370943021554,0.010787986203215175,0.015412100835055696,0.013296201934598552,0.01033537729121238,-0.015847066677012262,0.004593586003441238,0.003670419221504921,0.0026768204296050476,-0.028486752028256557,-0.029063863801663373,-0.037374001015027844,-0.030039158517072704,-0.011353503335371228,0.020328022530352912,0.026647116069825186,0.030405671419625007,-0.02537833377430723,0.008608819915028003,0.005828139097991433,0.002728980264048754,0.001986751486404877,0.0007594330296128996,0.0021680253195951126,0.0039460932113720435,-0.01991416089412381,-0.031055787734293634,0.01822797555438144,0.04886685371984032,0.029006528669265275,0.2155368749417672,0.0031492079732962025,0.03269801881686343,0.027355341052356298,0.0410465119550498,0.010140545101469585,0.015256681980613902,0.2145890574238763,0.5450081245433379,0.22611103587381562,-0.004311117455540771,0.003327691269585242,-0.25503170959170496,-0.2518697966243054,0.0031579301093599375,-0.014051098051801773,-0.017272917958641696,0.08646659221978928,0.003708139095978746,0.0016314371560520507,-0.019376199610544577,-0.008538892590439502,-0.06102919424649099,-0.00885559216661898,0.035656210097842464,-0.02154202458149137,-0.04563006716451129,-0.01154981867014113,-0.018367125817573778,-0.005949350469633614,-0.026869681645413434,-0.004087043572575647,0.0518090063949897,-0.009285556556631267,0.2586332804796306,0.2745236578972043,0.28690292900677955,-0.0021515552001060896,-0.04831292280478513,0.05609374109238588,-0.01587339386406992,0.0477746968545893,0.023115454643088017,-0.006098994176117998,0.02075399268898595,-0.02814004617283057,0.043330407650126905,0.04781344504563911,0.4583790196297218,-0.3101210818552977,-0.0007068953005017755,-0.00024507381181107675,0.0008054947897827375
KBG SYNDROME; KBGS,0.009186096067937815,-0.02370299412025815,-0.20417466596481457,-0.0266332889776317,-0.1823788963199998,-0.013925565690442563,-0.08444127559077846,0.2625995009469411,-0.24901733398043183,-0.10753969246972661,0.10897709705162695,0.2590471133213424,-0.004133159182309075,-0.19299280510921785,-0.011942714564500181,-0.014891823683087793,-0.013156274656301327,0.018877185516712507,-0.20420461492934838,-0.006695705831001463,0.00777519370405475,0.013225974176126459,0.00690854162914628,0.007328318093924191,0.006659544011266647,-0.14971385917000157,-0.00013085362251213519,0.0008303795403076721,0.0018751292890118614,-0.1925400973894356,0.08923163383126531,0.2223504390592788,0.1979153251717991,-0.11640005972914448,-0.0022569147867979246,-0.002815449682596334,-0.003484381518613399,-0.09002745123401455,0.0031510627486615794,-0.0010920847651502315,-0.005778047583457425,-0.008219515277409013,-0.039754877763101874,-0.050379973132812,-0.008542580359193658,-0.042583024006855014,-0.054117276459028,-0.025405014568050267,-0.00438668857469071,-0.006282949406409707,-0.008169691825835218,-0.15967028037294115,0.015098949415066176,0.0788137533989819,0.024443934445616128,-0.022218931335369167,-0.16854587414509817,-0.18051651794172108,-0.1767115161589453,-0.08141321897649952,0.08640543687294713,0.07311651873902947,0.05165539946517562,0.075040406491458,-0.04668629596281244,-0.04139499004836823,-0.031769108675852184,-0.007749068020591058,-0.23802535448875975,0.0003345803790785492,0.2954673586536442,-0.15789317692315435,0.2975533620650539,-0.015205057216390724,0.2910088544258953,0.23197274785435737,0.235704903765889,-0.2580795670693942,0.14568305979686777,0.2975533620650539,0.1786297086128623,0.29359056456704785,0.10622224433652032,-0.12891645875421986,-0.18167020753358218,-0.1135580979937692,-0.40688205609371814,-0.36174801886034097,-0.18905362922895205,0.008241755931788407,-0.030980696504669083,-0.10826276165303493,-0.15355425594144886,-0.01804750837387906,-0.219637959300282,-0.0018851438971672122,0.09171836734451744,-0.2396101802923831,-0.15860547680747353,-0.1961364751594113,-0.22830817231149134,-0.1756467529248787,-0.23572030318553808,0.025657931776910198,0.2335734348359485,-0.15024430830696017,0.12004486436197562,0.12353939576461753,0.12572635720204134,-0.010618820044858656,-0.15154505116316153,0.12259749079444658,-0.02183774175290786,0.10470270776669224,-0.001168650320966918,-0.0158560079708125,0.0073708096083165316,-0.023674797214238496,0.015046855238028886,0.1841098978041322,0.4848860985507543,-0.4672283494653815,-0.16618217621976752,-0.17556708134616744,-0.1610067745219417
KCTD3,0.031259196636183484,-0.053978738008383605,-0.002977192928770512,0.027220613664959092,-0.008858873578333981,-0.051551451477069486,-0.05417430081037268,0.05173763847479527,-0.051657133970442276,-0.044528197959000315,0.045614628543191205,0.06532360484514536,0.01008769082761936,-0.0065870788314272045,0.03559523513409904,0.08082722698566452,0.09869505481131545,0.3409770613760527,0.01746127165255574,0.08940563934433281,0.09771177053895795,-0.023238881158550523,0.03915236200959891,0.020538886356205495,0.003821204821826004,-0.06995524358670595,0.0894963109131562,0.09592416565768395,0.1003587710728041,0.01566851894490201,0.4585951557256971,0.6143534242573477,0.08804787778523196,0.0044847642363850205,0.0166427854324316,0.007407581281826479,-0.00207044695917848,-0.0005668139107245046,-0.01948143806937093,-0.03507477692597716,-0.0458746501610787,-0.044484493125848755,-0.03436755452193168,-0.024229982791379667,-0.04163411255744268,-0.03482809079380993,-0.026102715708314888,0.012919661492973768,-0.008660099308467967,-0.010268209397908101,-0.011438448522829379,0.02543693206800492,0.4035105099162921,0.36739153279325215,0.0596586849688788,-0.05234933738171656,-0.12072895419125441,-0.1112145987849518,-0.09425570348090026,-0.028838397845335272,0.25453839439200204,0.2448466423402655,0.2131543520920347,0.003563574478272892,-0.17299472448157333,-0.17597315991431448,-0.16643642466027303,-0.08578405086835807,0.005322018756255059,-0.006566040649970885,0.09408440381138863,0.05597343591745369,0.007011604660725843,0.09290530710892157,0.36829710688474565,0.37131536698977213,0.1071531880501077,-0.33820180803489697,-0.014624935931240755,0.00726845265869446,0.3432459537611087,0.6083592378596396,-0.07556568226377525,-0.45709051922017707,-0.0446576201959841,-0.05346604986422556,-0.07208298943465939,-0.3497073893675442,-0.04955953488026191,0.040384226590822046,0.09928415705887415,0.10130912123914844,0.044884836803102734,0.02478906282908262,-0.5299782549612992,-0.08145073144292164,0.07039985114355662,0.05853355565897814,-0.011163561249589294,0.06647282225558886,0.06449474275990053,0.06584788830438856,0.05089016766892266,-0.01650454232042457,-0.011956486739436355,-0.019225629247970392,0.0969396954341271,0.10086457027037264,0.10369560656143574,0.018506069202734208,-0.04285814653315172,0.33766273257603374,0.0027138315105332557,0.07230366825888114,0.09718036750744459,0.004249190599186556,0.06273943553785528,-0.000467736924982511,0.09294378643038297,0.5597293787052517,-0.022435714936392508,0.020616201324215388,0.11966895048719074,0.11276480434588564,0.11113439241875264
KDM2B,0.031902836680551556,-0.04995935243590023,-0.04043044956646807,-0.06362151286322688,-0.018814602073823846,0.050126218056572754,-0.04625379144827892,0.26486845694281674,-0.05660922478781088,-0.036992830549573544,0.011006074745009115,0.45145039270751364,0.01423428532098026,-0.36467193935503645,0.02524871317161474,0.012534325261706706,0.00015510562696353103,0.002413816582501003,-0.034289278357655543,-0.04333529109783243,0.05643938881369852,0.2488454146709796,-0.0056241084687722815,-0.011695241620238725,-0.017361552533062877,0.007410999684509666,-0.038201693058100616,-0.029693639967388323,-0.019928922625980526,-0.02470067150965003,0.0053550067557087706,0.08238817474437954,0.40959042647781513,1.8211527973907038e-05,0.037117433994334356,0.0511930537507796,0.06350259248082005,-0.1737142036233118,0.060594463581633375,0.04711490308738235,0.031365667097591574,0.047494396060446066,0.040339933286657095,0.03166902786680909,0.050028892493689484,0.040350184439643194,0.028986130386926184,-0.009664413152808325,0.042163937499374166,0.047491638710047544,0.052116906850890724,-0.014729169962143268,-6.730944329154235e-05,0.050942653321993756,0.2585258387271341,-0.011561651954134453,0.00824789412787062,0.0006213116013301563,-0.006222720507997267,-0.13018358910745936,0.00025820918668780396,-0.0024289174038182953,-0.0058970627980126636,-0.0005097718223986144,0.00792658216221466,0.010910034204558305,0.013543741350703084,-0.054256529570987214,-0.03899445987735503,0.0036906384861351885,0.0708078007343881,0.008328971872278794,0.07700800062396918,0.0011230044293097407,0.06799811131857947,0.05756944062640673,0.020805299555856614,-0.04888796701616004,0.04607907043859406,0.0772957750543796,0.004363013153124118,0.05930094291982061,-0.02204406916588437,-0.06522522215683063,-0.043317313953963606,-0.029896132347525285,-0.04830414946450302,-0.06333971959636313,-0.018839496607821034,0.30935662423727467,0.057285621074953406,0.05647450058884424,-0.04170434423430502,-0.060246040328799204,-0.029244373907430732,0.04956123061469189,-0.004400948467852619,-3.4927133346784575e-05,-0.04409802851799257,0.01095057631180138,0.00415646687617273,0.01732038190748079,0.004563028314517988,-0.017151324098913907,0.04672008204743306,0.004066258413210613,0.08685561667934344,0.09244407835271055,0.09651097829411077,-0.022798231744305186,-0.01584678886919648,0.03105005928132923,0.022232125525771945,0.03818588484033581,0.07326064558365052,-0.025817032706400244,-0.0010251445478844181,-0.019024489494445993,0.008640729384533608,0.047122865057508914,0.053768628213696615,-0.057732565783924626,0.041096315473751546,0.03959382257627053,0.05168846737311109
KEIPERT SYNDROME; KPTS,-0.051224532070961934,0.020748541181598627,0.016366264847414914,-0.08903041796937324,-0.24262865537752606,0.026844959711742535,-0.011515004175453156,0.048966510421883554,-0.0036185982472994576,0.0004993085927719249,-0.00045612096121082504,0.00567057852260754,-0.00143445150118197,-0.016232981133880352,-0.00019581524248120843,-0.008087188746358097,-0.014958291944142135,0.04863035311623635,-0.009884414583486933,-0.0732601982549407,-0.04507672762192495,0.04747684982643975,-0.09595340138774522,-0.09417167389729156,-0.08453814779295299,0.07904025535837113,-0.03356545304540868,-0.03201124248628567,-0.029556676825272132,-0.007268839673803375,-0.03366476310909048,0.031022263334792764,0.07711442517498644,0.006748382357848533,0.00816729082631768,0.018740650230069076,0.029630177642062563,-0.012599742007174298,0.015511064054129099,0.0010513901059063815,-0.009988580246054545,0.01286053743884814,0.005330466818860631,-0.0004735699388965204,0.009651060801168945,0.0018842561054706604,-0.004585856948278546,0.004089705372399117,0.011987793160518163,0.014584290638136948,0.01776414179972973,-0.011515473603305893,0.004701392779976564,0.0624081343442386,0.09060509637379591,-0.07265272856446185,0.00417355735880065,0.0019238473389190742,4.082724787519464e-05,-0.04050441750751706,-0.0007262757548902661,-0.0034610555423962006,-0.006453530611076365,-8.751291873265425e-06,-0.004448293730050439,-0.0032287155606161126,-0.0018996058275816568,0.01665417120357789,-0.028905047779492255,-0.017303824564154743,0.05542434315260281,0.08084649877208228,0.41751333792009293,0.06533539451205689,0.34673603251640484,0.33676847422474404,0.019011607090223863,-0.01918241022780411,0.05312029600212046,0.41751333792009293,0.3809832844568018,0.37790382392944616,-0.03747624500694905,-0.05620213419481174,-0.03168541041973919,-0.01327994226823408,-0.013353994387770952,-0.0798551524649509,0.00027975620200905606,0.02816531997175493,-0.015967035540541623,-0.021745670533636373,-0.014179709994849916,-0.07298517512990338,-0.08246502130867729,0.04412982971375409,0.046967297330042596,0.001350887793791119,-0.0034046535129964466,0.005789150539144272,0.0017043510484966156,-0.0011266955535128545,-0.018033188255031883,0.018067200221727926,0.026332346399975518,-0.026095600557394946,-0.025353731345829366,-0.02485917636204646,-0.022866868803465893,0.015206494008460296,-0.0005955182310237891,0.09389313135545545,-0.03234157352109679,-0.01896234400648948,-0.015619466452921983,-0.013721639804000723,0.03156491483682392,0.0034409662189170743,0.049514343804503105,0.3537531182303202,-0.013328562201635521,-0.04527292496568476,-0.049930425029743465,-0.0428423307651982,-0.034362440084279904
KOOLEN-DE VRIES SYNDROME; KDVS,-0.047425860996440326,0.0016681094213959234,-0.0018043180147832144,-0.026960041748631317,-0.2465090073779017,-0.02874296671556821,-0.34126390136175666,-0.0010512199152803623,0.020146647256907044,0.024423777372797526,-0.01674685660983445,0.3519865163322313,0.019977595646955483,-0.03181283607992847,-0.009206655584764753,-0.0011524353677342465,0.005595070199197569,0.2801115345552011,-0.045234845921180496,-0.018321020811211893,-0.02616400487029988,0.0010848159619071226,-0.018600760011561492,-0.025643493802699837,-0.02880848160001904,0.015989353467981474,-0.043948697992933626,-0.039036013982213666,-0.03309156726563368,-0.04309462667435035,0.03048010569367108,0.19710312934436003,0.21688514536442488,-0.12893713006918844,-0.0007701685380454226,-0.0003450604515325004,6.668485804738324e-05,-0.0016360070210321854,-0.022008589289747086,-0.08918858834049985,-0.10153806062285649,8.952470149053137e-05,-0.0017439254517401274,-0.0036174540957861247,-0.0037370550747010543,-0.007500417709422949,-0.010794796259929797,-0.02696308196049782,0.0015242793705771487,0.0012630858148335606,0.0010161388363397325,-0.04053631976285011,0.006027582255800483,0.01667474854214466,0.020165678035357775,-0.0016043479043224326,0.03983973381772286,0.03999811141397355,0.036483455010078034,-0.014774167864210637,-0.0016671352786660108,-0.00901514795466396,-0.016455742870950533,0.0026740994840401887,-0.0012466332197130015,0.0011897883900872167,0.004920870591181056,-0.48313177444846916,-0.04251157227387493,-0.185533859018583,0.000960697483818948,0.016950466931938038,0.1611586025019741,0.20425074156896741,0.03269490569527275,0.12525147834454345,0.06829358819739635,-0.21817586751031046,0.2280285652695662,0.16128886434093392,0.33552092230216113,0.38016773462587494,0.02003285095768204,-0.03903065822891706,-0.28011491106841696,-0.22063409928029354,-0.01975920759781641,-0.03451315901893845,-0.01281615909238829,-0.025849152129795924,0.0015151013711381504,0.00765793673295915,-0.039571805735541234,-0.01923306974372962,-0.3195920581317951,-0.008773009104471785,0.21552828968657448,-0.14223531821528523,0.01792078615054137,-0.12973500326764809,-0.12793995385191098,-0.14931611729307212,-0.024172620449757643,0.26116877958363455,0.03707166479888385,-0.02469727499617671,0.3931151468193483,0.39866034063747946,0.3999577848956586,0.29622210955132794,0.013706023820557701,0.34592040836785876,0.002789639153398285,0.0017724245842609184,0.47511495926409053,0.24926218292933977,0.35182935699888995,0.19027704915706675,0.4806578456010936,0.23033980646559052,0.2744553953866972,-0.03299449251945324,-0.011167543746102166,-0.02424578085055857,-0.004268890545303587
KOSAKI OVERGROWTH SYNDROME; KOGS,-0.015920259437672498,-0.002548938044110625,-0.06170244309247994,-0.05116150893431604,-0.0470393482128846,0.009379167181183347,0.07442756336922586,0.5349261367276491,0.03246996350629001,0.032789835449932546,-0.013197237546733373,-0.01352803383488378,-0.018260042727566986,-0.05814077819382467,-0.055309252157220185,-0.0662670777765059,-0.058292889725770035,0.039432395836936314,-0.06307498617220242,-0.042994285858793814,-0.055079090502257885,0.005899769481370805,0.0023849715523245295,0.005280361697681645,0.0073665701722495265,0.009767399474178422,-0.06863063631319415,-0.06785927839409638,-0.06554430172729576,-0.05162707375489608,-0.023550906978756853,0.002140329657981155,0.02960942995903378,0.009093973723696016,-0.04646756347259069,-0.042909818080707346,-0.03953066443393172,-0.028050978656062323,-0.08349028732214421,-0.07993411640940301,-0.07233103333049518,-0.046888971111331196,-0.04568867793925843,-0.042591628911767695,-0.05413078943694481,-0.05352477982678647,-0.05007468775734411,0.009353455031020733,-0.04478543729837739,-0.04155425306858786,-0.03780436266410741,-0.05920664304594679,-0.020798957703138183,-0.011638215766260058,0.0008689682528733257,-0.011358728839662637,-0.06734264385756288,-0.07511566189847774,-0.07637403621356333,-0.030011766611135336,0.025968916179635596,0.022058693655828604,0.016638495115497212,0.00031362466235739764,-0.18779389807725635,-0.14949946723018123,-0.13760335613252508,-0.06400318255183957,-0.08000012562601833,0.011435279121752007,-0.01556733473744461,0.3206022117488694,0.31055679574914113,0.029733403347162766,0.01221259981135666,0.015243029380079477,0.09617497991243551,-0.3186247719297166,0.03932543032494217,0.31055679574914113,0.07293182420951491,0.0917127473872966,0.07137809433378865,-0.01815269988750284,-0.5463493336571764,-0.5348485519406478,0.08757415015518234,0.03470900894328839,-0.0510081811530532,-0.022163591326603633,-0.040106413859136214,-0.0651581109963509,-0.06786774555081161,-0.03169487354589366,-0.02696633127114023,0.020597622146653758,0.06184428828811161,-0.010790310020827065,-0.053005083587038086,-0.004066252470276446,-0.011620398133948799,-0.009268832059515723,-0.048322503923256356,0.04358251121646693,0.07692662471481426,-0.011856268639089243,0.04436224931699261,0.04605677386250277,0.04829958054060651,0.036076250662134886,0.008710974466292602,0.04154696985413202,-0.012631006623982937,-0.0020722850207016094,0.11773880202754995,0.024448898238017786,0.03957669853469737,0.0032113750064067517,0.019554071329094716,0.03322713442051829,-0.004241420285542076,-0.06581605011416337,-0.08327198860268091,-0.07079386257464935,-0.07227313444723538
Kabuki syndrome,0.011784420659021865,0.18382289453677447,-0.02222695321464196,-0.11722134619285543,-0.23059469608965286,-0.01437199809471298,-0.18075116555954904,0.2518055794185017,-0.37973242656081874,-0.15681312260408836,0.010432919956408555,0.24795539996726676,0.0004826454459867266,-0.10351621120596655,0.24999357570217923,0.2653492317667449,0.20981179140119577,0.3315659766233121,-0.1786694327068925,0.005609538989109433,0.30724763596498605,0.18310233961097516,-0.030850733497855463,-0.028273393024985893,-0.023020282017377727,0.0008112926000611426,0.21575068680177864,0.2265832412740794,0.23210142800517541,-0.11514297101037806,0.30599629523579636,0.5052540168386961,0.424658252714158,-0.008479015862234922,0.13362654567293983,0.13811337476289867,0.13932135862616402,-0.09526877942835903,0.10211877938380128,0.02616345086325241,0.01902625393345568,0.020658328800181376,0.01565047007907812,0.010038464865483777,0.023208489079343916,0.017369734039422765,0.0105472138831551,-0.002989006009199452,0.08855924759457355,0.026320978838423433,0.02448152029758931,-0.11283100342259172,0.1488952931324024,0.22548406839103827,0.21763528166345164,-0.0011593366182962835,0.003872544190855465,0.0007720039668581466,-0.0019853567443894127,-0.020391119585852824,0.04309558296232389,0.01675255917269563,-0.0010744684772124424,0.016584826584730355,-0.005108427207960073,0.0019259407555168161,0.007467113598249418,-0.18358411723262943,-0.1953507313180865,-0.00014168736262979546,0.4101459842336778,-0.007527028397331204,0.23448296207669225,0.15982176912205473,0.2984453315599794,0.28611622133152426,0.035386443003173784,0.16924707775352174,0.19279503205268836,0.23448296207669225,0.39456276590266515,0.2898902718815519,-0.027775528939038792,0.010801214498293904,-0.09318546818622842,-0.012520266681299894,-0.339477760135361,-0.3560857142811767,-0.17464913306923094,0.005443325689623308,0.08152054500157413,0.018215155248597837,-0.052031516083230825,-0.13069475347044038,-0.3377238511068325,-0.0004885990351425799,0.021666070735064474,0.003334117865695444,-0.1330827722092941,0.011613538776317515,0.00639841915362443,0.029373838676464634,-0.006168903353596396,-0.13297452433083504,0.21101235565547935,-0.10995125583034071,0.2768391601730956,0.28088904500649436,0.28193837572706826,-0.14705058671156315,-0.015701982864481618,0.1831944270105618,0.13119273509249207,0.09356945066278044,0.25201413935159955,-0.2228177718799434,-0.014066549923150125,-0.014687501196823223,0.00806998627039407,0.3862410651901349,0.12736482933471838,-0.20501041155423635,-0.0005664478182772589,0.003949156154921987,0.012161850323712713
Kleefstra syndrome,0.2174956717934246,0.01820684450148723,-0.034282645969493514,-0.017636034590324836,-0.018559539164936748,0.001316192195624607,0.007778458102786404,0.5010139286077208,-0.03790501803849055,-0.42048865219643,0.42299894237476776,-0.20172936962361773,0.004881397081959614,-0.15334292515616452,-0.02806367317796334,-0.028603012000017507,-0.0208765460093618,-0.26920111696715354,-0.02965515613144762,-0.04131873598222973,-0.27222941794461714,-0.0019505990415978427,0.1155790253105423,0.12149717009565753,0.03612669656980162,-0.014427342045053526,-0.01643356974994986,-0.012426120066324967,-0.008435317955687137,-0.019038634919575848,-0.030457968622620915,-0.018062077498600136,0.0035325390848233167,-0.022091855987771424,0.02479918931044839,0.028501069154773122,0.03125641314693609,-0.10635555946610878,0.2668492213938589,0.2415308489871675,0.2045964115531432,0.13586582130144062,0.03881861692236259,0.03395954502669633,0.14651147312670984,0.13277232856195395,0.03557251730832263,-0.02017522552155533,0.032500598919262914,0.03287385748354321,0.03265666337948831,-0.020402167548329554,-0.017699849870452054,-0.0056633989294341755,0.0051290636227258705,-0.0008328551001762889,-0.013007545298075466,-0.019056859099050583,-0.022803996494929177,-0.021568778250125653,-0.011270776862908286,-0.013863191507814105,-0.014486750474952235,0.003570726970863045,0.018830946301850764,0.021947132047693448,0.02395978652897039,0.42247238970829953,-0.14600861992038888,0.3404721048504686,0.02303272358274367,-0.008391449201316029,0.28935590017578516,-0.32464807030518583,0.006728864766774145,-0.009598519085262875,0.007761026791649541,0.021362531854116466,0.0013987196944094582,0.28935590017578516,0.00875457488981262,-0.005662686900461905,-0.016804305096584222,0.0014709255769021399,-0.02519947230283979,-0.02624357140228825,0.00025811624627425914,0.00615405907108922,-0.13770727645498648,-0.02231252886863508,-0.0017972632266396462,-0.005249756028079669,-0.036452394745767044,-0.010052345703477536,0.022704132591640547,0.01961575639295571,-0.008539811172412,0.02286034336257812,0.004488506831003304,0.032491320830680064,0.02017435707171412,0.04393146341220592,-0.03475692004998712,-0.03171671093273389,0.2236050807115379,-0.008349236849431186,-0.03704952257926593,-0.033996420257630604,-0.030517136231865336,-0.34473926381399134,-0.4406341410738601,-0.22368255250654034,-0.43026076538415237,0.25407198278941984,-0.4762453104312517,-0.24535698454962887,-0.2858452975728267,-0.49566323768322723,-0.28460416133602,0.0003865922358416166,0.44439578961465453,-0.35972790185813913,-0.14979758183876044,-0.029234858483933403,-0.016351672040685817
Klippel-Feil syndrome,-0.054889721991493536,-0.00487736338976958,-0.05518967763281306,-0.059618958521168434,-0.26058026506340604,-0.011667602422699512,-0.07614897194671247,-0.00614480432612525,-0.3385586363915467,0.026140340352042785,-0.034789355055437246,0.5243372322809519,-0.015618820059256612,-0.07234812312884926,0.07473598710526669,0.07533125428103278,0.05628719720546831,0.09975408512891383,-0.07733387950580638,0.023147805266039326,0.530134160586245,0.07473397682202793,0.042908823097110214,0.041467023662421054,0.036203535120412945,-0.06703470123296852,0.03780249015629151,0.041653118787482395,0.044425529980621485,-0.0833828290331015,0.3422875212859916,0.6177170920286033,0.5332353739115603,-0.014117125075486259,0.020429967844694023,0.018343865096004858,0.016307022328758636,-0.043497219625264136,0.011848177421188906,0.012777724206809123,0.013177163479449683,0.005007410243706096,0.0019980986085905914,-0.0004073660194141685,0.004860104198731136,0.0017270680007721118,-0.0009586879022747967,-0.007206222480880605,0.013948773905512501,0.011115136900158949,0.008286404967988735,-0.07454123396257967,0.04242599042699792,0.056887412297701806,0.050151330580292315,-0.04960601244717959,-0.06014539135865915,-0.05373710536123571,-0.04175427940004557,-0.015258809442544274,0.030743337061518345,0.1006857840652131,0.09336214824623447,0.0037874317252480595,-0.018701479096533254,-0.02010184667541659,-0.019996716876469412,-0.3485184779875281,-0.061033097683268506,-0.06316533804867949,0.5082438628088917,-0.012877986432059016,0.020229530371753755,0.3326336603489949,0.3612196124163086,0.37257661951702903,0.036845008677287926,-0.05257755821721379,0.01492744223157783,0.02038946012873698,0.09358497468738156,0.3597355883003912,0.047447366630655866,0.0001745592155807063,-0.05610097426841976,-0.05389799296481819,-0.5330087092887497,-0.5504380183324971,-0.028178221445511176,0.001064921151622017,0.014426444094200208,0.017979505442742023,-0.061853356756227065,-0.04371122824148794,-0.3563364347271045,-0.0003468569522700943,0.035333762475487196,-0.0739006329771702,-0.062528962056797,-0.06662577339511692,-0.06698394223893214,-0.05092392989364514,-0.02875706964780843,-0.0061184341385348735,0.08100536862481268,-0.01483005765877218,0.32328074242237603,0.3364642011915741,0.3462251239829066,0.02331909795469925,0.02980766151796636,0.3409397889619515,0.3785896251168659,0.0020781666408899425,0.46506047301192865,-0.019801416755194052,0.04112967500136983,0.08734899707038571,0.1050274851823162,0.09623497218337476,0.03895642246383222,-0.027472487904424633,-0.002948260166131317,-0.011868522890170022,0.004104181855252421
LAMB-SHAFFER SYNDROME; LAMSHF,0.04851045848692495,0.017387186496664698,-0.009945785009338497,-0.060801749056852726,-0.044811158412389064,0.023114821621620332,-0.06430077251313782,0.018351086974767974,0.024681333762097375,-0.06548980945728862,0.07358738233166214,-0.016281250960079485,-0.010753343385614952,-0.054024109702699746,0.026123878267308158,0.018511363014956293,0.00598901414565654,0.04389435616413452,-0.03722435943991628,-0.04646674382570532,-0.015526369973607713,0.03360236483241381,0.033544021596415015,0.019341097979486913,0.008426691765183129,0.04573551158196646,0.00343759176629611,0.0049808140256683,0.005769035356770608,-0.01580438600101305,-0.0017452724928446472,0.05918162550159254,0.08253464856063657,0.008473421583650794,6.039946725293105e-05,0.005467904990857487,0.012663780174886662,-0.21580756911965748,0.010303426468968318,0.0022215359878168355,-0.003953442704280127,0.0008774060348527025,0.0005050543505080258,0.00016263694774079138,0.004083455518894712,0.001975685733982088,0.00023693265688686898,-0.0016951934247079457,-0.0009918073410290107,0.002549713346175074,0.006751845139691689,-0.011720770969728036,-0.013650784735031285,0.009087240729705981,0.04131705826373635,-0.04367627223745297,-0.04444794919698843,-0.0344457806705563,-0.020057331667519187,-0.02007742200583441,-0.016731933059308146,-0.020246832969654918,-0.021676362920056983,0.0007167172436296917,0.022967768463102337,0.026116067443533092,0.02770222234245226,-0.07292375687330045,-0.05356870143545899,0.04958394895397913,-0.016670820881132798,-0.0036064678599409517,-0.005802038385389714,0.0006753374758703298,-0.0006863747299062239,-0.0007145904246357595,-0.0053071387959513425,0.041043589051006156,-0.008522948403424853,-0.005651489674454594,0.006066879445787159,-0.008183332341279102,-0.05798640783015528,-0.014105711370480048,-0.03724833741045587,-0.05252642612155952,-0.003244066131910173,-0.0033744963872821415,-0.02750926392308961,-0.043424764318973026,0.03170853564305524,0.04103414419085919,-0.04867958474649933,-0.04000128432000281,-0.02030297168707367,0.0311541713240934,0.017531187879591188,0.060600850858725665,0.06472572482875988,0.06401385101505958,0.059706307781569615,0.06728607359129829,0.004648864696662723,0.013145273458593143,0.05015755392140209,-0.006967776316590043,0.07229225626654598,0.07885940205701841,0.08454913211419106,-0.02245882043408568,-0.08101520929340317,-0.004592328743554942,-0.08565101799278536,0.07857935682389895,0.030249784773483314,-0.008563599665213495,-0.008518735931495545,-0.07750302073343696,-0.00309779406565228,0.014434769240205621,0.03879311168157835,-0.002193199026094575,0.02669642474123788,0.041185068011590754,0.040487575274297555
LARSEN SYNDROME; LRS,0.030709083419351472,0.0007754366134579792,-0.007815061034484806,-0.025057270466855013,-0.31118321125335624,-0.04732291523906609,-0.015440150594051716,0.412441779752075,-0.21257124021613283,-0.04719075657836546,0.02041056304328856,0.27436145457612493,0.02881134914064787,-0.04612540178020569,0.010688175856400485,0.016783923443905734,0.017422470440942986,0.29158845258630356,-0.0463095740307883,0.0087209260377731,0.009859810035279044,-0.0017628020352925189,-0.012414680331212034,-0.009366270021894395,-0.0061149037838156214,-0.018994326097946993,0.004539822073260873,0.004175181079151501,0.0035206494614068774,-0.04033875047483383,0.306656513902992,0.37558669253370464,0.05446706115108772,-0.028563447166469247,0.05693216928651862,0.054951294855763,0.05174735949532198,-0.000964329030347977,0.017091863181032268,0.02040451149610483,0.02150623031767804,0.016304232299654182,0.016748499416054965,0.01646886109091674,0.016963485892516474,0.019059162859254394,0.019236459428315405,-0.005252190077659176,0.039500210283396606,0.0378033971222046,0.034963941301210444,-0.03653188882382296,0.324962406795825,0.3521629291667571,0.20373620689652802,-0.043985017891520296,-0.04728468609992756,-0.04679469165742756,-0.04201275433301689,-0.0007712818575206306,0.016087410447650982,0.02085031057977273,0.023167179819971063,-0.021058431713108484,-0.005365105361047093,-0.013681328633681173,-0.021158264526554126,-0.02895095189424006,-0.04924105540495615,0.005054125450848091,0.379163248900175,0.047841275025753215,0.37986452885243954,0.0736041782099304,0.40911700880451973,0.408624280910679,0.048750185188533655,-0.021579795841941016,0.035338848129077546,0.37986452885243954,0.44299544944205355,0.50070159486398,0.03554279854025429,0.011990722250428371,-0.014006791176992002,-0.0031383161068162663,-0.060064798935915285,-0.371289638185757,-0.13446959582474283,0.3002617343136551,0.0424443908686342,0.029283815134104097,-0.037014605748748576,-0.010538412264667054,-0.3918116697391981,-0.024896845938780245,0.028292209221914003,0.009029863429308926,-0.2750222719332098,0.02252527405150705,0.014203510915578628,0.03931941450896229,0.004414190867078531,-0.03768507004239674,0.29029615470245207,-0.029910938521618455,0.2934849525298365,0.30084871262226975,0.30479265985557286,0.0002328416293739536,-0.025341144160787688,0.4026266311927459,0.011208998426917676,0.033659559190259584,0.0504702285306494,-0.02643100940243239,0.03588769316678352,-0.003809146569632899,0.004496617234268919,0.5057897627667075,0.23274124357401035,-0.04273638489344058,0.018645598489845518,0.02764477111897344,0.030754748941438065
LATERAL MENINGOCELE SYNDROME; LMNS,0.017114688360833206,0.300111749466865,0.019358661004977764,-0.2676676072592522,-0.20576749895776342,0.03280516010801646,-0.05930007546802857,0.25096187592119246,-0.04627393098233729,-0.3007513786249005,0.07787083291717391,0.0736939849911464,0.017283697217913476,-0.049294232975543334,0.4716877606164787,0.458257327080739,0.33194285452715433,0.3437577353297344,-0.01543566537845919,-0.024349555175289805,0.3414653204723772,0.38190148546737024,0.003166804110816032,0.0034610660251621237,0.003513934972602204,-0.056061243501709726,0.3761126640594818,0.39136016371669236,0.3991772337464011,-0.005218251935899469,0.22398283090154403,0.6131896714447391,0.612942642464662,-0.004223257297705735,-0.008204221508954033,1.0892540445803719e-05,0.007828359281099052,-0.03071527968435655,0.060149260168227976,0.03897934657239961,0.015100717899051189,0.012365385911893505,0.004633681162609686,-0.00014646835108285807,0.01973182127781497,0.007845751165898057,-6.251078069363945e-05,-0.011626391500012543,-0.00182102770035007,0.0009081970048833867,0.003969465538119408,0.0033607757800669007,-0.054168516860638526,-0.013312707680303367,0.025004964379764662,-0.042966133145892774,-0.060146714237702376,-0.06247584297412535,-0.05935620909792393,-0.024320690872882807,0.017869193036208507,0.014813102572913583,0.010914800749882077,0.0005763589855187747,-0.002565523497198038,-0.002344327954425995,-0.0017247692587247327,-0.07204393067229815,-0.01916927543317912,0.009864918993646613,0.0759739206654726,-0.00134075116945297,-0.009404986269100019,0.04770103393498432,0.28733679215288305,0.2756811904949011,0.0133065069115822,0.032555907311100855,0.025221376612882238,-0.00968971085471233,0.526193781366428,0.07257861700550786,-0.2202737701828742,-0.035444087035816,-0.025247217581878215,-0.01741931533328405,-0.09230564215550982,-0.3235270527435312,-0.0428801668283378,-0.019813875728587945,0.020410392736874255,0.019723766242778704,-0.01888981022024479,-0.221623059177953,-0.2855172445915452,0.036930645571851786,0.00900837832932069,0.01865021841280046,0.0017983319883729842,0.029709096789581852,0.02296646154919817,0.05068075258065595,-0.0027370786001169843,-0.05279651619966764,0.05239875357088412,-0.05450919739958254,0.5104519312817322,0.5124219071011117,0.5096488843219252,-0.06470009663178035,-0.08245795901132366,0.24887177318245232,0.016496518383231577,0.4192184155332617,0.05835828011774971,-0.27895598550420714,-0.02552876641171289,-0.060479131433715035,0.006761356713383743,0.06603262345938392,0.48231781695067133,-0.05097385633470559,-0.004718317872479228,-0.000746600350629767,0.009977037929138672
LENZ-MAJEWSKI HYPEROSTOTIC DWARFISM; LMHD,-0.006213980717597567,0.04961027399914881,-0.01931872516081338,0.026679414688048953,0.054938678444064706,0.013048353145789334,0.0022787070072714487,0.09998063954894042,-0.06895223504825994,0.011604051258810514,-0.00616414968165054,0.059289772365956686,0.024563981132214502,0.1227722311178238,0.05610062239471121,0.11754398319261519,0.42379629227654486,0.584924650366014,0.08922812214109688,0.07449910763811078,0.10876699319500467,-0.004196029033301095,-0.06554645511781769,-0.10493118627166856,-0.12451791262720968,-0.040832547623080966,0.1050676451920741,0.35616357710018676,0.3694206373340419,0.08446595128289612,0.11253114077234878,0.12460772216271339,0.05408457624135992,0.05978235588731769,-0.0017229915983088837,0.002751821373737454,0.008168953930025698,0.08424324901863872,-0.015560202862866161,0.000303136462445554,0.01760621026746981,-0.015426663516088419,-0.0062191004021241135,0.001871187524137982,-0.019258183626401713,-0.008055598991769709,0.001737782204228242,0.033119439548225986,-0.005795206642107215,-0.00036333749252462545,0.005550573626221078,0.10720542685556236,0.06252568851525839,0.051015332233087046,0.009190447084584892,0.11388302394891672,-0.0605342555046694,-0.03272777502029734,-0.006195713292146798,-0.004437422115744225,0.011930693868744941,0.00859421044249721,0.004003225113404167,0.023746788917228746,-0.009617435671488548,-0.003653699770313129,0.002853852488855513,0.030465174820537667,0.09362218190936704,-0.061902462105170204,0.1137851149912094,0.12434626139193136,0.09997595496042129,0.10321971352580822,0.4274736880114146,0.4271371619844808,0.05440200551321115,-0.06826013200243053,-0.019168562768969895,0.10057932975350939,0.6612361250386806,0.6396546636157384,0.04770386482387015,-0.010608355955865763,0.08555256569929291,0.08304746465939089,-0.002536715631590854,-0.09369769562523032,0.007286344881828401,0.04798512796052859,-0.071339228087483,-0.07667567477859984,0.1367520897156281,0.012357246434149528,-0.13348410066567637,-0.06475940677424338,0.35217643929108633,-0.08586166521262009,-0.08776687637555063,-0.0852857188078846,-0.08385125639979232,-0.0790726296016272,-0.05242327952516542,0.007283429307985564,-0.06740410333714397,0.015077321434962808,-0.016372908757496207,-0.013633404619834833,-0.009938931196928813,0.047936165100298266,0.011118117820516785,0.40962871035143805,0.04400335973944388,0.001536221475037621,0.0031910601291330917,-0.012508966402906366,0.0636329887966831,0.03411670888229366,0.01858506313650168,0.5556406392047839,0.06932335516116007,-0.08347011835344116,-0.06596910535909949,-0.06748516680926406,-0.07647225850170421
LEOPARD syndrome,0.09488622292023212,0.04597253293125137,-0.08214210942149996,-0.029133451467504318,0.004889873147619216,0.030267848619858883,-0.05838237407066614,0.08489218422214974,0.03501911630321824,-0.08140971793676939,0.05792265659174023,0.038704047185927515,0.04213190278897561,-0.05899467278338851,0.32006660824684463,0.297663352132666,0.06134141686285653,0.0033904171963916783,-0.04029638731448752,-0.028428744130725308,0.012072915621009764,0.03978622797714953,-0.02202182505064263,-0.012213020461402081,-0.0037294509937878272,-0.035995371921558474,0.018083560280170965,0.01236195373806344,0.006564631576692718,-0.02501163299882096,0.016960257088021822,0.07309453378450648,0.0774571558167968,-0.014004438914724719,-0.015164653813099444,-0.01390837472713501,-0.012678943414185864,-0.031093353277956124,0.011854835997604717,0.001349909538745468,-0.005382009949460218,0.003342854171425175,-0.00271991261563153,-0.00996000896711569,0.006045021816997443,-0.0018607801613016164,-0.010078309275645654,0.009862190168283514,-0.006933424764540784,-0.009269416305757536,-0.011101345729896139,-0.02172590895743291,-0.05784088843003798,-0.04316912729337913,-0.011896170709631709,-0.007466979078781741,0.05702258951184626,0.04480670452462944,0.02615036098838548,0.003546898997934494,-0.008092172649384997,-0.006532528860363614,-0.0042877257888122265,0.006528870421003876,0.01664213598179922,0.014807883929674847,0.012175630828940178,-0.09040836270320635,-0.03007962652792274,0.010163886705896241,-0.05074753012235178,-0.01604395774552277,-0.01681775243507781,-0.030353145720494443,-0.04069689436194879,-0.03908704394670531,-0.021724984434505958,0.010043365238146274,0.023179530854894187,-0.016930597855340408,0.03342229412067229,-0.002626564883171897,-0.011611335407868932,-0.0018856536619113388,-0.08543974836140775,-0.08296299710464339,0.016681595895147523,0.03819194887203585,-0.03400119299414976,0.08046479458786752,0.022040520788752793,0.024056433974464067,-0.03261028117651466,-0.0483996559372805,-0.014014680946388402,0.035993026763355175,-0.008536480362725949,0.05320414263861415,0.019849887154537633,0.05941242895198214,0.05950649500540933,0.03332010258131953,0.05654481097077194,0.03261961713960546,0.06141366755011567,-0.06565504348103465,0.40061504317846713,0.41029612170109336,0.41637182414954027,0.030768290919071205,-0.05715216214414106,0.006117288094334788,-0.036677939847781164,0.07613131579063694,0.06678373725549641,0.07708127959153792,0.05742756313365209,-0.0141877549468777,0.03288008535233757,-0.0139210780863214,0.040211562723219255,0.006566496696482368,0.08451569054874429,0.07832726230644514,0.05315178921008609
LESSEL-KREIENKAMP SYNDROME; LESKRES,0.030339570493844656,0.019478129629918673,-0.05800671323552613,-0.01625982921587253,-0.05010599243099216,-0.02682628979548384,-0.04980423561779697,0.2652549390802814,-0.06417214772473591,-0.26434169311018396,0.06599851561726605,0.00136127091467446,0.00011786352981730737,-0.037326417926669894,0.0008602934643863723,0.00030187961998645287,-0.00027093650053274535,-0.0009867845879312528,-0.06150454082283527,-0.005339984754023132,-0.026596985107102105,-0.00852498965107349,-0.04374190535291202,-0.027499346041717904,-0.011951516544223544,0.025794209852604083,-0.004547945591532867,-0.010177299083285832,-0.016672737703618056,-0.20396250356134227,0.0148959038814012,0.027988063343406845,0.02036179930338996,-0.024059473526728516,0.03434618601182375,0.03214232913679756,0.02830376910648865,-0.03838058761313395,0.05185177133223397,0.04543728451700014,0.03711888866377459,0.035928806696272686,0.035460067468942445,0.033374861803189645,0.03823136160421533,0.036707079203470015,0.03327507920696707,-0.026056173934157042,0.03575046213908518,0.03415753269499789,0.032176202893077405,-0.0448188951493618,0.010733175692518748,0.011203866761527759,0.0064987389962086264,-0.019111311717036922,0.020899352736460715,0.007741986678714958,-0.0014526141400803272,-0.021221355630166836,0.007925634855260258,0.007609733156907537,0.006320456163951563,0.0013233236368264051,0.0019059517543543612,0.0018026417229067872,0.0016026614430330278,0.020356608345311798,-0.058651072222542434,0.055544637402341376,0.06311355457234268,-0.018621615510478265,0.3987849224828993,-0.00712222749015982,0.03487691947721549,0.026352773369555636,0.007799114100586256,0.009621246206813075,-0.0010623951949127793,0.3987849224828993,0.0423506336004102,0.024409530656148988,-0.02029268980220076,-0.008149398751172314,-0.21288063993108028,-0.22726414227646657,-0.054912558637528086,-0.04795197943338872,-0.04807097443490064,-0.028141504725941437,0.023892550689962887,0.020924426943846768,-0.055343741450739024,-0.006897434707704829,-0.033736184342116574,-0.0029106966823197085,0.009394124046354148,0.0197428198322788,0.005835174303530014,0.03000824683228549,0.020055674894477238,0.0351073448373808,-0.016204653263367334,-0.007787995595787654,0.21377822876080527,-0.042815914645643896,0.011622532211227745,0.008714341389506395,0.006140810560811245,-0.061988583843978984,-0.06980615807241788,0.0034859304038481922,-0.06387031159484893,0.04380145167645029,-0.038522837844472885,-0.06133993872975512,-0.03956743524900266,-0.07949419452323091,-0.017683125659760785,0.031048283159547975,0.0789333395267648,-0.06946184155932239,-0.01890580458894874,-0.009123482025081084,0.00583365260876241
LI-CAMPEAU SYNDROME; LICAS,0.08259629634187195,0.06788625673316293,-0.009430912853285988,-0.04979160322764652,-0.2866947420989498,-0.029224646579486896,-0.07009714831058202,0.017851404745726406,-0.01748370266956045,-0.06503670512580162,0.031951866560341574,0.37770857703865185,-0.004231817911770305,-0.008518715498801748,0.009906782159494469,0.039359257374532795,0.0546523657484194,0.7193261298716287,-0.04179752830954897,-0.0125952602603894,-0.011567368722526073,0.002583414299995279,0.0010677992158124715,-0.004316375180961585,-0.00959248129239918,-0.016115091477394757,0.06831317041439056,0.08121336585412921,0.09191784905273111,-0.03997543324298689,0.3683908700147406,0.6441749883562737,0.5634951824804166,-0.03800874760159162,0.020787267399134512,0.022593341145438532,0.02349147563994929,-0.03965998889635171,-0.00398298392205215,-0.003699099318927645,-0.003555231820304879,-0.0114676549279912,-0.009214059786947153,-0.006997415714781686,-0.007494128721589112,-0.005539163935363345,-0.004073977781511319,-0.03934079125272214,0.003936710120788442,0.004833202345451092,0.005842178691798194,-0.03293598634574254,0.07361769004909487,0.08808809900919086,0.07197301809709429,-0.04748961549260316,-0.05759420806238709,-0.06299872879548667,-0.06267235523734471,-0.03620589240080445,0.030577809983468145,0.02384477170720968,0.013457791603637427,1.8456330324189257e-05,-0.016144536043933087,-0.011333524015317144,-0.004440722387727331,-0.34871389984388773,-0.054426564994178785,-0.05886156045308113,0.0700540542789109,0.04395665253073623,0.00023505045739494613,0.09083512694648106,0.11998914254222867,0.12000599380578529,0.00264097583066729,0.0024655256297059485,0.27493374921209035,0.0002314284992833764,0.6785151672662788,0.6348928752062561,-0.001836748271459624,0.00030367142790936136,-0.08216886078143419,-0.05696634909887596,-0.0832732910185078,-0.36981348469886066,-0.028281590151698965,0.09232959942818625,0.07620988046640685,0.07976817697005319,-0.005241148737472105,-0.03827634899071731,-0.4653806977915004,-0.022739920609511716,0.07981433795789095,-0.0002660535354479777,-0.01710617713471042,0.008054526613260166,0.004831375439625637,0.012817508214183346,0.006724738943318522,-0.022903172736722686,0.06291368934233504,-0.03246309390170501,0.4088117051192244,0.4099574176499827,0.40737569154585956,0.012104113034238992,-0.038851495927685595,0.46980202902545765,-0.02682116163451466,0.05752859412605285,0.0747237901776016,-0.013480493835455498,0.07653544363813487,-0.020853121394396358,0.01364610534075089,0.6333100215469131,0.13190961782140062,-0.007823771038407968,0.04338969847730842,0.03226695782362691,0.06380264614786925
LIG4 SYNDROME,-0.021682547533376114,0.010649481950731829,-0.019178687684882602,-0.039821810305455965,-0.023167338462007903,0.016447293254717114,-0.021140301019128442,0.06311784803215906,-0.36521004147807784,0.007456538608972595,-0.008133995348078972,0.350726318228261,0.014500186760592447,-0.04230734250723576,-0.021422559955496613,-0.020540787444284805,-0.013106166378858194,-0.03683902777381336,-0.026735863966619856,-0.011923429697582618,0.1851087646552724,0.05174893668323471,0.03720910765975428,0.037498782719195725,0.03293401794706838,0.00426637351137474,-0.015604605991819636,-0.011021690788985107,-0.006435944829243036,-0.017777030027057394,-0.010057709496587783,0.022247648966735895,0.04753003448209702,-0.007355387696626267,-0.03303042828223474,-0.02779311730927213,-0.0215755343793304,-0.024824629132954804,-0.0006277878603621347,-0.002688628120411605,-0.004992183471442146,-0.015273459577274419,-0.01613710031778665,-0.016281031743959104,-0.015113460016474218,-0.018061325742169895,-0.020253819438633518,-0.01005660133424752,-0.02548093212133214,-0.021957189494918115,-0.01849956855862929,-0.007403982688932708,-0.0296301184752925,-0.01583264491644344,0.00044567020213982556,0.03135810106147218,-0.0010028640519718249,-0.004222249699201527,-0.007555798951791343,-0.034226597349993,-0.00026048469491459593,-0.0017585233165374888,-0.00353195534044317,0.0018583265458755156,0.0008640208928603442,0.00223585074941295,0.003874229441295349,0.01181174492674037,-0.024316588326249406,0.01089464825444301,0.31141584179645404,-0.02597248446803949,0.06572617373229879,0.003608172361072535,0.005777189170679129,0.005684628112130691,-0.05364851357828602,-0.001622733588173067,0.028932427734610758,0.06566708924950876,0.005699550607500422,-0.0019691816928107957,-0.011277746873358302,-0.013508434960083951,-0.042260558806105235,-0.033719960249734726,-0.04200935124170246,-0.025648167344915353,-0.041868281303667834,0.06185237280153272,-0.03467601315444589,-0.040596071658724094,0.005817227155186397,-0.03971812213504052,-0.0595408567505304,0.013894122236486539,0.03778678991518938,-0.27784504667929827,-0.31881884254155723,-0.2630447752458524,-0.26716102353654053,-0.06073905000785373,-0.19529844978139071,0.02436438267549311,0.00910469325341693,-0.0068341657238238885,0.01247011572034071,0.015021845628949017,0.01699934296869797,0.012035177280341373,0.007695795923258092,0.022925664032764217,0.2597879279244879,-0.002021467675702168,0.03835763516659578,0.0008475544030467613,0.012656362201627538,0.048816305746937926,0.05613001442147466,-0.008605326270124766,0.06469993166496638,-0.44340944326672527,-0.013900542747905694,-0.018410985160143944,-0.03227522886276118
LUSCAN-LUMISH SYNDROME; LLS,0.006200142838221327,-0.007869559681208007,0.0020684840211450052,-0.023164765553246376,-0.037155992344247414,-0.004385871300039948,-0.003655944890850586,0.26625273125703347,-0.06408995870777198,-0.017026289078773387,0.0033804143652178837,0.5338573069606712,0.03024776614478526,0.008420290413422148,0.04593745453754123,0.04149440342851633,0.023174889577029595,0.06053304999439111,-0.020074918045736124,-0.002369196592916238,0.0009959162726561155,0.0032929116034401194,-0.4751545959142861,-0.4398933603670878,-0.36714921898505554,0.039884768827112,0.007869267174923644,0.0024381391839583206,-0.002267693253351075,-0.0408488415675591,0.0326350325844546,0.053668210986095866,0.039311849688589084,-0.032908240658473316,-0.010150278001688084,-0.00811474146768859,-0.006271041632978712,-0.03862883624725369,-0.023162024422049718,-0.02196496032104316,-0.01988673164748867,-0.010315042627589817,-0.009108226024880671,-0.007235889437067181,-0.013914179967956198,-0.013641828183841256,-0.012450803004893343,-0.0064831593244556,-0.008164874012757797,-0.0063906776574525065,-0.0040015078753389164,-0.0298191787163964,0.006605823404979465,0.009067354163005213,0.007629872587922398,0.03292464336808639,0.02990729593503605,0.023423596162245538,0.014554196069157579,-0.03234030892486339,0.18606512923856736,0.17283207154661318,0.14296337870534914,0.004618936734813864,-0.12323874477275742,-0.12903382781859252,-0.12626303876682668,-0.03293061478381225,-0.026286264890813794,-0.011825734591897733,0.0626462279790573,-0.013248067501904204,0.4090905174940959,-0.0029943548066601695,0.030902723020634116,0.023896913822680013,0.061660373953381795,-0.23448758534631137,0.014211433186730568,0.4090905174940959,0.0577145376883557,0.3153692442336534,0.04017324013095215,-0.024122272372402987,-0.06676870359793861,-0.06536255547017375,-0.045579829077044325,-0.042922445820184285,-0.038271356427621465,0.14003411724017834,0.02273180175076783,0.0173339288081721,-0.020519302213668097,-0.00868907490969649,-0.04621075506384625,-0.0031855603317176477,-0.008556374918683524,-0.04911389309990094,-0.35244931497102683,-0.032052665262050375,-0.040941052378691535,-0.016746259177031694,-0.01543904389578286,-0.03236713480976353,0.018511088971924976,-0.007949837875964745,0.2308167121438487,0.2390000019647007,0.24427630375063003,-0.04211875518098109,-0.006109061467213196,0.013735446851940851,-0.00022456301318074772,0.008771165164267994,0.03779197306546162,-0.032420060674508366,-0.014569712801104804,-0.03312551641893834,-0.0005405394852583472,0.04008068602683405,0.45309095158951207,-0.34660875576616984,0.022120871962477986,0.01653238662417131,0.017869543248940835
"Leukodystrophy, hypomyelinating",0.057455460696064824,0.009834057750562867,-0.00704691704022311,-0.005727437050642894,-0.027426973178854137,-0.016569038984665926,-0.07658935937814973,0.03133735010049583,-0.018958477459919673,-0.4802101508257047,0.45630470082599767,0.018928057019387618,-0.007884691516933967,-0.00025258247659360833,0.3661602815990798,0.4356240524839015,0.3189381902120081,0.3260539258016912,0.01992979669437184,9.14580603969907e-05,-0.012560563158107888,-0.007159751691157876,0.02084158881516174,0.011206556405564014,0.002620571763938355,-0.05558000691680815,0.07041010550848559,0.25060382207441545,0.27024047827648023,0.012623286191201342,0.31494500731504527,0.5192746933576524,0.29371108752786124,0.02243014493339622,0.0687450426748819,0.06610569084596615,0.06047843465137636,0.033281682910921914,0.03586550924371726,0.022703154776885583,0.010087494635512827,0.01314444180403851,0.010511828985267443,0.007731993995667531,0.01883336317205743,0.015112932747410173,0.012014394777984593,0.035768746947628466,0.040149268195453704,0.0377237650507982,0.03312509120703005,0.02516019216519429,0.43487194264198653,0.4874651452440419,0.3855439537498329,0.03197432648067705,-0.04038302350962292,-0.035908937953125386,-0.02657717410201439,0.07137832715760699,0.003838751924087895,0.026642363000500463,0.044348754526481814,-0.027667212376038162,0.003718278399986444,-0.042996538060883,-0.07362580655637034,-0.035243477959068535,0.013368151616159556,0.041790109987850294,0.0392284261025312,0.0006028834393907693,-0.04593310425848145,0.06543656409623351,0.04236755753835381,0.05135202996556577,0.010246441809442345,0.05883843922993097,0.1973121829157583,-0.046402578802601326,0.3990913278538752,0.40973090501203435,-0.05724638537715141,-0.0023664464409280522,0.03203775749099109,0.05911070785784543,-0.054254806382017434,-0.06180877498495003,-0.001503871168034073,-0.005820345281073475,0.03721670453258187,0.04067067051384098,0.05565920677219426,-0.018164669683095432,-0.534602294152465,-0.029868381594613382,0.030252709714874707,0.07848766761796029,0.030664259604259753,0.27992389158488223,0.08043717143852731,0.07078884440734184,0.059062396838181874,-0.01218479052613427,0.009593965418003728,-0.22035526557949925,0.5029331605189044,0.5173818560050378,0.5271693474241378,-0.020481182094434707,-0.4550723872549205,0.393712463304781,-0.021950323193326685,0.5111530818788287,-0.005387065530242566,-0.029456455351916197,0.028959790027833464,-0.05838307282824719,0.26139260226644073,0.5730448111500279,0.2945848213627104,-0.020961421755084086,0.20482661090060872,0.2053753909667073,0.05380641614224991
Linear skin defects with multiple congenital anomalies,0.28870384526684156,0.06682806093303227,0.019943198712023533,0.03907501853945212,0.00044090676680695796,-0.04683794025986593,0.04564779288366255,0.537056046406093,-0.010216575145573037,-0.5100772774660823,0.5081117449087856,0.07928410562642982,-0.011573155508057839,0.010280568433688658,-0.06151748624030238,-0.041211382083558824,-0.008156610416836648,-0.057065422807103236,0.005493305725666928,0.007761582120920153,-0.07592931743476539,-0.06258255915312605,0.0647937099105081,0.06274222455869788,0.05398155263368283,0.08531540352595508,0.01857163265798941,0.03370485715388909,0.046842630940515266,0.021823897316672048,-0.0022819864422501707,-0.05526032274297311,-0.07407519186365774,0.17131663128430782,-0.06824700648265752,-0.08125886917166078,-0.09161363150573275,0.14892693449600877,-0.03793639383826995,-0.06212378220494413,-0.08115103304371599,-0.07470670330062168,-0.0793986131894458,-0.0816604870370035,-0.06831245584586158,-0.0749761696172955,-0.07697833444846156,0.15988039288018047,-0.07456103085512437,-0.08270936905426002,-0.09237672375480058,0.004045959966462916,-0.03925638487285618,-0.0682173720320631,-0.06986855680812878,-0.05061052255318387,-0.07927059042697053,-0.07809361508594254,-0.07074557221076148,0.1878185165040035,0.04921620326847935,0.022886074321411997,0.0068658262890782945,-0.17534423904128088,-0.03588343416727166,-0.10153423232137634,-0.14637789284499442,0.4284531280823905,0.00037919216792820697,0.06639573904336578,-0.014448453958755101,-0.012999219327128306,0.035608846065667936,-0.33898284640220927,-0.03897187301980764,-0.058419059291998844,0.4297444541827,0.030487846711453364,0.1396962270356525,0.036699626263137046,0.010767214965756602,-0.04811687719464466,-0.027807546897979596,0.0018054707289254309,-0.03617719559812325,0.012291577500469443,0.04344003780048678,0.06380252006090996,-0.05369185292892397,0.22350587655410972,-0.0028661867152804067,-0.022571710598387192,-0.0027112512712317424,0.05387865094474245,0.047902267190725295,-0.0354106036315399,-0.05942663036295164,-0.0022257223323399783,-0.2746256615346339,0.01854627034163528,0.0005379755789496018,0.03598527526011612,-0.012817695846633281,-0.07139037984645547,0.014463971534234375,-0.015002165839306615,0.018195677933911976,0.018149667484667658,0.017774727176006932,-0.29805583275649405,-0.5103709452786452,-0.04741951347941717,-0.06531468773179215,0.2945630318298507,-0.42601082397814977,-0.0631602829010571,-0.06939322959903849,-0.47953678295995805,-0.051953056631756006,-0.04932133962395017,0.716128089081078,-0.541037243914085,-0.010428063941135747,0.0011972800033464715,-0.011105259837158567
Long QT syndrome,-0.008787969700220246,0.0012442403521166268,0.013538330448999738,-0.05017802187029514,-0.05621393735300428,0.0014644150070437833,0.01909702162027655,0.32529479956723634,-0.0011637521863787227,-0.01015085924652027,-0.0017887603122800366,0.08612740375480105,0.042131681168774825,0.00809979057151596,-0.09897693923484036,-0.3554819666773453,-0.09722783968891437,-0.05429321461902812,-0.02071505903604211,-0.059788709590499124,-0.099853458504084,-0.00845497300842055,-0.004582205379483409,0.01638882478574345,0.03544338909955747,0.0712389175745457,-0.06985834705836658,-0.08570217258556062,-0.09685122581216857,-0.01773897880677143,-0.07152268477832012,-0.09123484662932206,-0.05266445604081048,-0.04063566408150193,-0.04352247239280096,-0.04226068476250812,-0.03947561215432482,-0.0484483551984825,-0.012178959665758562,-0.020374791760869707,-0.02668180965066609,-0.024366484211609644,-0.03151350864508302,-0.03612177453992049,-0.025649938508180474,-0.035482696404537994,-0.0426210138363062,-0.04214955358960162,-0.03546762212382629,-0.03536968095801072,-0.03532266434089232,-0.05115358388743321,-0.05000953639740026,-0.03590240855547565,-0.008517285115306746,0.03074717790845201,-0.0045606167276368535,-0.01713140754800754,-0.028866108054690587,-0.03624787212676946,0.03392746062721027,0.03315334192164535,0.02918971941519298,0.010265630406740826,-0.08563416207827547,-0.03122012947494609,-0.034172038251806244,0.12026140338742629,0.01735184179768141,0.027812250924194933,0.0015412418778617187,0.011747487271417634,0.07613684520422782,-0.05522308857736967,0.015090713994072746,0.0018340762001262053,0.040320523345264425,-0.07037542134599692,0.07366064229720438,0.07644503922947521,0.028995941463725982,0.0331979141008354,0.017443887710315395,-0.042687167459475484,-0.07045664535422082,-0.04969223950582728,0.009980837909295636,0.0033910666492469573,0.01072118926496199,0.13330738788515198,0.016543162438946254,0.011754972945689229,-0.03653020768392958,-0.019287343391488087,0.009612017373010963,0.02342366764665195,-0.01998812893037423,-0.04409166898483016,-0.07571857076310406,-0.03701146317042926,-0.038357587288522545,-0.009676633808591394,-0.003858933928547684,-0.008825887614040068,0.007287476222891809,0.0731766832995588,-0.04534927871351772,-0.05843779371708183,-0.06951831861563838,-0.027202475134726165,0.005237991810631978,-0.009380698914828692,0.008572640222040781,-0.02994450408934961,-0.059073638971263595,-0.023292511375695348,-0.020496465998856774,-0.020392701937602373,-0.036756301126139285,-0.005312029259471525,0.06473705404531106,-0.06281576590647193,0.008498165884513747,0.010307750117853114,0.011405863841248162
"MACROCEPHALY, ACQUIRED, WITH IMPAIRED INTELLECTUAL DEVELOPMENT; MACID",0.012614797320438404,0.006029504278576049,-0.047145103152060386,-0.04383035410235265,-0.03574032904593285,0.0121880101062248,-0.057150523590530466,0.24032789560349538,-0.054191172791200885,-0.054555142152137324,0.0340827338593623,0.4350823172700228,0.011567713379965436,-0.05906803089036476,0.030226990139635698,0.02509202509880327,0.012770585020659248,0.04844370701749726,-0.05248823764415748,-0.0161193350768505,0.05260998622375036,0.05243742370457894,-0.03490660584275523,-0.03299857926313533,-0.02842435662854184,0.03200282865733763,-0.006744532168116936,-0.004660862413148702,-0.0024063030382417703,-0.03668693803459254,0.02676722507519028,0.27806788899404933,0.36556610084434005,-0.03846814104877477,0.019894181862790426,0.026120896910637136,0.030948497057218385,-0.042753926692713225,0.03325762077151184,0.0259271494821653,0.018143402075841617,0.03162210941704401,0.026875951318273406,0.02109866922965554,0.03344455910714525,0.026669217947412366,0.019156226993744148,-0.031375443294161004,0.025694648538849042,0.027268525558075064,0.02856224086696501,-0.0492257877850883,-0.003455280496090672,0.01348782209741371,0.03166504752761057,-0.02214254079280461,-0.0024237060386284007,-0.006266317306782308,-0.010153719460955266,-0.02700389120000644,0.06660228046342967,0.01421996186476613,0.005910160339761514,0.0011352241957617224,-0.007280068464241327,-0.003802493979445583,-0.0006745945038436005,-0.226339739284438,-0.05035032215273811,-0.0049818071099572035,0.06475181923328888,-0.008864158971804467,0.06434076920152441,-0.020670928325113348,0.06392640727616067,0.04687129943983129,0.07694020375649846,-0.01319955617233814,0.044363825631560445,0.06469905029848352,0.04873482367399325,0.04933753520725584,0.007083000126048431,-0.004249992583389745,-0.05652470631319453,-0.044721859736716295,-0.06505482092583005,-0.06589457830455368,-0.033575541408487834,0.04447228160551672,0.028444384803609453,0.03384083508051021,-0.03513242251502056,-0.040745342296809574,-0.045224432498332114,0.023305634299793942,-0.006538641093524286,-0.02468937777065808,-0.03156546874718866,-0.015740671252578914,-0.019661003410984517,-0.00029472736854795474,-0.004041171242238982,-0.02967300306554541,0.22988462753973407,-0.03176898151328417,0.4376888452937424,0.4448744987919739,0.4475974158698262,-0.24150863770979347,-0.04028968344053667,0.021725494488625666,0.005460241138707942,0.05988408123802709,0.04456754162359629,-0.26997725658536803,-0.04996421763434725,-0.05984580576162058,-0.0062868658356030165,0.03954738993851505,0.5331734378403653,-0.3411677290893692,0.023882347882769328,0.014880460536914726,0.027288310204313854
MACROCEPHALY/AUTISM SYNDROME,0.06416792692002209,0.5377423760469925,-0.020818201040861503,-0.007089197365925269,-0.05875491005799274,-0.0441265288631682,-0.04926978581321031,0.04794267982705424,-0.2977390805163808,-0.06241279981597874,0.015472020937327313,0.04960227701021371,-0.003627911714518282,-0.253263750291239,-0.012968366495310489,-0.018388827606796193,-0.01807033960662045,0.04688400123499712,-0.06262568988756514,0.02580819632253895,0.04067970589520504,-0.00039405942989340976,0.026261182103370338,0.037100589555679284,0.04243131792168894,-0.003660363317751523,0.03522519205683995,0.03045937472679758,0.023241569840938718,-0.06440539317083957,0.05687514954008578,0.06809640560475684,0.03408842764057772,-0.0340883295345296,0.005798297698850464,0.00299997927938372,0.0005159937919878736,-0.03607914549101003,0.0649655888516384,0.06649855673145535,0.06434550808140782,0.015329748008699665,0.018321079843517593,0.020903642935803324,0.022103650886732835,0.026036886148142046,0.02789770204048525,-0.022288898572288388,0.007619923870369169,0.0071264309567984335,0.005978672969149175,-0.04087020207314146,-0.011476723192715177,-0.03572614734271545,-0.045854041973734695,-0.06091189736168212,0.034340062715971884,0.03858983808791526,0.03916662888817609,-0.03507596513228312,-0.001946560437228632,-0.005690094559772928,-0.009493922512279911,-7.320892231752695e-06,0.013967821708893184,0.017840196159387953,0.020978557704687314,-0.03601513953900397,-0.07356302846098585,0.05214199801075306,0.2876784778414456,-0.001988677548737021,0.059750350788675646,0.02572339571478156,0.034475014557981666,0.03437650569595437,0.09419576519691347,0.5773543107341776,0.011069020323064845,0.05929140097474758,0.0939306118909057,-0.03666523759106401,-0.0660901220574052,0.2657958340599859,-0.007623903913291697,-0.004057165632123898,-0.04425761000691029,-0.04523287426350834,-0.04960631648762623,0.011596605557123881,0.09216491958336763,0.09356045023426023,-0.05223343000994585,0.00045382791138133137,-0.05246781598167699,-0.0181245596873709,0.0030750710546134786,0.05557251871416101,-0.02436964498375808,0.061488352006345046,0.05919900801930251,0.07837265674234699,0.017631249725072767,-0.052968475408101554,0.26825681591217065,-0.0383030781709505,0.05255173803753444,0.05684854457201704,0.06238525412741966,-0.04036373102559673,-0.022280433965871496,0.03178018802709853,0.00496944944430083,0.03323519951660657,0.05815539999613722,-0.04265618705941242,-0.01094445885393556,-0.03418360302500856,-0.046573338303406375,0.013417096098238202,-0.038855880411154814,0.004909958743539116,0.09451447747761114,0.10276631231369131,0.10180775295872542
MACS SYNDROME,0.05741188850166424,0.0440350080807482,-0.03200763118531887,-0.03787131437254291,-0.04958103391348513,-0.0031668962997043948,-0.05434477095788655,0.5509643222497096,-0.015431289118334378,-0.08592861955398413,0.0744275648994892,0.06492797633367625,0.002455241488021384,-0.05354631455738891,0.051284797084654075,0.04815892684393706,0.035320099216795624,0.03763763520969316,-0.06189627170505921,-0.01263443451724398,0.0074110430279419786,0.01893134449553978,0.055625946882224435,0.06023752747925594,0.0590798257321723,-0.0012340002221329928,0.05307595353213411,0.0571839503241347,0.05903631822843903,-0.06508699598765377,0.04133177843358765,0.0824157206416303,0.07430389705014734,0.0006153762717811389,-0.032447524462063365,-0.02821039605783613,-0.022166894153994872,-0.011727768709919244,0.0029048526616977936,0.0002965227333353496,-0.0017515602543277473,-0.014784728915398433,-0.015391985459134446,-0.015153027296138155,-0.012315080222277603,-0.013232488988700126,-0.014102574305419656,0.011337878921775752,-0.026555331177695426,-0.02297797487646587,-0.019553010017573376,-0.2680993003012348,-0.024962069396679658,-0.01338521927692218,0.00034297836683172523,0.019152775223031188,-0.10116936103336718,-0.10116154132086923,-0.09418919668418473,-0.02320819270002358,0.07290180888568136,0.07229750112456967,0.06422847940709288,-0.010976964729323982,-0.04635078928001348,-0.04853481899925935,-0.04801730629637561,0.01774332041587247,-0.07050387193720468,0.027271548096619032,0.013613371104003824,0.034775391566027,0.023018159103942195,0.011362636860487331,-1.0870132122566442e-05,0.0017454241849587714,0.02367267213218451,-0.03276617650842025,0.28375469569870415,0.02142952934630855,0.10083820866888789,0.07305059183351564,0.013321903247908669,-0.01416179679926015,-0.02665803704437434,4.5701525135238024e-05,0.034826247105387294,0.014589085617185669,-0.19092365379738788,-0.01153006140379784,0.0005698714568318824,-0.00350394270451177,-0.05723675340206685,-0.018158957204282043,-0.020500383639596796,0.007637023755874995,0.012629976133293004,-0.015876475463880716,-0.053167930977573184,-0.003846873748334728,-0.012194827453924147,-0.0015821944107361663,-0.037800160571743555,-0.0013939542200742036,0.06422854599150202,0.009321872286974876,0.07839238244503871,0.08234508181660541,0.08562640388624361,-0.0019524181959676957,-0.08154175787456629,0.038823883895633765,-0.005335527098212398,0.08784670123883631,-0.0042042995128935825,0.0025836838966369117,0.02275448582100588,-0.05151493308956362,0.0341089534534598,0.03418681889848113,0.5938649954477445,-0.2834826962476745,-0.0015587965159940729,-0.0005967355393665715,-0.002294812909723033
"MANDIBULOFACIAL DYSOSTOSIS, GUION-ALMEIDA TYPE; MFDGA",-0.02743416661885882,-0.0054034990084789545,0.010744511832212521,-0.02538200525929894,-0.19079649522444053,-0.024184726084391893,-0.3918389598118028,-0.014842891653797144,-0.4166847608930751,0.0053529503600532975,-0.04972672511981586,0.4634739467190564,-0.015123802057555409,-0.04713865821612957,0.015544832824818448,0.01864756644571166,0.016793308383934603,0.29791831450076867,-0.03814533434059518,0.021480533183629184,0.27532249933798486,0.032190123262456426,-0.0038036688591293827,-0.005947888141167771,-0.007866977316557505,-0.036044020192047714,-0.02391504872046932,-0.02055232678077212,-0.016752512976429334,-0.038308456289202014,0.21457119532013774,0.413002735065492,0.2543416138181921,-0.029886592025907155,0.3557916074772915,0.2693774098673691,0.24737497344403883,-0.028061485863032372,0.06432169321890592,0.06659003217446478,0.06508217665344354,0.2561376663836345,0.24624473743715472,0.22901956218258337,0.254961641140295,0.2468288200395104,0.22925753100146984,-0.03032469624977106,0.3489209602779664,0.26362826355790625,0.24517897037302774,-0.019403776714648296,0.051185659871093935,0.05363151171870718,0.034997193315246214,-0.025753778760825713,0.23313171910648145,0.24494179955679707,0.23667818925664746,-0.12359314429411715,0.0008664624184272473,-0.0013175491145571894,-0.004070527406903469,0.0001901637246394128,0.004747601752200216,0.008035621187668067,0.01137011853874064,-0.2635681134370208,-0.03528379761389282,-0.19914229067890687,0.43050491907594396,-0.053345701867379934,0.052058558067672324,0.049143175837609625,0.06625899933692524,0.06640751670952143,-0.002846626162201329,0.019712298969564872,0.04170474023609678,0.052355896534595416,0.00845536606042003,0.018281787485497185,0.020236168094354,0.04337599544883485,-0.059809730050988615,-0.04932043583014297,-0.47420951891712415,-0.42271669508756043,-0.02100758810086163,-0.0008951519719426615,0.05510903536891468,0.05704595888008093,-0.027005945084494137,-0.009439316008468625,-0.30887820761149276,-0.01382164461386025,-0.009439474386349051,-0.05090666784086385,-0.046310232065834116,-0.03765057350793695,-0.044412555650292694,-0.02995661261204062,-0.03070305029373505,-0.004688696999100115,0.03303692673758468,-0.05323184734810129,0.2684744963389383,0.26805482921604945,0.26345855885696706,-0.018880315764361114,0.04705438438702624,0.04564564689079952,0.39507056880374103,-0.011849379251685084,0.32388416952464,-0.04705919968802651,-0.009468687169292493,0.04626154509125299,0.05635735579364034,0.04682479294454622,0.02002649706798405,-0.22733294420422157,0.00593587465363773,-0.0016136546034604745,0.03107482364274342
"MANNOSIDOSIS, ALPHA B, LYSOSOMAL; MANSA",0.29700951532600184,0.008477408904340697,0.0055304742692227,-0.1835285899251113,-0.17285582680921147,0.009548460451810561,-0.04793478056105278,0.20244893773377393,0.007606142457814522,-0.2590613510758812,0.20774062997590184,0.04506552553417728,-0.01298894129197781,-0.04379774270349853,0.04471303947576579,0.044139871387325204,0.03055076979870384,0.49766980862322757,-0.005820948391808202,-0.0393595951752104,0.0005701842566322623,0.04031500762344175,-0.04209265091059431,-0.04226377550508629,-0.03845291212326967,0.01750298858145478,0.03376971912724761,0.04183565627787378,0.04897122114279417,-0.005399887576683142,0.03538544558010997,0.3975600830772244,0.40652013415896104,-0.01856859630514747,0.029910677618765088,0.033709115726627534,0.03630343014871923,-0.026738314945081467,0.002999517744481882,0.0001488928684028306,-0.002220066799447465,0.010459312153691298,0.003872253307770208,-0.0013610755692156837,0.013492174325814716,0.005597067036939185,-0.00042132564833993996,-0.01637648967530855,0.020172748869655078,0.017994839667158848,0.01580825892280813,-0.0190364554074887,0.03560710864621151,0.2045087767412057,0.21508117035480048,-0.030264264338998627,-0.04541939543215923,-0.05163790196749446,-0.052465221673417856,-0.006575814159684619,0.014549130895066214,0.013182896445318707,0.010980746879537352,-0.0028964918875448707,-0.012094447082100258,-0.010114067590004343,-0.007647731399455826,-0.0375147243180394,-0.020326367228940285,-0.01923655692778066,0.03958339498562355,0.39296199700143036,0.038734287923392785,0.04309084622646102,0.4335978526130913,0.40637960234051496,0.049138460554365694,-0.017949909032440786,0.03961897378769417,0.03908494679121865,0.40069460940007023,0.421655233126446,0.015687763373028275,0.00043833943478060555,-0.022883354836294986,-0.01048048231442759,0.0019654296244830042,-0.062064541909510176,-0.011719734402643865,-0.0032528157234284574,0.02596816843764183,0.025513824342517803,0.00045227606036304284,-0.1740731533209699,-0.3465485270697661,0.020476371743777203,0.041127590035989293,0.014527393322205427,0.007937674466878746,0.02210215006262073,0.017114155985107547,0.017228302674313207,0.01582840137059281,-0.004289096926470994,0.188619824887142,-0.014518598651890308,0.24248026134748618,0.2557547146942765,0.26634097610201984,-0.017929338362720922,-0.28355234577726224,0.3216131373018886,-0.054998961385106876,0.27206513340992433,-0.0008397335934598369,-0.03478715275000702,0.014888218150551422,-0.20517612841848273,0.011468438430118324,0.4178847851952729,0.42783462522514826,-0.03601877159219486,0.004119324413503079,0.0024646127559325,0.015328878287011445
MARFANOID-PROGEROID-LIPODYSTROPHY SYNDROME; MFLS,-0.34633281850568437,-0.30967819024855314,-0.0034491435372462063,-0.013966398287228015,0.003377344572546566,0.021697399171204664,-0.4901918580589284,-0.06567943434842395,-0.5641632214845934,0.05148177296829439,-0.28592582258020016,0.2734435679110142,0.0478324980278181,0.009828224428274565,0.034535880940957865,0.03382433452735552,0.020861983134209987,0.02842279595962172,-0.004476086950696617,0.033975219550899764,0.6068614576736985,0.08074143042898987,-0.3483459478823761,-0.3198046879555443,-0.08229664488864866,0.01574817446344331,-0.06419067803484735,-0.06474791194664671,-0.06382878289121213,-0.003689528306027448,0.07505146351207298,0.4800129105454687,0.31453874053792613,0.0005432890810545263,0.4883528359292333,0.4766921284523305,0.4550855874746667,-0.013612117508486135,0.07296446920509912,0.06577549968118966,0.05529468788131856,0.4370700860559269,0.4161546886881641,0.38340018275101734,0.4218030106425543,0.394239786917576,0.28144182867208783,-0.010949832422036714,0.4811250609715567,0.4654025233443666,0.44501052761905713,-0.003384861532656798,0.07372386999661934,0.30267280648100275,0.08245709408060649,0.04497325052502727,0.29859462198035364,0.08047508976456434,0.059520007095306485,-0.036751005003170654,0.0002935035167788454,-0.004785024986309003,-0.011586672593223603,0.00018682785045732948,0.002713456092561736,0.005931277483398785,0.009610689872503986,-0.4997977500400859,-0.006703202787377694,-0.5301981554591295,0.6027572590383394,-0.007841901067890027,0.5569100067329535,0.04244884282937601,0.5269315968526046,0.49022977508012955,0.39573059719600906,-0.4673248151474428,0.057014809465760485,0.5569100067329535,0.013682406538637282,0.4689822401034439,0.029380188600399055,-0.07673068367362028,-0.09194196254044519,-0.0800035500882732,-0.5389945019780644,-0.5641969313854684,-0.021981132385690386,-0.041466798245360384,0.28805970626349897,0.30409620304557283,0.0030966355878354894,-0.025980927396219756,-0.0661452086249861,0.004032055148783647,-0.06076642259180099,0.018426954675844688,0.01884586219953763,0.02533343670237273,0.023324719252760223,0.03953135532281825,0.033345720168799636,-0.06403385758465235,-0.00981216173327201,-0.023601108007706057,0.038283278657665724,0.04272757322045033,0.0469801088755827,-0.2860167864270678,0.2890359628700024,-0.03872079741085924,0.43015290396711997,-0.06109771264352996,0.3831429427019504,-0.4667094303297974,-0.4126642791901009,0.0070246196425221095,0.006561568155893706,0.2734322383994559,-0.08140112654367698,0.010824418117515767,0.016288216689213666,0.0038851668256864725,0.0617389746348944
MARSHALL SYNDROME; MRSHS,0.015842030071338546,-0.02137713816186952,-0.29906695242396797,-0.048426944067221575,-0.06564202554599975,-0.007283061318358766,-0.034363329803657444,0.07809012674618966,-0.044197573475548035,-0.020658233887233875,-0.0054310285712566055,0.4747217121827473,0.0026175907225787654,-0.06531086790405702,-0.0006594977817303444,-9.288359697197114e-05,0.0005101876955096762,0.31783623754085805,-0.25244467139848287,-0.01910226157892843,-0.017739426099355384,0.005332690069874761,-0.27096369612744614,-0.2694606427455152,-0.2449101103277309,-0.03478683702161443,-0.2676071207689433,-0.26388554171792084,-0.079628143994563,-0.0753039410165632,0.013807949494173686,0.04293786594147588,0.04767831260191813,-0.022140742442802838,0.3069367327823646,0.32774944264606454,0.42654634727628804,-0.04704534658810874,0.054530474620760265,0.05600843077060146,0.05424907420852086,0.25008812100404615,0.25906226194208304,0.2599442707760911,0.24880054275671287,0.25550701932770464,0.2521452872984813,-0.010613999511150616,0.28765202702839193,0.3029742228609072,0.39346195333316347,-0.0653339181983312,0.06203280386415108,0.08755546376366688,0.08096274311833819,-0.05419559535253609,0.07712755741253044,0.07736866324547591,0.07112596713093876,-0.03803922944540167,0.015303896893436706,0.011073354115228248,0.005856787881393833,-0.0005368239417103312,-0.004086467225995395,-0.0025877406752473926,-0.000882014659070946,-0.04990243183297071,-0.26892083117503185,-0.018929183047647815,0.06585267406114537,0.06297822572539398,0.4339889968200051,0.04591881564803779,0.07079265497453922,0.07062519021568023,-0.00019375827138254885,0.014416716910081557,0.04328239961764044,0.4339889968200051,0.013974516418557804,0.04403356216586468,-0.01415898635676337,0.0004240603099338631,-0.4041122710354664,-0.3774539048964544,-0.0049813054140577925,-0.04163249766911134,-0.20332080529786373,0.01276022034343061,0.012040642432599275,0.00792199505880299,-0.015663346715646155,-0.031297412747086875,-0.07964596152624154,-0.0007702924772198405,0.019776829033551133,-0.05224472498692695,-0.3155467826262346,-0.04013467561367903,-0.04456533372822002,-0.02013131736576889,-0.027807861106817294,-0.0005044535151471384,0.26701126092986005,-0.057906440821239295,0.09471663575988752,0.0954252344212138,0.0949225307590833,-0.007440332841302567,0.0012820862681141574,0.0711112888732279,0.03733290237840475,0.008435993365239073,0.04320863098583729,-0.0429414631329632,0.007046163353472345,0.0029019900135645953,0.015095354028459202,0.07857662945736434,0.36233207902925235,-0.3059768758344188,0.0032331765878648496,0.0007352972677810341,0.004754510745571497
MARSHALL-SMITH SYNDROME; MRSHSS,0.046468981028394335,-0.00384194515546422,-0.041690388997718396,-0.01929992930003587,-0.026407750032159925,-0.0031087591653526383,-0.4754848052747635,0.013906199491442683,-0.23567931003374715,-0.45146695744047033,0.4049180279103844,0.06276999134314339,0.02703180405098517,-0.1513518525914085,0.33803151069775944,0.3677586019011646,0.3031290730733864,0.3619005291921933,-0.03838910406176726,0.005968993900440265,0.07581003805718985,0.04212884390906068,0.31849818183013784,0.23705657612830955,0.1981721823374858,-0.030980693791828596,0.3107628087531363,0.3392018865181456,0.360447086875391,-0.03867874139700039,0.39856459983313813,0.6026843938715051,0.5096973124773185,-0.0026338686538041663,0.41305599697668915,0.4056543809317818,0.3892264040840901,-0.03645574066911956,0.3656952736560572,0.3306748326532037,0.2232843339819356,0.3145625478854543,0.277836003996308,0.18479362281853012,0.3352000917286183,0.29587115711180595,0.19534867432006145,-0.012225351450161261,0.36861976409580977,0.34592686026981434,0.3196713772461123,-0.014425708641335367,0.2966630160894151,0.3855727395179363,0.3396610758282511,0.0012865029536073373,-0.04484790856822033,-0.04869090763564721,-0.04761243637096492,-0.014962987219530637,-0.007673654045461945,-0.011210873854085817,-0.013661319988447839,0.004621713547991125,0.0162822769721485,0.020809800849666535,0.023998018195427594,-0.21069152531061458,-0.030420785586481904,0.0016117060181039392,0.4136119762362828,0.0037865055021871746,-0.012740095433776827,0.036784136233560985,0.4856213461383997,0.4473969034580469,0.025249089577296935,-0.00983484278632336,0.026154640164326177,-0.012450599277027881,0.4172649898242514,0.48694557561609664,-0.003183024487781807,-0.012520697611431125,0.017470180350178114,0.03018361755524805,-0.4499011158909881,-0.49617588726524975,-0.008900787993096307,-0.036190398552767754,0.5014702071006154,0.526897372745793,-0.029729451625089956,-0.02254604877239474,-0.19024503608376747,0.0018362849315852166,-0.028335257733996536,0.4021689765948453,0.19526850050187977,0.4242849566112754,0.4174844202486743,0.4559316135991393,0.33843099714474145,-0.2951053843221952,0.1925566279225578,-0.028118220523075842,0.4340938922341377,0.45195449490074535,0.46520095458614724,-0.20949012339097012,-0.42459518734299745,0.04855461648642249,-0.03268565376753555,0.4496951240309653,0.0024044568142459278,-0.21378859763711083,-0.023131370712874893,-0.26853430001968853,0.0220502211534913,0.5182746127012772,0.23434633353508583,0.045089699626977994,0.39064545520492305,0.39098097120742903,0.4906086642306824
MEGALENCEPHALY-CAPILLARY MALFORMATION-POLYMICROGYRIA SYNDROME; MCAP,0.23106103207980608,0.017876813219896814,-0.01824854925904009,0.0033589807389242847,0.00851365980320657,0.003512849371691546,-0.046745417485093255,0.2844829858485748,-0.030372909668425364,-0.24691638588756248,0.23873378299382028,0.030909414472104855,0.4043851295635529,-0.01728335319536258,0.013383310320482447,0.015082387464679279,0.011402750619684297,-0.0012194000233943746,-0.018407384121630933,-0.01687270313930531,-0.012783735253347073,0.005977814174037823,0.4065883955227605,0.4327228156370858,0.42290867314593944,-0.003865063485305556,0.002992511835810476,0.0034427048798034887,0.0035021671767079187,-0.02166273825254326,0.017939570880218636,0.046755432934824495,0.043105007633433744,-0.002385071141300273,-0.0007976572236906697,0.001442837418384487,0.004209631726731456,0.0037149507305416596,0.0228921388999587,0.029706100736104774,0.033645388809659366,0.005321916292448097,0.009413445044518392,0.01323348582599908,0.007051133285543008,0.012325484178618593,0.016793872017982377,-0.0007789550639289288,0.0011633505523641334,0.0037418239536220685,0.007055117621356064,-0.0058526555265950506,-0.018014201850711873,-0.01868164686538564,-0.010241746484948142,-0.009990642021683387,-0.24318923279475702,-0.26073493986615676,-0.2562175254562115,-0.024991125778789716,0.000571803956772257,-0.0022081485351649606,-0.00582434689115111,0.00036546965453245595,0.005727944533312446,0.00992221684379031,0.014140334140759703,-0.00935758245126833,-0.007025287964691404,0.042489355250778384,0.010702200259803413,-0.034197358275929526,0.009984494314836402,-0.05652078900215508,-0.005025253742043245,-0.014565212963675975,0.31463154146411393,-0.04794937265260667,0.02134542141740656,0.00962285243662451,0.2276757755684766,0.06274163396202237,0.05027738136042959,0.004628510572340623,-0.2361822576125624,-0.07043679627121582,-0.01976395789807884,-0.00038903220697784983,0.01865770487599079,0.0024870953162935785,0.04174233489364587,0.0447918113002489,-0.013695113970746322,-0.008031633760160996,0.008152456403642105,0.011784044486417672,-0.006701712517274864,0.028558928043507566,0.010205337091572798,0.03858492793384217,0.030889132279835183,0.03818122069387745,0.004598718907617565,-0.01445043191843559,0.011086298926771685,-0.00422244809033792,0.05693970360844761,0.058729028768085265,0.06073784988428867,-0.017437145482810015,-0.25070928972200157,-0.02740504445754017,-0.23377402783955092,0.2238222144173014,0.0006384874286952531,0.01728876408950673,-0.0009181425641485424,-0.24150871632585222,-0.0037505000446636984,0.02019449694356865,0.4061413231807446,-0.018888257561325467,0.01726820761449271,0.02427291105035402,0.03796063616401173
MELNICK-NEEDLES SYNDROME; MNS,-0.061081362418636605,-0.08298623003174328,-0.04901521425569788,-0.021475679487635242,-0.045527190798864164,-0.010851911294058696,0.023291606275623107,0.3909002153748459,-0.3761246648015333,0.04822789711407411,-0.02914093655976705,0.08422071999265915,-0.033676256398799564,-0.037380030435856706,0.04252950857820104,0.046051337760528464,0.035542635937769185,0.02243498560725759,-0.06752650741472566,0.0009448668761041667,0.03700760314887243,0.01889562198587095,-0.10528164604555741,-0.11219896690863869,-0.1072996784828746,-0.03060548733240109,0.002696817602343734,0.002934327281764522,0.0029662425845401706,-0.04558895174967824,0.030397692819662456,0.05584132807651502,0.046191125385476595,-0.042276912048513415,0.03339754598251502,0.038413739851156974,0.04149807251044596,-0.04581090592184972,0.002093268235693037,0.0023255403609190152,0.0024013675961358574,0.02319438238325281,0.022407898161337363,0.020496366075790803,0.017305163501288624,0.016717316155509636,0.014944603026018547,-0.03068209359594707,0.03350981177452985,0.036049679771749735,0.03698466282264293,-0.05750024037639471,0.0430349021238951,0.061285057577571626,0.05621069467113672,-0.03454681673006846,-0.001804322394086078,0.005159770592064409,0.014496612022673884,-0.03075406229298063,0.0054562322739149915,0.0034398159618095584,0.0013202108903187224,-0.0005244248933559324,0.0012963660732256094,0.0024233971629789765,0.00363672403070455,0.006509920176624541,-0.07690937200110808,0.026311440020507924,0.34270815092913653,-0.02031403015356728,0.36989437318678475,0.009957854448303495,0.02397168676412717,0.02205051084728899,0.0792392904399416,-0.08989735154016255,0.016709283369831785,0.36989437318678475,-0.011554733788541676,0.06427035466181254,0.05394945578154983,-0.027667263603424887,-0.0013726395984644693,0.0027892775348588705,-0.050329235226411244,-0.0404892544192995,-0.20186103601126928,0.11076830035870916,-0.053067012701732155,-0.055421855287284744,-0.06276048949080072,-0.0073479271424059635,-0.017345975867968454,0.0017768863258477861,0.036051985880912865,-0.10221247464962586,-0.29011234526462565,-0.09962189823173852,-0.09962457247979796,-0.08499773029938903,-0.07423851688062216,0.002620312305347535,0.06233613066190214,-0.264967316842096,0.0028427024670452904,0.0031164221290209417,0.0034536476457698363,-0.031944095908544405,0.02376884564567988,-0.011534803716807039,0.06587196480758395,-0.01501271391093282,0.06857623488181049,-0.03597380833590972,-0.034535395617918886,0.00237373059911204,-0.03153843107465581,0.03831340332088597,0.02017942195031085,-0.4619042790660828,-0.047710392734723286,-0.05008108766727455,-0.0556086815251557
MENTAL RETARDATION WITH LANGUAGE IMPAIRMENT AND WITH OR WITHOUT AUTISTIC FEATURES,0.015761994212689187,0.002845497270539694,-0.03129389009696799,-0.01686580337419559,-0.07107007336576057,-0.04531749102241156,-0.04183237004804602,0.08175466539594657,-0.06529401932704865,-0.030493357062024887,0.017757143294931516,0.3432639870983311,0.014092136826595283,-0.05732406663996205,0.024353122761782437,0.018073420767031292,0.008587561995106002,0.05135081572689712,-0.06633531946597877,0.026143667393393976,0.05060073948147736,0.0031680605178307794,-0.019841121878247985,-0.00019257746761171547,0.017831988527947804,-0.0010957003300801592,0.010258486067545243,0.005902594981959947,0.0018686942002228912,-0.06654912588248378,0.07765116326929457,0.09390347317470343,0.054193968821958066,-0.054599618180044135,0.0016091428974524364,-0.0002888973472500418,-0.002028011389498248,-0.04498000360537297,-0.0012006866172936885,-0.0006396432665531982,-0.000167892429038764,-0.0040232350905364915,-0.0026259808617452207,-0.0014662967116798235,-0.004544609788886006,-0.0032660152073991787,-0.0018754036452377912,-0.04085157941398207,-0.00032864912900796266,-0.0007855875085286862,-0.001272488391110425,-0.05863080531942617,0.03563311615822375,0.02437753238387594,0.0049285773341598655,0.005521091060105053,-0.012091260801564755,-0.02154564149777097,-0.03836431754217338,-0.04362404156021079,0.03266301873336351,0.030975058048235152,0.026024229556014224,-0.00038600834078824514,-0.015699898794160453,-0.017079262113269076,-0.016958962746830036,-0.055212058980311576,-0.06894031017651453,0.0096252342763685,0.09696925864853133,0.012210719994682156,0.07224948373832338,0.036804321032319356,0.34093828191510306,0.10007487995240047,-0.008115252058363833,-0.03055802411646262,0.02679491952527748,0.07121857661283945,0.0658940995322205,0.07220040112584625,0.012236353026004274,-0.011819965934750109,-0.032140279397552804,-0.024106716837030126,-0.0883081162691787,-0.34517465134175906,-0.05992697409588535,0.045808881995544545,0.07559109639159495,0.07369245135554131,-0.05249401706829476,-0.00716588171870752,-0.07824719783035976,-0.018323982674604087,0.015940831793788027,-0.003428061602596593,-0.06865784760116987,0.005656592924104938,0.00029408226150116104,0.014864419588256093,-0.012234900607129501,-0.025386708197690594,0.0780039108626514,-0.03408857139072551,0.08537767753327874,0.08349052512401177,0.08068637599975755,-0.019972321517678058,-0.02281606602460113,0.07782286510358778,0.023205279330492077,0.04135091188558309,0.06712089141065518,-0.0491358579788472,0.005980241690048592,-0.013750382853415035,0.0024704994492290343,0.05742972959386747,0.06839054766308617,-0.057540501345095536,0.06945749384653238,0.06713448185059721,0.07437964327728842
"MENTAL RETARDATION, AUTOSOMAL DOMINANT 48; MRD48",-0.08374294501948418,-0.04062619942305284,-0.0476024888996281,0.008061822597754318,0.000973852365715435,-0.006833752243238752,-0.05584940879601041,0.00107024400765556,-0.06381348846211111,0.07115457707776364,-0.060079485431216724,0.007444007775435329,-0.043636502881798295,-0.028511373750406348,0.0086482734890708,0.012617372316065033,0.011724152370712993,0.060438619744908696,-0.0080397745372876,-0.0007511226281231826,0.03883060586890707,0.021961886137485478,0.01975753108101027,-0.0028128823425779864,-0.029304788383566566,-0.029949130593011762,-0.019157822797480104,-0.009185749958962703,-0.0017306542824975975,-0.014773252906441018,0.03645154121698939,0.08603995410815436,0.07612607221774881,-0.011534556334936505,0.03451056145813326,0.03969054521704297,0.043076095555695595,0.0069491059681376435,0.02099803177045906,0.019652297580564793,0.017130432533917814,0.03457905194952645,0.03447027146273995,0.032720773492156796,0.03326384585812876,0.03050611791519363,0.02748189496479971,-0.023884129532955652,0.03667527686478656,0.03981596813902211,0.042389685655941305,-0.0023410748859063447,0.013716242108704842,0.034971979450293816,0.039491880214506385,-0.06445112070560388,-0.007974656039940298,-0.0008668487948191051,0.0053608019963291495,-0.01475545416850337,-0.009919346653198467,-0.017572548891072442,-0.023268532756338958,-0.0017072805680942212,0.010118415399851659,0.016473630751312432,0.02197598476128156,-0.05147185555081934,-0.009265617452373167,-0.04008102971116997,0.07161934347010832,-0.01679403364648464,0.04716786260103749,0.002728129879414821,0.05225801227440384,0.04154120543605226,0.05169607445953094,-0.07241689502154668,0.08248569359969457,0.04588427688127069,0.029910774209277714,0.08022741838478978,0.031372112113088726,-0.022977179132335157,-0.0634831992946601,-0.03704432978140985,-0.07012485449774429,-0.06784888232250222,0.026924045982605043,-0.054891396247583074,-0.02710924642319431,-0.019694407331305674,0.006578989312908706,-0.013088476159996889,-0.03582057067949443,0.0015035463841177722,0.0576329219203062,-0.08532982699828066,0.012865841401940022,-0.08889497677316582,-0.0855831322211853,-0.08143041460320234,-0.07171499247419773,0.05446546154375837,0.017006534786126248,-0.04404789588790651,-0.0017861006402782515,-0.0016694533385153195,-0.0014532166578443276,0.029892418024964083,0.06032762705226679,0.011586983407321103,0.022825847395107995,-0.04836884159376313,0.10508473170396918,0.01945645655943031,0.020449033924531644,0.05112521431644867,0.051739004240190026,0.04799259389676092,0.004431444087042122,-0.05567249969859451,-0.08725945550427533,-0.09147434561770651,-0.05558518677179872
"MENTAL RETARDATION, AUTOSOMAL DOMINANT 54; MRD54",-0.021812628171727945,0.05598069778140199,-0.0517774633794657,-0.0440048967142454,-0.00683593131887836,0.03402614455792997,-0.058541841981430635,0.0029562143822927612,-0.4338794806963503,0.0037604585211079423,-0.013873890562349956,0.02862022743690295,0.014205215386736364,-0.02983382490472757,-0.051814779329464836,-0.06509176092226619,-0.05986422456396175,-0.31426187322279203,-0.04380003086520543,-0.033883267289732504,0.026736536828799378,0.053111696159639135,-0.031046335706543804,-0.03385635389568474,-0.03280257764546763,0.03794888456853691,-0.37582271279479346,-0.27836821989346133,-0.24908357686835064,-0.00967741502858718,-0.07193179551983052,-0.03689261546911178,0.01646795545546285,-0.04148065193118181,0.03609313329875027,0.044169661022969375,0.050586085452242614,-0.1884280259695518,0.3234125952149294,0.29295674391376675,0.0774107141986223,0.25062562373860037,0.07182948683646755,0.06319609739949034,0.2666601659198845,0.07452505493943777,0.0625765313146253,-0.02867719022098093,0.05484405452060148,0.05728374754093754,0.05874665499118488,-0.04221576347713237,-0.04989073164126465,-0.027942226185770927,0.0017784433811611799,0.019227516039924383,0.2920552898632773,0.26904315789926914,0.22292913423250993,-0.018329333474313928,0.0013111854624104542,0.0005797286435875467,-8.839740253222014e-05,0.004507850921945701,0.0018294882253689145,0.0017813100091824755,0.0017422622538186107,0.035671015275523736,-0.04416443208649505,0.018549767249622977,0.08816113996531241,-0.022811968321610532,0.5750138922599131,-0.061426000475888184,0.014664008348206255,0.0014665451466402842,0.11967200289447762,0.4392446762127207,0.017771549712279396,0.5750138922599131,-0.06829310601355403,-0.5043275296631198,-0.42090309152012395,0.023898078562165054,-0.2503111491368195,-0.2413325469769602,-0.032126849879083964,-0.015532406527751156,0.008856237825330357,-0.03406586670088981,-0.02910136799025865,-0.01830209798848569,-0.04744882117451862,-0.03757076825532392,0.013389551087432922,0.04428542187713269,-0.003195660282202209,-0.2724765772743693,-0.000519040697229113,-0.08488756831154841,-0.2704957531336254,-0.06365982111657738,-0.1705368532584213,-0.004503596519343472,0.03866008068128958,-0.030515103277851754,-0.06383724141088216,-0.060885614266922836,-0.05631537177110031,-0.06982439596445965,0.011972053333579528,-0.07113260110394408,-0.010692029268676378,-0.030191019760579283,-0.028614765021398987,-0.0591327953396871,-0.07708088941208345,-0.03945847100337096,-0.04017252453106732,-0.06670711456872357,0.07038184752947398,-0.4528186069825313,-0.24562012646726117,-0.06797602758898977,-0.043105668063450744
"MENTAL RETARDATION, AUTOSOMAL DOMINANT 57; MRD57",-0.014693645871030156,0.011699353394392951,-0.3487667911236463,-0.026947582788526138,-0.040539712021679504,-0.006950166772149351,0.000477024129439505,0.3197935783196219,-0.273109985349033,0.014258177352159528,-0.025511838495999105,0.308235164252154,0.01588914595588264,-0.23077194041996485,-0.01694975851748445,-0.01842133402219357,-0.013950646490173014,0.015934477495083754,-0.2738156771700821,-0.028685987259637964,-0.03945196528272483,0.0023629938718161977,-0.04563200997230064,-0.043025256824111464,-0.03650139522377801,-0.02498784250786428,-0.1738204218967944,-0.1625788416932928,-0.14744625879355752,-0.2672038653286084,0.0024337823210605933,0.029611626949203322,0.03802002011046918,-0.02503563667600307,-0.004366202206772908,-0.004491396804794137,-0.004633352330275579,-0.04104144984043883,-0.011945193014615831,-0.01603821395751026,-0.019138221597381412,8.688450883374064e-05,-0.0021978442404472923,-0.004554901634593389,-0.0023268481643388423,-0.005827883493198355,-0.009546444620266699,-0.021212139243166235,-0.0007703273087771866,-0.001469961091379428,-0.0021906287083373,-0.21890632019674078,-0.0024919021686608147,0.0032773626130501356,0.009234150159235881,-0.0398849448342631,0.16092231217965536,0.15145643406722495,0.04001333652128384,-0.1535995922058372,0.06967944094284773,0.055010667205012874,0.026661493246725246,0.0006135840769946471,-0.028503885464731045,-0.01783906345161346,-0.01174734656492255,-0.177671720369377,-0.28448511899348533,0.02286531419987094,0.18278160978326577,-0.010478328298010245,0.4536808046062543,0.020631290286996205,0.004016381124879293,0.007410781988915092,0.3549854370831472,-0.31215154295621667,0.14572257171637978,0.4536808046062543,0.3994083409746543,0.4093885085004892,0.03817781512649573,-0.03167302343910636,-0.2995254526925415,-0.2580560164393945,-0.023130245050093052,-0.016209400710914965,-0.17486533550377645,0.0333493828867082,-0.0070853760570819425,-0.009324948743221758,-0.2347761486964046,-0.023615879465999138,-0.1790523607126452,0.002350905700354201,0.03847098613680347,-0.246671571470954,-0.232092877333744,-0.1760940902446756,-0.18654668888873274,-0.04064000116365155,-0.16388733115553292,-0.00018350638912841824,0.2849679715464271,-0.029452769590643482,0.046676208359143705,0.04809089780578645,0.15661485894507216,0.001159036982824287,0.021802147295230213,0.036066500798147064,0.021251775281878476,-0.011339481700380027,0.3942798035666234,-0.01077785289142954,0.008355289189954996,0.012146819302466876,0.024459516502632284,0.18124018129935746,0.04535783010979667,-0.2987195433895044,-0.03102880955008982,-0.03272916690371697,-0.020761848731830894
"MENTAL RETARDATION, AUTOSOMAL DOMINANT 58; MRD58",-0.004739895856302372,0.00678933596250919,-0.030664155959450073,-0.05040732490637206,-0.008081599603319525,0.040389323383883714,-0.029441397874557833,0.2928872153161383,-0.037728861551612446,0.020581058562249902,-0.0012488346548338392,-0.033286132164018246,-0.05358486047569103,-0.04210745191969943,-0.007757777263823663,-0.032009576474360826,-0.0454826361719697,-0.006597339148556274,-0.009691390199757146,-0.048079753818527596,0.00940890886547132,0.05780330001253373,0.05806389323031734,0.05481667632085679,0.04615845092479397,-0.015890472386516943,0.0023175960126668583,0.009748280979944198,0.01936785095153559,0.000510077570689307,-0.029591409462008417,0.014267253757469098,0.057385589949187576,-0.01179374964246047,-0.049515890362746756,-0.048471905999919775,-0.0461749897153875,-0.037361704470217895,-0.005834027770738912,-0.018299288012326338,-0.02998333712531166,-0.02097164492056373,-0.033648331803432484,-0.04315120891252596,-0.01808532366849501,-0.0329211440576542,-0.04369916596953948,0.00012808792117900174,-0.03983506414282482,-0.04278145965577685,-0.045311979249974266,-0.025723055589026864,-0.07165044982319155,-0.05696697163773756,-0.01562690673170357,-0.009279233968636731,-0.018153484130933012,-0.027437780797552862,-0.032557699315066885,-0.03209166234966394,0.01348215317305101,0.013583342231206292,0.01224326204944434,-7.734972822295027e-05,-0.002840566351941698,-0.003182325026589948,-0.003555231254198584,-0.016204700718920058,-0.022008765738577355,0.056858002180962694,0.02163366976176464,0.01665119148756084,0.05784436028901599,-0.02184535112483735,0.0018757466594188806,-0.0018499131212818597,0.05563466514580989,-0.05141763816935379,0.03691652045774759,0.05817855516038937,0.008609109542843314,0.0023960587946754105,-0.0012899690026046031,-0.04706943683046095,-0.08265512171119038,-0.07618907888239405,0.025812909391536625,0.013213259795783517,0.0038119846778448432,-0.04757543867037668,-0.0419891917284384,-0.04481613220784405,-0.01848041800966907,-0.05735573981412094,-0.029407594674067398,0.04588818065047999,0.3033627060908656,-0.05290759706242745,0.001772269981559893,-0.05290701744596912,-0.05532896455439459,-0.0636199138222614,-0.05687563616923336,0.0926234973940581,0.03725713473719473,-0.02468871559180997,-0.02686995883163394,-0.02365241598692572,-0.020488800601124783,0.05627077612994016,9.453679751520887e-05,-0.016809274595321763,-0.03741443402384534,-0.0048777136101576185,0.049762484892592385,0.08184908539836604,0.046031585189842496,0.004784991860449427,-0.01672066277337534,-0.03907258372581934,0.00010401373859895172,-0.06645774031391097,-0.06757302316597258,-0.06734176420591294,-0.057661623182464664
"MICROCEPHALIC OSTEODYSPLASTIC PRIMORDIAL DWARFISM, TYPE II; MOPD2",-0.39879674036291507,-0.014560713652775616,-0.0012322959368344906,-0.2854729721037816,-0.4906931336522819,-0.028333790503714932,-0.4561842195025061,0.001831275099664722,-0.5326499532491528,0.07856149618220112,-0.26680914198721994,0.507953714352576,-0.0049654127285689445,-0.057404033522202025,0.05092868713199671,0.056385119845678226,0.045954143044911154,0.33512916001268916,-0.06372683592182832,0.004779637694178005,0.5302038795297129,0.28545598245240117,0.016840545321254494,0.010393410588169167,0.0038797613939099006,0.003923369152590605,0.00022054108685577183,0.007977487701239086,0.017760228726579112,-0.06356972119746446,0.258201497646998,0.593616800566392,0.5623597524179835,-0.04431506295338998,0.06392885167294371,0.07280115384330665,0.07966974595457867,-0.047204510606734716,0.04097515602451823,0.031708220424022784,0.0203366217042794,0.0324367402353359,0.02871553635572122,0.024653906189610667,0.031224300310046704,0.025174593011320336,0.017687697618569427,-0.027940109514099958,0.05192443424363231,0.056226727101948544,0.05967497888349234,-0.06468897141798588,0.07861081121118323,0.3775948617077133,0.472973824135247,-0.058025035185177765,0.044457184485409564,0.044429505997745464,0.040399142390263106,-0.034551691430154345,0.00830367061842414,0.005201859081150892,0.0019523715773699212,-0.00017361203993102655,-0.0015776715232500064,-0.0009755602914535176,-0.00022123138308951433,-0.3140950885716768,-0.2701995621864412,-0.05334502729597412,0.5882579675598809,0.005751016260115394,0.054062749846348845,0.5515400557501631,0.4671880030636899,0.5100072303493682,0.02465146239427747,0.0035897324766982703,0.04284173738821117,0.053616145457551834,0.08148459122194378,0.3594511228647718,-0.03125326666887002,-0.0254850250929466,-0.0328846721569083,-0.018601653388094094,-0.5053646390552636,-0.5578935330601036,-0.18861163858601487,-0.02913743060401891,-0.018635853261691416,-0.012622960260038563,-0.04179288152361855,-0.2198134299088208,-0.6455168279550714,-0.006754125952361436,0.3377036145339176,-0.35713454380113213,-0.0706096988092739,-0.3564236029996622,-0.34244631690142996,-0.3149276002076442,-0.06153704919029482,0.07397335206875146,0.06856766959140208,1.986109145738543e-05,0.0652413754304539,0.06712319475107512,0.06777659885623469,0.4610714216404285,0.08004143252023241,0.5505115023270802,0.6462844950696256,-0.04190506090964675,0.6475605703526714,0.06326153633949161,0.4746085563828109,0.6603063507528658,0.6541344337939728,0.5246036230746642,-0.046964754676494386,-0.038097343085695005,0.0019208863845383741,-0.015052869138813946,-0.014549557765917417
"MICROCEPHALY WITH OR WITHOUT CHORIORETINOPATHY, LYMPHEDEMA, OR MENTAL RETARDATION; MCLMR",-0.0015394532691928693,-0.03559444769689552,-0.023762428602325802,-0.015895121721235805,-0.030250844377669426,-0.00448811839534514,-0.04138470857418141,0.06032428225070543,-0.025674758035028628,-0.014499471092625685,0.01385813183178649,0.2970385574826537,-0.05499420634485825,-0.07524508498254433,0.0002234588777860675,-0.0027488381940965127,-0.00529383512014505,-0.004749793338625963,-0.046759628473024416,-0.01265671944475433,-0.007786903496120838,0.006872707112218341,0.0038491634303139547,0.006804453290399746,0.009216977974967214,-0.015082278983387268,-0.024598157520147473,-0.025836604479778254,-0.02627251459370463,-0.044488727079683855,0.007303834328646181,0.029488480464630616,0.0310973438641091,-0.02763424890816919,0.004921924640969184,0.002508657569552858,0.0001376553481605429,-0.0329713723689276,-0.0038674527598182747,-0.00563662426928223,-0.006848678629130774,0.009593448319446314,0.004756936566297533,0.001323000112327064,0.0072172773690605254,0.0030559899083737684,0.00032608661461176356,-0.02511638370666228,0.007791044131386869,0.003964032298945147,0.0010648058107847187,-0.0560363382883665,-0.00011128478587099751,0.002127000952914012,0.0038344229559989463,-0.008644054162778065,0.016665635932713616,0.01983551302209551,0.020921113731138502,-0.037777967426515235,0.00896954945456168,0.006815129048123967,0.004379114420030478,0.0011664330530400215,-0.003113783252877954,-0.0019949856581683496,-0.0009414067067955053,-0.05088872903684865,-0.06116500870783642,0.038296361670533456,-0.004151034995037643,-0.05709219757173938,0.01043318119657067,-0.02905362549070537,-0.0628049436496146,-0.05891212007807155,0.09999996942831475,-0.05599470613650861,0.031634414855483475,0.01061760749324045,-0.018981589368652917,0.011253799332211647,0.05771061831879843,0.002320084086108388,-0.2880461799346708,-0.27430897665880216,-0.0008660426681292148,0.035960215520810614,-0.05589256900382355,0.033374943457943514,-0.0015367989206634472,-0.00029579955524206204,-0.05133030096559963,-0.007253265520983719,-0.0071554795870500225,0.004185317623697291,0.011306816153556491,-0.06256738368242572,-0.03352742078068468,-0.05247309670940159,-0.05746668015217849,-0.04708970661231377,-0.03741391441347466,0.01884311034742355,0.07432842780923275,-0.020860029120332767,0.08757436794348204,0.08537156747091253,0.0815279420319534,-0.03645392812213268,-0.019077067697645455,-0.008714682561420193,0.017351262227178598,0.036733800902555694,0.05736817477762283,-0.03238659195483574,-0.026852247543350905,-0.018751435991316127,0.01273802259246591,-0.005935141283742541,0.3169588071634693,-0.2887539443522202,-0.0038844225446866706,-0.010507425821258338,-0.004756195652183398
MOEBIUS SYNDROME; MBS,0.06390762226122222,0.07407037484788817,-0.3807638930384186,-0.031454527002263644,-0.02738337671630026,0.006816493308662245,-0.036140578103783245,0.26683433402023427,-0.06711880400661088,-0.2407098718743205,0.014157123026381625,0.03922246543536124,0.019044962024747123,-0.2263634046846569,-0.05529025923951904,-0.06407052452500767,-0.055189297773659246,-0.2576538695725538,-0.3641927304322721,-0.02129538981215691,-0.0001351012012512097,0.02008203411794016,0.009467399007119447,0.0074123253160917725,0.0046844477648987325,-0.02799578957954682,-0.2882810239592082,-0.273757226792007,-0.25283850967885124,-0.32685211351912663,-0.025176838808927692,-0.0038470299096119193,0.015525361941437023,-0.03328339102846829,0.018287792859954605,0.019305726124560014,0.01987467293172238,-0.0485081304730735,0.07104144110706162,0.06625579731586109,0.05824964758687082,0.047868984525591234,0.043764004020946316,0.038207093030826964,0.054028073977854654,0.04903735403540628,0.041854314240804213,-0.010526099286324293,0.030339269983064875,0.028971454799166275,0.027370023460580584,-0.3150663393035743,-0.04251899320565771,-0.03994443778519417,-0.02078742933147487,-0.012856561768340716,0.024783840729456816,0.01935261589740671,0.01300643834202738,-0.03487814587856405,0.05837473653727934,0.04529489281242971,0.008269436890501448,0.00014229636356005877,-0.00557894339741868,-0.002795222698148462,-0.0003701138979739638,0.011093472532464559,-0.3510742361860487,0.05970474109773258,0.060087604216239134,-0.002082996254662619,0.48315550215590114,-0.0271334192924853,0.02470839494644543,0.013189258378873405,0.01663168598495883,0.4609566419731643,0.05981149055131843,0.48315550215590114,-0.011766116695810853,-0.29878769022848817,-0.05228286296294692,0.18424659969742152,-0.3875721610991853,-0.2693653736481086,-0.019129686350508796,-0.02066631333901384,-0.04539999183481151,-0.037403365083281945,0.0539921094574456,0.04082747308875214,-0.3265833862363611,-0.011194271717947166,0.029921300638131546,0.024293437121779105,-0.22305480843826542,0.043251326152586984,-0.025868978043378954,0.19311543098150213,0.04639719160067865,0.22578359228172007,-0.002696533702915856,-0.0537839756987551,0.3796563284203515,0.002119758163110781,0.041800111840138085,0.048506504206572106,0.05433053505191832,-0.3639111967255933,-0.019798532578131252,-0.00913383289029472,0.001996379934878554,0.015331720404943136,-0.015917709585611388,-0.37106734381466167,-0.2359284409565742,-0.22845005304168012,-0.20930166162164762,-0.0419907024795084,0.04772899620958914,-0.25259933832653253,-0.006413485116574319,0.007319643867669657,0.027411866584800857
MOWAT-WILSON SYNDROME; MOWS,-0.0231280668991928,-0.014682391468876083,-0.00661726764853956,-0.03297572485015302,-0.1509726678412002,-0.0002196506670895352,-0.01988330749093573,0.2875058619625284,-0.0006394072807277575,-0.0038826013563105495,0.02734247180759472,0.008845245957686989,0.017658486316959952,-0.022340421825011562,-0.006090438588716837,-0.0056481178305559905,-0.0034878846819811136,0.03968027976876527,-0.01267883898711943,-0.04287438877634363,-0.22512162150427967,0.005398583021026017,0.02615404332716981,0.02708169062115174,0.025630597692396728,-0.02694083542085379,-0.16849075329292368,-0.16328905206912647,-0.15446533867750092,-0.009151348794301524,0.009148865835295106,0.15554619619551924,0.22064408681519665,-0.016996169073510602,0.26105672698225646,0.27926845071482204,0.2907749350496382,-0.11473225379662691,0.03985989791454125,0.03753074007483281,0.033303603158387346,0.15062157449478453,0.15113766943504872,0.14667832045389043,0.14716968036282568,0.14598044515599928,0.043340685623810334,-0.02189501027622213,0.23551411147029805,0.2455376802341063,0.2526904760901325,-0.011704060475310847,0.16080278872174486,0.2893965483385303,0.27238084495312237,0.004704716065913279,0.002538008458195771,0.004009681767964845,0.005074967404394892,-0.10173538989214942,-0.024993719389461287,-0.03091893628991323,-0.10868105692639494,0.0020849319004703016,0.024442201159515363,0.03085574484725387,0.1156542058854016,-0.04276745747665243,-0.021870315285370527,-0.009618969310212831,0.016712774945059756,0.13899032761354307,0.1605123307657482,0.02350764257967859,0.03584462713445658,0.03579553450559181,0.03739815722626048,-0.019787562898748903,0.03317495934575792,0.1603850201499858,0.25264901625130354,0.3482695316274115,-0.003240537192939048,-0.022907054776133806,-0.2039064770381148,-0.1367949854448172,0.00947427832402065,-0.014374946036771627,-0.015028276993123913,-0.02559535623211682,-0.013683186473497045,-0.015040517283623331,-0.011394169769853399,-0.0350041023183472,-0.29187583642080667,0.005967025751900656,0.27555045660246386,-0.024212652613668784,-0.001167124396366855,-0.017132597833861486,-0.024273777907648456,-0.01597399499567143,-0.029316201030934644,0.14592414980184473,0.030531585403950453,-0.02884528381292416,0.03994735733805179,0.041318985188395926,0.04247569260953673,0.041482758060295576,-0.026561539058210504,0.1845861471712794,-0.023813525707961546,0.025587018304255905,0.22334336941952398,0.026321023516317165,0.051399289371927386,0.010661520418508359,0.24327721479603515,0.36038163378107363,0.04186600476158255,-0.24208607391207224,-0.023817372757232176,-0.02323204024711629,-0.019829214845062233
MUCOLIPIDOSIS II ALPHA/BETA,0.28607390314108383,-0.006883860941463868,-0.1946347202386821,-0.026309274215815897,-0.03636265095836312,-0.0037476422238292145,-0.01184605055696577,0.46640371579738954,0.01973260040867221,-0.46938658115040965,0.4949089100139987,0.002800079164983299,-0.005970757074484792,-0.16931341012352658,0.2802298620464479,0.31461402041353614,0.26566624997829935,-0.01353737451639593,-0.25331460424682334,-0.022268003420660765,-0.01639427497691674,0.0092264437842815,0.0026010249163185162,0.001739712234681706,0.000664458465611144,-0.00022264206900484627,0.16217063342410887,0.22271657494191865,0.23862084188973742,-0.16882914700851165,0.009207669893126002,0.04300731894504289,0.1537456845392441,-0.013657154878682146,-0.019455326329677242,-0.017713782269409954,-0.015539333656360703,-0.017673704400762498,-0.003067287881292539,-0.008379878693505278,-0.013916033930304444,-0.0036740907579872286,-0.00459347590611335,-0.005569600934904258,-0.0034078928842434333,-0.00496867404019646,-0.006251126029382859,-0.00197063153440606,-0.01269429226026677,-0.011374618524664783,-0.010154641605978242,-0.16507745221703612,-0.035307843056572794,-0.03334473834955105,-0.01734890106917186,-0.0147595528849636,-0.162906684546019,-0.14887697439435846,-0.03761343388194899,-0.005478958344584936,-0.0035313788797230235,-0.007059942336054758,-0.009802029132748198,0.033601711372313804,0.010118129009712883,0.013335491097072777,0.015960505565404428,0.03613928815565657,-0.24752380482111624,0.35681869705068875,-0.039371365822764126,-0.011549883759124146,-0.025943884971513054,-0.04805083670217482,-0.04151110029169052,-0.04523925219634783,0.2201253014697563,-0.1938142838612262,0.1370731260999312,-0.0261313482047624,0.004159712103534184,0.013107100045683861,0.021531091023411022,-0.031055744204637137,-0.01913732287841213,-0.004942631857903221,0.031574811685365765,0.1505475546694895,-0.029037306914339422,0.0018628971901733231,0.018095120810129088,0.0090865239484744,-0.24453404924032718,-0.009009932515727582,0.011325078018641476,0.014322194388911448,-0.027364224658655463,0.18054364523427816,0.009197291136767044,0.27109391502840713,0.18348289902160808,0.24751277090122392,0.0032829363992187563,-0.01631547071222695,0.28332619435139533,-0.039295973133243844,0.2758143244375686,0.28736744840664746,0.2957734314542607,-0.2685140633836752,-0.5228179405398805,-0.030124809165042125,-0.3286763206888169,0.43977275334039845,-0.30983695227873675,-0.028604682755604252,-0.03727624264634338,-0.45015449537479885,-0.0010724915955315879,-0.020779072685946594,0.5110495448860579,-0.236491191183972,0.019493591806713412,0.026536247104641978,0.017508206061040234
"MULTIPLE CONGENITAL ANOMALIES-NEURODEVELOPMENTAL SYNDROME, X-LINKED; MCAND",0.03503940319064252,0.4134849992898726,0.0019182048280577254,-0.00621827551144891,-0.040847533322206024,-0.02824664870485026,-0.09367666805638886,0.016197186958569147,-0.06041466362109134,-0.03435753372623624,-0.007134709646491697,0.09192789101317354,0.014030949690605978,-0.003298225694585454,0.031235230854699793,0.06393810104986916,0.07184036479049492,0.09036497881162042,-0.01708708879840823,0.03869276228091396,0.08466815438123149,0.013051243622180245,0.01825376246848556,0.025275119566444054,0.029696029090375557,-0.03460726692602041,0.05849248981946581,0.056502399039416826,0.05357354148566781,-0.04664804025376084,0.2659716622639307,0.3646662306279666,0.08087858770257268,-0.011152521219738821,-0.015626562745158293,-0.015201997121391394,-0.014384455498933513,-0.03767943623560629,0.014986702419116803,0.016465500275854306,0.016760313517503057,-0.007255991106297447,-0.005826949322930019,-0.004437432345813065,-0.00378210339238594,-0.0029041550718726973,-0.001879507726170626,0.020794722088257507,-0.013276977656820631,-0.012013798391583832,-0.010585200954356073,-0.04719336420543792,-0.027840558384508055,-0.042831886742466865,-0.04005712983764822,0.004270705280965328,0.0623377560447621,0.06058658192303589,0.052814189141753655,0.009713875583124332,0.0030472673190996328,0.002734193393175121,0.0021270073295301846,0.01087040594745442,0.0042834483739439535,0.004420551178215714,0.0039366492989915906,-0.08707132210693568,-0.013537480430935929,-0.012344164776146218,0.06537027446968485,-0.006444625422992333,0.013023272820294108,0.061217968484500215,0.030342067793362088,0.03947612236604103,0.07180269571727751,0.345922768435905,-0.01202454274017848,0.013199877989467076,0.47107363789085865,0.0016081235700863587,-0.04345877853955892,0.0533557671779102,0.0031401522373825054,-0.0005106042195242448,-0.05872393501623019,-0.05543706948897196,-0.019497621769387005,-0.012804952836533092,0.034201525817761355,0.03189931917112152,-0.003350613477064902,-0.00010928759357287613,-0.08717386319326313,-0.029705205516578247,0.009810640709753276,0.0011593619174607031,-0.016259779338691913,0.006721469713329947,0.004837138970352792,0.002082341330962667,0.0002745357450170863,0.011749959425622954,0.03441068483851345,-0.22446144417738245,0.4623642640435585,0.4712051933187109,0.475574034664618,0.08236302566534329,0.003666064284311204,0.09805937636226454,0.06085954638982924,0.019467665500256963,0.10269059111911365,0.07891905113312422,0.3381368875865953,0.08617761501036945,0.062067330655308214,0.02290383005738213,0.015349381047323585,-0.006171777952898662,0.03687601099943575,0.029571557212185517,0.03352404328081727
MYHRE SYNDROME; MYHRS,0.0012229232308068893,0.2117104655088872,-0.3188599812493132,-0.0072774173439548685,-0.013438028290858698,-0.0027824321722718696,0.17353777729211184,0.4948689584093864,-0.23108769714038493,-0.004779015760113012,-0.0025003195707899123,0.04552451899043427,-0.026737991994135398,-0.17830966017797675,-0.029810036067701516,-0.03067332556618207,-0.02248173962612526,-0.3139083342684564,-0.31816295399252714,-0.005852178093089257,-0.003011514128417013,0.0033918111378185775,-0.00874942417172581,-0.006124349390213096,-0.0029215016733123568,-0.0010358940001636268,-0.02251723072563223,-0.02255269595333967,-0.02194073381885687,-0.26556446726162125,-0.036478405661793084,-0.04258472791394282,-0.020740830343187425,-0.03601144907264101,-0.16928967768792594,-0.1634485162421858,-0.15339063588149462,-0.004941272384612336,-0.0028697734187675453,-0.002771413468692812,-0.0025787141346340255,-0.014311438532941386,-0.012283118742664004,-0.009635331044642174,-0.013292621742006417,-0.012253898852129793,-0.010663264211316335,-0.0032740624546784137,-0.038905240690695654,-0.03575172325762043,-0.032245597080143934,-0.30181212105859856,-0.32539412512460014,-0.37814673796220666,-0.2994934694699873,-0.021641763473330675,-0.005911801343200841,-0.0112373510261556,-0.01623559563187147,0.033053816046277155,0.003885144706843805,-0.003844829101012462,-0.013897796979662971,-0.0014625277779222658,-0.01047813205251437,-0.009534596626926517,-0.008435087719265034,0.0308801200493919,-0.36216691756832575,0.34315776629949507,0.02722450272625624,-0.20813275507106288,0.4007696720692402,-0.2834983609085897,-0.17176305904657774,-0.19321464014754744,0.03385008288873264,0.04394715104716889,0.02738987712653222,0.4007696720692402,-0.016380152442489925,-0.33943911490172846,-0.028339502597261083,0.008155677390897462,-0.02496332870288986,-0.016475994280524268,-0.008306019410865296,0.03408589393240385,-0.258376588987763,0.25275279158302283,0.011215744706242495,0.0015117426587533229,-0.31780843154940247,0.00633697886015321,0.21309926948993657,0.016647405702417777,-0.03170169224276226,-0.017544861786687013,-0.2954908194912947,-0.01021213828568874,-0.015350256337652088,0.007981965072637555,-0.03941273810612448,-0.045892176975847736,0.31803905493523726,-0.04799116434191053,-0.008580290087973938,-0.009049176670568263,-0.009644829930281654,-0.04583935091651459,-0.001629877386059612,-0.21113145125804814,-0.008981912402235101,-0.011031093731112959,0.025727009926032676,-0.013177184528792988,-0.044915610222363185,-0.03949412967958142,-0.02895526106317834,-0.3569970929147914,0.01731929830567587,-0.16930357340879731,0.003950370848958592,0.010894327063488049,0.005550564783342261
Meier-Gorlin syndrome,-0.008045736806720181,-0.048966227862156646,-0.04312712548718831,-0.002373151942054098,-0.015487894881323905,-0.010122930061188288,-0.4184433463541399,0.040426007127613905,-0.4747073315614409,-0.006311079896340174,-0.019778757241377662,0.4219292535482909,0.008318837453642421,-0.004300964155463707,-0.03949794629647411,-0.041475206333249824,-0.030896646047971894,-0.018531634519334712,-0.03609137322858055,0.020436841272112795,0.19941614126866278,0.01604718036777093,0.033850164094997325,0.039656769360625475,0.04108453331073715,0.010648961649498877,-0.0444588811906868,-0.04503803807138063,-0.04458195419413239,-0.0396355980144476,0.02201225745209722,0.030841527115995956,0.016619177295939067,-0.03352941821654941,0.05041135773547588,0.046646500728602554,0.04165476666587619,-0.023063737790901647,0.04440002849477054,0.04359668413777998,0.04046605574570008,0.0469637197861396,0.043489585719928996,0.03866790695045694,0.04685032702100938,0.04320928063432931,0.03777489243373232,-0.027562628043872002,0.05004128579367715,0.046177286847216455,0.041804237924806406,-0.020860370993235976,0.03397768046187619,0.034595006005300626,0.02032250243638971,0.01734056370470392,0.01979438001203488,0.019241084755419927,0.016083708896782366,-0.11579886878621622,0.03217388456777286,0.005499325176021369,0.0013431592060134804,0.0011844299297209464,-0.0027668812761570552,-0.000304052520311304,0.002428200761245595,-0.00794180489518193,-0.02554079234482309,0.00367161387658585,0.41918374585388724,-0.04380568328974456,0.4073418163701054,0.004061886569055149,0.028738530599945748,0.025583404270478956,0.2823868676192399,-0.19406263999789172,0.15776042959074443,0.4073418163701054,-0.0009929399661209128,0.04852056722602748,0.03504455001822555,-0.016478430893842974,-0.34500502844540426,-0.3032653489378986,-0.3190143099883169,-0.059529865267815965,-0.020845553518147823,0.03879031177898896,0.042832858019672265,0.15694387945991795,0.0024227885425128918,-0.005994935751498365,-0.054042123808872376,-0.009613192362398557,-0.0036037968909087325,-0.04491551254877756,-0.20286416307228805,-0.03490381634877158,-0.03907932507028821,-0.01776563231437538,-0.020104599156136986,-0.011482036044638296,0.028667910395188078,-0.020512622456831445,0.028811466212039782,0.03061131514763998,0.03174756506399491,-0.009352093119345985,0.01821152446211326,0.014513296995504334,0.2834465476658615,-0.006462023831992321,0.031795544200554415,-0.013276483968713218,-0.0001828193564509036,0.028425273774098547,0.001684939213258472,0.026597373992134642,0.056939522492627306,-0.2812037721949515,0.03165685228978471,0.02270989336964761,0.039449804798870655
Menke-Hennekam syndrome,0.021564505439285238,0.32729148703856936,-0.15613091128765622,0.0007303077584655717,-0.04172551268351667,-0.04098721720072553,-0.00657714187847357,0.35881922734643606,-0.16657417345087566,-0.3091590194754741,0.24408336830102062,0.13933362749265887,-0.00881503734754939,-0.14807987840315326,0.00990422504764783,0.02743466189794934,0.11370126368532792,0.015167779136822893,-0.2271464345962503,0.009665376506563154,-0.0005805987722715042,-0.010143351051885184,-0.03227437131789435,-0.034893446541965766,-0.03343623925199866,0.019803655960903152,0.0035908817733155502,0.006941500107586272,0.010428994958885218,-0.040578147725660416,0.02881426556552989,0.03301416951434411,0.014211837088658408,0.009418190421347773,-0.005179624788821963,-0.009083556990145472,-0.013287039781808204,-0.019250555498472564,0.014101256523228758,0.009458756509040468,0.004673493305099734,0.011465693828626972,0.009939796368138932,0.008573307493524735,0.009928094907665224,0.008602887954456087,0.006764803455680453,0.009019502328211493,0.001963399427437075,1.403330236224222e-07,-0.0018968270961867695,-0.14964795404267095,-0.03447533511003568,-0.20866923528600312,-0.20026873015907,-0.0059583954059886386,0.035227343461798566,0.03534726118916524,0.03167944794551827,-0.016154038961496087,0.0035343343278310276,0.0017795103239626167,0.0002118370417038033,0.011754308672866639,0.0031213599654228586,0.002977598052636127,0.00273360812287001,0.025143695286761032,-0.24498181501029428,0.14576321131884581,0.049867612500907384,-0.0065682511435860794,0.2554326123344027,-0.0163201613819211,0.02914336132562708,0.01905489396645303,0.17788467446526282,0.02579433704691544,0.038032104083846115,0.2554326123344027,0.3251551858712269,0.009089764727366076,-0.006892508923126086,0.014009887388198852,-0.23182482847267682,-0.15405874778642725,-0.03137391869014981,-0.03037168574872692,-0.2429140382266494,0.15155461223538705,0.014246406358978206,0.006248566692514177,-0.18543459962577552,0.009277404182308421,-0.021586700126713904,-0.01828098560752527,-0.01108097428176859,0.0005457805896484152,-0.1306588153116204,0.011070473603892525,0.002145217730171572,0.03334451032073005,-0.02685005718091093,-0.14256452159255936,0.23128629500933162,-0.036561989198654575,0.13743762620824876,0.1351068745145609,0.1316527614116269,-0.29738880882036267,-0.26401554731658017,-0.005123259214779437,-0.02417967891732898,0.20876351050247507,-0.12032330333901359,-0.2928549102303602,-0.22749912218435445,-0.3026075056988712,-0.02509057220664092,-0.002076939381173466,0.41090921119271023,-0.3685913737452584,0.008602889302927652,0.015608720647449736,0.010874715969059055
"Microcephaly, growth restriction and increased sister chromatid exchange",-0.0879327244362893,-0.016973517095315385,-0.0261784469064764,-0.018637229177463258,-0.044304246680343114,-0.016825354954773393,-0.291649440391079,-0.004340583585152319,-0.5218258134890836,0.06187574852607377,-0.25539343148753896,0.46100390121423673,-0.03624607860138438,-0.003633472113758222,0.010817639985934817,0.007626482822963461,0.0028251474652218494,0.26064057125524015,-0.029396219460885928,0.03713806638678374,0.3627750752222547,0.037246790012781195,-0.03739697048383996,-0.027813804834777644,-0.01499146644550031,-0.032814758721507846,-0.05367782369203684,-0.05439425825946708,-0.0533857746911108,-0.052681455650309995,0.07716284820154651,0.36062001536048216,0.27337583703312074,-0.021359337302110638,0.4277984951856692,0.42156379173247366,0.4062858922264262,-0.027631184485537637,0.05508891405911019,0.05736932528528304,0.05630346929353916,0.0737805967225288,0.24056793083081884,0.2375050922813906,0.0701574151544619,0.07155439159724207,0.0700591751660926,-0.02607778772271988,0.3063726316228669,0.3798889864940695,0.37306400860446226,-0.0014410843055399198,0.3199777128241766,0.44684775522884745,0.2787425122298706,-0.04853441124365969,0.4323736559080588,0.43790527559042786,0.41124299965811445,-0.031016440540775413,-0.009742732279318057,-0.014660630687320077,-0.018228204814923092,0.00039234569423581624,0.014900001601223638,0.01959572866438082,0.023396204503048964,-0.46427005399221305,-0.022464601188098652,-0.09267549637609163,0.5698645571434925,-0.0049953505362794895,0.38209128538334214,0.42689699645741985,0.371466195533499,0.3836409812512818,-0.029069576637085523,-0.007061380708241639,0.020905066426843522,0.38209128538334214,0.08436014740168633,0.4529739823756224,0.006521263862657845,0.0003624959974611939,-0.043851263049070416,-0.03875434974514699,-0.5216341846449154,-0.5460067743465042,-0.0017645011126883495,0.08133689819613693,-0.005469408643572762,-0.0029316060540433547,0.038803653516336696,-0.027264872688695624,-0.5768255234726928,-0.030244934979940512,0.06879490304319441,-0.3246749514798888,-0.21294006373679011,-0.31401824743727313,-0.31066042247348413,-0.27264408120404654,-0.05883364398628279,0.05133921939701973,0.009849352536809141,-0.031586696496307146,0.07637480488192903,0.07406926420144452,0.07070049721005653,0.03423785900067134,0.07782778211977116,0.29024253605733114,0.5056229493208784,-0.03863071183451043,0.6003240927370219,-0.012214617974733173,0.03590577809832936,0.4281691360144092,0.3155074866926568,0.4988157459192869,-0.04266907061399791,-0.37450122474898756,-0.006452689284652166,-0.017635609619034022,-0.009108799433085351
"Microcephaly, primary",-0.019771033100860334,-0.05724927545886254,-0.006870300667821678,-0.05433731528143323,-0.02341789759720894,0.03473896271820144,-0.059800582645943935,0.036261215693422506,-0.007680924373204407,0.013550425751358303,-0.011145505626160904,0.06202455730263582,0.18569327065910707,-0.042494568043203756,0.041076423268795764,0.015684582779827348,-0.005538377578438236,0.0028600009523986852,-0.013765327010518642,-0.05119728376301495,-0.0024277771776251298,0.047728861338884196,-0.042867059781904256,-0.030407468729599176,-0.016247604472246276,-0.023259053453687617,-0.028129272111140326,-0.028546588620102755,-0.029474897854618383,0.0252639395183139,-0.014515907866200824,0.024146920369797736,0.05234189567400785,-0.0027282320072817266,0.00799425328474487,0.016029942117985033,0.024485899381093326,-0.041117451226122106,0.00011674053990496931,-0.006302906913234377,-0.014154563482918478,0.009916408970159923,0.0048036820783780255,0.0006225149631826561,0.009840493241149766,0.0032902112882018625,-0.0017381084675869957,-0.014663682576386684,0.008732546357271253,0.01120232425606028,0.013604716510689676,-0.0019641508443364133,-0.006532612865209657,0.02215470167972835,0.051388296041143,0.008694397308622778,0.04382608953741096,0.029933070936179747,0.014828500550293432,-0.03044174064565049,0.014546557417178115,0.009104427329093615,0.0037825783701031877,0.0025899551627990695,-0.007504783785163798,-0.004601909350371086,-0.0016620225295956954,-0.052713400425375985,-0.023936102015761032,0.0019376886705869249,-0.006844348665897333,-0.05139863629190293,0.026252184090908803,0.0008992911161856607,-0.04444662901355456,-0.036421146207643605,0.04918699809455706,-0.02428581564537336,0.056874774521870286,0.02663459570892528,-0.06774112132736924,-0.01467048410474495,-0.003465189101663436,-0.02818991792396102,-0.3815795831102051,-0.33508206299392806,-0.014256012220048549,0.010223183383701671,-0.012010386833701725,-0.011056272264935846,-0.00928926332890373,-0.008637867624742944,-0.013659122247152605,-0.0533454413055223,-0.03539851864555375,0.0399242892367132,0.011031690131701709,-0.03738551265279333,-0.007416662428017797,-0.027962450904849345,-0.0343490534301811,-0.04406900500604764,-0.012646668370810153,0.05060182409972025,0.019813686805179965,-0.023532523362798315,0.05300114508059893,0.05260116039720764,0.051479905036507984,0.008606664581946399,0.01425089918837995,0.00020671038682180127,0.025426592067405884,0.0014197927116605903,0.2450899580486651,0.01567705877760023,0.010671277686197236,0.020153296949180634,0.05183664191805202,-0.011487095320913385,0.028653847613982174,-0.20976943951277838,-0.019666706421122764,-0.026272784325843027,-0.016935942805383138
"Microphthalmia, syndromic",-0.004670249051788595,0.03686919456885073,-0.00290775407883817,-0.01154466102397174,-0.03878811428536038,-0.018132849458563135,-0.24323338474593748,0.024829223374824336,-0.3514390476899792,-0.009130394733313119,-0.01643402092562609,0.4847144793865391,0.015257828047046345,-0.01820149001268601,-0.006391408552701107,0.0015221557478497536,0.010018887227666074,0.04242532463793489,-0.018592155801396924,0.016981163691021713,0.07154159171356944,0.023695844022157173,-0.040397848329534296,-0.049197840514413414,-0.05208704578009936,-0.01301888434989035,0.012198313000789536,0.013990219532849719,0.015378608931421645,0.01004570840982283,0.023878948310086644,0.05958076587020452,0.056358605631826444,0.06177014437556037,-0.002145928088200385,-0.000789654485576428,0.0005246485053468034,0.02205161433055253,-0.0022815914336140114,-0.0015367068643569763,-0.000865701591218821,-0.004339513320932295,0.000761241596142474,0.0061573954867580405,-0.002403040804760195,0.0018746918810355075,0.0064713726526966315,0.05430733396774361,-0.003814708593324564,-0.00025883251089276534,0.003209514312043264,0.0004491913313209058,-0.0010240039316554924,-0.00040067472107438266,0.0003635170236861966,-0.016625361580692822,0.020604159816011013,0.024035700390394626,0.025050206817635447,0.013652526429272786,0.21474455637181908,0.21252783144730325,0.1515171572350735,-0.027351460949275895,-0.28095443721411273,-0.19339837920850544,-0.043629921812281966,-0.006955208303445797,-0.01933677819332575,-0.026129828254410074,0.2970311556558869,-0.011264595531523158,0.29733395355739084,0.027532384309951224,0.05839675213411251,0.055636877373505186,0.4657690964734477,-0.009117785228519375,0.018822222049388326,0.2956887915200102,0.07950181616023552,0.05201391456856942,-0.03378025381240236,-0.04168899410557388,-0.043775903002937974,-0.03846564475066662,-0.07900706734252731,-0.07506023124491507,-0.03805398345942723,0.03561752050384777,0.0687829864067422,0.06962466288628227,-0.004677751941392966,-0.012847895506919298,-0.06886695232528457,-0.006390842619336106,-0.019847979718459578,-0.005342665250185737,-0.062211444981799514,-0.00016271233271504084,-0.0007650650130629133,0.025657754725860384,0.02361801649122233,-0.05543375588535787,0.008366411309481231,-0.01850049122451835,0.03744021177080496,0.039976856380050954,0.042532873814252296,-0.029019821637675237,0.015689741605029124,0.038022249700325486,0.06666187232646875,-0.00350553967507931,0.0054384153528114435,-0.051394043097946394,-0.011883468762767014,0.010186913480156868,-0.003745498836942301,0.03813729190910042,0.05777909101315018,-0.02086177670299393,0.061219085693388485,0.056118917533142555,0.06657581721314752
Mucopolysaccharidoses,0.30815711993721445,0.01921391644695717,-0.018318180310905475,-0.024328963280670052,-0.098458421495074,-0.0019232440600903218,-0.012455424970817043,0.545837367486073,0.025427466381834133,-0.37545775569476514,0.4038496374402697,0.03198567333981953,-0.005507039733408725,-0.02535698053472976,0.207573448953119,0.22602251032810614,0.1814617578011921,0.20229226307872605,-0.027422667618365603,-0.020633060252695144,-0.009367594333275598,0.013250080558269336,-0.026746345609411616,-0.01679948870639991,-0.00605285237104517,-0.08746717982565357,0.22431475360520325,0.22904693544258434,0.2288873842034132,-0.02468400850571288,0.11593594158141625,0.284867850938955,0.24954665500146728,-0.016240234526891145,-0.08706222161923335,-0.0914651178057393,-0.09350534291713009,-0.07010695823552111,-0.01739449920919428,-0.08468310989464249,-0.13102875232554378,-0.08714093597112399,-0.12973813148102517,-0.1446970679763291,-0.08088363898607635,-0.12468425475031511,-0.1422299599983892,0.004193773931513998,-0.09277658062128442,-0.12496515477317466,-0.13269302120262133,-0.02605793674867111,-0.012160173006502059,-0.0056495098782038625,0.0014818669522486507,-0.0009218961188615705,-0.26621052572460047,-0.3022518610259658,-0.31213026557271334,-0.001697877763516076,0.08113009509325905,0.05827686411943991,0.021921673687286564,-0.005906062942212235,-0.029999145810019768,-0.007689501228393712,-0.004856888382568344,-0.01711665842428048,-0.15724022552156278,0.2342100919499476,-0.014648745829322345,0.25955220714395566,0.024305727250019064,-0.01387207641991074,0.014201457679347398,0.007898068276411405,0.3444190113378307,-0.193023703105242,0.13908524442927536,0.024268416674904095,0.30726561235658073,0.28123772247656065,0.005920037085659995,-0.14654245781561887,-0.16772994800365787,-0.13034656402987693,0.25873754965482687,0.030749205717838818,-0.15321615893176327,0.018778665054728378,0.1584951671672596,0.13796648059439462,-0.020334285909598637,-0.024195246268202037,-0.199865091197444,0.004344328586160344,0.1693422760077203,0.029581541961922156,-0.011055547755877753,0.12537230023623655,0.10112596666976206,0.10546655285355472,0.004044593727773516,0.008528023691721884,0.2378753613818752,-0.03110806946858985,0.3133227430402113,0.32374567142164534,0.33062717732263885,-0.010944733812879387,-0.4203514211240124,0.04070991744559974,-0.34353446122279435,0.3795282975803719,-0.007417211437227489,0.004110809046526106,0.025321955197186725,-0.3411882174102317,0.011926544008391915,0.038838522641752284,0.4320425656504797,-0.22347642159237607,0.15499081949696003,0.15280482801569012,0.15191507959755
Multiple congenital anomalies-hypotonia-seizures syndrome,0.04441216675899251,0.018372919130491064,-0.04956458527334856,-0.005387679185864986,-0.0063636066317728215,-0.0002290629957097507,-0.32407699479181334,0.03964466158717373,-0.0302688905591864,-0.4245888756307309,0.33506254563747767,0.043808641003137236,-0.00035047555282419733,-0.008248029846742255,0.19070486501917427,0.2192192092752491,0.18705973001791654,0.034949367188017,-0.0220413847145741,-0.009465624423416523,0.028939536499677915,0.02858279402343133,-0.02518556825212822,-0.027223760383632615,-0.025875247769203243,-0.012777668406249752,0.06780589093214986,0.23161160466890818,0.24157056676303523,-0.024317789552412313,0.03970707754694344,0.3363222198091348,0.3048425926940878,0.012075286319491108,-0.01885898882270193,-0.01508960040217743,-0.01073536354071505,0.022439401052075293,-0.020727007298869258,-0.01766172618350892,-0.013299864288003522,-0.02271885798102923,-0.021587929430824795,-0.019184319179955934,-0.01878612961567801,-0.01838414880342456,-0.016794262127983788,0.053162451345690795,-0.023351007901257062,-0.01980932856543522,-0.016624849726870353,-0.00784892569470282,0.001328747482819404,0.0062278236491829266,0.008634206149922975,-0.031669320425115895,-0.03250464311145502,-0.033804106480206736,-0.03160227147643006,0.0636361816501772,0.35940752630237705,0.2187187917124947,0.03541529588389632,0.024619370634306206,-0.3198981050200646,-0.3001569117070999,-0.07971431270507191,-0.03875501987201617,-0.030566799570914474,0.014760399454971289,0.03687926626724821,-0.028854481319605038,0.01206483856062159,-0.0003976445274336302,0.0323114671918592,0.025890581888040286,0.038036593054971854,0.01409227321403604,-0.0068077724830713565,0.01206483856062159,0.03180478143355304,0.014587115023033803,0.0037899988061890853,0.019296446069125207,-0.006131257372406825,-0.009080940875486696,-0.20429283007934318,-0.1741887611166661,-0.015719475738836787,-0.007836445367096063,0.29280426552567446,0.3081795412543516,-0.021802595595172267,-0.017440195195257045,-0.037004809181131214,0.00518917848367829,-0.0395262433472464,0.34614052948539475,0.05477808633878257,0.3890658385354277,0.35822729890724564,0.3727616090369158,0.20854173196891002,-0.043915432441765524,0.04087003033116705,-0.016106227183232687,0.4090637436242131,0.41945681398918616,0.4255290330934219,-0.28359422347299557,-0.3492756739834139,0.005263504145586845,-0.044274881796319866,0.35499099758578245,-0.0043847812373452874,-0.19118622977819524,-0.03668765662767852,-0.3232928200107478,0.003618440957042667,0.02241340999423519,0.32096066180169974,-0.01951065699613002,0.05125861008540836,0.17939746125154468,0.285485500054032
"Myopathy, centronuclear",0.021145353881673948,-0.08487627596441236,-0.0886119048940873,-0.039452354192301455,-0.042254600007499324,0.001368631149214654,-0.02575446994222183,0.0344265169936701,0.028019926549268458,-0.026300354583232807,0.009323724291656812,0.08309696539466577,0.009266467164683148,-0.07297683737569453,0.07392359320430145,0.07246889099665453,0.0507544917714322,0.08334224673166143,-0.08364224249315143,-0.01455899367927522,0.042121126756556965,0.042487875668663716,0.017894040411403557,0.017935496299344156,0.015280863857223586,-0.06699092579329416,0.006321886532773597,0.009673917506988467,0.013033851198345736,-0.08730200222131472,0.07146075792452301,0.12796596851069783,0.11517905766514273,-0.21746224775198153,0.023433689433008418,0.026489265410804468,0.028259861003674457,-0.240804597819505,-0.01188226173554989,-0.02240099514770421,-0.03129838454876666,0.009470165115045103,0.005972458054955802,0.002654649326955739,0.005319429268416028,0.0013080570420962146,-0.002025597398851696,-0.041046413162725545,0.018948708596731898,0.018915255928609362,0.019290911378923446,-0.08889558015614106,0.029690414050965366,0.05495008899472367,0.06270071159815534,-0.030584506322780362,-0.009298799999288164,-0.014214675405560855,-0.018560591436892558,-0.1533822662386956,0.027341058204302077,0.023552116965272,0.016380644422477296,-0.001941564296489613,-0.018078107776478468,-0.017106795979856333,-0.014238720632283342,-0.36101816824753824,-0.07169875135556157,-0.03820793106013582,0.004839821906366644,0.028225753930671452,-0.04223257505119348,0.0686066998928366,0.07088946585478931,0.07569906541871299,0.5004295958718715,-0.44825729062076425,0.050309266956527446,-0.04242024041662088,0.03843869935527528,0.12792620348446912,0.04560312692681572,-0.3051352495207702,-0.08649166637494599,-0.07600593534876311,-0.029159122496908555,-0.061682330031608064,-0.009548733980638225,0.019524906714000347,0.0398590587427397,0.03003765627986519,-0.07578444976075484,-0.023932891596304125,-0.021027455450892026,0.012575887981329689,-0.03382877889563161,0.007159009122765149,0.005056194031896293,0.016145887256794937,0.010327116839263914,0.01698126876562903,0.0015946204464715342,-0.04343360423853858,0.29701945352525544,-0.06565615732337693,0.12089032177291488,0.12348180402534005,0.12496063471762565,-0.08452024951409559,-0.015162856402127684,0.023110334306132966,0.057780266891659354,0.06306418117507834,0.37437084820983274,-0.3354222200936905,-0.06591966920973698,-0.047451481676131314,-0.005213871701013022,0.06528504925967973,0.05297290512468872,-0.0337760065059376,0.003263951291510414,-0.0014101772517944803,0.013846446245181719
NABLUS MASK-LIKE FACIAL SYNDROME; NMLFS,0.03552603986265694,0.06656173525853852,-0.046402439427177755,-0.040854021021998525,-0.03881063560656986,0.006185484057458058,-0.05321763457708973,0.2953195027970814,-0.00998200018633799,-0.040573961580616234,0.013058861863213414,0.05349272813978423,-0.021093477336346984,-0.016718735408986222,0.2565887213437465,0.27893788263109176,0.07156927324524506,0.057602222696987,-0.05277288413492204,-0.01793915729477801,0.017305024767335794,0.03375180903033851,-0.09907903607038893,-0.10212912476034881,-0.09739426896152188,-0.01104250519513774,0.013981592571361732,0.02002405646086641,0.024774477562766194,-0.06174094731407481,-0.0037257190531104364,0.025108154538887484,0.04078321220165878,-3.4153881389731866e-05,-0.06925665306381483,-0.06908562630927216,-0.06736402103906601,0.017800875995123266,-0.05255984662562493,-0.06072109638258362,-0.06386326781196257,-0.037959159636329176,-0.04486440561671838,-0.051000404924086376,-0.040524351323575084,-0.04974592705974903,-0.05610106791523454,0.01581718948793697,-0.05703103585181895,-0.05916490419872218,-0.05997056561976429,-0.04263413574177999,-0.2831983769514345,-0.08534736044217844,-0.04798725360082004,-0.020751138770968028,-0.0031027366236868244,-0.012040843958226785,-0.022102670901430706,-0.026870031305015397,0.06424584225788411,0.059499433429863205,0.049083805712555925,0.010825103159437808,-0.04916883804671318,-0.05122018413735669,-0.04982605746753247,-0.0173936251692483,-0.06741474129333691,0.026254165464620415,0.017275726044413454,0.028883574015421548,0.07740066474939099,0.034793804994922954,0.007638412220715835,0.0132881502045725,-0.017202568525784886,-0.008185655538302018,0.06473769539932159,0.07718122561195988,0.0440371724946641,-0.013872296949575756,0.009728424374523132,0.0016802821010988868,-0.059123672871194625,-0.03846401305165148,0.015698407512963457,-0.0004787298216552364,-0.008299377126783112,0.01411077447572764,0.040180796953878654,0.03304652535706121,-0.052373262575235204,-0.02835522714424607,-0.0138329398916005,0.022202033312885044,-0.022375366129316444,0.005505708957015301,-0.001911982017780603,0.017535513275945186,0.008435339981483783,0.02047194423742061,-0.017494019090104812,-0.03127561731807822,0.07363576801747612,-0.051502262434386756,0.05241980593163004,0.052789933412096375,0.05264134922645844,-0.05306265863765446,-0.018511099322370446,0.012527187458108376,-0.004233684505881747,0.018183453119043274,0.012074856789703487,-0.06110865271643486,-0.03349841660157806,-0.05324571850031038,-0.02427625979487747,-0.04928168056735679,0.3024455847061857,-0.057270036181488376,-0.030940036704158902,-0.032193953410718026,0.0035354654896779694
NEURODEVELOPMENTAL DISORDER AND LANGUAGE DELAY WITH OR WITHOUT STRUCTURAL BRAIN ABNORMALITIES; NEDLBA,0.006397998662418947,0.003534212939748856,-0.01005821273296417,-0.03103998362592583,-0.063857086571715,-0.018270903680819343,-0.03662394519537853,0.06248281779341769,-0.3337490600313915,-0.009066491927209867,-0.0223739801982906,0.3298387802739063,-0.010391113136237843,-0.05062587631298729,-0.007853865227738125,-0.008273790286780103,-0.00648411815380606,0.06548057125058156,-0.04457333275506539,-0.0009035912513893987,0.03863710537410202,0.025545218464855,-0.015807072519743802,-0.01854264925498127,-0.01873614141054585,-0.029997618294409435,-0.044290299786823986,-0.041012778420355396,-0.036541203529907335,-0.03242784566886712,0.031359364937249605,0.06291920413406102,0.051390161371299876,-0.03870428468255587,0.07197972934813313,0.06870266775101343,0.06370955961202315,-0.058749407452621756,0.056254099499065555,0.04962032633704604,0.040477673872042076,0.06689219543471088,0.06385485752129226,0.05883734314100608,0.06689711309880478,0.06254594440445578,0.05552580106887497,-0.03980725418798589,0.07161620716472183,0.06859608845027367,0.06483427165693434,-0.042581022764185725,0.04452134483181158,0.056108020633616966,0.04481553978383552,-0.03799435263829258,0.0475085750754821,0.05348117520592306,0.05531066531397377,-0.021896481004051765,0.007645344792101855,0.003976425415122688,0.0006988963083875821,0.002511348507330113,-0.0003039946646653594,0.0010358199160568613,0.002712771741531972,-0.03819201204232991,-0.06645639901722089,-0.0013717353695546152,0.37043075137433823,0.012939323036167386,0.34058348143233236,0.050653058156674174,0.09198743736534926,0.08930748826744281,0.07518943622922654,-0.0040418458411382065,0.055235478678494584,0.34058348143233236,0.06881955640650884,0.07606989048305011,-0.0017111381477894734,-0.0060424208374617455,-0.07022948944503683,-0.055938816449846544,-0.07763367413516194,-0.0941651944328785,-0.05503262929290918,0.019881782557747536,0.06144012487863117,0.05948289388833565,-0.03994212880505099,-0.021186764567256138,-0.0735105172189219,-0.001459441597774655,-0.005438279537824889,-0.005814108148891353,-0.2616767422468557,0.000667848207401571,-0.0018202131097969643,0.0311357107503686,-0.0011548570185669854,-0.06442125613256133,0.04557033416069397,-0.036752219090511865,0.05366656034159781,0.05528773528563332,0.05517920227824459,-0.048682774294494295,0.01859863252935906,0.04224534598466061,0.06836497922853514,-0.0016652163631797404,0.06692857600494978,-0.07838369599465835,-0.029369766298679836,-0.0023222498963394226,-0.0212247955342063,0.08010571389167309,0.015685808124433015,-0.03900288817085566,0.05049440596223901,0.05633317564975183,0.061002499030884456
NEURODEVELOPMENTAL DISORDER WITH DYSMORPHIC FACIES AND DISTAL LIMB ANOMALIES; NEDDFL,-0.4414910853376598,-0.009133721839495358,-0.05569508252612566,-0.03911176917164179,-0.2719688718742386,-0.021561291224582165,-0.2903838864245613,-0.009287932272424021,-0.5106674642453632,0.31816996463303215,-0.3700962253229991,0.4459544943972886,0.003778401159418474,-0.1939922451919025,0.012482502002239052,0.014706294342555484,0.011829243536368866,0.37244596342753017,-0.19836209186275042,0.039865667575556187,0.4767384863809885,0.14436434144759097,-0.04621653943068587,-0.051088893351160604,-0.050590914250168886,-0.028063037995165244,-0.006612484501463239,-0.005798145032321338,-0.004840502124699656,-0.20541467876343683,0.36623326379976096,0.5038717573362383,0.36826744837967407,-0.03824550794918744,0.028925585039419603,0.02604401540069584,0.02223663506072347,-0.040814799096317016,0.002804986960543945,0.004239557723985973,0.005166521609808111,0.018225173659999837,0.016331742378888715,0.014197580422128762,0.013331895049454909,0.011468510899815898,0.00954940466548032,-0.029713303817322716,0.027205457360482393,0.024977065734138184,0.02200350686946018,-0.1915126286325837,0.04101053107637813,0.04665565743201482,0.033653060552819476,-0.1826407180963751,0.05154688906407369,0.05920350957046589,0.06199174516388723,-0.12427226514571471,0.13155318897249751,0.11887308031782709,0.07608791667172911,0.0007910021243387545,-0.06465564129548487,-0.06161296070251085,-0.052877697103172576,-0.45304979910078874,-0.20821727473737217,-0.3584383438132482,0.5630436601683766,0.002478381581146936,0.37969896956441057,0.3436040309695146,0.45251124837686996,0.45349059167946343,0.0413637197729372,-0.055775089089914374,0.1785145871065699,0.37969896956441057,0.23176342130100888,0.3782114991936428,0.042993298998566166,-0.0045207721596429995,-0.24340021592748706,-0.06246912807430342,-0.4617041530925083,-0.510006614713572,-0.036781512747836864,0.03455456107707745,-0.037878600958296246,-0.03298038626012574,-0.03670750609179419,-0.02592872876574755,-0.48257549293609775,-0.020536852945092384,0.2208123886141373,-0.4563521760231262,-0.28124817080558323,-0.4508254626520907,-0.44138183741436393,-0.3994965774634667,-0.2855224560771516,0.04447575439298957,0.04280670333990103,-0.038839887498975885,0.239741211355362,0.23730840388256344,0.23186159676107657,0.030726896609875376,0.3645167815495547,0.3157791666925217,0.5411275022095271,-0.05858058682790023,0.6475953885432597,-0.012553464411343642,0.028656766956751168,0.44463474558039756,0.4366785316480737,0.23374068696352646,-0.0273138127711366,-0.30571918544144705,-0.042032657352016174,-0.05295639015359611,-0.04402177872936756
NEURODEVELOPMENTAL DISORDER WITH DYSMORPHIC FACIES AND DISTAL SKELETAL ANOMALIES; NEDDFSA,-0.01838718155304051,-0.006246613523197053,-0.05931506340103697,0.0015781068988987223,-0.040505816325745916,-0.04121593210607256,-0.0037668356592689806,0.39473927087180316,-0.2292554222525881,-0.005256267274952604,0.00875194564015152,0.28672058694439534,0.014872325215508814,-0.2265532436118961,0.21220179497052324,0.26434623333887036,0.24689799279881136,0.01207877446813258,-0.23208549730982245,0.03046808041168756,0.04964521630972548,0.001141839465352999,-0.015508751461019439,-0.009064723931587068,-0.002757183473798244,-0.0031856361717032496,0.009025016683367483,0.002119124222996831,-0.003388492832597605,-0.20334010596010757,0.3543509196298933,0.4208167741297724,0.05976714089356144,-0.027594814183207125,0.026251854084132945,0.028039757485061087,0.02974603138420817,-0.025229863220415535,0.006957116904352529,0.013511538605174208,0.019144606765037084,0.019404209640618297,0.027113733976573955,0.03321291295972139,0.01740378370656756,0.024923719739147247,0.031190652141094483,-0.0048749746476020065,0.02403805671499906,0.02826532251267519,0.03187665724622324,-0.19907724983801767,0.012054793132482927,0.005055026024419782,-0.0021765616056153713,-0.1707438682503933,0.003419575964026684,0.007114657782667677,0.010658579917206625,-0.16498817623988227,0.0033095776059728402,0.0009141725080616188,-0.0011678121562263266,-0.0031612884187701487,0.0032014849885440527,0.005455722252533804,0.007973302770327425,-0.39419068659776585,-0.20972963702003608,0.004741563413379887,0.03225799715463338,-0.04469492055052225,0.03766517091091619,0.0010024163862398343,-0.030502240108034564,-0.022257847336533517,0.03496448371847356,-0.031964355770366305,0.02355847745721458,0.036959439936981496,0.014609149645329453,0.026142684854419788,0.02902912165605774,-0.0002042462432630194,-0.29505042361867895,-0.28194588628923156,-0.014774599587282387,0.011612563116892677,-0.23331768390983967,0.0684401842240963,-0.020837014939392915,-0.02563033598398315,-0.2131976522873319,0.0038236748691820193,-0.04072209058348685,-0.020869445589133624,0.03749244318210695,-0.05790902586983547,-0.242056632390196,-0.048404655928407356,-0.053515597645546406,-0.044823519868492964,-0.04293192102756097,0.02917315715434381,0.30370842772855755,-0.017451205677590186,0.4468037218669156,0.44469537939173737,0.43774620122413327,0.0007219303439513715,-0.013582493678794397,0.0015078161683833825,0.04582099647938338,0.04545021438746497,0.5284116705573363,0.0055675908619167375,0.00262603613646904,0.009968850757930229,0.21691100151898968,0.01012821309114299,0.04662559039619032,-0.34391847260972935,-0.011042717939681892,-0.012860314151317569,-0.021090921936828762
"NEURODEVELOPMENTAL DISORDER WITH DYSMORPHIC FACIES, IMPAIRED SPEECH, AND HYPOTONIA; NEDDISH",0.25573740362666264,0.2575239966054474,-0.008676937608082073,-0.013024029929632704,-0.04337301736176212,-0.019347337095660156,-0.053384460931166194,0.07000365903013493,-0.05423461922916147,-0.4897693534879916,0.41294629977737246,0.019705035613582927,-0.02033063893139554,-0.06452306094973238,0.04825759011227826,0.04580072746140113,0.029295898711443807,0.023505894658822832,-0.039516334129299856,-4.459902964543947e-05,-0.0025072992034195656,-0.001574515842125082,0.03512288288500875,0.045543744134180705,0.04942655441507761,-0.021912087528907814,0.06907490495605609,0.06664347186228704,0.06304138701309014,-0.020994035447984002,0.03016078235841785,0.046821258991535865,0.029658760781640977,-0.0024834972622017355,-0.02810383625134428,-0.033144770707959105,-0.037380663688009144,-0.014932311494432825,0.016377879631217642,0.0126959761737886,0.009095132768338142,-0.008645369418128417,-0.012676855098309967,-0.016166954957761357,-0.005918421541176825,-0.008404863780170578,-0.011200322368639855,-0.008956939674684881,-0.021544317377409486,-0.02621512972351666,-0.031171436214597913,-0.02239889112886199,-0.0395778254223076,-0.05835735293415827,-0.052564647011836156,-0.039680100321775824,-0.029004213724825603,-0.036656414801764854,-0.04048093090615089,-0.0007711612399999363,0.006216048823388255,0.008471115797063078,0.010010613819343126,0.00745913088407644,0.002757467216385071,0.0015822065379817768,0.0001481181130991087,0.026909087387901258,-0.04425399211759975,0.3689805088472049,0.032462854561082326,-0.05042979034296968,-0.002140564204150977,-0.02909699751534699,-0.005118262815862097,-0.010208045736404827,-0.039470110217630645,0.06255601388121412,-0.0025877941033279413,-0.0019784343007441646,0.03859736273185581,-0.029714369142964676,-0.005567698252790184,0.044150813658021745,-0.008854131492186895,-0.010711582204322697,-0.0442447030832179,-0.012524605255528247,-0.009087499556510255,0.0005784390981361947,0.06754828957531253,0.06711438288962585,-0.04130934198550448,-0.002298811802153576,-0.009358579664276384,-0.00044461028246280425,-0.030153049301640127,0.07374054048568898,0.013265506458383161,0.2676873009758309,0.07554914609042536,0.3262753020761684,0.031437891332717335,-0.2227065563028485,0.06388313252838046,-0.028939332717919448,0.06336950449503656,0.06312456448534322,0.06207613382894238,-0.26749848734569653,-0.4372098765294842,-0.01916597558188453,-0.23292882941703474,0.3667699903486223,-0.07146030986661148,-0.05099042184941266,-0.047824519939870656,-0.443793907857904,-0.03945132217119855,-0.022055164030106166,0.5187520574031503,-0.02294544768737405,0.05079150046013552,0.06553458293009198,0.06963023337560108
"NEURODEVELOPMENTAL DISORDER WITH EPILEPSY, CATARACTS, FEEDING DIFFICULTIES, AND DELAYED BRAIN MYELINATION; NECFM",-0.007624839814340645,-0.0009503996501271339,-0.06479014396007249,-0.033199956441557675,-0.0556562526610542,-0.012051540162155764,-0.07527664000307131,0.0002971303681455933,-0.08932355083882582,0.003091027523318255,-0.021072669308415462,0.06749577733185394,0.002954979989852305,-0.046763255784328724,-0.018664171504040022,-0.011445930932924554,-0.003558868230895359,0.025438191435241085,-0.033664188325575446,-0.0034787996046211343,0.03380284152775207,0.025117398809599328,-0.009210467901208323,-0.022727041040485115,-0.03440246367047363,-0.004809232254216349,0.02116680470751256,0.03000297996404187,0.037286215633276346,-0.019265278063937206,0.010135146359627555,0.04960345929529003,0.055197409122466026,-0.03620699177709602,-0.02545178739815315,-0.017485414289480194,-0.010780169321210106,0.0803419319574978,-0.02772887934045381,-0.03606042262189748,-0.041632823049554554,-0.058516422936475423,-0.060415632607595776,-0.0629043233391314,-0.04565594581107548,-0.05029613414655032,-0.051229474256343076,0.028596803390084836,-0.046283747442864634,-0.04517483903398194,-0.04124599347039099,-0.04343019582551028,0.04277713466442897,0.06769570454914874,0.06743002449534226,0.0008984803728412543,-0.04874105988787929,-0.04717298964156573,-0.0388648296170561,-0.026325856069139553,0.119805097872693,0.11810980915473934,0.10953709167325258,-0.018644035391772062,-0.09564818928914924,-0.11587609334171653,-0.1277973111463274,-0.008208505039756245,-0.055022136232746134,-0.021324481924173175,0.33080707180076385,-0.026123147699746958,0.30308936451033264,0.0785655395624964,0.06961760616182533,0.07535136781084054,0.009857140566289847,0.018529974618747214,0.05145123517877824,0.30337928269610626,0.04911643990307427,0.05516047140967019,-0.028194694586609118,-0.005660087304573105,0.03037660654224871,0.04614138071156222,-0.10775583821743229,-0.3395386149676089,-0.016211414591696154,0.04211400746378089,0.014315169375046653,0.01490521162563973,-0.01501371208121114,-0.03145422306358456,-0.09573063131397139,-0.0020814649898066744,0.028862368522109615,-0.02306467633255021,-0.02113433655558751,-0.012527894596692022,-0.020253593243316784,-0.01911651754234533,-0.02981198432336886,0.036057693140478096,0.0379905322660583,-0.012187575983940907,0.00705928914572189,0.008126263865005692,0.00882025693700059,0.02052090732019422,0.018842334666419585,0.08546245407225439,0.036467154302529795,-0.014912190054763713,0.04198595412360502,-0.0018128612430604702,0.037559058178445785,0.043587054798062456,0.022970107331588697,0.0848279575582859,-0.005645651186661978,-0.06804930501353601,-0.003380165986848204,-0.005627397598938028,0.004703866635994506
"NEURODEVELOPMENTAL DISORDER WITH HEARING LOSS, SEIZURES, AND BRAIN ABNORMALITIES; NEDHSB",0.0025050710478664653,-0.0537152337313227,-0.04600071099931243,-0.02878169786754016,-0.04144887168801934,-0.00484661029045446,-0.22191812238513273,-0.0016053155335598668,0.0016352100303580698,-0.04287103059757306,0.025361636326432013,0.09450797128318537,0.027643769424625913,-0.05467876279173908,0.016307733747663897,0.020830253031253902,0.01830630002955225,0.02075071739122621,-0.05802881530395912,-0.016092514566120625,0.0034269307452055664,0.01792154085823094,0.002986689384385295,-0.0010779881558923951,-0.004843864134573979,-0.0027675906584684854,0.030892148077263634,0.03134447263483282,0.029624022301444924,-0.053650246878777,0.024848085704567098,0.05743417779096242,0.05314235299752897,-0.005964832031469828,-0.01972280961037162,-0.014825962082858597,-0.009981007001863175,0.007871973820705726,-0.05424622926864993,-0.04385921804003905,-0.031856733156608585,-0.02981395568227598,-0.028890392428752475,-0.026087135973373497,-0.03238020720552156,-0.02931997325426523,-0.026809888329050326,0.003874701245596883,-0.022730335755796693,-0.020915777853346314,-0.01726566442414214,-0.06164657024372057,0.03222705182058866,0.049523628309229725,0.04644355929604434,-0.013066710927671659,-0.06016852904606311,-0.05005475775040485,-0.034104193532467755,-0.0006714870638800985,0.02190002065661961,0.02544932575540628,0.026003540315366797,0.017904887413149218,-0.02841157185328497,-0.02797366064681846,-0.02535387654155485,-0.0525457909026923,-0.06433318589405884,-0.0011894781429902426,-0.008539654194610526,-0.04381104995815033,-0.010558741191974084,0.033841774137642534,-0.021952646795439852,-0.008883700109787158,0.045316014604365726,-0.046065382571160295,0.00025288094675938793,-0.01061314007806737,-0.005461222094746269,0.04209310526017274,0.062149174440553845,0.016549588826858877,-0.01135799224175442,-0.012011467787550382,-0.03309622358993885,-0.004568890020454411,-0.01293759895125882,-0.014467708181873833,0.27450149280154507,0.27556491390214516,-0.058702024105930686,-0.012936421620763595,-0.011436346363092202,0.00717900272165915,-0.058318194383873756,0.033635694744766985,0.006074161211092751,0.04191091331365004,0.040726181070108135,0.04880314026704798,0.03556875982357629,-0.05185669357412983,0.06028669285197749,-0.0054278162779767564,0.2871662490969827,0.2918239653986738,0.2932814822738016,-0.053670629761889375,-0.031504320054980134,0.008606773493133503,0.012526925237553818,0.04192053132956741,0.033026138901382895,-0.052060442111839335,-0.031820085244733426,-0.023453651694740344,0.03270758658286966,0.03691276120477806,0.06388522989046352,0.019889128121377976,0.24109109288449637,0.06620651700108936,0.2598307690497723
NEURODEVELOPMENTAL DISORDER WITH HYPOTONIA AND VARIABLE INTELLECTUAL AND BEHAVIORAL ABNORMALITIES; NEDHIB,0.012129332733001008,-0.001979979647473393,0.041478385496857575,4.282007883055642e-05,-0.016349474171036892,-0.014167055116433718,0.009556907612323624,0.40131478438756213,-0.062285927044657276,-0.019120868120836153,0.026896276837747334,0.0015591647706693838,-0.040583110449828416,1.4485450205221628e-05,-0.0032764001054355,-0.001614927172210914,0.00016600642221306687,-0.04088134594196231,-0.004099781718671247,-0.0004717962969947799,-0.004942635303780445,-0.002321548685231725,-0.01676134738128314,-0.020728872767960586,-0.021774708260198096,0.09248551472951247,-0.018109800658069605,-0.015389335652406768,-0.01261754544873357,0.007829020846280085,-0.003929112887959835,-0.007663266817714604,-0.005183413963888048,-0.00846702351135692,-0.004969654628026822,-0.005890147200263099,-0.006597688175249002,-0.030646036951445393,0.01502533314437687,0.016320368872759974,0.01662242990520458,0.007729101216672563,0.008182900100299996,0.008455302411970659,0.007113952179974614,0.007572489227723799,0.007654550639821403,-0.02763949935219006,0.000764814492373927,0.00055778033434976,0.00032884915245958796,0.0016827019048607434,-0.02237105139769465,-0.03551131329248406,-0.03226097550112161,-0.030269237679546333,0.004501068264014353,0.010339257186890705,0.016598136797992772,-0.02633357190559903,0.013541799663961074,0.01004390115931286,0.005775376506976174,0.0017980967175013798,-0.002215918884346774,-0.0009677734640904776,0.00011686710562111859,0.029807088799491708,-0.016550277453751837,0.05538537239661322,0.03586911724632078,-0.022893081534738294,0.24948692907589348,-0.2319134113413243,-0.011971932886564046,-0.02720674159963095,-0.0037151179114774725,0.000583768548665458,0.030538198803577336,0.24948692907589348,-0.043037343167878224,-0.049238420827749145,0.024504510405381975,0.02651921250353527,-0.21573349067391373,-0.1957553016195639,0.0023376295302740234,0.0171458924836399,-0.02266876106917564,0.03337544456818115,-0.04261692840639932,-0.045523990787727925,-0.016249924250449573,0.002920566979309438,0.013856113054849043,0.0007890112446367551,0.020353496963678646,-0.056758368447328525,-0.035401696190475174,-0.051483031925143294,-0.057272160756244035,-0.044834043311212254,-0.19940637329317373,0.017135815022815085,0.013581743382715577,-0.027207381620389385,-0.014859751589386525,-0.015384475759841526,-0.016005593332279383,-0.032700044690829246,-0.03078404425290794,-0.0530927910313549,-0.03969943864169963,0.009098283164767917,-0.01117834499228247,-0.004752843720229403,-0.030500703074676037,-0.053082672596563636,-0.034919039789976125,-0.05353813542961402,0.06999780858818372,-0.4067698626512342,-0.036557471311698994,-0.03282538244459541,-0.04233655537760658
"NEURODEVELOPMENTAL DISORDER WITH HYPOTONIA, SEIZURES, AND ABSENT LANGUAGE; NDHSAL",0.025323713947717267,-0.03234487905789198,-0.06709986968871938,-0.04218705241282174,-0.007513626835575565,0.03140335166015109,-0.012061228701129972,0.05717169675422402,-0.009664525034857535,-0.03373493922666227,0.025101820557501524,-0.016305698493284934,0.02533222941778133,-0.07982644813624568,-0.018954795794916258,-0.02936572496599846,-0.030493365062176397,0.0029692889503501823,-0.015648178812479135,-0.05388713537846484,-0.0021211043559979624,0.05227328691189116,0.018595245807406117,0.02668603721730182,0.030362976785006213,-0.01593242580303075,-0.02188846433579381,-0.014679196675849255,-0.008909661504053226,-0.0007795818329564756,-0.020350113708450718,0.050016310251237525,0.09421103131350377,0.0036039664202576187,0.030496976557019766,0.04678356814766472,0.05895400715260361,-0.00674106346232722,0.036709085452377666,0.03177382335300227,0.023069266490924854,0.029219159240190997,0.026713440460417865,0.024330033581946978,0.033444807101068535,0.03013221754962434,0.023939261032638506,-0.001999247318255658,0.03068020073511073,0.03755897360301192,0.04305042767386334,0.00513892210709426,0.01217135884982178,0.05943165161430602,0.07825585357914616,-0.012964101857708573,0.005057170586853845,-0.0021920796040160078,-0.009729645459066107,-0.03823204231287236,-0.009040209762182958,-0.0145458490402183,-0.018145591829949657,0.0012975333150665551,0.016633587743874207,0.021383913960773795,0.02541096916181648,-0.0052200680690343655,-0.01532457071310252,0.022854533066334132,0.02972485253712966,0.01654227142464242,0.02960200532825358,-0.04373059921280756,0.060669878900505306,0.040917086639339656,0.021170216014299355,-0.0004009140937927283,0.032017828636400424,0.02928715278989087,0.0033262718173059256,0.029200231189326728,0.022047592884200655,0.018563870783085534,-0.055088261842015256,-0.04615066706458976,-0.014991174068778892,-0.038332089053345744,-0.0532470139982843,-0.028918997289604814,0.014115171021286904,0.012620327568208646,-0.013536076209399717,-0.055549193921804574,-0.027419463557985246,0.04345638490717616,0.023934990248832392,0.0301791343673016,0.0014120923959841972,0.03787072588046045,0.02970040850101493,0.025077918102120116,-0.02266135013865136,0.01331052670726454,0.013619624564713072,0.008835127053616982,0.0034580959846869617,0.005603125307756629,0.007964934538128219,-0.009264922644568553,-0.026733478540233054,0.00113072433819164,-0.035513884514558086,0.01722138903817344,0.0029866637378493975,-0.004125601697584893,-0.0016041357409204919,-0.04258283140033152,0.0035333709832371793,0.05234801433802796,-0.017285866506591578,-0.0374429943459748,0.0019604245434618993,0.006920264668081103,0.010924113686468102
"NEURODEVELOPMENTAL DISORDER WITH HYPOTONIA, STEREOTYPIC HAND MOVEMENTS, AND IMPAIRED LANGUAGE; NEDHSIL",0.028423523489946402,0.00011597931358066123,0.016297787186069845,-0.012518627647402435,-0.026444903188381032,-0.004494618333736883,-0.3638991534900674,-0.0010027180596374056,-0.013351232495858656,-0.09654833450077834,0.0485642480027265,0.07158467498393946,0.03435688924911803,-0.041662449761883505,-0.03109803142398523,-0.020855700885779767,-0.0075650530831622405,0.009609509444993142,0.007500872656167298,-0.006999329296851055,-0.03387510492503869,-0.008333321845590932,-0.024039435940442694,-0.018349627578630765,-0.011691026741879114,0.05288777616830015,-0.07445959362673238,-0.07674432172157244,-0.07637733996536748,0.02155034405206488,0.01168955905965771,0.02455694684981911,0.01824644325129123,0.0025423234640511313,0.08252547780459413,0.08737833523534089,0.09033680051388737,-0.032440259491172616,0.06531574181626207,0.07019732763990773,0.07089621417105124,0.06273407341530447,0.06639847283418356,0.06778170682425114,0.06409867699369669,0.06801106342286384,0.06903597619676473,-0.013823488755859707,0.07402088173830373,0.07788195614558008,0.08036646705646705,0.016604276502503096,0.05263828530534286,0.06528601672717547,0.0491836325252693,-0.03636259811576034,0.014266068248996422,0.01891266738794155,0.02282062572154355,-0.020656699176274846,0.030504948992483728,0.024850879332204506,0.016601080069639344,0.003201020698221523,-0.016851552151608162,-0.013574674703524959,-0.008929651416911377,-0.01375357232355912,0.01635974167169255,-0.05773684763219051,0.04447928472431051,0.0018296488863010722,0.09263373368819948,0.040039048321810974,0.0644571247077189,0.0646461621756294,0.005601133587574593,0.06541588703340616,0.04314119653114384,0.09254366078782535,-0.00198189263954824,0.0011718361411796518,0.001083853101380193,0.060033414418050476,-0.4578877892485919,-0.43679380396110745,-0.07008889151805874,-0.07423577908890788,0.020341037006320294,0.006735284185011122,0.464236237392897,0.47853697139075196,0.008750050341761927,-0.0027839295018692004,-0.056972396126734465,-0.012710333884566381,-0.07558516739296527,0.3480590273234195,0.036300560298269106,0.3684389634704439,0.36147641966023425,0.3933742175228992,0.31620624943965003,-0.07873533448403845,-0.012370097838393018,-0.024544116804744602,0.10041321906024178,0.09946410882234935,0.09822406370095005,-0.055844318176577284,-0.0473415068253865,0.03707679287729146,-0.01261990306226077,0.05367124242179492,-0.02964469457384235,-0.06575236266332529,-0.014956849639269963,-0.04978978045987126,-0.002161165638691594,0.04866438133167101,0.04452122272419775,0.029759978908472515,0.36867869854409824,0.37576413948599646,0.4924324695970712
"NEURODEVELOPMENTAL DISORDER WITH MICROCEPHALY, ARTHROGRYPOSIS, AND STRUCTURAL BRAIN ANOMALIES; NEDMABA",-0.012502947386334312,-0.01373907077354238,0.04676781589920434,0.011288190223064033,0.0029583195216477593,-0.009084835674671892,-0.054158709649313505,0.023846843001928103,-0.08608619800371309,0.011802247485420978,-0.025027025244938245,0.09667547792510217,-0.0017610666446881609,0.0572229954293083,0.0055512046365486095,0.03447972991253661,0.04663233681443986,0.057975290542958746,0.03171217842106395,0.016540549521343397,0.03145184479867154,-0.0021123758987511214,-0.06159761782584611,-0.07383787967178049,-0.0762952800347065,-0.0010648665482347872,-0.02426852613843067,-0.014515078368941881,-0.006653652274888062,0.02130077716016811,0.03896439235209741,0.07074094865888092,0.05254624278853223,0.0029462987844408486,-0.004178117506958474,0.001728901968680786,0.008522365522640572,0.0444710081224299,-0.017233426208451762,-0.006295349742594676,0.002504937870975053,-0.01064674411738772,-0.0018114590530995927,0.006092306152002094,-0.010813477737161634,-0.001967736323103707,0.0059987822189933255,0.02127363790253798,-0.006660026340799194,0.00031081557365714353,0.007734667646991016,0.020850235566560914,0.011382458132401735,0.009958072018516465,0.005295945207464399,0.05546017576963624,0.0005957242748260646,0.006236167014118776,0.013187325045420353,-0.023809851138696214,0.017382750493444406,0.016612930754340217,0.014372340298812,0.005617244227789093,-0.010895794447854655,-0.009029898771117085,-0.005938593874937534,-0.07384992425797239,0.006051320174655004,-0.046516594550059374,0.08675648632520273,-0.0065809841733706805,0.09609072724935426,0.0052432674050702155,0.04315363689505936,0.0374103710233459,-0.012579701443137612,-0.008322294057966917,0.011120050629821672,0.09609072724935426,-0.0005403834166209519,0.012393877522359171,0.013382639930481692,0.00499141224711765,-0.08606552032257224,-0.08668703245088161,-0.055140092646565185,-0.05228790158267216,-0.04547561636975382,-0.007587498798241146,0.07463116368821947,0.07364689350170135,0.01849435149336825,-0.0013656752658649726,-0.05248412037617508,-0.012452645252030502,0.01206984622247291,-0.0068496634882921304,-0.036163738302185076,0.00107874986866466,-0.0029485119284040425,0.004696633192392117,0.0053811217832977366,0.0015480575821471023,0.0005332844153301519,-0.002040249170856955,0.058931548648243744,0.06288844327389999,0.0658742228755635,8.197459186433211e-07,0.027857656547466823,0.0038959208689071656,0.006730687530012569,-0.011043053982309883,0.09969685495704643,0.005680116716540423,0.0077134643452187075,0.005419282465247926,0.04013680814086131,0.008382537861270922,0.0002697499283163173,-0.039923565458084245,0.04954946948865075,0.0374758193327014,0.0599483247271544
"NEURODEVELOPMENTAL DISORDER WITH NEONATAL RESPIRATORY INSUFFICIENCY, HYPOTONIA, AND FEEDING DIFFICULTIES; NEDRIHF",-0.029197266547232745,0.020743553469359095,-0.021246570865777574,-0.005265083780862426,-0.030602573043136436,-0.019640894839391968,-0.037428673178395114,0.06400900187586207,-0.3499926627377329,0.002165986217846845,-0.006315720944541169,0.050992487627722696,0.026173611959909467,-0.05013384119460841,-0.0038828880456064094,-0.003292308394695586,-0.0017189367834538804,-0.02821098919899447,-0.041256133343835565,0.016968557436391234,0.043324900433262356,0.007524325343654104,-0.019339932362940637,-0.01682163168364543,-0.012779656865331088,-0.003948218168127581,-0.04089879979100937,-0.0419224082813856,-0.04203172573709407,-0.0364938514260185,0.037125547733127276,0.04764488952963138,0.026137851134563496,-0.020808845806346447,0.01987504921155648,0.015729780742383688,0.011222613700348329,-0.15036333334043683,0.0410502996559887,0.03387079407455042,0.02495595814733319,0.035130271967693014,0.032299804591317455,0.029037361717167483,0.03588913388422547,0.03224727554060353,0.027153062626954924,-0.02617314188508496,0.027637460554174823,0.024444659678961207,0.020799852131508312,-0.0368024131539122,-0.007906702953654329,-0.016165345478407825,-0.016977633467727446,-0.028098615991422476,0.027319071895883423,0.027242579848630172,0.024745721055792664,-0.11023368123818855,0.006367471997517322,0.0036947806705850683,0.0008937437942424588,0.000718700464214512,0.0005655466797921504,0.0017802857573182126,0.0032983065823099724,-0.044602430602742146,-0.04628033955824872,0.00509434890623777,0.3117583161266819,0.002292663718828448,0.4111892879783621,-0.013092648101945886,0.03318102055205079,0.02356767348724891,0.045389357831129344,0.016744661760342963,0.03331571617429301,0.4111892879783621,0.0019208106385172265,-0.015682903838735263,-0.023584768972239475,-0.004583570046529315,-0.3268671410581012,-0.3032734229564112,-0.021034902499582984,-0.023628773194452373,-0.012297975564334238,-0.0022856610053878087,0.011698531862958729,0.010883278551589395,-0.033057330354414646,-0.00050091617181817,-0.03238899965803698,-0.009396917879262374,0.016378756569887156,-0.03409865357633948,-0.018583585052608882,-0.024501338635981466,-0.031702821630272354,-0.01033747749069823,-0.046181915947025066,0.001585921891345614,0.04376409076253458,-0.009534511367903842,0.02397937432273602,0.02469704246056707,0.025631203889559626,-0.031125333245306062,0.002442479890996249,-0.02002118214126433,0.00923821344447778,-0.0012308334661949283,0.2496429007240195,-0.026483240888780683,-0.03040010553943455,-0.012483395115339035,0.013755711352953984,-0.012316035218199732,0.007065959891827235,-0.3227237504941884,-0.020864277218616948,-0.018053411228692157,-0.0007696182324632481
"NEURODEVELOPMENTAL DISORDER WITH OR WITHOUT HYPERKINETIC MOVEMENTS AND SEIZURES, AUTOSOMAL DOMINANT; NDHMSD",0.05401533965667501,0.03383161111827832,-0.039015160469913365,-0.04726474203762349,-0.32489519098058744,-0.02683914479403423,-0.03147518840072734,0.41040152215430264,-0.010899890601563924,-0.06534081205096325,0.04602917728274067,0.06110285112424031,0.023800648158435574,-0.05855953206069474,0.03230152744900789,0.027061924144100448,0.014104943771497505,0.08094159210953623,-0.06778193898982637,-0.02304860385032981,-0.022902829080309987,0.004413422277690586,-0.004078928315499931,-0.0012840955628251984,0.0012477514437194068,-0.02149112406056916,0.004391072374394447,0.00466874194863934,0.004643911978852423,-0.06519295823558068,0.04640250130396016,0.27511328592862966,0.07325711109828718,-0.03483641196207737,0.03647738869379732,0.039788279884842806,0.04146668170760745,-0.026749248203260648,0.0466137895055207,0.03777693356042552,0.02649651544245546,0.03312435103462314,0.02957929248519625,0.02509637232110399,0.036073550209882566,0.03177223065402954,0.025645864027316157,-0.011989591470471506,0.03525891357238606,0.0356191411535672,0.03523875168194938,-0.05886610735729784,0.01731734696847864,0.03886229581372289,0.04457903309903974,-0.008600373593557751,0.026178013937404494,0.021556623191496118,0.014474351703263118,-0.014722026178684771,-0.0008699810779537192,-0.0034795889017099424,-0.006344217391499441,0.0012048031417765473,0.010205331001089375,0.013284850036925767,0.01597499775438819,-0.0421934676187158,-0.06018047934898548,0.023760608732146138,0.03468815575011455,0.053008712489822356,0.04658130816084718,0.05416666104660383,0.05561733560631232,0.05910318312972636,-0.004301179246135842,0.00014156732587492445,0.013872049284795346,0.04639744557021764,0.43543541013182213,0.3003595825892684,-0.012837328423506543,-0.013785542512700508,-0.020827848433816312,-0.01623980214973701,-0.0018821965214006926,-0.03539205382311482,-0.009116602660927065,0.05157435176342649,0.023720970250361163,0.02606266971150776,-0.05293638711461892,-0.03284378203908147,-0.31846243693753395,-0.0038874319756652628,0.05352817802338465,0.0027433195392547343,-0.022332055056467126,0.008796946494598537,0.005127398092538864,0.009018400993263979,-0.006618665967036524,0.009191866445234545,0.06969296934911189,-0.03234402123278267,0.2906167051419651,0.29600700442938394,0.2987756870378254,0.012672302644039181,-0.05187687381401308,0.28300903512897385,-0.01304552319961491,0.06324042495193559,0.0476050633394781,0.0014294129953795424,0.048941154458731255,-0.01634127382942328,0.020351369194805617,0.29183000478740784,0.06747750892935986,-0.05078218434949578,0.03226577935013697,0.033854283997292074,0.03147746011705646
NEURODEVELOPMENTAL DISORDER WITH SEVERE MOTOR IMPAIRMENT AND ABSENT LANGUAGE; NEDMIAL,0.03969289646246699,0.011041523320608551,-0.0280632486028769,-0.017039252359299182,-0.039558118549342984,-0.015131611795339861,-0.20904772307999864,0.03898780936007167,-0.045937884942514495,-0.2078018592324603,0.0437097897112936,0.018733034925147173,0.036889458076112935,-0.016860535957068507,-0.028467937108996904,-0.026125782874743375,-0.01536010504818091,-0.00928640154415139,-0.02671792770673498,-0.00934401687506878,-0.009510159548019084,0.0024231591270853945,0.0250349970133648,0.025576683868569504,0.022980002422509433,0.023692738019966297,-0.20547972610814505,-0.1933901150457249,-0.17682310073976626,-0.021750854274698268,0.011384400605874905,0.033893049236277006,0.0330250393031072,-0.03695387667223469,0.1679886965499387,0.17099804296408783,0.16965960542401778,-0.03168479918030847,0.2689521230877092,0.2693161719259188,0.2550400728290062,0.04703074928538886,0.04819951145339079,0.04777347048737597,0.1611241559679569,0.1664676536433467,0.05143577238388658,-0.02685992015980319,0.04982080074277681,0.05029734278870441,0.05015872229641809,-0.01990017912302387,0.02289540165986319,0.028357993577133214,0.02157990616979708,0.009744747369058594,-0.008973333700822273,-0.010508115346920604,-0.010982275130702372,-0.031233561981487745,0.00019500397395500767,-0.0041378405780892625,-0.009985505656801955,0.002395771418526167,0.0070015041913613065,0.012453815140227222,0.017779311103507205,-0.008813577562815034,-0.023399250531595313,0.016600993338521768,0.058919636330140655,0.009097976033944292,0.2796132220770463,0.004222426936704213,0.20495078753586418,0.17723713384188963,0.03178140907057033,0.041663170817185353,0.045980357702694694,0.2796132220770463,0.012445456290331398,0.0025515454946538696,-0.012409486429433729,0.021221274127230363,-0.30127356635002217,-0.2596933165742752,-0.04362714742650213,-0.18165257864451012,-0.004183661013734996,-0.019017715537969514,0.014050051347915532,0.016750454433185756,-0.008346424508243473,-0.01811457027972952,-0.22726812713484745,-0.004767726274031214,0.012597579480150613,0.018306141360046557,0.01664579338391879,0.026982215407925364,0.019464146288505506,0.02675599624048449,-7.150935784001254e-05,-0.0013906096120528068,0.04530486028771279,-0.0330285547535811,0.03685575563900272,0.04132218549290969,0.045633081988164334,-0.02171926194934508,-0.04511288312890925,0.03981439316260704,-0.03844012117971746,0.04208655048926227,-0.004110311364135028,-0.022773808775530407,0.0021293571037891558,-0.045576525943510304,-0.0008450787811519317,0.03267224323554618,0.32096780064652414,-0.18360301607539672,-0.0018308634526091893,0.001026479573241848,0.009869266156917713
NEURODEVELOPMENTAL DISORDER WITH SPASTIC DIPLEGIA AND VISUAL DEFECTS; NEDSDV,-0.018389620527888322,-0.0025306145693782425,-0.04093988689814045,-0.01787341650020741,0.0031243759137764646,0.024761244970021926,-0.04174774696986363,0.04571193921019904,-0.41043107615627583,-0.03837078584131922,0.017281913494737636,0.02631167727930936,-0.008083789697824112,-0.007052448910814898,0.029472133985605917,0.02272894870593864,0.0087397717541196,-0.051552930684203836,-0.031530564658753514,-0.000571797792133789,0.3392888438715738,0.0569793896756209,0.0037728428806729337,0.006987112659011684,0.009927301370124847,-0.00849957134116005,-0.0019362512367179835,-0.002340887131000497,-0.0027918949602947322,-0.030931520592793357,0.00660213397944939,0.051338693869773,0.06128083003331692,-0.030434593178985978,0.03757632319670392,0.043831697706695365,0.04838391357690354,-0.025229031711055814,0.2764351518806998,0.21546521399690655,0.19786560597379674,0.05145022167271481,0.04904322917806055,0.04487612890513469,0.1790924772162632,0.052504417708326964,0.04667890260796279,-0.028342474566724434,0.04351942019714437,0.045407322731950917,0.04680453729412672,-0.019752592053755964,-0.0028748996407001438,0.007205572489912523,0.01749557205963396,0.021226589516406515,0.04803163295756828,0.040407156746053885,0.0282966928005128,-0.16707899215472133,-0.0014219016029760805,-0.003909780297911002,-0.006750086545139953,-0.003592827475333,0.010695521979753583,0.014051945460194039,0.017078596806258114,-0.018345910351022322,-0.035362582776053454,0.03215063242473187,0.33837037058416547,-0.19320616605571478,0.07351416691174271,-0.05397638622665918,0.019069706694909882,0.004215144532697784,-0.002396940445937027,0.302196946965753,0.02060651904193687,0.07278105018733665,-0.23428177129776834,-0.25560152974077655,-0.020290024423374874,0.04496200358926066,-0.04088092858747482,-0.035880809356267016,-0.2972499686761864,-0.046548469768659145,-0.041111838739465834,-0.006302587899685615,-0.015164108910167938,-0.017597388972960277,-0.025494609035940932,-0.023072384333077334,0.00030064676087075226,0.022579403101570552,-0.012509940810542453,-0.02339525418116026,-0.005968781334475452,-0.015460864527058072,-0.021661401601463515,-0.007718065212352989,-0.03672266444690604,-0.012486816341502109,0.043266330008691234,-0.03951169762065451,0.019395517216605762,0.021210675323669725,0.023435860501886393,-0.19614267920290493,-0.018304124016654943,-0.06386291039033525,-0.0016788153044662933,0.02081514575898005,0.003934360826761963,-0.03237673733069749,-0.1855081711104039,-0.04645096788720206,-0.004870958691228494,-0.03229744689841404,0.26789815261745814,-0.3596381254732125,-0.053495210663214623,-0.04512869463486435,-0.03216474940805512
NEURODEVELOPMENTAL DISORDER WITH SPEECH IMPAIRMENT AND DYSMORPHIC FACIES; NEDSID,0.044442532168102934,0.03715821497113456,-0.05284548641585081,-0.009261162742957888,-0.04391248077342001,-0.02737446948987324,-0.0014012263642740929,0.45238081268029273,-0.0214529589456797,-0.05621966521962902,0.045276218993347196,0.0294742937426855,-0.00867046546974035,-0.05881175597595782,-0.02533599233881452,-0.01939437739577347,-0.008203172334468213,-0.00809342251081817,-0.0654916271338977,-0.002482430319708131,-0.011786536880538979,-0.004332308947386431,0.04630740491350456,0.054897439054238245,0.05792117098503661,-0.03123541431176735,-0.03511836576956916,-0.03424883889569322,-0.03234287624939064,-0.06858331886900129,0.021741169039461525,0.03776119283309274,0.02783615503949394,-0.03886996957086672,0.001069149294634987,0.0002667630923481464,-0.000525346293673176,-0.042908156035759655,0.02931480154895232,0.026271402973308034,0.022649658127581115,0.012348990916155001,0.011511810018412184,0.010367574503321469,0.015316273602787952,0.014532654216561995,0.012540360751571215,-0.03050432583312951,0.004724000412361024,0.003979774931878466,0.0029441179711321686,-0.05993254258024012,-0.01571488907470806,-0.024692573639350776,-0.023316176494552913,-0.03665379583517701,-0.0037175142242540787,-0.010840525732827651,-0.017705625353795502,-0.031718530369034936,0.004276786726968693,0.002171419843230054,0.0002539930916454753,0.00018870365782706233,0.0028569345330447123,0.0051279275378189925,0.007428331923869335,-0.010695819901583827,-0.24995136149150274,0.05028901636150022,0.025471787558463053,0.009203761770472423,0.053133425050359166,-0.04041499035548873,0.03333610268741127,0.015849467696054397,0.021774010731875317,0.013512521248629361,0.03469629874924859,0.05328151235486334,0.029005458231378376,-0.0006625899577423981,-0.010079124875539275,0.001690922110221351,-0.23792128901339693,-0.21587680938751364,-0.005137380653073581,-0.0128354665299302,-0.1652006034358539,0.0016279623613171352,0.014723276374245592,0.010214099503171443,-0.06437148429012574,-0.00014743205206806012,-0.007616667220852937,-0.002595153450610977,0.02664227905194379,-0.003020761438139476,-0.0488629899141217,0.005310916331592137,-0.0018058780038159715,0.0018040419897108189,-0.036828777758929926,0.02258635153952874,0.0704418797205009,-0.02037712298789668,0.059424716187560345,0.05935903453574422,0.058450346549407915,-0.01364039939672615,-0.05319418962591109,0.017468975979344794,-0.029941115083972254,0.047643694811650816,0.03949021088829526,-0.006297320160693749,0.0030681708899485453,-0.0423521649905179,0.002993599066159862,-0.0015978349454312158,0.04153412675324421,-0.3397051783607104,0.02734615281556525,0.030234434463549835,0.01937579136810805
"NEURODEVELOPMENTAL, JAW, EYE, AND DIGITAL SYNDROME; NEDJED",-0.03624751180556252,0.05228495781973705,-0.01750745665726099,-0.06318649370596661,-0.46015329358071305,-0.04998612297370901,-0.2994763017345562,-0.005143526917833382,-0.04979855496010624,0.016301331765611732,-0.022494452461480154,0.1089142497414643,0.004332374105943734,-0.016785418534218347,-0.00044492663915964833,-0.023775451991665194,-0.042661002983877844,0.45538621504182414,-0.06402497683349842,-0.009720434260524664,-0.004440851153586858,0.006273615772288881,-0.037106967993124275,-0.009749788127838367,0.011267532362571596,-0.04632316769321712,0.00806639254796848,0.005680957978059305,0.002836244019068012,-0.07208186607349623,0.062262021642176146,0.10315275411247178,0.08333824503120457,0.07189767279309828,-0.009046644544346161,-0.02250094007496071,-0.035726049435706356,0.028214077759752473,-0.02858429015948377,-0.03372947652271971,-0.0356204948080543,-0.027217998797778926,-0.040853780446252916,-0.051087186348737074,-0.03222976061616103,-0.043129779028180104,-0.05225748262683583,0.07434591887431032,-0.01465400876657708,-0.028465329763209493,-0.043460538611786545,-0.04891505466126838,0.048093797514578034,0.055442818254638114,0.04166568929297326,0.04580642004853295,-0.016817866746340372,-0.04474921004921394,-0.06738487385698669,0.012521143370963425,0.03485798555484034,0.043149825780537644,0.0469103871153771,0.052772096547769515,-0.03528362602827908,-0.052022328014588344,-0.06783197565532716,-0.08940424269166972,-0.08064724499252478,-0.06386322487836571,0.09615716274242415,0.06643898611811729,0.09263051705095683,0.12484566608932679,0.1198615151047092,0.1270427865518693,0.0155828749415608,0.006159453758902962,0.07134681029110865,0.09253936032837108,0.4503989676810098,0.38813287104808136,0.043962447533519,0.05133928375490059,-0.014122460441138743,0.0029955448765935306,-0.07162347155135203,-0.11427165085803566,-0.05820553853839196,-0.035567575901314055,-0.01008076496688287,-0.005098971670290804,-0.008549238512841175,-0.047175907613376915,-0.6232759941683127,-0.024205180964452372,0.09428668634038048,-0.0722915135991357,-0.016483376408223116,-0.06793048998971811,-0.06746174632928435,-0.06538545236880068,-0.04406598996231327,0.032635399535924925,0.06411771518581326,-0.009324380609462777,0.0881725517885645,0.08549428523915693,0.08094821731323557,0.07606588680376311,0.018583336741830596,0.6428473616338817,0.05540595057953613,-0.0017797926765971445,0.34606506358163525,0.001996085609771933,0.10680803476721822,0.08691499167047947,0.10932406343763558,0.39231550246700125,0.08434589483236189,-0.05358515952477302,-0.03583891051691836,-0.046477662692307166,-0.022710524623620117
"NEUROFIBROMATOSIS, TYPE I; NF1",-0.017319892319649588,0.04705184669099256,-0.2702828145212384,-0.0694818802372397,-0.4915030364668445,-0.054054958684461786,-0.07585473258189279,0.026612978296134102,-0.012589398414173511,-0.015335532991414012,0.003608260324796722,0.5188658013111425,0.05286074168501888,-0.05669892167936115,0.04441607584916701,0.04371683118489435,0.030499073690497213,0.6020624156605717,-0.3557256000836672,-0.003179193157990915,0.04171907787597515,0.03258862010203312,-0.030672709013957678,-0.02065410260444295,-0.00954332303167684,0.010567570347358734,-0.005354022813739261,-0.0053594487931866285,-0.0049702454494881376,-0.34139386527606735,0.38501158318461315,0.5741624981211044,0.4791326472262355,-0.1823533599874519,0.2536198138840094,0.08041804793978738,0.07975819261294144,-0.1876508206289753,0.0429208502843965,0.0355310348878304,0.02658269056903891,0.05181432718464476,0.04766785509694361,0.042011047044290324,0.04869894139046297,0.0435119342987936,0.036269062044715854,-0.034393311543112315,0.07022786823115193,0.06896590273081891,0.06697111063972735,-0.3695060520661145,0.25475197633252694,0.41325105913268617,0.3699172292123112,-0.004658030349967979,0.03713345775127299,0.024365347060902955,0.009712078251464987,-0.02014948866818448,-0.005243329333769265,-0.007183535860555801,-0.008497690740081968,0.003981712099483771,0.007195056829583071,0.007617734187216246,0.007253136062152812,-0.5047283337642391,-0.340302335312732,-0.08855301695706302,0.08752010280093175,0.45539953001403743,0.07676008671522182,0.5795616181005853,0.5765086844782304,0.6026880490533232,0.04306342866542979,-0.016475171271387024,0.0056784544844748356,0.07683344349298563,0.6812162838210676,0.6616368703011667,-0.011314723215194082,-0.03421159742314797,-0.04331668368821653,-0.04265251642025902,-0.05232907209876009,-0.3880644569401539,-0.044463454518571775,0.013745627944449982,0.056400824605737546,0.05363246820214614,-0.2020063259881599,-0.05336547753027517,-0.6614610793675918,-0.028334599522585914,0.3802349081510642,-0.02240807800991461,-0.22312297332590447,-0.01207199538368671,-0.014579382283787677,-0.00713402196138945,-0.008986255537300517,0.03711395453328111,0.3842671980390067,-0.03733912265529732,0.5542620928980232,0.5574535007932558,0.5558729900895809,0.44050793114777304,-0.008293923510066548,0.683256508332923,0.04340739197539863,0.036431026901603415,0.3697193514487319,0.05845152928014197,0.5693274361962379,0.09499879165709531,0.6432230920701363,0.6500705433954109,0.2632098090870339,-0.01606917102818427,0.06602968056104519,0.050945504962711746,0.055128333160405704
NEUROOCULOCARDIOGENITOURINARY SYNDROME; NOCGUS,-0.010287431416727381,0.3444978524656953,-0.06906308561827293,-0.0082704811610296,-0.02431612820793649,-0.012484006412061793,-0.030937892276356443,0.06925962831509569,-0.06509598960100019,-0.05978575075369735,0.05922891349038756,0.0030554317063560175,0.013444673721892477,-0.026074843003605817,0.020171583508135534,0.02585484114610634,0.024444890588149498,0.05869711102647308,-0.018871597861907966,0.002591997268991336,0.008070601481425597,0.0020133942323761747,-0.021833584410269204,-0.028946253693007917,-0.030783598363515158,-0.04648702937773818,0.06850453585260648,0.06710694296871379,0.065610822643685,-0.0122139322275344,0.04545603314189425,0.06459479892922168,0.04182412620972267,0.016890049267734814,-0.025765857870987903,-0.02334527501846249,-0.02094615898863798,-0.006441399566862946,0.007501536107204373,0.002285833286941245,-0.0019715883845160915,-0.02249611672651204,-0.028005900544260453,-0.03057176773193088,-0.018178357767869142,-0.023843167491308975,-0.02814557787845295,0.01775641157119473,-0.026782499813476572,-0.027262578904966146,-0.027580871403326036,-0.007537118850144297,-0.0021967987815486845,-0.00022843200567131532,0.0018610683550141852,-0.06097853074046476,-0.04994826666427905,-0.047700634726567756,-0.040145068923658385,-0.027015871128562966,0.014244178039183904,0.008946391732217847,0.003739439849152975,0.002771666578224488,-0.005695086365832036,-0.00219478543734563,0.0011439342256843216,0.03326823023995196,-0.031862314870905704,-0.0019540460737505136,0.07955725312227091,0.028065459614023538,0.07300382106554969,0.029960630895892026,0.06824954434290172,0.06342571432934793,0.0186464249935333,0.0922590344355338,0.06256278688199417,0.07255705523317146,0.12177353774642684,0.031860317448959466,-0.04100612701084223,0.04384979325623451,-0.005298034443845227,0.010232909601074085,-0.03636019733230382,-0.05381271426985692,-0.03016894138344409,-0.017026429988830003,-0.004578653531763714,-0.00875985652412794,0.012042251684473183,-0.006959469182667754,-0.09021026114427833,-0.020800156078372125,0.04377495042379763,0.010297893044550407,0.008606001505730439,0.019806976240874973,0.010161482354469118,0.025566245780088575,-0.012296758210362087,-0.0021851696664908853,0.035596825097303615,-0.008090141205323299,0.010374343556770934,0.009974184671146788,0.009473755013142111,0.00035571692140747534,-0.06333623895443634,0.0549835462370253,-0.05091778739092194,0.03852143371795142,-0.00495357892083062,-0.011448910423895713,0.017554226468590287,-0.025724869858099318,0.026189343409118226,0.0684413034608305,0.08169498866417475,-0.06613117440053119,-0.048533963147188754,-0.03126148974671283,-0.017980700825817368
NICOLAIDES-BARAITSER SYNDROME; NCBRS,-0.153280604247228,-0.25272330771955603,-0.018038307157838825,-0.013570757574904148,-0.16372986925086394,-0.02214613394340116,-0.48844489853440304,-0.030756714893772834,-0.09889686722859142,0.017068568351299156,-0.003318558085160601,0.4847524737963021,0.018092384119673954,-0.030405591547645335,-0.004813232076496367,0.0034560116642125297,0.012437667035070581,0.3344965550141493,-0.014620224953761972,0.00783919655571125,0.18684919982760367,0.019808303392363384,-0.0011509860182208845,-0.008264847275105269,-0.015279173199902903,0.0016708961207254033,-0.02712584395782518,-0.01868828447677545,-0.009484950775829594,-0.015140977542607735,0.276907590705739,0.417091502669164,0.3066784356027154,-0.020402643066186298,0.13092108024272514,0.12832542534654565,0.12221105577682423,-0.0056945876005415836,0.0012529589069623314,0.0014101557583064293,0.0014462547319330464,0.01342249966687378,0.010736926034171241,0.007647288281079153,0.012807224586368673,0.010193068507973706,0.0075026058052227495,-0.01877100090362209,0.030034059611497042,0.028069190725167774,0.02562717304559777,-0.02089919923084192,0.2618391983000273,0.31678561514302067,0.25616393419322947,-0.009811588821666476,-0.12268991899073167,-0.11901700207557507,-0.032788521856924636,-0.03424369492626916,0.17222374784102376,0.12538230265361647,0.031684070615657034,-0.0014721836651173327,-0.1520757462085352,-0.11914673921828499,-0.019758694843099806,-0.4206519929338168,-0.019470479637126642,-0.3744071859710484,0.30320553746204304,0.10863465603969787,0.23178302443243962,0.1465486150526854,0.4767223721716532,0.4440767809241145,0.3444863129812367,-0.31303777199599236,0.20110912648773646,0.23178302443243962,0.03279219642188061,0.40699019986470714,0.18933986597422303,-0.022934612894038815,-0.28693171099728876,-0.23645168824522178,-0.34716830153717393,-0.4474872318746596,0.0046513470362033234,-0.03975710003062116,0.02547028243243045,0.11627752173179887,0.0034410998646050876,-0.025390473875484574,-0.4519988067364939,-0.017649653720648435,0.26823329843588667,-0.3227979040740805,-8.288329125907636e-05,-0.2934073959037784,-0.30003005206676253,-0.3011892102712202,-0.036930607722741315,0.2894692353889105,0.012920671442991768,-0.008473870622450048,0.32222187654324314,0.3262848807377488,0.32647310042433425,0.23964029552407315,0.0022631497118264297,0.4370519724085101,0.004387127121247472,0.013022362685111897,0.2991941398429026,0.16285039044387334,0.34995543971329235,0.19845701492610057,0.41120917228653564,0.34075936799319445,0.48588771207664955,-0.3314565590476423,-0.00037784670409973976,-0.02282064810376624,0.009403579980229733
NIJMEGEN BREAKAGE SYNDROME; NBS,-0.005621949663503629,0.01302900554764271,-0.026459115780538264,-0.026823272577094204,-0.039840036479508796,-0.006293033326134218,-0.3173016676650296,0.02544304629406457,-0.36689050012868707,-0.013098580303619285,-0.011073413878839049,0.5470032483644232,-9.686845510574749e-05,-0.17916091421226685,0.011126600098358481,0.003553864138139779,-0.002710709579452123,0.006723876059912538,-0.039893856546013406,0.00028609999296707114,0.18940537562602489,0.03842951712363076,-0.011047543771422105,-0.00988306100314884,-0.007864792798381006,-0.0412971905020389,-0.003140034318877834,-0.001468679588893842,-1.426227693025781e-05,-0.03561080318985813,0.02980099983299351,0.22450888564649885,0.2120716701844499,-0.03679339906762691,0.01726338869855022,0.01746945326256884,0.01680799757652574,-0.037894637791383544,0.0388083400156214,0.02889652382984994,0.018223047143946732,0.024765276353450806,0.017671616476053264,0.010478475479342582,0.02708430571559821,0.01866412417441202,0.010251905383059073,-0.030918102636090686,0.020615401872718955,0.017683433803938255,0.01449717759034335,-0.03574664137172112,-0.00046729939423802906,0.012157982046706615,0.022238968562625614,-0.044047549289384307,0.04470856982873711,0.04703957873080064,0.04481186667513054,-0.11003346809278243,-0.0028026575954704603,-0.007669562359267422,-0.012564101013288587,0.001415777332076625,0.00715767120767331,0.012290793994790092,0.017258006148318114,-0.029163600208334733,-0.05444611069559889,-0.02097844244726673,0.31054481411932383,-0.034948000433585216,0.056339742956250924,-0.0060803375173239145,0.013021680932870617,0.008853133236892562,0.03816725265635663,0.023131734454774268,0.1696042429629322,0.056339742956250924,0.010273408384776962,0.0006826917698673924,-0.027038859057726114,-0.0017724433132250803,-0.029766535700869495,-0.010764557653101725,-0.05127810675412086,-0.031664389716707805,-0.13496234474592822,0.004770800577900602,0.02053031948841934,0.02088600397207903,-0.03449320618805912,-0.025496245899132422,-0.04864174877274428,0.006711546371258058,-0.017750345176155133,-0.3172484205700042,-0.30554814668294283,-0.216909251022761,-0.23188159540846265,-0.05137867042279166,-0.04317458184928234,-0.01872721208100906,0.04596610767534391,-0.03290661882198381,0.32806495280233133,0.3275001524599059,0.32358590816320226,-0.029297896620653387,0.007501023640389213,0.009236387030142212,0.3004701588600854,0.0009632696445770745,0.031057721570919992,-0.03374761988777755,-0.013107638830858059,0.012546690230875101,0.004175350880453477,0.013728946069592773,0.4904917850993259,-0.43277916290347856,0.007829293210022698,-0.00031180650820581573,0.011369004770301214
Noonan syndrome,0.1625520888984099,-0.007364922796372022,-0.19829282400494894,-0.18180997132247886,-0.34342381948868017,-0.11440036308847557,-0.19605429868178206,0.3605617463251902,-0.2551795780717653,-0.2558623296019004,0.2119430161340212,0.3933300344454109,-0.014563931471605777,-0.2862146382904419,0.18135641804600228,0.20427198613401656,0.1732949914694548,0.447687887175229,-0.28523623548545846,-0.00017991215159905835,0.09934705432626222,0.06908579896742899,0.022103917327131527,0.08672028472047687,0.09353938777986251,-0.015048267696064835,0.08731035492945888,0.08754504188297266,0.08591525923347218,-0.28600007776981734,0.3626551592566035,0.5377201374739385,0.43144665169939106,-0.17858281840582269,0.24165873382079225,0.24599204199224053,0.244426597816382,-0.19303722478414143,0.1285417733710986,0.035577517980035306,0.029401144363693375,0.033208765676633736,0.029809225564409046,0.025543517868352975,0.10844448828777581,0.03012163934335774,0.025237290485026403,-0.03130525477572887,0.1975256716523766,0.19279094345217826,0.18593345575715226,-0.26934733457259785,0.2821556540901847,0.36157126075523693,0.3215306124806096,-0.10190676452653974,-0.26572281049953206,-0.28136303606285673,-0.27464470526834234,-0.16135335628493933,0.09762800533628184,0.08106274512929612,0.05640992059179444,0.008171353838339678,-0.03720864002624989,-0.02717162874474603,-0.013581244861912143,-0.20928022265187468,-0.3176114433612518,0.006810897645966756,0.39598819998169577,0.17876542297927087,0.2018440691116491,0.2830358208401864,0.4632189178907982,0.4505153021946332,0.35274727959721197,-0.26807921200484736,0.22159205619358763,0.2018440691116491,0.5312344085085925,0.6117127063656805,0.12291838827656223,-0.13171990108948511,-0.2945010473704382,-0.23872441046094475,-0.32045094936496943,-0.43674749582705497,-0.23018026079349818,0.25074802977980554,0.15031571606807326,0.13167397595584454,-0.18021837050586884,-0.12822754588764848,-0.43333738203591965,-0.013373549029771286,0.2628724548994672,-0.010950981108894082,-0.2391767124352241,-0.00038796376363977843,-0.005291934588141132,0.004774332215590443,-0.016594857271498276,0.010103470036927617,0.35825949464110507,-0.19482258102132305,0.4020909107495593,0.4081907132763635,0.41031001986805965,0.02270364283100786,-0.237620367975742,0.4781767334718335,0.002383834767655704,0.2869897480884243,0.1976183836189606,-0.006658827039671345,0.2547850330796168,-0.003271791564523412,0.23441471699676536,0.5530680708175059,0.4215954821341692,-0.26358946388834886,0.15980207442351252,0.14157531070193496,0.1429302505392592
Noonan syndrome-like disorder with loose anagen hair,0.03859747588034929,0.0033016795132589593,0.013297031658753605,-0.027799944991026178,-0.06356710961938736,-0.025589088365602027,-0.26468674062698344,0.028066595763440717,-0.35516177803807697,-0.05869665604990243,0.011391409257601157,0.2812955449613827,0.022024257244017235,-0.00641282782854622,0.02936192272421514,0.052168477311468925,0.056482518995401514,0.5281942548769706,-0.017083437814345286,0.034275492950792005,0.4947084139884439,0.05076920587644212,-0.012093719237493064,-0.030376001866810734,-0.046315062493922726,0.0010837204808398263,0.07032691415254501,0.2651575952314057,0.2960726273948164,-0.03056829781783864,0.2804621473545459,0.5469665565210396,0.37123221514427474,-0.03735759975993232,0.05514670124807511,0.05278511965145545,0.04953534422424026,-0.04824065850824668,0.03495807898944561,0.02588873132343808,0.01684647233719834,0.019062842628445622,0.012574438676028091,0.006024462992839701,0.023617005972006937,0.014411338818265064,0.006047154476015498,-0.02218214139033294,0.03769263758987885,0.03329304877677358,0.02927476280850816,-0.02238073578288701,0.26036307893829824,0.31751764979809194,0.26686385951895625,-0.017323403384398722,-0.043282435626487106,-0.050983756037315496,-0.055546784766494,-0.030644530510697265,0.19984926989909524,0.1531129167118093,0.13205598610447755,0.006646555443554517,-0.10719928395080869,-0.10859768756066304,-0.030904466502614764,-0.023790117836632,-0.020613979471883207,-0.0453056082114298,0.5922659686298953,0.3022856117625908,0.2865203006424946,0.08767128721575809,0.6678893167294402,0.6458913068358373,-0.0022911129631687393,-0.01715613049726394,0.03551957451997922,0.2873337140999242,0.5018031443302715,0.5436945393785584,-0.002699896333196697,-0.02191655863323868,0.0037917088584683884,0.013362045260487732,-0.3343881050464614,-0.5969421204559495,-0.023727033581114425,0.00798967627850559,0.05475757042675711,0.056128356928273025,0.013221264622820403,-0.02398213347778362,-0.5147193107848288,-0.021590838337742606,0.03953595743980893,0.0016610321237433838,-0.021053293188507065,0.005833937231452862,0.0052338578395814605,0.02425074450157903,0.002172390696366564,-0.045855818829068994,0.029092938232774285,-0.0539108913281207,0.040579205601245096,0.04248972324686714,0.04380150821718962,-0.030605389656019024,-0.016521268031246632,0.3470664987054751,0.017662450964362,0.024834017320408235,0.0015592054226706575,-0.23111416065636925,0.004299473799629911,-0.021038593997992044,-0.001684966070793496,0.555673508080281,0.06666019254920505,-0.019594956803622703,0.012386607254317143,0.009115144128961255,0.03777553981551493
O'DONNELL-LURIA-RODAN SYNDROME; ODLURO,-0.05562858493473279,-0.04607697234104861,-0.01983070151394441,-0.02350484691135899,-0.050992985602150126,-0.01801734537780528,-0.0677525098498494,0.018089325768706248,-0.0638049386786324,0.0387264838192467,-0.036827612613348264,0.03182033181071392,0.001128396482992102,-0.05462264112538817,-0.025406422890097046,-0.017128248614526047,-0.005359414971978435,-3.2754354642428514e-05,-0.060401253538813524,0.004122910136247883,0.040778400177087275,0.020588347041125055,-0.045760012822041965,-0.04773518603938334,-0.04383723154924842,-0.002482055113347575,-0.07196884435124488,-0.06652487520339848,-0.059515847218688134,-0.05328881120702467,0.01694702084140135,0.0458658989196446,0.04613237539761398,-0.04022389743049142,0.05050812216031476,0.05205636492009814,0.05181423325218001,-0.03297118984611613,0.03312717223662576,0.034999932694738445,0.03430348980003016,0.04425634596754274,0.04253815955802911,0.03955366627431956,0.04083783639603656,0.0386740421341952,0.03584454478351589,-0.032037760173015996,0.050875062050606726,0.05046621125383786,0.04935847670841523,-0.05210455083192639,0.040055138336497535,0.049347901191472,0.039374602969185664,-0.019204554006321796,0.038653456977977715,0.02895236961701651,0.01588238219094219,-0.03719698236068979,0.012241948206762861,0.009252512519953035,0.005145365021024974,-1.4571954363548185e-05,-0.005041289899388323,-0.0039609931172828365,-0.0021373769421746056,-0.2629836055624229,-0.061664756758407435,-0.027650264936500756,0.2843860507724518,0.010143791064443837,0.4996306752554919,0.014259432039465985,0.3298196060196712,0.29417396477833296,0.03993216324659856,-0.03035640095916552,0.004193023362735088,0.4996306752554919,-0.008027760824316372,0.0332769405196182,0.019426724638497574,-0.005881245660433036,-0.2315902051179582,-0.2385980186440103,-0.27257515195761944,-0.3197295843657127,-0.030018701967678474,-0.04182868163647189,-0.016225307925911918,-0.010946973927414914,-0.04999031648819036,-0.00992484064474872,-0.03923709201927265,-0.001987631498132703,0.0296526203360708,-0.03174658124550726,0.011262140524989188,-0.028628787496923734,-0.030228315323188558,-0.029825813732789263,-0.0391806539735407,0.040143167784830354,0.22646301513051853,-0.03273628879542337,0.011366531685246898,0.012765872506021021,0.013805095436478636,0.011903348704138362,0.03247663107357305,0.017886221086351028,0.002286722143202323,-0.02494167624163147,0.091847237561814,0.0042979541276596395,0.01203346675184058,0.01848958228555051,0.019620167393445423,0.03230664408946291,-0.00788637331805823,-0.054183930101758766,-0.030856204538477233,-0.03384493154778387,-0.02137877957031747
OCULODENTODIGITAL DYSPLASIA; ODDD,-0.04642956253686182,0.039147484279498025,-0.3049259725320971,-0.005888932164982321,-0.018430520594519335,-0.007912669820391429,-0.002808708240162745,0.3312755931706586,-0.03116112250171557,0.020300363000337024,-0.03391383088160597,0.30762978119402534,-0.01693122975724694,-0.2522299494186516,-0.018514359052131682,-0.029361663184303652,-0.03128468151371608,-0.17347382720612645,-0.3176897797689827,0.010298738493910255,0.043257842919589014,0.015284871066368274,0.0014280579392095222,0.0077365002337064495,0.014801421815315545,0.012697118304109018,-0.18254861584674456,-0.1880042651462971,-0.23674530358427487,-0.30648973789431927,0.0033020068608893755,0.004382710800259019,0.002412027408276507,-0.018088605723752572,-0.025467765525513688,-0.03208098345473801,-0.03725220753405434,-0.03535191083899788,0.0008431021738424764,-0.00039013601118909297,-0.0015297947447629964,0.0018111215688670253,-0.0003139564775363127,-0.0024210635765802117,0.00041403223421389773,-0.0019484286924194626,-0.00471828394651731,-0.006655586795838682,-0.01140128471916446,-0.016348732104133415,-0.021254451394486746,-0.2745171655701959,-0.18686517453725693,-0.31010831789214816,-0.27526679447882524,-0.004829127668915451,0.04173964204606073,0.04012528284072679,0.03485375042353265,-0.019567044444112988,0.0004202465659447296,-0.002902874936557032,-0.007307625771387015,0.0025373453875977537,0.0011967749607095083,0.003346743509065658,0.00615669476199354,-0.15552676328518378,-0.32339903326298614,0.010300829556885964,0.009558014140319582,-0.017832077286585184,0.3145621920512114,-0.030848764933548895,-0.020799801895257503,-0.02374141152276436,0.05362914757429562,0.027474568708435888,0.0341099170619999,0.3145621920512114,-0.040902105717525575,-0.33746345175368053,-0.0041267791345872586,0.019187118317508186,-0.342403727357105,-0.31918646674833406,0.003486402552972174,0.019386227812747396,-0.22405538594848293,0.022730939368265972,-0.02806939083798105,-0.034193999923418365,-0.2957920198864339,0.0030709998286804654,0.030622719830072854,0.005830079020893087,-0.009223734072596367,-0.3027696647059576,-0.21806743589673755,-0.2726514171495701,-0.2905973910654117,-0.17951952793786127,-0.18957577956481242,0.011144010323864723,0.29528484686041284,-0.04166877589258879,0.04567769091231773,0.04497610824571833,0.04405088011567004,-0.0392974703465742,0.02970854865461764,-0.03563531561286086,0.18036606249727707,-0.013510937753240197,0.35871066467214274,-0.04290574731759811,-0.15842254973672326,0.002005632115815284,-0.0026453875225057664,-0.3511068413357291,0.05299046006063694,-0.43494965977635686,-0.16621425676262983,-0.05040917839770214,-0.0437277721896988
OGDEN SYNDROME; OGDNS,-0.014667908179227012,-0.08360396697796373,-0.005637380989262167,-0.014822607016885704,-0.006043422965018504,0.008501069057044794,0.009762288089920369,0.41311374572907633,-0.15049874096788235,-0.0009600941555164097,0.022725435763276444,-0.004338597996608164,-0.0020761335518495894,-0.011618637192189932,-0.012469827223015385,-0.07414786997295575,-0.08428590275559839,-0.22957229294131837,-0.004951134590449787,-0.0843819892471444,-0.02132460910976706,0.011915087749718348,-0.0146814531874256,-0.020637917829762837,-0.07736513927673927,0.02525214118574001,-0.17126770462604038,-0.14931915689082945,-0.12378050586131366,0.007040527439342653,-0.09295086166836193,-0.016655319137206564,0.006024375337168665,0.001235354295479586,0.0018343765572250953,0.0026388879752864054,0.003427564937854063,-0.047029993750292785,0.012131937171450136,0.0069807353926583686,0.0021904858706775277,0.012096184156668797,0.007252592289890481,0.003001593710882591,0.011004108840568554,0.005562253352756131,0.0010455937562129293,-0.00747613300155867,0.006736316220404978,0.005587602449603799,0.004410746248483001,-8.197497569832855e-05,-0.016592298296122826,-0.0058156308463346825,0.004803017154129925,-0.0059067853532614465,-0.012738569374660842,-0.011437941205745499,-0.009120209645285895,-0.05546206814463081,-0.01675215284032445,-0.021271276105523894,-0.07611801735749235,-0.01107231504057557,0.01399119795374319,0.0183558948384803,0.07066892211402263,0.20224334114122103,-0.004690623543144428,0.16744089342939047,0.07178019887056918,0.01675972026924599,0.39318443040923307,-0.1908595943172713,-0.0008004320431835249,-0.010832628661925432,0.030267872550041795,-0.13097108397261062,0.028307306212692115,0.39318443040923307,-0.08454339875288713,-0.004453555163119504,0.01467569540435563,-0.013357567627880287,-0.16187727858773399,-0.13199798217389863,0.1225697609131453,0.025200782582590783,-0.006997363903755248,-0.016240035494558616,-0.2839649301278572,-0.30744050966836156,-0.0071330326337105295,-0.019759669748184397,-0.006254689281942033,0.01694384571588462,0.19259333197619083,-0.24267560788592626,-0.13231821319369053,-0.2222533918032896,-0.2465001517374498,-0.20711011446727215,-0.2555174121936846,0.19008696639411538,0.011732991032804948,-0.003747356326123645,-0.17181417185082662,-0.16322885355221622,-0.15230627462876017,-0.0012948255539441053,-0.02180190874759208,-0.08391787036539616,-0.14631506870587496,-0.00027072189058400647,-0.021411750386970855,0.01401628201299537,-0.0037644485866691543,-0.11538800110257796,-0.0006637972289455781,-0.019080936559469092,0.283241858563719,-0.46034362473965,-0.3108461011999444,-0.285519491950249,-0.3120669754439581
"OHDO SYNDROME, SBBYS VARIANT; SBBYSS",0.014897860106369978,0.3612007738064747,-0.01113198194761695,-0.017652096669781903,-0.03614576412761312,-0.011551806259990473,-0.22866352630602374,0.1607264531427836,-0.29728560624336964,-0.042292521666306,0.016091372974803998,0.15826635178587678,0.08018128643491178,-0.02736342170167473,0.035209924588869096,0.13819556699215207,0.12400358325606237,0.33497229661441397,-0.015141431652734698,0.005967925472724437,0.2663209308445115,0.035134612487379514,0.013407992428000764,0.007988188567561835,0.002665909527660147,0.001300084225362751,0.11787103700948434,0.13703542959041082,0.15238119964519606,-0.01600763982985386,0.23860713951036833,0.3987499618110571,0.3204019556853261,-0.0031768902661097145,-0.027893318946436256,-0.027096562787029974,-0.025241286125313914,-0.12091303501625317,0.003148941207863275,-7.840008694885158e-05,-0.0031092407188049688,-0.016218370219066806,-0.016845852519377626,-0.016635259500522467,-0.012985931074977615,-0.015087516658398564,-0.01658847366290656,0.004115834649531009,-0.0245144118644586,-0.023790617645538352,-0.022532512360325576,-0.021620465657588947,-0.03418084467425554,-0.033190658060915326,-0.018047884442822265,-0.028588340082276353,-0.03247528778752193,-0.03155420707386479,-0.02692055468976161,-0.0278014947388036,0.09117085844855836,0.0847390743639141,0.06875748110229259,0.004230120455672943,-0.032569070854733706,-0.029368390150462928,-0.007805369648481502,-0.28935326474150685,-0.031958610248374875,0.012054357724171013,0.30416482862493305,0.0006353004487305051,0.16761573610603908,0.17879575757969926,0.03967805888716965,0.04623158370585922,0.008066921820552856,0.021122884454954617,0.11435898191569767,0.16761573610603908,0.48063460491141663,0.1802674194536401,-0.019231038133413234,0.00032308600452708903,-0.16896514991505526,-0.04379911193458283,-0.15771472452958796,-0.17168204881217122,-0.028581706473129697,0.004986952040436318,0.2099227931990538,0.16650847472828345,0.0012952073438773227,-0.025258916942563946,-0.3636046906000199,-0.007017977026628834,0.02551554350915045,0.01647091663503841,-0.007861671495919447,0.021981290330280838,0.01971738395880745,0.04216725452849459,0.004539174191093385,-0.03554942631717178,0.14226791590209337,-0.024537796641918987,0.3471771287976487,0.3605244288181946,0.36993899629549815,-0.02513210937096003,-0.0198940972811217,0.20237710483964824,0.030338834195939086,0.13663093923637248,0.36997267430102115,-0.1617621242645521,-0.0014210520553090706,-0.008744406120968058,0.02239702100419421,0.041929010771922334,0.03951383849182155,-0.019833151643618457,0.019421313114600897,0.0219719733371322,0.13273768447597648
OKUR-CHUNG NEURODEVELOPMENTAL SYNDROME; OCNDS,0.0354079305182457,0.025398857003709502,-0.18121780164515733,-0.032263260482433394,-0.04634935107880593,-0.006157685655436296,-0.00769908619883478,0.4854486189702301,-0.021805859093182927,-0.38240449187200803,0.32669030861947135,-0.02276186557158171,-0.02604198112722651,-0.15482773428231938,0.016979364055595247,0.013921217700305822,0.006760274130500377,0.009141984395204883,-0.19811715068118863,-0.01673488682342271,-0.019082321037899946,0.0028379730978611135,-0.005496965095232326,-0.0016126240610016167,0.0014985181752539118,-0.019327759059310695,0.039087387044036935,0.036705295762805214,0.0331770113575518,-0.05194661719319319,0.007495892052081312,0.02442186833698396,0.02479106469611453,-0.01546033282893296,0.002586362531797989,0.002886877538559706,0.003123636929062801,-0.11399551902667429,0.029986110302118306,0.029164696259971843,0.026439345169815383,0.009218867231157616,0.0051740147515916554,0.0016114747632618824,0.01087277130477474,0.0064837980853082395,0.0026430339882645144,-0.0055502979956452364,0.004504094419458056,0.0031673916638252763,0.001983317164451456,-0.186124977883681,-0.008931147479277627,-0.006811686412599464,-0.0023831435190366395,-0.0286241136947087,-0.15957061073075224,-0.17615845454554716,-0.1771234413502283,-0.0007172792288913277,0.06068789604788738,0.05177768410447488,0.03716131343113371,0.008717804420186012,-0.004815872849075227,-0.003596080456948622,-0.001885974967713148,0.2213652252504319,-0.2717020318771956,0.2598159105350611,0.028535709564196855,0.024730298731989012,0.05556592997498242,-0.01839351810993461,0.03278279988825629,0.021495712105687816,0.3151637976330968,0.006598484715037813,-0.012083821850180063,0.055278176306929126,0.03358842189272575,0.011559457857960123,0.007369574558508623,0.015866831357499875,-0.02428999036303071,-0.03187033395189615,0.002831213037842288,-0.00856517086912111,-0.02928223517834284,-0.01702539414535343,0.0010646845807844028,-0.006613830082172066,-0.16363071596244425,-0.013090595305380906,-0.014642667329740974,0.005929974434109108,-0.0029079702063255688,0.05322314474546187,0.0029001298205251114,0.060773072037146686,0.05230421572199826,0.1966914708257743,-0.0007751479994567629,-0.02643933777956635,0.263357562278172,-0.022166842755120285,0.0024938214019758396,0.003761596564478681,0.004780822684360326,-0.1605841559894315,-0.3522662821472596,0.0008063650808786203,-0.29670710406494516,0.17749473580715378,-0.07061424689097116,-0.039027785985554946,-0.022114609995912558,-0.3675859087777045,-0.0353261417650931,0.009891047340621607,0.05819553687188081,-0.0465389237262562,-0.011277147714900586,0.0019719874476585813,-0.002564683977393052
OPITZ-KAVEGGIA SYNDROME; OKS,0.000807090924049295,0.05262292152209614,-0.016834726494993527,-0.05397223369834142,-0.030163016664418646,0.02918227516050335,-0.059670461732269024,0.04792535906446268,-0.28559826588157294,-0.042464105185736185,0.026373437426547026,0.02590201037815742,0.02202623429187439,-0.03859400365810168,0.039062876087939354,0.014743102273613725,-0.006274805120872121,0.008920405055727547,-0.05391875445489762,-0.026177842421317765,0.03240276527295099,0.04920183047615676,-0.016635119266971483,-0.016228126175912228,-0.014202502941047187,-0.03147359921912754,0.036174185218649,0.034147537038722045,0.031260002669602806,-0.060814022121378104,0.0029904477721127993,0.049012794978202656,0.06716180270418788,-0.014527146736221528,-0.015327996171839782,-0.01261864774281608,-0.009863004639415206,-0.1929239642916084,0.025408549934391365,0.0147652514095397,0.006209720271561687,0.005383326692709951,0.0008539796009926331,-0.0034326629816552575,0.0059922810815116875,0.0006958163158981863,-0.004300118205945724,0.005345264951323613,-0.004959028037294537,-0.005551481874868066,-0.006254837180359501,-0.0573866143038878,-0.05347099395805323,-0.03904279849050405,-0.008031671314889771,0.02113367239931926,-0.0005778177122472572,0.001537070455334475,0.0037697398822886014,-0.018585286377915813,0.037240262579717714,0.02737921653391291,0.014840131648698272,0.005140055955387558,-0.02137358911440256,-0.01615050139206668,-0.00934482231213837,0.003478591632941073,-0.053396879600741826,0.00870669723205224,0.08771616798965456,-0.024957285946881003,0.08079058469028899,-0.004662647484056802,0.04591050716419498,0.03637851093144106,0.016181348328174455,0.0006673031373206604,0.04166643340690411,0.08063748857927035,0.05824778754800165,0.009563508964455377,-0.002546965318609121,-0.002089982260639778,-0.040025753978463176,-0.027796860911095584,-0.07312119865435435,-0.06584537467773278,-0.020178753070269666,0.009642312149361178,0.059917779974835064,0.06424710243916101,-0.046561018608114554,-0.03711430835709104,0.0027059947817263384,0.03948372784759712,-0.021458258825750833,0.023126521166602677,0.004850505667781901,0.025736948794107112,0.023863241008524428,0.03901560500215851,-0.004124134432120645,-0.03262271424155862,0.05819279707841267,0.030497676581235207,0.009877199190567834,0.013697421648688965,0.01818081483330398,-0.04554603128534344,-0.03279323864468144,-0.022510201037694542,-0.024003471546950546,0.01567580927038373,-0.002965995009282944,-0.01870267664126513,-0.0315864586772925,-0.04925015713770739,-0.02116240370873297,-0.001989949531617648,0.013376674057899576,-0.004862327663711431,0.04121398723663852,0.04181169349228827,0.05782002932333421
"OTITIS MEDIA, SUSCEPTIBILITY TO; OMS",-0.004289546826172143,-0.04238478432411921,-0.06466868768726272,0.008108615397351384,-0.006037107679711328,-0.016409748349859542,0.03804026789239136,0.35731223998839173,0.018040311432924134,-0.002525471665194034,0.028420184520807416,0.06629841714486774,0.06643244338328022,-0.07063514544945432,0.02094045838765674,0.029994295197799524,0.03094699609389914,-0.004311602860838859,-0.06362929224721876,-0.001967456787420445,-0.03528400154725767,-0.01972332937814805,0.020890225224833855,0.015096970051909847,0.009148521118708572,-0.0003893338137035524,-0.009365395452065441,-0.007694720212951604,-0.006035611690308505,-0.0605060921630037,0.04059906702981778,0.04380019391970073,0.017074899534944184,-0.04905624317664983,-0.015040185127393916,-0.020612999613303463,-0.026359575518073334,-0.04867074478214394,-0.03813899624186451,-0.04145395505872281,-0.041882304431870764,-0.009984965973389832,-0.013780198663195796,-0.016916040002107387,-0.017358274432454184,-0.020523671044719315,-0.022911351229993555,-0.034903304515487774,-0.010097252281278448,-0.015030172276056453,-0.019668972619206578,-0.066537674544523,-0.008546186082001965,-0.01717135653739342,-0.019396840476445597,0.0015190952716131235,-0.02852494080584811,-0.025298628733733893,-0.018779408561337155,-0.018452980830794476,0.001751791858584502,-0.0004469765903852058,-0.002781274674355958,0.00044782012384805516,-0.0005590916445225339,0.0008715798597881499,0.002865654789467058,-0.0630434498251701,-0.05694616517182854,0.03145265642258359,-0.057044972236507445,-0.03956744007520118,-0.0031225656979181966,-0.04633208609726992,-0.08384677713105057,-0.08077642542963115,0.39734606793624144,-0.3766880782139906,0.03997876442027642,-0.0031016619936225834,-0.00039184671985188936,0.04359315294314066,0.056618824681659186,-0.05664404639646788,-0.06725117610369408,-0.05799278140545036,0.03739855367841246,0.07611024575318921,-0.04512532227076778,-0.015209882847886613,-0.011447831137863754,-0.025945645014084584,-0.06515164533254988,0.012023228315454474,0.024849520329256088,-0.0020031665381178548,0.0020404511539440524,-0.03518590683847056,-0.05582899115320312,-0.027136455970478396,-0.03216519436768258,-0.017253441791994017,-0.040105110833353566,0.00012341383714243524,0.2842960926167849,-0.045145391559811926,0.10076283453415383,0.10073731145873879,0.09970717493316818,-0.018719649152634417,-0.033670161095082946,-0.050215302767366604,-0.002624262110759924,0.04567804211381162,0.09265972768019629,0.0030236452972763218,-0.019802081059388094,-0.02759885214670237,0.058169754891974616,-0.013164906337571149,0.10986588037678588,-0.06769152220637226,-0.010361824257073585,-0.014817978540042343,-0.021800251899916193
"OTOPALATODIGITAL SYNDROME, TYPE I; OPD1",-0.047637096299424496,0.014998119526558705,-0.2994692483753637,-0.05719583946620855,-0.22498229482092658,-0.0030267417368940418,-0.01775246762505738,0.30041910804596617,-0.23243506159061098,0.011993214677430579,-0.016312075049801405,0.4754854649872337,-0.014862494398283556,-0.2505839818717358,0.47632035239741777,0.4930197634872078,0.3980941625881567,0.5935494925197957,-0.2381430743615238,-0.018489120856301895,0.04337993504501432,0.048793025251239235,-0.5089280702424686,-0.5276568617364271,-0.5099415364793097,-0.042797776145850175,0.030449313712737392,0.03690052916230236,0.04137453627885932,-0.25088761853238617,0.2806260695959541,0.5806483786878128,0.5197575304547964,-0.05274636266381605,0.054977441408756184,0.058932653131866714,0.06141537068173469,-0.047773648673135514,0.028666696882180667,0.0222846395860012,0.014066990945337532,0.04444934009088953,0.03656117906407333,0.027617922488009768,0.04298968055316138,0.03378469627573383,0.023290767448883514,-0.034058407087299986,0.05244555944769461,0.05116746577884361,0.04932773378596902,-0.32502550427024635,0.042595265132326574,0.07792692852131818,0.26584927132951597,-0.21166353134260754,0.018600863282805784,0.021596982251294666,0.023300561462562874,-0.016450472195988643,-0.013097203672965215,-0.020948748035825457,-0.026125590310913906,0.0040001240023976314,0.017651070333490095,0.02394532113043478,0.02975994708201074,-0.41764649921333397,-0.3290670119509603,-0.0328618430229551,0.38472899005713,0.07026857297092859,0.2707129022798908,0.4423241582979542,0.0797895905639936,0.09228907798089288,0.012958929706607081,-0.014687750917142679,0.06065042684955429,0.2707129022798908,0.4099279091801775,0.5170084737899672,-0.0007169444520642765,-0.015412269945097987,-0.0050594868954816465,0.01170979638473169,-0.020426547256528663,-0.06983616907448954,-0.14780045901998293,0.0913791888849527,0.05604925840076909,0.053149117109624076,-0.16754465713587566,-0.05346691248385416,-0.47745409403472455,0.004163284748209749,0.252409841755976,-0.033846771495696384,-0.3488048494067475,-0.021051088508181735,-0.02564652818199852,-0.008528489084039045,-0.0157447635410661,0.002266294417292864,0.3336749919753287,-0.21422458971845582,0.3932027920207578,0.40601113111298764,0.41464550305902853,0.02021063745684137,0.011860539021169847,0.4452972279777428,0.05862314930472098,0.005973835694119824,0.6011167988288245,-0.014304077141722563,0.048627306573985375,0.034297241196164306,0.35214730596149146,0.5070221017861751,-0.0034480213770983347,-0.04763261646370382,0.06067201106764992,0.05359725945027342,0.056255438833208604
Oculocutaneous albinism,-0.24172031987124154,-0.20357057974123613,-0.03231806150735756,-0.0031295947232150433,-0.017482063026734156,-0.011889192098482836,-0.0018937071346544856,0.34907781473221394,0.02278338829229912,0.03700465849151281,-0.04428638873458846,0.42978646076374794,-0.010722483504248086,-0.015021133490458728,-0.3896481014433129,-0.45972799006348575,-0.41837876963297027,-0.03618915927806917,-0.03878859721167651,-0.008190593370275858,-0.19908049324304491,-0.0292701119212123,-0.0014013680916333475,0.018246004594791324,0.03807960967083347,0.07899710498444985,-0.446113328069447,-0.47306584639216986,-0.49089012120387737,-0.18214971295409216,-0.027330200821190892,-0.053527953991567304,-0.04438201367132636,-0.034385299315898385,-0.00021459016196296544,-0.004887898681900059,-0.010542140573777437,-0.01252016669063789,-0.041665741287750524,-0.03624957648918121,-0.02879888256746004,-0.005971466630774227,-0.004721559996241213,-0.003402126903917571,-0.016388384505727892,-0.01342623349439917,-0.010234801109363582,-0.030234370920797286,0.0004931063477974507,-0.0014391222653172206,-0.0035725098029894074,-0.025305358425679526,0.027799201213886522,0.014696642078639714,-0.0006469711892038584,-0.003688354453800126,0.01340027319958645,0.0036019282285341746,-0.003646304117460129,-0.02306532426616833,0.005466310807056785,0.004365623012139769,0.0027578947733238757,0.006517074283641095,-0.05432932684590687,-0.056192919061704816,-0.05411960315496875,-0.03777005124078303,-0.0368813127386787,-0.03102989259767566,-0.01497620475516676,0.04125943085881822,0.45164464956893585,0.01117513447486798,0.003649975364214204,0.005859132103609707,0.6129442045893422,-0.46731462615639674,0.0035603786760959547,0.45164464956893585,0.0026749359650549433,0.24360656209387765,0.27693400033291,-0.041708501733002265,-0.209086643613551,-0.2159851151642804,0.036409411171242675,0.014882376375586478,-0.1503832580270154,0.3002625943105219,-0.0017225450442990456,-0.013222834576612429,-0.014920504638429513,0.0030826213574391215,-0.03482664308502579,-0.015451773768653325,-0.008896175409570365,-0.1849634328727705,-0.3659901255237571,-0.045751797760773455,-0.05246267506269174,-0.03675936579892954,-0.02654141378837842,-0.0011611874324406976,0.026021496329836316,-0.029782925394420033,0.050920819839484106,0.050101590771195324,0.048267050921295455,0.01977074576546828,0.04180529493035475,0.19816360375533887,0.21846341152713125,-0.035645763303083146,0.27077934880319815,-0.0010565795002303242,0.0301675065973721,0.05536368149662852,0.25715363334546687,0.014448931873743184,0.22356042932862571,-0.2959892661272872,-0.007225046648945239,-0.00877472145246268,-0.01204019864182546
Opitz GBBB syndrome,0.035830424684300144,-0.002357316496721364,-0.019201993958499326,-0.1751035063980277,-0.4617916174467426,-0.18902187064848497,-0.2164472192151192,0.034044366652012395,-0.017310142604412142,-0.03618526656069495,0.035284801493410546,0.402393252335673,0.0036567679842005657,-0.04358223183285631,0.01595747040431336,0.02987473384503797,0.033028443869685335,0.7411104692127747,-0.04347963313636308,-0.026152509415228703,-0.36974956132754155,-0.03552841738400423,-0.4450110254909924,-0.46715286026086045,-0.4508596502147076,0.005484864052626262,-0.0014369035471797997,-0.001403536671984714,-0.0013615612140405792,-0.038552399823693254,0.307071500704038,0.40789038432463715,0.26729594007472607,-0.026772211582812785,0.31956618724963975,0.3170342461974753,0.30702747710176165,-0.13528326357337983,-0.0007179199546275083,-0.0027245376904403242,-0.004741640396767164,0.016609069080659122,0.015194823262115138,0.013474533845976017,0.013294627671391033,0.012042301752527313,0.009790121529590575,-0.02097049773097351,0.17712314583485939,0.17296191148971432,0.052108612999338395,-0.038943013464853515,0.5295725208955865,0.6007604114391562,0.5026690155677196,-0.02601660665461638,-0.011833233426759463,-0.009771544721349081,-0.006638776981753184,-0.0853192096832136,0.006626119791056047,0.0016464195687802391,-0.0031150641460605637,0.0258599111865784,-0.0017122144353358313,0.0008867545229243806,0.004788347267642465,-0.04721764962975762,-0.16843776481055683,-0.16690845194810933,0.3853053285883494,0.46835010829034984,0.48738555982048637,0.5490924210823999,0.6216698184996882,0.6340413903587431,0.5408010615459099,-0.3652335326673309,0.019172638479858152,0.48738555982048637,0.7510270268885848,0.7984382842646792,0.027147976431554248,-0.22030642805780873,-0.0024781905911160818,0.0017737684893101618,-0.20340128582327244,-0.5248314127644174,-0.03203646437063756,-0.017959442270060803,-0.00540298225321886,-0.0033277782620712956,0.0004644925960232295,-0.03553647322093469,-0.6874997360085249,-0.15013460641771448,0.4514689656073173,-0.2716818250682391,-0.037568522725195695,-0.20138927759456868,-0.20231405447166473,-0.17646803572408376,-0.045570455293376895,0.02295073418229074,0.26246731335389084,-0.030423301725769465,0.2726926737969186,0.28348104181505696,0.29086967083593057,0.026381123175374294,-0.04144974015627013,0.68808368013843,-0.04956769431431505,0.036929600162327596,-0.010495034861783737,-0.04326951463667672,0.3307171205192626,-0.014951320052689225,0.01995916518241743,0.7745227934216977,0.664168387092314,-0.3011639925276834,-0.01685857485797653,-0.034003601510959415,-0.016423358326505183
Orofaciodigital syndrome,0.016804084841295332,0.0200494891180179,-0.28377118047481004,-0.03925849702037383,-0.04535444351247175,4.176791964713797e-05,-0.026367260095556153,0.22758685451042965,0.0034958333279140196,-0.050475693648297494,0.045710507945250604,0.18594336531091663,0.06331157282966998,-0.2722205316990847,0.008411953227268813,0.011330645659945062,0.009919179498710375,0.3599059382769347,-0.16947948012400685,-0.037944553092336616,-0.0432672950487864,0.007364623524013347,0.013180153996540406,0.013486187907020322,0.011887951182492784,0.022091301766913478,-0.00754904389244198,-0.001845981712183069,0.002774163095632445,-0.03198756633486278,0.02749941042145661,0.3274614486452495,0.33499548743386365,-0.0024961142057839344,0.03626153507641744,0.0422955803515216,0.046988020358051115,-0.1512542772291068,0.030163868025444383,0.026157720597429397,0.020822172017873748,0.03052690774109225,0.028927137356759076,0.026255751426595968,0.03418605870541306,0.0306771944534198,0.0264142518433912,-0.0008768297703662139,0.033299017923261565,0.03622142011650383,0.038923183585833444,-0.04521247489476142,0.015391795335341678,0.04080795407891484,0.04885452365036957,-0.015079287547169811,-0.015759048434930038,-0.01790556620346328,-0.018508512091170895,-0.022498439711701516,-0.0017779921930291115,-0.006880949039081353,-0.011936895876006855,0.0020607008623787413,0.007666279222065504,0.01177939634706479,0.01575529624456938,-0.05671905427539998,-0.047041531042378175,0.018375364796413867,-0.0005933289593465143,0.02874763505687578,0.0140901806019875,0.010084401357519262,0.0037792056947497125,0.005604500307771994,0.057484534094608915,-0.008483202521552366,0.16514373679885183,0.014268574032375239,0.3162275893886464,0.37096014766670304,0.0001910422113157465,-0.0075840763899628,-0.30103082541235965,-0.20197536770030908,0.02448682205679753,0.007454599676140749,-0.037360344191455175,0.013516785737556212,0.019808490201572902,0.018444677737013686,-0.23509503865585812,-0.03039299836660825,-0.20504467292062922,0.005211662709302847,0.05606434427269862,-0.0023425085950912854,-0.028874154381527163,0.0020107580068430865,-0.00035076682356300704,0.006761838623812379,-0.013424524534915392,0.012306598185154874,0.2255139420141147,-0.019907310446239446,0.37224395306806285,0.38084101936642967,0.3853915793756824,0.004556216754923443,-0.04954745567046392,0.21486967359280978,-0.03494988564855251,0.17854114447202812,0.040914935948307356,-0.001302969128590822,0.03303117076475876,-0.02618061846825636,0.03587207780023376,0.352311491522589,0.41790322480617587,-0.05004172116783261,0.018033183903296,0.01800984359773538,0.019446957416101533
Osteogenesis imperfecta,-0.033144063135202,-0.009125407395730643,-0.20471404997853027,-0.039266341551391845,-0.4292082555302923,-0.2633442290460232,-0.3489156938989839,0.02229195643552798,-0.5071564704631965,0.026310311750802402,-0.04685096081987688,0.29356737405583605,-0.02479038560502005,-0.28173967044324116,0.028294944380308475,0.03442371119985623,0.030059733662958003,0.41659387677301035,-0.36269753818389394,0.19988038412721768,0.46810266649883037,0.033103266993682184,0.00218921915333391,0.004477801270844461,0.006325885485864074,-0.12419247792689046,0.13696378670764206,0.042976075719223836,0.042392313492853356,-0.32040436612590373,0.44528344000423264,0.5652321899341521,0.3906988958915054,-0.1381031937348152,0.34445886584044694,0.3293255250386531,0.306076568305858,-0.2588166530882684,0.20629026404172307,0.0605216063595627,0.053461122149217555,0.0527619294671832,0.050005279871022934,0.045683044185200604,0.05185738265133671,0.04880665171367778,0.043903653342073926,-0.033501713265207136,0.29410819104306296,0.279009137606026,0.2608342407445075,-0.3133030795914938,0.37173782052207627,0.42208268542029903,0.3303894295047635,-0.0438910956228175,0.02554585838230559,0.02465779023310168,0.021533536029698284,-0.033327526136945465,-0.0054451493368454845,-0.00877375621854797,-0.011299138975595832,0.0004469759499742101,0.011642353348941073,0.014870389383759263,0.017446412134661388,-0.045598723456342964,-0.3812373366062171,-0.019460572708736096,0.6084603554408933,0.041766479561851866,0.3494059988379198,0.38343082289827257,0.5939155116653084,0.5822058204926235,0.05359655510005369,-0.013699013865335851,0.03435707869023112,0.3494059988379198,0.3929149775002171,0.48486301181429936,-0.007481364044277289,-0.02398921976331198,0.005287310446250866,0.017767535876100006,-0.48225478783890496,-0.5905925162415945,-0.21116837799914626,0.01579109471370035,0.02323670509825372,0.029815098947607338,0.14527673267712396,-0.019558316454257,-0.5286549641758479,-0.03649520793979567,0.2826196219357931,-0.03949165781563718,-0.07612075324352598,-0.04190625852393539,-0.03667531694778573,-0.01086099587299787,-0.025831545799479758,0.026469426898951022,0.3337026267706869,-0.03269403855580075,-0.002024571787076064,-0.003490307162893981,-0.005145641308494917,0.06565305624491932,0.04216319045359243,0.4125393225414232,0.23379573692451128,-0.033366754794358654,0.3762049489385466,0.02538778482074739,0.25244243785277015,0.2966785132753435,0.07237973895708912,0.5231235943618755,-0.04361830893428811,-0.002109299371597604,-0.0024775171077664384,-0.0034070420968667016,0.013241325190931392
PETERS-PLUS SYNDROME; PTRPLS,0.05696683562001678,0.10712580599507543,-0.06744484819437582,0.004642532859681186,-0.050463855598090475,-0.05461150161235642,0.009484222746611431,0.36256080005408675,-0.020879904797477374,-0.3811537871903237,0.38485889007827634,0.003734795287644914,0.0032160444172124438,-0.07701603536339664,-0.0016180104190223058,0.00517993450750949,0.01242791142068936,0.03453538299586178,-0.07026794093116573,0.022864206997485974,0.007094903657199365,-0.0157628875264885,0.07083696078679463,0.0832528951835947,0.08740072273316588,-0.03853676047825988,0.0989003303832408,0.09979206055911849,0.09866700145785294,-0.06833957367515293,0.03204415130049462,0.015639570162165675,-0.004678041203059621,0.05344948470936901,-0.06333830943670513,-0.07576588645597448,-0.08539242654931334,-0.027839201349056344,-0.012528749804290593,-0.022190762452248294,-0.031528092910220296,-0.05329055808644148,-0.06390176308019951,-0.07082152132276578,-0.048966482847704274,-0.060340376208916906,-0.06701693397071634,0.06889906633865346,-0.06223154689237486,-0.07321112803133925,-0.08252944633294199,-0.04671810793793693,-0.05388534025688155,-0.08959211113406731,-0.09283392413257908,0.05266631412332126,-0.0981371418708368,-0.3669955345723275,-0.3869691114939893,-0.01929176792482388,0.0314088340192566,0.02380191458566041,0.01380899527217516,0.005339524338230904,-0.015899913003445284,-0.011813972481945613,-0.006173524617605266,0.09319573667257869,-0.05519692923696983,0.3260962885331984,0.012322902972808475,-0.02235207881618359,0.002401698768865686,-0.008374117896407712,0.005109031059909169,0.0027572667758244945,0.01375612458452418,0.05952651689582441,0.017568853261379323,0.002406048351017291,0.06655464336444444,-0.03356999047311807,-0.04113454189681446,0.012743166242589359,-0.01588634900506988,-0.010332114722753158,-0.027761581350375965,-0.011641487906854403,-0.05588593848956295,-0.030973057067181557,-0.04855933921623827,-0.06554151339884144,-0.06781029534411714,0.023586526836184018,0.003010222474389881,-0.021704497928936323,-0.01901755513396756,0.0003895951198017962,-0.03263607133224669,0.006407077653941484,0.0005806314053581597,0.02823016187234514,-0.033642573301423416,-0.0716782142847282,0.08143683667748823,-0.025023763962667925,0.015275256461591655,0.011871980148958475,0.007990990570674138,-0.340733517703603,-0.4059891508508322,0.0016989799591303428,-0.05422626152183481,0.3245025254147209,-0.35650762931625435,-0.3549560522620705,-0.08078551896880315,-0.38547144397743305,-0.05718683385353501,-0.032899496446488326,0.6496072420993827,-0.08583595956843489,-0.033327958361814035,-0.01268000884021669,-0.0463743437049876
PFEIFFER SYNDROME,0.05540284785636968,0.009715127399304472,-0.36678689405285003,-0.02679435375660159,-0.055658427215078084,-0.02187666931384762,0.0019391361867021665,0.4936582859378045,-0.051591552278442615,-0.06580851066647922,0.05383125110726309,0.04921766336889778,0.005423706505777748,-0.049122290931889204,0.0012298486069221635,0.011419122894733581,0.019150938105752958,0.04584147484386966,-0.24365009002565907,-0.004096830529830818,-0.01004364264348155,-0.0014005165772039976,-0.007612140047063853,-0.005963599548803072,-0.0036644338630738827,0.0325977527806528,0.2849533732730193,0.2953529782073391,0.29963371174816034,-0.06297058803891782,0.0098386018077709,0.02567754484966959,0.02480762062868887,-0.002152587650010784,-0.05482445147938919,-0.051262108401423354,-0.04648331887826188,0.0032784341513712374,-0.051894714456541716,-0.043023469518263135,-0.03114259236904635,-0.2109045343860712,-0.0608279966117398,-0.05339300082709837,-0.21417355111768333,-0.061162265234133685,-0.05272842415804444,0.023783718581874738,-0.060653645067715284,-0.056183006364078296,-0.05069669730168056,-0.21408793043989274,0.009145671768526792,0.007933843985426724,0.003078097751979506,0.06655796873707544,-0.3218147728014915,-0.42510876845467704,-0.41542774924311954,-0.008161269871271663,0.20056138967673773,0.21154548726087624,0.2031487678371174,0.006558796054453064,-0.15424654200623894,-0.16193855620851838,-0.15910159518387423,0.06991646235025778,-0.21975242902154896,0.21564119962020334,0.05234774640714068,0.03424535782383775,0.2772924353383283,0.03995400370228552,0.027048458180068374,0.03345342958931593,0.08711848662406159,-0.06579857530423718,0.007602802451131259,0.2772924353383283,0.09784070423603851,0.10073159119207131,0.054054557905374445,-0.0037250488378946975,0.020234649094373204,0.025270450830575452,0.000734964133605272,-0.01342228016045883,-0.17247620482533846,0.12564618707688574,0.03582426871359396,0.02066413161920283,-0.2115185463295425,-0.006844462430096093,-0.03185400848098003,-0.003891042954615409,-0.0020930530621238587,0.03169273531594285,-0.05418260861019188,0.04181922597157639,0.03567961580766558,0.06686238497199312,-0.0014748606518996006,-0.0706686819456654,0.3399217375498115,0.009877007983644642,-0.006377619855879731,-0.0036925406030776276,-0.0010427872623773188,-0.04096557607987061,-0.060606924745389736,0.019946301869129716,-0.040988369254291494,0.03358249886256421,-0.0536085111513036,-0.03485903934657111,-0.00923390302489663,-0.06723190595745254,-0.2028214829572614,0.061557045111074425,0.3896763674484547,-0.008023483602755318,0.011342704172679805,0.024250487963715966,0.02336510828089646
PHELAN-MCDERMID SYNDROME; PHMDS,0.02143458146939233,0.03365164761504678,-0.05224979749592242,0.010380985429647905,0.008724218109176597,-0.00249260140515547,0.0007727384913323412,0.08469592183960377,-0.06658528984399566,-0.01724577205003498,0.006296455737447728,0.03825316462524141,0.0058383870628869565,-0.02678703094869405,0.06735580353661685,0.08436609984356085,0.25058682022654466,-0.022657202944138116,-0.024259852738920902,0.044965358107327526,0.08904821103122668,0.009088906955656804,-0.011385479804359777,-0.008743800831629739,-0.0049942412025660125,0.051307090850986205,0.04439588029684677,0.04022617308522102,0.034257372768170986,-0.008602958556388653,0.0832193932584619,0.3131979749842086,0.05106473987790408,0.0011038596683330501,0.011835702102145716,0.010178960811294725,0.008401342392058423,-0.015089561087527532,0.02491270109966226,0.029905482740548654,0.032720101947586094,0.01785063862825082,0.02009693960717087,0.02129713725774394,0.01828732983090414,0.021674939774670818,0.023446504903751112,-0.018427758108970536,0.014379380989069837,0.014030871172501099,0.013072722194934347,-0.005086738987792671,0.0036161380547797555,-0.010606891700377203,-0.025730606629040774,-0.04631777191934916,-0.009551137191279905,-0.009879213041989104,-0.009641338914089177,0.0027305228837825306,0.0008607603711665312,0.002844937488474066,0.0047345521531122065,0.006689807395547868,4.122148819804115e-05,-0.0004171954692586047,-0.000875822365662508,-0.0023592431297354754,-0.025397790107928628,0.025680570307400473,0.04577929712430099,-0.030828117744264336,0.023895765125387873,-0.03198743969697488,0.005012593772094905,-0.00026392040168185933,0.39186021869673904,0.01806621400011436,-0.014189306317754849,0.023499264475200368,0.024816065939953124,-0.002498686450441755,0.0004464705745532969,0.02086556096795682,-0.028313642949836203,-0.04125037615956917,-0.035596761550661236,-0.012682128494453028,-0.009580360864427226,0.04516298219779358,0.013420063378289996,0.004766362861836576,-0.030417995363464453,0.01857712825198643,0.009365027575776137,-0.014327797607087868,0.004951252776867028,-0.006601487304990084,-0.04010810876073645,0.00014046316996106745,-0.0048303702314285,0.005300777269644187,-0.030630826206413306,-0.004008366816359891,0.02221518829612212,-0.029851344697559262,0.015697877311265637,0.019464234437929776,0.023555456600955926,-0.022525426513103294,-0.009256308204971574,-0.028801437018714793,0.005081873779052503,0.017424227856518943,0.05361423805433377,-0.011336626844927852,-0.0268675752008872,-0.01875216433207678,-0.010674622224206683,0.0017654504759846738,0.0035640263294939986,-0.061405353964858626,-0.01716758658208045,-0.009122218645046575,-0.0010731678913248213
PIERPONT SYNDROME; PRPTS,0.01600553486228228,8.178961280173263e-05,0.006963971505365329,0.014041791548484723,0.01653737261265181,-0.001751680832240113,0.04333386976193056,0.45397074501958656,-0.028535327170777617,-0.007229665933904027,0.0320564179777276,0.02906523892485977,0.02619619665661381,-0.006725173957694022,-0.04320266824075564,-0.039774481900309654,-0.026098877988277085,-0.3543076365664009,-0.00655512940570169,-0.013146039832553668,-0.018389327836420024,0.0014179984388795776,0.09260956936874029,0.3090671340524356,0.29497570953018265,-0.04017938544352304,-0.0006213935048629635,-0.0002773309121150937,5.523675245751115e-05,-0.00647191177377873,-0.05374738871307398,-0.04377740835699711,-0.008221589997402023,0.05470343244488896,-0.4312098893347505,-0.4266674047759692,-0.4131020351414719,0.027484794673500304,-0.3640879681688793,-0.3421434173669275,-0.2429771142801517,-0.41429636858489294,-0.3980943534277378,-0.37062266892251977,-0.41214004028086365,-0.39651813464409047,-0.36657977956765686,0.07264825955808454,-0.43415709603974745,-0.42257273469815104,-0.4067711352161911,-0.0019218867758373738,-0.24082119788756773,-0.280507366101431,-0.06767171471515096,-0.01819797870468026,-0.4436050954237183,-0.4589318077286801,-0.44141357128331266,0.04924689105972457,0.071898501525085,0.06388191023488891,0.15526574893346717,-0.0867983675699961,-0.21770298099339566,-0.1858941838158903,-0.13158275282842868,0.024019020318197887,-0.009875673934909124,0.07232404861777045,-0.013255023435069254,-0.06668561766465082,0.043583535479249105,-0.2947544159602623,-0.07048810258723151,-0.07855210784586018,-0.0002919306731126326,-0.04037514388009776,-0.027990750784382238,0.044304174897073896,-0.04909432402143005,-0.055261799388775124,0.024652512391988447,-0.005944468219338945,-0.017632664321899076,-0.03198230379641416,0.006371415147173091,0.05934114792796159,-0.03317400656914501,0.002515835839418509,0.000719393587894892,-0.004640853355103509,-0.01169225690897412,0.011148862009527178,0.06788814531711253,0.006817088951928856,-0.033484689278675074,-0.01826390177754295,-0.0447830577330805,-0.009691248785482946,-0.016377564282606814,-0.00909238977090154,-0.02615582675850728,-0.008061307815027431,-0.0011942393373303767,-0.03700961951269843,0.013860557307449728,0.01305242270305436,0.012932179164495678,-0.027482906357753478,-0.034314129364318276,-0.05849496025391641,-0.017487638826683107,0.029277471767363037,0.017670489495574204,0.01766295147218784,-0.018865756054378794,-0.040219569166170824,-0.02430522772154885,-0.3041087891830932,0.05927026445983004,-0.22578285074696974,-0.009425213098647509,-0.011625659573315442,-0.00762443735841011
PITT-HOPKINS SYNDROME; PTHS,0.014683840276650439,-0.20372023065740014,-0.019926600160505112,-0.00233082908999918,-0.023379406685716142,-0.018490633418537628,-0.09788746895367234,0.28440150812980286,0.030751451454822207,-0.032447607252971696,0.018063848345198377,0.03519813226817897,0.019364166789256936,-0.03582780059142569,-0.1919364899640835,-0.14295835211614247,-0.02894116832845371,-0.0002596084404759315,-0.02154335962058442,-0.021248737583264114,-0.307815290449219,-0.028887806761219208,-0.00600589168155961,-0.011488210578857327,-0.015739002702122744,0.0018937262355720938,-0.2814603167202546,-0.272357894095545,-0.2572963546420801,-0.005364500011213884,-0.0068263207128121655,-0.009239643482421248,-0.0053816944110155725,-0.026287209530271062,0.00538119697417799,0.005637057738692655,0.005860889466393345,-0.010433763490907681,-0.024103358666770235,-0.02101850759774813,-0.0166365301336101,0.0004850477110440488,0.0015772983103623617,0.002718406185442973,-0.0024428218088936118,-0.0008322303203528443,0.0005118609470018744,-0.0221848726215444,0.005179301888621427,0.005522800685724583,0.005744545524320304,-0.0217124318475425,0.026566891645057166,0.026059000968747033,0.014709792505865623,-0.01072127848513289,0.017367047788227643,0.024423283753008118,0.028801005828699454,-0.02694589190816647,0.0041187021182377825,0.0010746756651042405,-0.0015374511057284052,0.005496510991782859,-0.015229167909650815,-0.0009692354491680548,0.0027358954896023998,-0.020912907141921244,-0.02870034825628382,0.0024820959855055926,-0.033055865929172805,0.01614916750675684,0.24480546501256736,0.004258064053721392,-0.023278506118518807,-0.017411105673460898,0.05886621088567416,-0.22793836748152185,0.02099227472911353,0.24480546501256736,-0.018714741105654135,0.028569894866396387,0.03132984725676586,-0.017993389188885017,-0.278278455192071,-0.2674425194600471,0.1238988852845542,0.03364115217522779,-0.027018781375799036,0.007876661186382984,0.22387075208200377,0.20108621549462727,-0.02487730000410663,0.003813869687312674,-0.02721232224837806,-0.01381093485322401,-0.004392111185271657,0.11874712215787242,-0.008094574031093921,0.19701562303181683,0.12649129827770975,0.10268858696124686,0.015196808644390117,0.012988730661088766,0.021072869176776345,-0.04108116441289058,0.23157655406747937,0.2342647506162825,0.23457690201811585,0.00015974249300202437,-0.019038204394112527,0.028419502131563693,-0.015392232196051469,0.01926004576040228,0.04280581615647223,0.004951006743981869,0.019082554583696138,-0.012832723167753074,0.026488503191580155,0.009096754358528943,-0.00924787567650886,-0.13962000087742088,0.1659768141888247,0.1622534072049955,0.19344999883203517
POIKILODERMA WITH NEUTROPENIA; PN,-0.002868161209030342,-0.23436939043259525,-0.23528091941090437,-0.02725251734875516,-0.00472650659438865,0.020583436947469638,0.01931468397528515,0.3942672719494814,-0.04442800221089504,-0.0014281098668646108,0.0030276565471858345,0.4647489151225788,-0.010882315879688898,-0.038262575106865745,0.017591366611152192,0.01114240462109429,0.002577721576464589,-0.005941565662720426,-0.04802628316215336,-0.029387806708949856,0.007376585306851674,0.03612256776377456,-0.22432720033486528,-0.21668649766637027,-0.19021429052378802,0.008164486476121571,-0.0353438961099977,-0.03392554643813917,-0.031561228437836354,-0.054464808945074404,0.026094352601303255,0.07598887470979258,0.24563230461334987,-0.03538401287396955,0.03628389834409743,0.04071303657273484,0.04455278066365464,-0.03605201224169779,0.005867268882022216,0.004395029049283338,0.0029012480265664586,0.007028647674066629,0.0037536853315907133,0.0008374336365059665,0.0060093053054853214,0.0019344209553816222,-0.001273606603494048,-0.026115827640225416,0.024374386494049747,0.025410660048546328,0.02593489408920663,-0.03428861535613224,0.2795998936332495,0.40872852759910844,0.3950337281986072,0.006236048156979277,0.00223303898189668,-0.004054778865794797,-0.011954758061696229,-0.032985919357332714,-0.007527682668968817,-0.010981708542389064,-0.014079082519447814,0.002325282109806278,0.009297185044170347,0.011705231812999083,0.013181749246710272,-0.26309946429495745,-0.18986798988339826,-0.01198874487117121,0.04326790771331709,-0.0039001468580922138,0.37389133655532414,-0.02807145118344103,0.02690289407153302,0.014687486207739171,0.07086444327820501,-0.06454132003839723,0.02200781533452767,0.37389133655532414,0.02210544305624538,0.4076074507676373,0.02882176361028591,-0.028011538947858634,0.007745721565758346,0.016664895668718666,-0.025808397520206448,-0.026174541228133303,-0.2271924824797101,0.3740676980802041,0.00567037254760692,0.0013094443087605376,-0.040019508329913925,-0.04197239208932549,-0.03761101971707994,0.0273692398514877,0.00749121738547161,-0.04689072480013451,-0.33747233836863527,-0.03154874236974737,-0.04026565718823497,-0.021671057426728774,-0.021199943210284195,-0.009392991771932976,0.205756533057162,-0.03940877969841554,0.38612652011352155,0.4124062621882584,0.4339398640090841,-0.02277950714132583,-0.006112446846441907,0.0038606197945736027,-0.0012958700026580044,0.0261792203771126,0.2666652668246491,-0.011379286814720502,-0.005510478436846139,-0.026992672884985473,0.01255954465077548,0.4028939278171603,0.40877977063342147,-0.3823457074890661,0.019242738639459387,0.01413123295211513,0.006382327715078265
"POIKILODERMA, HEREDITARY FIBROSING, WITH TENDON CONTRACTURES, MYOPATHY, AND PULMONARY FIBROSIS; POIKTMP",0.034970875738544474,-0.0049308885502823375,-0.060804583472325584,-0.04913595403214811,-0.07105314411071692,-0.011331259819640942,0.01638018333279065,0.3863661561020675,-0.0024923614340086352,-0.09368875677717275,0.08115604437241813,0.022250553747196585,-0.01225836649869395,-0.010404635610853976,-0.03175106854679611,-0.051905247316614646,-0.056585048132819775,0.01975537820992682,-0.07399940481715846,-0.042851098952779644,-0.0777212814093967,-0.005892741461641694,0.032232810359437675,0.040188382362723686,0.04385473456137988,0.06546723428557905,0.011939174464430685,0.007928546100356416,0.004239360447817194,-0.03040396046707228,-0.010977504620681143,-0.014709927268237206,-0.008271790401395035,-0.045131065048782254,-0.026054852548232175,-0.0226439511866746,-0.01822296321739578,-0.04235634847770788,-0.022274411731042033,-0.026972464643292546,-0.03019688304580605,-0.030648565628200612,-0.033294116798933036,-0.03384619113369705,-0.030253481261088212,-0.03336619213121753,-0.03424902698601041,-0.02513931145282072,-0.028852078960358837,-0.02677836538440479,-0.024965992414258224,-0.07344419171019538,0.004883559005540314,0.019349229314751533,0.027942096490019424,0.0009905821424251082,-0.06479809706725151,-0.06510736048658691,-0.058793482874416624,-0.0004148632305847625,-0.004878491972633889,-0.004511608806171593,-0.003928730739031195,0.004591988337770137,0.003125408074919957,0.0064584041759004765,0.009668163831408318,0.08037818012616002,-0.07603392022433085,0.03540071958447572,0.01165918104659554,0.03147752109720525,0.04290700370609219,0.01708166246307186,0.02341487218721361,0.023164750600535685,0.06345749265715334,-0.018134267926329193,0.022990104626041827,0.04290700370609219,0.027865022791280798,0.04081626772598662,-0.004141381324258159,-0.026022761571270498,0.04593523397594999,0.0595308430515923,0.0047417102251843864,-0.009041334366553043,-0.053589238461398576,0.05460410819521273,0.0058963434594252705,-0.0017422934538981634,-0.06621356173201173,-0.021194864436758196,-0.024216327799601978,0.009869729861271317,-0.014960037447969836,0.0022481751156480647,-0.06364743446308746,0.01460244538179978,0.0034317067765566567,0.04309018777952495,-0.033712499438008484,-0.06001445175923649,0.06711257933768344,-0.03922717057059469,0.01586065726364834,0.015604740851504375,0.015403282407419224,-0.08538008508090332,-0.08923015296225116,0.02493709861016473,-0.013793648112471812,0.0597144589927008,-0.06381914561521182,-0.34125599859952804,-0.059046134751902395,-0.08438370499642688,-0.017445085530171787,0.035329241494430556,0.5481146091701522,-0.32484816008731393,-0.008451169404291753,0.0021732874236589515,-0.00018409458170927958
POIRIER-BIENVENU NEURODEVELOPMENTAL SYNDROME; POBINDS,-0.07855527483955974,-0.04106961078452539,-0.012082915634294226,-0.052682964090102626,-0.049453914288386,0.010352411931431322,0.04270252930213235,0.08740340574884796,-0.0024288265043525027,0.07128989526074084,-0.04711001417546182,0.014136133268957168,-0.05449725880343831,-0.01865056781221262,-0.014207684679306318,-0.035316153671707595,-0.04590348415193319,-0.036604103081757294,-0.04463495072736894,-0.04905769007708062,-0.03969113853188612,0.014296390211135128,-0.08928235366631566,-0.08361824503191465,-0.07073896729162268,0.039972454550759436,-0.256753751129551,-0.2611252901562551,-0.2602892075340864,-0.040038612644485716,-0.06617724563867378,-0.0475815064762446,-0.002242670583913117,-0.04429222454805722,-0.002258135785876351,0.0012665388075650222,0.004942986823780543,-0.056318423920998256,-0.004167420328270403,-0.011190387473937916,-0.018102472641314808,0.007570482644777796,0.0035025119064680445,0.00017427705999251985,0.004057856664296079,-0.0005438556632006884,-0.005453144097502934,-0.028226773093638118,0.002485965194815449,0.0037458577777245514,0.005094539531692486,-0.04944224469801859,-0.020034624902580858,-0.001969692732364199,0.014577988033478165,-0.052021227058829146,0.06221180734185246,0.06445488622337561,0.061129940398092664,-0.02783212404985184,-0.00437373309340282,-0.006762634531436195,-0.009230149757570597,5.390525983488972e-05,0.00578606714671056,0.007151582416777314,0.008062643205657758,0.018576955654885416,-0.06698657277784824,0.014179698783133403,-0.011705395065671531,0.03167662679941759,0.3354505998940253,-0.0033050822836482607,-0.026289522601667226,-0.021606259561120795,0.08364470839767145,-0.014495363920150302,0.016921993057276027,0.3354505998940253,-0.0861895623663331,-0.039515779844441205,-0.004413325998659839,-0.0193230192315642,-0.23845511029992417,-0.07310528754991434,0.0636240313010097,0.05727404781270699,-0.035431976108181426,-0.004666448807883204,-0.07851031534987728,-0.08352184297936441,-0.045820972629193456,-0.028045447204507884,-0.001207224105322923,0.02917451288398853,0.051279048193846155,-0.28743730215071833,-0.05282638633818169,-0.29073949026277046,-0.28746209768206377,-0.26737413024736423,-0.255052156618894,0.06401602131782287,0.04043428585769762,-0.03357427647031576,-0.050682172700489,-0.05225551577292717,-0.05451528333694013,0.010981929611546155,0.042853774770822264,-0.030937073558511607,0.010662793901079201,-0.06349958550445406,0.025879004224103042,0.019959092291633777,-0.0029303922033779,0.01867356915833867,0.016406220782008228,-0.0442984312206783,-0.008728695471229064,-0.07739990309472267,-0.06498483764166936,-0.07054172732301235,-0.08151573574956783
PRADER-WILLI SYNDROME; PWS,0.1956713867446322,0.3668119752091071,-0.033762712811147344,0.003331219267548483,0.02352336698252836,0.016897815809040314,0.006899580488147099,0.47943134605175936,-0.33729051420618045,-0.268668565326489,0.22695070724230312,0.004552413977362104,-0.002259172044599217,-0.031153871486408857,-0.01605869677858229,-0.016724591691301968,-0.011837945414550695,-0.4096602399945832,-0.02477564073887218,-0.001043307518602953,0.02914937695144289,0.02001143556869102,0.0092851959074771,0.013715498701870095,0.016046752419451818,0.04554406706504456,-0.030605971392093697,-0.02773023347084875,-0.02389067105006745,-0.008340698334332418,-0.007986505448917115,0.0029291863390754646,0.014668133750083585,-0.028651680147939444,0.01018447178762999,0.010632393213418497,0.010731722577892296,-0.12519438310990594,0.3046565340050092,0.2900847137333781,0.2613159591557881,0.15528588488537223,0.0462740966012899,0.042429068700214026,0.16917290299703996,0.16035017044690306,0.14444705397370192,-0.03051253329817404,0.026147449013342667,0.02527379922337364,0.024030592772394988,-0.016849074875347498,-0.2502785038795196,-0.28980972652550513,-0.22186469150422566,0.029406354806915936,0.024372056544142214,0.01614242275031451,0.006533380020289318,0.0019849596724064527,-0.01068389339327045,-0.013386083902686445,-0.014541077002203013,0.011151251487911195,0.011980647045195313,0.017177352520121886,0.02191670102141838,0.02952050559992652,-0.023365369853666634,0.28180270250270095,0.14103989526991184,-0.035229986493842826,0.4202152842772351,-0.41434907645924246,-0.02064901978088642,-0.04208104036609067,0.04924431530011537,0.3568303106968812,0.014482741221952604,0.4202152842772351,0.011827523273188308,-0.30791648886584233,-0.1422927077737836,0.11990833357149216,-0.25540485367650484,-0.24753753259021793,0.003679494629565145,0.0321328729423603,-0.11823291610151838,-0.017596139575651346,-0.03163335368745813,-0.13852874557661868,-0.021672465597778395,-0.002278849406301255,0.12714734028722313,0.016499297485239536,-0.0002354894388031042,-0.024130468271938963,-0.04184739223049468,-0.012638910649796631,-0.024146249821395245,0.0018707866041642182,-0.14979954616379013,-0.005748781151666752,0.038551807610481936,0.0035195571089616717,0.0001588784807792698,0.0023649063698038997,0.0051322924116795465,-0.15708747489218455,-0.2327045386202947,-0.3024210600401929,-0.25665240079197593,0.12054358726235999,-0.04134572099586209,-0.007803634970990557,-0.1559403973585487,-0.32518649405580885,-0.14470391606525027,-0.17846625178201037,0.48965243976970296,-0.45381940674887805,-0.21888517202227836,-0.03812452436888373,-0.1383500134936528
PRIMROSE SYNDROME; PRIMS,0.15417993099009286,0.1496100507339041,-0.03829084691047001,-0.024866448806724197,-0.014481349262654979,0.011481724357277819,0.029993744145378722,0.4641812205565604,-0.24390701218388275,-0.2428021188177784,0.1629763882208604,0.008736668340810059,-0.01826176920747796,-0.14628339789422343,-0.03179113928491823,-0.03618222524505891,-0.029669188578144975,-0.334416483950364,-0.17967843334160735,-0.016893087434992855,0.005727220795148315,0.022342395864151102,0.22320897764973935,0.24054614311009842,0.23448875318507226,-0.010325729817081795,-0.015361331267238144,-0.011999703311792,-0.008765659130181125,-0.04133199448730314,-0.033702148551733174,-0.019756535071561755,0.0031330282065098474,-0.024544742513498332,-0.04044185996878194,-0.04001034933396424,-0.03867111525227279,-0.02319159213727813,0.01173394374025558,0.007939992626886888,0.004171272622279599,-0.006110998259808017,-0.008324604896174849,-0.010091327002013319,-0.003667836038699486,-0.006687834623380722,-0.009601592798709518,-0.011672034938324064,-0.02822289999730197,-0.028047265206979158,-0.027873720583007917,-0.040151227901438644,-0.3326363918378528,-0.3678551372489186,-0.27334884594747766,-0.004079934991431759,-0.14813494581647332,-0.1785185265198376,-0.19264591673144937,-0.030147921438383584,0.08867468657290861,0.08143242580971656,0.05275935656808364,0.003508183446359742,-0.026645053787252283,-0.027029703011385343,-0.007559523230626273,0.22522537641397006,-0.23967501110121436,0.24461003048015237,0.03616118776314712,-0.2452319623232337,0.25534034254211674,-0.40418297663335834,-0.0002907417364973818,-0.021758182513064942,0.001156261075787877,0.012865126879731442,0.03188494026061079,0.25534034254211674,-0.022602282630933185,-0.2865712960712125,-0.002609725574635121,0.00693617586955354,-0.3027779864812309,-0.2791294395464232,-0.04475160226169103,-0.00629925121197237,-0.11732634204888003,0.029786260626685303,0.0070761992759222955,0.00020920422076084209,-0.2508278912269476,-0.0038370946360926778,0.3032376518839147,0.033428719457821346,-0.17289606226082266,-0.0035430936238735294,-0.11725575392582395,0.002932087834003683,-0.0033842857677709765,0.01591345400266484,-0.035022407368247514,-0.15125635882582716,0.2803617112126674,-0.03743078714430508,-0.024985637433704445,-0.021784416327929053,-0.017820276177800257,-0.3865011653521199,-0.23117999626668131,-0.33288867255005866,-0.137461734948838,0.028446921054823375,-0.16618256977448687,-0.2926003155235818,-0.36554816109904803,-0.38664828873410884,-0.3397794907942895,-0.35192677216996654,0.2727136322589502,-0.3266375303675413,-0.01632693455531497,-0.005426331699622922,-0.0020735473990567874
PROLIDASE DEFICIENCY,0.03524862795563515,-0.0699884844230399,-0.0863390564987703,-0.014211609903209878,-0.010647798901853262,0.003287899550176663,0.044428267258488946,0.08649975139297256,-0.04797642384871145,-0.033394842896083986,-0.001712198829679564,-0.007537318184200924,-0.06195700426278952,-0.051261721203057053,-0.015484290789204174,-0.023569394688243216,-0.023982450659038874,0.022220082571078593,-0.0720651797740735,-0.013273069231862687,-0.02346080305951489,-0.0016639288020182915,-0.00024138177719015152,-0.0007286185516748581,-0.0010627772921539284,0.004662188023897226,-0.042638829910377374,-0.04702649860790466,-0.05027027687261264,-0.0773570263969958,0.005065118070694026,0.01649417947943757,0.018251622023166165,-0.04312451087967469,0.33054953904453555,0.34009551021599527,0.34240013291039395,-0.05101726552600096,0.07826761864637148,0.07794760565626595,0.07363307887574877,0.0846684671307178,0.08211486556497341,0.07716741201981911,0.0867016599696013,0.0840004043338678,0.07817884191703946,-0.031096003385508292,0.30799419849060816,0.30786800158579375,0.30475152907315944,-0.07759571287440105,0.06855543190096053,0.09224974852666573,0.0837721610280764,-0.005627301894368915,-0.0004982175289179486,0.0011750925821217546,0.003010595465263823,-0.028675456006410617,0.01019468361376338,0.00602464518587276,0.0017304877723953122,0.001632118595651966,-0.0012580180855652223,0.0005172478216541009,0.003100216025494943,0.01766138951888259,-0.2942399751591232,0.030453805440713265,0.036326428415254346,-0.008291171693553806,0.07408646979725685,-0.054185775407514944,0.02084739521088599,0.007905369453559583,0.04673700870570914,-0.0067795978694737925,0.006883068619687293,0.07429968244997646,-0.03963082576412101,0.025546729833393712,0.02844922677938178,0.01456862581462598,-0.08027775759000758,-0.08139968968347394,-0.017700795108359674,-0.012108022644739331,-0.20798765088392288,0.0010597932645268237,-0.03249809320803725,-0.05301586482782716,-0.07609561199893809,-4.516829598079325e-05,0.05406451596259273,0.017724520057220746,-0.031242070814951492,-0.007484010131646121,-0.022098652000702285,-0.0026847675384625035,-0.007705556308628694,0.002283423178336982,-0.051954433058438394,-0.03353842449313081,0.07002378775563667,-0.02816059106638054,-0.009977020727869204,-0.009822244461201796,-0.009159265979240518,-0.09189075588451756,-0.0016975658861907766,-0.06515528547955877,-0.03519321884958181,-0.01108186129911487,-0.018590611895948198,-0.08396219984235208,-0.29057081895200904,-0.08347945480102087,-0.07726523576807595,0.06213021351786048,0.048188515715151994,-0.08052591813686075,-0.31816712687066107,-0.08611339988300877,-0.07137914426840371
PSMC5,0.04133723048044985,-0.0024783464855912323,-0.03874238935518924,-0.06032000239062803,-0.0380072973150983,0.02757383325327478,0.011714090856367654,0.4411129826816757,-0.21959247748058172,-0.05600758666226526,0.04014701224871039,0.07392797418093479,0.02695988400154834,-0.03762235530464823,0.016668262751748163,0.0077795866449706305,-0.0003276953467236294,0.02519188245570827,-0.04334399338469471,-0.03686535585836378,0.039685353220683,0.20202507077155132,0.032319672447737896,0.03559253688967685,0.03433722804799108,0.01966544305814059,0.005835114404578767,0.01225214817773904,0.01891258666058674,-0.02679172749082935,0.0029412482712274425,0.23620154023662754,0.3772274010137206,-0.029764660603402434,0.026518858314145837,0.03582769493257801,0.04465554233269769,-0.034772023819310126,0.04358296178092237,0.0323212647433886,0.019807393018517926,0.021594934250053655,0.013670327967057628,0.006278161947545918,0.026242909749683675,0.016517415614215127,0.006867115702961733,-0.03359001658607117,0.021857620460381005,0.023829043881160007,0.025471051754314578,-0.03585581734769957,-0.0004449373567398326,0.03182700822704986,0.05768298026186733,-0.005686129687563831,-0.026268596895711913,-0.038637195440612386,-0.04718605553136602,-0.030512940723863582,0.0073716650451447095,0.005785431116608111,0.003912850678767098,0.002875311146681047,0.0020531087034436134,0.0028128543320962173,0.003195420935425253,0.00902944538986539,-0.052172336797935655,0.030151493321420305,0.24766484913313405,0.0007897212725658847,0.055701655133650385,-0.009441159741582479,0.21975065473259053,0.055273502920307374,0.2515670177449551,-0.01910503667865633,0.022629491598294593,0.055701655133650385,0.045427164350346216,0.062025390860448254,-0.003753671873667896,-0.021876336663941117,-0.03008293809778712,-0.0229665183580547,-0.056537258843887314,-0.06442894273073735,-0.24786045926419645,0.5262908966631503,0.03678936802487459,0.02809468823968915,-0.043204093884085554,-0.05341367623782469,-0.03731904351700205,0.03987624773035702,0.007633618293223006,-0.011837103039353153,-0.3280511187484437,-0.0008076566233189482,-0.007515143505481325,0.011390960160391775,-0.018498007115583196,-0.025916864775210376,0.0493795606718372,-0.02538495783532704,0.0315927927221312,0.03873041777429744,0.04472918585099488,-0.049330669435519066,-0.04607959804899054,0.017595012989415345,0.002470516744055333,0.042546262794406015,0.00561209998191991,-0.04895336357405449,-0.022414252104828464,-0.05136777614784608,-0.04838679067616313,0.053046319817977916,0.0675833473874947,-0.33867375734944094,0.030893782272372293,0.03731915566651644,0.03393776210325112
Pontocerebellar hypoplasia,0.010669894607935956,-0.0006087312637107946,-0.0487601036268481,-0.04818740385627925,-0.177851271678317,-0.0003322218661976698,-0.19069697546721243,0.3564020921603456,-0.46192425180955965,-0.025043846296875814,-0.0020693118445075783,0.057528168910175086,0.02708184720080778,-0.053404078633791874,0.047703850572308505,0.046861930293477766,0.03273935703676068,0.043093550816088406,-0.05189573628458534,-0.003604343381345325,0.2959005660595998,0.06686045400375244,-0.00688187272005166,-0.012646919861365397,-0.01708808786780116,-0.015140318198200654,0.005672454862944908,0.01791337171583279,0.03027483450420262,-0.0486417958130931,0.03922827938223495,0.40744527517273343,0.4092140942102898,-0.03622432595977209,0.03945696983077864,0.04296634834558441,0.045187534203283995,-0.16000818800073885,0.05461940478034854,0.048289886512928225,0.039543694247768185,0.03644704147740809,0.029141185771189956,0.020386667979562987,0.039154105879603274,0.030967646626702913,0.021429471508742304,-0.031661658173003066,0.03825718155934933,0.036647630420364646,0.03482094718724025,-0.028368913932442036,0.018983357599481023,0.047389331611917364,0.05545669116234499,-0.03713599336643551,0.0005398889462121782,-0.0004951945544680493,-0.0015331475285501038,-0.13090467867761058,0.009694675400762836,0.0063344095286170824,0.002691069236840982,-0.00022885941858942675,0.0011460751204662722,0.002963127578380821,0.005061094717685858,0.004054652968593677,-0.05444257847524206,0.036516120187860115,0.49529266973960195,0.00709443707740599,0.09234091525711838,0.05771487398911724,0.36281059862906717,0.35523728153415,0.053294611182335146,0.0068611256799686925,0.05450518458066539,0.09276316587435862,0.03032693417432619,0.037944396296724456,-0.00182596343648777,0.0037516920623790577,-0.05319048621020138,-0.03708975814559915,-0.2683723933772485,-0.395463995447169,-0.038415085622193854,0.02861198284387149,0.025287223501914535,0.02078955533942094,-0.034114199333460216,-0.04489176583956394,-0.2560321649710315,0.012544118209751516,0.020995091838649955,-0.005738849874345723,-0.05190666828246893,0.0004959907763985633,-0.0035981483062059124,0.006494643651952098,-0.022349187609468975,-0.02107921859863009,0.052961405907224465,-0.05450508948225654,0.012745941926939997,0.01586286346171453,0.018163643935667186,-0.03566913785555506,-0.000679960095836388,0.03802486796995688,0.05775476952182866,0.003858377242404166,0.04711496367536256,-0.04885862997858926,-0.013300041741369555,-0.0031119327195167695,-0.011152827236306671,0.05620764933959667,-0.0010406423406977235,-0.2103930222919541,0.005677617030228523,0.011047444316742839,0.017095209830846596
RAFIQ SYNDROME; RAFQS,0.035193297868474346,-0.046416897084352114,-0.0778530324812586,-0.011426378462279207,-0.009751405266123846,0.004054139382896668,-0.00146627426334786,0.33857660584176813,-0.060123380045296444,-0.04123878444343555,0.019456383080151796,-0.007832233212138535,-0.04464209873558284,-0.043615071223939886,0.015767208238268764,0.014411146883265821,0.008312361958494528,0.007494481300137001,-0.07811421925776427,-0.0018232841274945066,0.026875308548652832,0.021463325018234895,0.013690522843414297,0.01507334480976208,0.013668037325029421,0.03712753034962099,-0.0005653304658499042,0.0007623309018160596,0.0022226898942672617,-0.0686436437089238,0.02099706265415817,0.04853629272111987,0.04589428781413799,-0.035478443418067426,0.03089363626650445,0.03191352270961522,0.031645851180859566,-0.057738269456372476,0.039959116803283734,0.03415851953601132,0.027934337869496045,0.04275582906418395,0.04187243552527056,0.0400577615387562,0.04293685371258671,0.04181235335459388,0.038172124082163784,-0.02733745476093908,0.03702965299945837,0.03752598850974358,0.03757556907036241,-0.07072924407692233,-0.004912075549330717,-0.002778992819954921,-0.0002083996164001286,-0.04690064719470782,-0.014010283853513964,-0.02000168828490903,-0.02300681206251132,-0.03081264199316702,0.020299038380433027,0.016798694953674337,0.012106639763668835,0.00148514176628553,-0.006105229065695045,-0.004869877254384087,-0.0032111867204691075,0.006730937141372641,-0.2721599629555883,0.05663467752873764,0.05499326962493837,-0.010266212683895801,0.0290603348308748,-0.05019711749757781,0.03342766681698618,0.015929648945660697,0.01083304602146347,-0.04761170477001815,0.026572174790369395,0.02867649496414603,-0.05124312532837545,-0.01057510187879188,0.024663590231344172,-0.015807861052874163,-0.06321441578763476,-0.056668441466497306,-0.03450758114905204,-0.029535183877076498,-0.03821620317852888,-0.02771635313795841,0.017747638137833435,0.014118184797153316,-0.07236173423355485,-0.0003376511114295482,0.05442531752982019,0.019620622015714958,-0.015266814815648216,-0.012778980574955403,-0.008133047583695964,-0.010083552649318251,-0.01389186230823834,0.0021955286101725258,-0.052834082157191875,-0.034859020619056186,0.07895973055114158,-0.04272710931864405,0.001851726293451961,0.0031102867596712303,0.004411935360305411,-0.43925978869047533,-0.02785131858087262,-0.2551287939315229,-0.0008875087533909645,0.022902912029552212,0.014551747238851215,-0.41643920283861513,-0.43808525217212174,-0.290543813410351,-0.2948256563977988,-0.024451692933124866,0.02226442383828514,-0.08024209178473443,-0.027059691363331525,-0.025099601265832935,-0.0013163670187674044
RAHMAN SYNDROME; RMNS,-0.0341550939493625,0.022277500466165726,-0.0032260954945814565,-0.006596083852027741,-0.03670011760337926,-0.024323804694397183,0.010896995799232945,0.4844620545894436,-0.03023026319485407,0.029111871562411778,-0.006415856594948816,0.030311643347510346,-0.0023193013736781355,-0.03649681165269883,-0.028823306683864826,-0.027438680578451346,-0.017666482543452936,-0.015444133096767386,-0.02767120074308552,0.004891936350385501,-0.0054084486967516665,-0.00971559577399805,-0.027637086302734776,-0.027720276454673086,-0.02440493514706204,0.015768967589027863,-0.22938095396171124,-0.22526014780332373,-0.21669661464180448,-0.002774592138461522,0.015026909817174432,0.009655529594603939,-0.0006564704446867413,0.0004586324561189321,-0.018660642129293713,-0.0261986926855637,-0.033023846302398234,-0.012848510013641106,-0.022422211655946454,-0.02481965022728806,-0.02507166131145943,-0.013890675658501167,-0.016689126349301298,-0.01858233597732005,-0.019922038976790745,-0.02126142992269734,-0.021596461340122445,-0.004914644444713117,-0.014792837533295796,-0.020219439021859357,-0.025304441739430618,-0.011383760514938817,-0.002731303054594553,-0.014011751821228859,-0.02085881306456111,-0.00039731101020105454,-0.1393006510741388,-0.13420601457894207,-0.03633307884322171,-0.014223934085811706,-0.0012527426446440255,-0.002441061117030832,-0.0032828636392255267,0.009301009644354413,-0.0047183316066915695,-0.0031497986071636645,-0.0014245595720985703,-0.032894765033736534,-0.036889714497105874,0.015019928385077316,0.043377980486032676,0.3501592313922553,0.5420269436709676,0.004795399203724973,0.16632645580879707,0.04496465148801777,0.33340724831487817,-0.15379766653817692,0.12668016059029047,0.5420269436709676,0.29773274058450194,0.2555981128115775,0.029154761100804994,-0.012612233030685378,-0.20779997853008497,-0.04131165162482846,0.21975065753612952,0.0018945197817208381,-0.03616064282213907,-0.007591381315508489,-0.013255619644443674,-0.021679388542822847,-0.025774249299107054,0.0005296563554249319,-0.04416657775081444,-0.015454623199163043,0.23025410394227658,-0.030158264537496034,-0.03428219490099042,-0.0247763929517982,-0.029021975271378984,-0.01695770837135832,-0.03652575951179893,0.007901761323284413,0.04018629137285177,-0.04637854305132011,0.009492080580445027,0.012029592384113545,0.013941868169072585,-0.0005292139485501502,0.004243422072550731,0.01624515641419255,-0.01116837904709046,-0.0024795974913662117,0.350078383245603,-0.0069875628945788954,0.0017844086812134955,-0.0158923283146978,0.023175934139869993,0.02689348052929545,0.015885911297574083,-0.15909240967592497,-0.16688548751082255,-0.15298995769484525,-0.03537952047447396
RAUCH-STEINDL SYNDROME; RAUST,-0.050913537506541075,-0.2436608354257193,0.0013364595116468526,-0.19196458104824696,-0.28430165514860134,-0.0010337157863909892,-0.2666739032358006,0.014394748739931478,-0.6288225817476447,0.029605617797253497,-0.23861236050865392,0.518446947102901,0.009161406030857175,-0.21988438429676146,-0.001094774367241294,-0.004832117789049895,-0.007598506818713481,0.014654970880784091,-0.05374134500427648,0.01881634408175549,0.5374544827716317,0.3088999300641656,-0.04263545675605256,-0.04808987612133674,-0.04855084973721636,-0.01911766724171304,-0.04764824819591602,-0.04289870887359171,-0.03687834750981546,-0.04730839823222677,0.03862749137678975,0.3741215108689893,0.36345384675095727,-0.043539832732009454,0.37302558988974077,0.398064117412053,0.41403613662104216,-0.22746892715546,0.3083321928766464,0.2313539882913169,0.20476405511548434,0.3483423487471152,0.3367847256016957,0.31527938580327175,0.34367999521407383,0.32608487011160286,0.29610455729907414,-0.03733086062484885,0.37371798226304087,0.3827563548025374,0.3877808712439542,-0.05722697627095772,0.16899033073607278,0.34346957442050563,0.350337860525314,-0.2545954196045261,0.3555827235882375,0.369794882047799,0.35419808027518784,-0.1715665893033741,0.0540784219881311,0.044337660144931214,0.029836563597363364,-0.0015582100807415972,-0.004431977105119698,-0.0031039768129889813,-0.001778816531627529,-0.036393699078696044,-0.2110842449425234,-0.04557890149613138,0.6448907246147766,-0.050874038919916674,0.5620864042274236,0.040932630709929974,0.4929890880391235,0.4566033742582842,0.04734716681363642,-0.04841501145055796,0.04269535033199502,0.5620864042274236,-0.01775168352302991,0.05578760352802053,0.007062545826069411,-0.03348277336377246,-0.22454630418161237,-0.06047341810197412,-0.6147875515755943,-0.591266808973651,-0.16902474738352116,0.16961853240611907,0.005981566402876317,0.004868690157799295,-0.03839388956734374,-0.04402303971171482,-0.2497026075651022,0.013129604361893204,-0.015586212842880904,-0.2355085335036955,-0.36032967257332976,-0.20820903517461864,-0.2147960483478143,-0.03831509362724212,-0.04198286461918052,-0.03065773503401527,0.046398922094469344,-0.039626584879268935,0.01214189699163439,0.016611054533655533,0.021041343481986746,-0.037323168959604296,0.22912520499500066,0.016494490930434865,0.47290955255361133,-0.05418191511638326,0.24170553573635153,-0.1956405918395844,-0.03466376600631403,0.053162096078800805,0.0001948494230726011,0.18776907687022462,-0.008186843031829405,-0.3359438268902098,-0.0039621881624314625,-0.005071066073496035,0.0005538132189832736
RENPENNING SYNDROME 1; RENS1,-0.39552287586377427,-0.4502207850239921,-0.1778303846000046,-0.04218423813752441,-0.030775491223792882,0.01495889035625225,-0.04031729063454887,-0.0018367992837802207,-0.0049309473433874285,0.1837729799507477,-0.29057376628632997,0.6416628404076669,-0.001488461250984223,-0.285621660365811,0.010064863604180322,0.00437461452270366,-0.0010090706682915561,0.05165369113317615,-0.19361075647549217,-0.02454065567684451,0.01914370161012456,0.040364001202791405,-0.197336157125281,-0.18086288049176968,-0.04606379330291253,0.002512074144231286,-0.3149942660354451,-0.3167629590199447,-0.3120546689629606,-0.1828670238358222,0.033149979635166756,0.27419758970457053,0.33974656942214254,-0.15518173245470687,0.29431372959839247,0.30925702359114354,0.3169035701557651,-0.20143935920481662,0.011631969344166292,0.008201528334551,0.004627096675381753,0.25101082855080864,0.187421675551781,0.16833340487879767,0.17656080123505188,0.049386588470524274,0.041708718597340357,-0.03457367042847529,0.29706270698669424,0.2987287474326911,0.29715192988882455,-0.19676665275238747,0.25727648779638207,0.37820333868241934,0.3652040983885121,-0.025802891957298593,0.3336241786502974,0.3207254480825782,0.28048177890477743,-0.1747463595930204,0.04030073585314147,0.0057040735930668435,-0.00018518111039897764,-0.0034456231636757267,-0.02732479802323408,-0.018612386082011764,-0.002502011930860193,-0.5884154024668086,-0.18638617641304311,-0.48117619668021244,0.006694194543013668,-0.023442613804280903,0.18880337976266515,0.057046335252124,0.002365794056541506,0.012451106941898438,0.5003348223257194,-0.46143313659090324,0.17251438222240084,0.18880337976266515,-0.023163561335671125,0.37371322376751587,0.23854451974667723,-0.1558776292655264,-0.3770379959771532,-0.33295931861752615,-0.04422910116824856,-0.026662421762047916,-0.13726160380861108,0.030792923092605298,0.04452444619279408,0.04076017962619908,-0.19280038419431453,-0.035420140727548254,-0.040309832229794146,0.019105469889142218,-0.03274994900788741,-0.05190212113189516,-0.24755544957252212,-0.041569420035156256,-0.041315641180129516,-0.0322999355743612,0.005905916253773305,-0.02464668267867349,0.1983153438158667,-0.24103213229124362,0.5246055196858941,0.5264682614161094,0.5232819773358335,0.0030253323447353843,0.2796715118744929,0.024549818014975425,0.3825818482842034,-0.03246146134343434,0.6248892797700348,-0.007461474769583643,0.005117061311110569,0.22857977173461702,0.4751947268913721,0.20709245472013316,0.04637493398097714,-0.007905371628559203,0.028827779655394806,0.006333187462627069,0.027244409217294468
RETT SYNDROME; RTT,-0.06272249881665119,-0.24086885221274812,0.0035153463183447767,-0.006523019955559662,0.0016128754376214833,0.009729506087899206,-0.06526347742396713,0.0028126709904879384,-0.025675512904188985,0.022811903376803326,-0.03245929357518579,0.05808692180232564,-0.000915519005155459,0.021748044646359523,-0.013900156544280326,-0.01455536016497086,-0.010419810541163635,-0.00943651047472065,0.005736725129295397,-0.01034539508224208,-0.003845681729946613,0.00677019828021873,-0.42578660030545257,-0.4318701803170383,-0.40350515473750653,0.00015308546678344457,-0.22493232548111122,-0.22805758928292796,-0.22647537958736497,0.014829415401279416,-0.02238607210700772,-0.015415737093783253,-0.0002775609367221245,-0.16034794428260368,0.003974499135585396,0.006139869238889756,0.008880987273690806,-0.013905785005760434,-0.019458678928074114,-0.02483613149614898,-0.027131913417352074,0.012977973319258986,0.010392750049883116,0.007513305429826965,0.00596287714430892,0.002662928370872809,0.00010925194728161948,-0.038884591717195285,0.012193728426717345,0.012575088872001662,0.013388790894007775,-0.005072976561235883,0.0010095359994436272,0.015111091560031637,0.02521512896568311,-0.027532099456635817,0.061760903082899006,0.061690276142532856,0.05622615602105622,-0.031402623340735764,0.07442943191608811,0.018241352730655577,0.010972187164814701,0.001740838120835868,-0.05900629062069145,-0.016442143728964038,-0.012593653557117578,-0.022285792371985844,-0.003142743531128565,-0.049335349971610445,0.0330861264940632,-0.002144213427640855,0.4777650710472038,0.009429722190918075,0.02723092123270832,0.024404927631680635,0.06545808944545405,-0.2756814722613773,0.048412580556549185,0.4777650710472038,-0.04767678291701618,0.016922481427833536,0.037987970582005724,-0.039339414645637144,-0.2514718903313139,-0.21590339884902907,-0.03135550052941933,-0.03192080648115246,0.0279027869552587,-0.002084062082672605,0.04808427033767213,0.05147855220557994,0.003754003003164553,-0.00816907790028919,-0.008160618848173203,0.005010419942990154,-0.04238059112486867,0.006609653545811951,0.02353765932758117,0.011891771287744081,0.009764916408394775,0.013782450463452082,0.021319601338333986,-0.012822175092447105,-0.003292277249681636,-0.04515604765126708,-0.0013640569910221547,-0.0030723541771806384,-0.005440851213102233,-0.056347314203770864,0.031186850234400338,-0.037777714769363785,0.0033662068859423187,-0.03612995154793238,0.01870275683100686,-0.06177226651200128,-0.06163575514217824,-0.018343457887199155,0.0032386933866846075,-0.010807523126216337,-0.027541643324922968,-0.034109663942262815,0.005662376203644174,0.0019243735710271197,0.029766161195779035
REV3L,0.06994755553229257,-0.0259157329134247,-0.05132327345248731,-0.013425957705985815,-0.0019298046139596687,0.012011820025893167,0.029257987296220703,0.5461165512540002,-0.012586229410805906,-0.05908415232075288,0.04477869585435222,0.321027255944668,-0.03165205071756368,-0.026893488262200598,0.006810887444599233,-0.0024107716560953668,-0.011448074678850815,-0.027010607739029652,-0.060069241355625975,-0.026223220509823765,-0.03675562232309787,0.0031919513497749657,-0.013400348079529178,0.0015753177390368449,0.018838618521203963,0.12013080640142954,-0.03268607069312029,-0.035522149192558396,-0.03819478772499497,-0.05254522500768615,0.004896935474949954,0.014276498946145662,0.015438122695517115,0.010415785918662965,-0.015766441532550798,-0.017236434426206645,-0.01833760751383029,0.010742903770590529,-0.027917051504177122,-0.037994513262384136,-0.04486682410717158,-0.013972148659028993,-0.01981374953357059,-0.02256698732848872,-0.014365000961578892,-0.020482777371838054,-0.02573718634815381,0.04464918122903432,-0.014108908284784491,-0.016992816137796303,-0.019207023962591763,-0.0638659136237632,-0.02166195911049629,-0.010551001484669979,0.0014614487055014133,-0.04349401072043336,-0.010543774179426578,-0.019369863947568622,-0.027343681904346363,-0.009510460427752445,0.01396284904509071,0.0033262112680241696,-0.004030944372321287,0.0041281019846694895,-0.007147805328809615,-0.001379908948664094,0.003908021350748156,-0.06486779671983227,-0.04404778597664386,0.05066796350065441,-0.040943988408944934,-0.03204339722804837,0.05615130998058726,-0.3033142801400832,-0.09708277248284912,-0.32312039752029803,-0.004723337612950244,-0.035113030794755765,0.09681967864531256,0.055875363366304165,-0.03427993052903778,-0.016377955028268398,0.009281863017762348,-0.019677599331090628,-0.08310200870098149,-0.05091091873076401,0.07519703760867176,0.3422303905631469,-0.03246368185878126,0.6237701542719943,0.03811165805816062,0.023422802558211667,-0.06440018616856845,-0.009182231386588195,0.03245189830422691,0.021709164092133415,-0.02564889700672105,-0.0004342199214236079,-0.3699754088448536,0.014322906428734005,0.003076736884640315,0.01946741177729553,8.207502125875816e-05,-0.008674060237104228,0.2670647062150792,0.035897337643147176,0.13085039126088333,0.12930412262543348,0.12660222335652094,-0.0745135899944766,-0.05183344851019336,-0.04555063356929175,-0.004159173714750465,0.0713575018868285,0.06522080329151525,-0.047078374868173664,-0.05281490078208215,-0.07811487700835713,-0.012713859370087996,-0.03408570439036917,0.09941299029230162,-0.3369697309232908,0.05688927198464893,0.05978945662622543,0.04183445464448066
ROBIN SEQUENCE WITH CLEFT MANDIBLE AND LIMB ANOMALIES,0.02951545727146809,-6.057733219513746e-05,-0.31899830200853596,-0.05410606692519702,-0.3422651293400535,-0.025328626294200154,-0.49715810666725874,0.02271002595289377,-0.04146108919919195,-0.043423562076754026,-0.0013464344710824609,0.6958288513058445,-0.023859327671080333,-0.04911930064342048,0.058910471497238284,0.06484777626210664,0.0530493994455286,0.34225689727260383,-0.3748866496767624,-0.012056137203779104,0.015329305115203827,0.025675008786871106,-0.07999002647669223,-0.07351829375532848,-0.06007442054381935,0.01170889240589025,-0.030918003302346023,-0.03262157667470424,-0.0336695490022271,-0.4009313825600746,0.276080967911782,0.5274481374732833,0.4371812147051705,-0.20820578834734507,0.0675198913320131,0.07136402673442283,0.23529951833588472,-0.20060424103120675,0.030235940597467877,0.02568383391332373,0.01976235693496413,0.05270089343763512,0.050082530418175,0.045926982234288774,0.052413623258874144,0.04799542817053036,0.04172589623684696,-0.04156974817121605,0.06313311542561521,0.06448219615643472,0.06511267968684256,-0.37252488608672263,0.05910643065694608,0.2740489192813082,0.26153059381232235,-0.048189895924079094,0.07548007351522179,0.07500971587438165,0.06782425664281626,-0.03595841802170976,0.01745619025200672,0.011207661576009208,0.003824082806492905,0.0007529235531017477,-0.0046212666154354775,-0.0024724432209298737,-0.00021220995708417413,-0.25706139808857836,-0.39346629448988846,-0.06853055578895322,0.261545014404521,-0.028453568766586723,0.049103603941291984,0.3276447959422457,0.2988832847897126,0.3214639206173803,0.054239839492290526,-0.059218022801599754,0.07559033061910879,0.049103603941291984,0.5121782647070332,0.5658636602388637,0.015419363951955325,-0.034074508303143715,-0.3991459426209173,-0.2657462220102224,-0.511356596446808,-0.5099805674440152,-0.1421820003253565,0.45711258502172253,0.4641713881999474,0.4783744507659056,-0.2583961608202173,-0.03839455327664207,-0.440077815736454,-0.003890128343772442,-0.037417572770527895,0.027454757369129657,-0.19320579163584917,0.04477390450758676,0.04408848227907945,0.06463031867504541,0.071328609566967,-0.05077150745488041,0.3916980879044701,-0.04621600127128496,0.607874882789055,0.6075262356493957,0.602691608391442,0.009196786380279246,-0.0027940440276987884,0.5111389662893282,0.3225674859302545,0.048890838742504425,0.3158598028345022,-0.02082193084919006,0.05671277716572233,0.05460972770677794,0.060398637779876765,0.5139340827508369,0.28805420817660776,0.015979678750137418,0.5059364562141832,0.47524761665730275,0.49490883383679946
Robinow syndrome,0.24764205341994616,-0.01611846419315927,-0.18438740930337497,-0.035307117613714425,-0.23269218552339957,-0.01575823262267419,0.014916064537588326,0.5284726409197064,0.01096562608450401,-0.428074066043892,0.457788548958287,0.04624268608953769,-0.04034197374477397,-0.15299553273119565,-0.009451008547843573,-0.010177224295891968,-0.007847697947141626,0.24753505434331605,-0.21379583656541992,-0.16229398825308416,-0.4445748831320477,-0.025441223686202108,-0.011980745800470163,-0.013899959598690058,-0.01392113352969031,0.016645984881519138,-0.021584112504199428,-0.018029779837955524,-0.013486891976808236,-0.17398834563617635,0.005150125785880641,0.028304721367073266,0.03352314877748803,-0.17736331649030884,0.05429431954324318,0.05449410213828773,0.05348239071447074,-0.12781781527733366,0.022219068231685263,0.015946517215299313,0.009935328212094011,0.026443029742500675,0.021703107394532656,0.01596005496297998,0.026076859685544032,0.021257376593863515,0.015326396920446343,-0.03082696594502488,0.04282454071114504,0.04046733876334811,0.03764636217325853,-0.22435206412929135,0.24311474875540473,0.322236916223898,0.2872974046195388,-0.007430744999427586,-0.13348082012058776,-0.14484257652410337,-0.14196995018007547,-0.024866377450945838,-0.0008631819692184347,-0.0028978207263653014,-0.004951387153766061,0.002498569471833977,0.007044640990270663,0.010012610221219903,0.012748451507278373,0.016613331537735993,-0.2665890262909445,0.038369732250073556,0.020353754622205632,0.27851261952426104,0.36968241713809774,0.018889759379121233,0.3070783965387759,0.2795244609846664,0.45132363049033125,-0.35586959838067245,0.005622152554124738,0.36968241713809774,0.49715628940247003,0.6062361593637765,0.03171722257150522,-0.1565452913847143,-0.019865607937299395,-0.01825635068148255,0.002715668513864731,-0.12010029227821427,-0.1902617458503602,0.012616230458691067,0.006095292103098271,-0.005197281346870644,-0.12559785801801956,-0.025036725255175887,-0.23515545168355076,-0.001660262742270976,0.05058911132553827,0.014666770401995929,-0.14898891399403066,0.03350962227011697,0.017393744012004376,0.032613403434253965,-0.025472250422103163,0.010991260138779114,0.3086343926619598,-0.14112452636915568,0.2104754800363883,0.281949998088182,0.29739338586907754,0.003694460577465561,-0.4842759928070653,0.35974383239936986,-0.4737914754438927,0.37133652673669276,-0.31020132572994996,0.0030630340794414253,0.052692032586356775,-0.35094359604152936,0.014672363634182006,0.5111907202292625,0.628160166206929,-0.3712541666464664,0.006297499276417767,0.011621547724952707,0.0013150606756357115
Rothmund-Thomson syndrome,-0.021190741226744428,-0.01901115957125442,-0.045721563749963126,-0.04079491759675921,-0.04828069249717879,-0.0004730607085299471,-0.03212927896624251,0.18765091014527932,-0.03748463457481681,0.006744615296885157,-0.0388960104309466,0.4358645918822197,-0.022785849416068128,-0.04000904713869954,-0.05747330369920872,-0.3021981937727754,-0.2919395719700663,-0.017061732497045033,-0.20718937098813417,-0.014102460858701779,0.007606162070170816,0.021815833816006835,0.012142906372533928,0.01839014801577556,0.022736298058258674,0.00893141364259975,-0.1846024710374452,-0.19071961948836436,-0.19277091394519405,-0.052320606777668144,-0.010670598418257085,0.00014574201100981703,0.011639862995772828,-0.023776240440374345,-0.01188762245772953,-0.011584101346023392,-0.011296397581009025,-0.00991270804720181,-0.030133263174237798,-0.03579685099125664,-0.03884481934095684,-0.02926849704025787,-0.03204617820165635,-0.03289159305829453,-0.03197699624124337,-0.035770388839914756,-0.03762064493459844,-0.016723896656874796,-0.018443077306466917,-0.01816269538399301,-0.01845674118307977,-0.05145036310345944,0.02313715906363146,0.043737257045733356,0.045952281445892154,-0.008413052540797826,-0.001536504100864706,-0.0031321615560482977,-0.004562231765768393,-0.0034928992197588156,0.002427503300147478,-0.004980420218963157,-0.016104796157972598,0.01916797626699715,-0.007759037376106437,-0.0021547925577486394,0.0034156047390912683,-0.22427368532094227,-0.20499816196903142,-0.0164793162971907,0.04171198552189982,0.006773177576702618,0.3816728189751169,0.014641045046217709,0.025781659712378238,0.025175757289777674,0.029608563363603953,-0.04575011878980737,0.03475861161473596,0.3816728189751169,0.04503060170279197,0.2408082384733088,0.014537018701744031,-0.023716717394632297,0.001253472661139524,0.011159458022279951,-0.015606491202071616,-0.025491981873737406,-0.151590498101753,0.31102316305386163,0.02481168412017011,0.020278023650479246,-0.1754239699647903,-0.026944173380132122,-0.03907687471181806,0.009980570864274192,-0.008163221602843149,-0.04088581198938335,-0.2782395354515092,-0.029238123992216092,-0.03445633288127941,-0.021265584803064896,-0.02120275348791769,-0.010361808181461114,0.05034534016649153,-0.04256033825061732,0.2968556700339653,0.31134638425968425,0.3224539262225456,0.004834025887923066,0.03531867807940263,0.05288072957665405,0.06513447156235563,-0.015705074252287978,0.2592273448789944,-0.011934933316945593,0.015065496162277857,0.04209443771258393,0.03298886599476269,0.19835436650753513,0.05587653196797628,-0.2887000640355648,0.01858272980395967,0.013225683041671002,0.01796263993672498
Rubinstein-Taybi syndrome,-0.4081168943087831,0.02239960330958082,-0.23075282660263757,-0.02780283689654189,-0.2291028886245017,-0.024325832202467423,-0.027574285786844684,0.13283921385220815,-0.35471036995880145,0.31161790477753165,-0.25928826487633383,0.3898173813150215,0.011510465526320906,-0.20578217133460847,-0.01821331940229661,-0.011229229513778846,-0.0024819667046987208,0.023634891329192494,-0.29827791794864594,-0.0009504399337922391,0.018414305866981888,0.013842657179339277,-0.02955065688788897,-0.031710122899918876,-0.030698499242530087,-0.012519035965879761,-0.1667796887441497,-0.12458188735923077,-0.1127843067276092,-0.2727990142039841,0.022955284267884922,0.1813127906507234,0.15855888006679486,-0.05828382051303702,-0.018303569495135882,-0.01991604586859456,-0.021137844388603045,-0.017451990860698974,-0.1417225218031358,-0.15713724237479612,-0.16227067373095336,-0.013723134904766544,-0.015865854596295338,-0.017559089459598297,-0.01856964839826327,-0.021577524269742045,-0.07522098002769306,-0.0036014813583009593,-0.014595338991824839,-0.015947947877454304,-0.017031850431841754,-0.25722416411365634,-0.013349303903455241,-0.01398680041365742,-0.009250744905435244,-0.1224181620176495,-0.011551684222844525,-0.010169682533226948,-0.007661524925044989,-0.010076247527113521,0.001583150088072133,-0.0005988270269798958,-0.00318878910950611,-0.11751326101974804,-0.06863523683172569,-0.03249063495005149,-0.001615344434013226,-0.2131932992210065,-0.2774025014491756,0.00563051743903892,0.28226841563981775,-0.026697142073725564,0.41366580844466844,0.1348835336007848,-0.0015389745767408578,0.005961332535067759,0.28351534531653844,-0.23256443815987268,0.025445247953648147,0.41366580844466844,0.32382536432452486,0.2908018793042174,0.010396023183571303,-0.1598864440562048,-0.36197560910854365,-0.3521463873799273,-0.12295869633820511,-0.021938313580068793,-0.1745161284549894,-0.0028868386216710576,-0.02140691019739632,-0.015391996527837003,-0.24444690162117672,-0.01595996591427884,-0.21818145881858345,-0.0037297551588651805,0.23641683959668985,-0.4463845350726825,-0.20859707745683434,-0.43995165033388883,-0.433018410968373,-0.3635004874425562,-0.2975131286025887,0.014092077340831814,0.2624134142119624,-0.11700105462708815,0.00410447668883189,0.005438696098202213,0.006551789822764849,0.006425305730401259,0.25014843711137674,0.022094367125985094,0.2769146011138704,-0.20743252129785672,0.49228363194484964,-0.018751817000461954,-0.0013292941567839116,0.22610620335965578,0.2385057448008603,0.03131599521804133,0.011574391724584904,-0.2957236069790993,-0.22574130798179842,-0.26212182802111983,-0.16152045707076276
SAETHRE-CHOTZEN SYNDROME; SCS,0.02315990987279302,-0.02284784527568384,-0.19485213107385657,-0.18223349711293824,-0.2525813169219077,0.0017926920917651751,-0.014972464483459352,0.3281594570210391,-0.16381490591752335,-0.20097959635258988,0.17383657696683522,0.3081580263456616,0.07259684199085205,-0.2453065795052473,0.29389148995426667,0.2818462814461943,0.15503739368905975,0.3109305316401588,-0.2796995669517785,-0.012812991961944672,0.17102411695791908,0.1939416623012328,0.02936230000043723,0.034251036757754386,0.03509181671456184,0.03232223588073445,0.1362320357890312,0.13058674440895734,0.03795339464934111,-0.2599630040186129,0.18539957472480642,0.4033029048243289,0.37902840851917335,0.005068481669531901,0.03198768399684957,0.04090478410676358,0.155105474284681,-0.0544653657303679,0.021349415316493658,0.020853181240629588,0.018607430879766133,0.025935797195373124,0.025888021501114633,0.025150216242321305,0.026376297961096248,0.025096877650291057,0.023147535450313544,0.008008351870531246,0.029982777741069503,0.03570178654946827,0.04046022690312453,-0.26743835432735075,0.023671404633020112,0.1706608125612873,0.2464232263697605,-0.006997269351623754,-0.29249498414158603,-0.27960592725314365,-0.24254294441184598,-0.009294367362787482,0.024501306143571336,0.003984622004146438,0.0003676859479725706,0.01076050409950995,-0.025086524331362603,-0.002798711378224023,0.0021450335388018835,0.0007565925374677934,-0.17968367787037715,0.03872649945645553,0.2167997791450183,-0.0034303140134459274,-0.0014150359074585584,0.19843041866437983,0.18847253036992112,0.20212952777377813,0.42516710754922427,-0.27640497972537137,0.031089261930213666,-0.0014445094283409461,0.2937151691623295,0.42594921708411826,0.0338592023807765,-0.027415228700503655,-0.28730517938765343,-0.2627210382888183,-0.22919144318109957,-0.24468442014364397,-0.174838695774536,0.23769455396979391,0.25602650899554674,0.2219400533189129,-0.2571737025015385,-0.03544148087650888,-0.04556047664598416,0.01804427149732653,-0.005853954024634987,0.027066307719448138,-0.23211709330717453,0.04057618167510033,0.03216427965253744,0.05179680784695991,0.011483784521361947,-0.03376753665964233,0.31311644224561597,-0.013241134330185127,0.20143858993727873,0.20606397645960342,0.20794344765079795,-0.029009542416547515,-0.1935661788535452,0.25541843037044554,0.031068396477248034,0.2164321985089618,0.013383729718144402,-0.15626179654398614,-0.0006948658563230508,-0.017664530774358415,0.016636968951139527,0.3399572772798092,0.041122417699270004,-0.1432802953978736,0.2763375577465011,0.27934332852511873,0.2595658320702254
SANDESTIG-STEFANOVA SYNDROME; SANDSTEF,0.03197369072464696,0.424678399422804,-0.014186759572485929,-0.015084503109574298,-0.042626505365150856,-0.018716447963741438,-0.013705209823223761,0.06991726404448645,0.012843226702304646,-0.06755459356910051,0.08101955122422516,-0.00773562805477387,0.04281065268556396,-0.05552427155912833,-0.01362267312880101,-0.01209091856667903,-0.00804698754999596,0.10219735673352753,-0.018545037542891992,-0.024207951685512482,-0.061439255364796705,-0.010054208958554888,0.03556188345576672,0.03812176377340843,0.03531021467447868,0.04307196509705932,0.09308478199343352,0.10028993850726932,0.3356317261899786,-0.008516732628486795,0.012785286157663157,0.023403995496729127,0.0175830659245323,0.14694221254612352,-0.5133394891418056,-0.5308367593711036,-0.5388623387385354,0.07361719580416876,-0.4220383456788156,-0.4261316179453288,-0.5162604637023914,-0.5413489065261883,-0.5651525126980528,-0.5753578536327422,-0.5330051256908979,-0.5586410597377965,-0.5671364163545692,0.5102673127707446,-0.5400789973597511,-0.556090455389015,-0.5671687249953616,-0.02165891658702368,-0.01669241242363774,-0.028607469138867053,-0.029213835861744423,0.04089170986773716,-0.5292669242822889,-0.560578021494286,-0.5579743080391198,0.17348195403043856,0.2538681662428699,0.4563429040934751,0.5439141448165697,-0.1777017893871128,-0.5279776413758955,-0.5369202160751158,-0.5258163479600615,-0.03272697074537511,-0.0018788535965465,0.06123844786454639,-0.018159016308461066,0.01838087872360257,0.018635908978152444,0.0453401294871961,-0.03209149948291619,-0.013889727620450676,-0.03226309546632791,0.062355693725811755,0.03266427937034273,0.01844428291700288,0.3957094416721989,0.0392408588153319,-0.0070268154085069605,0.04095024928918974,0.0566750853514749,0.0745857314468239,0.04412971640398394,0.03468833904759588,-0.0508294175514423,0.009317122573464903,0.08425329749081018,0.08439783250545096,-0.01773742228766657,-0.012915669623393357,-0.06638076192025043,-0.0063265896731189136,0.025075305828443768,0.08358321411497151,0.01319001540951947,0.0772289587442634,0.08418914632733801,0.09760299039117037,0.07307951041808436,-0.06520107273719575,0.024988786817706745,-0.027554531066687857,0.08661993239000322,0.08946428585402863,0.09135594913334823,0.003207639741461499,-0.08134249445254321,0.05747144771588801,-0.0673883126603026,0.07544052303479706,0.008233439939123215,0.009184285279950593,0.0371751010912964,-0.04419921552989151,0.011837715032778116,0.04274914165969029,0.11468325940044144,0.07729618060966867,0.05513073074333277,0.06350759153851963,0.07920259422209491
SAUL-WILSON SYNDROME; SWILS,-0.01953109843386745,0.03910962326588983,-0.05086928066449298,-0.0240595784925684,-0.03083575974384225,-0.0010740672801093994,0.02673599426959046,0.5149203585571456,-0.6064151865741421,0.029551999001538112,-0.019367270404236088,0.0022850326692487283,-0.017946763800175777,-0.0470244279378775,0.006605701250364361,0.007963860148356336,0.0066017593589772165,0.024403739046065794,-0.05265246940926428,0.017955205056427025,0.31926422268555504,0.04655074762999146,0.0014419745942817685,-0.0006481291832282169,-0.0027009559980707373,0.0025890277311009205,0.05112105932521807,0.056834911780192114,0.19651598948814655,-0.040628174539530125,0.02934974784616902,0.22378703092956542,0.2079977367230228,-0.023488128628654063,0.015116915196639364,0.01883310749285641,0.022386435200906177,-0.1761639325391062,0.06298511414543362,0.059557011120118235,0.05276461608093502,0.035111677447672685,0.03542344703474901,0.03458068640385772,0.03580386164976885,0.03571535532582545,0.03382030554567623,-0.016810348362699956,0.024734452302885495,0.027127425028782407,0.029181569281167025,-0.04836953646165615,-0.02005948025960787,-0.012613440582314712,-0.0014094033943492074,-0.017450935947346265,-0.02463572286244885,-0.017926714190924724,-0.009118909053381322,-0.03933992126719892,-0.005484915127657887,-0.008239333194928741,-0.010213241303793376,-0.0030433702564570076,0.013012273665026339,0.01676731151227748,0.019605100334652556,0.3321032094910553,-0.058803190895358355,0.047014195459960974,0.5766362694589658,0.008433583544592315,0.5116398085137831,-0.020745393953001838,0.24619157626984034,0.05923125398662001,0.23833856408753284,-0.057834427421489844,0.006378847100580299,0.5116398085137831,0.3543739337679803,0.2976361070095565,0.023360323575361518,-0.027218100125927933,-0.016237685054127902,-0.014508883682015876,-0.048404017271087355,-0.06569563400405079,-0.0363790533610351,-0.03308577647211685,-0.44610701571825867,-0.4684815206807871,-0.03834517936812574,-0.009967036125297455,-0.02891048187550343,0.001083532148645566,0.27457183036069094,-0.47722845266541575,-0.3447525112804206,-0.49217131898502736,-0.48095285445476504,-0.39783919021162634,-0.4033677845775238,0.002270053334874874,0.04408113877067828,0.03384221371996853,-0.43218918121747585,-0.4145627517242882,-0.3909667324551133,0.0006313569144562524,0.015156796820468176,-0.006032716827559491,0.02434164870456911,-0.040828381169129596,-0.024984449846418684,-0.0013234380210937436,-0.005208347392699618,0.004061417662695815,-0.05526082084332926,0.050710651936961254,0.06769174906685003,-0.45502349258482616,-0.5008871490069551,-0.47755897356958393,-0.49071834818146526
SCAF4,-0.008459675869848577,0.06767860072634274,-0.035319313977285265,-0.007427742078267149,-0.0657272203632402,-0.05295376359030296,-0.06288758073654623,0.017577807511351202,-0.024260063969759774,-0.008925668635629902,-0.006528425793222532,0.1052827976561248,-0.013283734259662198,-0.034693588964159465,0.03806530290639363,0.05242338247984773,0.05021081320230586,0.11358802867347448,-0.06569448939842717,0.030300575104974074,0.035342232380745416,-0.00223451988608606,-0.05142316998037401,-0.046759949273221,-0.0383599282081932,0.07438920799140826,0.002862600558831556,-0.0006175093628918206,-0.004551301171758686,-0.0654895735494192,0.10391816145320056,0.11695579877180022,0.06428610901015308,-0.045707074361919786,0.04442613226064303,0.042063193280325824,0.03927018270747672,-0.024452657021128362,0.024360465059610124,0.02998343920350177,0.03434808868644042,0.026152364587872293,0.02690633253608217,0.026904293144006313,0.023469483656302217,0.027761791028061446,0.028808407750418336,-0.028933439385459156,0.038097473859152034,0.03604986924258176,0.03328153919281209,-0.06231612603263772,0.03994564855783968,0.03321401272321313,0.01301582230134565,-0.052856715073430094,0.05955367042593108,0.05843696474433051,0.0521073744707926,-0.009069501703448465,-0.012146812820373953,-0.01763024052518832,-0.02167228024531454,0.006217848372527423,0.01045468075091781,0.017699225191356822,0.024841904569633685,-0.09534393581462253,-0.07185718572619541,-0.0562985271247632,0.0361053616939078,0.027987139914901087,0.025349597226860678,0.012101879256358788,0.053022396739688005,0.04705848437663232,0.03874956402507647,0.11137812022457508,0.04123737563278068,0.025748192669337786,0.047105599869392355,-0.006328484784154463,-0.020623051573944087,0.07831194885121438,-0.020262323585012718,-0.007203793637784223,-0.016547959523892493,-0.03293525216503408,-0.04918176162951902,-0.02071243637327524,-0.0064109763004674475,-0.009447518315661065,-0.0449616099790905,-0.0003323722127591173,-0.08674452752308301,-0.03181052330442776,0.048547640716643185,-0.05150475510880735,-0.038289093221765574,-0.041838274330149,-0.0460416133173534,-0.03621684559437962,-0.0375061407708066,0.03208242821031297,0.052484435679544604,-0.05145678562302786,0.10549324114618153,0.10981547668847537,0.11370908571740707,0.02859113469568823,0.003103546092094053,0.08250901118308372,0.01604459009959949,0.009175708069674254,0.09051353973005449,0.008714206765202768,0.051671287403204896,0.02310389287176766,0.09091526775639233,0.048838560691090195,0.109846546092639,-0.06728860228849734,-0.009981568115917317,-0.014755502909827646,-0.012186681642421688
SCHAAF-YANG SYNDROME; SHFYNG,0.001702507457930568,0.020600803954986667,0.0004153297321054352,-0.00022381542631073602,-0.024132946430030455,-0.02242847188815239,-0.00823564171723937,0.4821047076720534,-0.26914178170513575,-0.035046104691711565,0.0348928941284613,0.024427597316848737,-0.018994625647453155,-0.024052336232496394,-0.01837222000046426,-0.0030819771419485953,0.009136577530013245,-0.02983904478756052,-0.011345627079170154,0.012785891574493273,0.016818850369605256,-0.0017739616420503303,-0.013880586511582122,-0.02297087698117245,-0.029172067654787304,0.0010180053212166962,-0.01748498659945808,-0.011674329621947737,-0.005703287769508323,-0.006968832299083489,0.018023759753054716,0.02321686300547637,0.01112235168014522,-0.0014390899296982107,-0.1074361149545901,-0.14469786360879167,-0.15143793727295324,-0.017994529664550493,-0.017360236501374082,-0.017238144084396292,-0.016206530806190302,-0.08565106498664327,-0.08443289672094721,-0.08007179060127312,-0.09132456808047053,-0.08961646630365805,-0.08398088203137338,-0.0017799227454575273,-0.0969216098266818,-0.12599220647667375,-0.12970292658453308,-0.007758512093901314,-0.017472999419140697,-0.1052170876982028,-0.11164337790294537,-0.0027702772635031844,-0.02300898161161173,-0.01946799650652717,-0.013961714865221745,-0.10619920931028509,0.10872229803668854,0.1010708789287751,0.0836898100438853,-0.007167888298733778,-0.0716607326341666,-0.07013682167152828,-0.06297447043532724,0.01421927166187692,-0.024669893880838296,0.1055178094683259,0.247072638876312,0.10241013881381059,0.47215767086685784,-0.027711993455607497,0.12904615022843133,0.02738721285509726,0.15879507149955607,-0.033840593114757955,0.02894433601157674,0.47215767086685784,0.11695448360687018,0.020511328644785984,0.0202936488381634,-0.008189546353602294,-0.2970887820283808,-0.2759440402638115,0.004773051937648925,-0.010825985011367265,-0.09531435351578871,0.005000294664658002,-0.007008934113482787,-0.015286010430902138,-0.004320970479076045,0.0008287124235442533,-0.16676869544343628,-0.015634407549177384,0.024635438202507017,-0.01436498719460737,-0.15392625119962763,-0.007210302088268785,-0.013326656915472126,-0.0014711485401893956,-0.02121129212659556,-0.0018434289451167926,0.11974529917441917,-0.13280367163243964,0.007810100403454262,0.011171535479491913,0.014264330038298533,-0.014831772521779626,-0.03620542483298698,-0.002012683130977183,-0.026135862746420862,0.021294800499061305,-0.00032690525884890103,1.267985316199061e-05,-0.0011449680962090814,-0.11445989220725167,0.005823866216216113,-0.006980292376459827,0.31055373173037926,-0.28507908900555906,-0.03018905128926299,-0.02505499339497996,-0.020686308553603372
SCHINZEL-GIEDION MIDFACE RETRACTION SYNDROME,0.07982683863261066,-0.07026301108006568,0.043717217202906444,-0.26785047124072586,-0.010101738436115577,0.08060530504706725,-0.05805319815369869,0.04508048932969882,0.005360850217677867,-0.28747621995709355,0.31514063390147345,0.010249870026822207,0.015750793412838523,-0.0265683445018612,0.020797706265798317,0.0011665741689335805,-0.018605935440724652,0.05188775945693699,0.0485073834555869,-0.31077073929486415,-0.011956288411344945,0.08954466156196637,0.00922021854358631,0.04634177618580189,0.07514559443375451,-0.020017250219823004,0.06557467676232213,0.06454067197603744,0.06419162587925757,0.04920096602845435,-0.03151380702738944,0.07105760439941432,0.3832848819938629,0.05041706207506453,-0.048816273415193956,-0.047173302830469166,-0.043998220541398764,-0.010545956312094427,-0.05511321505845279,-0.21829006394745054,-0.24345990994474465,-0.06712887025025878,-0.2600248018432399,-0.29345879942068825,-0.06851978085650368,-0.26635538926154684,-0.29886460550910965,0.028665229894473097,-0.057001245049014104,-0.06291720137614899,-0.0677778335517892,0.004851120327939428,0.030386675432643354,0.293479836386028,0.36257026378531265,0.0773119959364743,-0.5421266501791026,-0.6187587280477478,-0.6507899705677079,0.014162583517437762,0.025967402261979307,0.020773762964722647,0.013787196647145115,0.0061687662289002815,-0.014108755952703791,-0.012347090922074307,-0.009629740799182773,-0.021832805870996844,0.03190190282797814,-0.005823555866806561,0.044692093730047434,0.06961927611962623,0.023478338844355063,0.023111842927427337,0.48091449124256685,0.34885829578808436,0.7055404881625069,-0.6341181252946178,0.0006405427238445763,0.023419607341819595,0.5227971758795747,0.6941534871601354,0.33189064413785346,-0.06984887851081846,0.28132466264854433,0.29666343597412975,-0.04251489034568059,-0.2990728612962436,-0.0075352877372027996,-0.03610623000442976,-0.015375769506035804,-0.0032997612429573105,0.04584651081597765,-0.32601398516550495,-0.08296868779038406,0.07652598867030506,0.0044593709585037675,0.09483906856681128,0.0862250194765218,0.09014649584917185,0.09696172510207156,0.08751028639546254,0.10733261910185515,-0.04029129253141573,-0.0012282415292238814,-0.013854325613039876,0.0860988168113036,0.08590433975373149,0.08462418759452214,-0.03671289086194047,-0.3112552671262951,0.08778958874041208,-0.07310945757382861,0.3212044937970634,-0.009976366914068124,-0.054728587302287635,0.003938867566027506,-0.2871017466066888,0.017198254662653133,0.5514986053960095,0.5120742858039364,0.036216111897745,0.011998514881641812,0.016604185111483184,0.0047119227661470845
SCHUURS-HOEIJMAKERS SYNDROME; SHMS,0.0366222393164004,0.34694393266605705,-0.03581292236753081,-0.0423710787262385,-0.304834506436313,-0.026549299506998993,-0.2961605890634543,0.05605570947909286,-0.32161544909371104,-0.21553155815899294,0.05075814920678806,-0.0026934857397239585,-0.03252573011332767,-0.20683615933867336,0.028624326408824702,0.023432905519523806,0.012033759146521938,0.32004175828586306,-0.05223773747223677,-0.003339205363744843,0.016002552758029583,0.014875461739043161,-0.017062460404645097,-0.011028677630046673,-0.0051202654863487,-7.568400197481726e-05,0.02331078558213905,0.019255090445260786,0.014565426189198356,-0.04455821595547902,0.05101439905942259,0.3229426477143846,0.19626286236102375,-0.019367480941999225,0.04006664304480907,0.03780989895845723,0.03447136216841149,-0.04074981013472976,0.26339290307738256,0.1763256623667963,0.0418183005394332,0.04083528595297721,0.03582954499934487,0.029448521013757122,0.04598692718299364,0.03968940805848824,0.03179786296531253,-0.03037214169753785,0.03917109873631206,0.03593217867636673,0.032372108983366094,-0.04196501422983992,0.00974324136613773,0.01601580688244258,0.0156202916753,-0.011419568405160098,-0.007303393135913299,-0.014662612601574027,-0.02118767903459088,-0.025167240553779665,-0.0034914859477662816,-0.0055799488414910335,-0.007468630076007184,0.0010264703437598717,0.012014570074092188,0.0147207772496921,0.016788169834796182,0.03626368694754871,-0.18556959203159287,0.04884006863158901,0.4143614275874445,0.007856019866997098,0.3191666978410234,0.19420267650039313,0.39705378232305427,0.3864237914845744,0.02069976289633806,0.061130450676399196,0.0005924388678397988,0.3191666978410234,0.49622171585580677,0.06649243778647625,-0.23706496967831928,-0.017628672986146808,-0.05139707406456276,-0.1732886918397692,-0.366698153024175,-0.4321899931575962,-0.023814484731410117,-0.03339687842913564,0.004804789524682334,0.005410820346837367,-0.04310016095653919,-0.023835103332966994,-0.3136993961428751,-0.00369366510632866,0.03347659128239532,0.013187471290896893,0.009253819639817952,0.022638443863506354,0.012545493987994481,0.027904167315761255,-0.02716386391074034,-0.013805076247862313,0.26875808437220944,-0.03389911225100988,0.007215312121957133,0.00676196606024412,0.005651047287945306,-0.04562299960086459,-0.18307423572638004,0.28623785320132394,-0.01977949094055398,0.04515128684197709,-0.030650585296285646,-0.2950222103849024,-0.014040240488462976,-0.055600387749550916,-0.04455661702494816,0.34192999183522066,0.18335666488834604,-0.21714032943117023,-0.02889117501560606,-0.015091195993210061,-0.002136968667958594
SHASHI-PENA SYNDROME; SHAPNS,0.04722524565362145,0.012761438938583598,-0.006020645394296904,0.0038053057886677107,-0.18809800831728304,-0.06222644411082561,-0.01632295488356449,0.35800142615787434,-0.077074101367749,-0.061063973839509955,0.05535227634447981,0.023445595568300455,0.0012880823314583986,-0.004477632023671288,-0.015982533896687752,0.002076841479666996,0.01973902571450132,0.30073871421877585,-0.015374790483778043,0.037987413752504966,-0.0005333020244857919,-0.03810190465437486,0.04844351619291944,0.04450589378531096,0.03484718207163405,0.004614307623968541,0.06007566148352146,0.05645500886157253,0.050989367198832784,-0.005499351941654554,0.27228816345487983,0.07314317171946982,0.00957824460383408,-0.003329395180214373,0.060785695983133256,0.05618612804931545,0.05019323423814934,-0.0206279655062919,0.04154056436082663,0.05066633081044339,0.056010466159653126,0.02605305589965479,0.036605995509199095,0.0449182870012863,0.026991415024761475,0.038821408446871014,0.04771331857060543,-0.01118589150701121,0.045872795751765054,0.04724262838571306,0.04785194892940606,-0.0009088444266402502,0.24824337845942598,0.06224624897954755,0.01920567022071888,-0.012387727513260992,-0.051570431972829706,-0.0319422133952183,-0.009082810147663004,-0.03235768316683601,0.003665550143590487,-0.0009807179843717478,-0.0064414839941689,0.00032240470459394594,0.003877601499311009,0.009474284379721714,0.015179892858111095,0.07242740879750048,-0.019489971838925202,0.03899806198731144,0.2979164454772347,0.03167806967813171,0.046180713073849855,0.0450511968811751,0.0867725052741256,0.08338204959342861,-0.023678651178805406,-0.013752863477559909,0.05523510460654455,0.04626814034080463,0.4326931922597403,0.43950027598982466,0.029965567575607227,0.012395054440707003,-0.02506643300893346,-0.006702899345763402,-0.05159869449599756,-0.07711455740240264,-0.02217371988975857,-0.017790092055671742,0.03914499048115814,0.03134602668824149,-0.0016355202269947753,0.02236844096470859,-0.08430582862241322,-0.054978137924741446,0.03706038013699706,0.0012392138552764535,-0.04948855528918591,0.004567229615715065,0.00224929158496974,0.019288571033602195,0.0001920902375405298,-0.046305118415996584,0.04071878623641517,-0.0150816480802773,-0.015560054443281108,-0.014174051147923325,-0.011780812534738491,-0.03947190855900321,-0.0542132432347962,0.05736029938779611,-0.008990199833190804,0.03592192668177613,-0.03574598641177757,-0.059742020638780806,-0.011037438578987528,-0.04556671352698151,-0.03033561676578305,0.4304720730631478,0.04648681158320429,-0.03509361114572632,0.016260352194751942,0.02101210704024853,0.02786214586133455
"SHORT STATURE, BRACHYDACTYLY, IMPAIRED INTELLECTUAL DEVELOPMENT, AND SEIZURES; SBIDDS",0.011163573380474953,-0.021477493411545624,0.0554277287150755,-0.019757083961898726,-0.26988878673208117,-0.056089256896254686,-0.2908699904654324,0.010887877901025207,-0.07950471314905858,-0.010507632341100888,-0.02286765206350622,0.3794713587772671,-0.0005039829515774255,-0.05308073828340134,0.019442812719101456,0.019209074601247076,0.012754110340497381,0.09911280548239701,-0.002271415579085785,-0.0028350511389810024,-0.01570792386407896,-0.0051169662744789445,-0.3218078593836781,-0.3054953311441963,-0.08248699554030102,-0.010276601637857862,-0.05220982330077822,-0.054469363192599166,-0.05582034718652347,0.00443028030090622,0.060797898701963386,0.09536561413067578,0.07040647580517624,-0.017554755675312575,0.07485275929954999,0.07583991955000276,0.07495248294292398,-0.016986792371712137,6.449515233975584e-05,0.0002608692604796419,0.00041511002829634004,0.03146389635629699,0.03264696654175185,0.03186897727948056,0.02679618176624491,0.026818990755400528,0.02650387089564263,-0.036042237684945,0.059755746368655764,0.06019386387239519,0.05915388018718461,0.002961308849195183,0.2987374413178332,0.35862570467257265,0.09381732361203371,0.0019879562903298838,0.08542164412003705,0.0800040443893641,0.06792742337095743,-0.03908866755296004,0.00795193204379437,0.00470965245864074,0.0019352466353163835,-0.0009957848786675343,-0.0009963759749440394,7.834340211107936e-06,0.0011894110600744012,-0.09233869108458079,-0.0227896867042865,-0.043499475714221365,0.3442355678787763,0.013699117080310788,0.4852025611616547,0.34676842919770146,0.32288832555266445,0.34551293767217345,0.07068128424695008,-0.08760341834901991,0.01637969933051682,0.4852025611616547,0.542867906164554,0.6398734912960835,0.02892178352503748,-0.045865689775412666,-0.036786657459647584,-0.03219546386471357,-0.311339016590112,-0.4647008289225624,-0.03992341123339781,-0.018717911478319298,0.0574121277181579,0.06273256316716062,0.02293085832342917,-0.022017125849504115,-0.5464637054896266,-0.030742938740323474,0.036006028047823456,-0.010503973759366339,-0.026156400628315285,-0.00436903583320943,-0.005143441514787018,-0.00047627973898678737,0.011209727894547222,-0.005667864327747343,0.02179246871886258,-0.04232807234972961,0.3460274305741864,0.34428667267696667,0.33881222202015016,0.011140093990738337,0.0177500471443345,0.3849827867559071,0.04566610057692824,0.0063660980299252625,0.0968712412857463,-0.027372242008626344,0.046146519095301805,0.03280121911142091,0.02938129558959474,0.585395575718222,0.03451223264492169,-0.0247375820086433,0.04401286484804855,0.030024438622577528,0.05169466511397723
"SHORT STATURE, ONYCHODYSPLASIA, FACIAL DYSMORPHISM, AND HYPOTRICHOSIS; SOFT",-0.2390743059617666,-0.021203303917593595,-0.02670288603735841,-0.003652666078874869,-0.005632817513754673,-0.0008860906945848167,-0.21948532359413242,0.01673840894631358,-0.4738447226869441,0.06643158782062608,-0.24969577853875277,0.45262893566134765,0.0028714439523135904,-0.015256853468681107,-0.002572732451085565,-0.010216757678710777,-0.014174387029478154,0.028005682130854113,-0.0359376143605396,0.03145005048995319,0.29360255791770096,0.026118421037332935,-0.04127413475841124,-0.02218955706849695,-0.003649868391790915,0.027628740357561916,-0.015090203764597803,-0.02345649116081343,-0.030785250009744382,-0.03217868742149104,0.2358462267925191,0.321393772022771,0.06711571650255023,-0.027454398937589965,0.05372415622227395,0.05646730534057694,0.05807047893177164,-0.001646765775569408,0.019801067456041613,0.026310478429304326,0.030378150435491944,0.029747913538572934,0.02829620963494214,0.026908731461714824,0.029060279450213052,0.02760034224178114,0.026307265015916136,2.840345287977235e-05,0.04540084291101225,0.04612682833389585,0.045512143919172014,-0.03328297034790658,0.06569942545666833,0.24751132717176103,0.06015319129159858,-0.029015437098324857,0.031014158190951803,0.02031760825113077,0.008603072061574018,-0.018425929684926564,-0.020792323726392788,-0.02455528137860644,-0.026007975683574498,0.003704976164932108,0.01904525888650736,0.021426570799225338,0.022432719528460456,-0.4382214853268608,-0.03774192026879002,-0.28830001955663287,0.4597487402072668,-0.04755059944817483,0.4697005059435724,-0.005842291327478296,0.06790317940645481,0.054248212722440646,0.05971201893728822,-0.02035770946337175,0.04993321605985016,0.4697005059435724,0.052875927442550825,0.2756019931001732,0.045436552569582865,0.016544687683423844,-0.00396157346517185,0.007506075272823896,-0.42398830789140723,-0.2942461490891172,-0.02492184606173246,0.01642138886805744,-0.007513424738596874,-0.008144861498887209,-0.023065192460917427,-0.0019947842288882355,-0.056792895386612904,-0.013290881119122322,0.03933457195772291,-0.26146218816599937,-0.1951974704783977,-0.24578003743904386,-0.24537153455528846,-0.21921974273967046,-0.038070818676082106,0.04352121228455721,0.023625836287249107,-0.031484575836637614,0.06043983594241598,0.06492215382508798,0.06806299951601874,0.07347281528152842,0.25061593300589424,0.01726959704644681,0.0428033602497613,-0.05856774123852884,0.5308439314432634,0.08553981721602719,0.07117868064724187,0.2841279530412357,0.4852875056095335,0.2872898739058636,0.047097011488425926,-0.05048814688363332,-0.024013657354434587,-0.034306202575420476,-0.01924471046400932
SHORT SYNDROME,-0.06707442074675093,-0.05322660619614819,-0.01700687358696961,-0.05793581137155766,-0.055297898662186706,0.007944086811718012,0.048111177134089224,0.07284093253288915,-0.4470816906334262,0.047177731316909055,-0.072051314811391,0.03194911506517644,0.013960365535166894,-0.04765400442154649,0.027385253855250837,0.026258423206156067,0.01742452122065245,0.08548403430911623,-0.04553934205421804,-0.003194149239345718,0.2862428825783478,0.06477182735051382,-0.07161041078241764,-0.07635202078050915,-0.0738914204499796,0.004306726495305409,-0.003508943295227481,0.0018095423957707427,0.008573932923501554,-0.034544265417732374,0.04598105361858334,0.43033176177148375,0.41711640053917465,-0.17930916813302022,0.23914602541993102,0.2426700905730233,0.2406078165366298,-0.04257793807113128,0.04621401018608192,0.03909194401958088,0.02979148790841792,0.056182302634872595,0.048261936942379374,0.038661347169920535,0.054764723453599,0.04512733937127958,0.03339034347311724,-0.040231418579309716,0.06865020516595127,0.06613604757428923,0.06290938556646117,-0.04773373112606254,0.06734711823480073,0.31677801672470574,0.3809586820090128,0.0022359465814676596,0.04282076832160657,0.032520781009171794,0.020507180264254625,-0.028360655045739997,-0.009009143826540843,-0.01098474093627801,-0.011673933030250985,0.001090332673980486,0.014218720700704195,0.016098923603706475,0.017068387436813624,-0.04670538792289907,-0.06296341987630721,-0.06282079751349616,0.4966744685688127,0.0025156871301188284,0.44558926550547723,0.022572646617335154,0.34610845150523917,0.3156746819167902,0.03786413531786683,-0.07080001850352624,0.016643878244343376,0.44558926550547723,0.0631441310400367,0.48093912319904464,0.017133353123238028,-0.04207856642602939,-0.005888834047647023,-0.0012954136777207704,-0.4033954431708075,-0.44465626460066004,-0.05295507107084993,0.24243515054513864,-0.06893299565748869,-0.25463156119267305,-0.04496497179163635,-0.04655387290588514,-0.07052406178501619,0.01786170730627868,0.05470841474318127,-0.2651255343460963,-0.3491609200843127,-0.25624992787439055,-0.2629382066382553,-0.06503591588686916,-0.23871881678253365,0.012069346377513331,0.04554411213238927,0.0013517833260493644,0.00035475166280031934,0.0003975337721394681,0.0004824649656579872,-0.016001886410960158,0.06994675869605071,0.02822571806439728,0.06734586606337167,-0.06156579726393326,0.10432545754967693,-0.056222956431825045,-0.02407664518983887,0.03074465932270623,0.015117520558600151,0.3527378267970216,-0.029855700630561567,-0.39547937806269756,-0.35183937309740726,-0.260512362368217,-0.26900871610660465
SHPRINTZEN-GOLDBERG CRANIOSYNOSTOSIS SYNDROME; SGS,0.01103772346750649,0.011220813246650887,-0.021437015458391696,-0.06391888460315763,-0.04588764782841532,0.024116912369434983,0.00034224933373128494,0.08777929959888293,-0.022036684056493647,-0.017693283765502003,0.03270637271473677,-0.018525729703618588,-0.017084249099810277,-0.05210618251824599,0.0779813338041295,0.07734983092007822,0.05551360212480124,0.5278456476715927,-0.025598397435469145,-0.041324222599578346,0.03232285171554502,0.06250626669766594,-0.04645058245191703,-0.058290610083856824,-0.06276647082057142,0.003887339038363443,0.04585813888100734,0.05912645958087559,0.07033370498244143,-0.012256046611440547,0.02775695236184522,0.11398353825205453,0.39409540973978346,-0.024201604153047354,0.05828581754631792,0.06541879565922636,0.07061058566442487,-0.20795123870810178,0.0382810019696469,0.02603310449597852,0.014087910976381877,0.05533774685572538,0.04670505106554155,0.03653594089907813,0.0548112266883784,0.045238061243701416,0.03285294698726672,-0.036503320635930044,0.05895914002788929,0.05955549930455215,0.05848788236851153,-0.03292590537381018,0.02877246675449169,0.07206462156576075,0.2713310395831684,-0.03724226875431527,-0.019297955764434802,-0.018474726012344112,-0.014624652045009814,-0.1385700469007587,0.006772914931146819,0.0034199655936754947,0.0002609681110831495,-0.0010895656346132853,-0.0007392072534876352,0.0015255763734420274,0.004744267871084414,-0.02898750554798064,-0.025103308476899847,-0.009828497207674322,0.0656116880583905,0.2671778778982909,0.018254327097920367,0.055088482283614196,0.3170670894993509,0.3073641226661281,0.05848895665136262,-0.046454921713791154,0.03025359545529628,0.018018943604975544,0.5377197585655633,0.5607733332183228,0.0020478117384529894,-0.04010712008294798,-0.029198573697660015,-0.0187829344492449,-0.005900889387093997,-0.0675121924939888,0.002038149629517652,-0.0497967757380209,-0.024415789308581695,-0.03252197797065624,-0.026099272229184702,-0.05815702180187688,-0.06229756982438366,0.03404468926908729,0.04739383460394725,-0.010947385962856285,0.006334629346171367,-0.008758441176109851,-0.011743505706971627,-0.0014218980786019839,-0.027910014926881735,-0.009594817984763318,0.047853574356855784,-0.04399308976353975,0.03099882445429627,0.03649892947173088,0.04118184724360799,-0.0700416959073306,-0.03826670451039617,0.035471749739113864,-0.0010622410988652508,0.046510060915357004,0.03188670745402588,-0.34548637366818724,-0.061855850771511525,-0.06180771295860774,-5.751128578505932e-05,0.5106534586762194,0.01006043464695095,-0.056981354427491825,-0.07072699144659383,-0.0665522953058182,-0.0506693663718501
SIFRIM-HITZ-WEISS SYNDROME; SIHIWES,0.060029672350157735,-0.014190231420155188,-0.0892555219878659,-0.03826958418089364,-0.026831350613450877,0.012270153645886687,0.3233103004835786,0.6648412960861411,0.024667357187324955,-0.0692871030300617,0.09627065536603202,-0.0010038068116108292,-0.015685476129310965,-0.07936434974742276,-0.038282434768057476,-0.04550442382642264,-0.04024319842649588,-0.008019012272592902,-0.2708519768237693,-0.06688997405834089,-0.39692858481638366,-0.0232603277230111,-0.04167828529350112,-0.03943312728261722,-0.032161238076720534,-0.01765376675969256,0.0004679770176635875,0.0024135899069645827,0.004657737990615329,-0.07063628428033034,-0.06830268081903751,-0.06875833897366848,-0.022912093315670276,-0.05083026999786241,-0.04498798608115058,-0.04474464250810414,-0.04221470271652308,0.0623090357881237,-0.06148462496183468,-0.06652874271121871,-0.06487775126492498,-0.03837472612206393,-0.03996110691042858,-0.041352695876179624,-0.04065309590595162,-0.04330172340037044,-0.044173031402584155,0.016617001776160694,-0.04205280084717694,-0.04107127131252977,-0.04110872328485017,-0.06777919032773867,-0.031191481691142203,-0.012077470543900256,0.004907027873193812,0.008665271001501666,-0.08340124284999978,-0.08590147420319726,-0.08115332680601293,0.0512958868394418,0.08960739249972872,0.22351183969707558,0.12692680103021844,-0.04423838638240844,-0.07251899298807368,-0.07095683919436278,-0.0633647906502854,0.4469926502564603,-0.25780782876290936,0.05912534189551827,-0.018532360228518736,0.05688095844189921,0.3162958522593946,-0.06902173425783517,0.015592628886869506,2.902496891430212e-05,0.44741220395529285,-0.5105414837129305,0.000797277727489811,0.3162958522593946,0.08343816815676001,0.35564675166310483,0.05944743482155414,-0.06637454390160592,-0.018795038583969425,-0.019411429926689965,0.06726190961831986,0.03532828589691607,-0.26971486777761244,0.031482678334371635,-0.0062187190499559866,-0.024588504101871748,-0.24892940197941146,-0.012832232158638423,0.05946591392564671,0.03790386745125919,-0.009503610609336645,0.013716767816227287,-0.07007486198720428,0.020344365328589693,0.013692027383150372,0.04478638165571023,-0.02740048290466607,-0.05455621930803253,0.06624032150240917,-0.03377368328772229,-0.0692341672209492,-0.06557651141324632,-0.060897907137289736,-0.07853569160428334,-0.09700731791575179,-0.031613991671248315,-0.3478126801134823,0.02882583663238385,-0.11319855067764158,-0.07209358628889988,-0.06683185153189138,-0.38825636273790964,-0.07899885720984508,0.03511766435305721,0.0975118461563574,-0.03291272904185793,0.0024052075480605986,0.014252068438277945,-0.005097807228266781
"SIMPSON-GOLABI-BEHMEL SYNDROME, TYPE 1; SGBS1",0.1868041238329895,0.010732195743186332,-0.04436850006432785,0.013885972367598125,-0.03323973302449442,-0.04861126468880654,0.0065978975398062545,0.49529485985284033,0.2743260603647632,-0.3659335664172243,0.3572114710573774,0.03161797214685894,-0.013863267417199645,-0.16734971832565584,-0.016076260760701445,-0.001677903082489094,0.010417621171084267,0.04189638280163294,-0.15633537546934975,0.001537590580442368,-0.2565322921243224,-0.044429092867431734,-0.0077996621495029445,-0.01391149578949246,-0.01806488410749863,-0.0034936241791922794,-0.022896226973559683,-0.02754960664537393,-0.03121654333577615,-0.03484060947958672,0.1357160224171777,0.029841987691087396,-0.0007422598755369783,0.005681446739475757,0.011929319380764003,0.009488251623628872,0.007025712584037426,0.003312657258305349,-0.0069693980186590915,-0.00200678331101847,0.0018711732098103825,-0.0028336445613942624,0.0015782714991583902,0.006620554442952813,-0.003816081489683622,0.001326604934782445,0.006883817669685776,0.0017535885630272237,0.005265914847734847,0.0061845925055962,0.007217313889115726,-0.03963805640910528,0.13959105758877463,0.029725681964375975,0.0031527064717847817,-0.007753225131491392,-0.16194426845296883,-0.040211802017164795,-0.025519469476545757,-0.009697504192621295,0.007318948398583744,0.0008337692375783653,-0.005097147567746809,-0.05104856796845681,-0.013217820268584797,-0.005178042035829801,0.0021291411554227443,-0.12327618162838733,-0.15858692612654046,0.022059883179394457,-0.054367168806549994,0.24106026357613816,0.16175570285925445,-0.034346643284584755,0.010113409784615918,0.0021460799131728233,0.26631804883289706,-0.00041678001668445075,0.1601228173599822,0.16189011623838606,0.17805172818735032,0.16760424664022522,0.013728606756451002,0.012430977353238132,-0.04970679509171087,-0.03460739779369037,0.20462987587000758,0.035129220672918716,-0.11338209090493222,0.0227279176032597,-0.020368936965926975,-0.03524208382648256,-0.1538603531351806,0.021826370661021745,-0.026484242503478948,-0.03196502400692983,0.030927594873836926,0.0012621844045862534,-0.01513314983941618,0.015114442002453883,0.00254709097938994,0.001366382522202671,-0.020774933117495113,0.15913615740438591,0.2156086352496066,-0.040954479157518736,0.426212596428571,0.43044021060602083,0.4301791403672661,0.0004619204934521648,-0.3756619991277843,0.04722760932633462,-0.3743736260553217,0.33075691959551506,-0.009017463510955972,0.008277258773094709,0.03081590762966508,-0.2901049283743516,0.03611950100340497,0.17988448164899218,0.6316914474559931,-0.4111602753331783,-0.03354682291578223,-0.02909884644148962,-0.03440204811775902
SIX2,0.07498183785157204,0.050132862252374275,-0.003964801659134223,-0.028643056053321833,-0.05238152994726025,-0.008438309008269956,0.09898330575824979,0.4553240322197392,0.05823393563746218,-0.06885687921175271,0.10504311308145259,0.05023565077681183,-0.02213780422001563,-0.06274112316155309,0.06768734813086458,0.08162547766754376,0.07408852182798194,0.594380617874689,-0.006094136853792373,-0.015100533262185686,-0.010876484202647044,0.006276705420376719,0.052937816538952256,0.057036236833195225,0.05586100526904825,-0.06258150124103956,0.3992396842882601,0.40231907200897965,0.39913253014572403,-0.010060757927734613,0.08263019599176952,0.42229559410244494,0.1129856682533279,0.09552009413333228,-0.09259182871177407,-0.08334196402034635,-0.07143614291135199,-0.04406035493226641,-0.08970028285690507,-0.0961223391814141,-0.09726792508501166,-0.09877286364867419,-0.09744734140900906,-0.09343319327704201,-0.09690861630044327,-0.0959534210516915,-0.0915778824151914,0.35711149836787726,-0.09775985772564601,-0.0912388518738665,-0.08359832061476387,0.003648666041180635,-0.012846578670689128,0.0001232393532320656,0.013393489572389134,-0.28421692166258716,-0.5727055909246294,-0.5808077391671141,-0.5571474763229458,0.04511392764758022,0.058925757032994075,0.07871376003139605,0.09251964444711155,-0.12467744577368163,-0.03681090323125693,-0.05471573234473533,-0.07163974437064233,-0.025789452838544058,-0.03075346477406601,0.027503537365994566,-0.013093994815838356,0.32471908606714084,-0.051092377626497924,0.06119643039675454,0.04231791288090324,0.05081482076867994,0.03747422335497361,-0.06696500754018803,0.06080222237533195,-0.051459508094590614,0.5823368812295883,0.5292521218077808,0.008339220801273826,-0.043824113670694345,0.02427448259103014,0.04530622643305021,0.06274305089048182,0.0013308485772038831,-0.03673814062021995,0.47991328200358147,0.010311808351338025,-0.0024975798924131696,-0.007406911826829813,-0.024900453555675904,-0.29879147401352757,-0.0032956262084439,0.08380495215161736,0.0010905329066486682,-0.2831301733253861,0.012219374061317784,0.00306902205947454,0.009110780653792458,-0.013572765374448698,-0.0017050353379237113,0.05374092668973543,-0.054575541178505216,0.11075210203609202,0.11191881834338399,0.1126657638407195,-0.0007339850882832754,-0.1102427452526344,0.3388665797533252,-0.042213817012075126,0.37355897630879376,0.07681085964313643,-0.011415994606624156,0.046696097795965986,-0.06922839019121857,0.05715098833382246,0.09460481610218627,0.0952741428393477,-0.07630260172891652,0.01691782039152165,0.02559191273089744,0.00729193667652431
SKRABAN-DEARDORFF SYNDROME; SKDEAS,0.024199572886322334,-0.004315182157390323,-0.19417352256608394,-0.031503961990454576,-0.24520285023101765,-0.0229105934482234,-0.3076318469524335,0.022873314055105523,-0.014332332760255372,-0.02639898713770307,0.037411565763830715,-0.020567116997638597,-0.03142639574554495,-0.03126745176465757,-0.03247644523499286,-0.02981639101784549,-0.017856562594093284,0.009026554004390884,-0.19321645376812596,-0.02048600263933723,-0.04528063487271457,-0.005346234936006838,0.037338540720331395,0.022915446114795422,0.006997120509024266,0.030677227898708855,-0.038238005680277,-0.030501274602769506,-0.021484041761211187,-0.05367576174371969,0.0060382203380582155,0.02129427275873592,0.02296488863713012,-0.038932190048190124,0.0460594610881599,0.04770173013035058,0.04793260690573934,-0.034416482523053134,0.03650847501015757,0.03567512193611343,0.03211169992967124,0.033815671762328574,0.03360810439983946,0.032361389601400566,0.03595515842941012,0.03576614392699156,0.03347937039978218,-0.033618452866799334,0.04020308922397224,0.04134089539522708,0.041749160757316266,-0.04920731385123204,0.03245718241493907,0.04344711087792209,0.03744936613009769,-0.017075771935907345,0.003461433140040534,0.012475068820207285,0.02100002772443636,-0.0342254816878665,-0.01774308879144063,-0.02475709447208677,-0.029266693550804256,0.0006348939922347555,0.02289936940519987,0.029762350277626852,0.035622221828161944,-0.004288919958029153,-0.26012104129212205,0.044546655618200176,0.02362146892095334,0.011758840164215837,0.04432145667108101,0.013651734977808373,0.026923774001780254,0.0252694713135865,0.023565007706627127,-0.0030820123572256643,0.18139668218059513,0.044243151367808604,0.034410917690144496,0.0485291331814011,0.00412824720679611,0.0010959765894730457,-0.20843939226774572,-0.05006815922320114,-0.009681182428109772,-0.02305419222925698,-0.013534457610349507,-0.012893868472076256,-0.018579436409117377,-0.01197525640421175,-0.17496117395097774,-0.015926499659341745,-0.17562422035235023,-0.0018586712731853317,0.2317902146500074,-0.0001627175038397611,0.036830053603186357,0.0022219195372205794,-0.0009544074497641947,-0.013879267051119854,-0.02653997456092967,0.33022566443270374,0.2722641167948479,-0.014045573792251525,-0.0033905019345342445,-0.0011774406635493924,0.0008239697936827618,0.03464062585692059,-0.042035709862300236,0.030492815069606796,-0.061025134355357016,0.024290968453149913,0.0030022786702145945,0.03902198337027501,0.04502062530855594,-0.011224281083480881,0.0033986570080843585,0.05539041486102837,-0.010457188981348958,-0.04577189553350391,-0.006128133952137508,-0.0040935974215862946,-0.008875080706657393
SMITH-KINGSMORE SYNDROME; SKS,0.032205276496749674,0.00044497185783695556,0.011297216926938754,0.018032955677864653,-0.04796114322775972,-0.06859252229068635,-0.033858945325281234,0.07315856718223353,-0.028604348549393154,-0.033334284321842815,0.019144588296536123,0.24016057133008425,-0.04410873294636758,-0.01375829658789238,-0.03257197684708953,-0.01266407503714076,0.0057552563985104315,0.030543158046541997,-0.030663177308299927,0.04298858760547179,0.02091161376649867,-0.02632366532551267,-0.0021686660483756846,-0.003460144486691314,-0.004538083198602173,0.00852796867566508,-0.037855013542587836,-0.03350241711502532,-0.028875736474927662,-0.03086460224316977,0.23506470601615725,0.06818054896707638,0.013558770138659556,-0.0017650918217634137,0.04853478307815742,0.03477523994540717,0.018090180094124414,-0.0007736640478663325,0.022159859545129588,0.03561561119807221,0.04397507541036414,0.02727663247623239,0.028813036074750713,0.028785121128189792,0.024104877619336218,0.028765773678751612,0.03134791999727577,-0.022492983445717978,0.04198202866283996,0.03282353121998029,0.022445580139704133,0.0018299037389864486,0.06426376728484742,0.031080537190794122,-0.007060736358719373,-0.05934196393825931,-0.038890692004089324,-0.040744487157774324,-0.03876383866789942,-0.03257367523547473,0.01238684891521506,0.011512676590977901,0.009510910879097506,0.0006905005869341147,-0.005182061450699248,-0.0036007627788035815,-0.0018387405141988323,-0.07902083506697442,-0.04533876773914457,-0.0009759840614653177,0.06116373334411619,0.07725184343082742,0.32561058169691115,0.03579768732277617,0.0851548832821782,0.08056489581228804,0.017935840006050294,-0.03876026310615241,-0.013456423681743707,0.32561058169691115,0.08309908942401711,0.09486012736093925,0.06181654493473425,0.021853139715028638,-0.0603197741790155,-0.22109787884305857,0.0017446415770249724,-0.04755078489948161,-0.04048148700001591,0.03509389235283489,0.02158620312516808,0.020975623666437744,-0.003183882907416794,0.020014000567546583,-0.0747621383662399,-0.050207493523028245,0.041469184313784026,-0.005035176629624583,-0.020400751547765876,-0.0012095913256176254,-0.0022869563502960935,0.002874958114241154,-0.006702280164632869,-0.0036926438855190823,0.04861986786313858,-0.04279907129087224,0.2760281903917815,0.2757044920051818,0.2723895416353462,0.00851400892072304,-0.023837462685481522,0.08690868035193193,-0.020869335881420113,0.037737106805646806,0.07281699072296356,-0.00502109836602282,0.04155595707788371,-0.014553714684377758,0.02982563284065401,0.07423423288337483,0.28038229663928954,-0.04296501376330361,0.008900891605268975,0.007097823007906314,0.01595590514407644
SMITH-LEMLI-OPITZ SYNDROME; SLOS,0.2067238356231896,0.007765300039293177,-0.03630089755486138,-0.039017965602110426,-0.036739066684607496,0.006898419890438542,-0.13984562637603123,0.2711137725497843,0.010650512388489951,-0.45786534288974423,0.4473572575306772,0.01195474760802987,0.0024612517351630253,-0.035020214404956757,0.03173369333840124,0.030534855194671376,0.02002038327378622,0.024417542918874758,-0.14186561456553212,-0.034992057721648026,-0.025933752814618023,0.017429398432015106,0.020532559221079185,0.02704036099222525,0.03017638204589313,0.0078760629546208,0.11739093106907005,0.11800210106703651,0.036251740993661005,-0.13469106789750646,0.009414454217728789,0.1399989489636967,0.19979362478319768,-0.006617531555680824,-0.006895013357401861,-0.007979474995370394,-0.00856500054873697,-0.001691469138283839,-0.000809527802315315,-0.006935802398903275,-0.01380316806876434,-0.008638847401390221,-0.013486919861798901,-0.017603870680696843,-0.004574881610975741,-0.00982260240548708,-0.014476468289381159,0.03872853714700828,-0.009611597373714096,-0.012128058549797099,-0.014087888110472123,-0.12355351552234338,-0.007717264559787355,0.002904710574166588,0.015217291941348736,0.0234052366918314,-0.2933444394562258,-0.3326213146128701,-0.3428410704060722,0.03577668683258961,0.17020287541620646,0.2523662912019186,0.27665438206381776,-0.00041749064221347285,-0.2022775136079427,-0.21712783393067456,-0.07325384784796088,-0.011858944330918324,-0.13907349160813384,0.15641450069806426,-0.006893226969709143,-0.026982764939049827,0.005520805432644809,-0.015087620629814544,0.007385764297714054,0.002763477308912484,0.2446562695413376,-0.0063147090083556165,0.14558160620102767,0.005474432017394815,0.02985968882234219,0.0257800572651053,0.002027664268752903,-0.0030337597252694235,-0.17032274190490898,-0.09213541673299962,-0.03519407948493943,-0.021338417531854333,-0.02426521626452547,-0.0034282698165011938,0.005615301241887918,0.0023824790254102367,-0.14000341813535233,-0.030440563770750606,-0.015489469545121676,0.023961768887175366,-0.019136703188422578,0.22476724181681215,0.029084369877260006,0.2732637969472029,0.23023392447424235,0.2464994926732748,0.01091383834829987,-0.013111901471642711,0.2697299263716031,-0.011077105523521692,0.3677211641221595,0.37479270673382775,0.37776306750478483,-0.244161352285119,-0.4648912893153961,0.011443190830452466,-0.34284388559948864,0.4214151943028905,-0.05073621446544294,-0.20143095479981601,-0.028638793402960827,-0.40913822519363063,0.0006353148631048334,0.02106891421742333,0.6113432892501355,-0.258924507333571,0.0045721479475744195,0.014402595011229967,0.007659922927942856
SMITH-MAGENIS SYNDROME; SMS,-0.002725908111721866,-0.2349092466303511,-0.12606608267100103,-0.014444011747087178,-0.003882417650771356,0.010863256914766627,0.009404508603710459,0.4731610550267357,-0.005389360060655286,-0.00434340350683621,0.009346727526132446,0.11629804310253422,-0.0071602641878717385,-0.10994683894492303,-0.21298993653812653,-0.27167520205977025,-0.25537858526290536,-0.39040196911233505,-0.11812834667046324,-0.03214736980141623,-0.20829797229419855,-0.0010973510009945275,-0.03891494830367058,-0.028672929531201246,-0.0157244178171137,0.030445573474283102,-0.3607296781198514,-0.3754144849712078,-0.38240929837894494,-0.024161754197348055,-0.18522510418557228,-0.20291932613074573,-0.0223103241561724,-0.02246209188779615,0.010520978278853541,0.012077099002428095,0.013157028922861564,-0.0901027118072237,0.004441664762237197,0.003210678103010102,0.002088097787858345,0.02399012508410197,0.020371116213531305,0.01624272893931204,0.01918517230537997,0.015121854502928042,0.010845715278016732,-0.02587213347851414,0.019282714577608745,0.01863200199618209,0.017927308099576406,-0.11591997700639678,-0.00599437926702218,0.0007632959809237335,0.007636886751255882,-0.0017552514626399964,0.1691241406554515,0.1135913645959949,0.025218103601270844,-0.1311747750124738,0.015488596444973088,0.000264837476592498,-0.004054784542970998,0.0021256615871668182,-0.0035175415037623004,0.0012731989682713753,0.004886550397436933,0.023645373932355728,-0.16125872890192958,0.028923983489273802,-0.006010342264227245,0.017570312248031864,0.418754189091042,-0.31007632061267676,-0.006020055377140031,-0.023334912456053698,0.2494536372288426,-0.24049333626950384,0.16490278520366317,0.418754189091042,-0.23392871320377492,-0.008355657808093138,0.10910854229391705,-0.018885547615183178,-0.2291196164018366,-0.18693652883207104,0.14500510719183293,0.13590211944052688,-0.1155243378744783,0.016724780396741232,0.005200616330861235,-9.792233428192213e-05,-0.17529689563598339,-0.007558820552455953,0.1110424005773564,0.021130930665120118,-0.021227950136529086,-0.010321722289701052,-0.12994319973491647,-0.0027086517703172478,-0.008455285272644357,-0.00017912950000657563,-0.025563409412107354,0.010551929174082507,0.15410945016001304,-0.03237794219704875,0.001533888368048534,0.0018228943485929649,0.002081132917420374,-0.14350630712342785,-0.01329434353709624,-0.22736117559379285,-0.02114193296918629,0.0009921497922329187,-0.004939644526267242,-0.022647747061792123,-0.18589489684220545,-0.1979534943097135,-0.020597016756459707,-0.09900552997118955,0.01653373670504082,-0.3467024923665976,-0.0067012866692089295,-0.003953503916540799,-0.0018200536497813206
SNIJDERS BLOK-CAMPEAU SYNDROME; SNIBCPS,-0.08107614695069723,-0.0029247483468880994,-0.007092794459286815,-0.05097361180274849,-0.051337901817442334,0.006255762096252568,0.018468309731003402,0.05993104865785212,-0.059367709811837845,0.0731420582248953,-0.053444269717850275,0.013985296358984777,-0.003312786376350971,-0.03213892370507932,-0.045437710174043806,-0.06071889004283612,-0.05860654448402652,-0.003811669214570422,-0.030126109615639506,-0.039705385992336924,-0.018992843926721913,0.023343665701988807,-0.014515467453220438,-0.010808033751516651,-0.006420228958610432,0.0061094044134216785,-0.05892783219864536,-0.056563892514050716,-0.053045513666761974,-0.015150976541663601,-0.02008078011533488,0.0034966308014270503,0.029663922860424442,-0.01777751334483924,-0.015511162223888446,-0.013861662922440504,-0.011715741646779151,-0.04146807106467268,-0.025674179766809316,-0.02988949703330279,-0.03188447933302773,-0.007098900670720014,-0.013711155256550938,-0.019526289665296966,-0.012090205189194986,-0.018386580959174177,-0.024757936457158895,-0.01591806047495532,-0.009161147823428393,-0.010976470914604256,-0.012779766903814896,-0.036899780843872285,-0.0038964048575854246,0.010276406085261047,0.025843716837656874,-0.04303189442545515,0.006611083547151747,5.0907383129581486e-05,-0.006234306576908422,-0.027722497161947676,0.020040471429475213,0.016736641043268337,0.011763127197200114,0.001015294692636506,-0.08993403307892761,-0.09536822886313195,-0.02970302633312444,-0.014490106658522916,-0.0483526129294773,0.001132469207381711,0.0605727224290369,0.03597987342471996,0.48335480395819713,0.015873968255449518,0.03361545898699184,0.03206462130508413,0.08466435755584673,-0.07053481366390962,0.024918087026556162,0.48335480395819713,0.06768453959988724,0.33161419259209,0.05126567881838352,-0.008758022100970812,-0.047553923811847566,-0.04032775844010624,0.001978130437229402,-0.014918013247691745,-0.030031743463747245,-0.038311046685353844,-0.05763244941704155,-0.05823091980939392,-0.03965936575221358,-0.03675882255147255,-0.03718939507539198,0.02159530261273563,0.05755138791476412,-0.2691272438073155,-0.04187242055933681,-0.2709869980766706,-0.26931450383078404,-0.23901227508783035,-0.22963203397627271,0.025072725470728006,0.031572331936153664,-0.036181676436905764,-0.023541758042088978,-0.021475022322205894,-0.020776447455790017,0.009636643790523262,0.04978967092927912,0.016207319803504646,0.027619438733565142,-0.054157831824969686,0.0901444269852715,-0.006810419176250083,0.0012059734370316612,0.03283832834797274,0.04308769982920358,0.04649805313198019,-0.023230733836578036,-0.22130081479332966,-0.259601811770411,-0.2590777253216055,-0.07191152813193512
SOTOS SYNDROME; SOTOS,-0.0069057581279064,-0.2771241244213456,-0.010599239178600213,-0.013644976772929415,-0.006826086314230999,0.006230559006672862,-0.2803974724633223,0.173728066256394,-0.25592396784362187,-0.033462146575745144,0.02001468576380234,0.2870307979241681,0.09340661066013538,-0.021395473726547397,0.021765822693338394,0.02703545994145691,0.024114120770457336,0.032700460147547634,-0.02888914212351515,0.009589288549731399,0.315991825131153,0.16844508458261842,0.10588671223496145,0.11239631970077874,0.10699562852290304,0.01171413909684693,-0.030501209660068612,-0.026017221040158474,-0.020620693962824937,-0.02754308966414635,0.3088530913357,0.4998706214786384,0.4139216756778918,-0.03387526614985596,0.3270629978673571,0.32637169143945943,0.3179009637297373,-0.11234249934110119,0.22620374200731969,0.20285452559285883,0.13593156479101184,0.238258388745045,0.22417715862475623,0.20297051437944,0.24102839514377167,0.22371446319276928,0.19738581875092756,-0.031849951372816494,0.29280912806131526,0.2853264670580306,0.27475261379319954,-0.11647261433487102,0.2652156921628797,0.34262868709459643,0.2997476770848888,0.008279700794011581,-0.17334266284745178,-0.21029909870887578,-0.22748125952021445,-0.15023020613771088,0.028102648837609844,0.001379511183472756,-0.0059286706263280585,0.003705374251113266,0.003908471962736472,0.005481869604011711,0.010984125950267803,-0.47604269142330496,-0.10849527362854838,-0.20640093482262326,0.3583288480935102,-0.0029499267000767993,0.23919113856525595,0.0017244668860856662,0.4310860922728785,0.37082199142219596,0.43674731848637727,-0.36104319010182084,0.21377098791820398,0.23919113856525595,0.13495759911503935,0.4604608267507415,0.10487053618405387,-0.20131932054489501,-0.3189520188253018,-0.26673655416787206,-0.4197928073433324,-0.44407549404092084,-0.02376186303321557,-0.000731681193997991,0.29768571458178883,0.304500325808468,-0.0074341472287258225,-0.01929791607166807,-0.044105013639806394,0.0020321064023361584,-0.009380523103431994,0.12676836988637308,0.016190454554701174,0.19415566546295396,0.17566902163704923,0.19354950494258347,0.1368091669666101,-0.029479490008031132,0.18776755341309542,-0.02401792045675133,0.43218118473148537,0.4454348830473323,0.4540422341620634,-0.19999810364776857,-0.023976047230999883,0.021744358256352386,0.0010814216595852577,0.2099649437863102,0.4585385317957276,-0.23379966374889963,-0.029364911035357266,-0.13455691980684678,0.02826528858984165,0.37711792597647925,0.02745789487391993,-0.012467775592809973,0.16998842874067183,0.15322486574993285,0.2517095264164993
"SPASTIC PARAPLEGIA 50, AUTOSOMAL RECESSIVE; SPG50",0.08951159043653245,0.0019077663357603895,0.02949613253811255,-0.017316103283775232,-0.014805004241689379,0.00378061328206992,-0.05374355300960188,0.38405179090547176,-0.017449505578881093,-0.36182879279027236,0.332276076073984,-0.04861368977065448,-0.010991068532323976,0.03340921002196603,0.0014512963063862112,-0.005469436772652619,-0.010936866924659854,0.006759092424596942,0.03419539376625293,-0.03756785232206365,-0.07272410485500094,-0.0030040119306263663,0.009565601386830548,0.02366501616992237,0.03533481102120519,-0.032761850960379896,0.012987948006667888,0.007630148549099754,0.0024793242939705833,0.02492074383330442,-0.006718706759702413,0.0023263695640399745,0.010677243921360496,-0.01214940287973834,0.057656569921533146,0.05950584133816033,0.05981276097407668,0.0016629600321536363,0.07604622244730903,0.07269964222171013,0.06495991720246035,0.04789620362596151,0.045796006727485634,0.039742220553199516,0.05471124559670297,0.05223633445403222,0.0466652000832558,-0.01123845727708564,0.051522670330889725,0.05130105843552457,0.050169053824859255,0.04853623340453142,0.026959729196566178,0.053439763811460934,0.04757759122216437,0.0042007142403509,-0.04052254665684197,-0.051029247744623134,-0.053523715838879875,0.009137946657780777,-0.014488771759195745,-0.018904593216074232,-0.021142572684108296,0.0062806861652216495,0.023583737578435387,0.02843257168491245,0.0317450944569689,0.10890746789700004,0.025156402816249694,0.06576190488418406,0.02591593531967026,0.05897433738595291,0.043457059487319816,0.01300674613055029,0.018698427373560374,0.018436217586609054,-0.046124340948511686,0.07357951946831406,0.00678552504949062,0.04371041213056949,0.002632609702701118,-0.0008658149745578542,-0.02276704794656343,0.032667434779976384,-0.0004795067821548555,0.0016357854729476145,0.04289639231164496,0.0070053597711208625,0.029059822302473514,-0.043025360313519834,0.05686799570329082,0.05246003442782814,0.0318954655647465,-0.0215532629015424,-0.04769183406101466,0.005493195101222693,-0.0005998263098928142,0.0899762326364122,0.03801382063374147,0.3051321640112404,0.08861277960014377,0.09619956613123808,0.055042410691535794,-0.05429361784209166,0.00858278497523177,-0.02198730007090081,-0.007909580230334154,-0.0069528128350614185,-0.005490985963910521,-0.05668885565314649,-0.33831817461934605,0.013050279835491261,-0.07196977584671001,0.07144489753620989,-0.08911290235593974,-0.043416894280886284,-0.015371621663000228,-0.33613194644911054,-0.0523755531887224,0.04518239389132626,0.03406113136902759,0.0010568484933022797,0.00868233504624465,0.024609023623306907,0.04306292937172488
"SPINOCEREBELLAR ATAXIA 42, EARLY-ONSET, SEVERE, WITH NEURODEVELOPMENTAL DEFICITS; SCA42ND",0.07854608163037566,0.052507971439736865,-0.004430067729038114,0.028286064686778748,-0.048879763652133985,-0.0766479484710682,-0.00650129425029965,0.36737272160625783,-0.012704709027688414,-0.09515015379358938,0.09954286769372374,-0.07834124969570877,-0.0031140414406504602,0.011534831818805064,-0.03881848323354705,-0.004181790709809012,0.026480376055365955,-0.011632059929634326,-0.04498198019056851,0.010883784927873405,-0.07002181973922986,-0.059298275317977885,0.04209760641831249,0.02211197717698283,0.00127247413177147,-5.800933052801098e-05,-0.0017947956590618865,0.006228347663895863,0.019484126326545077,-0.061223033079104726,0.021156621045212414,0.00033352458540606637,-0.021198614047557986,-0.017307214983200397,0.03606771819280995,0.025333337527978367,0.014205829916840081,-0.036659041613283996,0.05528178989081042,0.04485366278490022,0.03107926252503224,0.019062860542582917,0.023733974507901323,0.029167383522145197,0.0239305797250036,0.029181973289611265,0.03297512362442799,-0.018011212234321294,0.026379219088134974,0.02316289190470852,0.019400355766977007,-0.026259385546486984,0.034647372401845324,0.0049362916728579375,-0.018741808973126217,-0.005678075759658759,4.132970673490733e-05,0.0026661610854362364,0.0056554584232116605,-0.0035465391359914963,-0.04873132641368167,-0.05818223437993536,-0.06231772078177848,0.004329248984861143,0.04840010764295469,0.058433394922377355,0.21098528831924998,0.09357848878561296,-0.03794472620086495,0.0809126824208071,0.006579265219425976,-0.027777245773952748,0.014128708663916556,-0.03424017251456189,-0.001413796641204866,-0.006724129880641855,0.006961720549713339,0.10611052736065588,0.034847051075963045,0.01388676842747162,-0.0016336389143489962,-0.04891492539763296,-0.11114625834456514,-0.014417352907818511,0.011901100006212305,0.028233357732077104,-0.023091348488921127,-0.007553436873856601,-0.05182209600350376,-0.0514392546018203,-0.007480370676036469,-0.016347748280127184,-0.04487293340322966,0.04457841517380242,0.008198290482340078,-0.03980603202528959,-0.013919353806424693,0.07764673297120274,0.03433800980413496,0.08639740053139125,0.07411435986358515,0.0763256214618699,0.014485765099472097,-0.014032491348051589,0.0525965257379094,-0.026111311406461817,-0.0049057881236466054,-0.007553351932158153,-0.011337951144401039,-0.076536509823791,-0.3376086274717066,-0.03609266871255576,-0.07138479619403278,0.07503105909315953,-0.07595480099467954,-0.06183429320659171,-0.05967338291685975,-0.10818875250425557,-0.06878089660275202,0.0036454732865585475,0.022331217235646073,-0.038375119041452126,-0.02190255785151841,-0.004250619338729186,-0.01215339188161533
SPONDYLOEPIPHYSEAL DYSPLASIA CONGENITA; SEDC,-0.039014260110346775,0.047030639824307136,-2.7944165374676344e-05,-0.0761121275693729,-0.5913233467660097,-0.08811661920046646,-0.4225720993130526,-0.05928683508093103,-0.5832671696616012,0.03938088835930364,-0.08426415280962822,0.5653723679787933,-0.029794642046482873,-0.07087209036201474,0.040610581652626765,0.03465755010997506,0.01756572299508563,0.6613317264976151,-0.08499310744061538,0.061611159265788584,0.6063602032095322,0.06316031962203453,-0.09973406228668057,-0.09326390566209672,-0.07757657998368983,-0.027846279229918863,0.022570448654698205,0.01606782105644537,0.008891618490404903,-0.07952732043448675,0.3681053053918177,0.6006986634168406,0.3773410594916059,-0.050779641152659094,0.09583565923637742,0.0947769416729075,0.09165339399081361,-0.054527697239162495,0.050588891870632466,0.048711972487916935,0.04465746427101417,0.050559520384987046,0.04689589822603402,0.041532662935253074,0.04569384075361417,0.04192130706210658,0.03636958731154198,-0.0374632437105479,0.08020561796570796,0.07760445010281813,0.07404424469942024,-0.08184837935537415,0.3570057654035016,0.5223715523069942,0.3589756751273092,-0.04105269314455837,0.34558715237657184,0.35182361862675116,0.33264021310271247,-0.02920381413079713,0.014289016477461012,0.010655143799919286,0.005742354723264696,0.0014718786537567955,-0.006581672626713194,-0.00477506731315187,-0.0029615711653966097,-0.5326913641326136,-0.08551608206725805,-0.3632427651447001,0.6798749464638453,0.32691226457749134,0.5687304024807729,0.6569519086279738,0.6937652101152378,0.7034540775855288,0.00029930127209035163,0.023884923296367325,0.04890297867855448,0.5687304024807729,0.6330323411747883,0.6082388146880978,-0.014845225958235803,0.007311215830100024,0.0012643364141085981,0.01556833555163148,-0.5602629610323149,-0.6776905245980552,-0.05257744580335572,0.03650984499958807,0.06347115918681553,0.07082883638254721,-0.03501741101928883,-0.05849600777188927,-0.7305800974856569,-0.05690161395122368,0.40739319109769756,-0.05954481971564726,-0.2374454302271407,-0.053786156892387284,-0.05208193609987974,-0.044050031497461714,-0.014517186984203883,0.07461076366704825,0.07532048783921066,-0.01928198494764986,0.10196251599337189,0.10010014086388852,0.09693496617316776,0.4308060045307225,0.08204722394248352,0.7093598685973791,0.5069304769759887,-0.03863912050017281,0.6252924674602637,0.06581574357434578,0.6148571091036075,0.6260424546993987,0.1302018539607654,0.6585169808819527,-0.06539249724558281,-0.011159899864070542,0.05421806511545128,0.03800792001082853,0.060433155568904086
STANKIEWICZ-ISIDOR SYNDROME; STISS,-0.07422544664041412,0.003269203031631762,0.008438812726833647,-0.059140071744488,-0.06093121775764258,0.005781125350918382,-0.00688963598736945,0.04119804322312934,-0.07300658423670361,0.06971824687840895,-0.06649711395886673,-0.005719379094531803,0.0017284001777555559,-0.022778813547556485,-0.026624374897931513,-0.05431317550567214,-0.06270199429544517,0.003759593777309425,-0.0335974288563434,-0.025162589335491203,0.014923033900325173,0.03842276822998046,0.03537087489427786,0.0369576808444444,0.033817277136854444,-0.022930587941156492,-0.06921489783405543,-0.06998526211588303,-0.06931379271109094,-0.030698541482790918,0.0007851423345166688,0.03882983706298935,0.05418982796232812,-0.013400238556340335,-0.0016392336989611608,0.0010892819113570485,0.0042890796441876836,-0.051186803731148194,0.005200826243564843,-0.0014888220201760899,-0.008912036910602706,0.007523971585313382,0.003978509322875008,0.0007495120654772477,0.007676814336136729,0.002006434353081327,-0.0024090330609259415,-0.0205438821569419,0.002350542736505805,0.003463312071987202,0.004648644108661823,-0.023941093797002534,-0.020823917021248035,0.000418226564517738,0.019237977674115874,-0.008642792906981387,0.01940009167905732,0.01599039832247103,0.011153693985803756,-0.18946738026685886,0.015397595169065801,0.011796515682596261,0.007287605673891931,-0.0005748186241701721,-0.004690297665537132,-0.004681955044177929,-0.004701238340113956,-0.08708302974005917,-0.04841885598846809,-0.01636849899190076,0.08288523789097614,0.037193496858526756,0.34923161839237504,0.02685193418964521,0.06351196110759265,0.05954217229582773,0.06723669411730936,-0.27015074012432916,0.0328362571411386,0.34923161839237504,0.08944178901276062,0.30931573043352767,0.024425828758584858,-0.04982691167617808,-0.4310779143749722,-0.4178873867112158,-0.016878564949303187,-0.04512385962510759,-0.013392900605196694,-0.034256630678834735,-0.037174221451493336,-0.033417659626847285,-0.03152624162369442,-0.04287148807625021,-0.06781571993725506,0.0166588325472777,0.29365818719298104,-0.060911458701367396,-0.01658592772449703,-0.06205743164840618,-0.06212047370424282,-0.060166432359773,-0.06257350034507574,0.0546863693581481,0.037085457203539236,-0.04731477852535453,0.0002910471897798813,0.0008876829148934118,0.0014836464174112964,0.06348397002206133,0.06562269141156106,0.03266068841754451,0.019361101652102534,-0.05304408111532432,0.4246174890182013,0.051349496435796164,0.05564672674911352,0.06713699841087238,0.05835456434430479,0.0467754342843303,-0.07074473787969711,-0.03455936141987477,-0.029413333439812932,-0.03522880038275133,-0.03643298870504714
STRUCTURAL BRAIN ANOMALIES WITH IMPAIRED INTELLECTUAL DEVELOPMENT AND CRANIOSYNOSTOSIS; BAIDCS,0.06366166132767369,0.06904300779980188,-0.020456624839401756,-0.05943462457397484,-0.04267189986871504,0.020964853093037205,0.013607747307316526,0.10670533394029567,-0.09792038234849121,-0.08497066652292466,0.05361776138298396,0.007938800646220611,-0.0035795003128227345,-0.0163843138463167,0.01706440814871839,-0.0019095363131021907,-0.024690788365432117,0.021052746234127912,-0.046382116646190664,-0.05084880993276228,-0.02863738121193453,0.024466833071022615,-0.06875202872620216,-0.05086987126307853,-0.029632692522796975,-0.00045477006961669474,0.049516717221413015,0.04888858594518293,0.047950281513377144,-0.0421166585976675,-0.019463557986659386,0.0011062829099152771,0.021744595854706058,0.04911511338121752,0.004941095415616187,0.00328449427212387,0.0017908774741240063,-0.0177808961420734,0.0220774933922119,0.015250782107383593,0.008046913902354494,0.014947615018149132,0.00396729782193954,-0.0045100862101888906,0.018937878659311437,0.007759794438758777,-0.0017770681754780463,0.05275658134683044,0.007437243660880636,0.002559820464501023,-0.0018013435133301988,-0.053458365291590815,-0.01967741941700547,-0.006233364738556292,0.006287252479607638,-0.004002797019237926,-0.014689982237656878,-0.028534038042781488,-0.04672091402384208,0.01395894077177306,0.022474351087848832,0.030716573724638298,0.03449979760948507,0.0765122936148264,-0.01054137483011713,-0.01859758879421735,-0.025921678249326743,0.12010990704894711,-0.038711478331591644,0.020013533571811508,0.08661250818525452,-0.0358206290135512,0.10455726364079011,-0.0809183287966966,0.04274933854803705,0.016962961728678977,0.02092144856571561,0.06247472474366744,0.0736690954019477,0.10455726364079011,0.05405191257915664,-0.0004690782880823022,0.003328970582578544,0.06140306950007095,0.013246365335611911,0.04001124004412004,-0.07552331909679516,-0.04858560203724352,-0.025371610205515118,0.039480900883249834,0.04082853569695379,0.025916696220000632,-0.04711550034677589,-0.03052591632489858,0.020093954920938146,0.043638076210571,-0.026118049676226784,0.013186689097318611,-0.05041892331051544,0.02895000862428498,0.014683144553818223,0.042860022917071916,-0.013912871838534138,-0.049850769134399626,0.06662555267933248,-0.021547454447286972,-0.05903993824327932,-0.05868012976820017,-0.05772625342685151,-0.07816562322330334,-0.0577694597065671,-0.031416219961648444,-0.10195128785989925,0.0008034078962483321,-0.11506217757526298,-0.0527674975824494,-0.04660322580909188,-0.10546338932583087,-0.09752167880294162,0.019024464839620784,0.09254458403899975,-0.07651574669473159,-0.01345227551455728,-0.005799233965104655,0.010018300133996424
Seckel syndrome,-0.05757520838299842,-0.028021816641802668,-0.052572423845476605,-0.02357640445490142,-0.28316479516723553,-0.04230438022835078,-0.38302713654483106,-0.009795543671028712,-0.4007770289117104,0.030698253676170545,-0.05603296375790935,0.5242620823997396,-0.005888924370398057,-0.04107791592547936,0.006766768115037885,0.019850116242553294,0.029114453691938717,0.057737780629092406,-0.19834282040193493,0.02748941647198581,0.3514924874813924,0.030795185840637024,0.019878946527070535,0.030695524898825755,0.039376979746410815,0.006194232383090575,-0.004490768111690478,-0.0035459199636520213,-0.002559816061447511,-0.05135157752708473,0.1910791477843588,0.35992150775210197,0.21149121287035533,-0.03017277384644791,0.04157791396612964,0.039816837624012676,0.03674489448012008,-0.022625774345207558,0.019714594083456827,0.019884032996232835,0.01843450913273423,0.01585373278228839,0.014242984376577518,0.011818216398042291,0.013100550625286117,0.010899429741347687,0.009048153945637023,-0.024179480295723456,0.032690082708700524,0.03048049779526372,0.02785643623741313,-0.04807525779858756,0.2107907128271429,0.30574174119352504,0.18979553426622675,-0.002808909375964224,0.018525919420662788,0.009572730968644699,0.0016624737114958451,-0.02877660330799187,0.001954981118584553,-0.00014435915274026924,-0.0022673331378075365,0.0009781683598669474,-0.001177874471922468,5.928913254210214e-05,0.0015695040180741843,-0.06583043664889951,-0.05514531828071468,-0.055652348252947716,0.4316656302033918,-0.03780342399003122,0.039827988245834,0.3702893782501947,0.06254523025815263,0.23520178038544365,0.21325973875603485,-0.0006234549076464479,0.03903347325070624,0.039340978211474475,0.015727567953708887,0.05317994922121798,0.0029126290769059464,0.00220890333381222,-0.034189843206466626,-0.021544335105920825,-0.45229248424734153,-0.42212305569325453,-0.027636489680274594,0.20667701889316406,0.18493414985092402,0.20367694317752424,-0.029482986946878002,-0.015004263978421268,-0.4295298766407718,-0.025068755258108876,0.007819166251331671,-0.049050362893586594,-0.24624716813569908,-0.03689257000555961,-0.0412899997353112,-0.026117215766444817,-0.0221614632148119,-0.000946744684161022,0.03671045592806916,0.00016719901643715528,0.06664250054026531,0.06298555171094591,0.0587481559260792,0.01658853452395104,0.05241907690274353,0.25701158382588524,0.5038356477677226,-0.020706805227403594,0.4544968493024662,-0.014380298143328078,0.028225272988921576,0.31265013912267936,0.30798404244537586,0.23867036176120277,-0.015777317165779483,-0.05092013274123834,0.19971874994472294,0.04815832451995436,0.19148986340763685
"Short stature, facial dysmorphism, and skeletal anomalies with or without cardiac anomalies",0.05791152451178502,-0.059867028199855066,-0.07408419399195304,-0.023631440941339853,-0.01845307732780476,0.005643209730844099,-0.08798217356306233,0.033240714374041885,-0.28857024600357706,-0.2513950200606667,0.03739479406774253,0.578335665932763,0.020276073558417013,-0.06170058135225559,-0.004215016934867127,-0.002057250005073841,8.75406922190466e-05,0.019210450619896347,-0.07165127032407281,-0.017193340640968332,0.0014291719545752079,0.018828983725154246,0.01363648849590638,0.024854389481482567,0.03482904518858575,0.007396745861091005,-0.04419591923275688,-0.045040187419509665,-0.04490605972938266,-0.2624563505380548,0.04604586274732946,0.27735525400493427,0.23929961191655358,-0.18123767403387725,0.4445507386425346,0.4521130088781895,0.4507472643381536,-0.05288839715058313,0.25811065672851025,0.0804105519161871,0.07605124638131514,0.26219485354680294,0.268545657512623,0.26671861673407293,0.2726890602787297,0.27779763817501396,0.2722963136565585,-0.03917871560393651,0.31582373025477406,0.40072845356388753,0.4027303211216893,-0.259037645975549,0.26487601804514893,0.31874048930288446,0.08308490401492266,-0.017762703802805316,0.034619200398830235,0.025960778030546104,0.015108719702095588,-0.040660904746093685,0.005396701310406884,0.0014820263324979899,-0.0013643920381080084,-0.00015535794401024363,0.002528984056353336,0.005310238852374851,0.008308122198506164,-0.0686129960882825,-0.3524852429183203,0.0010428602848308983,0.07501575655667723,-0.30032453102942425,0.05338851655730626,-0.04783324263656781,0.020702264584064836,0.006580943852991662,0.03128771172762498,-0.010390128518748347,0.02241684613832932,0.053438331681927034,-0.0015587124434604579,0.060171112511025734,0.005294484619515073,-0.003632553124514695,-0.2363532734523175,-0.22574391491142254,-0.4526144272289758,-0.06986420930327741,-0.05192658355031679,-0.005042612819636887,0.011713197029679174,0.015935892738241163,-0.06064597848936293,-0.01615045794976971,-0.00570685276255721,0.014691633877467152,-0.043124790323412564,-0.031088362204554902,-0.04085598796544742,-0.017321681858650247,-0.020260477357880603,0.001123044822727694,-0.006586085078250754,-0.049971761386057245,0.26928265796271805,-0.06426792665057285,0.5313531352926538,0.5403862954710342,0.5448197298922681,-0.0469061314899401,-0.045730955132165414,6.382509655128401e-05,0.0024220727350288854,0.06383267069751052,0.006528079891062849,-0.015072185040517374,-0.010512025481888137,-0.03614769195988494,0.002197703904934395,0.08468291831781907,0.6857075170667715,-0.05743961960929912,0.03593737968513046,0.024775229988815938,0.021155134361054418
Silver-Russell syndrome,0.011013273976631622,0.008286880621736511,-0.022033300535025984,-0.03397880151227656,-0.3507929372593422,-0.04841648156450439,-0.04402157456184037,0.029188063532083076,-0.4533136857084177,-0.0405023330665378,-0.013622583115178515,0.30240365307036343,-0.010915893223196,-0.04302236286710436,-0.03437320236869924,-0.041222546062225314,-0.03549072234214344,0.053961839178051293,-0.061949562733361295,0.0016714242183528012,0.016432816429636163,0.009395291133576998,-0.05743669621221141,-0.048659135025582424,-0.03479344326263406,0.031184462577405106,-0.046024763357878834,-0.04156848586631953,-0.03628615736674667,-0.0668163126574138,0.011476127657638942,0.032646359181723,0.03246437240366161,-0.01601417597787635,0.06855649157297188,0.06300403666468951,0.055015071791467966,-0.002577893913117453,0.043271712787218315,0.031194803641068417,0.020741439531359266,0.04203473219605202,0.032389587555609244,0.02190062671936997,0.041785893114046534,0.031123952056559243,0.020579306061082766,-0.0010195931940428764,0.05892543733878716,0.05058922570768947,0.04253932971175114,-0.05840835728395264,0.2107108247758705,0.2797904741221255,0.25047841780299607,0.010536141285095465,0.05564115857875716,0.04193371728248908,0.02224094205718376,-0.03981473574399291,0.011176720268790793,0.0063963360531728184,0.001776595392226485,0.003960128628209406,-0.005260396002102793,-0.005807683951171458,-0.005860517369449941,0.04005006944991563,-0.06547745666084226,-0.029657504030676324,0.5109070607789213,0.004335423799496452,0.5173452201641806,0.0447727844190476,0.4698975293593292,0.35341843427182656,-0.011927558747242866,0.02600867338112979,0.30801246622641043,0.5173452201641806,0.08500251392040062,0.2761358574874692,-0.014309722071708969,0.006488345718803652,-0.05165173376377786,-0.01554582880583506,-0.10916306661689165,-0.38645731527382493,-0.18202274214872785,0.029624224566423163,0.02981215399065638,0.02105868276429433,-0.044534759432418934,-0.014348997327364514,-0.08802179215891422,-0.014536925784583246,-0.02558168700272958,0.002027682307155196,-0.24434383151699202,0.013290639973254052,0.00591649250565973,0.03108659052339617,-0.009200438483807683,-0.06639683502906005,0.05643912361205397,-0.025696312520792804,0.0015521547757360904,0.0023861068637899383,0.0030593303685619417,-0.056088963183707166,0.009185035550609932,0.05874729928071446,0.05167625574733209,-0.014103462847364088,-0.05152985433311681,-0.2870279237078423,-0.032125479825538365,-0.007499566562164142,-0.021498866911100478,0.44720239351784763,0.02955640760417285,-0.07109437627415453,0.011496056620209288,0.027568671778370198,0.026167069091638198
"Skin creases, congenital symmetric circumferential",0.02723018084098255,0.020531227465636903,0.06194670237568338,-0.015120213655010985,0.04838713405154058,0.06785932904177192,-0.005894465442597099,0.09536770673055668,-0.04557231605483734,-0.04058027432556709,0.007090792610695005,0.03158999270142206,0.09965714494985448,-0.011315105294952594,0.008642418466743679,0.002218517542916339,-0.0037782489645413397,-0.11202783211352482,0.042739076862425736,-0.0052167153726417805,0.09518447353493882,0.07151453197666438,0.047097633703144105,0.032685468476168496,0.01363579024904524,0.04399493899725685,0.001927526723705658,0.014636788672786085,0.030318775301066477,0.0680586801657124,-0.03603507324738355,-0.0016064048547920016,0.03681112418120803,0.3426667098225275,-0.09558728243375442,-0.08542843512227945,-0.07391682276200258,-0.009942244293689288,-0.03345962819474726,-0.039500257098407494,-0.041401843107194435,-0.0791807317956799,-0.07532481483224046,-0.0686542249403325,-0.07397525636223007,-0.07312588179873046,-0.06876947722056792,0.3240902832629238,-0.09321268712325192,-0.08321463630174072,-0.0731090218517952,0.051773210729189646,-0.1100863152449584,-0.10665437426373513,-0.06162429021257156,0.03306721794727823,-0.0014892177915495426,0.003501883872903184,0.010252427583199044,0.0018643391820395724,0.052850738724774374,0.04000032929348867,0.02289783049040777,0.011917468319914519,-0.03200570186601035,-0.024417125815175432,-0.01409593340085218,-0.014278608702157318,0.036669087323894296,0.012075176433954872,0.0058073649016057004,-0.021986008381414273,0.04786792572217946,-0.09690358370356296,-0.05369692834684227,-0.06709252416601055,0.06315457341214205,0.05219265938855875,0.010226987938437843,0.04805213396961859,-0.36904081815259465,-0.5639636326972668,-0.24704812340193746,-0.020185372065449535,-0.02357902374326037,-0.02050308086974149,0.03830925712983021,0.06769729854495447,-0.016601727270654665,-0.0008515097910980092,0.0871148376884373,0.08211176984709341,0.0135069371610534,-0.022788225577612127,0.0542128270190069,0.04345694557808424,-0.07442205491646943,0.05566263939896951,-0.04679972477533476,0.06493061232442805,0.05949231817494027,0.08106435911712266,0.047549304329704806,-0.07109815891824231,-0.044220179065179846,0.06033509522421606,0.04170496588599191,0.05313585330904191,0.06662941151416758,-0.05630794804460046,-0.004632444340909884,-0.09941071456376298,0.02203877591612967,0.017024992831793147,0.05367582256126215,0.004089456124005989,-0.04806707636557046,-0.03217096549745055,-0.01024203349982288,-0.551345418854422,-0.00992032721453841,-0.0002378335466589252,0.29354449074475825,0.3181622500631007,0.30032919640872646
Stickler syndrome,-0.00618537170017704,-0.200964516359181,-0.3541875221721962,-0.019195896773629595,-0.03755304992186813,-0.012544654959347692,-0.0007012198951004943,0.4269156567551859,-0.2938702955131113,-0.005395110741674008,-0.002623539050688639,0.49775129557823056,0.0007978078388923409,-0.28802329502444735,0.020621177791827597,0.01610811852532865,0.007210972984233422,-0.006949619645882502,-0.3286786419511863,0.003961664753556111,0.03270322304651014,0.016034695119174467,-0.039083048570218326,-0.030028380827265406,-0.017907365824869164,-9.593013538796946e-05,-0.047121805927742,-0.05050333239798952,-0.05279550311066716,-0.3265002792743957,0.05279173404396832,0.25461963297199247,0.05826824530107561,-0.030843316877617332,0.06598828223758882,0.06349293756011017,0.05955116060739664,-0.2051701699116307,0.040584147252225984,0.0318272606345844,0.022208939817158886,0.054019821134819714,0.05137796777487591,0.04721756940995552,0.054113672695570686,0.050386544732271825,0.044785038943763636,-0.018551512147796215,0.06177851979141336,0.05915409707681621,0.055738083831085715,-0.2995874386052814,0.03971814404336457,0.046474681223880154,0.03620041005913446,0.00834954419996764,0.041353562417553454,0.035553999757395545,0.025519726999708576,-0.03121510518508539,0.015420495613181286,0.013203468750736079,0.009762664516022791,0.0033836234113313727,-0.004856536022210208,-0.005639344837609903,-0.0061189138377817824,-0.2037487325352877,-0.3060052980768017,0.011453643052967626,0.05089431937453501,-0.031018614105818423,0.3154553425966052,-0.0025211081066496836,-0.007220890980010116,-0.006058483163807536,0.03217942441017276,-0.033685427588066176,0.015559385250143819,0.3154553425966052,-0.04024480851322013,0.007782137261080912,0.002568275475235341,-0.026941897862506305,-0.33505355725455266,-0.33224752017358333,-0.024776552971877117,-0.0031735269537203426,-0.24046912543791454,0.6101741976859717,0.019354523098158292,0.01260562308375666,-0.31196164114622454,-0.00664781072395453,-0.018756543696841838,-0.00021825010110111228,-0.005040333328377626,-0.04235440337401316,-0.35128019738087923,-0.028221395750294646,-0.03443450678274084,-0.004575653636344726,-0.022683364314216633,-0.02475561126003709,0.32284469163908674,-0.16114239528395313,0.3858530071264911,0.3881782850134853,0.38623447944696904,-0.031505285937213356,-0.0006553658488949563,-0.013225510504740969,0.05685321795042741,0.01935424818583108,0.42471659312001303,-0.027073156363775205,-0.024955188606940452,-0.0013040483095704996,0.009334510223937718,0.012729792644972518,0.054193859295856864,-0.31008612155282,0.030513661192785275,0.027110454188225767,0.0196852543627967
TAF4,-0.053309859787008924,-0.03161582877054054,-0.08748634637702082,-0.029862945399336944,-0.008791488828349518,0.015732874811352736,-0.03219268270160058,0.012864138202169952,-0.029717035733044083,0.027081970417131347,-0.022324090923610932,0.06385888776177742,-0.00021695582250141497,-0.05885078206077996,-0.004643976709306524,-0.02210309321990961,-0.03164835793825494,0.06432724134037163,-0.029737690771270562,-0.050327183715599265,-0.014104269771775445,0.03488836072415259,-0.06874626583075127,-0.061182719162925066,-0.047239086784211126,0.0028859221143416837,-0.043253306993019505,-0.04393500312940277,-0.04402327779357116,-0.022087831723887983,-0.012528866972843257,0.025538052067828994,0.05629358600572002,-0.028336541715467917,0.0004962324968175286,0.005154062747549647,0.010812477191479002,-0.04226151283828649,-0.01522014086375913,-0.02683545884917195,-0.034142792674487346,0.006070188925006802,0.001869209029500781,-0.0015561768099382153,0.003867577072549731,-0.001156488769882735,-0.007396292695641442,-0.030562185421927367,0.003998965819944683,0.005911687291372831,0.007671837105029951,-0.02379428396260804,-0.004979015699783618,0.021166169870479774,0.04436927988232947,-0.012029362919660138,0.015351708832217807,0.011984236819252926,0.006502087030999044,-0.04006062912721565,0.018964345957495937,0.017050611566192777,0.01354636849124138,-3.2147280151233045e-05,-0.010944597238960707,-0.01147313967825538,-0.011142413246040086,-0.07728415999779294,-0.03006169385406597,-0.034416269644804036,0.01879161607124881,-0.041493384400528535,0.08155532818077697,0.014584632092247293,0.004272215765356003,0.0074070433968589245,0.07086402729392051,-0.08040476611117231,0.021549056680884207,0.08204347362716063,0.022239538692291963,0.07343686115618857,0.0016510753043699855,-0.06813288446728526,-0.29915898658543577,-0.2944668133589753,-0.05453686142623827,-0.02235757050086589,-0.02016096128796137,0.044103416482850946,-0.011264433314523464,-0.006042617136367412,0.001001244041297266,-0.05484514908167674,-0.07351405560273962,0.02397066999985933,0.040259166695093794,-0.04670141312061476,-0.016206071552264383,-0.044184309006820556,-0.04329548178098637,-0.0450203564110612,-0.038975898220985544,0.03424442770432327,0.02996975413979548,-0.04119158170775775,0.04950355420158536,0.048255284936694884,0.047006243020240146,0.00043103403338342087,0.017383575190670197,0.023492028133841415,0.00867508724541424,-0.01893615725983681,0.0810062055181548,-0.008645598400049921,0.0013448846015573462,0.012418426460256307,0.07002035495637582,0.030375458311090887,0.014610952573743455,-0.0594358578264655,-0.010552922928590964,-0.018023980885994446,-0.010869377597325971
TAKENOUCHI-KOSAKI SYNDROME; TKS,0.0138647396716108,0.20972121753856587,0.002187519402897334,-0.0528049318749151,-0.32770401888488804,-0.02081611043069908,-0.016667702792365274,0.34430469358596244,-0.021735887748756982,-0.04473807892779008,0.05542641522691154,0.03880868242147623,-0.02922171685127299,-0.03682580205241511,0.008095039269563195,0.004212088513410048,-2.9767163616525742e-05,0.22239875032081044,-0.047213129510409624,-0.036342277994129084,-0.046612034651811525,0.0032044837956451792,-0.0009896453511843925,-0.0026392522939519577,-0.004196122361468222,0.03540117855678304,0.022847474886839244,0.02626795286571022,0.028311423555078548,-0.03265629023075623,0.00797309410100651,0.03581432348695962,0.04208659212899641,-0.007677945321165297,-0.002557347944731886,-0.0024512769380701234,-0.0022629771403959035,-0.011798968962194472,0.0053702239461734394,0.00022591307560717742,-0.004162164814792163,-0.00601529247677888,-0.009932632564480343,-0.014098355185714095,-0.00603954687948064,-0.010679746262537905,-0.014606032737320468,0.0016914990118199714,-0.004138264043324748,-0.005777711161647094,-0.0072241819707866885,-0.04004034662016846,-0.0007628373231452556,0.009010793050130486,0.01832316724161608,-0.010732101359829339,-0.021382035840685064,-0.021164643670645248,-0.01841245974005877,-0.02674412697660676,-0.0026445990711159327,-0.006412330798103328,-0.010273437351151752,0.0010324161697732848,0.009234033494380175,0.01271361932127187,0.015618792341127273,0.026028091353018923,-0.05985574428639273,0.037649932563878,0.03925957473034205,0.037665779024507795,0.054685834174884665,0.03791265652654862,0.0469628541209129,0.048875623192882044,0.018523359315262614,0.006065689154928917,0.04482641346602003,0.05492949821269623,0.4899972497490179,0.2756368940340632,-0.001964865197408366,0.003073085722232748,-0.02510672210523734,-0.010055881979504059,-0.007594636224643478,-0.02915141197611613,-0.034593160852175085,0.04246683685616174,-0.001706185194320139,-0.0033847090899335013,-0.036832467970759473,-0.03097425754067977,-0.24593205363321258,0.0016034790577210158,0.2066903669087358,-0.03262706869965175,-0.02753978753328509,-0.027348456930622354,-0.029762392176905076,-0.01793300296972495,-0.043573544515561,0.019788640506609927,0.19515968155406524,-0.024828382389216523,0.010120444493568187,0.01236100879191595,0.0147678876496311,0.026859100161694266,-0.062211212618926696,0.0744543111230938,-0.05088165695853926,0.031712588066544284,-0.023062536282181974,0.01277098157394162,0.05068523891112781,-0.022228761733745307,0.021838574113614197,0.2525878800781662,0.441036456748441,-0.17591743445790547,-0.019350552158595206,-0.017112294781870045,-0.00946555788395937
TATTON-BROWN-RAHMAN SYNDROME; TBRS,0.021435940529107137,-0.016962916049919678,-0.3179984933798595,-0.019083075321934793,-0.022911761443774242,-6.707443900424682e-05,0.008418289473650887,0.4013007672352579,0.017813248947893545,-0.04449138345928266,0.15253550476415786,0.3214850455432161,-0.00018296920371748288,-0.2770893312835312,-0.13111483219374484,-0.15069350379433338,-0.039934347956792134,-0.03435068403634153,-0.27578689351715446,-0.03667683108843248,-0.25315428514453453,-0.0036331313582713813,0.007560985866089691,0.011989439541582504,0.01553707545825803,-0.010792148587552921,-0.28059950911607295,-0.27696729601637493,-0.2674556751570877,-0.2533893374093096,-0.0036547028602403825,0.013381251204858087,0.02607848906114624,-0.029365806418373,-0.0322809002959081,-0.03126232862752132,-0.029444115389552883,-0.1595467377496103,-0.020942149089120926,-0.09461459976371117,-0.14044075248155535,-0.0170376294675486,-0.020809579858091145,-0.023589461782491706,-0.017684101262331414,-0.023082263190460327,-0.0863912321772769,-0.010433399010579063,-0.02560105280191982,-0.025457722595958365,-0.02509900417654337,-0.2558371704391835,-0.03432246983033187,-0.029538089783811058,-0.012325267877134114,-0.03367071730189133,-0.2541520255539103,-0.2875532295653672,-0.29657345859641865,-0.029685574542530506,0.11872896440112768,0.10240572509477577,0.07590730409339773,0.0026346462768312663,-0.09025633022607173,-0.08718372547376561,-0.0772101712969271,-0.04873534355477641,-0.31177530343852766,0.03666736621430326,-0.033556512944694,-0.030773794171980742,0.26918362494774867,-0.14058406534502485,-0.03277098832066575,-0.03721033374049998,0.2771639754173124,-0.2558743956307274,0.15640663176467506,0.26918362494774867,-0.0015692368421510174,0.013608453068556528,0.013279182939394792,-0.13298298136667794,-0.42249980867592546,-0.3885349362420962,0.0031854671168206595,0.025967797310480056,-0.20068157747933704,0.026944938271474404,0.011422668587478417,0.004868864919610992,-0.28992875774217913,-0.008050192161645355,0.012987750948016434,0.014192785797975754,-0.017611260631199322,-0.009194278512270069,-0.03214281154375857,0.0014891492881965631,-0.005286785201801902,0.007185488217736266,-0.02490269496643918,-0.005542202974488894,0.34252959850711584,-0.2248759673759932,0.3745177619639512,0.38306899361353197,0.38761076640746056,-0.043510502982320495,-0.21637472273845185,-0.0003921541599938472,-0.1605943028265087,0.21146121255405734,0.04193565472553049,-0.031244321099184173,-0.021071567460351024,-0.2601919339645085,0.006737020412453153,-0.022391841280226196,0.5294176833858242,-0.35411582076287657,-0.0018518601118421797,-0.002226539413912467,0.0015291167996555836
TCEAL1,-0.00797644214846381,-0.039755117068564584,-0.010725355741373599,-0.06333550525658024,-0.007647970735038191,0.06039758705527666,0.04240614957424342,0.5294070564417284,-0.05238722826087867,0.001538291533993079,0.010897276118409946,-0.0029553784050845443,-0.017035921677131468,-0.04583963519823563,0.016096804067323417,0.0006202423453501004,-0.015404190391529593,-0.05929614899584038,-0.009126758527479743,-0.07033808209380926,-0.018504544790852055,0.058714565160360464,-0.015724695611847778,-0.00669051984249629,0.0008094531714127066,0.005703686858696988,-0.045348371074383616,-0.04470186799899342,-0.04153341445487831,-0.008391244785595317,-0.04618835984964394,0.0028929381957082897,0.053490353331671694,-0.03647774741331907,-0.01953160289797489,-0.013473109989887749,-0.006965668527222869,-0.0037696646295026985,0.0028670181786844694,-0.007395303591678422,-0.01919240133485664,0.00015457264247539213,-0.005268862682057433,-0.011862733555308088,-0.00018954374152459517,-0.00792688861906878,-0.017250210974835416,-0.033182558935017196,-0.009424751559667426,-0.007981906976384434,-0.0066191894658670135,-0.010211175759349482,-0.043014894244546076,-0.011162560146358415,0.020113160563952705,0.03941233370214885,-0.01576878575071706,-0.03382511010519282,-0.04674631282206157,-0.03318166456942228,-0.00029936008162182007,-0.0008718012499499362,-0.0015174309152824164,0.00315062579394615,0.0048607234263034595,0.0047655114035154945,0.004115812145955384,0.022554468605806226,-0.02010812348555826,0.0536798499336116,0.037470014120233396,0.008824610018294056,0.3368446893708376,-0.02905735643817274,-0.003328934284600118,-0.008783256794528654,0.03510156450884735,-0.0700923670601151,0.011730629008194911,0.3362081864543734,-0.020231594961103893,0.0075830533409314985,0.017480434240450992,-0.032268708477230214,-0.06433154329770828,-0.0641372936614388,0.025674777478710015,0.018679047892411538,-0.04043821645523362,0.02708297291739209,-0.05079223412939446,-0.058680610942842035,-0.024224382207935227,-0.05767339723524516,0.008076821625380457,0.06170860157973431,0.03566295661643131,-0.02373138736190624,-0.04466327213591889,-0.014633490120123941,-0.024170237448569686,-0.017598935694429836,-0.05611427959553945,0.03768880238478872,0.016060218305582692,-0.026158732973051876,-0.007677429798844077,-0.005964363795036218,-0.0042616750023743676,-0.006667336540228714,-0.00823514152565911,-0.027518651186272877,-0.011094487707307267,0.0055513155809312886,0.02921248338977391,0.004266634239181715,-0.007941574909995558,-0.018924156504840483,0.016865368438704897,-0.019072035166699523,-0.0008615636359405571,-0.3851699436763971,-0.052587069363534966,-0.04275611737577937,-0.05479807978603081
TMEM147,0.052116047028523314,0.00670386434165978,-0.017653716214438737,-0.02498551432145662,-0.05077927680718529,-0.01626058528837344,-0.49021429216429535,-0.008506374224128366,-0.0006484931004576153,-0.2894788833248964,0.2856379095406771,0.07271858263239013,-0.00017517677007195114,-0.045115737062387695,0.046259847773077324,0.06216903225715892,0.1930695954238788,0.2834251530841644,-0.030841242924322592,0.0026960466923320343,0.03989530200787574,0.020100619515585186,0.0597159757913459,0.055967712130066814,0.048277671697198384,-0.02303766308963961,0.04116858946443477,0.048165271475678936,0.054046783467716464,-0.04501741354844442,0.284556819228687,0.5295646104947097,0.4265296942121525,-0.03911185415528294,0.0013664009546551746,-0.0009763050365405412,-0.003545102055993191,0.009933941047578566,0.014080316669798424,0.00463971055094467,-0.0013622358934789627,-0.013659391716400137,-0.01780180490000048,-0.02072437933225292,-0.010208191830368286,-0.01380394819947876,-0.016330369794511454,-0.025554651414075282,-0.00487125939209898,-0.008918594267238275,-0.013014462663228567,-0.020054424324282907,0.021219374500525884,0.029376517650118252,0.024411495921853318,-0.028030568601625644,-0.3965827778009656,-0.34067781990367085,-0.338356420042846,-0.004475812465950336,0.14341537260652384,0.08960279160638439,0.015920880072512803,0.005297317312052379,-0.06023351881916225,-0.012726328703022883,-0.004927075993160078,-0.34734887130950487,-0.03649327775259394,-0.022394104486235644,0.04542658510526269,0.002239993841022707,-0.0029081219448085327,0.041025516618380276,0.39554381302533925,0.29738833651422464,0.008899644488474632,-0.0208445383311886,0.22185789418735988,-0.0029301734213857565,0.265540790412264,0.28034618100544734,-0.005280678446917985,-0.02427417751710365,-0.22357741626106253,-0.05029583635197058,-0.377831887178884,-0.42627353410493296,-0.01645962214307174,-0.04510032084336161,0.0693348645200847,0.264206750263723,-0.02119611481605343,-0.0240797443879906,-0.28525204031667156,-0.005678393753282372,0.01672543991944261,0.24765797161794648,0.2733212036128218,0.26123775668426774,0.26216386525836755,0.06711262700827407,0.06691210887880303,-0.0011129601070922611,0.23304668539600112,-0.04362244685975151,0.5490924152949064,0.5583175826381924,0.5629271487725688,0.015529360132511357,-0.30346805177392655,0.4103414285888083,-0.06470607422834287,0.42847467502477,0.05886034790218313,0.018189305353598202,0.2262223413066233,-0.03933784242068913,0.05448874907181382,0.2382320893112111,0.47888807228479885,0.048455511235551335,0.06145165212535018,0.05560017305256537,0.07488641898912071
TOLCHIN-LE CAIGNEC SYNDROME; TOLCAS,-0.045731161719649055,-0.03973959061778934,-0.040803160982337064,0.003011743114367492,-0.03919300633430377,-0.04159667947040051,0.051351421765008266,0.5367091220534155,-0.03980003651518899,0.03426852343456359,-0.02582079462450315,0.03697989634185192,0.001567943629778867,-0.04733162830062307,-0.006692887081611371,-0.005707978763835003,-0.0032021273836479684,0.030122020414519522,-0.04778098081889958,0.0019713922573893587,-0.046866902064657164,-0.03624729726901544,-0.07147695840894612,-0.07415073335484533,-0.06957229590352616,0.003420411529547979,-0.05811495783861966,-0.060093941053330706,-0.06081545056967577,-0.02345711072867963,0.017982350073277805,0.0057746794754116445,-0.007526467143087213,-0.01807468108191579,0.0033385279777647485,-0.00021696118277379057,-0.0040990938467609355,-0.032395126228298245,-0.033288153436003096,-0.030746489130552272,-0.026224224780985527,0.005617322186733884,0.005496478390553767,0.005272081786704331,-0.0007537824844481886,-0.0003033464091418236,0.00012200797601667772,-0.01687903704881757,0.008637356752022433,0.005451085705487994,0.0022346026331153232,-0.03774604200318628,0.017680939235104113,0.006191900130492705,-0.0034756910391887156,-0.03774309757218862,0.03946527110028787,0.045885720370206426,0.04785865577035163,-0.04240808654495484,0.00028329398177636306,-0.0017593178411823126,-0.004166650937241069,-0.0015783876693295053,0.0024970878881468866,0.004545097929226777,0.007032186218997767,-0.0033956985547910004,-0.0693687576304499,0.0428558664064725,0.02442894998246231,0.04604099803250958,0.32457153890970125,0.0013614873329211873,-0.008678091178797684,-0.006986758152943368,0.08049076659170926,-0.09269297386737048,0.03049099952165359,0.32457153890970125,0.01505855599019767,0.06170955827620283,0.05985859425003761,-0.019157035870724527,-0.0785859550736273,-0.07373386690810484,0.06679279639271289,0.042600831150548794,-0.05899300502400658,0.014525528404146377,-0.05717046588858255,-0.059111404166268484,-0.052231022002959974,0.01150874814699077,-0.020780039282977367,-0.020079344793568855,0.07013312835306376,-0.3241014999008938,-0.27053593594519104,-0.32177523869064917,-0.3222268734008224,-0.08674366312417574,-0.28081346789229905,0.03448800136732046,0.04934264496601277,-0.036009101457514264,0.009681602379960897,0.006781572622479621,0.004126650361564182,-0.007596399687081214,0.021943994067108053,0.0004730144035230042,0.0369816105780562,-0.0196289683846541,0.08351199041372175,-0.018966919453148785,-0.013281542274204887,0.002312459228047166,0.018358662846439944,0.00998015376383216,0.015245086735274558,-0.4379987473328123,-0.05135546354167669,-0.05610418724914653,-0.06097412844416687
TONNE-KALSCHEUER SYNDROME; TOKAS,-0.015798343314637607,0.001204932986360313,-0.005653342425103373,-0.012493473577192979,-0.030199417676766593,-0.008817191471399692,0.0456103743619523,0.36129535823718867,-0.07096430807591184,0.02170260567505421,-0.01589342492602709,0.03351432727653875,-0.014193827038529989,-0.03351957784833508,-0.038259082594954336,-0.04435396153043861,-0.035943850947362244,-0.020405097278400716,-0.03814508134930378,-0.00011926385712816409,0.0009977446998023828,0.0007120050867039154,0.0007536238733548344,0.00038716770363377,8.64802571108865e-05,-0.001850317998530668,-0.02248250639016506,-0.030300584800018557,-0.03633671736699449,-0.028954956736302977,-0.0038421388021470655,-0.015174511199036686,-0.016743467618533632,-0.05128782565958086,-0.026207948087288657,-0.025055869284647016,-0.024314886025147815,-0.004187678226385328,-0.0015076714259298438,-0.001716467759803589,-0.0018460866325849378,-0.009110815674305705,-0.0066711769572879555,-0.004366709579784594,-0.009428644192459527,-0.0073827293861405355,-0.005624500031668125,-0.03175594915123094,-0.01859906742088044,-0.016703815637612154,-0.013956899143410112,-0.040161486784007314,-0.03819351634910619,-0.052195488148209915,-0.043200845713215565,-0.02630055235212426,-0.055177555888280876,-0.05159117560419335,-0.04274400964351086,-0.015478537501878758,0.020108760730745676,0.015584535240434114,0.009166576237602173,0.0015093463778112208,-0.0076131713335773465,-0.005490664948952498,-0.002264803795780361,0.06053650887951454,-0.05428871950827826,0.055569376562429156,0.06465486141608075,-0.001296475841444992,0.3485719893447733,-0.03358171965779041,0.027590821386194817,0.014967117841497391,0.0604379196396157,-0.05513539285594159,0.012871013854658877,0.3485719893447733,0.006598912443724496,0.004431760993875582,0.014959369761043938,-0.027142923300552867,-0.06825481998390268,-0.0665502175249878,-0.020584876249506865,-0.020501824850459816,-0.05605758569940843,-0.00034582097900444397,-0.034495071190323634,-0.0390832079465743,-0.04655041082810864,0.0010785075390063591,0.01836180391681775,0.003994809076565419,0.02513594292773289,-0.08032303104505037,-0.23936498494105898,-0.07780277526351984,-0.07937523951329377,-0.058007883815484884,-0.06916579269024303,-0.0033347453932119028,0.027705522978055265,-0.04019680949737383,-0.06448518399922772,-0.06624047888869775,-0.06795866076809587,-0.023449287562302534,0.012865279748732878,-0.01850403468190686,-0.004894721338225671,-0.033281356669340616,-0.0009448538609071198,-0.021701714679182894,-0.029323955828201034,-0.019818359793880063,-0.048369025663426546,-0.027494239102682064,0.03890472825999748,-0.30633981702675017,-0.05411066369577233,-0.045465559742267764,-0.04486494566278211
TURNPENNY-FRY SYNDROME; TPFS,0.0022890114646165463,-0.004456971578413977,0.017280805982907422,-0.06786691486869,-0.009569318456125327,0.06292605102279912,-0.06316048666777044,0.026105672091686568,-0.05621879081704835,-0.035112746512634026,0.006192676648703736,0.026138726694417493,0.009664317911648852,-0.017722753903946824,0.36180455894476266,0.22859545112262794,0.03056336722161775,0.2522155277802242,0.0002432648347694357,-0.030314577238570818,0.5128685411161924,0.45559296138122235,0.008019923651459603,0.008109143743589778,0.007823562664782988,-0.031698818750610515,0.04218887064219728,0.04681217481917975,0.04975160796390526,0.00025785523207096095,0.04639732697798595,0.5537862738981514,0.5825687024730015,-0.0280798781624769,0.04463349007281086,0.05168682663984517,0.05732660240776255,-0.03907992214717457,0.0663882855275144,0.04724162148068765,0.02502183231386061,0.06306545897981285,0.04879740484882629,0.032634785548918535,0.0661938884025824,0.04884380794481771,0.028725992820261764,-0.0301309773403705,0.052940331314552044,0.05136490990657056,0.04923084056979266,-0.004394609789899119,-0.009382601063780733,0.03162144933918013,0.06593879983318857,-0.030876809412359003,-0.004513499232758612,-0.008798729116727888,-0.013865751745580947,-0.12197581965061344,0.015298046049318966,0.008966470474325375,0.0029030629222313517,-0.00011426405665092251,-0.0019427768752953447,0.00025415430797714415,0.0032240110881812797,-0.27125768381309795,-0.021080934453866062,-0.06706018218504953,0.29654063583303814,0.014988579152350504,0.001296054024011461,0.022359926376693547,0.48031847561347835,0.43415998153887786,0.06702449935741327,-0.052616191312927385,0.05778337273423556,0.001268586027368666,0.23897629167393802,0.3732707279903323,-0.010705712638924508,-0.06037029490658442,-0.2140043107060512,-0.05158343209836388,-0.31462891699157675,-0.4663968808472944,-0.024690808409317287,0.01565922831448546,0.3492700519563442,0.36645570125179433,0.008032256379807728,-0.24679733281941896,-0.057872179507033376,0.05757744097929024,-0.026497591632274112,0.05388985038389636,0.01983589404432024,0.05721976787976807,0.056418350936466716,0.07487377305687147,0.032196316026468955,-0.06616868700488995,0.01787646294903517,-0.050491790406504145,0.22600911911710933,0.2276211465215409,0.2265078264884648,-0.2828351673395261,-0.010643044406101781,0.001911505333835722,0.03997117816407398,0.03990213787753623,0.27083408791281033,-0.4140539462721641,-0.07485497719520687,-0.050603886448535744,-0.031397175055082036,0.06817729712201256,-0.0284763545071441,0.012538903300351283,0.06330681112053112,0.061649006023393835,0.2647319988325096
Teebi hypertelorism syndrome,0.040441603809401816,0.034300692631412194,-0.03794879485639985,-0.22342241033133747,-0.49384873065494395,-0.05347555758128387,0.046672765386532734,0.46445417716141435,0.009298860085249014,-0.0547778853005176,0.41902402505063335,-0.002815508628093953,-0.0031826652363578273,-0.061679749378448216,0.02660835119410112,0.03579844650375515,0.03389875596716884,0.6738683798844072,-0.22436185887881238,-0.05628387791627827,-0.40734091022372504,-0.01075583005311385,-0.0008508775934074104,-0.007203802488087356,-0.01412542411470228,-0.003024867053128756,0.3385815642448456,0.3821474516435001,0.41667807340358576,-0.06104131196106089,0.054584863393180735,0.44972871769614786,0.42050620793366994,-0.026706672241192917,-0.0005245439857204709,-0.0008215067796480334,-0.001130567240532938,-0.14921394458121406,-0.03383053333889026,-0.04139546988832147,-0.04582036052240271,-0.03778965828845862,-0.04522839862438473,-0.16158541540677884,-0.039929730002098165,-0.04707198485947755,-0.16587096192842332,-0.005896742418845137,-0.014020225031152174,-0.018333274027995037,-0.02139659176003744,-0.2253092749181072,0.29115572730639244,0.4055327323004876,0.38147053557192884,-0.04234905411835995,-0.4160017353908971,-0.43488220369671154,-0.42135565145049586,-0.023845003214104033,-0.004142115789193492,-0.006415787849295424,-0.00821719178816792,0.00035888697116064316,0.006754233216108909,0.010980289603888098,0.014913924265063869,0.009137459540242886,-0.32034546511424145,0.05673191036480958,0.06319205084092695,0.49430565842572805,0.05592326242196864,0.49455880183243295,0.5448330089900276,0.5596615275482436,0.5394273946605422,-0.4983096795063176,0.01971813575456203,0.056294706884394,0.7719966958921183,0.78041090253029,0.2056867463278715,-0.05628946594430976,0.0307614863047976,0.04015229490026529,-0.013265307641146853,-0.404595253651327,-0.04102344817966507,0.014892597401209774,-0.044960545070534215,-0.05435771323242273,-0.04197296620827556,-0.04976673173369123,-0.6247597482797196,-0.021570010786624412,0.5790821730986873,-0.0315598999651607,-0.032453518453741254,-0.030308970490770134,-0.032219706285094456,-0.021070232751175595,-0.0577006865075073,0.029029142344752484,0.33473485673828546,-0.05705330512274422,0.013286897054291126,0.016367137446530886,0.020138829340504146,0.04789469116632017,-0.4506961305972377,0.6390474391481067,-0.4165840428229545,0.26196599473357146,-0.011842473977939267,-0.0035161317441067073,0.38845139047159705,-0.05651691758959682,0.05442794721572746,0.7220786355186286,0.5282229023547134,-0.044167011195029464,-0.06397028780891187,-0.05965977699126146,-0.059632907572211555
Three M syndrome,0.05618562663355182,0.005377917995572561,-0.04402828187923666,-0.060411312091143,-0.4100620360793471,-0.03751729208958851,-0.08002257053221365,0.008297089176938362,-0.2923427533762844,-0.06160685844687981,0.012826881439128678,0.6014921428157463,-0.007828446220738298,-0.32481465938710063,0.018815404074618708,0.008228997151985983,-0.000570602238617851,0.4413563926891248,-0.23871897325283223,0.0037678552523366963,0.07390243758911519,0.04329493295172634,-0.004657475272293221,0.0067878833662765046,0.021544144290669538,-0.0013048227765016713,-0.0019012204909262384,-0.004624981233940614,-0.0075090655412933,-0.2414682262990737,0.396425642873173,0.5728420673803608,0.4652460179135873,-0.046658961770229775,0.4271047240560564,0.4290436088914738,0.42215437933666433,-0.169504408963289,0.24030205449822845,0.2347919939764808,0.06791841037610666,0.05640299019394098,0.05245992336205095,0.0467397043044351,0.05892444525802253,0.054710423907084985,0.04835743621868899,-0.0402806406854387,0.2732971079459128,0.2672770866573037,0.2580178033752389,-0.06669637611825908,0.45364105699368207,0.5443057485282231,0.4789871537538965,9.857371503480016e-05,0.014712290068207557,0.0012741307058306902,-0.01025679541350337,-0.02625465852788917,-0.004849398396167176,-0.006584405400416792,-0.007867043327137627,0.0015735636889358362,0.01085252331424335,0.011410888373921912,0.010955308770923362,-0.3942679482734955,-0.2455818758479884,-0.05832388486434522,0.54285731583874,0.033993440212596725,0.2916516051079896,0.4537424494099689,0.6271238599028205,0.6214405292958477,-0.045116823935290165,0.03378984823569924,0.026594386622183552,0.29084851916235777,0.5111499145180531,0.5508947953099386,-0.014551606960460773,0.01142510461306536,-0.0033067120855287463,0.00270417939622211,-0.5598891682113833,-0.6331739142127335,-0.04948880383455605,0.44300838722361985,0.05785434380154977,0.05600610889820642,0.1139224005312888,-0.05081102483129686,-0.5941856713455804,-0.014452831360436574,0.04397441716603692,-0.014723687073958673,-0.30396931553388407,0.0005623159680462741,-0.0049786977970762095,0.00590097224949004,-0.00038612365926818626,-0.007512500537588461,0.24533062527181504,-0.056222238753898875,0.5315803409807874,0.5355265289927631,0.5347194408384137,0.0436791443772899,-0.019277334695140192,0.6070768321696312,0.03477635825637223,0.05311373261728641,0.06013964084333361,0.001952212819993147,0.3836088103915449,0.03769123654002643,0.2847673605755859,0.6445733676918886,0.471090347650238,-0.05888387603275248,0.21270715073160168,0.19817631595896196,0.19703666362100214
Treacher Collins syndrome,0.004378754984229429,-0.22014147013492733,-0.1335141641026159,-0.04625486479258336,-0.17464962024094982,-0.0005163800999980646,-0.1305428532593266,0.3542189644209625,-0.31361369130394023,-0.00946879446615366,0.025656827970147175,0.2601338206840698,0.20868917823419328,-0.18842188840281424,-0.004333477111877404,-0.01703026315689674,-0.024843926858544366,0.04439612594393245,-0.22428199984747077,-0.01595789988573511,0.029224163910012188,0.11565293824158783,0.30060103414510936,0.35174406962837657,0.3673394646475075,0.030905107829550225,0.03313861565600535,0.031905565063164144,0.030131953080752037,-0.22393001200692358,0.025166633544409373,0.25469223727617807,0.25026955825203456,-0.1061761697220439,0.01541208614456337,0.013258425133609544,0.01086961759835788,-0.1062064033740272,0.022702108994019327,0.013821890260336981,0.005194753236688749,0.007735218325648349,0.0005942878631546521,-0.005846840529222813,0.007972528928524819,5.657697400224411e-05,-0.0071070492701784255,-0.010868611423259018,0.012794693954510586,0.007731492437613369,0.003325225984163203,-0.16523552299476651,0.024068658978836716,0.1443424392715871,0.19403971622636343,-0.0019991984491876656,-0.45277838769571505,-0.5031776035661566,-0.516148842080006,-0.13221937669548078,0.05306296691622751,0.013191342717556306,0.008295986712928196,-0.09869469674373778,-0.005197683411633501,-0.004444129702848216,-0.0029372803988905074,-0.00208958144924062,-0.22683179897792272,0.12065690154745556,0.3532209738236822,0.019034391238003275,0.28659976048643526,0.028512404471469566,0.28293058034636204,0.26556106239661015,0.639794500465441,-0.5525350905497995,0.03088805838204371,0.28659976048643526,0.331671690682842,0.5603890764306876,0.30999907901794554,-0.23068545442978114,-0.00460099989422145,0.002995788422471241,-0.15728645437086217,-0.2632309532715478,-0.16749925642607447,0.1405282371836301,0.0010139466394037029,0.0028209856523706213,-0.028296822483832404,-0.036249057616610326,-0.18390759846947868,0.01369891487387041,0.1665972300987475,-0.2277192207459646,-0.1990512968352188,-0.19891647814639138,-0.2163577824892594,-0.03655610377728942,-0.22413276864176232,-0.00010237841735486111,0.25684139439020226,-0.031100952476396403,0.011289000694500253,0.012055231997128846,0.012213693963557124,0.010205003952643003,-0.03224819066124113,0.25924232874503056,-4.487766813285055e-05,0.025902862565173365,0.00825861849488857,-0.0043847718321798086,0.03025767821005574,-0.003961329872984197,0.010753703686999364,0.3350686274772719,0.4389738109927797,-0.32612970870519314,-0.02235500191577867,-0.02435104586426725,-0.0073640496981215876
Trichohepatoenteric syndrome,-0.05650660646771824,0.04173695351846446,0.0004509496597800233,-0.029434507064346367,-0.1377289069084121,-0.007362424968719703,-0.03864695000677123,0.0611701053537441,-0.06477864608085489,0.01093929050717922,-0.01804154221464235,0.25527719279435274,-0.00273993090772716,-0.0015894734012727794,-0.026735613386111714,-0.04785073773970522,-0.05315659196071695,0.0034234051979570813,-0.01662189817359468,-0.011987492327872802,0.04549534372071035,0.04463785797334297,-0.03904311726861757,-0.0219561541628777,-0.004391577064988558,0.04926645003114831,-0.005930557679852266,-0.0094685479275574,-0.01327198203146868,-0.035074996471318974,-0.002415554943862582,0.036553590185259645,0.05563546314501071,0.00044677316871459007,0.002842237054045528,0.0023904488329925663,0.0018024244064057564,0.004582130875981673,0.006993409173943682,0.00431549439109093,0.0019058215842478715,-0.0017059175524572544,-0.0052581946923148755,-0.009219507677244828,-0.0028209932088439785,-0.007046920685174838,-0.01157079315846389,0.002522640320423568,0.0015727714768022487,0.0001375416521469478,-0.001239743011840769,-0.009204875639560453,0.025566654851044313,0.04430505962958445,0.04385277391379922,-0.0006356069504433681,-0.014162398559111746,-0.025981078676252784,-0.03486643063867015,-0.008572898260342788,-0.0012464832128927011,-0.007917131498826679,-0.015910960036538274,0.002763386275273365,-0.0015303651171742452,0.0010889028370285338,0.005146667630422785,0.008870165556805266,-0.024961538761576422,-0.02610236614881997,0.3950480845947402,0.2743748850867311,0.5249431539125083,0.19243371435800705,0.45037758136476447,0.4316870248160723,0.023431710336786753,0.0017654241143634,0.04817153804115456,0.5249431539125083,0.469901510196234,0.4014970679528612,0.010183220175132785,0.012644555457979344,0.02018307703467011,0.042962570900599344,-0.018486142878465204,-0.32978335556894095,-0.031102038154941364,0.04459263837685216,0.005271659755246944,0.003671171890829038,0.00033114399249832934,-0.04503370084024067,-0.41289341789259804,0.004148146435946641,0.04043561793222746,-0.016118711074455436,-0.045282954726381656,-0.009789162424381704,-0.012229652261717351,0.004675529766547149,0.004811066179211724,-0.01894272964677866,0.014777732297697261,-0.026632034241577132,-0.006093313158376128,-0.003809977454055394,-0.0016636127208367753,0.013719633753902777,0.0169523869245861,0.2294803406394602,0.03200973852724334,-0.025012406064876036,0.010022756799038284,-0.013268933133980023,0.022252340357471825,0.033160596005661735,0.0644601805508383,0.4039185672239432,0.01520466025533227,-0.03248160893742458,-0.008741976145033427,-0.0010963275428790007,0.0014415128621246818
Trichorhinophalangeal syndrome,-0.17489324603258175,-0.17401204550774352,-0.293057002722687,-0.011391684821825628,-0.018454741406216564,-0.003789394591330591,-0.023367898936980543,0.2639808593155791,-0.3439943582456174,0.028178124001449187,-0.03275077537241877,0.6142854035362741,-0.005625544254806564,-0.16151154468120266,0.010716225396930307,0.017660498664671183,0.018491470644862444,-0.016388309783182536,-0.29699800762780115,0.02591248062825888,0.3334561077722705,0.029925800843455034,-0.023499222289090453,-0.0263209215799145,-0.025876851064177992,-0.009633302481906577,-0.020313597680803645,-0.018163883991394878,-0.015952994703637122,-0.22181712423092806,0.25480911225135544,0.37374349915224614,0.2714861038271558,-0.15210623324970493,-0.003576225381338616,-0.003665127166163428,-0.0032559166512434123,-0.09988257167199475,-0.014776730484307849,-0.016697269728618628,-0.017362441113562825,-0.0184985110576784,-0.0176187340533803,-0.015898629015498468,-0.020444003348011983,-0.020877243740778,-0.020449726043273733,-0.013383887019996685,-0.00871555612111674,-0.0076055350386708236,-0.0066113286087035195,-0.3086545366874557,0.03624150164796729,0.14640274417932364,0.03803182554901471,-0.018433812653015018,-0.005262934815307787,-0.0056286145726391285,-0.005293256918741329,-0.14601074706389702,0.1149435893052218,0.09886200362813981,0.07278737566033074,0.013267523462188234,-0.08076980633102801,-0.0714297529803277,-0.04258004093656178,-0.5150535846830004,-0.28851220391527377,-0.03537717928629662,0.2755693490076327,-0.03599357370595166,0.39466971682831375,-0.022655565594359404,0.006657899337201039,0.0012516320884919942,0.3537942991344819,-0.2482304562236542,0.04429357446906833,0.39466971682831375,-0.0014896335246259867,0.22018618738818196,0.0173290494004452,-0.11867266232149146,-0.025100971338642652,-0.009914322747485892,-0.0430069248492178,-0.023875935687199378,-0.17176254498003224,0.02397240142164302,-0.01926752057107138,-0.021200957036170514,-0.24768337186525738,-0.00810396011590206,-0.14215110516748025,-0.005012676636865877,0.014660296655016657,-0.40121979021940624,-0.3517111994198667,-0.36584993785988384,-0.3721304016520603,-0.30189644826048767,-0.04607541350216684,-0.00030597518942635237,0.3039148348889756,-0.12540737451657769,0.5266974619827629,0.5390193711387956,0.5463168313399002,-0.002552481446070961,0.027571250587371848,0.019884309062559558,0.2869200632164537,0.010194518083401563,0.5939476350030386,-0.004883444657409721,0.0053207978950168145,0.032034844726362054,0.21573101569471095,0.038363331213730006,0.5078482918079602,-0.40270287713541714,-0.025817224272296664,-0.03861574768086018,-0.030467120431204482
Tuberous sclerosis,0.013946515846582255,0.025646160521341388,-0.06376796627003059,-0.06326360723187084,-0.037832842357739475,0.026048263455461042,-0.05428635472066889,0.02680104622999566,-0.012234379019430657,-0.006110864274749224,-0.002305563994986391,0.06454951767080576,0.004063930231776867,-0.03462796702004006,0.019274414164666517,-0.0017512748571167664,-0.027599020565588484,0.08265649544948366,-0.04270008428076344,-0.05783361631594565,-0.02141640077647655,0.036056866560694095,-0.004469278360664434,0.008785674558437533,0.02503546699965032,0.017871328794187617,0.01008001906388201,0.0032102756609150686,-0.001997517503939179,-0.04920906059155773,0.017550814241474075,0.08047111529307006,0.0885368546778387,0.029785637743923787,0.004208178785403728,0.008769967385947687,0.013875759344086492,-0.022919392029030008,0.002246965611464995,-0.008095564529785342,-0.020850449675992054,-0.00116470369463545,-0.006935642212230752,-0.013746569714506903,0.002031017105270486,-0.005620568848763571,-0.014169429131134927,0.04303806429891314,0.000285765918289632,0.000881807330397696,0.001484897212506954,-0.031061400521655916,0.02673868275681275,0.07559869600331776,0.08975459704859153,0.026344712391121298,0.04760012845804027,0.03529482802599766,0.018792755265320003,0.0019897073648490566,0.00139098921110557,0.00404813145316252,0.006601337006045083,0.01636379714731238,0.003842144967937261,3.2246816569555635e-06,-0.004443352832476449,-0.359120662198569,-0.02969604792119239,-0.03639797004174261,0.008127473131749599,-0.009378548039057088,0.025430833299525536,0.005182389167962335,0.0009930082587422033,0.0018275490239292398,-0.05849269523273128,0.03649602827111547,0.015314680775787973,0.026036047241476405,0.09091031218576265,0.0781688692172336,-0.05176748019014621,-0.016691963458241577,-0.02119821216093093,-0.0158202481716736,-0.011772726091958284,-0.005901420299801364,-0.02317192107891562,0.022172008564267803,0.02713211538786282,0.027265331821463575,-0.04148664178416663,-0.06301803121992443,-0.08723044618222092,0.027499356189915225,0.06703344978620694,-0.025463337360259537,-0.029758016112247113,-0.01542216328915619,-0.0217833563412091,-0.022229706316233257,-0.0214080694697946,0.06303158102224535,0.04870599855291735,-0.00020667876479479644,0.1035048966970794,0.10779322770923658,0.10969975560244402,0.0611118453186957,0.0018114266446391481,0.07775832946334262,-0.004090065241821093,0.020607956777875122,0.3304912354888684,0.05981632634071719,0.08292834032668056,0.03191880910261157,0.07838565405895218,0.10441916479946033,0.046069688537958106,-0.05276908859264741,0.03394112687747252,0.025270520499917595,0.027699207985582553
VERHEIJ SYNDROME; VRJS,0.23757449772832195,-0.00392732391566124,-0.04752728567498478,0.0018119989138110344,-0.027454089855840455,-0.030252706262567763,-0.004376159352385484,0.47525817024428,-0.04549515812779244,-0.3736917718924393,0.30909127366570643,0.3077030178294577,0.023402670632553645,-0.04454218037423035,-0.012778513100941592,-0.0033407063649479635,0.0042321705297936486,0.011263774247959686,-0.19126732432884158,-0.002928311783482383,-0.03508889003641553,-0.017594785953000413,-0.01297460177936989,-0.01515972185104921,-0.01559984503088489,-0.02017754887578926,-0.02112780130958838,-0.01941928770554291,-0.016304965247774448,-0.188900451250514,0.028364575132606647,0.03908801409822685,0.023200460440077893,-0.005478024640434092,0.026344393118734093,0.02387176844295234,0.020251757286590774,-0.03886463211497743,0.027879291147399413,0.024327629383382576,0.019419875410628572,0.015788789542342443,0.016480994742658763,0.016021960026468055,0.018160397275234698,0.018101880671845292,0.018076142334052362,-0.00881709184563356,0.021082437125027078,0.020283314646832234,0.018627493105680723,-0.16099323343718092,0.026814032088354027,0.02318894931260706,0.009377194306134193,-0.011703928155396486,-0.015235250759622461,-0.015868094398168796,-0.014532758848415895,-0.020860220666552368,0.12024841722349093,0.10532910397798763,0.07955996190849873,0.0050737879267375606,-0.061725281380705585,-0.05292171985207475,-0.03021430822226341,-0.0020769726558542176,-0.17515688951345015,0.18665639881326085,0.035038598121592,0.0006621181222677829,0.324987333013941,-0.1814582490058272,0.010639619344591095,-0.000975891673793446,0.025738094252449616,-0.00022060968965000068,0.0421700316251904,0.324987333013941,0.010224936910596394,0.018977152343262242,-0.00516177760587858,-0.004945859078303843,-0.3682367664899445,-0.3379207333703179,0.001916931197273493,0.0015031697273338797,-0.04269543530373466,0.0554287672143253,0.004093050505103769,-0.002647225332157583,-0.1776153014340078,0.0073286010656035,-0.008817556863101539,-0.011594316618601457,-0.006238437478752644,-0.012770889285713101,-0.2137972563196219,0.0022202683411438264,-0.008416996616675209,0.01466161140390137,-0.0333866065766255,-0.038099121243645305,0.2820880426470413,-0.021470940968721687,0.3364357906427483,0.3444468729089265,0.34859922081441286,-0.3349079365446494,-0.33191444322132946,6.673891793245616e-05,-0.15936046802988746,0.2972610105853819,-0.03308289689204513,-0.3030180605834122,-0.17527051307513156,-0.40412057695735987,-0.026907910292033828,0.02786823867371799,0.6296298620453114,-0.47521710233301806,-0.01670785977111069,-0.007455830468299914,-0.0049759400711863
VICI SYNDROME; VICIS,0.061368600205671975,0.0574415875396675,0.022859057332460374,-0.02792399621108367,-0.22091255857766803,-0.029002046557400355,-0.05688290261243994,0.048437833980697134,-0.06901900901647401,-0.5005972441220482,0.4792530096570996,0.04944389536744571,0.05995031058655794,-0.05328073618062772,0.03718512144429719,0.03336629217793683,0.01962496169047135,0.3013910387077743,-0.0024412870792260323,-0.007946611232790314,-0.02027751956404196,-0.0018558745263050882,0.0002442105003537132,0.002735025198756326,0.004897902304129779,-0.0015885061511602021,0.2801029916474788,0.2719466939835124,0.25811182781500064,0.009944333506600175,0.04795732710963924,0.06961647160639013,0.04352196431628647,-0.0007346085361734107,-0.01051742100715633,-0.014524481826963143,-0.01804233355832328,-0.002068322616540479,0.0015429449787587783,0.00017557907466095757,-0.0009816429034968251,-0.031984444939554484,-0.03344454309640484,-0.03292364524044972,-0.027764995043809568,-0.02951819411486788,-0.02900540173666045,-0.006339746277325329,-0.02170938929668926,-0.024506416398017154,-0.027538575858985472,0.02620222537790537,0.016891917996706605,0.016070596548356807,0.006507579490381449,-0.004181337712661675,-0.2740130922330501,-0.24446331196207438,-0.060188240534058336,-0.005165291625032465,0.010968355747977936,0.009234823255689485,0.006382709161608006,0.00843685496318058,-0.0015189126423781156,-0.000629497555460901,0.0003131263563025603,0.03801071666373216,-0.0065474763268613635,0.06657428370918034,0.08628278183394122,0.015470477056576117,0.03024435681913109,0.05127042387578565,0.07074426817718654,0.07078444860167639,0.003645633349540015,0.0030717718557509957,-0.0217463640933837,0.02983801106958354,0.5009010190390513,0.3106256180167448,-0.008622886717307722,-0.0039903893256952715,0.011592565631725676,0.0051372049048871654,-0.05313490661929401,-0.07464517597877562,-0.03583056590481673,0.0026945592879155573,0.03640969600093931,0.0336287083028139,0.0037902028221978384,-0.01697496098199859,-0.3583148864887256,-0.018718117008413682,0.0227753420246907,0.05217968929048978,-0.009010286534768663,0.06378898998661868,0.05626136850943545,0.06944328947007493,0.044046393038738876,-0.06119800656594013,0.03090529897946458,-0.05161930118801469,0.0750766088931027,0.07814689258583943,0.08023695988646827,-0.04225104512578519,-0.4861915404837236,0.2848213124240429,-0.06031681177479966,0.35784931880410686,-0.3021881982674023,-0.05099249363507623,0.0084828306896649,-0.279516541081749,0.013618135986702773,0.2911829352501185,0.6253359388034302,-0.03728037210685052,0.04701192552693703,0.052812145411889395,0.04384268545245086
Van Maldergem syndrome,0.08467633958177638,0.4787565459418142,-0.02389582590118101,-0.03649831689849925,-0.05172930630486726,-0.008026272011360117,-0.043610407086731015,0.07977307401950764,-0.07377839748561357,-0.06789578303393552,0.024621957292646927,0.06697333821187199,0.01498909308963905,-0.06914269975255866,0.08545672956363928,0.08094396389562011,0.05598861764087902,0.5273254445092329,-0.02626658724100597,0.00476612255871267,0.1024139334251328,0.06235109216561982,0.3233701896523921,0.3435342028784215,0.3338372900218045,-0.026353525063989608,0.08886722076377601,0.09108735151576484,0.09018543356964207,-0.0431553047392263,0.34990927620283563,0.49962652725985013,0.43104281126638333,0.009133942988258693,0.06735447241938164,0.07342291257330794,0.07499622626098501,-0.03165053272060515,0.08741411573339222,0.07246811729877674,0.05592670352645392,0.0485379682721514,0.03730649557757901,0.024366373304186305,0.058625711499484805,0.04537185697842213,0.029874219606100292,-0.025236049868313258,0.05628348827479636,0.05306898123522541,0.04951327579219769,-0.0227342850493252,0.04192657245822256,0.07793036797728783,0.08289800497982405,-0.009580491876928665,-0.07507497565761427,-0.08356095486240546,-0.08631333130549912,-0.021727699730721008,0.047889419347596135,0.04680530758573022,0.045594827594503305,-0.14134867968107928,-0.023281224510709107,-0.03180064812312773,-0.03977792194654883,-0.037951300089516214,-0.036012648343522906,0.003329610740740038,0.3819690240211684,0.09451416134348058,0.016450034470269374,0.32395443365657883,0.5727561714205657,0.5656435680539663,0.026752996025331186,0.5202112110057888,0.03261669210816595,0.016875603098836355,0.6383354738092524,0.1005255882612424,-0.08336835135108846,0.04489910275298252,-0.013187455686986746,-0.003957836186386889,-0.06558908001464851,-0.3949128654231064,-0.05923055524354346,0.13467201836451753,0.3777538544088077,0.3751094878154866,-0.008809690601795447,-0.04421512248323284,-0.36817552772670703,0.000493469056294959,0.0567150564254106,0.05441721062135162,-0.04067244117557413,0.05799881162986753,0.05914230426002697,0.0857130573232227,0.037728135067108155,-0.07353615436772593,0.060920030272700376,-0.0003884732758639318,0.06196570853469816,0.06931148955026711,0.07685879545998649,0.0025747826253484794,-0.030230392926958727,0.5123017944802111,0.019999388956996163,0.054101626026688616,0.07284933825401167,-0.04397418530038067,0.04338504599700362,-0.007677576765429997,-0.0006859899175574243,0.5851479369272693,-0.0044485540495422275,0.04556491287834674,0.08440077816800133,0.3009956002824876,0.3583481123517491
WEAVER SYNDROME; WVS,-0.021388728184706055,0.4350625856249176,-0.026990297337767536,-0.026293871473343274,-0.005403401864737608,0.020558024798002627,-0.15489161228932674,0.04236154375899924,-0.2677429812053972,0.008703868710143137,-0.00071270497607127,0.17071189495867678,-0.000658999882289829,-0.0031489676388105348,-0.014170104734738322,-0.02807901868148374,-0.03295565786661574,0.13783732287255282,-0.0031393221998395264,-0.02912151154546234,0.02117253789124282,0.14297494864801882,0.016914900950101914,0.021883909613259707,0.02417795615879106,-0.010605148684076601,0.007201970508535041,0.012400972038046415,0.017765101882455905,-0.0013480491639804928,-6.522830605955115e-05,0.03260690204145941,0.1477911562845757,-0.011096867649418014,-0.03915658450915911,-0.03581067481734592,-0.03170789392852161,-0.016778602593849522,0.0065632409159545576,0.0017848519381077632,-0.0020367763950041263,-0.01509223163079012,-0.02117561103072229,-0.026038863686115517,-0.011654160846023717,-0.018796543106200648,-0.024280274839185996,-0.003661984897365349,-0.031047656087732047,-0.0310978804289692,-0.03084235154630395,-0.0029036697279429774,-0.23587351308242155,-0.15454792232748019,-0.01669286734510481,0.0065107092552826725,-0.040519295274035506,-0.16453606152073916,-0.22896897418965279,-0.010813869805008727,0.002918816673389687,0.0016940353910076626,0.00042468350433197524,0.0037284626083299187,-0.07802522046903868,-0.02665358395358934,-0.02775047602270057,-0.010871943241803371,-0.016146108803790447,0.002141037727256625,0.3013496659777939,0.0029603504868721204,0.38156271307558887,0.006950741477771246,0.23736796859277418,0.1660881779842358,0.06831196013140416,0.04999505067921341,0.0161413778573826,0.38156271307558887,0.4845188959547313,0.034844851077622266,-0.030598339275922846,0.013083228574794211,-0.14711324264500888,-0.13591530042399702,-0.16129522863532023,-0.24226545115751816,0.005184772713975435,-0.0008776482124517173,-0.010493977337464001,-0.00905613711164619,0.010420178262100965,-0.14790284708896978,-0.26605998548341037,0.02122094964836437,0.1512038749474127,-0.17968042974430834,-0.006482777823312837,-0.16033715623588052,-0.17288433117573743,-0.04109035574361508,-0.04551470575314254,-2.0820018759064652e-05,0.0033767706756342524,-0.025704305474699936,-0.007816025422296069,-0.005707139434139924,-0.003295403465865798,0.0015597223500861685,-0.00028277432669822925,0.0394893221779544,-0.017629303659795547,-0.005175614350497108,0.03415952130025875,-0.005865458321386687,0.012977800286200951,-0.005795511847805947,0.026075602939823854,0.029490562506447333,0.28322634044786954,-0.24759880545154528,-0.24869888302345122,-0.23581885590189292,-0.03385351191569605
WEISS-KRUSZKA SYNDROME; WSKA,0.007763742373650913,0.001975362022663327,-0.19829811951108958,-0.018422223778803263,-0.036310383761955806,-0.011144037438840085,0.00968579503581525,0.48321813053820056,-0.3416601316154489,-0.031813731687863514,0.042259996869915585,0.006156038204997029,-0.018488506994122876,-0.2178378504603422,0.2717798404860089,0.29098344046716357,0.23142968243363107,0.03855997903124879,-0.2451424349067405,0.016806321828672345,0.21756724624480395,0.02554882734196326,-0.2102675469648676,-0.1914263733778997,-0.155493894992548,-0.004511530113805179,0.3134690183647563,0.3171695682312837,0.31439114305995386,-0.18388202016477204,0.16477125014240807,0.32622011465640594,0.2474844368793027,-0.016817302679952496,-0.0017170074474732592,-0.0063626971234606354,-0.012001137248341861,-0.21010765114243876,0.030793183219455827,0.02203413872575401,0.012220187146159087,0.0024770972993036116,-0.0017671607149826443,-0.006674804350347534,0.0032787061245641994,-0.0013087449996250057,-0.006627178487189738,-0.013590637537856288,5.091501856983542e-05,-0.0041668136059709775,-0.009291430637381373,-0.16070514344379297,-0.009453282733984202,-0.013049150890614591,-0.010649465724732942,-0.020147065406660333,-0.1770030328858142,-0.2689915644824553,-0.2919462783724995,-0.02674788640113676,0.08784430633661422,0.085847858008379,0.07514528693812479,0.0030731876870272643,-0.006267134297871587,-0.007146326721474685,-0.007539316513432064,0.05107085496324766,-0.2630066813410437,0.17126149573363283,0.36895755064658736,0.012104315354938671,0.2923619851978529,0.004065269233299209,0.278996549407072,0.19211709903831797,0.03681305579262571,-0.022259407001996693,0.03578603400316763,0.29211573482655157,0.013419207736618914,0.012829391623322505,0.004145739429470381,-0.014345120396483734,-0.013566557798202964,-0.002662413620414469,-0.046092521344178475,-0.2538370858303625,-0.22970741378001205,0.0034928685888861023,-0.014810394032110182,-0.02449398611261995,-0.20437077595813363,-0.00611233940919251,-0.015305751663766305,0.0010282787050583005,0.04691807936825801,-0.026244480524058443,-0.0379288865732157,-0.0191115026096501,-0.02633842119796509,-0.0037524786192575815,-0.17708613352918712,0.0030003301446894105,0.28957063166964003,-0.029816308265290473,-0.025260226652719597,-0.02709764998882249,-0.028412488389603446,-0.019496729495048614,-0.04828424168430157,-0.0008476630304024728,-0.03568267854682007,0.023411285596879414,-0.004317797262533566,-0.009538142935544985,-0.007936903024452815,-0.048389588602882665,-0.031934711413263026,-0.0009471989211823309,0.1526383765335647,-0.30565526861260967,-0.041086931876720564,-0.03306562075042539,-0.030260067296603976
WHITE-SUTTON SYNDROME; WHSUS,0.04235530553737156,0.012497263739213348,-0.028501643887099228,-0.022396454417829913,-0.014923805489193814,0.00856516555090004,-0.016424979828492267,0.4245366002495767,-0.27926170089120655,-0.33475420282374146,0.2561706713175288,0.022734759346310637,-0.001990956666749402,-0.030255786905213317,0.013819103638830524,0.01451793262750117,0.010463367607332878,-0.029439909973061902,-0.030273414009068716,-0.013079950477551618,0.012778593945747263,0.02355874482671045,0.0047709509725552095,0.011643168988770113,0.017318241771599324,-0.004212483590225836,-0.0030114204787369597,-0.0011096950730756791,0.0005605510017425577,-0.017138543011244886,0.004076638238266031,0.040730897242290724,0.15950793777844383,-0.018119950789744023,0.013649185165130338,0.017124163892678724,0.019993843781149108,-0.19121232543486935,0.0511945491276501,0.0448954973791402,0.03651422410215042,0.036096324500069894,0.03237040947442069,0.02767310621178385,0.03742676534256589,0.032702747538718706,0.026661028095738355,-0.029595354534631333,0.024465285239888283,0.02490898995693598,0.02491354917272342,-0.017304554874197176,-0.022857036646511536,-0.013316312362579918,-0.0003656554166864131,-0.024382833533612668,0.023596623635412473,0.013912122202826676,0.004043620572069091,-0.023648261819830055,-0.0052501132281891905,-0.007337922163687688,-0.008720614170777997,0.002051768521125752,0.014866367166321318,0.016885112526246526,0.017936871960811764,0.014298732703995242,-0.036868610737387286,0.20887081277010677,0.1801986751537756,-0.038106839464355884,0.203452299487954,-0.17767396479776543,0.01768488303684531,0.002649528420525502,0.04515814170701384,-0.009792099241447957,0.006628682453131763,0.20328508127179476,0.023723373513660825,0.011460569971889652,0.005691448473635153,-0.0024469026048666034,-0.03355825029732092,-0.03245769494373853,-0.15236774219930585,-0.027083615598955453,-0.02163429787958177,5.09425557387594e-05,0.017970555352422552,0.014749869799158481,-0.03455251661540355,-0.014194888046015264,-3.418065141528431e-05,0.014320199920971279,-0.02164252336182621,0.02029287346413138,-0.01984517967793659,0.03247935944265941,0.022020370697965943,0.04680181225776696,0.0022272037503874914,-0.03540469892698737,0.1421163402327554,-0.02132079734153061,0.14069091633551534,0.1475231305921344,0.1544556159275256,-0.2817169179388403,-0.27684088768890125,-0.02919868453009886,-0.035742060813874876,0.22829664152722565,-0.013221771097816325,-0.16576381582885746,-0.16855390205528345,-0.3195996479779662,-0.03720225562469219,-0.00015884752201841942,0.31410736300813874,-0.3072853461307481,0.004335645605730126,0.01620656887367623,0.016385771094807197
WIEDEMANN-STEINER SYNDROME; WDSTS,-0.005514723119861122,0.30051348202551315,-0.23721565549846552,-0.1322765029104159,-0.30574004322118953,-0.02881171691754118,-0.11461080415933599,0.23217865217239683,-0.27195346155929434,-0.017953233619947932,0.007785700557183719,0.32110539625984225,-0.0057598962535777565,-0.22836043979768325,0.003553603351431802,0.010780886389490504,0.015375727947413037,0.32028474450677485,-0.2823063626820488,-0.003340806777538494,0.020680791007704837,0.018720614386810917,0.007836637128611252,0.0053621669196855315,0.00297327154038442,-0.011133222119821394,0.15747912898236222,0.1654634244919127,0.16972794016720308,-0.24942338383227067,0.22361943760097858,0.36926236156339043,0.3018705536845264,-0.02236819681701524,-0.2143383710615538,-0.20892924052346995,-0.1983114008610481,-0.026680658981275206,-0.17556428212830236,-0.18354215300278404,-0.1809310048240324,-0.239215742365442,-0.23807805933649692,-0.22944269136097262,-0.2361377918527042,-0.23749567676411257,-0.22928093585710974,-0.003955033123208004,-0.23094405769753917,-0.22466231969050512,-0.21588888292765054,-0.23782078616406385,-0.004901911507797971,-0.00015519678743262932,0.004504705678797006,-0.03554290122564986,-0.22093048757335704,-0.2202491931033264,-0.20085620207153929,-0.08418358166638217,0.0958045767993784,0.08127226122001872,0.05731059728454047,0.00414243356017012,-0.07534050544898381,-0.06810705494003229,-0.053796264575965334,-0.1879546604441758,-0.30161359270481297,0.010606239427450955,0.30050551789723146,-0.008627534568690082,0.25928279278785504,0.21473351731091217,0.2059363624132966,0.22091121985378748,0.03951759349424327,0.004268502240281217,0.20375095727882322,0.25928279278785504,0.535745083745692,0.3624431494072273,-0.004884305886899293,-0.0004953958217722665,-0.19183666152008386,-0.10656992296560211,-0.2825212822413258,-0.27868170881050974,-0.2200832600861262,0.017275151765223293,0.019946872555430175,0.018336327824819677,-0.16313005940637035,-0.08698960478662054,-0.3808404944162247,-0.010121976154329573,0.1665242033999391,-0.10641182319095595,-0.1780442011828198,-0.023035879539401873,-0.02905182484112263,-0.005603433617780829,-0.03641866130826803,-0.011273145656110007,0.3057748047028469,-0.2038333218925001,0.2776503476881165,0.281129580032702,0.28149972732891754,-0.018023638453254207,-0.014362999324863332,0.27128937692217564,0.021093150455221473,0.022921895370096788,0.29854381939560326,-0.1868102974279428,0.002383531782872415,-0.003866609321710065,0.033302051015035375,0.3124552074459551,0.27911578641540374,-0.2913946919524161,-0.00441097143993741,-0.004566491653774202,0.007177463385922544
WILLIAMS-BEUREN SYNDROME; WBS,0.08575733693158284,-0.005617395456403895,-0.1511765976927276,-0.19825683225791996,-0.2947067114161371,-0.016644363291424935,-0.5597032488691213,0.013623942421615673,-0.17000411652294478,-0.2293894834340906,0.18409392263042257,0.43337456362605753,0.05314649184386584,-0.17812098099994236,0.1393554525682048,0.0852284326291472,0.010787880627833372,0.2594282116312116,-0.23909219860500835,-0.01337756099048847,0.01922425097199928,0.10971959958894281,-0.16676737130278604,-0.11240925744883064,-0.011687987129154954,0.012430613645524922,-0.016096315870124018,-0.02063346484932677,-0.024477330908783665,-0.23219711504097124,0.2155850245055781,0.3568587626289518,0.30236557590003327,-0.17724196415999124,0.2760090462222196,0.2802968254447921,0.2784561764383742,-0.22817716014433362,0.23239822094389273,0.21107598793122,0.1806222496546622,0.20800066155601832,0.19121263571754402,0.16872872554644502,0.21434078505755536,0.19561740159164206,0.16955175839854897,-0.10419278210324506,0.24869521727015118,0.2428235781118756,0.2344111277918667,-0.23556230831421912,0.20180352490151385,0.27767623792766877,0.26314503078671264,0.0026051366715211157,0.09278591868331272,0.022877299915245838,0.014214263197423341,-0.12461681116547182,0.03019647544924588,0.0076902980319758785,-0.00838223398092131,0.0003423309480923463,0.005431565071157544,0.012786484024191745,0.007079783889428207,-0.2779932949404004,-0.22455006699731508,-0.018011778097040573,0.26515003240894813,0.055869254601329105,0.27033610676752484,0.16450371504314354,0.341056513531453,0.3236944583482893,0.262284701754489,0.006640394671392394,0.17300556660332403,0.27033610676752484,0.1799520693669075,0.24174043238673673,-0.00880951624482082,-0.0010737782971413695,-0.31204823889542227,-0.272977966826216,-0.28441210337894374,-0.3334464319666187,-0.018705358780265486,-0.008305104428676569,0.19892893544658705,0.22068474136819474,-0.14678039643226826,-0.1561073957489391,-0.38487239020079805,-0.0006660267185530221,0.18410984408641037,-0.021060537758870228,-4.640936960259058e-05,-0.00828748387534548,-0.014528336172128994,-0.014023166695632867,-0.013476030574519056,0.23107715244007931,0.2899443621927412,-0.08921247585068232,0.41187755021947964,0.4132524529955794,0.41068854005217864,0.23196401380468193,-0.20452887097204867,0.4061383715135334,-0.023567398849532815,0.24341701989311823,0.01160387446732203,0.22386022929624885,0.371698700927713,0.016421370874907422,0.2991732591533744,0.31746128786958794,0.5414699094930876,-0.267228697082618,0.19248785147134836,0.1373737269287089,0.19349621522103677
WITTEVEEN-KOLK SYNDROME; WITKOS,-0.05315782020883472,-0.005815836460028976,-0.3208711644952714,-0.021190519869043804,-0.027242625823797963,-0.0015462721404454218,0.0001833594251786853,0.3763316066526725,-0.5342724688033392,0.036310196202898694,-0.04719347762348783,0.04269618410796876,0.01687174937942539,-0.2567384902619609,-0.000497844437088374,0.0008196178696947815,0.0020013589233339913,-0.03463595359644752,-0.3204965200246416,0.033557166268980594,0.49601951619107476,0.223152445119152,0.03287499775173519,0.04251762639509001,0.04667688665949856,-0.021277127744620657,-0.028012937542468534,-0.024418070034592454,-0.019821481274989994,-0.31787905910007724,0.167055258917382,0.35871232077770576,0.2944568631191614,-0.14217157239147557,0.04099672898354898,0.04126948578914561,0.040463832364818465,-0.2161482747615287,0.27201642538604837,0.26796973966751264,0.24976776092776984,0.049263174670283245,0.04876448019476495,0.04669874523756526,0.050433927825259635,0.04946010545056623,0.04647104068072942,-0.03563311276906092,0.045670546997634426,0.04550029388344057,0.044813721425992395,-0.25931611111366465,0.005124769128188731,0.007805855232889002,0.006959138476024765,-0.02744387912813889,0.016834536874469733,0.008803070682144415,0.0015838970854305582,-0.029315551170385732,0.009011001669606755,0.005270541868425706,0.0014627679363507634,0.0012909043166074038,0.0009983843351703573,0.0030841098671824845,0.00559092830763254,-0.05366273417099008,-0.32316460562453025,0.001286022870630536,0.5081713141209141,-0.022138300303049772,0.44863033325842067,-0.035021656698797296,0.30904965873030793,0.1835756056819305,-0.02258596411067462,0.00608217202042704,0.03792166046255326,0.44863033325842067,-0.009524283398744149,-0.005350717090485792,0.003084445236734193,0.009287765789748279,-0.3115855579937402,-0.28098260186350854,-0.34212748272492066,-0.3217379491455844,-0.2408403501983444,-0.004183999041257354,-0.2616906998926145,-0.2872579870166068,-0.26717587983738883,-0.014066906109916549,-0.022317986809440398,0.004576751874714703,0.04340783517141545,-0.39759386198689906,-0.29768600516120003,-0.3918241162224857,-0.39389521362756064,-0.30305968252616666,-0.3458776286012005,0.008865676821013614,0.3074804482120385,-0.02789578694637653,0.004131364737438299,0.007472346210461427,0.01071455540734359,-0.02221664566764107,0.043058481239093054,-0.028285506893186797,0.29106013644946055,-0.026595978435558613,0.4363930928948547,-0.028520720169731454,-0.03531314932938506,0.020014838718735505,0.013889003914172283,0.001206995914972642,0.01651462258778405,-0.4441644707193852,-0.34135469649335304,-0.31720459588195,-0.3146391673877906
WOLF-HIRSCHHORN SYNDROME; WHS,0.042047156571027706,0.0037971567228393846,-0.002433855479787448,-0.015366523396217567,-0.0722546192905425,-0.0487766848215927,0.05160549958235238,0.5297159820467591,-0.09227906174806726,-0.07368144553150256,0.06516413215133764,0.02525722654660158,-0.006436546255606388,-0.04169337472994377,0.07177637713197599,0.2922487481866878,0.2784538543810114,0.46072999266333103,-0.03283950828991277,0.02839759736418106,0.07055245597629425,0.01214919208647499,-0.012214707514501226,-0.02120317660228081,-0.02890473951721162,-0.015487093787325813,0.0749140417175967,0.2729243429682781,0.2980297196246888,-0.022289296623297015,0.3312913804243294,0.5733756108435065,0.4528371222975729,-0.01821157333901465,0.07845167013305894,0.07841689344507692,0.07582906266811353,-0.05230235739017718,0.05946882957545908,0.05354878389002166,0.04445290890439563,0.027777976378654874,0.025314687207969217,0.022295489238741216,0.0297589932630792,0.02703902474511963,0.02305119377443107,-0.01492081793920664,0.056335700122402785,0.05545652343847597,0.05206472111942043,-0.04078308747451534,0.41883572963231414,0.49131187084095373,0.412992396804142,-0.0031947414446525406,-0.08768364732477356,-0.08943208798562713,-0.08374490489227195,-0.016805202911691127,0.011275099871987852,0.005945907318781606,0.0014188498662411622,0.005048411778190221,-0.0009039773984625324,0.0016989527403988968,0.005510715986496997,0.05389199147607002,-0.04629595413355616,0.012257694525849898,0.5382958977411078,0.42948100040792603,0.09279371602686837,0.31334677355990265,0.6244986794289361,0.6100136349325886,-0.006213885852729589,0.003873239528933266,0.03361464215810158,0.09174985170764222,0.5307103534871148,0.5738193160039072,-0.02404717222852027,-0.01694818996151178,0.0019047684776932932,0.01219717113699713,-0.0711522415407242,-0.5299082570828912,-0.04956924875727192,-0.004168782026291945,0.03553418663687035,0.011736002057485513,-0.011522177050802546,-0.008921575432724904,-0.3158601514457325,-0.023583852641127733,0.027275309188189198,0.07037296943572878,-0.2514373732221984,0.25211339814570705,0.07255033661849411,0.3053847245101484,0.022616483364865013,-0.2500998870820683,0.04469682407068797,0.01662239737397999,0.0016417066524147639,0.005067473199622495,0.008709696420643403,-0.0646159834301498,-0.07293936556493097,0.07998885807744226,-0.0060941202675424385,0.05338400254600217,-0.004586865471220918,-0.3865603531877366,-0.02740299018983673,-0.2564836824558272,-0.016461818240143977,0.6227020246486321,-0.03723129147203351,-0.0041746607577583155,0.009723949777034575,0.04517109811586289,0.02715705495519027
Waardenburg syndrome,-0.025052094514353796,-0.01011803863394804,-0.03761230096873169,-0.04718393195844156,-0.3305475780928145,-0.02785899908779029,-0.02351899109147992,0.2249334125100694,-0.21066550301930206,0.0104297626330416,-0.039186703493811925,0.3850659275921144,-0.03744048650874963,-0.20426585168423073,-0.010197291684167007,-0.013876334757668269,-0.013602541243706606,0.40729546443196385,-0.04858022873092252,-0.021531632682736754,-0.017543020741099685,0.0072667343527091435,-0.05764992133887154,-0.18874239422120256,-0.054626972451350383,0.03599291521923384,-0.04539151901618496,-0.04307269175956933,-0.03996590370219684,-0.022649809649878585,0.009813520625189332,0.04363510078050803,0.049024526770479734,-0.02058802065032962,0.030943574412452757,0.03404799552733261,0.036211025876936836,-0.045014708359623345,0.0006498107342193463,-0.002757479089893278,-0.006527204424112788,0.012892054039139,0.01119906257512802,0.00919911829193125,0.009282619419707682,0.0067925227109614465,0.004042571944531727,-0.02004198915459439,0.0256970747501808,0.027668619815645185,0.028535095242076737,-0.03607877631781441,0.05063597249734139,0.3026019990426953,0.2909590801033089,-0.2777486683552901,0.02050608942369825,0.01731697108907893,0.013035752648890482,-0.1163696599009858,0.03742332208772932,0.007996781192892734,0.0035885438422933054,-0.0012775258540356947,-0.005324134455159218,-0.003647312261918281,-0.0016351566969593197,-0.0047078937248290036,-0.18351262828104334,-0.014802071250060798,0.39080843799592085,0.3105114201261888,0.5194038849354926,0.4443965417678091,0.3978574217237695,0.43019267969409675,0.07688462184014681,-0.26371381830948154,0.04349221545774061,0.5194038849354926,0.4970748899886958,0.5873459304045662,0.01938747638428332,-0.16669011514073387,-0.05491006448054064,-0.04307016144990854,-0.02953120002607627,-0.27029474066781634,-0.1519357540216093,0.28057526796046867,0.01747888217219865,0.01378446363384092,-0.01877640377355702,-0.04022913300024775,-0.4928969116452943,-0.007747704858927434,0.1990164475624914,-0.05231352620988624,-0.3420491041368029,-0.04379899631501728,-0.04756485532507517,-0.03223895510167955,-0.03635862747530127,0.008632288649680697,0.038497001296103936,-0.026011925918710266,0.011960415542017143,0.014704922519526488,0.017015248476093817,0.024579994008864105,0.03567399627222627,0.45904797434370814,0.048952459200845504,-0.02795287190263638,0.04857368316314345,-0.02081542358797527,0.04857817113050173,0.0434049590359009,0.02247281155336146,0.4968918960332258,0.013794006328915705,-0.29297343983932667,0.022112453855691324,0.016766597531129378,0.01605201675766684
XIA-GIBBS SYNDROME; XIGIS,0.01943388964718768,-0.0525171448102804,-0.02089112022431999,-0.029307425332844046,-0.01645627009647283,0.014418430401177722,-0.032632583833157716,0.24941878242030074,-0.23035333843528016,-0.03524372783943103,0.03728960452889249,0.04765283363591522,0.016630618802706068,-0.04128879108399654,-0.012910270971022727,-0.012153042921210588,-0.008411474957815562,-0.011811662671466792,-0.035548770688488295,-0.013634252013717157,0.005072389025247371,0.020654758149035918,0.00630952412969719,0.012911275167565843,0.017262470325459963,0.03708837119407958,-0.02067820529112102,-0.01954262467692015,-0.017659927225078344,-0.03753437240632111,0.010241231380978134,0.0404647561916042,0.04224486096793613,-0.02599310613693579,0.031428398843465946,0.03051437745364214,0.028026726534888274,-0.02016578733572284,0.029362758201263616,0.025017075483347744,0.01995834795297691,0.020152596726563724,0.015898302554667555,0.011351302610613696,0.021521565090912288,0.01713131486856323,0.012543112839484234,-0.013748995737482131,0.02679616892476688,0.024130589397038774,0.020740298909676783,-0.036972353214533744,0.030743748899380963,0.04503324997241919,0.04065584600989291,0.0017494614787262447,-0.033227874972289614,-0.04767867428729951,-0.05646007356093374,-0.028829593425502197,0.013848477005799826,0.010437951763466798,0.006108628369984704,0.0008490223621178677,-0.003618410754172426,-0.002401795774097635,-0.0010711691017024783,-0.00718549328502577,-0.03364025188133104,0.02842564990748713,0.06687822691344382,-0.028909297930228985,0.2546437804059338,-0.04981410471456485,0.039799472868400895,0.01931419388686287,0.009713173972100647,-0.05255448758266511,0.05501218647011287,0.2546437804059338,-0.0026973216166917913,0.04943825682839304,0.029681210157665793,-0.008973282503027525,-0.05888952665346679,-0.04228351328874411,-0.05609356079288501,-0.04647084792822537,-0.030046883660993114,-0.0034972471671038635,0.0293006960268425,0.0272791634370742,-0.04460655214883304,-0.01703635161691126,0.01624810955496266,0.023849613852206082,-0.01706543190243371,0.00606389552946731,-0.0040741503917322815,0.014390915974878848,0.008522752026880144,0.02873202438913642,-0.006083331201018692,-0.042929369622275934,0.05417283899013233,0.0034368003316456734,0.02762041378892523,0.0342140469829384,0.03918015393483131,-0.06671960209025929,-0.0423168823369848,-0.0285795758732157,-0.025027076868349225,0.03828194736425967,0.012489399584475695,-0.05007118250548782,-0.05067614665854471,-0.06939348465310614,-0.02959486663861333,0.03901798707993413,0.07331207461205591,-0.05071293299287289,-0.008090286412846212,-0.0041036119227821685,0.011385370991501529
YOU-HOOVER-FONG SYNDROME; YHFS,0.010016234112702626,-0.033314059801346066,0.013748270117801878,-0.044756178910730395,-0.031123445961740107,0.018679769839388183,-0.0674366966754571,0.004957205354646335,0.011082087059215604,-0.04032452358195921,0.014673328254517407,-0.04563642027821133,0.006544125642463672,-0.0008690572518584358,-0.019859576490209134,-0.047540296254060706,-0.058311097090921304,-0.04158208633802305,-0.009995339351024878,-0.04127346561314064,-0.054058667892071914,0.007356834206296221,-0.050215513354812384,-0.039111570075922863,-0.024641899167503253,0.028104078974476955,-0.03511274386163659,-0.0450341783376313,-0.054144265036708585,-0.0062177985727918566,-0.058296375222829024,-0.06509322785179478,-0.025088934349392338,0.06264780140191772,0.003174036569741336,0.009761866567735575,0.018786723452978635,0.010806780470656415,0.0009344632548730088,-0.0008831073348580262,-0.002845970085979913,0.004828463585983116,0.007965444387396735,0.011848927944647805,0.004596922613388078,0.005383463683258971,0.006162173175588703,0.05754195098383518,0.004253132885571766,0.010771960371727339,0.020375675299184114,-0.0036903195484574497,-0.004798695108451901,0.012922218482501012,0.03398062768260945,-0.0051673905299790485,0.020171266204909173,0.022034115366633637,0.023567947754108205,-0.03742847298451192,0.012061691329867374,0.007926945034897766,0.003567892292307019,0.00850399305066509,-0.007101720495870474,-0.004495111595654201,-0.0013905295345556096,0.016437278607478973,-0.031112102071587863,0.014289013636309978,-0.014739926824303298,-0.019429534964099025,0.07571598067943666,-0.020380825004476886,-0.01550368407587845,-0.018124733824125158,0.012351088401056764,0.0058786443699321905,-0.05008100424419067,0.07647055179831619,-0.07059365742045969,-0.04506116385805222,-0.057130423535805865,-0.0448204744688531,-0.05553497864165968,-0.07878294773709296,-0.005920871797425222,0.0030665153571080767,-0.0046788622178365775,-0.04849980608123521,-0.03026595374344321,-0.01878160473333344,-0.03195674604955488,-0.024348999556664863,0.03417093470299554,0.03843224081680287,-0.060065447869369196,0.02505123204075025,0.08189056884604541,0.029641053767566795,0.02358253226454786,0.013751409426532399,-0.0031147819809834356,-0.011143305080415097,0.025533261122112738,0.009004858793965845,-0.029001205875063277,-0.031458933185732736,-0.03493237757239527,-0.0762823322731976,-0.01580653401097201,-0.06577916247796757,-0.07081300264453282,-0.002907585283302169,-0.06889838100282764,-0.06633992065957084,-0.07872191975299318,-0.08516775166735388,-0.08297255321674624,-0.026827500138383763,0.028441356814416764,-0.03976719298895963,-0.06697348942112233,-0.052484399625686656,-0.037364137878248715
YWHAZ,0.06227247219513212,0.03967085242039191,-0.07668317237551686,-0.010437010892763828,-0.2516892270618775,-0.06327505872979433,-0.0918185847078618,0.0004449714834058373,-0.000662571167281526,-0.10794877876527795,0.08988612921751093,0.07216057585705306,-0.0527128287534747,-0.07817106987482485,0.05888259836019007,0.07455839873762918,0.06833806185704557,0.10302961570439596,-0.08173845994067311,0.029193997343741354,0.03199867569025764,-0.0074159338811401986,0.012173364935540519,0.017184675145041028,0.019387650955175386,-0.05148272650774011,0.026773070625081954,0.02562394913301457,0.024065833650694455,-0.08631755001706404,0.42240137556307755,0.6271889721404078,0.3668293028731622,-0.049557309692150955,0.06176160064486189,0.05639628046700819,0.04926510905129807,-0.04202515779957164,0.04607492751043842,0.04393597969570612,0.039721744991116095,0.03247318391167546,0.031178991320925185,0.027683744487731515,0.03567356187818499,0.034033247261277336,0.03213134783962043,-0.035506634823980705,0.049189313068804134,0.043756098531760365,0.039722874856086866,-0.07323474506052514,0.06765794031590841,0.0684430242045385,0.04407243877716038,-0.07268851875360538,-0.0013248776877176564,-0.0029111361619746806,-0.004116560767091788,-0.02238262746059714,0.000348297691046911,0.00017560470324990134,4.570441659537343e-06,0.0010020567939916375,0.007435142914361169,0.008205545923674912,0.008480908947677121,-0.4087586127448073,-0.08230664835842946,-0.04491131984970293,0.04336888905983176,-0.02304575732481794,-0.01651719071802741,0.05816195170114233,0.10547995981875889,0.1015032452490514,-0.018021879410233192,0.04322294468222404,-0.007225037504818686,-0.017367307301297756,0.10188220127188276,0.07932448554945411,-0.025108284506969766,0.00681963207352869,-0.028722805090702373,-0.03514685772736547,-0.4115433282541184,-0.4097036196524771,0.006235906935221707,-0.007217317626202843,0.04706675070483123,0.060504049774631995,-0.07111367646308434,-0.00442319394302702,-0.34269142169866096,-0.03613853573413035,0.021092615676614947,0.07514873424116185,0.035692293875184807,0.08315508518696518,0.08040367947079642,0.05562611304070718,0.07624304059588637,0.01453601461481849,0.29048261622518406,-0.04638151791045195,0.6247421530609854,0.500541800780752,0.49801490370062523,-0.007343269624661276,-0.0970726706429655,0.3384751650941386,-0.03814241196035519,0.39030365263470307,0.07759587057542201,-0.029997434085457898,0.03298924825117006,-0.04513387014215155,0.0637570531214248,0.3437633528919533,0.08776012512805625,-0.004256215120822488,0.07350942068729667,0.07208591205592119,0.06884421966938523
ZTTK SYNDROME; ZTTKS,0.02409579709854023,0.03026251572289534,-0.011593333699163816,-0.007362026292377469,-0.0385695620765525,-0.02530241860594641,-0.20454348053392193,0.21893524701611025,-0.17471974264534212,-0.18763651630839506,0.04695885264252122,0.04490143216839491,0.06122848375395863,-0.033273970923762,0.005329930198840519,0.016350338107389617,0.023083918678338488,0.011743715864163102,-0.0361677613589423,0.0164888322809083,0.030705664822961335,0.0011125773296811448,0.01396406050372903,0.02201538963372764,0.027159626442140112,0.006194663586688043,-0.009433998338618367,-0.00773302423526346,-0.006123625188600539,-0.0346428110080818,0.2296541582498411,0.32228511356477596,0.2156652588408797,-0.020432204730496534,0.05071741669949313,0.04679958539037858,0.04156376491970405,-0.027585661793216705,0.2587050660910407,0.19227058592561283,0.052510175773004375,0.038526514323586204,0.03781036395651545,0.03583562427186628,0.042798348259183626,0.041238060447390645,0.03793351955222764,-0.01762378217507632,0.04460259525627982,0.04211306961502602,0.039089816834404725,-0.025082559933891375,0.035737941489396,0.034402129016967924,0.018747131241799938,-0.0022152732339607894,-0.022056149874647712,-0.03327128430449089,-0.0416073212176101,-0.029514963353486915,0.0006231028238596736,-0.001940615045846982,-0.0053831820945417184,0.0015482658059041803,0.008826476455916495,0.011484268836872572,0.013583766291554854,-0.17266224252106463,-0.0291343528744379,0.020074134959454877,0.2860028885245321,0.03243212902008207,0.2900846961837799,0.00276286212264532,0.30335024985191184,0.26011937101699717,0.03636279761229232,0.02379984354066796,0.031160268553682677,0.2900846961837799,0.22529260367502169,0.16196888304495716,-0.03542881937034624,-0.0094304573599256,-0.04312643195162461,-0.03466157764365654,-0.032304837673409366,-0.18894321401056813,-0.034001161174778215,0.020481424745838393,0.17755706643516203,0.17263619863676316,-0.027197081311614225,-0.0002579611538075332,-0.05384586619664634,-0.017837974660125454,0.007743341338140612,0.04670499674165818,-0.00029499902983722107,0.05574580882565929,0.050068270703661565,0.05973202941666369,0.021738370875576007,-0.017772143302766705,0.03769710664353505,-0.09893649602754839,0.3225705663200137,0.3197247752985672,0.31286269156676794,-0.018459119223580744,-0.05070192555472458,0.040228153550144946,-0.02223559297684976,0.1828243496870159,0.04639163241737818,-0.01974399059748512,0.004624943227836314,-0.04374116000837861,0.023893860509189426,0.26805313804075404,0.05028640426487565,-0.022608510182075013,0.02567791353303742,0.034537522533647884,0.048203628767578444
Zimmermann-Laband syndrome,-0.0077792400160559515,0.020493119817757487,-0.00960593417890587,-0.0251854447765799,-0.05604128093402875,-0.019437682357828244,-0.0698717328369005,0.030793250598945655,-0.00036634581112553926,-0.02235845760151927,0.015177179960585277,0.24425410428472563,-0.028546616419322227,-0.03459624030343054,0.002215641989311202,0.011506008907605543,0.018645299926099902,0.024821091171701278,-0.04311106328697033,-0.004042969955858372,-0.003112856423988398,0.0017880583811991767,0.004863245360314909,4.095755129422434e-05,-0.0040755225976585084,-0.00844607071003517,-0.015208473938778114,-0.009883896432870512,-0.0054709089589864614,-0.05060971401756449,0.033639385808602186,0.066758702035403,0.05690366588386542,-0.021513656302117618,-0.006957299445498755,-0.005750939192341482,-0.00437481952711663,-0.02682638693674342,-0.004343184625558869,-0.002828813830121501,-0.001338657085530283,-0.0066608796346063984,-0.0040180693495945365,-0.0016352802382376436,-0.005097227029042015,-0.0034261739895022625,-0.0017771091878081304,-0.01700803546248103,-0.0075242339021137075,-0.00509622209777679,-0.0027372846682349617,-0.045197523345016685,-0.008750340697676703,-0.010338857826118165,-0.007734687992784843,-0.2509258511988128,0.0022279948804201314,0.00522974115627044,0.008057418260504877,-0.014274259425338479,-0.001771509158874363,-0.0028695068714888533,-0.0036904772633273796,0.0017397194905510035,0.008933013240118323,0.010408551695233852,0.010972402302064806,-0.30527622937609017,-0.059643484379962176,0.0026081296924978592,-0.006751049846257804,-0.013729907044465627,0.02151904187695126,0.0010307018039343498,-0.013967761330018634,-0.010781827984771909,-0.02660631732546952,0.002261701659142235,0.0227310229147462,0.020965740076476707,0.0244250757280861,0.004805887838494917,0.0038373238800037805,0.007262269062049841,-0.06186647801392742,-0.056883098038831834,-0.0024063905271914125,0.006570626821545677,-0.0264212009089135,-0.03739916248973576,0.03248905430635292,0.04091472393599022,-0.04250234280692732,-0.013816253084172959,-0.06676378253320517,-0.005930871120673765,0.03282328412198337,-0.019401359976731654,-0.00237983663975824,-0.014356232576433666,-0.015505845810149592,-0.020125299501560064,-0.010365000242181758,0.022583905987283902,0.05871789215637196,-0.056920552015128564,0.10738533035164277,0.11088642092648067,0.11352596181987351,0.0206724016579489,-0.02039831371475714,0.06504274173378397,-0.0007739927948148596,0.04434273899319381,0.280659106954332,0.014535542524143618,0.0458543749719072,0.0035077546326669398,0.0725104329686032,0.001742807668820225,0.0831842972250552,-0.034699638667480166,0.034320920516624984,0.01776098105287443,0.03285123594040731
